Spline approximation: mean deviation 0.03m, maximum deviation 0.09m
INFO: IPOPT initial guess taken from /Users/emcphilliamy/Desktop/University_of_Illinois/SigRobotics/F1Tenth/raceline_optimization/autodrive_lines/autodrive_roboracer/mincurv.csv (|n| mean 0.459m, max 0.885m)
CasADi - 2026-10-04 13:15:41 MESSAGE("nlp::init") [.../casadi/core/function_internal.cpp:576]
CasADi - 2026-10-04 13:15:41 MESSAGE("nlp::init") [.../casadi/core/x_function.hpp:348]
CasADi - 2026-10-04 13:15:41 MESSAGE("nlp::init") [.../casadi/core/mx_function.cpp:118]
CasADi - 2026-10-04 13:15:41 MESSAGE("Using live variables: work array is 1250 instead of 28370") [.../casadi/core/mx_function.cpp:346]
CasADi - 2026-10-04 13:15:41 MESSAGE("solver::init") [.../casadi/core/function_internal.cpp:576]
CasADi - 2026-10-04 13:15:41 MESSAGE("nlp::init") [.../casadi/core/function_internal.cpp:576]
CasADi - 2026-10-04 13:15:41 MESSAGE("nlp::init") [.../casadi/core/x_function.hpp:348]
CasADi - 2026-10-04 13:15:41 MESSAGE("nlp::init") [.../casadi/core/sx_function.cpp:517]
CasADi - 2026-10-04 13:15:41 MESSAGE("Using live variables: work array is 3779 instead of 182832") [.../casadi/core/sx_function.cpp:800]
CasADi - 2026-10-04 13:15:41 MESSAGE("182832 elementary operations") [.../casadi/core/sx_function.cpp:882]
CasADi - 2026-10-04 13:15:41 MESSAGE("solver::create_function nlp_grad:[x, p, lam:f, lam:g]->[f, g, grad:gamma:x, grad:gamma:p]") [.../casadi/core/oracle_function.cpp:242]
CasADi - 2026-10-04 13:15:41 MESSAGE("reverse_temp::init") [.../casadi/core/function_internal.cpp:576]
CasADi - 2026-10-04 13:15:41 MESSAGE("reverse_temp::init") [.../casadi/core/x_function.hpp:348]
CasADi - 2026-10-04 13:15:41 MESSAGE("reverse_temp::init") [.../casadi/core/sx_function.cpp:517]
CasADi - 2026-10-04 13:15:41 MESSAGE("Using live variables: work array is 3782 instead of 192446") [.../casadi/core/sx_function.cpp:800]
CasADi - 2026-10-04 13:15:41 MESSAGE("192446 elementary operations") [.../casadi/core/sx_function.cpp:882]
CasADi - 2026-10-04 13:15:41 MESSAGE("reverse_temp::ad_reverse") [.../casadi/core/sx_function.cpp:1416]
CasADi - 2026-10-04 13:15:41 MESSAGE("Evaluating algorithm forward") [.../casadi/core/sx_function.cpp:1474]
CasADi - 2026-10-04 13:15:41 MESSAGE("Calculating adjoint derivatives") [.../casadi/core/sx_function.cpp:1495]
CasADi - 2026-10-04 13:15:41 MESSAGE("reverse_temp::init") [.../casadi/core/function_internal.cpp:576]
CasADi - 2026-10-04 13:15:41 MESSAGE("reverse_temp::init") [.../casadi/core/x_function.hpp:348]
CasADi - 2026-10-04 13:15:41 MESSAGE("reverse_temp::init") [.../casadi/core/sx_function.cpp:517]
CasADi - 2026-10-04 13:15:42 MESSAGE("Using live variables: work array is 3782 instead of 192446") [.../casadi/core/sx_function.cpp:800]
CasADi - 2026-10-04 13:15:42 MESSAGE("192446 elementary operations") [.../casadi/core/sx_function.cpp:882]
CasADi - 2026-10-04 13:15:42 MESSAGE("reverse_temp::ad_reverse") [.../casadi/core/sx_function.cpp:1416]
CasADi - 2026-10-04 13:15:42 MESSAGE("Evaluating algorithm forward") [.../casadi/core/sx_function.cpp:1474]
CasADi - 2026-10-04 13:15:42 MESSAGE("Calculating adjoint derivatives") [.../casadi/core/sx_function.cpp:1495]
CasADi - 2026-10-04 13:15:42 MESSAGE("nlp_grad::init") [.../casadi/core/function_internal.cpp:576]
CasADi - 2026-10-04 13:15:42 MESSAGE("nlp_grad::init") [.../casadi/core/x_function.hpp:348]
CasADi - 2026-10-04 13:15:42 MESSAGE("nlp_grad::init") [.../casadi/core/sx_function.cpp:517]
CasADi - 2026-10-04 13:15:42 MESSAGE("Using live variables: work array is 56207 instead of 427893") [.../casadi/core/sx_function.cpp:800]
CasADi - 2026-10-04 13:15:42 MESSAGE("427893 elementary operations") [.../casadi/core/sx_function.cpp:882]
CasADi - 2026-10-04 13:15:42 MESSAGE("solver::create_function nlp_f:[x, p]->[f]") [.../casadi/core/oracle_function.cpp:242]
CasADi - 2026-10-04 13:15:42 MESSAGE("nlp_f::init") [.../casadi/core/function_internal.cpp:576]
CasADi - 2026-10-04 13:15:42 MESSAGE("nlp_f::init") [.../casadi/core/x_function.hpp:348]
CasADi - 2026-10-04 13:15:42 MESSAGE("nlp_f::init") [.../casadi/core/sx_function.cpp:517]
CasADi - 2026-10-04 13:15:42 MESSAGE("Using live variables: work array is 14 instead of 9334") [.../casadi/core/sx_function.cpp:800]
CasADi - 2026-10-04 13:15:42 MESSAGE("9334 elementary operations") [.../casadi/core/sx_function.cpp:882]
CasADi - 2026-10-04 13:15:42 MESSAGE("solver::create_function nlp_g:[x, p]->[g]") [.../casadi/core/oracle_function.cpp:242]
CasADi - 2026-10-04 13:15:42 MESSAGE("nlp_g::init") [.../casadi/core/function_internal.cpp:576]
CasADi - 2026-10-04 13:15:42 MESSAGE("nlp_g::init") [.../casadi/core/x_function.hpp:348]
CasADi - 2026-10-04 13:15:42 MESSAGE("nlp_g::init") [.../casadi/core/sx_function.cpp:517]
CasADi - 2026-10-04 13:15:42 MESSAGE("Using live variables: work array is 102 instead of 180014") [.../casadi/core/sx_function.cpp:800]
CasADi - 2026-10-04 13:15:42 MESSAGE("180014 elementary operations") [.../casadi/core/sx_function.cpp:882]
CasADi - 2026-10-04 13:15:42 MESSAGE("solver::create_function nlp_grad_f:[x, p]->[f, grad:f:x]") [.../casadi/core/oracle_function.cpp:242]
CasADi - 2026-10-04 13:15:42 MESSAGE("reverse_temp::init") [.../casadi/core/function_internal.cpp:576]
CasADi - 2026-10-04 13:15:42 MESSAGE("reverse_temp::init") [.../casadi/core/x_function.hpp:348]
CasADi - 2026-10-04 13:15:42 MESSAGE("reverse_temp::init") [.../casadi/core/sx_function.cpp:517]
CasADi - 2026-10-04 13:15:42 MESSAGE("Using live variables: work array is 14 instead of 9334") [.../casadi/core/sx_function.cpp:800]
CasADi - 2026-10-04 13:15:42 MESSAGE("9334 elementary operations") [.../casadi/core/sx_function.cpp:882]
CasADi - 2026-10-04 13:15:42 MESSAGE("reverse_temp::ad_reverse") [.../casadi/core/sx_function.cpp:1416]
CasADi - 2026-10-04 13:15:42 MESSAGE("Evaluating algorithm forward") [.../casadi/core/sx_function.cpp:1474]
CasADi - 2026-10-04 13:15:42 MESSAGE("Calculating adjoint derivatives") [.../casadi/core/sx_function.cpp:1495]
CasADi - 2026-10-04 13:15:42 MESSAGE("nlp_grad_f::init") [.../casadi/core/function_internal.cpp:576]
CasADi - 2026-10-04 13:15:42 MESSAGE("nlp_grad_f::init") [.../casadi/core/x_function.hpp:348]
CasADi - 2026-10-04 13:15:42 MESSAGE("nlp_grad_f::init") [.../casadi/core/sx_function.cpp:517]
CasADi - 2026-10-04 13:15:42 MESSAGE("Using live variables: work array is 3132 instead of 19728") [.../casadi/core/sx_function.cpp:800]
CasADi - 2026-10-04 13:15:42 MESSAGE("19728 elementary operations") [.../casadi/core/sx_function.cpp:882]
CasADi - 2026-10-04 13:15:42 MESSAGE("solver::create_function nlp_jac_g:[x, p]->[g, jac:g:x]") [.../casadi/core/oracle_function.cpp:242]
CasADi - 2026-10-04 13:15:42 MESSAGE("jac_helper::init") [.../casadi/core/function_internal.cpp:576]
CasADi - 2026-10-04 13:15:42 MESSAGE("jac_helper::init") [.../casadi/core/x_function.hpp:348]
CasADi - 2026-10-04 13:15:42 MESSAGE("jac_helper::init") [.../casadi/core/sx_function.cpp:517]
CasADi - 2026-10-04 13:15:42 MESSAGE("Using live variables: work array is 102 instead of 180014") [.../casadi/core/sx_function.cpp:800]
CasADi - 2026-10-04 13:15:42 MESSAGE("180014 elementary operations") [.../casadi/core/sx_function.cpp:882]
CasADi - 2026-10-04 13:15:42 MESSAGE("Block size: 4806 x 3725") [.../casadi/core/function_internal.cpp:1732]
CasADi - 2026-10-04 13:15:42 MESSAGE("Coloring on 1x1 (fwd seeps: 1 , adj sweeps: 1)") [.../casadi/core/function_internal.cpp:1754]
CasADi - 2026-10-04 13:15:42 MESSAGE("Forward mode chosen (fwd cost: 1825.25, adj cost: 2451.06)") [.../casadi/core/function_internal.cpp:1765]
CasADi - 2026-10-04 13:15:42 MESSAGE("Block size: 76 x 59") [.../casadi/core/function_internal.cpp:1732]
CasADi - 2026-10-04 13:15:42 MESSAGE("Coloring on 64x64 (fwd seeps: 4 , adj sweeps: 64)") [.../casadi/core/function_internal.cpp:1754]
CasADi - 2026-10-04 13:15:42 MESSAGE("Forward mode chosen (fwd cost: 115.64, adj cost: 116.28)") [.../casadi/core/function_internal.cpp:1765]
CasADi - 2026-10-04 13:15:42 MESSAGE("Block size: 2 x 1") [.../casadi/core/function_internal.cpp:1732]
CasADi - 2026-10-04 13:15:42 MESSAGE("Coloring on 3725x2412 (fwd seeps: 24 , adj sweeps: 2412)") [.../casadi/core/function_internal.cpp:1754]
CasADi - 2026-10-04 13:15:42 MESSAGE("Forward mode chosen (fwd cost: 11.76, adj cost: 17.34)") [.../casadi/core/function_internal.cpp:1765]
CasADi - 2026-10-04 13:15:42 MESSAGE("Number of sweeps: 6") [.../casadi/core/function_internal.cpp:1965]
CasADi - 2026-10-04 13:15:42 MESSAGE("Formed Jacobian sparsity pattern (dimension [3725,4806], 35799 (0.199968 %) nonzeros.") [.../casadi/core/function_internal.cpp:1967]
CasADi - 2026-10-04 13:15:42 MESSAGE("Allocated return value") [.../casadi/core/x_function.hpp:490]
CasADi - 2026-10-04 13:15:42 MESSAGE("jac_helper::get_partition") [.../casadi/core/function_internal.cpp:2129]
CasADi - 2026-10-04 13:15:42 MESSAGE("Unidirectional coloring (forward mode)") [.../casadi/core/function_internal.cpp:2179]
CasADi - 2026-10-04 13:15:42 MESSAGE("Forward mode coloring completed: 22 directional derivatives needed (3725 without coloring).") [.../casadi/core/function_internal.cpp:2193]
CasADi - 2026-10-04 13:15:42 MESSAGE("Unidirectional coloring (adjoint mode)") [.../casadi/core/function_internal.cpp:2199]
CasADi - 2026-10-04 13:15:42 MESSAGE("Adjoint mode coloring interrupted (more than 10 needed).") [.../casadi/core/function_internal.cpp:2208]
CasADi - 2026-10-04 13:15:42 MESSAGE("Graph coloring completed") [.../casadi/core/x_function.hpp:501]
CasADi - 2026-10-04 13:15:42 MESSAGE("jac transposes and mapping") [.../casadi/core/x_function.hpp:534]
CasADi - 2026-10-04 13:15:42 MESSAGE("1 sweeps needed for 22 forward and 0 reverse directions") [.../casadi/core/x_function.hpp:561]
CasADi - 2026-10-04 13:15:42 MESSAGE("0 %") [.../casadi/core/x_function.hpp:575]
CasADi - 2026-10-04 13:15:42 MESSAGE("Calling 'ad_forward'") [.../casadi/core/x_function.hpp:666]
CasADi - 2026-10-04 13:15:42 MESSAGE("jac_helper::ad_forward") [.../casadi/core/sx_function.cpp:1238]
CasADi - 2026-10-04 13:15:42 MESSAGE("jac_helper::ad_forward") [.../casadi/core/sx_function.cpp:1238]
CasADi - 2026-10-04 13:15:42 MESSAGE("Evaluating algorithm forward") [.../casadi/core/sx_function.cpp:1289]
CasADi - 2026-10-04 13:15:42 MESSAGE("Calculating forward derivatives") [.../casadi/core/sx_function.cpp:1313]
CasADi - 2026-10-04 13:15:42 MESSAGE("Back from 'ad_forward'") [.../casadi/core/x_function.hpp:668]
CasADi - 2026-10-04 13:15:42 MESSAGE("nlp_jac_g::init") [.../casadi/core/function_internal.cpp:576]
CasADi - 2026-10-04 13:15:42 MESSAGE("nlp_jac_g::init") [.../casadi/core/x_function.hpp:348]
CasADi - 2026-10-04 13:15:42 MESSAGE("nlp_jac_g::init") [.../casadi/core/sx_function.cpp:517]
CasADi - 2026-10-04 13:15:42 MESSAGE("Using live variables: work array is 54753 instead of 595902") [.../casadi/core/sx_function.cpp:800]
CasADi - 2026-10-04 13:15:42 MESSAGE("595902 elementary operations") [.../casadi/core/sx_function.cpp:882]
CasADi - 2026-10-04 13:15:42 MESSAGE("solver::create_function nlp_hess_l:[x, p, lam:f, lam:g]->[triu:hess:gamma:x:x]") [.../casadi/core/oracle_function.cpp:242]
CasADi - 2026-10-04 13:15:42 MESSAGE("jac_helper::init") [.../casadi/core/function_internal.cpp:576]
CasADi - 2026-10-04 13:15:42 MESSAGE("jac_helper::init") [.../casadi/core/x_function.hpp:348]
CasADi - 2026-10-04 13:15:42 MESSAGE("jac_helper::init") [.../casadi/core/sx_function.cpp:517]
CasADi - 2026-10-04 13:15:42 MESSAGE("Using live variables: work array is 450 instead of 386492") [.../casadi/core/sx_function.cpp:800]
CasADi - 2026-10-04 13:15:42 MESSAGE("386492 elementary operations") [.../casadi/core/sx_function.cpp:882]
CasADi - 2026-10-04 13:15:42 MESSAGE("Block size: 3725") [.../casadi/core/function_internal.cpp:1480]
CasADi - 2026-10-04 13:15:42 MESSAGE("Star coloring on 1x1: 1 <-> 1") [.../casadi/core/function_internal.cpp:1493]
CasADi - 2026-10-04 13:15:42 MESSAGE("Block size: 59") [.../casadi/core/function_internal.cpp:1480]
CasADi - 2026-10-04 13:15:42 MESSAGE("Star coloring on 64x64: 3 <-> 64") [.../casadi/core/function_internal.cpp:1493]
CasADi - 2026-10-04 13:15:42 MESSAGE("Number of sweeps: 4") [.../casadi/core/function_internal.cpp:1663]
CasADi - 2026-10-04 13:15:42 MESSAGE("Formed Jacobian sparsity pattern (dimension [3725,3725], 43063 (0.31035 %) nonzeros.") [.../casadi/core/function_internal.cpp:1665]
CasADi - 2026-10-04 13:15:42 MESSAGE("Allocated return value") [.../casadi/core/x_function.hpp:490]
CasADi - 2026-10-04 13:15:42 MESSAGE("jac_helper::get_partition") [.../casadi/core/function_internal.cpp:2129]
CasADi - 2026-10-04 13:15:42 MESSAGE("FunctionInternal::getPartition star_coloring") [.../casadi/core/function_internal.cpp:2142]
CasADi - 2026-10-04 13:15:42 MESSAGE("Star coloring completed: 13 directional derivatives needed (3725 without coloring).") [.../casadi/core/function_internal.cpp:2147]
CasADi - 2026-10-04 13:15:42 MESSAGE("Graph coloring completed") [.../casadi/core/x_function.hpp:501]
CasADi - 2026-10-04 13:15:42 MESSAGE("jac transposes and mapping") [.../casadi/core/x_function.hpp:534]
CasADi - 2026-10-04 13:15:42 MESSAGE("1 sweeps needed for 13 forward and 0 reverse directions") [.../casadi/core/x_function.hpp:561]
CasADi - 2026-10-04 13:15:42 MESSAGE("0 %") [.../casadi/core/x_function.hpp:575]
CasADi - 2026-10-04 13:15:42 MESSAGE("Calling 'ad_forward'") [.../casadi/core/x_function.hpp:666]
CasADi - 2026-10-04 13:15:42 MESSAGE("jac_helper::ad_forward") [.../casadi/core/sx_function.cpp:1238]
CasADi - 2026-10-04 13:15:42 MESSAGE("jac_helper::ad_forward") [.../casadi/core/sx_function.cpp:1238]
CasADi - 2026-10-04 13:15:42 MESSAGE("Evaluating algorithm forward") [.../casadi/core/sx_function.cpp:1289]
CasADi - 2026-10-04 13:15:42 MESSAGE("Calculating forward derivatives") [.../casadi/core/sx_function.cpp:1313]
CasADi - 2026-10-04 13:15:43 MESSAGE("Back from 'ad_forward'") [.../casadi/core/x_function.hpp:668]
CasADi - 2026-10-04 13:15:43 MESSAGE("nlp_hess_l::init") [.../casadi/core/function_internal.cpp:576]
CasADi - 2026-10-04 13:15:43 MESSAGE("nlp_hess_l::init") [.../casadi/core/x_function.hpp:348]
CasADi - 2026-10-04 13:15:43 MESSAGE("nlp_hess_l::init") [.../casadi/core/sx_function.cpp:517]
CasADi - 2026-10-04 13:15:43 MESSAGE("Using live variables: work array is 889 instead of 1809266") [.../casadi/core/sx_function.cpp:800]
CasADi - 2026-10-04 13:15:43 MESSAGE("1809266 elementary operations") [.../casadi/core/sx_function.cpp:882]
There are 3725 variables and 4806 constraints.
Using exact Hessian

******************************************************************************
This program contains Ipopt, a library for large-scale nonlinear optimization.
 Ipopt is released as open source code under the Eclipse Public License (EPL).
         For more information visit https://github.com/coin-or/Ipopt
******************************************************************************

This is Ipopt version 3.14.19, running with linear solver MUMPS 5.8.2.

Number of nonzeros in equality constraint Jacobian...:    28685
Number of nonzeros in inequality constraint Jacobian.:     7114
Number of nonzeros in Lagrangian Hessian.............:    23081

CasADi - 2026-10-04 13:15:43 MESSAGE("nlp_grad_f::eval") [.../casadi/core/sx_function.cpp:77]
CasADi - 2026-10-04 13:15:43 MESSAGE("nlp_jac_g::eval") [.../casadi/core/sx_function.cpp:77]
CasADi - 2026-10-04 13:15:43 MESSAGE("nlp_g::eval") [.../casadi/core/sx_function.cpp:77]
CasADi - 2026-10-04 13:15:43 MESSAGE("nlp_jac_g::eval") [.../casadi/core/sx_function.cpp:77]
CasADi - 2026-10-04 13:15:43 MESSAGE("nlp_grad_f::eval") [.../casadi/core/sx_function.cpp:77]
Total number of variables............................:     3725
                     variables with only lower bounds:        0
                variables with lower and upper bounds:     1245
                     variables with only upper bounds:        0
Total number of equality constraints.................:     3260
Total number of inequality constraints...............:     1546
        inequality constraints with only lower bounds:      154
   inequality constraints with lower and upper bounds:      929
        inequality constraints with only upper bounds:      309

CasADi - 2026-10-04 13:15:43 MESSAGE("nlp_f::eval") [.../casadi/core/sx_function.cpp:77]
CasADi - 2026-10-04 13:15:43 MESSAGE("nlp_hess_l::eval") [.../casadi/core/sx_function.cpp:77]
iter    objective    inf_pr   inf_du lg(mu)  ||d||  lg(rg) alpha_du alpha_pr  ls
   0  1.3524404e+00 1.45e+00 7.06e-01  -1.0 0.00e+00    -  0.00e+00 0.00e+00   0
CasADi - 2026-10-04 13:15:43 MESSAGE("nlp_g::eval") [.../casadi/core/sx_function.cpp:77]
CasADi - 2026-10-04 13:15:43 MESSAGE("nlp_f::eval") [.../casadi/core/sx_function.cpp:77]
CasADi - 2026-10-04 13:15:43 MESSAGE("nlp_grad_f::eval") [.../casadi/core/sx_function.cpp:77]
CasADi - 2026-10-04 13:15:43 MESSAGE("nlp_jac_g::eval") [.../casadi/core/sx_function.cpp:77]
CasADi - 2026-10-04 13:15:43 MESSAGE("nlp_hess_l::eval") [.../casadi/core/sx_function.cpp:77]
   1  1.3504785e+00 1.44e+00 1.19e+03  -1.0 5.51e+00   4.0 1.69e-03 4.27e-03h  1
CasADi - 2026-10-04 13:15:43 MESSAGE("nlp_g::eval") [.../casadi/core/sx_function.cpp:77]
CasADi - 2026-10-04 13:15:43 MESSAGE("nlp_f::eval") [.../casadi/core/sx_function.cpp:77]
CasADi - 2026-10-04 13:15:43 MESSAGE("nlp_grad_f::eval") [.../casadi/core/sx_function.cpp:77]
CasADi - 2026-10-04 13:15:43 MESSAGE("nlp_jac_g::eval") [.../casadi/core/sx_function.cpp:77]
CasADi - 2026-10-04 13:15:43 MESSAGE("nlp_hess_l::eval") [.../casadi/core/sx_function.cpp:77]
   2  1.3509110e+00 1.44e+00 1.19e+03  -1.0 5.45e+00   3.5 3.60e-04 1.27e-04f  1
CasADi - 2026-10-04 13:15:43 MESSAGE("nlp_g::eval") [.../casadi/core/sx_function.cpp:77]
CasADi - 2026-10-04 13:15:43 MESSAGE("nlp_f::eval") [.../casadi/core/sx_function.cpp:77]
CasADi - 2026-10-04 13:15:43 MESSAGE("nlp_g::eval") [.../casadi/core/sx_function.cpp:77]
CasADi - 2026-10-04 13:15:43 MESSAGE("nlp_f::eval") [.../casadi/core/sx_function.cpp:77]
CasADi - 2026-10-04 13:15:43 MESSAGE("nlp_g::eval") [.../casadi/core/sx_function.cpp:77]
CasADi - 2026-10-04 13:15:43 MESSAGE("nlp_f::eval") [.../casadi/core/sx_function.cpp:77]
CasADi - 2026-10-04 13:15:43 MESSAGE("nlp_grad_f::eval") [.../casadi/core/sx_function.cpp:77]
CasADi - 2026-10-04 13:15:43 MESSAGE("nlp_jac_g::eval") [.../casadi/core/sx_function.cpp:77]
CasADi - 2026-10-04 13:15:43 MESSAGE("nlp_hess_l::eval") [.../casadi/core/sx_function.cpp:77]
   3  1.3509121e+00 1.44e+00 1.31e+03  -1.0 5.44e+00   3.9 6.75e-04 7.94e-07h  3
CasADi - 2026-10-04 13:15:43 MESSAGE("nlp_g::eval") [.../casadi/core/sx_function.cpp:77]
CasADi - 2026-10-04 13:15:43 MESSAGE("nlp_f::eval") [.../casadi/core/sx_function.cpp:77]
CasADi - 2026-10-04 13:15:43 MESSAGE("nlp_grad_f::eval") [.../casadi/core/sx_function.cpp:77]
CasADi - 2026-10-04 13:15:43 MESSAGE("nlp_jac_g::eval") [.../casadi/core/sx_function.cpp:77]
CasADi - 2026-10-04 13:15:43 MESSAGE("nlp_hess_l::eval") [.../casadi/core/sx_function.cpp:77]
   4  1.3509844e+00 1.44e+00 1.60e+03  -1.0 8.10e+00   3.5 4.70e-05 2.15e-05f  1
CasADi - 2026-10-04 13:15:43 MESSAGE("nlp_g::eval") [.../casadi/core/sx_function.cpp:77]
CasADi - 2026-10-04 13:15:43 MESSAGE("nlp_f::eval") [.../casadi/core/sx_function.cpp:77]
CasADi - 2026-10-04 13:15:43 MESSAGE("nlp_g::eval") [.../casadi/core/sx_function.cpp:77]
CasADi - 2026-10-04 13:15:43 MESSAGE("nlp_f::eval") [.../casadi/core/sx_function.cpp:77]
CasADi - 2026-10-04 13:15:43 MESSAGE("nlp_f::eval") [.../casadi/core/sx_function.cpp:77]
CasADi - 2026-10-04 13:15:43 MESSAGE("nlp_g::eval") [.../casadi/core/sx_function.cpp:77]
CasADi - 2026-10-04 13:15:43 MESSAGE("nlp_grad_f::eval") [.../casadi/core/sx_function.cpp:77]
CasADi - 2026-10-04 13:15:43 MESSAGE("nlp_jac_g::eval") [.../casadi/core/sx_function.cpp:77]
CasADi - 2026-10-04 13:15:43 MESSAGE("nlp_g::eval") [.../casadi/core/sx_function.cpp:77]
CasADi - 2026-10-04 13:15:43 MESSAGE("nlp_jac_g::eval") [.../casadi/core/sx_function.cpp:77]
CasADi - 2026-10-04 13:15:43 MESSAGE("nlp_f::eval") [.../casadi/core/sx_function.cpp:77]
   5r 1.3509844e+00 1.44e+00 9.99e+02   0.2 0.00e+00   4.8 0.00e+00 3.74e-07R  3
CasADi - 2026-10-04 13:15:43 MESSAGE("nlp_g::eval") [.../casadi/core/sx_function.cpp:77]
CasADi - 2026-10-04 13:15:43 MESSAGE("nlp_f::eval") [.../casadi/core/sx_function.cpp:77]
CasADi - 2026-10-04 13:15:43 MESSAGE("nlp_jac_g::eval") [.../casadi/core/sx_function.cpp:77]
   6r 1.5744314e+00 1.07e+00 1.00e+03   0.2 1.05e+03    -  8.43e-04 4.07e-04f  1
CasADi - 2026-10-04 13:15:43 MESSAGE("nlp_grad_f::eval") [.../casadi/core/sx_function.cpp:77]
CasADi - 2026-10-04 13:15:43 MESSAGE("nlp_hess_l::eval") [.../casadi/core/sx_function.cpp:77]
CasADi - 2026-10-04 13:15:43 MESSAGE("nlp_g::eval") [.../casadi/core/sx_function.cpp:77]
CasADi - 2026-10-04 13:15:43 MESSAGE("nlp_f::eval") [.../casadi/core/sx_function.cpp:77]
CasADi - 2026-10-04 13:15:43 MESSAGE("nlp_grad_f::eval") [.../casadi/core/sx_function.cpp:77]
CasADi - 2026-10-04 13:15:43 MESSAGE("nlp_jac_g::eval") [.../casadi/core/sx_function.cpp:77]
CasADi - 2026-10-04 13:15:43 MESSAGE("nlp_hess_l::eval") [.../casadi/core/sx_function.cpp:77]
   7  1.5759824e+00 1.07e+00 5.42e+01  -1.0 2.00e+01    -  3.17e-03 1.44e-03f  1
CasADi - 2026-10-04 13:15:43 MESSAGE("nlp_g::eval") [.../casadi/core/sx_function.cpp:77]
CasADi - 2026-10-04 13:15:43 MESSAGE("nlp_f::eval") [.../casadi/core/sx_function.cpp:77]
CasADi - 2026-10-04 13:15:43 MESSAGE("nlp_grad_f::eval") [.../casadi/core/sx_function.cpp:77]
CasADi - 2026-10-04 13:15:43 MESSAGE("nlp_jac_g::eval") [.../casadi/core/sx_function.cpp:77]
CasADi - 2026-10-04 13:15:43 MESSAGE("nlp_hess_l::eval") [.../casadi/core/sx_function.cpp:77]
   8  1.5760328e+00 1.07e+00 9.09e+02  -1.0 4.66e+00   4.3 1.91e-03 3.07e-05h  1
CasADi - 2026-10-04 13:15:43 MESSAGE("nlp_g::eval") [.../casadi/core/sx_function.cpp:77]
CasADi - 2026-10-04 13:15:43 MESSAGE("nlp_f::eval") [.../casadi/core/sx_function.cpp:77]
CasADi - 2026-10-04 13:15:43 MESSAGE("nlp_grad_f::eval") [.../casadi/core/sx_function.cpp:77]
CasADi - 2026-10-04 13:15:43 MESSAGE("nlp_jac_g::eval") [.../casadi/core/sx_function.cpp:77]
CasADi - 2026-10-04 13:15:43 MESSAGE("nlp_hess_l::eval") [.../casadi/core/sx_function.cpp:77]
   9  1.5762359e+00 1.07e+00 1.45e+04  -1.0 4.88e+00   3.8 3.89e-03 1.74e-04h  1
CasADi - 2026-10-04 13:15:43 MESSAGE("nlp_g::eval") [.../casadi/core/sx_function.cpp:77]
CasADi - 2026-10-04 13:15:43 MESSAGE("nlp_f::eval") [.../casadi/core/sx_function.cpp:77]
CasADi - 2026-10-04 13:15:43 MESSAGE("nlp_grad_f::eval") [.../casadi/core/sx_function.cpp:77]
CasADi - 2026-10-04 13:15:43 MESSAGE("nlp_jac_g::eval") [.../casadi/core/sx_function.cpp:77]
CasADi - 2026-10-04 13:15:43 MESSAGE("nlp_hess_l::eval") [.../casadi/core/sx_function.cpp:77]
iter    objective    inf_pr   inf_du lg(mu)  ||d||  lg(rg) alpha_du alpha_pr  ls
  10  1.5766472e+00 1.07e+00 2.12e+04  -1.0 1.08e+01   3.4 5.75e-04 2.80e-04h  1
CasADi - 2026-10-04 13:15:43 MESSAGE("nlp_g::eval") [.../casadi/core/sx_function.cpp:77]
CasADi - 2026-10-04 13:15:43 MESSAGE("nlp_f::eval") [.../casadi/core/sx_function.cpp:77]
CasADi - 2026-10-04 13:15:43 MESSAGE("nlp_g::eval") [.../casadi/core/sx_function.cpp:77]
CasADi - 2026-10-04 13:15:43 MESSAGE("nlp_f::eval") [.../casadi/core/sx_function.cpp:77]
CasADi - 2026-10-04 13:15:43 MESSAGE("nlp_g::eval") [.../casadi/core/sx_function.cpp:77]
CasADi - 2026-10-04 13:15:43 MESSAGE("nlp_f::eval") [.../casadi/core/sx_function.cpp:77]
CasADi - 2026-10-04 13:15:43 MESSAGE("nlp_f::eval") [.../casadi/core/sx_function.cpp:77]
CasADi - 2026-10-04 13:15:43 MESSAGE("nlp_g::eval") [.../casadi/core/sx_function.cpp:77]
CasADi - 2026-10-04 13:15:43 MESSAGE("nlp_grad_f::eval") [.../casadi/core/sx_function.cpp:77]
CasADi - 2026-10-04 13:15:43 MESSAGE("nlp_jac_g::eval") [.../casadi/core/sx_function.cpp:77]
CasADi - 2026-10-04 13:15:43 MESSAGE("nlp_g::eval") [.../casadi/core/sx_function.cpp:77]
CasADi - 2026-10-04 13:15:43 MESSAGE("nlp_jac_g::eval") [.../casadi/core/sx_function.cpp:77]
CasADi - 2026-10-04 13:15:43 MESSAGE("nlp_f::eval") [.../casadi/core/sx_function.cpp:77]
  11r 1.5766472e+00 1.07e+00 9.99e+02   0.0 0.00e+00   3.8 0.00e+00 4.70e-07R  4
CasADi - 2026-10-04 13:15:43 MESSAGE("nlp_g::eval") [.../casadi/core/sx_function.cpp:77]
CasADi - 2026-10-04 13:15:43 MESSAGE("nlp_f::eval") [.../casadi/core/sx_function.cpp:77]
CasADi - 2026-10-04 13:15:43 MESSAGE("nlp_jac_g::eval") [.../casadi/core/sx_function.cpp:77]
  12r 3.0447930e+00 1.94e-01 9.99e+02   0.0 6.98e+02    -  5.85e-04 1.41e-03f  1
CasADi - 2026-10-04 13:15:43 MESSAGE("nlp_grad_f::eval") [.../casadi/core/sx_function.cpp:77]
CasADi - 2026-10-04 13:15:43 MESSAGE("nlp_hess_l::eval") [.../casadi/core/sx_function.cpp:77]
CasADi - 2026-10-04 13:15:43 MESSAGE("nlp_g::eval") [.../casadi/core/sx_function.cpp:77]
CasADi - 2026-10-04 13:15:43 MESSAGE("nlp_f::eval") [.../casadi/core/sx_function.cpp:77]
CasADi - 2026-10-04 13:15:43 MESSAGE("nlp_grad_f::eval") [.../casadi/core/sx_function.cpp:77]
CasADi - 2026-10-04 13:15:43 MESSAGE("nlp_jac_g::eval") [.../casadi/core/sx_function.cpp:77]
CasADi - 2026-10-04 13:15:43 MESSAGE("nlp_hess_l::eval") [.../casadi/core/sx_function.cpp:77]
  13  3.0817115e+00 1.92e-01 9.52e+01  -1.0 1.03e+01    -  1.04e-02 1.42e-02f  1
CasADi - 2026-10-04 13:15:43 MESSAGE("nlp_g::eval") [.../casadi/core/sx_function.cpp:77]
CasADi - 2026-10-04 13:15:43 MESSAGE("nlp_f::eval") [.../casadi/core/sx_function.cpp:77]
CasADi - 2026-10-04 13:15:43 MESSAGE("nlp_grad_f::eval") [.../casadi/core/sx_function.cpp:77]
CasADi - 2026-10-04 13:15:43 MESSAGE("nlp_jac_g::eval") [.../casadi/core/sx_function.cpp:77]
CasADi - 2026-10-04 13:15:43 MESSAGE("nlp_hess_l::eval") [.../casadi/core/sx_function.cpp:77]
  14  3.1043055e+00 1.90e-01 1.07e+02  -1.0 8.67e+00    -  1.49e-02 6.39e-03f  1
CasADi - 2026-10-04 13:15:43 MESSAGE("nlp_g::eval") [.../casadi/core/sx_function.cpp:77]
CasADi - 2026-10-04 13:15:43 MESSAGE("nlp_f::eval") [.../casadi/core/sx_function.cpp:77]
CasADi - 2026-10-04 13:15:43 MESSAGE("nlp_grad_f::eval") [.../casadi/core/sx_function.cpp:77]
CasADi - 2026-10-04 13:15:43 MESSAGE("nlp_jac_g::eval") [.../casadi/core/sx_function.cpp:77]
CasADi - 2026-10-04 13:15:43 MESSAGE("nlp_hess_l::eval") [.../casadi/core/sx_function.cpp:77]
  15  3.1971628e+00 1.88e-01 9.48e+01  -1.0 1.15e+01    -  1.47e-02 1.31e-02f  1
CasADi - 2026-10-04 13:15:43 MESSAGE("nlp_g::eval") [.../casadi/core/sx_function.cpp:77]
CasADi - 2026-10-04 13:15:43 MESSAGE("nlp_f::eval") [.../casadi/core/sx_function.cpp:77]
CasADi - 2026-10-04 13:15:43 MESSAGE("nlp_grad_f::eval") [.../casadi/core/sx_function.cpp:77]
CasADi - 2026-10-04 13:15:43 MESSAGE("nlp_jac_g::eval") [.../casadi/core/sx_function.cpp:77]
CasADi - 2026-10-04 13:15:43 MESSAGE("nlp_hess_l::eval") [.../casadi/core/sx_function.cpp:77]
  16  3.7799101e+00 1.83e-01 1.01e+02  -1.0 8.84e+00    -  1.36e-02 2.64e-02f  1
CasADi - 2026-10-04 13:15:43 MESSAGE("nlp_g::eval") [.../casadi/core/sx_function.cpp:77]
CasADi - 2026-10-04 13:15:43 MESSAGE("nlp_f::eval") [.../casadi/core/sx_function.cpp:77]
CasADi - 2026-10-04 13:15:43 MESSAGE("nlp_grad_f::eval") [.../casadi/core/sx_function.cpp:77]
CasADi - 2026-10-04 13:15:43 MESSAGE("nlp_jac_g::eval") [.../casadi/core/sx_function.cpp:77]
CasADi - 2026-10-04 13:15:43 MESSAGE("nlp_hess_l::eval") [.../casadi/core/sx_function.cpp:77]
  17  1.1532809e+01 1.08e+01 8.69e+02  -1.0 3.24e+00    -  3.33e-02 1.17e-01f  1
CasADi - 2026-10-04 13:15:43 MESSAGE("nlp_g::eval") [.../casadi/core/sx_function.cpp:77]
CasADi - 2026-10-04 13:15:43 MESSAGE("nlp_f::eval") [.../casadi/core/sx_function.cpp:77]
CasADi - 2026-10-04 13:15:43 MESSAGE("nlp_grad_f::eval") [.../casadi/core/sx_function.cpp:77]
CasADi - 2026-10-04 13:15:43 MESSAGE("nlp_jac_g::eval") [.../casadi/core/sx_function.cpp:77]
CasADi - 2026-10-04 13:15:43 MESSAGE("nlp_hess_l::eval") [.../casadi/core/sx_function.cpp:77]
  18  1.1607089e+01 1.07e+01 7.68e+02  -1.0 6.52e-01   3.3 1.68e-02 8.47e-03h  1
CasADi - 2026-10-04 13:15:43 MESSAGE("nlp_g::eval") [.../casadi/core/sx_function.cpp:77]
CasADi - 2026-10-04 13:15:43 MESSAGE("nlp_f::eval") [.../casadi/core/sx_function.cpp:77]
CasADi - 2026-10-04 13:15:43 MESSAGE("nlp_grad_f::eval") [.../casadi/core/sx_function.cpp:77]
CasADi - 2026-10-04 13:15:43 MESSAGE("nlp_jac_g::eval") [.../casadi/core/sx_function.cpp:77]
CasADi - 2026-10-04 13:15:43 MESSAGE("nlp_hess_l::eval") [.../casadi/core/sx_function.cpp:77]
  19  1.1731982e+01 1.05e+01 2.11e+03  -1.0 6.40e-01   3.7 4.65e-02 1.38e-02h  1
CasADi - 2026-10-04 13:15:43 MESSAGE("nlp_g::eval") [.../casadi/core/sx_function.cpp:77]
CasADi - 2026-10-04 13:15:43 MESSAGE("nlp_f::eval") [.../casadi/core/sx_function.cpp:77]
CasADi - 2026-10-04 13:15:43 MESSAGE("nlp_grad_f::eval") [.../casadi/core/sx_function.cpp:77]
CasADi - 2026-10-04 13:15:43 MESSAGE("nlp_jac_g::eval") [.../casadi/core/sx_function.cpp:77]
CasADi - 2026-10-04 13:15:43 MESSAGE("nlp_hess_l::eval") [.../casadi/core/sx_function.cpp:77]
iter    objective    inf_pr   inf_du lg(mu)  ||d||  lg(rg) alpha_du alpha_pr  ls
  20  1.1738974e+01 1.05e+01 1.22e+04  -1.0 6.15e-01   4.2 7.20e-02 7.63e-04h  1
CasADi - 2026-10-04 13:15:43 MESSAGE("nlp_g::eval") [.../casadi/core/sx_function.cpp:77]
CasADi - 2026-10-04 13:15:43 MESSAGE("nlp_f::eval") [.../casadi/core/sx_function.cpp:77]
CasADi - 2026-10-04 13:15:43 MESSAGE("nlp_grad_f::eval") [.../casadi/core/sx_function.cpp:77]
CasADi - 2026-10-04 13:15:43 MESSAGE("nlp_jac_g::eval") [.../casadi/core/sx_function.cpp:77]
CasADi - 2026-10-04 13:15:43 MESSAGE("nlp_hess_l::eval") [.../casadi/core/sx_function.cpp:77]
  21  1.1778571e+01 1.05e+01 5.34e+04  -1.0 6.14e-01   4.6 7.30e-02 4.28e-03h  1
CasADi - 2026-10-04 13:15:43 MESSAGE("nlp_g::eval") [.../casadi/core/sx_function.cpp:77]
CasADi - 2026-10-04 13:15:43 MESSAGE("nlp_f::eval") [.../casadi/core/sx_function.cpp:77]
CasADi - 2026-10-04 13:15:43 MESSAGE("nlp_grad_f::eval") [.../casadi/core/sx_function.cpp:77]
CasADi - 2026-10-04 13:15:43 MESSAGE("nlp_jac_g::eval") [.../casadi/core/sx_function.cpp:77]
CasADi - 2026-10-04 13:15:43 MESSAGE("nlp_hess_l::eval") [.../casadi/core/sx_function.cpp:77]
  22  1.1820107e+01 1.04e+01 1.01e+05  -1.0 6.24e-01   5.0 2.68e-02 4.36e-03h  1
CasADi - 2026-10-04 13:15:43 MESSAGE("nlp_g::eval") [.../casadi/core/sx_function.cpp:77]
CasADi - 2026-10-04 13:15:43 MESSAGE("nlp_f::eval") [.../casadi/core/sx_function.cpp:77]
CasADi - 2026-10-04 13:15:43 MESSAGE("nlp_grad_f::eval") [.../casadi/core/sx_function.cpp:77]
CasADi - 2026-10-04 13:15:43 MESSAGE("nlp_jac_g::eval") [.../casadi/core/sx_function.cpp:77]
CasADi - 2026-10-04 13:15:43 MESSAGE("nlp_hess_l::eval") [.../casadi/core/sx_function.cpp:77]
  23  1.1878611e+01 1.04e+01 3.90e+05  -1.0 6.27e-01   5.4 5.04e-02 5.98e-03h  1
CasADi - 2026-10-04 13:15:43 MESSAGE("nlp_g::eval") [.../casadi/core/sx_function.cpp:77]
CasADi - 2026-10-04 13:15:43 MESSAGE("nlp_f::eval") [.../casadi/core/sx_function.cpp:77]
CasADi - 2026-10-04 13:15:43 MESSAGE("nlp_grad_f::eval") [.../casadi/core/sx_function.cpp:77]
CasADi - 2026-10-04 13:15:43 MESSAGE("nlp_jac_g::eval") [.../casadi/core/sx_function.cpp:77]
CasADi - 2026-10-04 13:15:43 MESSAGE("nlp_hess_l::eval") [.../casadi/core/sx_function.cpp:77]
  24  1.1886610e+01 1.04e+01 9.42e+05  -1.0 6.97e-01   5.9 2.61e-02 8.01e-04h  1
CasADi - 2026-10-04 13:15:43 MESSAGE("nlp_g::eval") [.../casadi/core/sx_function.cpp:77]
CasADi - 2026-10-04 13:15:43 MESSAGE("nlp_f::eval") [.../casadi/core/sx_function.cpp:77]
CasADi - 2026-10-04 13:15:43 MESSAGE("nlp_grad_f::eval") [.../casadi/core/sx_function.cpp:77]
CasADi - 2026-10-04 13:15:43 MESSAGE("nlp_jac_g::eval") [.../casadi/core/sx_function.cpp:77]
CasADi - 2026-10-04 13:15:43 MESSAGE("nlp_hess_l::eval") [.../casadi/core/sx_function.cpp:77]
  25  1.1951674e+01 1.03e+01 9.93e+05  -1.0 7.32e-01   5.4 1.57e-02 6.47e-03h  1
CasADi - 2026-10-04 13:15:43 MESSAGE("nlp_g::eval") [.../casadi/core/sx_function.cpp:77]
CasADi - 2026-10-04 13:15:43 MESSAGE("nlp_f::eval") [.../casadi/core/sx_function.cpp:77]
CasADi - 2026-10-04 13:15:43 MESSAGE("nlp_grad_f::eval") [.../casadi/core/sx_function.cpp:77]
CasADi - 2026-10-04 13:15:43 MESSAGE("nlp_jac_g::eval") [.../casadi/core/sx_function.cpp:77]
CasADi - 2026-10-04 13:15:43 MESSAGE("nlp_hess_l::eval") [.../casadi/core/sx_function.cpp:77]
  26  1.1971989e+01 1.03e+01 1.51e+06  -1.0 1.14e+00   5.8 3.46e-02 2.08e-03h  1
CasADi - 2026-10-04 13:15:43 MESSAGE("nlp_g::eval") [.../casadi/core/sx_function.cpp:77]
CasADi - 2026-10-04 13:15:43 MESSAGE("nlp_f::eval") [.../casadi/core/sx_function.cpp:77]
CasADi - 2026-10-04 13:15:43 MESSAGE("nlp_grad_f::eval") [.../casadi/core/sx_function.cpp:77]
CasADi - 2026-10-04 13:15:43 MESSAGE("nlp_jac_g::eval") [.../casadi/core/sx_function.cpp:77]
CasADi - 2026-10-04 13:15:43 MESSAGE("nlp_hess_l::eval") [.../casadi/core/sx_function.cpp:77]
  27  1.2016240e+01 1.02e+01 3.31e+06  -1.0 1.27e+00   6.2 4.24e-02 4.56e-03h  1
CasADi - 2026-10-04 13:15:43 MESSAGE("nlp_g::eval") [.../casadi/core/sx_function.cpp:77]
CasADi - 2026-10-04 13:15:43 MESSAGE("nlp_f::eval") [.../casadi/core/sx_function.cpp:77]
CasADi - 2026-10-04 13:15:43 MESSAGE("nlp_grad_f::eval") [.../casadi/core/sx_function.cpp:77]
CasADi - 2026-10-04 13:15:43 MESSAGE("nlp_jac_g::eval") [.../casadi/core/sx_function.cpp:77]
CasADi - 2026-10-04 13:15:43 MESSAGE("nlp_hess_l::eval") [.../casadi/core/sx_function.cpp:77]
  28  1.2055053e+01 1.02e+01 8.34e+06  -1.0 1.28e+00   6.7 3.98e-02 4.03e-03h  1
CasADi - 2026-10-04 13:15:43 MESSAGE("nlp_g::eval") [.../casadi/core/sx_function.cpp:77]
CasADi - 2026-10-04 13:15:43 MESSAGE("nlp_f::eval") [.../casadi/core/sx_function.cpp:77]
CasADi - 2026-10-04 13:15:43 MESSAGE("nlp_grad_f::eval") [.../casadi/core/sx_function.cpp:77]
CasADi - 2026-10-04 13:15:43 MESSAGE("nlp_jac_g::eval") [.../casadi/core/sx_function.cpp:77]
CasADi - 2026-10-04 13:15:43 MESSAGE("nlp_hess_l::eval") [.../casadi/core/sx_function.cpp:77]
  29  1.2108834e+01 1.01e+01 3.98e+07  -1.0 1.27e+00   7.1 9.65e-02 5.52e-03h  1
CasADi - 2026-10-04 13:15:44 MESSAGE("nlp_g::eval") [.../casadi/core/sx_function.cpp:77]
CasADi - 2026-10-04 13:15:44 MESSAGE("nlp_f::eval") [.../casadi/core/sx_function.cpp:77]
CasADi - 2026-10-04 13:15:44 MESSAGE("nlp_grad_f::eval") [.../casadi/core/sx_function.cpp:77]
CasADi - 2026-10-04 13:15:44 MESSAGE("nlp_jac_g::eval") [.../casadi/core/sx_function.cpp:77]
CasADi - 2026-10-04 13:15:44 MESSAGE("nlp_hess_l::eval") [.../casadi/core/sx_function.cpp:77]
iter    objective    inf_pr   inf_du lg(mu)  ||d||  lg(rg) alpha_du alpha_pr  ls
  30  1.2153740e+01 1.01e+01 6.63e+07  -1.0 1.25e+00   7.5 3.40e-02 4.52e-03h  1
CasADi - 2026-10-04 13:15:44 MESSAGE("nlp_g::eval") [.../casadi/core/sx_function.cpp:77]
CasADi - 2026-10-04 13:15:44 MESSAGE("nlp_f::eval") [.../casadi/core/sx_function.cpp:77]
CasADi - 2026-10-04 13:15:44 MESSAGE("nlp_grad_f::eval") [.../casadi/core/sx_function.cpp:77]
CasADi - 2026-10-04 13:15:44 MESSAGE("nlp_jac_g::eval") [.../casadi/core/sx_function.cpp:77]
CasADi - 2026-10-04 13:15:44 MESSAGE("nlp_hess_l::eval") [.../casadi/core/sx_function.cpp:77]
  31  1.2165382e+01 1.01e+01 1.22e+08  -1.0 1.25e+00   8.0 1.70e-02 1.16e-03h  1
CasADi - 2026-10-04 13:15:44 MESSAGE("nlp_g::eval") [.../casadi/core/sx_function.cpp:77]
CasADi - 2026-10-04 13:15:44 MESSAGE("nlp_f::eval") [.../casadi/core/sx_function.cpp:77]
CasADi - 2026-10-04 13:15:44 MESSAGE("nlp_grad_f::eval") [.../casadi/core/sx_function.cpp:77]
CasADi - 2026-10-04 13:15:44 MESSAGE("nlp_jac_g::eval") [.../casadi/core/sx_function.cpp:77]
CasADi - 2026-10-04 13:15:44 MESSAGE("nlp_hess_l::eval") [.../casadi/core/sx_function.cpp:77]
  32  1.2279927e+01 9.97e+00 1.09e+08  -1.0 1.25e+00   7.5 8.15e-03 1.11e-02h  1
CasADi - 2026-10-04 13:15:44 MESSAGE("nlp_g::eval") [.../casadi/core/sx_function.cpp:77]
CasADi - 2026-10-04 13:15:44 MESSAGE("nlp_f::eval") [.../casadi/core/sx_function.cpp:77]
CasADi - 2026-10-04 13:15:44 MESSAGE("nlp_grad_f::eval") [.../casadi/core/sx_function.cpp:77]
CasADi - 2026-10-04 13:15:44 MESSAGE("nlp_jac_g::eval") [.../casadi/core/sx_function.cpp:77]
CasADi - 2026-10-04 13:15:44 MESSAGE("nlp_hess_l::eval") [.../casadi/core/sx_function.cpp:77]
  33  1.2295422e+01 9.96e+00 1.40e+08  -1.0 1.22e+00   7.9 6.35e-03 1.52e-03h  1
CasADi - 2026-10-04 13:15:44 MESSAGE("nlp_g::eval") [.../casadi/core/sx_function.cpp:77]
CasADi - 2026-10-04 13:15:44 MESSAGE("nlp_f::eval") [.../casadi/core/sx_function.cpp:77]
CasADi - 2026-10-04 13:15:44 MESSAGE("nlp_grad_f::eval") [.../casadi/core/sx_function.cpp:77]
CasADi - 2026-10-04 13:15:44 MESSAGE("nlp_jac_g::eval") [.../casadi/core/sx_function.cpp:77]
CasADi - 2026-10-04 13:15:44 MESSAGE("nlp_hess_l::eval") [.../casadi/core/sx_function.cpp:77]
  34  1.2301398e+01 9.95e+00 1.69e+08  -1.0 1.22e+00   8.3 2.24e-03 5.93e-04h  1
CasADi - 2026-10-04 13:15:44 MESSAGE("nlp_g::eval") [.../casadi/core/sx_function.cpp:77]
CasADi - 2026-10-04 13:15:44 MESSAGE("nlp_f::eval") [.../casadi/core/sx_function.cpp:77]
CasADi - 2026-10-04 13:15:44 MESSAGE("nlp_grad_f::eval") [.../casadi/core/sx_function.cpp:77]
CasADi - 2026-10-04 13:15:44 MESSAGE("nlp_jac_g::eval") [.../casadi/core/sx_function.cpp:77]
CasADi - 2026-10-04 13:15:44 MESSAGE("nlp_hess_l::eval") [.../casadi/core/sx_function.cpp:77]
  35  1.2310963e+01 9.94e+00 2.90e+08  -1.0 1.21e+00   8.8 3.53e-03 9.56e-04h  1
CasADi - 2026-10-04 13:15:44 MESSAGE("nlp_g::eval") [.../casadi/core/sx_function.cpp:77]
CasADi - 2026-10-04 13:15:44 MESSAGE("nlp_f::eval") [.../casadi/core/sx_function.cpp:77]
CasADi - 2026-10-04 13:15:44 MESSAGE("nlp_grad_f::eval") [.../casadi/core/sx_function.cpp:77]
CasADi - 2026-10-04 13:15:44 MESSAGE("nlp_jac_g::eval") [.../casadi/core/sx_function.cpp:77]
CasADi - 2026-10-04 13:15:44 MESSAGE("nlp_hess_l::eval") [.../casadi/core/sx_function.cpp:77]
  36  1.2332759e+01 9.92e+00 3.01e+08  -1.0 1.22e+00   8.3 3.01e-03 2.17e-03h  1
CasADi - 2026-10-04 13:15:44 MESSAGE("nlp_g::eval") [.../casadi/core/sx_function.cpp:77]
CasADi - 2026-10-04 13:15:44 MESSAGE("nlp_f::eval") [.../casadi/core/sx_function.cpp:77]
CasADi - 2026-10-04 13:15:44 MESSAGE("nlp_grad_f::eval") [.../casadi/core/sx_function.cpp:77]
CasADi - 2026-10-04 13:15:44 MESSAGE("nlp_jac_g::eval") [.../casadi/core/sx_function.cpp:77]
CasADi - 2026-10-04 13:15:44 MESSAGE("nlp_hess_l::eval") [.../casadi/core/sx_function.cpp:77]
  37  1.2333977e+01 9.92e+00 5.39e+08  -1.0 1.21e+00   8.7 5.91e-03 1.23e-04h  1
CasADi - 2026-10-04 13:15:44 MESSAGE("nlp_g::eval") [.../casadi/core/sx_function.cpp:77]
CasADi - 2026-10-04 13:15:44 MESSAGE("nlp_f::eval") [.../casadi/core/sx_function.cpp:77]
CasADi - 2026-10-04 13:15:44 MESSAGE("nlp_grad_f::eval") [.../casadi/core/sx_function.cpp:77]
CasADi - 2026-10-04 13:15:44 MESSAGE("nlp_jac_g::eval") [.../casadi/core/sx_function.cpp:77]
CasADi - 2026-10-04 13:15:44 MESSAGE("nlp_hess_l::eval") [.../casadi/core/sx_function.cpp:77]
  38  1.2358262e+01 9.89e+00 6.00e+08  -1.0 1.22e+00   8.2 7.35e-03 2.44e-03h  1
CasADi - 2026-10-04 13:15:44 MESSAGE("nlp_g::eval") [.../casadi/core/sx_function.cpp:77]
CasADi - 2026-10-04 13:15:44 MESSAGE("nlp_f::eval") [.../casadi/core/sx_function.cpp:77]
CasADi - 2026-10-04 13:15:44 MESSAGE("nlp_grad_f::eval") [.../casadi/core/sx_function.cpp:77]
CasADi - 2026-10-04 13:15:44 MESSAGE("nlp_jac_g::eval") [.../casadi/core/sx_function.cpp:77]
CasADi - 2026-10-04 13:15:44 MESSAGE("nlp_hess_l::eval") [.../casadi/core/sx_function.cpp:77]
  39  1.2359086e+01 9.89e+00 8.76e+08  -1.0 1.21e+00   8.7 7.85e-03 8.34e-05h  1
CasADi - 2026-10-04 13:15:44 MESSAGE("nlp_g::eval") [.../casadi/core/sx_function.cpp:77]
CasADi - 2026-10-04 13:15:44 MESSAGE("nlp_f::eval") [.../casadi/core/sx_function.cpp:77]
CasADi - 2026-10-04 13:15:44 MESSAGE("nlp_grad_f::eval") [.../casadi/core/sx_function.cpp:77]
CasADi - 2026-10-04 13:15:44 MESSAGE("nlp_jac_g::eval") [.../casadi/core/sx_function.cpp:77]
CasADi - 2026-10-04 13:15:44 MESSAGE("nlp_hess_l::eval") [.../casadi/core/sx_function.cpp:77]
iter    objective    inf_pr   inf_du lg(mu)  ||d||  lg(rg) alpha_du alpha_pr  ls
  40  1.2419345e+01 9.83e+00 9.17e+08  -1.0 1.24e+00   8.2 1.10e-02 6.01e-03h  1
CasADi - 2026-10-04 13:15:44 MESSAGE("nlp_g::eval") [.../casadi/core/sx_function.cpp:77]
CasADi - 2026-10-04 13:15:44 MESSAGE("nlp_f::eval") [.../casadi/core/sx_function.cpp:77]
CasADi - 2026-10-04 13:15:44 MESSAGE("nlp_grad_f::eval") [.../casadi/core/sx_function.cpp:77]
CasADi - 2026-10-04 13:15:44 MESSAGE("nlp_jac_g::eval") [.../casadi/core/sx_function.cpp:77]
CasADi - 2026-10-04 13:15:44 MESSAGE("nlp_hess_l::eval") [.../casadi/core/sx_function.cpp:77]
  41  1.2424969e+01 9.83e+00 1.18e+09  -1.0 1.28e+00   8.6 9.57e-03 5.75e-04h  1
CasADi - 2026-10-04 13:15:44 MESSAGE("nlp_g::eval") [.../casadi/core/sx_function.cpp:77]
CasADi - 2026-10-04 13:15:44 MESSAGE("nlp_f::eval") [.../casadi/core/sx_function.cpp:77]
CasADi - 2026-10-04 13:15:44 MESSAGE("nlp_grad_f::eval") [.../casadi/core/sx_function.cpp:77]
CasADi - 2026-10-04 13:15:44 MESSAGE("nlp_jac_g::eval") [.../casadi/core/sx_function.cpp:77]
CasADi - 2026-10-04 13:15:44 MESSAGE("nlp_hess_l::eval") [.../casadi/core/sx_function.cpp:77]
  42  1.2441797e+01 9.81e+00 1.57e+09  -1.0 1.22e+00   9.0 6.56e-03 1.72e-03h  1
CasADi - 2026-10-04 13:15:44 MESSAGE("nlp_g::eval") [.../casadi/core/sx_function.cpp:77]
CasADi - 2026-10-04 13:15:44 MESSAGE("nlp_f::eval") [.../casadi/core/sx_function.cpp:77]
CasADi - 2026-10-04 13:15:44 MESSAGE("nlp_grad_f::eval") [.../casadi/core/sx_function.cpp:77]
CasADi - 2026-10-04 13:15:44 MESSAGE("nlp_jac_g::eval") [.../casadi/core/sx_function.cpp:77]
CasADi - 2026-10-04 13:15:44 MESSAGE("nlp_hess_l::eval") [.../casadi/core/sx_function.cpp:77]
  43  1.2447923e+01 9.80e+00 2.61e+09  -1.0 1.22e+00   9.5 5.43e-03 6.34e-04h  1
CasADi - 2026-10-04 13:15:44 MESSAGE("nlp_g::eval") [.../casadi/core/sx_function.cpp:77]
CasADi - 2026-10-04 13:15:44 MESSAGE("nlp_f::eval") [.../casadi/core/sx_function.cpp:77]
CasADi - 2026-10-04 13:15:44 MESSAGE("nlp_grad_f::eval") [.../casadi/core/sx_function.cpp:77]
CasADi - 2026-10-04 13:15:44 MESSAGE("nlp_jac_g::eval") [.../casadi/core/sx_function.cpp:77]
CasADi - 2026-10-04 13:15:44 MESSAGE("nlp_hess_l::eval") [.../casadi/core/sx_function.cpp:77]
  44  1.2453347e+01 9.80e+00 6.60e+09  -1.0 1.21e+00   9.9 7.38e-03 5.71e-04h  1
CasADi - 2026-10-04 13:15:44 MESSAGE("nlp_g::eval") [.../casadi/core/sx_function.cpp:77]
CasADi - 2026-10-04 13:15:44 MESSAGE("nlp_f::eval") [.../casadi/core/sx_function.cpp:77]
CasADi - 2026-10-04 13:15:44 MESSAGE("nlp_grad_f::eval") [.../casadi/core/sx_function.cpp:77]
CasADi - 2026-10-04 13:15:44 MESSAGE("nlp_jac_g::eval") [.../casadi/core/sx_function.cpp:77]
CasADi - 2026-10-04 13:15:44 MESSAGE("nlp_hess_l::eval") [.../casadi/core/sx_function.cpp:77]
  45  1.2454171e+01 9.80e+00 6.67e+09  -1.0 1.97e+01   9.4 1.55e-03 9.57e-05h  1
CasADi - 2026-10-04 13:15:45 MESSAGE("nlp_g::eval") [.../casadi/core/sx_function.cpp:77]
CasADi - 2026-10-04 13:15:45 MESSAGE("nlp_f::eval") [.../casadi/core/sx_function.cpp:77]
CasADi - 2026-10-04 13:15:45 MESSAGE("nlp_g::eval") [.../casadi/core/sx_function.cpp:77]
CasADi - 2026-10-04 13:15:45 MESSAGE("nlp_f::eval") [.../casadi/core/sx_function.cpp:77]
CasADi - 2026-10-04 13:15:45 MESSAGE("nlp_g::eval") [.../casadi/core/sx_function.cpp:77]
CasADi - 2026-10-04 13:15:45 MESSAGE("nlp_f::eval") [.../casadi/core/sx_function.cpp:77]
CasADi - 2026-10-04 13:15:45 MESSAGE("nlp_g::eval") [.../casadi/core/sx_function.cpp:77]
CasADi - 2026-10-04 13:15:45 MESSAGE("nlp_f::eval") [.../casadi/core/sx_function.cpp:77]
CasADi - 2026-10-04 13:15:45 MESSAGE("nlp_f::eval") [.../casadi/core/sx_function.cpp:77]
CasADi - 2026-10-04 13:15:45 MESSAGE("nlp_g::eval") [.../casadi/core/sx_function.cpp:77]
CasADi - 2026-10-04 13:15:45 MESSAGE("nlp_grad_f::eval") [.../casadi/core/sx_function.cpp:77]
CasADi - 2026-10-04 13:15:45 MESSAGE("nlp_jac_g::eval") [.../casadi/core/sx_function.cpp:77]
CasADi - 2026-10-04 13:15:45 MESSAGE("nlp_g::eval") [.../casadi/core/sx_function.cpp:77]
CasADi - 2026-10-04 13:15:45 MESSAGE("nlp_jac_g::eval") [.../casadi/core/sx_function.cpp:77]
CasADi - 2026-10-04 13:15:45 MESSAGE("nlp_f::eval") [.../casadi/core/sx_function.cpp:77]
  46r 1.2454171e+01 9.80e+00 1.00e+03   1.0 0.00e+00   9.8 0.00e+00 3.63e-07R  5
CasADi - 2026-10-04 13:15:45 MESSAGE("nlp_g::eval") [.../casadi/core/sx_function.cpp:77]
CasADi - 2026-10-04 13:15:45 MESSAGE("nlp_f::eval") [.../casadi/core/sx_function.cpp:77]
CasADi - 2026-10-04 13:15:45 MESSAGE("nlp_jac_g::eval") [.../casadi/core/sx_function.cpp:77]
  47r 1.2441133e+01 5.13e+00 1.10e+03   1.0 8.60e+03    -  6.33e-04 5.11e-04f  1
CasADi - 2026-10-04 13:15:45 MESSAGE("nlp_grad_f::eval") [.../casadi/core/sx_function.cpp:77]
CasADi - 2026-10-04 13:15:45 MESSAGE("nlp_hess_l::eval") [.../casadi/core/sx_function.cpp:77]
CasADi - 2026-10-04 13:15:45 MESSAGE("nlp_g::eval") [.../casadi/core/sx_function.cpp:77]
CasADi - 2026-10-04 13:15:45 MESSAGE("nlp_f::eval") [.../casadi/core/sx_function.cpp:77]
CasADi - 2026-10-04 13:15:45 MESSAGE("nlp_grad_f::eval") [.../casadi/core/sx_function.cpp:77]
CasADi - 2026-10-04 13:15:45 MESSAGE("nlp_jac_g::eval") [.../casadi/core/sx_function.cpp:77]
CasADi - 2026-10-04 13:15:45 MESSAGE("nlp_hess_l::eval") [.../casadi/core/sx_function.cpp:77]
  48  1.2466343e+01 5.11e+00 7.79e+01  -1.0 6.89e+00    -  7.00e-04 3.99e-03f  1
CasADi - 2026-10-04 13:15:45 MESSAGE("nlp_g::eval") [.../casadi/core/sx_function.cpp:77]
CasADi - 2026-10-04 13:15:45 MESSAGE("nlp_f::eval") [.../casadi/core/sx_function.cpp:77]
CasADi - 2026-10-04 13:15:45 MESSAGE("nlp_grad_f::eval") [.../casadi/core/sx_function.cpp:77]
CasADi - 2026-10-04 13:15:45 MESSAGE("nlp_jac_g::eval") [.../casadi/core/sx_function.cpp:77]
CasADi - 2026-10-04 13:15:45 MESSAGE("nlp_hess_l::eval") [.../casadi/core/sx_function.cpp:77]
  49  1.2473520e+01 5.10e+00 1.24e+06  -1.0 5.23e-01   9.3 2.55e-01 8.61e-04h  1
CasADi - 2026-10-04 13:15:45 MESSAGE("nlp_g::eval") [.../casadi/core/sx_function.cpp:77]
CasADi - 2026-10-04 13:15:45 MESSAGE("nlp_f::eval") [.../casadi/core/sx_function.cpp:77]
CasADi - 2026-10-04 13:15:45 MESSAGE("nlp_g::eval") [.../casadi/core/sx_function.cpp:77]
CasADi - 2026-10-04 13:15:45 MESSAGE("nlp_f::eval") [.../casadi/core/sx_function.cpp:77]
CasADi - 2026-10-04 13:15:45 MESSAGE("nlp_g::eval") [.../casadi/core/sx_function.cpp:77]
CasADi - 2026-10-04 13:15:45 MESSAGE("nlp_f::eval") [.../casadi/core/sx_function.cpp:77]
CasADi - 2026-10-04 13:15:45 MESSAGE("nlp_g::eval") [.../casadi/core/sx_function.cpp:77]
CasADi - 2026-10-04 13:15:45 MESSAGE("nlp_f::eval") [.../casadi/core/sx_function.cpp:77]
CasADi - 2026-10-04 13:15:45 MESSAGE("nlp_g::eval") [.../casadi/core/sx_function.cpp:77]
CasADi - 2026-10-04 13:15:45 MESSAGE("nlp_f::eval") [.../casadi/core/sx_function.cpp:77]
CasADi - 2026-10-04 13:15:45 MESSAGE("nlp_f::eval") [.../casadi/core/sx_function.cpp:77]
CasADi - 2026-10-04 13:15:45 MESSAGE("nlp_g::eval") [.../casadi/core/sx_function.cpp:77]
CasADi - 2026-10-04 13:15:45 MESSAGE("nlp_grad_f::eval") [.../casadi/core/sx_function.cpp:77]
CasADi - 2026-10-04 13:15:45 MESSAGE("nlp_jac_g::eval") [.../casadi/core/sx_function.cpp:77]
CasADi - 2026-10-04 13:15:45 MESSAGE("nlp_g::eval") [.../casadi/core/sx_function.cpp:77]
CasADi - 2026-10-04 13:15:45 MESSAGE("nlp_jac_g::eval") [.../casadi/core/sx_function.cpp:77]
CasADi - 2026-10-04 13:15:45 MESSAGE("nlp_f::eval") [.../casadi/core/sx_function.cpp:77]
iter    objective    inf_pr   inf_du lg(mu)  ||d||  lg(rg) alpha_du alpha_pr  ls
  50r 1.2473520e+01 5.10e+00 9.99e+02   0.7 0.00e+00   8.9 0.00e+00 2.76e-07R  6
CasADi - 2026-10-04 13:15:45 MESSAGE("nlp_g::eval") [.../casadi/core/sx_function.cpp:77]
CasADi - 2026-10-04 13:15:45 MESSAGE("nlp_f::eval") [.../casadi/core/sx_function.cpp:77]
CasADi - 2026-10-04 13:15:45 MESSAGE("nlp_jac_g::eval") [.../casadi/core/sx_function.cpp:77]
  51r 1.2684510e+01 2.39e+00 1.09e+03   0.7 4.87e+03    -  1.22e-03 6.08e-04f  1
CasADi - 2026-10-04 13:15:45 MESSAGE("nlp_grad_f::eval") [.../casadi/core/sx_function.cpp:77]
CasADi - 2026-10-04 13:15:45 MESSAGE("nlp_hess_l::eval") [.../casadi/core/sx_function.cpp:77]
CasADi - 2026-10-04 13:15:45 MESSAGE("nlp_g::eval") [.../casadi/core/sx_function.cpp:77]
CasADi - 2026-10-04 13:15:45 MESSAGE("nlp_f::eval") [.../casadi/core/sx_function.cpp:77]
CasADi - 2026-10-04 13:15:45 MESSAGE("nlp_grad_f::eval") [.../casadi/core/sx_function.cpp:77]
CasADi - 2026-10-04 13:15:45 MESSAGE("nlp_jac_g::eval") [.../casadi/core/sx_function.cpp:77]
CasADi - 2026-10-04 13:15:45 MESSAGE("nlp_hess_l::eval") [.../casadi/core/sx_function.cpp:77]
  52  1.2699286e+01 2.39e+00 1.16e+02  -1.0 7.04e+00    -  1.31e-02 1.31e-03f  1
CasADi - 2026-10-04 13:15:45 MESSAGE("nlp_g::eval") [.../casadi/core/sx_function.cpp:77]
CasADi - 2026-10-04 13:15:45 MESSAGE("nlp_f::eval") [.../casadi/core/sx_function.cpp:77]
CasADi - 2026-10-04 13:15:45 MESSAGE("nlp_grad_f::eval") [.../casadi/core/sx_function.cpp:77]
CasADi - 2026-10-04 13:15:45 MESSAGE("nlp_jac_g::eval") [.../casadi/core/sx_function.cpp:77]
CasADi - 2026-10-04 13:15:45 MESSAGE("nlp_hess_l::eval") [.../casadi/core/sx_function.cpp:77]
  53  1.3002613e+01 2.31e+00 3.43e+02  -1.0 1.10e+00    -  8.56e-02 3.87e-02f  1
CasADi - 2026-10-04 13:15:45 MESSAGE("nlp_g::eval") [.../casadi/core/sx_function.cpp:77]
CasADi - 2026-10-04 13:15:45 MESSAGE("nlp_f::eval") [.../casadi/core/sx_function.cpp:77]
CasADi - 2026-10-04 13:15:45 MESSAGE("nlp_grad_f::eval") [.../casadi/core/sx_function.cpp:77]
CasADi - 2026-10-04 13:15:45 MESSAGE("nlp_jac_g::eval") [.../casadi/core/sx_function.cpp:77]
CasADi - 2026-10-04 13:15:45 MESSAGE("nlp_hess_l::eval") [.../casadi/core/sx_function.cpp:77]
  54  1.3419643e+01 2.20e+00 8.12e+02  -1.0 2.30e+00    -  1.52e-01 7.25e-02f  1
CasADi - 2026-10-04 13:15:45 MESSAGE("nlp_g::eval") [.../casadi/core/sx_function.cpp:77]
CasADi - 2026-10-04 13:15:45 MESSAGE("nlp_f::eval") [.../casadi/core/sx_function.cpp:77]
CasADi - 2026-10-04 13:15:45 MESSAGE("nlp_grad_f::eval") [.../casadi/core/sx_function.cpp:77]
CasADi - 2026-10-04 13:15:45 MESSAGE("nlp_jac_g::eval") [.../casadi/core/sx_function.cpp:77]
CasADi - 2026-10-04 13:15:45 MESSAGE("nlp_hess_l::eval") [.../casadi/core/sx_function.cpp:77]
  55  1.3559006e+01 2.14e+00 1.02e+03  -1.0 1.37e+00    -  6.68e-02 3.29e-02f  1
CasADi - 2026-10-04 13:15:45 MESSAGE("nlp_g::eval") [.../casadi/core/sx_function.cpp:77]
CasADi - 2026-10-04 13:15:45 MESSAGE("nlp_f::eval") [.../casadi/core/sx_function.cpp:77]
CasADi - 2026-10-04 13:15:45 MESSAGE("nlp_grad_f::eval") [.../casadi/core/sx_function.cpp:77]
CasADi - 2026-10-04 13:15:45 MESSAGE("nlp_jac_g::eval") [.../casadi/core/sx_function.cpp:77]
CasADi - 2026-10-04 13:15:45 MESSAGE("nlp_hess_l::eval") [.../casadi/core/sx_function.cpp:77]
  56  1.3729636e+01 2.07e+00 1.12e+03  -1.0 1.24e+00    -  6.23e-02 4.21e-02h  1
CasADi - 2026-10-04 13:15:45 MESSAGE("nlp_g::eval") [.../casadi/core/sx_function.cpp:77]
CasADi - 2026-10-04 13:15:45 MESSAGE("nlp_f::eval") [.../casadi/core/sx_function.cpp:77]
CasADi - 2026-10-04 13:15:45 MESSAGE("nlp_grad_f::eval") [.../casadi/core/sx_function.cpp:77]
CasADi - 2026-10-04 13:15:45 MESSAGE("nlp_jac_g::eval") [.../casadi/core/sx_function.cpp:77]
CasADi - 2026-10-04 13:15:45 MESSAGE("nlp_hess_l::eval") [.../casadi/core/sx_function.cpp:77]
  57  1.3865333e+01 2.02e+00 1.16e+03  -1.0 5.05e+00    -  4.36e-02 3.41e-02h  1
CasADi - 2026-10-04 13:15:45 MESSAGE("nlp_g::eval") [.../casadi/core/sx_function.cpp:77]
CasADi - 2026-10-04 13:15:45 MESSAGE("nlp_f::eval") [.../casadi/core/sx_function.cpp:77]
CasADi - 2026-10-04 13:15:45 MESSAGE("nlp_grad_f::eval") [.../casadi/core/sx_function.cpp:77]
CasADi - 2026-10-04 13:15:45 MESSAGE("nlp_jac_g::eval") [.../casadi/core/sx_function.cpp:77]
CasADi - 2026-10-04 13:15:45 MESSAGE("nlp_hess_l::eval") [.../casadi/core/sx_function.cpp:77]
  58  1.3970870e+01 1.99e+00 9.04e+06  -1.0 2.80e-01   8.4 9.98e-03 1.57e-02h  1
CasADi - 2026-10-04 13:15:45 MESSAGE("nlp_g::eval") [.../casadi/core/sx_function.cpp:77]
CasADi - 2026-10-04 13:15:45 MESSAGE("nlp_f::eval") [.../casadi/core/sx_function.cpp:77]
CasADi - 2026-10-04 13:15:45 MESSAGE("nlp_grad_f::eval") [.../casadi/core/sx_function.cpp:77]
CasADi - 2026-10-04 13:15:45 MESSAGE("nlp_jac_g::eval") [.../casadi/core/sx_function.cpp:77]
CasADi - 2026-10-04 13:15:45 MESSAGE("nlp_hess_l::eval") [.../casadi/core/sx_function.cpp:77]
  59  1.3971922e+01 1.98e+00 9.04e+06  -1.0 2.68e-01   7.9 1.18e-01 1.59e-04h  1
CasADi - 2026-10-04 13:15:45 MESSAGE("nlp_g::eval") [.../casadi/core/sx_function.cpp:77]
CasADi - 2026-10-04 13:15:45 MESSAGE("nlp_f::eval") [.../casadi/core/sx_function.cpp:77]
CasADi - 2026-10-04 13:15:45 MESSAGE("nlp_grad_f::eval") [.../casadi/core/sx_function.cpp:77]
CasADi - 2026-10-04 13:15:45 MESSAGE("nlp_jac_g::eval") [.../casadi/core/sx_function.cpp:77]
CasADi - 2026-10-04 13:15:45 MESSAGE("nlp_hess_l::eval") [.../casadi/core/sx_function.cpp:77]
iter    objective    inf_pr   inf_du lg(mu)  ||d||  lg(rg) alpha_du alpha_pr  ls
  60  1.3974955e+01 1.98e+00 9.04e+06  -1.0 3.38e-01   7.4 3.19e-02 4.46e-04h  1
CasADi - 2026-10-04 13:15:45 MESSAGE("nlp_g::eval") [.../casadi/core/sx_function.cpp:77]
CasADi - 2026-10-04 13:15:45 MESSAGE("nlp_f::eval") [.../casadi/core/sx_function.cpp:77]
CasADi - 2026-10-04 13:15:45 MESSAGE("nlp_grad_f::eval") [.../casadi/core/sx_function.cpp:77]
CasADi - 2026-10-04 13:15:45 MESSAGE("nlp_jac_g::eval") [.../casadi/core/sx_function.cpp:77]
CasADi - 2026-10-04 13:15:45 MESSAGE("nlp_hess_l::eval") [.../casadi/core/sx_function.cpp:77]
  61  1.3984658e+01 1.98e+00 4.89e+07  -1.0 3.53e-01   7.9 2.56e-01 1.45e-03h  1
CasADi - 2026-10-04 13:15:45 MESSAGE("nlp_g::eval") [.../casadi/core/sx_function.cpp:77]
CasADi - 2026-10-04 13:15:45 MESSAGE("nlp_f::eval") [.../casadi/core/sx_function.cpp:77]
CasADi - 2026-10-04 13:15:45 MESSAGE("nlp_grad_f::eval") [.../casadi/core/sx_function.cpp:77]
CasADi - 2026-10-04 13:15:45 MESSAGE("nlp_jac_g::eval") [.../casadi/core/sx_function.cpp:77]
CasADi - 2026-10-04 13:15:45 MESSAGE("nlp_hess_l::eval") [.../casadi/core/sx_function.cpp:77]
  62  1.4027447e+01 1.97e+00 8.23e+07  -1.0 4.76e-01   7.4 3.64e-02 5.93e-03h  1
CasADi - 2026-10-04 13:15:45 MESSAGE("nlp_g::eval") [.../casadi/core/sx_function.cpp:77]
CasADi - 2026-10-04 13:15:45 MESSAGE("nlp_f::eval") [.../casadi/core/sx_function.cpp:77]
CasADi - 2026-10-04 13:15:45 MESSAGE("nlp_grad_f::eval") [.../casadi/core/sx_function.cpp:77]
CasADi - 2026-10-04 13:15:45 MESSAGE("nlp_jac_g::eval") [.../casadi/core/sx_function.cpp:77]
CasADi - 2026-10-04 13:15:45 MESSAGE("nlp_hess_l::eval") [.../casadi/core/sx_function.cpp:77]
  63  1.4039068e+01 1.97e+00 9.67e+08  -1.0 4.98e-01   7.8 2.83e-01 1.61e-03h  1
CasADi - 2026-10-04 13:15:45 MESSAGE("nlp_g::eval") [.../casadi/core/sx_function.cpp:77]
CasADi - 2026-10-04 13:15:45 MESSAGE("nlp_f::eval") [.../casadi/core/sx_function.cpp:77]
CasADi - 2026-10-04 13:15:45 MESSAGE("nlp_grad_f::eval") [.../casadi/core/sx_function.cpp:77]
CasADi - 2026-10-04 13:15:45 MESSAGE("nlp_jac_g::eval") [.../casadi/core/sx_function.cpp:77]
CasADi - 2026-10-04 13:15:45 MESSAGE("nlp_hess_l::eval") [.../casadi/core/sx_function.cpp:77]
  64  1.4085423e+01 1.95e+00 1.07e+09  -1.0 5.03e-01   7.3 1.74e-01 6.07e-03h  1
CasADi - 2026-10-04 13:15:45 MESSAGE("nlp_g::eval") [.../casadi/core/sx_function.cpp:77]
CasADi - 2026-10-04 13:15:45 MESSAGE("nlp_f::eval") [.../casadi/core/sx_function.cpp:77]
CasADi - 2026-10-04 13:15:45 MESSAGE("nlp_grad_f::eval") [.../casadi/core/sx_function.cpp:77]
CasADi - 2026-10-04 13:15:45 MESSAGE("nlp_jac_g::eval") [.../casadi/core/sx_function.cpp:77]
CasADi - 2026-10-04 13:15:45 MESSAGE("nlp_hess_l::eval") [.../casadi/core/sx_function.cpp:77]
  65  1.4099740e+01 1.95e+00 1.49e+09  -1.0 6.27e-01   7.8 1.94e-01 1.93e-03h  1
CasADi - 2026-10-04 13:15:45 MESSAGE("nlp_g::eval") [.../casadi/core/sx_function.cpp:77]
CasADi - 2026-10-04 13:15:45 MESSAGE("nlp_f::eval") [.../casadi/core/sx_function.cpp:77]
CasADi - 2026-10-04 13:15:45 MESSAGE("nlp_grad_f::eval") [.../casadi/core/sx_function.cpp:77]
CasADi - 2026-10-04 13:15:45 MESSAGE("nlp_jac_g::eval") [.../casadi/core/sx_function.cpp:77]
CasADi - 2026-10-04 13:15:45 MESSAGE("nlp_hess_l::eval") [.../casadi/core/sx_function.cpp:77]
  66  1.4135373e+01 1.94e+00 4.40e+09  -1.0 6.12e-01   8.2 2.02e-01 4.86e-03h  1
CasADi - 2026-10-04 13:15:45 MESSAGE("nlp_g::eval") [.../casadi/core/sx_function.cpp:77]
CasADi - 2026-10-04 13:15:45 MESSAGE("nlp_f::eval") [.../casadi/core/sx_function.cpp:77]
CasADi - 2026-10-04 13:15:45 MESSAGE("nlp_grad_f::eval") [.../casadi/core/sx_function.cpp:77]
CasADi - 2026-10-04 13:15:45 MESSAGE("nlp_jac_g::eval") [.../casadi/core/sx_function.cpp:77]
CasADi - 2026-10-04 13:15:45 MESSAGE("nlp_hess_l::eval") [.../casadi/core/sx_function.cpp:77]
  67  1.4148669e+01 1.94e+00 4.82e+09  -1.0 6.29e-01   7.7 6.04e-02 1.79e-03h  1
CasADi - 2026-10-04 13:15:45 MESSAGE("nlp_g::eval") [.../casadi/core/sx_function.cpp:77]
CasADi - 2026-10-04 13:15:45 MESSAGE("nlp_f::eval") [.../casadi/core/sx_function.cpp:77]
CasADi - 2026-10-04 13:15:45 MESSAGE("nlp_grad_f::eval") [.../casadi/core/sx_function.cpp:77]
CasADi - 2026-10-04 13:15:45 MESSAGE("nlp_jac_g::eval") [.../casadi/core/sx_function.cpp:77]
CasADi - 2026-10-04 13:15:45 MESSAGE("nlp_hess_l::eval") [.../casadi/core/sx_function.cpp:77]
  68  1.4180811e+01 1.93e+00 1.36e+10  -1.0 7.80e-01   8.1 1.62e-01 4.43e-03h  1
CasADi - 2026-10-04 13:15:45 MESSAGE("nlp_g::eval") [.../casadi/core/sx_function.cpp:77]
CasADi - 2026-10-04 13:15:45 MESSAGE("nlp_f::eval") [.../casadi/core/sx_function.cpp:77]
CasADi - 2026-10-04 13:15:45 MESSAGE("nlp_grad_f::eval") [.../casadi/core/sx_function.cpp:77]
CasADi - 2026-10-04 13:15:45 MESSAGE("nlp_jac_g::eval") [.../casadi/core/sx_function.cpp:77]
CasADi - 2026-10-04 13:15:45 MESSAGE("nlp_hess_l::eval") [.../casadi/core/sx_function.cpp:77]
  69  1.4300186e+01 1.90e+00 1.42e+10  -1.0 9.97e-01   7.7 7.47e-02 1.58e-02h  1
CasADi - 2026-10-04 13:15:45 MESSAGE("nlp_g::eval") [.../casadi/core/sx_function.cpp:77]
CasADi - 2026-10-04 13:15:45 MESSAGE("nlp_f::eval") [.../casadi/core/sx_function.cpp:77]
CasADi - 2026-10-04 13:15:45 MESSAGE("nlp_grad_f::eval") [.../casadi/core/sx_function.cpp:77]
CasADi - 2026-10-04 13:15:45 MESSAGE("nlp_jac_g::eval") [.../casadi/core/sx_function.cpp:77]
CasADi - 2026-10-04 13:15:45 MESSAGE("nlp_hess_l::eval") [.../casadi/core/sx_function.cpp:77]
iter    objective    inf_pr   inf_du lg(mu)  ||d||  lg(rg) alpha_du alpha_pr  ls
  70  1.4305553e+01 1.90e+00 2.21e+10  -1.0 8.19e-01   8.1 2.06e-01 7.40e-04h  1
CasADi - 2026-10-04 13:15:45 MESSAGE("nlp_g::eval") [.../casadi/core/sx_function.cpp:77]
CasADi - 2026-10-04 13:15:45 MESSAGE("nlp_f::eval") [.../casadi/core/sx_function.cpp:77]
CasADi - 2026-10-04 13:15:45 MESSAGE("nlp_grad_f::eval") [.../casadi/core/sx_function.cpp:77]
CasADi - 2026-10-04 13:15:45 MESSAGE("nlp_jac_g::eval") [.../casadi/core/sx_function.cpp:77]
CasADi - 2026-10-04 13:15:45 MESSAGE("nlp_hess_l::eval") [.../casadi/core/sx_function.cpp:77]
  71  1.4339621e+01 1.89e+00 2.17e+10  -1.0 1.11e+00   7.6 2.36e-02 4.46e-03h  1
CasADi - 2026-10-04 13:15:46 MESSAGE("nlp_g::eval") [.../casadi/core/sx_function.cpp:77]
CasADi - 2026-10-04 13:15:46 MESSAGE("nlp_f::eval") [.../casadi/core/sx_function.cpp:77]
CasADi - 2026-10-04 13:15:46 MESSAGE("nlp_grad_f::eval") [.../casadi/core/sx_function.cpp:77]
CasADi - 2026-10-04 13:15:46 MESSAGE("nlp_jac_g::eval") [.../casadi/core/sx_function.cpp:77]
CasADi - 2026-10-04 13:15:46 MESSAGE("nlp_hess_l::eval") [.../casadi/core/sx_function.cpp:77]
  72  1.4352768e+01 1.89e+00 2.53e+10  -1.0 1.27e+00   8.0 1.66e-01 1.81e-03h  1
CasADi - 2026-10-04 13:15:46 MESSAGE("nlp_g::eval") [.../casadi/core/sx_function.cpp:77]
CasADi - 2026-10-04 13:15:46 MESSAGE("nlp_f::eval") [.../casadi/core/sx_function.cpp:77]
CasADi - 2026-10-04 13:15:46 MESSAGE("nlp_grad_f::eval") [.../casadi/core/sx_function.cpp:77]
CasADi - 2026-10-04 13:15:46 MESSAGE("nlp_jac_g::eval") [.../casadi/core/sx_function.cpp:77]
CasADi - 2026-10-04 13:15:46 MESSAGE("nlp_hess_l::eval") [.../casadi/core/sx_function.cpp:77]
  73  1.4396171e+01 1.88e+00 2.51e+10  -1.0 1.43e+00   7.6 9.16e-03 5.75e-03h  1
CasADi - 2026-10-04 13:15:46 MESSAGE("nlp_g::eval") [.../casadi/core/sx_function.cpp:77]
CasADi - 2026-10-04 13:15:46 MESSAGE("nlp_f::eval") [.../casadi/core/sx_function.cpp:77]
CasADi - 2026-10-04 13:15:46 MESSAGE("nlp_grad_f::eval") [.../casadi/core/sx_function.cpp:77]
CasADi - 2026-10-04 13:15:46 MESSAGE("nlp_jac_g::eval") [.../casadi/core/sx_function.cpp:77]
CasADi - 2026-10-04 13:15:46 MESSAGE("nlp_hess_l::eval") [.../casadi/core/sx_function.cpp:77]
  74  1.4400225e+01 1.87e+00 2.89e+10  -1.0 1.39e+00   8.0 8.56e-02 5.70e-04h  1
CasADi - 2026-10-04 13:15:46 MESSAGE("nlp_g::eval") [.../casadi/core/sx_function.cpp:77]
CasADi - 2026-10-04 13:15:46 MESSAGE("nlp_f::eval") [.../casadi/core/sx_function.cpp:77]
CasADi - 2026-10-04 13:15:46 MESSAGE("nlp_grad_f::eval") [.../casadi/core/sx_function.cpp:77]
CasADi - 2026-10-04 13:15:46 MESSAGE("nlp_jac_g::eval") [.../casadi/core/sx_function.cpp:77]
CasADi - 2026-10-04 13:15:46 MESSAGE("nlp_hess_l::eval") [.../casadi/core/sx_function.cpp:77]
  75  1.4449223e+01 1.86e+00 2.92e+10  -1.0 2.49e+00   7.5 2.22e-02 6.64e-03h  1
CasADi - 2026-10-04 13:15:46 MESSAGE("nlp_g::eval") [.../casadi/core/sx_function.cpp:77]
CasADi - 2026-10-04 13:15:46 MESSAGE("nlp_f::eval") [.../casadi/core/sx_function.cpp:77]
CasADi - 2026-10-04 13:15:46 MESSAGE("nlp_grad_f::eval") [.../casadi/core/sx_function.cpp:77]
CasADi - 2026-10-04 13:15:46 MESSAGE("nlp_jac_g::eval") [.../casadi/core/sx_function.cpp:77]
CasADi - 2026-10-04 13:15:46 MESSAGE("nlp_hess_l::eval") [.../casadi/core/sx_function.cpp:77]
  76  1.4454379e+01 1.86e+00 3.48e+10  -1.0 2.25e+00   7.9 4.14e-02 7.49e-04h  1
CasADi - 2026-10-04 13:15:46 MESSAGE("nlp_g::eval") [.../casadi/core/sx_function.cpp:77]
CasADi - 2026-10-04 13:15:46 MESSAGE("nlp_f::eval") [.../casadi/core/sx_function.cpp:77]
CasADi - 2026-10-04 13:15:46 MESSAGE("nlp_grad_f::eval") [.../casadi/core/sx_function.cpp:77]
CasADi - 2026-10-04 13:15:46 MESSAGE("nlp_jac_g::eval") [.../casadi/core/sx_function.cpp:77]
CasADi - 2026-10-04 13:15:46 MESSAGE("nlp_hess_l::eval") [.../casadi/core/sx_function.cpp:77]
  77  1.4481053e+01 1.85e+00 3.50e+10  -1.0 2.88e+00   7.5 1.56e-02 3.77e-03h  1
CasADi - 2026-10-04 13:15:46 MESSAGE("nlp_g::eval") [.../casadi/core/sx_function.cpp:77]
CasADi - 2026-10-04 13:15:46 MESSAGE("nlp_f::eval") [.../casadi/core/sx_function.cpp:77]
CasADi - 2026-10-04 13:15:46 MESSAGE("nlp_grad_f::eval") [.../casadi/core/sx_function.cpp:77]
CasADi - 2026-10-04 13:15:46 MESSAGE("nlp_jac_g::eval") [.../casadi/core/sx_function.cpp:77]
CasADi - 2026-10-04 13:15:46 MESSAGE("nlp_hess_l::eval") [.../casadi/core/sx_function.cpp:77]
  78  1.4482023e+01 1.85e+00 4.03e+10  -1.0 1.31e+00   7.9 3.82e-02 1.41e-04h  1
CasADi - 2026-10-04 13:15:46 MESSAGE("nlp_g::eval") [.../casadi/core/sx_function.cpp:77]
CasADi - 2026-10-04 13:15:46 MESSAGE("nlp_f::eval") [.../casadi/core/sx_function.cpp:77]
CasADi - 2026-10-04 13:15:46 MESSAGE("nlp_grad_f::eval") [.../casadi/core/sx_function.cpp:77]
CasADi - 2026-10-04 13:15:46 MESSAGE("nlp_jac_g::eval") [.../casadi/core/sx_function.cpp:77]
CasADi - 2026-10-04 13:15:46 MESSAGE("nlp_hess_l::eval") [.../casadi/core/sx_function.cpp:77]
  79  1.4531194e+01 1.84e+00 4.00e+10  -1.0 3.24e+00   7.4 6.95e-03 7.32e-03h  1
CasADi - 2026-10-04 13:15:46 MESSAGE("nlp_g::eval") [.../casadi/core/sx_function.cpp:77]
CasADi - 2026-10-04 13:15:46 MESSAGE("nlp_f::eval") [.../casadi/core/sx_function.cpp:77]
CasADi - 2026-10-04 13:15:46 MESSAGE("nlp_grad_f::eval") [.../casadi/core/sx_function.cpp:77]
CasADi - 2026-10-04 13:15:46 MESSAGE("nlp_jac_g::eval") [.../casadi/core/sx_function.cpp:77]
CasADi - 2026-10-04 13:15:46 MESSAGE("nlp_hess_l::eval") [.../casadi/core/sx_function.cpp:77]
iter    objective    inf_pr   inf_du lg(mu)  ||d||  lg(rg) alpha_du alpha_pr  ls
  80  1.4532033e+01 1.84e+00 4.55e+10  -1.0 1.75e+00   7.8 4.10e-02 1.33e-04h  1
CasADi - 2026-10-04 13:15:46 MESSAGE("nlp_g::eval") [.../casadi/core/sx_function.cpp:77]
CasADi - 2026-10-04 13:15:46 MESSAGE("nlp_f::eval") [.../casadi/core/sx_function.cpp:77]
CasADi - 2026-10-04 13:15:46 MESSAGE("nlp_grad_f::eval") [.../casadi/core/sx_function.cpp:77]
CasADi - 2026-10-04 13:15:46 MESSAGE("nlp_jac_g::eval") [.../casadi/core/sx_function.cpp:77]
CasADi - 2026-10-04 13:15:46 MESSAGE("nlp_hess_l::eval") [.../casadi/core/sx_function.cpp:77]
  81  1.4545580e+01 1.84e+00 8.15e+10  -1.0 1.39e+00   8.3 9.10e-02 2.14e-03h  1
CasADi - 2026-10-04 13:15:46 MESSAGE("nlp_g::eval") [.../casadi/core/sx_function.cpp:77]
CasADi - 2026-10-04 13:15:46 MESSAGE("nlp_f::eval") [.../casadi/core/sx_function.cpp:77]
CasADi - 2026-10-04 13:15:46 MESSAGE("nlp_grad_f::eval") [.../casadi/core/sx_function.cpp:77]
CasADi - 2026-10-04 13:15:46 MESSAGE("nlp_jac_g::eval") [.../casadi/core/sx_function.cpp:77]
CasADi - 2026-10-04 13:15:46 MESSAGE("nlp_hess_l::eval") [.../casadi/core/sx_function.cpp:77]
  82  1.4571493e+01 1.83e+00 8.58e+10  -1.0 2.22e+00   7.8 6.04e-02 4.29e-03h  1
CasADi - 2026-10-04 13:15:46 MESSAGE("nlp_g::eval") [.../casadi/core/sx_function.cpp:77]
CasADi - 2026-10-04 13:15:46 MESSAGE("nlp_f::eval") [.../casadi/core/sx_function.cpp:77]
CasADi - 2026-10-04 13:15:46 MESSAGE("nlp_grad_f::eval") [.../casadi/core/sx_function.cpp:77]
CasADi - 2026-10-04 13:15:46 MESSAGE("nlp_jac_g::eval") [.../casadi/core/sx_function.cpp:77]
CasADi - 2026-10-04 13:15:46 MESSAGE("nlp_hess_l::eval") [.../casadi/core/sx_function.cpp:77]
  83  1.4579652e+01 1.83e+00 1.29e+11  -1.0 1.83e+00   8.2 1.20e-01 1.39e-03h  1
CasADi - 2026-10-04 13:15:46 MESSAGE("nlp_g::eval") [.../casadi/core/sx_function.cpp:77]
CasADi - 2026-10-04 13:15:46 MESSAGE("nlp_f::eval") [.../casadi/core/sx_function.cpp:77]
CasADi - 2026-10-04 13:15:46 MESSAGE("nlp_grad_f::eval") [.../casadi/core/sx_function.cpp:77]
CasADi - 2026-10-04 13:15:46 MESSAGE("nlp_jac_g::eval") [.../casadi/core/sx_function.cpp:77]
CasADi - 2026-10-04 13:15:46 MESSAGE("nlp_hess_l::eval") [.../casadi/core/sx_function.cpp:77]
  84  1.4665584e+01 1.80e+00 1.29e+11  -1.0 2.57e+00   7.7 6.26e-02 1.52e-02h  1
CasADi - 2026-10-04 13:15:46 MESSAGE("nlp_g::eval") [.../casadi/core/sx_function.cpp:77]
CasADi - 2026-10-04 13:15:46 MESSAGE("nlp_f::eval") [.../casadi/core/sx_function.cpp:77]
CasADi - 2026-10-04 13:15:46 MESSAGE("nlp_grad_f::eval") [.../casadi/core/sx_function.cpp:77]
CasADi - 2026-10-04 13:15:46 MESSAGE("nlp_jac_g::eval") [.../casadi/core/sx_function.cpp:77]
CasADi - 2026-10-04 13:15:46 MESSAGE("nlp_hess_l::eval") [.../casadi/core/sx_function.cpp:77]
  85  1.4667612e+01 1.80e+00 1.76e+11  -1.0 2.04e+00   8.2 1.41e-01 3.72e-04h  1
CasADi - 2026-10-04 13:15:47 MESSAGE("nlp_g::eval") [.../casadi/core/sx_function.cpp:77]
CasADi - 2026-10-04 13:15:47 MESSAGE("nlp_f::eval") [.../casadi/core/sx_function.cpp:77]
CasADi - 2026-10-04 13:15:47 MESSAGE("nlp_grad_f::eval") [.../casadi/core/sx_function.cpp:77]
CasADi - 2026-10-04 13:15:47 MESSAGE("nlp_jac_g::eval") [.../casadi/core/sx_function.cpp:77]
CasADi - 2026-10-04 13:15:47 MESSAGE("nlp_hess_l::eval") [.../casadi/core/sx_function.cpp:77]
  86  1.4680474e+01 1.80e+00 1.75e+11  -1.0 3.03e+00   7.7 8.44e-02 2.41e-03h  1
CasADi - 2026-10-04 13:15:47 MESSAGE("nlp_g::eval") [.../casadi/core/sx_function.cpp:77]
CasADi - 2026-10-04 13:15:47 MESSAGE("nlp_f::eval") [.../casadi/core/sx_function.cpp:77]
CasADi - 2026-10-04 13:15:47 MESSAGE("nlp_grad_f::eval") [.../casadi/core/sx_function.cpp:77]
CasADi - 2026-10-04 13:15:47 MESSAGE("nlp_jac_g::eval") [.../casadi/core/sx_function.cpp:77]
CasADi - 2026-10-04 13:15:47 MESSAGE("nlp_hess_l::eval") [.../casadi/core/sx_function.cpp:77]
  87  1.4681493e+01 1.80e+00 2.07e+11  -1.0 2.51e+00   8.1 1.19e-01 1.97e-04h  1
CasADi - 2026-10-04 13:15:47 MESSAGE("nlp_g::eval") [.../casadi/core/sx_function.cpp:77]
CasADi - 2026-10-04 13:15:47 MESSAGE("nlp_f::eval") [.../casadi/core/sx_function.cpp:77]
CasADi - 2026-10-04 13:15:47 MESSAGE("nlp_grad_f::eval") [.../casadi/core/sx_function.cpp:77]
CasADi - 2026-10-04 13:15:47 MESSAGE("nlp_jac_g::eval") [.../casadi/core/sx_function.cpp:77]
CasADi - 2026-10-04 13:15:47 MESSAGE("nlp_hess_l::eval") [.../casadi/core/sx_function.cpp:77]
  88  1.4720457e+01 1.79e+00 2.07e+11  -1.0 2.91e+00   7.6 2.10e-02 5.43e-03h  1
CasADi - 2026-10-04 13:15:47 MESSAGE("nlp_g::eval") [.../casadi/core/sx_function.cpp:77]
CasADi - 2026-10-04 13:15:47 MESSAGE("nlp_f::eval") [.../casadi/core/sx_function.cpp:77]
CasADi - 2026-10-04 13:15:47 MESSAGE("nlp_grad_f::eval") [.../casadi/core/sx_function.cpp:77]
CasADi - 2026-10-04 13:15:47 MESSAGE("nlp_jac_g::eval") [.../casadi/core/sx_function.cpp:77]
CasADi - 2026-10-04 13:15:47 MESSAGE("nlp_hess_l::eval") [.../casadi/core/sx_function.cpp:77]
  89  1.4727971e+01 1.79e+00 2.50e+11  -1.0 2.19e+00   8.1 6.88e-02 9.11e-04h  1
CasADi - 2026-10-04 13:15:47 MESSAGE("nlp_g::eval") [.../casadi/core/sx_function.cpp:77]
CasADi - 2026-10-04 13:15:47 MESSAGE("nlp_f::eval") [.../casadi/core/sx_function.cpp:77]
CasADi - 2026-10-04 13:15:47 MESSAGE("nlp_grad_f::eval") [.../casadi/core/sx_function.cpp:77]
CasADi - 2026-10-04 13:15:47 MESSAGE("nlp_jac_g::eval") [.../casadi/core/sx_function.cpp:77]
CasADi - 2026-10-04 13:15:47 MESSAGE("nlp_hess_l::eval") [.../casadi/core/sx_function.cpp:77]
iter    objective    inf_pr   inf_du lg(mu)  ||d||  lg(rg) alpha_du alpha_pr  ls
  90  1.4836505e+01 1.77e+00 2.53e+11  -1.0 2.36e+00   7.6 5.79e-02 1.08e-02h  1
CasADi - 2026-10-04 13:15:47 MESSAGE("nlp_g::eval") [.../casadi/core/sx_function.cpp:77]
CasADi - 2026-10-04 13:15:47 MESSAGE("nlp_f::eval") [.../casadi/core/sx_function.cpp:77]
CasADi - 2026-10-04 13:15:47 MESSAGE("nlp_grad_f::eval") [.../casadi/core/sx_function.cpp:77]
CasADi - 2026-10-04 13:15:47 MESSAGE("nlp_jac_g::eval") [.../casadi/core/sx_function.cpp:77]
CasADi - 2026-10-04 13:15:47 MESSAGE("nlp_hess_l::eval") [.../casadi/core/sx_function.cpp:77]
  91  1.4837888e+01 1.77e+00 3.02e+11  -1.0 2.35e+00   8.0 6.61e-02 1.41e-04h  1
CasADi - 2026-10-04 13:15:47 MESSAGE("nlp_g::eval") [.../casadi/core/sx_function.cpp:77]
CasADi - 2026-10-04 13:15:47 MESSAGE("nlp_f::eval") [.../casadi/core/sx_function.cpp:77]
CasADi - 2026-10-04 13:15:47 MESSAGE("nlp_grad_f::eval") [.../casadi/core/sx_function.cpp:77]
CasADi - 2026-10-04 13:15:47 MESSAGE("nlp_jac_g::eval") [.../casadi/core/sx_function.cpp:77]
CasADi - 2026-10-04 13:15:47 MESSAGE("nlp_hess_l::eval") [.../casadi/core/sx_function.cpp:77]
  92  1.4840369e+01 1.77e+00 3.04e+11  -1.0 3.22e+00   7.5 2.09e-02 2.31e-04h  1
CasADi - 2026-10-04 13:15:47 MESSAGE("nlp_g::eval") [.../casadi/core/sx_function.cpp:77]
CasADi - 2026-10-04 13:15:47 MESSAGE("nlp_f::eval") [.../casadi/core/sx_function.cpp:77]
CasADi - 2026-10-04 13:15:47 MESSAGE("nlp_grad_f::eval") [.../casadi/core/sx_function.cpp:77]
CasADi - 2026-10-04 13:15:47 MESSAGE("nlp_jac_g::eval") [.../casadi/core/sx_function.cpp:77]
CasADi - 2026-10-04 13:15:47 MESSAGE("nlp_hess_l::eval") [.../casadi/core/sx_function.cpp:77]
  93  1.4847059e+01 1.77e+00 3.34e+11  -1.0 2.48e+00   8.0 4.21e-02 6.04e-04h  1
CasADi - 2026-10-04 13:15:47 MESSAGE("nlp_g::eval") [.../casadi/core/sx_function.cpp:77]
CasADi - 2026-10-04 13:15:47 MESSAGE("nlp_f::eval") [.../casadi/core/sx_function.cpp:77]
CasADi - 2026-10-04 13:15:47 MESSAGE("nlp_grad_f::eval") [.../casadi/core/sx_function.cpp:77]
CasADi - 2026-10-04 13:15:47 MESSAGE("nlp_jac_g::eval") [.../casadi/core/sx_function.cpp:77]
CasADi - 2026-10-04 13:15:47 MESSAGE("nlp_hess_l::eval") [.../casadi/core/sx_function.cpp:77]
  94  1.4871159e+01 1.77e+00 4.15e+11  -1.0 2.05e+00   8.4 3.70e-02 2.22e-03h  1
CasADi - 2026-10-04 13:15:47 MESSAGE("nlp_g::eval") [.../casadi/core/sx_function.cpp:77]
CasADi - 2026-10-04 13:15:47 MESSAGE("nlp_f::eval") [.../casadi/core/sx_function.cpp:77]
CasADi - 2026-10-04 13:15:47 MESSAGE("nlp_grad_f::eval") [.../casadi/core/sx_function.cpp:77]
CasADi - 2026-10-04 13:15:47 MESSAGE("nlp_jac_g::eval") [.../casadi/core/sx_function.cpp:77]
CasADi - 2026-10-04 13:15:47 MESSAGE("nlp_hess_l::eval") [.../casadi/core/sx_function.cpp:77]
  95  1.4980330e+01 1.75e+00 4.28e+11  -1.0 2.64e+00   7.9 3.20e-02 9.15e-03h  1
CasADi - 2026-10-04 13:15:47 MESSAGE("nlp_g::eval") [.../casadi/core/sx_function.cpp:77]
CasADi - 2026-10-04 13:15:47 MESSAGE("nlp_f::eval") [.../casadi/core/sx_function.cpp:77]
CasADi - 2026-10-04 13:15:47 MESSAGE("nlp_grad_f::eval") [.../casadi/core/sx_function.cpp:77]
CasADi - 2026-10-04 13:15:47 MESSAGE("nlp_jac_g::eval") [.../casadi/core/sx_function.cpp:77]
CasADi - 2026-10-04 13:15:47 MESSAGE("nlp_hess_l::eval") [.../casadi/core/sx_function.cpp:77]
  96  1.5039940e+01 1.75e+00 5.34e+11  -1.0 2.68e+00   8.3 4.63e-02 5.12e-03h  1
CasADi - 2026-10-04 13:15:47 MESSAGE("nlp_g::eval") [.../casadi/core/sx_function.cpp:77]
CasADi - 2026-10-04 13:15:47 MESSAGE("nlp_f::eval") [.../casadi/core/sx_function.cpp:77]
CasADi - 2026-10-04 13:15:47 MESSAGE("nlp_grad_f::eval") [.../casadi/core/sx_function.cpp:77]
CasADi - 2026-10-04 13:15:47 MESSAGE("nlp_jac_g::eval") [.../casadi/core/sx_function.cpp:77]
CasADi - 2026-10-04 13:15:47 MESSAGE("nlp_hess_l::eval") [.../casadi/core/sx_function.cpp:77]
  97  1.5049007e+01 1.74e+00 5.60e+11  -1.0 4.81e+00   7.8 3.81e-02 7.62e-04h  1
CasADi - 2026-10-04 13:15:48 MESSAGE("nlp_g::eval") [.../casadi/core/sx_function.cpp:77]
CasADi - 2026-10-04 13:15:48 MESSAGE("nlp_f::eval") [.../casadi/core/sx_function.cpp:77]
CasADi - 2026-10-04 13:15:48 MESSAGE("nlp_grad_f::eval") [.../casadi/core/sx_function.cpp:77]
CasADi - 2026-10-04 13:15:48 MESSAGE("nlp_jac_g::eval") [.../casadi/core/sx_function.cpp:77]
CasADi - 2026-10-04 13:15:48 MESSAGE("nlp_hess_l::eval") [.../casadi/core/sx_function.cpp:77]
  98  1.5049436e+01 1.74e+00 7.15e+11  -1.0 3.32e+00   8.3 6.07e-02 3.59e-05h  1
CasADi - 2026-10-04 13:15:48 MESSAGE("nlp_g::eval") [.../casadi/core/sx_function.cpp:77]
CasADi - 2026-10-04 13:15:48 MESSAGE("nlp_f::eval") [.../casadi/core/sx_function.cpp:77]
CasADi - 2026-10-04 13:15:48 MESSAGE("nlp_grad_f::eval") [.../casadi/core/sx_function.cpp:77]
CasADi - 2026-10-04 13:15:48 MESSAGE("nlp_jac_g::eval") [.../casadi/core/sx_function.cpp:77]
CasADi - 2026-10-04 13:15:48 MESSAGE("nlp_hess_l::eval") [.../casadi/core/sx_function.cpp:77]
  99  1.5095303e+01 1.74e+00 7.42e+11  -1.0 6.28e+00   7.8 6.29e-02 3.69e-03h  1
CasADi - 2026-10-04 13:15:48 MESSAGE("nlp_g::eval") [.../casadi/core/sx_function.cpp:77]
CasADi - 2026-10-04 13:15:48 MESSAGE("nlp_f::eval") [.../casadi/core/sx_function.cpp:77]
CasADi - 2026-10-04 13:15:48 MESSAGE("nlp_grad_f::eval") [.../casadi/core/sx_function.cpp:77]
CasADi - 2026-10-04 13:15:48 MESSAGE("nlp_jac_g::eval") [.../casadi/core/sx_function.cpp:77]
CasADi - 2026-10-04 13:15:48 MESSAGE("nlp_hess_l::eval") [.../casadi/core/sx_function.cpp:77]
iter    objective    inf_pr   inf_du lg(mu)  ||d||  lg(rg) alpha_du alpha_pr  ls
 100  1.5100281e+01 1.74e+00 9.03e+11  -1.0 3.24e+00   8.2 6.16e-02 3.71e-04h  1
CasADi - 2026-10-04 13:15:48 MESSAGE("nlp_g::eval") [.../casadi/core/sx_function.cpp:77]
CasADi - 2026-10-04 13:15:48 MESSAGE("nlp_f::eval") [.../casadi/core/sx_function.cpp:77]
CasADi - 2026-10-04 13:15:48 MESSAGE("nlp_grad_f::eval") [.../casadi/core/sx_function.cpp:77]
CasADi - 2026-10-04 13:15:48 MESSAGE("nlp_jac_g::eval") [.../casadi/core/sx_function.cpp:77]
CasADi - 2026-10-04 13:15:48 MESSAGE("nlp_hess_l::eval") [.../casadi/core/sx_function.cpp:77]
 101  1.5162554e+01 1.73e+00 9.12e+11  -1.0 4.73e+00   7.7 2.54e-02 3.43e-03h  1
CasADi - 2026-10-04 13:15:48 MESSAGE("nlp_g::eval") [.../casadi/core/sx_function.cpp:77]
CasADi - 2026-10-04 13:15:48 MESSAGE("nlp_f::eval") [.../casadi/core/sx_function.cpp:77]
CasADi - 2026-10-04 13:15:48 MESSAGE("nlp_grad_f::eval") [.../casadi/core/sx_function.cpp:77]
CasADi - 2026-10-04 13:15:48 MESSAGE("nlp_jac_g::eval") [.../casadi/core/sx_function.cpp:77]
CasADi - 2026-10-04 13:15:48 MESSAGE("nlp_hess_l::eval") [.../casadi/core/sx_function.cpp:77]
 102  1.5164094e+01 1.73e+00 1.01e+12  -1.0 3.80e+00   8.2 3.72e-02 8.67e-05h  1
CasADi - 2026-10-04 13:15:48 MESSAGE("nlp_g::eval") [.../casadi/core/sx_function.cpp:77]
CasADi - 2026-10-04 13:15:48 MESSAGE("nlp_f::eval") [.../casadi/core/sx_function.cpp:77]
CasADi - 2026-10-04 13:15:48 MESSAGE("nlp_grad_f::eval") [.../casadi/core/sx_function.cpp:77]
CasADi - 2026-10-04 13:15:48 MESSAGE("nlp_jac_g::eval") [.../casadi/core/sx_function.cpp:77]
CasADi - 2026-10-04 13:15:48 MESSAGE("nlp_hess_l::eval") [.../casadi/core/sx_function.cpp:77]
 103  1.5295907e+01 1.72e+00 1.01e+12  -1.0 9.43e+00   7.7 2.13e-02 6.31e-03h  1
CasADi - 2026-10-04 13:15:48 MESSAGE("nlp_g::eval") [.../casadi/core/sx_function.cpp:77]
CasADi - 2026-10-04 13:15:48 MESSAGE("nlp_f::eval") [.../casadi/core/sx_function.cpp:77]
CasADi - 2026-10-04 13:15:48 MESSAGE("nlp_grad_f::eval") [.../casadi/core/sx_function.cpp:77]
CasADi - 2026-10-04 13:15:48 MESSAGE("nlp_jac_g::eval") [.../casadi/core/sx_function.cpp:77]
CasADi - 2026-10-04 13:15:48 MESSAGE("nlp_hess_l::eval") [.../casadi/core/sx_function.cpp:77]
 104  1.5300095e+01 1.72e+00 1.77e+12  -1.0 3.47e+00   9.0 3.86e-02 2.66e-04h  1
CasADi - 2026-10-04 13:15:48 MESSAGE("nlp_g::eval") [.../casadi/core/sx_function.cpp:77]
CasADi - 2026-10-04 13:15:48 MESSAGE("nlp_f::eval") [.../casadi/core/sx_function.cpp:77]
CasADi - 2026-10-04 13:15:48 MESSAGE("nlp_grad_f::eval") [.../casadi/core/sx_function.cpp:77]
CasADi - 2026-10-04 13:15:48 MESSAGE("nlp_jac_g::eval") [.../casadi/core/sx_function.cpp:77]
CasADi - 2026-10-04 13:15:48 MESSAGE("nlp_hess_l::eval") [.../casadi/core/sx_function.cpp:77]
 105  1.5315639e+01 1.72e+00 2.92e+12  -1.0 3.25e+00   9.5 2.42e-02 1.05e-03h  1
CasADi - 2026-10-04 13:15:48 MESSAGE("nlp_g::eval") [.../casadi/core/sx_function.cpp:77]
CasADi - 2026-10-04 13:15:48 MESSAGE("nlp_f::eval") [.../casadi/core/sx_function.cpp:77]
CasADi - 2026-10-04 13:15:48 MESSAGE("nlp_grad_f::eval") [.../casadi/core/sx_function.cpp:77]
CasADi - 2026-10-04 13:15:48 MESSAGE("nlp_jac_g::eval") [.../casadi/core/sx_function.cpp:77]
CasADi - 2026-10-04 13:15:48 MESSAGE("nlp_hess_l::eval") [.../casadi/core/sx_function.cpp:77]
 106  1.5395487e+01 1.71e+00 1.29e+13  -1.0 2.92e+00   9.9 8.98e-02 5.90e-03h  1
CasADi - 2026-10-04 13:15:48 MESSAGE("nlp_g::eval") [.../casadi/core/sx_function.cpp:77]
CasADi - 2026-10-04 13:15:48 MESSAGE("nlp_f::eval") [.../casadi/core/sx_function.cpp:77]
CasADi - 2026-10-04 13:15:48 MESSAGE("nlp_grad_f::eval") [.../casadi/core/sx_function.cpp:77]
CasADi - 2026-10-04 13:15:48 MESSAGE("nlp_jac_g::eval") [.../casadi/core/sx_function.cpp:77]
CasADi - 2026-10-04 13:15:48 MESSAGE("nlp_hess_l::eval") [.../casadi/core/sx_function.cpp:77]
 107  1.5395958e+01 1.71e+00 1.39e+13  -1.0 6.31e+00   9.4 1.80e-02 2.34e-05h  1
CasADi - 2026-10-04 13:15:49 MESSAGE("nlp_g::eval") [.../casadi/core/sx_function.cpp:77]
CasADi - 2026-10-04 13:15:49 MESSAGE("nlp_f::eval") [.../casadi/core/sx_function.cpp:77]
CasADi - 2026-10-04 13:15:49 MESSAGE("nlp_grad_f::eval") [.../casadi/core/sx_function.cpp:77]
CasADi - 2026-10-04 13:15:49 MESSAGE("nlp_jac_g::eval") [.../casadi/core/sx_function.cpp:77]
CasADi - 2026-10-04 13:15:49 MESSAGE("nlp_hess_l::eval") [.../casadi/core/sx_function.cpp:77]
 108  1.5397997e+01 1.71e+00 1.96e+13  -1.0 5.20e+00   9.8 2.91e-02 1.04e-04h  1
CasADi - 2026-10-04 13:15:49 MESSAGE("nlp_g::eval") [.../casadi/core/sx_function.cpp:77]
CasADi - 2026-10-04 13:15:49 MESSAGE("nlp_f::eval") [.../casadi/core/sx_function.cpp:77]
CasADi - 2026-10-04 13:15:49 MESSAGE("nlp_grad_f::eval") [.../casadi/core/sx_function.cpp:77]
CasADi - 2026-10-04 13:15:49 MESSAGE("nlp_jac_g::eval") [.../casadi/core/sx_function.cpp:77]
CasADi - 2026-10-04 13:15:49 MESSAGE("nlp_hess_l::eval") [.../casadi/core/sx_function.cpp:77]
 109  1.5493764e+01 1.71e+00 2.00e+13  -1.0 5.40e+00   9.3 1.17e-02 4.15e-03h  1
CasADi - 2026-10-04 13:15:49 MESSAGE("nlp_g::eval") [.../casadi/core/sx_function.cpp:77]
CasADi - 2026-10-04 13:15:49 MESSAGE("nlp_f::eval") [.../casadi/core/sx_function.cpp:77]
CasADi - 2026-10-04 13:15:49 MESSAGE("nlp_grad_f::eval") [.../casadi/core/sx_function.cpp:77]
CasADi - 2026-10-04 13:15:49 MESSAGE("nlp_jac_g::eval") [.../casadi/core/sx_function.cpp:77]
CasADi - 2026-10-04 13:15:49 MESSAGE("nlp_hess_l::eval") [.../casadi/core/sx_function.cpp:77]
iter    objective    inf_pr   inf_du lg(mu)  ||d||  lg(rg) alpha_du alpha_pr  ls
 110  1.5526531e+01 1.70e+00 1.99e+13  -1.0 5.89e+00   9.8 1.42e-03 1.55e-03h  1
CasADi - 2026-10-04 13:15:49 MESSAGE("nlp_g::eval") [.../casadi/core/sx_function.cpp:77]
CasADi - 2026-10-04 13:15:49 MESSAGE("nlp_f::eval") [.../casadi/core/sx_function.cpp:77]
CasADi - 2026-10-04 13:15:49 MESSAGE("nlp_grad_f::eval") [.../casadi/core/sx_function.cpp:77]
CasADi - 2026-10-04 13:15:49 MESSAGE("nlp_jac_g::eval") [.../casadi/core/sx_function.cpp:77]
CasADi - 2026-10-04 13:15:49 MESSAGE("nlp_hess_l::eval") [.../casadi/core/sx_function.cpp:77]
 111  1.5527228e+01 1.70e+00 2.07e+13  -1.0 5.36e+00  10.2 1.57e-03 3.70e-05h  1
CasADi - 2026-10-04 13:15:49 MESSAGE("nlp_g::eval") [.../casadi/core/sx_function.cpp:77]
CasADi - 2026-10-04 13:15:49 MESSAGE("nlp_f::eval") [.../casadi/core/sx_function.cpp:77]
CasADi - 2026-10-04 13:15:49 MESSAGE("nlp_grad_f::eval") [.../casadi/core/sx_function.cpp:77]
CasADi - 2026-10-04 13:15:49 MESSAGE("nlp_jac_g::eval") [.../casadi/core/sx_function.cpp:77]
CasADi - 2026-10-04 13:15:49 MESSAGE("nlp_hess_l::eval") [.../casadi/core/sx_function.cpp:77]
 112  1.5554455e+01 1.70e+00 2.09e+13  -1.0 6.01e+00   9.7 2.79e-03 1.26e-03h  1
CasADi - 2026-10-04 13:15:49 MESSAGE("nlp_g::eval") [.../casadi/core/sx_function.cpp:77]
CasADi - 2026-10-04 13:15:49 MESSAGE("nlp_f::eval") [.../casadi/core/sx_function.cpp:77]
CasADi - 2026-10-04 13:15:49 MESSAGE("nlp_grad_f::eval") [.../casadi/core/sx_function.cpp:77]
CasADi - 2026-10-04 13:15:49 MESSAGE("nlp_jac_g::eval") [.../casadi/core/sx_function.cpp:77]
CasADi - 2026-10-04 13:15:49 MESSAGE("nlp_hess_l::eval") [.../casadi/core/sx_function.cpp:77]
 113  1.5594814e+01 1.70e+00 2.53e+13  -1.0 5.24e+00  10.1 1.19e-02 2.07e-03h  1
CasADi - 2026-10-04 13:15:50 MESSAGE("nlp_g::eval") [.../casadi/core/sx_function.cpp:77]
CasADi - 2026-10-04 13:15:50 MESSAGE("nlp_f::eval") [.../casadi/core/sx_function.cpp:77]
CasADi - 2026-10-04 13:15:50 MESSAGE("nlp_grad_f::eval") [.../casadi/core/sx_function.cpp:77]
CasADi - 2026-10-04 13:15:50 MESSAGE("nlp_jac_g::eval") [.../casadi/core/sx_function.cpp:77]
CasADi - 2026-10-04 13:15:50 MESSAGE("nlp_hess_l::eval") [.../casadi/core/sx_function.cpp:77]
 114  1.5631573e+01 1.69e+00 3.17e+13  -1.0 4.52e+00  10.6 8.13e-03 2.16e-03h  1
CasADi - 2026-10-04 13:15:50 MESSAGE("nlp_g::eval") [.../casadi/core/sx_function.cpp:77]
CasADi - 2026-10-04 13:15:50 MESSAGE("nlp_f::eval") [.../casadi/core/sx_function.cpp:77]
CasADi - 2026-10-04 13:15:50 MESSAGE("nlp_grad_f::eval") [.../casadi/core/sx_function.cpp:77]
CasADi - 2026-10-04 13:15:50 MESSAGE("nlp_jac_g::eval") [.../casadi/core/sx_function.cpp:77]
CasADi - 2026-10-04 13:15:50 MESSAGE("nlp_hess_l::eval") [.../casadi/core/sx_function.cpp:77]
 115  1.5657727e+01 1.69e+00 3.14e+13  -1.0 4.49e+01  10.1 5.18e-04 1.80e-03h  1
CasADi - 2026-10-04 13:15:50 MESSAGE("nlp_g::eval") [.../casadi/core/sx_function.cpp:77]
CasADi - 2026-10-04 13:15:50 MESSAGE("nlp_f::eval") [.../casadi/core/sx_function.cpp:77]
CasADi - 2026-10-04 13:15:50 MESSAGE("nlp_grad_f::eval") [.../casadi/core/sx_function.cpp:77]
CasADi - 2026-10-04 13:15:50 MESSAGE("nlp_jac_g::eval") [.../casadi/core/sx_function.cpp:77]
CasADi - 2026-10-04 13:15:50 MESSAGE("nlp_hess_l::eval") [.../casadi/core/sx_function.cpp:77]
 116  1.5675307e+01 1.69e+00 5.73e+13  -1.0 6.93e+00  10.5 3.10e-02 1.11e-03h  1
CasADi - 2026-10-04 13:15:50 MESSAGE("nlp_g::eval") [.../casadi/core/sx_function.cpp:77]
CasADi - 2026-10-04 13:15:50 MESSAGE("nlp_f::eval") [.../casadi/core/sx_function.cpp:77]
CasADi - 2026-10-04 13:15:50 MESSAGE("nlp_grad_f::eval") [.../casadi/core/sx_function.cpp:77]
CasADi - 2026-10-04 13:15:50 MESSAGE("nlp_jac_g::eval") [.../casadi/core/sx_function.cpp:77]
CasADi - 2026-10-04 13:15:50 MESSAGE("nlp_hess_l::eval") [.../casadi/core/sx_function.cpp:77]
 117  1.5675438e+01 1.69e+00 5.74e+13  -1.0 2.40e+01  10.0 1.33e-03 1.21e-05h  1
CasADi - 2026-10-04 13:15:50 MESSAGE("nlp_g::eval") [.../casadi/core/sx_function.cpp:77]
CasADi - 2026-10-04 13:15:50 MESSAGE("nlp_f::eval") [.../casadi/core/sx_function.cpp:77]
CasADi - 2026-10-04 13:15:50 MESSAGE("nlp_grad_f::eval") [.../casadi/core/sx_function.cpp:77]
CasADi - 2026-10-04 13:15:50 MESSAGE("nlp_jac_g::eval") [.../casadi/core/sx_function.cpp:77]
CasADi - 2026-10-04 13:15:50 MESSAGE("nlp_hess_l::eval") [.../casadi/core/sx_function.cpp:77]
 118  1.5680594e+01 1.69e+00 7.14e+13  -1.0 7.82e+00  10.5 1.80e-02 3.00e-04h  1
CasADi - 2026-10-04 13:15:50 MESSAGE("nlp_g::eval") [.../casadi/core/sx_function.cpp:77]
CasADi - 2026-10-04 13:15:50 MESSAGE("nlp_f::eval") [.../casadi/core/sx_function.cpp:77]
CasADi - 2026-10-04 13:15:50 MESSAGE("nlp_grad_f::eval") [.../casadi/core/sx_function.cpp:77]
CasADi - 2026-10-04 13:15:50 MESSAGE("nlp_jac_g::eval") [.../casadi/core/sx_function.cpp:77]
CasADi - 2026-10-04 13:15:50 MESSAGE("nlp_hess_l::eval") [.../casadi/core/sx_function.cpp:77]
 119  1.5692179e+01 1.69e+00 7.14e+13  -1.0 3.50e+01  10.0 8.31e-04 1.82e-03h  1
CasADi - 2026-10-04 13:15:51 MESSAGE("nlp_g::eval") [.../casadi/core/sx_function.cpp:77]
CasADi - 2026-10-04 13:15:51 MESSAGE("nlp_f::eval") [.../casadi/core/sx_function.cpp:77]
CasADi - 2026-10-04 13:15:51 MESSAGE("nlp_grad_f::eval") [.../casadi/core/sx_function.cpp:77]
CasADi - 2026-10-04 13:15:51 MESSAGE("nlp_jac_g::eval") [.../casadi/core/sx_function.cpp:77]
CasADi - 2026-10-04 13:15:51 MESSAGE("nlp_hess_l::eval") [.../casadi/core/sx_function.cpp:77]
iter    objective    inf_pr   inf_du lg(mu)  ||d||  lg(rg) alpha_du alpha_pr  ls
 120  1.5694348e+01 1.69e+00 7.37e+13  -1.0 7.32e+00  10.4 3.46e-03 1.21e-04h  1
CasADi - 2026-10-04 13:15:51 MESSAGE("nlp_g::eval") [.../casadi/core/sx_function.cpp:77]
CasADi - 2026-10-04 13:15:51 MESSAGE("nlp_f::eval") [.../casadi/core/sx_function.cpp:77]
CasADi - 2026-10-04 13:15:51 MESSAGE("nlp_g::eval") [.../casadi/core/sx_function.cpp:77]
CasADi - 2026-10-04 13:15:51 MESSAGE("nlp_f::eval") [.../casadi/core/sx_function.cpp:77]
CasADi - 2026-10-04 13:15:51 MESSAGE("nlp_f::eval") [.../casadi/core/sx_function.cpp:77]
CasADi - 2026-10-04 13:15:51 MESSAGE("nlp_g::eval") [.../casadi/core/sx_function.cpp:77]
CasADi - 2026-10-04 13:15:51 MESSAGE("nlp_grad_f::eval") [.../casadi/core/sx_function.cpp:77]
CasADi - 2026-10-04 13:15:51 MESSAGE("nlp_jac_g::eval") [.../casadi/core/sx_function.cpp:77]
CasADi - 2026-10-04 13:15:51 MESSAGE("nlp_g::eval") [.../casadi/core/sx_function.cpp:77]
CasADi - 2026-10-04 13:15:51 MESSAGE("nlp_jac_g::eval") [.../casadi/core/sx_function.cpp:77]
CasADi - 2026-10-04 13:15:51 MESSAGE("nlp_f::eval") [.../casadi/core/sx_function.cpp:77]
 121r 1.5694348e+01 1.69e+00 1.00e+03   0.2 0.00e+00   9.9 0.00e+00 4.40e-07R  3
CasADi - 2026-10-04 13:15:51 MESSAGE("nlp_g::eval") [.../casadi/core/sx_function.cpp:77]
CasADi - 2026-10-04 13:15:51 MESSAGE("nlp_f::eval") [.../casadi/core/sx_function.cpp:77]
CasADi - 2026-10-04 13:15:51 MESSAGE("nlp_jac_g::eval") [.../casadi/core/sx_function.cpp:77]
 122r 1.5731993e+01 9.08e-01 1.47e+03   0.2 1.66e+03    -  4.86e-03 1.01e-03f  1
CasADi - 2026-10-04 13:15:51 MESSAGE("nlp_grad_f::eval") [.../casadi/core/sx_function.cpp:77]
CasADi - 2026-10-04 13:15:51 MESSAGE("nlp_hess_l::eval") [.../casadi/core/sx_function.cpp:77]
CasADi - 2026-10-04 13:15:51 MESSAGE("nlp_g::eval") [.../casadi/core/sx_function.cpp:77]
CasADi - 2026-10-04 13:15:51 MESSAGE("nlp_f::eval") [.../casadi/core/sx_function.cpp:77]
CasADi - 2026-10-04 13:15:51 MESSAGE("nlp_grad_f::eval") [.../casadi/core/sx_function.cpp:77]
CasADi - 2026-10-04 13:15:51 MESSAGE("nlp_jac_g::eval") [.../casadi/core/sx_function.cpp:77]
CasADi - 2026-10-04 13:15:51 MESSAGE("nlp_hess_l::eval") [.../casadi/core/sx_function.cpp:77]
 123  1.5731856e+01 9.08e-01 3.11e+02  -1.0 1.27e+01    -  6.62e-03 9.58e-05f  1
CasADi - 2026-10-04 13:15:51 MESSAGE("nlp_g::eval") [.../casadi/core/sx_function.cpp:77]
CasADi - 2026-10-04 13:15:51 MESSAGE("nlp_f::eval") [.../casadi/core/sx_function.cpp:77]
CasADi - 2026-10-04 13:15:51 MESSAGE("nlp_grad_f::eval") [.../casadi/core/sx_function.cpp:77]
CasADi - 2026-10-04 13:15:51 MESSAGE("nlp_jac_g::eval") [.../casadi/core/sx_function.cpp:77]
CasADi - 2026-10-04 13:15:51 MESSAGE("nlp_hess_l::eval") [.../casadi/core/sx_function.cpp:77]
 124  1.5703451e+01 9.05e-01 3.62e+02  -1.0 1.58e+01    -  1.26e-03 3.03e-03f  1
CasADi - 2026-10-04 13:15:51 MESSAGE("nlp_g::eval") [.../casadi/core/sx_function.cpp:77]
CasADi - 2026-10-04 13:15:51 MESSAGE("nlp_f::eval") [.../casadi/core/sx_function.cpp:77]
CasADi - 2026-10-04 13:15:51 MESSAGE("nlp_grad_f::eval") [.../casadi/core/sx_function.cpp:77]
CasADi - 2026-10-04 13:15:51 MESSAGE("nlp_jac_g::eval") [.../casadi/core/sx_function.cpp:77]
CasADi - 2026-10-04 13:15:51 MESSAGE("nlp_hess_l::eval") [.../casadi/core/sx_function.cpp:77]
 125  1.5712037e+01 8.97e-01 3.78e+02  -1.0 7.69e+00    -  9.18e-03 9.78e-03h  1
CasADi - 2026-10-04 13:15:51 MESSAGE("nlp_g::eval") [.../casadi/core/sx_function.cpp:77]
CasADi - 2026-10-04 13:15:51 MESSAGE("nlp_f::eval") [.../casadi/core/sx_function.cpp:77]
CasADi - 2026-10-04 13:15:51 MESSAGE("nlp_grad_f::eval") [.../casadi/core/sx_function.cpp:77]
CasADi - 2026-10-04 13:15:51 MESSAGE("nlp_jac_g::eval") [.../casadi/core/sx_function.cpp:77]
CasADi - 2026-10-04 13:15:51 MESSAGE("nlp_hess_l::eval") [.../casadi/core/sx_function.cpp:77]
 126  1.5748077e+01 8.79e-01 8.13e+02  -1.0 9.96e+00    -  2.74e-02 1.89e-02f  1
CasADi - 2026-10-04 13:15:51 MESSAGE("nlp_g::eval") [.../casadi/core/sx_function.cpp:77]
CasADi - 2026-10-04 13:15:51 MESSAGE("nlp_f::eval") [.../casadi/core/sx_function.cpp:77]
CasADi - 2026-10-04 13:15:51 MESSAGE("nlp_grad_f::eval") [.../casadi/core/sx_function.cpp:77]
CasADi - 2026-10-04 13:15:51 MESSAGE("nlp_jac_g::eval") [.../casadi/core/sx_function.cpp:77]
CasADi - 2026-10-04 13:15:51 MESSAGE("nlp_hess_l::eval") [.../casadi/core/sx_function.cpp:77]
 127  1.5755064e+01 8.67e-01 4.58e+02  -1.0 1.46e+01    -  5.07e-03 1.33e-02h  1
CasADi - 2026-10-04 13:15:51 MESSAGE("nlp_g::eval") [.../casadi/core/sx_function.cpp:77]
CasADi - 2026-10-04 13:15:51 MESSAGE("nlp_f::eval") [.../casadi/core/sx_function.cpp:77]
CasADi - 2026-10-04 13:15:51 MESSAGE("nlp_grad_f::eval") [.../casadi/core/sx_function.cpp:77]
CasADi - 2026-10-04 13:15:51 MESSAGE("nlp_jac_g::eval") [.../casadi/core/sx_function.cpp:77]
CasADi - 2026-10-04 13:15:51 MESSAGE("nlp_hess_l::eval") [.../casadi/core/sx_function.cpp:77]
 128  1.5748882e+01 8.55e-01 1.31e+03  -1.0 1.05e+01    -  2.25e-02 1.32e-02h  1
CasADi - 2026-10-04 13:15:51 MESSAGE("nlp_g::eval") [.../casadi/core/sx_function.cpp:77]
CasADi - 2026-10-04 13:15:51 MESSAGE("nlp_f::eval") [.../casadi/core/sx_function.cpp:77]
CasADi - 2026-10-04 13:15:51 MESSAGE("nlp_grad_f::eval") [.../casadi/core/sx_function.cpp:77]
CasADi - 2026-10-04 13:15:51 MESSAGE("nlp_jac_g::eval") [.../casadi/core/sx_function.cpp:77]
CasADi - 2026-10-04 13:15:51 MESSAGE("nlp_hess_l::eval") [.../casadi/core/sx_function.cpp:77]
 129  1.5753514e+01 8.55e-01 7.20e+05  -1.0 2.71e-01   9.5 5.05e-04 9.04e-04h  1
CasADi - 2026-10-04 13:15:51 MESSAGE("nlp_g::eval") [.../casadi/core/sx_function.cpp:77]
CasADi - 2026-10-04 13:15:51 MESSAGE("nlp_f::eval") [.../casadi/core/sx_function.cpp:77]
CasADi - 2026-10-04 13:15:51 MESSAGE("nlp_g::eval") [.../casadi/core/sx_function.cpp:77]
CasADi - 2026-10-04 13:15:51 MESSAGE("nlp_f::eval") [.../casadi/core/sx_function.cpp:77]
CasADi - 2026-10-04 13:15:51 MESSAGE("nlp_g::eval") [.../casadi/core/sx_function.cpp:77]
CasADi - 2026-10-04 13:15:51 MESSAGE("nlp_f::eval") [.../casadi/core/sx_function.cpp:77]
CasADi - 2026-10-04 13:15:51 MESSAGE("nlp_g::eval") [.../casadi/core/sx_function.cpp:77]
CasADi - 2026-10-04 13:15:51 MESSAGE("nlp_f::eval") [.../casadi/core/sx_function.cpp:77]
CasADi - 2026-10-04 13:15:51 MESSAGE("nlp_g::eval") [.../casadi/core/sx_function.cpp:77]
CasADi - 2026-10-04 13:15:51 MESSAGE("nlp_f::eval") [.../casadi/core/sx_function.cpp:77]
CasADi - 2026-10-04 13:15:51 MESSAGE("nlp_f::eval") [.../casadi/core/sx_function.cpp:77]
CasADi - 2026-10-04 13:15:51 MESSAGE("nlp_g::eval") [.../casadi/core/sx_function.cpp:77]
CasADi - 2026-10-04 13:15:51 MESSAGE("nlp_grad_f::eval") [.../casadi/core/sx_function.cpp:77]
CasADi - 2026-10-04 13:15:51 MESSAGE("nlp_jac_g::eval") [.../casadi/core/sx_function.cpp:77]
CasADi - 2026-10-04 13:15:51 MESSAGE("nlp_g::eval") [.../casadi/core/sx_function.cpp:77]
CasADi - 2026-10-04 13:15:51 MESSAGE("nlp_jac_g::eval") [.../casadi/core/sx_function.cpp:77]
CasADi - 2026-10-04 13:15:51 MESSAGE("nlp_f::eval") [.../casadi/core/sx_function.cpp:77]
iter    objective    inf_pr   inf_du lg(mu)  ||d||  lg(rg) alpha_du alpha_pr  ls
 130r 1.5753514e+01 8.55e-01 9.99e+02  -0.1 0.00e+00   9.0 0.00e+00 3.00e-07R  6
CasADi - 2026-10-04 13:15:51 MESSAGE("nlp_g::eval") [.../casadi/core/sx_function.cpp:77]
CasADi - 2026-10-04 13:15:51 MESSAGE("nlp_f::eval") [.../casadi/core/sx_function.cpp:77]
CasADi - 2026-10-04 13:15:51 MESSAGE("nlp_jac_g::eval") [.../casadi/core/sx_function.cpp:77]
 131r 1.6115817e+01 8.59e-01 1.07e+03  -0.1 7.28e+02    -  5.19e-04 9.92e-04f  1
CasADi - 2026-10-04 13:15:51 MESSAGE("nlp_grad_f::eval") [.../casadi/core/sx_function.cpp:77]
CasADi - 2026-10-04 13:15:51 MESSAGE("nlp_hess_l::eval") [.../casadi/core/sx_function.cpp:77]
CasADi - 2026-10-04 13:15:51 MESSAGE("nlp_g::eval") [.../casadi/core/sx_function.cpp:77]
CasADi - 2026-10-04 13:15:51 MESSAGE("nlp_f::eval") [.../casadi/core/sx_function.cpp:77]
CasADi - 2026-10-04 13:15:51 MESSAGE("nlp_grad_f::eval") [.../casadi/core/sx_function.cpp:77]
CasADi - 2026-10-04 13:15:51 MESSAGE("nlp_jac_g::eval") [.../casadi/core/sx_function.cpp:77]
CasADi - 2026-10-04 13:15:51 MESSAGE("nlp_hess_l::eval") [.../casadi/core/sx_function.cpp:77]
 132  1.6115045e+01 8.59e-01 1.19e+03  -1.0 1.80e+01    -  1.11e-02 9.18e-05f  1
CasADi - 2026-10-04 13:15:51 MESSAGE("nlp_g::eval") [.../casadi/core/sx_function.cpp:77]
CasADi - 2026-10-04 13:15:51 MESSAGE("nlp_f::eval") [.../casadi/core/sx_function.cpp:77]
CasADi - 2026-10-04 13:15:51 MESSAGE("nlp_grad_f::eval") [.../casadi/core/sx_function.cpp:77]
CasADi - 2026-10-04 13:15:51 MESSAGE("nlp_jac_g::eval") [.../casadi/core/sx_function.cpp:77]
CasADi - 2026-10-04 13:15:51 MESSAGE("nlp_hess_l::eval") [.../casadi/core/sx_function.cpp:77]
 133  1.6102133e+01 8.55e-01 1.66e+03  -1.0 3.88e+00    -  1.83e-02 4.98e-03f  1
CasADi - 2026-10-04 13:15:51 MESSAGE("nlp_g::eval") [.../casadi/core/sx_function.cpp:77]
CasADi - 2026-10-04 13:15:51 MESSAGE("nlp_f::eval") [.../casadi/core/sx_function.cpp:77]
CasADi - 2026-10-04 13:15:51 MESSAGE("nlp_grad_f::eval") [.../casadi/core/sx_function.cpp:77]
CasADi - 2026-10-04 13:15:51 MESSAGE("nlp_jac_g::eval") [.../casadi/core/sx_function.cpp:77]
CasADi - 2026-10-04 13:15:51 MESSAGE("nlp_hess_l::eval") [.../casadi/core/sx_function.cpp:77]
 134  1.6020458e+01 8.06e-01 6.05e+02  -1.0 2.55e+00    -  2.23e-02 5.44e-02f  1
CasADi - 2026-10-04 13:15:51 MESSAGE("nlp_g::eval") [.../casadi/core/sx_function.cpp:77]
CasADi - 2026-10-04 13:15:51 MESSAGE("nlp_f::eval") [.../casadi/core/sx_function.cpp:77]
CasADi - 2026-10-04 13:15:51 MESSAGE("nlp_grad_f::eval") [.../casadi/core/sx_function.cpp:77]
CasADi - 2026-10-04 13:15:51 MESSAGE("nlp_jac_g::eval") [.../casadi/core/sx_function.cpp:77]
CasADi - 2026-10-04 13:15:51 MESSAGE("nlp_hess_l::eval") [.../casadi/core/sx_function.cpp:77]
 135  1.6032936e+01 8.04e-01 5.39e+05  -1.0 3.72e-01   8.5 2.21e-03 2.67e-03h  1
CasADi - 2026-10-04 13:15:51 MESSAGE("nlp_g::eval") [.../casadi/core/sx_function.cpp:77]
CasADi - 2026-10-04 13:15:51 MESSAGE("nlp_f::eval") [.../casadi/core/sx_function.cpp:77]
CasADi - 2026-10-04 13:15:51 MESSAGE("nlp_grad_f::eval") [.../casadi/core/sx_function.cpp:77]
CasADi - 2026-10-04 13:15:51 MESSAGE("nlp_jac_g::eval") [.../casadi/core/sx_function.cpp:77]
CasADi - 2026-10-04 13:15:51 MESSAGE("nlp_hess_l::eval") [.../casadi/core/sx_function.cpp:77]
 136  1.6033065e+01 8.04e-01 5.39e+05  -1.0 3.71e-01   8.0 8.13e-03 2.75e-05h  1
CasADi - 2026-10-04 13:15:51 MESSAGE("nlp_g::eval") [.../casadi/core/sx_function.cpp:77]
CasADi - 2026-10-04 13:15:51 MESSAGE("nlp_f::eval") [.../casadi/core/sx_function.cpp:77]
CasADi - 2026-10-04 13:15:51 MESSAGE("nlp_grad_f::eval") [.../casadi/core/sx_function.cpp:77]
CasADi - 2026-10-04 13:15:51 MESSAGE("nlp_jac_g::eval") [.../casadi/core/sx_function.cpp:77]
CasADi - 2026-10-04 13:15:51 MESSAGE("nlp_hess_l::eval") [.../casadi/core/sx_function.cpp:77]
 137  1.6033996e+01 8.04e-01 3.43e+07  -1.0 4.28e-01   7.6 1.15e-02 1.96e-04h  1
CasADi - 2026-10-04 13:15:51 MESSAGE("nlp_g::eval") [.../casadi/core/sx_function.cpp:77]
CasADi - 2026-10-04 13:15:51 MESSAGE("nlp_f::eval") [.../casadi/core/sx_function.cpp:77]
CasADi - 2026-10-04 13:15:51 MESSAGE("nlp_grad_f::eval") [.../casadi/core/sx_function.cpp:77]
CasADi - 2026-10-04 13:15:51 MESSAGE("nlp_jac_g::eval") [.../casadi/core/sx_function.cpp:77]
CasADi - 2026-10-04 13:15:51 MESSAGE("nlp_hess_l::eval") [.../casadi/core/sx_function.cpp:77]
 138  1.6038625e+01 8.03e-01 5.32e+07  -1.0 4.48e-01   7.1 2.04e-02 9.66e-04h  1
CasADi - 2026-10-04 13:15:51 MESSAGE("nlp_g::eval") [.../casadi/core/sx_function.cpp:77]
CasADi - 2026-10-04 13:15:51 MESSAGE("nlp_f::eval") [.../casadi/core/sx_function.cpp:77]
CasADi - 2026-10-04 13:15:51 MESSAGE("nlp_grad_f::eval") [.../casadi/core/sx_function.cpp:77]
CasADi - 2026-10-04 13:15:51 MESSAGE("nlp_jac_g::eval") [.../casadi/core/sx_function.cpp:77]
CasADi - 2026-10-04 13:15:51 MESSAGE("nlp_hess_l::eval") [.../casadi/core/sx_function.cpp:77]
 139  1.6045639e+01 8.02e-01 6.16e+07  -1.0 5.06e-01   6.6 3.28e-02 1.44e-03h  1
CasADi - 2026-10-04 13:15:51 MESSAGE("nlp_g::eval") [.../casadi/core/sx_function.cpp:77]
CasADi - 2026-10-04 13:15:51 MESSAGE("nlp_f::eval") [.../casadi/core/sx_function.cpp:77]
CasADi - 2026-10-04 13:15:51 MESSAGE("nlp_grad_f::eval") [.../casadi/core/sx_function.cpp:77]
CasADi - 2026-10-04 13:15:51 MESSAGE("nlp_jac_g::eval") [.../casadi/core/sx_function.cpp:77]
CasADi - 2026-10-04 13:15:51 MESSAGE("nlp_hess_l::eval") [.../casadi/core/sx_function.cpp:77]
iter    objective    inf_pr   inf_du lg(mu)  ||d||  lg(rg) alpha_du alpha_pr  ls
 140  1.6055914e+01 8.00e-01 7.24e+07  -1.0 4.21e-01   7.0 1.33e-02 2.06e-03h  1
CasADi - 2026-10-04 13:15:51 MESSAGE("nlp_g::eval") [.../casadi/core/sx_function.cpp:77]
CasADi - 2026-10-04 13:15:51 MESSAGE("nlp_f::eval") [.../casadi/core/sx_function.cpp:77]
CasADi - 2026-10-04 13:15:51 MESSAGE("nlp_grad_f::eval") [.../casadi/core/sx_function.cpp:77]
CasADi - 2026-10-04 13:15:51 MESSAGE("nlp_jac_g::eval") [.../casadi/core/sx_function.cpp:77]
CasADi - 2026-10-04 13:15:51 MESSAGE("nlp_hess_l::eval") [.../casadi/core/sx_function.cpp:77]
 141  1.6061226e+01 7.99e-01 2.38e+08  -1.0 4.13e-01   7.5 6.14e-02 1.06e-03h  1
CasADi - 2026-10-04 13:15:51 MESSAGE("nlp_g::eval") [.../casadi/core/sx_function.cpp:77]
CasADi - 2026-10-04 13:15:51 MESSAGE("nlp_f::eval") [.../casadi/core/sx_function.cpp:77]
CasADi - 2026-10-04 13:15:51 MESSAGE("nlp_grad_f::eval") [.../casadi/core/sx_function.cpp:77]
CasADi - 2026-10-04 13:15:51 MESSAGE("nlp_jac_g::eval") [.../casadi/core/sx_function.cpp:77]
CasADi - 2026-10-04 13:15:51 MESSAGE("nlp_hess_l::eval") [.../casadi/core/sx_function.cpp:77]
 142  1.6076455e+01 7.97e-01 2.40e+08  -1.0 4.23e-01   7.0 6.95e-03 3.12e-03h  1
CasADi - 2026-10-04 13:15:51 MESSAGE("nlp_g::eval") [.../casadi/core/sx_function.cpp:77]
CasADi - 2026-10-04 13:15:51 MESSAGE("nlp_f::eval") [.../casadi/core/sx_function.cpp:77]
CasADi - 2026-10-04 13:15:51 MESSAGE("nlp_grad_f::eval") [.../casadi/core/sx_function.cpp:77]
CasADi - 2026-10-04 13:15:51 MESSAGE("nlp_jac_g::eval") [.../casadi/core/sx_function.cpp:77]
CasADi - 2026-10-04 13:15:51 MESSAGE("nlp_hess_l::eval") [.../casadi/core/sx_function.cpp:77]
 143  1.6082640e+01 7.96e-01 2.91e+08  -1.0 4.14e-01   7.4 2.42e-02 1.27e-03h  1
CasADi - 2026-10-04 13:15:51 MESSAGE("nlp_g::eval") [.../casadi/core/sx_function.cpp:77]
CasADi - 2026-10-04 13:15:51 MESSAGE("nlp_f::eval") [.../casadi/core/sx_function.cpp:77]
CasADi - 2026-10-04 13:15:51 MESSAGE("nlp_grad_f::eval") [.../casadi/core/sx_function.cpp:77]
CasADi - 2026-10-04 13:15:51 MESSAGE("nlp_jac_g::eval") [.../casadi/core/sx_function.cpp:77]
CasADi - 2026-10-04 13:15:51 MESSAGE("nlp_hess_l::eval") [.../casadi/core/sx_function.cpp:77]
 144  1.6096113e+01 7.94e-01 2.93e+08  -1.0 4.31e-01   6.9 9.52e-03 2.72e-03h  1
CasADi - 2026-10-04 13:15:51 MESSAGE("nlp_g::eval") [.../casadi/core/sx_function.cpp:77]
CasADi - 2026-10-04 13:15:51 MESSAGE("nlp_f::eval") [.../casadi/core/sx_function.cpp:77]
CasADi - 2026-10-04 13:15:51 MESSAGE("nlp_grad_f::eval") [.../casadi/core/sx_function.cpp:77]
CasADi - 2026-10-04 13:15:51 MESSAGE("nlp_jac_g::eval") [.../casadi/core/sx_function.cpp:77]
CasADi - 2026-10-04 13:15:51 MESSAGE("nlp_hess_l::eval") [.../casadi/core/sx_function.cpp:77]
 145  1.6097648e+01 7.94e-01 3.87e+08  -1.0 4.22e-01   7.4 4.78e-02 3.11e-04h  1
CasADi - 2026-10-04 13:15:51 MESSAGE("nlp_g::eval") [.../casadi/core/sx_function.cpp:77]
CasADi - 2026-10-04 13:15:51 MESSAGE("nlp_f::eval") [.../casadi/core/sx_function.cpp:77]
CasADi - 2026-10-04 13:15:51 MESSAGE("nlp_grad_f::eval") [.../casadi/core/sx_function.cpp:77]
CasADi - 2026-10-04 13:15:51 MESSAGE("nlp_jac_g::eval") [.../casadi/core/sx_function.cpp:77]
CasADi - 2026-10-04 13:15:51 MESSAGE("nlp_hess_l::eval") [.../casadi/core/sx_function.cpp:77]
 146  1.6109803e+01 7.92e-01 3.86e+08  -1.0 4.69e-01   6.9 2.50e-03 2.49e-03h  1
CasADi - 2026-10-04 13:15:51 MESSAGE("nlp_g::eval") [.../casadi/core/sx_function.cpp:77]
CasADi - 2026-10-04 13:15:51 MESSAGE("nlp_f::eval") [.../casadi/core/sx_function.cpp:77]
CasADi - 2026-10-04 13:15:51 MESSAGE("nlp_grad_f::eval") [.../casadi/core/sx_function.cpp:77]
CasADi - 2026-10-04 13:15:51 MESSAGE("nlp_jac_g::eval") [.../casadi/core/sx_function.cpp:77]
CasADi - 2026-10-04 13:15:51 MESSAGE("nlp_hess_l::eval") [.../casadi/core/sx_function.cpp:77]
 147  1.6111377e+01 7.91e-01 4.19e+08  -1.0 4.53e-01   7.3 1.67e-02 3.21e-04h  1
CasADi - 2026-10-04 13:15:51 MESSAGE("nlp_g::eval") [.../casadi/core/sx_function.cpp:77]
CasADi - 2026-10-04 13:15:51 MESSAGE("nlp_f::eval") [.../casadi/core/sx_function.cpp:77]
CasADi - 2026-10-04 13:15:51 MESSAGE("nlp_grad_f::eval") [.../casadi/core/sx_function.cpp:77]
CasADi - 2026-10-04 13:15:51 MESSAGE("nlp_jac_g::eval") [.../casadi/core/sx_function.cpp:77]
CasADi - 2026-10-04 13:15:51 MESSAGE("nlp_hess_l::eval") [.../casadi/core/sx_function.cpp:77]
 148  1.6118980e+01 7.90e-01 6.89e+08  -1.0 5.64e-01   6.8 3.94e-02 1.54e-03h  1
CasADi - 2026-10-04 13:15:51 MESSAGE("nlp_g::eval") [.../casadi/core/sx_function.cpp:77]
CasADi - 2026-10-04 13:15:51 MESSAGE("nlp_f::eval") [.../casadi/core/sx_function.cpp:77]
CasADi - 2026-10-04 13:15:51 MESSAGE("nlp_grad_f::eval") [.../casadi/core/sx_function.cpp:77]
CasADi - 2026-10-04 13:15:51 MESSAGE("nlp_jac_g::eval") [.../casadi/core/sx_function.cpp:77]
CasADi - 2026-10-04 13:15:51 MESSAGE("nlp_hess_l::eval") [.../casadi/core/sx_function.cpp:77]
 149  1.6126811e+01 7.89e-01 7.68e+08  -1.0 5.89e-01   7.3 4.66e-03 1.59e-03h  1
CasADi - 2026-10-04 13:15:51 MESSAGE("nlp_g::eval") [.../casadi/core/sx_function.cpp:77]
CasADi - 2026-10-04 13:15:51 MESSAGE("nlp_f::eval") [.../casadi/core/sx_function.cpp:77]
CasADi - 2026-10-04 13:15:51 MESSAGE("nlp_grad_f::eval") [.../casadi/core/sx_function.cpp:77]
CasADi - 2026-10-04 13:15:51 MESSAGE("nlp_jac_g::eval") [.../casadi/core/sx_function.cpp:77]
CasADi - 2026-10-04 13:15:51 MESSAGE("nlp_hess_l::eval") [.../casadi/core/sx_function.cpp:77]
iter    objective    inf_pr   inf_du lg(mu)  ||d||  lg(rg) alpha_du alpha_pr  ls
 150  1.6130398e+01 7.88e-01 1.12e+09  -1.0 5.78e-01   6.8 3.60e-02 7.25e-04h  1
CasADi - 2026-10-04 13:15:51 MESSAGE("nlp_g::eval") [.../casadi/core/sx_function.cpp:77]
CasADi - 2026-10-04 13:15:51 MESSAGE("nlp_f::eval") [.../casadi/core/sx_function.cpp:77]
CasADi - 2026-10-04 13:15:51 MESSAGE("nlp_grad_f::eval") [.../casadi/core/sx_function.cpp:77]
CasADi - 2026-10-04 13:15:51 MESSAGE("nlp_jac_g::eval") [.../casadi/core/sx_function.cpp:77]
CasADi - 2026-10-04 13:15:51 MESSAGE("nlp_hess_l::eval") [.../casadi/core/sx_function.cpp:77]
 151  1.6136363e+01 7.87e-01 1.13e+09  -1.0 5.84e-01   7.2 1.66e-03 1.22e-03h  1
CasADi - 2026-10-04 13:15:51 MESSAGE("nlp_g::eval") [.../casadi/core/sx_function.cpp:77]
CasADi - 2026-10-04 13:15:51 MESSAGE("nlp_f::eval") [.../casadi/core/sx_function.cpp:77]
CasADi - 2026-10-04 13:15:51 MESSAGE("nlp_grad_f::eval") [.../casadi/core/sx_function.cpp:77]
CasADi - 2026-10-04 13:15:51 MESSAGE("nlp_jac_g::eval") [.../casadi/core/sx_function.cpp:77]
CasADi - 2026-10-04 13:15:51 MESSAGE("nlp_hess_l::eval") [.../casadi/core/sx_function.cpp:77]
 152  1.6141367e+01 7.87e-01 1.17e+09  -1.0 5.65e-01   6.7 6.14e-03 1.01e-03h  1
CasADi - 2026-10-04 13:15:52 MESSAGE("nlp_g::eval") [.../casadi/core/sx_function.cpp:77]
CasADi - 2026-10-04 13:15:52 MESSAGE("nlp_f::eval") [.../casadi/core/sx_function.cpp:77]
CasADi - 2026-10-04 13:15:52 MESSAGE("nlp_grad_f::eval") [.../casadi/core/sx_function.cpp:77]
CasADi - 2026-10-04 13:15:52 MESSAGE("nlp_jac_g::eval") [.../casadi/core/sx_function.cpp:77]
CasADi - 2026-10-04 13:15:52 MESSAGE("nlp_hess_l::eval") [.../casadi/core/sx_function.cpp:77]
 153  1.6156868e+01 7.84e-01 1.36e+09  -1.0 5.36e-01   7.2 1.06e-02 3.14e-03h  1
CasADi - 2026-10-04 13:15:52 MESSAGE("nlp_g::eval") [.../casadi/core/sx_function.cpp:77]
CasADi - 2026-10-04 13:15:52 MESSAGE("nlp_f::eval") [.../casadi/core/sx_function.cpp:77]
CasADi - 2026-10-04 13:15:52 MESSAGE("nlp_grad_f::eval") [.../casadi/core/sx_function.cpp:77]
CasADi - 2026-10-04 13:15:52 MESSAGE("nlp_jac_g::eval") [.../casadi/core/sx_function.cpp:77]
CasADi - 2026-10-04 13:15:52 MESSAGE("nlp_hess_l::eval") [.../casadi/core/sx_function.cpp:77]
 154  1.6157025e+01 7.84e-01 1.52e+09  -1.0 5.10e-01   7.6 2.54e-03 3.21e-05h  1
CasADi - 2026-10-04 13:15:52 MESSAGE("nlp_g::eval") [.../casadi/core/sx_function.cpp:77]
CasADi - 2026-10-04 13:15:52 MESSAGE("nlp_f::eval") [.../casadi/core/sx_function.cpp:77]
CasADi - 2026-10-04 13:15:52 MESSAGE("nlp_grad_f::eval") [.../casadi/core/sx_function.cpp:77]
CasADi - 2026-10-04 13:15:52 MESSAGE("nlp_jac_g::eval") [.../casadi/core/sx_function.cpp:77]
CasADi - 2026-10-04 13:15:52 MESSAGE("nlp_hess_l::eval") [.../casadi/core/sx_function.cpp:77]
 155  1.6170702e+01 7.82e-01 1.62e+09  -1.0 5.02e-01   7.1 7.20e-03 2.76e-03h  1
CasADi - 2026-10-04 13:15:52 MESSAGE("nlp_g::eval") [.../casadi/core/sx_function.cpp:77]
CasADi - 2026-10-04 13:15:52 MESSAGE("nlp_f::eval") [.../casadi/core/sx_function.cpp:77]
CasADi - 2026-10-04 13:15:52 MESSAGE("nlp_grad_f::eval") [.../casadi/core/sx_function.cpp:77]
CasADi - 2026-10-04 13:15:52 MESSAGE("nlp_jac_g::eval") [.../casadi/core/sx_function.cpp:77]
CasADi - 2026-10-04 13:15:52 MESSAGE("nlp_hess_l::eval") [.../casadi/core/sx_function.cpp:77]
 156  1.6182060e+01 7.80e-01 1.67e+09  -1.0 4.86e-01   7.5 3.17e-03 2.32e-03h  1
CasADi - 2026-10-04 13:15:52 MESSAGE("nlp_g::eval") [.../casadi/core/sx_function.cpp:77]
CasADi - 2026-10-04 13:15:52 MESSAGE("nlp_f::eval") [.../casadi/core/sx_function.cpp:77]
CasADi - 2026-10-04 13:15:52 MESSAGE("nlp_grad_f::eval") [.../casadi/core/sx_function.cpp:77]
CasADi - 2026-10-04 13:15:52 MESSAGE("nlp_jac_g::eval") [.../casadi/core/sx_function.cpp:77]
CasADi - 2026-10-04 13:15:52 MESSAGE("nlp_hess_l::eval") [.../casadi/core/sx_function.cpp:77]
 157  1.6182158e+01 7.80e-01 1.73e+09  -1.0 5.32e-01   7.0 3.11e-03 2.01e-05h  1
CasADi - 2026-10-04 13:15:52 MESSAGE("nlp_g::eval") [.../casadi/core/sx_function.cpp:77]
CasADi - 2026-10-04 13:15:52 MESSAGE("nlp_f::eval") [.../casadi/core/sx_function.cpp:77]
CasADi - 2026-10-04 13:15:52 MESSAGE("nlp_grad_f::eval") [.../casadi/core/sx_function.cpp:77]
CasADi - 2026-10-04 13:15:52 MESSAGE("nlp_jac_g::eval") [.../casadi/core/sx_function.cpp:77]
CasADi - 2026-10-04 13:15:52 MESSAGE("nlp_hess_l::eval") [.../casadi/core/sx_function.cpp:77]
 158  1.6183701e+01 7.80e-01 2.04e+09  -1.0 4.78e-01   7.5 5.50e-03 3.12e-04h  1
CasADi - 2026-10-04 13:15:52 MESSAGE("nlp_g::eval") [.../casadi/core/sx_function.cpp:77]
CasADi - 2026-10-04 13:15:52 MESSAGE("nlp_f::eval") [.../casadi/core/sx_function.cpp:77]
CasADi - 2026-10-04 13:15:52 MESSAGE("nlp_grad_f::eval") [.../casadi/core/sx_function.cpp:77]
CasADi - 2026-10-04 13:15:52 MESSAGE("nlp_jac_g::eval") [.../casadi/core/sx_function.cpp:77]
CasADi - 2026-10-04 13:15:52 MESSAGE("nlp_hess_l::eval") [.../casadi/core/sx_function.cpp:77]
 159  1.6205117e+01 7.76e-01 2.09e+09  -1.0 4.72e-01   7.0 7.62e-03 4.32e-03h  1
CasADi - 2026-10-04 13:15:52 MESSAGE("nlp_g::eval") [.../casadi/core/sx_function.cpp:77]
CasADi - 2026-10-04 13:15:52 MESSAGE("nlp_f::eval") [.../casadi/core/sx_function.cpp:77]
CasADi - 2026-10-04 13:15:52 MESSAGE("nlp_grad_f::eval") [.../casadi/core/sx_function.cpp:77]
CasADi - 2026-10-04 13:15:52 MESSAGE("nlp_jac_g::eval") [.../casadi/core/sx_function.cpp:77]
CasADi - 2026-10-04 13:15:52 MESSAGE("nlp_hess_l::eval") [.../casadi/core/sx_function.cpp:77]
iter    objective    inf_pr   inf_du lg(mu)  ||d||  lg(rg) alpha_du alpha_pr  ls
 160  1.6206132e+01 7.76e-01 2.16e+09  -1.0 5.38e-01   7.4 1.53e-03 2.08e-04h  1
CasADi - 2026-10-04 13:15:52 MESSAGE("nlp_g::eval") [.../casadi/core/sx_function.cpp:77]
CasADi - 2026-10-04 13:15:52 MESSAGE("nlp_f::eval") [.../casadi/core/sx_function.cpp:77]
CasADi - 2026-10-04 13:15:52 MESSAGE("nlp_grad_f::eval") [.../casadi/core/sx_function.cpp:77]
CasADi - 2026-10-04 13:15:52 MESSAGE("nlp_jac_g::eval") [.../casadi/core/sx_function.cpp:77]
CasADi - 2026-10-04 13:15:52 MESSAGE("nlp_hess_l::eval") [.../casadi/core/sx_function.cpp:77]
 161  1.6214599e+01 7.75e-01 2.16e+09  -1.0 5.83e-01   6.9 1.57e-03 1.72e-03h  1
CasADi - 2026-10-04 13:15:52 MESSAGE("nlp_g::eval") [.../casadi/core/sx_function.cpp:77]
CasADi - 2026-10-04 13:15:52 MESSAGE("nlp_f::eval") [.../casadi/core/sx_function.cpp:77]
CasADi - 2026-10-04 13:15:52 MESSAGE("nlp_grad_f::eval") [.../casadi/core/sx_function.cpp:77]
CasADi - 2026-10-04 13:15:52 MESSAGE("nlp_jac_g::eval") [.../casadi/core/sx_function.cpp:77]
CasADi - 2026-10-04 13:15:52 MESSAGE("nlp_hess_l::eval") [.../casadi/core/sx_function.cpp:77]
 162  1.6214696e+01 7.75e-01 2.71e+09  -1.0 5.48e-01   7.4 1.09e-02 2.00e-05h  1
CasADi - 2026-10-04 13:15:52 MESSAGE("nlp_g::eval") [.../casadi/core/sx_function.cpp:77]
CasADi - 2026-10-04 13:15:52 MESSAGE("nlp_f::eval") [.../casadi/core/sx_function.cpp:77]
CasADi - 2026-10-04 13:15:52 MESSAGE("nlp_grad_f::eval") [.../casadi/core/sx_function.cpp:77]
CasADi - 2026-10-04 13:15:52 MESSAGE("nlp_jac_g::eval") [.../casadi/core/sx_function.cpp:77]
CasADi - 2026-10-04 13:15:52 MESSAGE("nlp_hess_l::eval") [.../casadi/core/sx_function.cpp:77]
 163  1.6217643e+01 7.74e-01 2.93e+09  -1.0 5.14e-01   6.9 1.35e-02 5.86e-04h  1
CasADi - 2026-10-04 13:15:52 MESSAGE("nlp_g::eval") [.../casadi/core/sx_function.cpp:77]
CasADi - 2026-10-04 13:15:52 MESSAGE("nlp_f::eval") [.../casadi/core/sx_function.cpp:77]
CasADi - 2026-10-04 13:15:52 MESSAGE("nlp_grad_f::eval") [.../casadi/core/sx_function.cpp:77]
CasADi - 2026-10-04 13:15:52 MESSAGE("nlp_jac_g::eval") [.../casadi/core/sx_function.cpp:77]
CasADi - 2026-10-04 13:15:52 MESSAGE("nlp_hess_l::eval") [.../casadi/core/sx_function.cpp:77]
 164  1.6219955e+01 7.74e-01 3.24e+09  -1.0 5.20e-01   7.3 6.41e-03 4.63e-04h  1
CasADi - 2026-10-04 13:15:52 MESSAGE("nlp_g::eval") [.../casadi/core/sx_function.cpp:77]
CasADi - 2026-10-04 13:15:52 MESSAGE("nlp_f::eval") [.../casadi/core/sx_function.cpp:77]
CasADi - 2026-10-04 13:15:52 MESSAGE("nlp_grad_f::eval") [.../casadi/core/sx_function.cpp:77]
CasADi - 2026-10-04 13:15:52 MESSAGE("nlp_jac_g::eval") [.../casadi/core/sx_function.cpp:77]
CasADi - 2026-10-04 13:15:52 MESSAGE("nlp_hess_l::eval") [.../casadi/core/sx_function.cpp:77]
 165  1.6240397e+01 7.71e-01 3.18e+09  -1.0 5.31e-01   6.8 1.21e-03 4.13e-03h  1
CasADi - 2026-10-04 13:15:52 MESSAGE("nlp_g::eval") [.../casadi/core/sx_function.cpp:77]
CasADi - 2026-10-04 13:15:52 MESSAGE("nlp_f::eval") [.../casadi/core/sx_function.cpp:77]
CasADi - 2026-10-04 13:15:52 MESSAGE("nlp_grad_f::eval") [.../casadi/core/sx_function.cpp:77]
CasADi - 2026-10-04 13:15:52 MESSAGE("nlp_jac_g::eval") [.../casadi/core/sx_function.cpp:77]
CasADi - 2026-10-04 13:15:52 MESSAGE("nlp_hess_l::eval") [.../casadi/core/sx_function.cpp:77]
 166  1.6240608e+01 7.71e-01 3.40e+09  -1.0 5.16e-01   7.3 5.30e-03 4.33e-05h  1
CasADi - 2026-10-04 13:15:52 MESSAGE("nlp_g::eval") [.../casadi/core/sx_function.cpp:77]
CasADi - 2026-10-04 13:15:52 MESSAGE("nlp_f::eval") [.../casadi/core/sx_function.cpp:77]
CasADi - 2026-10-04 13:15:52 MESSAGE("nlp_grad_f::eval") [.../casadi/core/sx_function.cpp:77]
CasADi - 2026-10-04 13:15:52 MESSAGE("nlp_jac_g::eval") [.../casadi/core/sx_function.cpp:77]
CasADi - 2026-10-04 13:15:52 MESSAGE("nlp_hess_l::eval") [.../casadi/core/sx_function.cpp:77]
 167  1.6240672e+01 7.71e-01 3.74e+09  -1.0 5.03e-01   6.8 2.65e-02 1.27e-05h  1
CasADi - 2026-10-04 13:15:52 MESSAGE("nlp_g::eval") [.../casadi/core/sx_function.cpp:77]
CasADi - 2026-10-04 13:15:52 MESSAGE("nlp_f::eval") [.../casadi/core/sx_function.cpp:77]
CasADi - 2026-10-04 13:15:52 MESSAGE("nlp_grad_f::eval") [.../casadi/core/sx_function.cpp:77]
CasADi - 2026-10-04 13:15:52 MESSAGE("nlp_jac_g::eval") [.../casadi/core/sx_function.cpp:77]
CasADi - 2026-10-04 13:15:52 MESSAGE("nlp_hess_l::eval") [.../casadi/core/sx_function.cpp:77]
 168  1.6302605e+01 7.61e-01 3.70e+09  -1.0 5.15e-01   7.2 1.26e-02 1.24e-02h  1
CasADi - 2026-10-04 13:15:52 MESSAGE("nlp_g::eval") [.../casadi/core/sx_function.cpp:77]
CasADi - 2026-10-04 13:15:52 MESSAGE("nlp_f::eval") [.../casadi/core/sx_function.cpp:77]
CasADi - 2026-10-04 13:15:52 MESSAGE("nlp_grad_f::eval") [.../casadi/core/sx_function.cpp:77]
CasADi - 2026-10-04 13:15:52 MESSAGE("nlp_jac_g::eval") [.../casadi/core/sx_function.cpp:77]
CasADi - 2026-10-04 13:15:52 MESSAGE("nlp_hess_l::eval") [.../casadi/core/sx_function.cpp:77]
 169  1.6303264e+01 7.61e-01 4.77e+09  -1.0 4.71e-01   7.6 1.12e-02 1.37e-04h  1
CasADi - 2026-10-04 13:15:52 MESSAGE("nlp_g::eval") [.../casadi/core/sx_function.cpp:77]
CasADi - 2026-10-04 13:15:52 MESSAGE("nlp_f::eval") [.../casadi/core/sx_function.cpp:77]
CasADi - 2026-10-04 13:15:52 MESSAGE("nlp_grad_f::eval") [.../casadi/core/sx_function.cpp:77]
CasADi - 2026-10-04 13:15:52 MESSAGE("nlp_jac_g::eval") [.../casadi/core/sx_function.cpp:77]
CasADi - 2026-10-04 13:15:52 MESSAGE("nlp_hess_l::eval") [.../casadi/core/sx_function.cpp:77]
iter    objective    inf_pr   inf_du lg(mu)  ||d||  lg(rg) alpha_du alpha_pr  ls
 170  1.6304824e+01 7.61e-01 5.02e+09  -1.0 4.71e-01   7.2 8.58e-03 3.21e-04h  1
CasADi - 2026-10-04 13:15:52 MESSAGE("nlp_g::eval") [.../casadi/core/sx_function.cpp:77]
CasADi - 2026-10-04 13:15:52 MESSAGE("nlp_f::eval") [.../casadi/core/sx_function.cpp:77]
CasADi - 2026-10-04 13:15:52 MESSAGE("nlp_grad_f::eval") [.../casadi/core/sx_function.cpp:77]
CasADi - 2026-10-04 13:15:52 MESSAGE("nlp_jac_g::eval") [.../casadi/core/sx_function.cpp:77]
CasADi - 2026-10-04 13:15:52 MESSAGE("nlp_hess_l::eval") [.../casadi/core/sx_function.cpp:77]
 171  1.6354421e+01 7.53e-01 4.84e+09  -1.0 4.77e-01   7.6 8.74e-03 1.02e-02h  1
CasADi - 2026-10-04 13:15:52 MESSAGE("nlp_g::eval") [.../casadi/core/sx_function.cpp:77]
CasADi - 2026-10-04 13:15:52 MESSAGE("nlp_f::eval") [.../casadi/core/sx_function.cpp:77]
CasADi - 2026-10-04 13:15:52 MESSAGE("nlp_grad_f::eval") [.../casadi/core/sx_function.cpp:77]
CasADi - 2026-10-04 13:15:52 MESSAGE("nlp_jac_g::eval") [.../casadi/core/sx_function.cpp:77]
CasADi - 2026-10-04 13:15:52 MESSAGE("nlp_hess_l::eval") [.../casadi/core/sx_function.cpp:77]
 172  1.6358980e+01 7.52e-01 5.66e+09  -1.0 4.56e-01   7.1 3.48e-02 9.54e-04h  1
CasADi - 2026-10-04 13:15:52 MESSAGE("nlp_g::eval") [.../casadi/core/sx_function.cpp:77]
CasADi - 2026-10-04 13:15:52 MESSAGE("nlp_f::eval") [.../casadi/core/sx_function.cpp:77]
CasADi - 2026-10-04 13:15:52 MESSAGE("nlp_grad_f::eval") [.../casadi/core/sx_function.cpp:77]
CasADi - 2026-10-04 13:15:52 MESSAGE("nlp_jac_g::eval") [.../casadi/core/sx_function.cpp:77]
CasADi - 2026-10-04 13:15:52 MESSAGE("nlp_hess_l::eval") [.../casadi/core/sx_function.cpp:77]
 173  1.6376430e+01 7.50e-01 9.77e+09  -1.0 4.48e-01   7.5 6.29e-02 3.68e-03h  1
CasADi - 2026-10-04 13:15:52 MESSAGE("nlp_g::eval") [.../casadi/core/sx_function.cpp:77]
CasADi - 2026-10-04 13:15:52 MESSAGE("nlp_f::eval") [.../casadi/core/sx_function.cpp:77]
CasADi - 2026-10-04 13:15:52 MESSAGE("nlp_grad_f::eval") [.../casadi/core/sx_function.cpp:77]
CasADi - 2026-10-04 13:15:52 MESSAGE("nlp_jac_g::eval") [.../casadi/core/sx_function.cpp:77]
CasADi - 2026-10-04 13:15:52 MESSAGE("nlp_hess_l::eval") [.../casadi/core/sx_function.cpp:77]
 174  1.6414245e+01 7.44e-01 9.70e+09  -1.0 4.96e-01   7.1 9.18e-03 8.05e-03h  1
CasADi - 2026-10-04 13:15:52 MESSAGE("nlp_g::eval") [.../casadi/core/sx_function.cpp:77]
CasADi - 2026-10-04 13:15:52 MESSAGE("nlp_f::eval") [.../casadi/core/sx_function.cpp:77]
CasADi - 2026-10-04 13:15:52 MESSAGE("nlp_grad_f::eval") [.../casadi/core/sx_function.cpp:77]
CasADi - 2026-10-04 13:15:52 MESSAGE("nlp_jac_g::eval") [.../casadi/core/sx_function.cpp:77]
CasADi - 2026-10-04 13:15:52 MESSAGE("nlp_hess_l::eval") [.../casadi/core/sx_function.cpp:77]
 175  1.6415416e+01 7.43e-01 1.28e+10  -1.0 4.51e-01   7.5 6.17e-02 2.52e-04h  1
CasADi - 2026-10-04 13:15:52 MESSAGE("nlp_g::eval") [.../casadi/core/sx_function.cpp:77]
CasADi - 2026-10-04 13:15:52 MESSAGE("nlp_f::eval") [.../casadi/core/sx_function.cpp:77]
CasADi - 2026-10-04 13:15:52 MESSAGE("nlp_grad_f::eval") [.../casadi/core/sx_function.cpp:77]
CasADi - 2026-10-04 13:15:52 MESSAGE("nlp_jac_g::eval") [.../casadi/core/sx_function.cpp:77]
CasADi - 2026-10-04 13:15:52 MESSAGE("nlp_hess_l::eval") [.../casadi/core/sx_function.cpp:77]
 176  1.6462305e+01 7.36e-01 1.27e+10  -1.0 4.90e-01   7.0 2.08e-02 1.01e-02h  1
CasADi - 2026-10-04 13:15:52 MESSAGE("nlp_g::eval") [.../casadi/core/sx_function.cpp:77]
CasADi - 2026-10-04 13:15:52 MESSAGE("nlp_f::eval") [.../casadi/core/sx_function.cpp:77]
CasADi - 2026-10-04 13:15:52 MESSAGE("nlp_grad_f::eval") [.../casadi/core/sx_function.cpp:77]
CasADi - 2026-10-04 13:15:52 MESSAGE("nlp_jac_g::eval") [.../casadi/core/sx_function.cpp:77]
CasADi - 2026-10-04 13:15:52 MESSAGE("nlp_hess_l::eval") [.../casadi/core/sx_function.cpp:77]
 177  1.6464644e+01 7.36e-01 1.64e+10  -1.0 4.56e-01   7.4 9.96e-02 5.08e-04h  1
CasADi - 2026-10-04 13:15:53 MESSAGE("nlp_g::eval") [.../casadi/core/sx_function.cpp:77]
CasADi - 2026-10-04 13:15:53 MESSAGE("nlp_f::eval") [.../casadi/core/sx_function.cpp:77]
CasADi - 2026-10-04 13:15:53 MESSAGE("nlp_grad_f::eval") [.../casadi/core/sx_function.cpp:77]
CasADi - 2026-10-04 13:15:53 MESSAGE("nlp_jac_g::eval") [.../casadi/core/sx_function.cpp:77]
CasADi - 2026-10-04 13:15:53 MESSAGE("nlp_hess_l::eval") [.../casadi/core/sx_function.cpp:77]
 178  1.6523325e+01 7.26e-01 1.61e+10  -1.0 7.07e-01   7.0 1.81e-03 1.32e-02h  1
CasADi - 2026-10-04 13:15:53 MESSAGE("nlp_g::eval") [.../casadi/core/sx_function.cpp:77]
CasADi - 2026-10-04 13:15:53 MESSAGE("nlp_f::eval") [.../casadi/core/sx_function.cpp:77]
CasADi - 2026-10-04 13:15:53 MESSAGE("nlp_grad_f::eval") [.../casadi/core/sx_function.cpp:77]
CasADi - 2026-10-04 13:15:53 MESSAGE("nlp_jac_g::eval") [.../casadi/core/sx_function.cpp:77]
CasADi - 2026-10-04 13:15:53 MESSAGE("nlp_hess_l::eval") [.../casadi/core/sx_function.cpp:77]
 179  1.6532059e+01 7.25e-01 1.64e+10  -1.0 4.69e-01   7.4 1.70e-02 1.97e-03h  1
CasADi - 2026-10-04 13:15:53 MESSAGE("nlp_g::eval") [.../casadi/core/sx_function.cpp:77]
CasADi - 2026-10-04 13:15:53 MESSAGE("nlp_f::eval") [.../casadi/core/sx_function.cpp:77]
CasADi - 2026-10-04 13:15:53 MESSAGE("nlp_grad_f::eval") [.../casadi/core/sx_function.cpp:77]
CasADi - 2026-10-04 13:15:53 MESSAGE("nlp_jac_g::eval") [.../casadi/core/sx_function.cpp:77]
CasADi - 2026-10-04 13:15:53 MESSAGE("nlp_hess_l::eval") [.../casadi/core/sx_function.cpp:77]
iter    objective    inf_pr   inf_du lg(mu)  ||d||  lg(rg) alpha_du alpha_pr  ls
 180  1.6532467e+01 7.25e-01 1.76e+10  -1.0 4.63e-01   7.8 1.48e-02 9.20e-05h  1
CasADi - 2026-10-04 13:15:53 MESSAGE("nlp_g::eval") [.../casadi/core/sx_function.cpp:77]
CasADi - 2026-10-04 13:15:53 MESSAGE("nlp_f::eval") [.../casadi/core/sx_function.cpp:77]
CasADi - 2026-10-04 13:15:53 MESSAGE("nlp_grad_f::eval") [.../casadi/core/sx_function.cpp:77]
CasADi - 2026-10-04 13:15:53 MESSAGE("nlp_jac_g::eval") [.../casadi/core/sx_function.cpp:77]
CasADi - 2026-10-04 13:15:53 MESSAGE("nlp_hess_l::eval") [.../casadi/core/sx_function.cpp:77]
 181  1.6622971e+01 7.10e-01 1.69e+10  -1.0 4.87e-01   7.3 2.13e-03 2.06e-02h  1
CasADi - 2026-10-04 13:15:53 MESSAGE("nlp_g::eval") [.../casadi/core/sx_function.cpp:77]
CasADi - 2026-10-04 13:15:53 MESSAGE("nlp_f::eval") [.../casadi/core/sx_function.cpp:77]
CasADi - 2026-10-04 13:15:53 MESSAGE("nlp_grad_f::eval") [.../casadi/core/sx_function.cpp:77]
CasADi - 2026-10-04 13:15:53 MESSAGE("nlp_jac_g::eval") [.../casadi/core/sx_function.cpp:77]
CasADi - 2026-10-04 13:15:53 MESSAGE("nlp_hess_l::eval") [.../casadi/core/sx_function.cpp:77]
 182  1.6649545e+01 7.06e-01 1.73e+10  -1.0 4.78e-01   7.8 1.69e-02 6.22e-03h  1
CasADi - 2026-10-04 13:15:53 MESSAGE("nlp_g::eval") [.../casadi/core/sx_function.cpp:77]
CasADi - 2026-10-04 13:15:53 MESSAGE("nlp_f::eval") [.../casadi/core/sx_function.cpp:77]
CasADi - 2026-10-04 13:15:53 MESSAGE("nlp_grad_f::eval") [.../casadi/core/sx_function.cpp:77]
CasADi - 2026-10-04 13:15:53 MESSAGE("nlp_jac_g::eval") [.../casadi/core/sx_function.cpp:77]
CasADi - 2026-10-04 13:15:53 MESSAGE("nlp_hess_l::eval") [.../casadi/core/sx_function.cpp:77]
 183  1.6670443e+01 7.02e-01 1.72e+10  -1.0 4.82e+00   7.3 5.39e-04 5.60e-03h  1
CasADi - 2026-10-04 13:15:53 MESSAGE("nlp_g::eval") [.../casadi/core/sx_function.cpp:77]
CasADi - 2026-10-04 13:15:53 MESSAGE("nlp_f::eval") [.../casadi/core/sx_function.cpp:77]
CasADi - 2026-10-04 13:15:53 MESSAGE("nlp_grad_f::eval") [.../casadi/core/sx_function.cpp:77]
CasADi - 2026-10-04 13:15:53 MESSAGE("nlp_jac_g::eval") [.../casadi/core/sx_function.cpp:77]
CasADi - 2026-10-04 13:15:53 MESSAGE("nlp_hess_l::eval") [.../casadi/core/sx_function.cpp:77]
 184  1.6670586e+01 7.02e-01 1.72e+10  -1.0 4.65e-01   8.6 9.38e-06 3.37e-05h  1
CasADi - 2026-10-04 13:15:53 MESSAGE("nlp_g::eval") [.../casadi/core/sx_function.cpp:77]
CasADi - 2026-10-04 13:15:53 MESSAGE("nlp_f::eval") [.../casadi/core/sx_function.cpp:77]
CasADi - 2026-10-04 13:15:53 MESSAGE("nlp_f::eval") [.../casadi/core/sx_function.cpp:77]
CasADi - 2026-10-04 13:15:53 MESSAGE("nlp_g::eval") [.../casadi/core/sx_function.cpp:77]
CasADi - 2026-10-04 13:15:53 MESSAGE("nlp_grad_f::eval") [.../casadi/core/sx_function.cpp:77]
CasADi - 2026-10-04 13:15:53 MESSAGE("nlp_jac_g::eval") [.../casadi/core/sx_function.cpp:77]
CasADi - 2026-10-04 13:15:53 MESSAGE("nlp_g::eval") [.../casadi/core/sx_function.cpp:77]
CasADi - 2026-10-04 13:15:53 MESSAGE("nlp_jac_g::eval") [.../casadi/core/sx_function.cpp:77]
CasADi - 2026-10-04 13:15:53 MESSAGE("nlp_f::eval") [.../casadi/core/sx_function.cpp:77]
 185r 1.6670586e+01 7.02e-01 1.00e+03  -0.6 0.00e+00   8.1 0.00e+00 2.31e-07R  2
CasADi - 2026-10-04 13:15:53 MESSAGE("nlp_g::eval") [.../casadi/core/sx_function.cpp:77]
CasADi - 2026-10-04 13:15:53 MESSAGE("nlp_f::eval") [.../casadi/core/sx_function.cpp:77]
CasADi - 2026-10-04 13:15:53 MESSAGE("nlp_jac_g::eval") [.../casadi/core/sx_function.cpp:77]
CasADi - 2026-10-04 13:15:53 MESSAGE("nlp_hess_l::eval") [.../casadi/core/sx_function.cpp:77]
 186r 1.7506602e+01 7.04e-01 1.02e+03  -0.6 2.28e+02    -  5.90e-04 9.92e-04f  1
CasADi - 2026-10-04 13:15:53 MESSAGE("nlp_g::eval") [.../casadi/core/sx_function.cpp:77]
CasADi - 2026-10-04 13:15:53 MESSAGE("nlp_f::eval") [.../casadi/core/sx_function.cpp:77]
CasADi - 2026-10-04 13:15:53 MESSAGE("nlp_jac_g::eval") [.../casadi/core/sx_function.cpp:77]
CasADi - 2026-10-04 13:15:53 MESSAGE("nlp_hess_l::eval") [.../casadi/core/sx_function.cpp:77]
 187r 1.8280557e+01 6.61e-01 1.16e+03  -0.6 5.54e+01    -  9.44e-04 1.63e-03f  1
CasADi - 2026-10-04 13:15:53 MESSAGE("nlp_g::eval") [.../casadi/core/sx_function.cpp:77]
CasADi - 2026-10-04 13:15:53 MESSAGE("nlp_f::eval") [.../casadi/core/sx_function.cpp:77]
CasADi - 2026-10-04 13:15:53 MESSAGE("nlp_jac_g::eval") [.../casadi/core/sx_function.cpp:77]
CasADi - 2026-10-04 13:15:53 MESSAGE("nlp_hess_l::eval") [.../casadi/core/sx_function.cpp:77]
 188r 1.8862889e+01 5.87e-01 1.11e+03  -0.6 2.72e+01    -  2.72e-03 2.23e-03f  1
CasADi - 2026-10-04 13:15:53 MESSAGE("nlp_g::eval") [.../casadi/core/sx_function.cpp:77]
CasADi - 2026-10-04 13:15:53 MESSAGE("nlp_f::eval") [.../casadi/core/sx_function.cpp:77]
CasADi - 2026-10-04 13:15:53 MESSAGE("nlp_jac_g::eval") [.../casadi/core/sx_function.cpp:77]
CasADi - 2026-10-04 13:15:53 MESSAGE("nlp_hess_l::eval") [.../casadi/core/sx_function.cpp:77]
 189r 1.9506941e+01 5.04e-01 1.23e+03  -0.6 1.96e+01    -  1.63e-03 4.16e-03f  1
CasADi - 2026-10-04 13:15:53 MESSAGE("nlp_g::eval") [.../casadi/core/sx_function.cpp:77]
CasADi - 2026-10-04 13:15:53 MESSAGE("nlp_f::eval") [.../casadi/core/sx_function.cpp:77]
CasADi - 2026-10-04 13:15:53 MESSAGE("nlp_jac_g::eval") [.../casadi/core/sx_function.cpp:77]
CasADi - 2026-10-04 13:15:53 MESSAGE("nlp_hess_l::eval") [.../casadi/core/sx_function.cpp:77]
iter    objective    inf_pr   inf_du lg(mu)  ||d||  lg(rg) alpha_du alpha_pr  ls
 190r 1.9908786e+01 5.81e-01 1.21e+03  -0.6 2.54e+01    -  9.75e-03 3.84e-03f  1
CasADi - 2026-10-04 13:15:53 MESSAGE("nlp_g::eval") [.../casadi/core/sx_function.cpp:77]
CasADi - 2026-10-04 13:15:53 MESSAGE("nlp_f::eval") [.../casadi/core/sx_function.cpp:77]
CasADi - 2026-10-04 13:15:53 MESSAGE("nlp_jac_g::eval") [.../casadi/core/sx_function.cpp:77]
CasADi - 2026-10-04 13:15:53 MESSAGE("nlp_hess_l::eval") [.../casadi/core/sx_function.cpp:77]
 191r 2.0518915e+01 8.47e-01 1.20e+03  -0.6 6.34e+00    -  1.39e-02 1.16e-02f  1
CasADi - 2026-10-04 13:15:53 MESSAGE("nlp_g::eval") [.../casadi/core/sx_function.cpp:77]
CasADi - 2026-10-04 13:15:53 MESSAGE("nlp_f::eval") [.../casadi/core/sx_function.cpp:77]
CasADi - 2026-10-04 13:15:53 MESSAGE("nlp_jac_g::eval") [.../casadi/core/sx_function.cpp:77]
CasADi - 2026-10-04 13:15:53 MESSAGE("nlp_hess_l::eval") [.../casadi/core/sx_function.cpp:77]
 192r 2.0866027e+01 8.66e-01 1.19e+03  -0.6 9.39e+01  -2.0 1.65e-02 1.21e-02f  1
CasADi - 2026-10-04 13:15:53 MESSAGE("nlp_g::eval") [.../casadi/core/sx_function.cpp:77]
CasADi - 2026-10-04 13:15:53 MESSAGE("nlp_f::eval") [.../casadi/core/sx_function.cpp:77]
CasADi - 2026-10-04 13:15:53 MESSAGE("nlp_jac_g::eval") [.../casadi/core/sx_function.cpp:77]
CasADi - 2026-10-04 13:15:53 MESSAGE("nlp_hess_l::eval") [.../casadi/core/sx_function.cpp:77]
 193r 2.1191664e+01 8.59e-01 1.23e+03  -0.6 8.80e-01   1.1 1.01e-01 4.55e-02f  1
CasADi - 2026-10-04 13:15:53 MESSAGE("nlp_g::eval") [.../casadi/core/sx_function.cpp:77]
CasADi - 2026-10-04 13:15:53 MESSAGE("nlp_f::eval") [.../casadi/core/sx_function.cpp:77]
CasADi - 2026-10-04 13:15:53 MESSAGE("nlp_jac_g::eval") [.../casadi/core/sx_function.cpp:77]
CasADi - 2026-10-04 13:15:53 MESSAGE("nlp_hess_l::eval") [.../casadi/core/sx_function.cpp:77]
 194r 2.0999914e+01 7.32e-01 1.62e+03  -0.6 2.86e-01   1.6 3.84e-01 1.48e-01f  1
CasADi - 2026-10-04 13:15:53 MESSAGE("nlp_g::eval") [.../casadi/core/sx_function.cpp:77]
CasADi - 2026-10-04 13:15:53 MESSAGE("nlp_f::eval") [.../casadi/core/sx_function.cpp:77]
CasADi - 2026-10-04 13:15:53 MESSAGE("nlp_jac_g::eval") [.../casadi/core/sx_function.cpp:77]
CasADi - 2026-10-04 13:15:53 MESSAGE("nlp_hess_l::eval") [.../casadi/core/sx_function.cpp:77]
 195r 2.0705476e+01 5.31e-01 1.60e+03  -0.6 4.15e-01   1.1 2.76e-01 2.80e-01f  1
CasADi - 2026-10-04 13:15:53 MESSAGE("nlp_g::eval") [.../casadi/core/sx_function.cpp:77]
CasADi - 2026-10-04 13:15:53 MESSAGE("nlp_f::eval") [.../casadi/core/sx_function.cpp:77]
CasADi - 2026-10-04 13:15:53 MESSAGE("nlp_jac_g::eval") [.../casadi/core/sx_function.cpp:77]
CasADi - 2026-10-04 13:15:53 MESSAGE("nlp_hess_l::eval") [.../casadi/core/sx_function.cpp:77]
 196r 2.0589194e+01 3.97e-01 1.19e+03  -0.6 4.37e-01   1.5 3.03e-01 2.48e-01f  1
CasADi - 2026-10-04 13:15:53 MESSAGE("nlp_g::eval") [.../casadi/core/sx_function.cpp:77]
CasADi - 2026-10-04 13:15:53 MESSAGE("nlp_f::eval") [.../casadi/core/sx_function.cpp:77]
CasADi - 2026-10-04 13:15:53 MESSAGE("nlp_jac_g::eval") [.../casadi/core/sx_function.cpp:77]
 197r 2.0424753e+01 2.02e-01 2.08e+03  -0.6 1.56e-01   1.9 4.91e-01 4.73e-01f  1
CasADi - 2026-10-04 13:15:53 MESSAGE("nlp_grad_f::eval") [.../casadi/core/sx_function.cpp:77]
CasADi - 2026-10-04 13:15:53 MESSAGE("nlp_hess_l::eval") [.../casadi/core/sx_function.cpp:77]
CasADi - 2026-10-04 13:15:53 MESSAGE("nlp_g::eval") [.../casadi/core/sx_function.cpp:77]
CasADi - 2026-10-04 13:15:53 MESSAGE("nlp_f::eval") [.../casadi/core/sx_function.cpp:77]
CasADi - 2026-10-04 13:15:53 MESSAGE("nlp_grad_f::eval") [.../casadi/core/sx_function.cpp:77]
CasADi - 2026-10-04 13:15:53 MESSAGE("nlp_jac_g::eval") [.../casadi/core/sx_function.cpp:77]
CasADi - 2026-10-04 13:15:53 MESSAGE("nlp_hess_l::eval") [.../casadi/core/sx_function.cpp:77]
 198  1.9454818e+01 1.21e+00 6.37e+02  -1.0 2.48e+00    -  2.03e-02 8.23e-02f  1
CasADi - 2026-10-04 13:15:53 MESSAGE("nlp_g::eval") [.../casadi/core/sx_function.cpp:77]
CasADi - 2026-10-04 13:15:53 MESSAGE("nlp_f::eval") [.../casadi/core/sx_function.cpp:77]
CasADi - 2026-10-04 13:15:53 MESSAGE("nlp_grad_f::eval") [.../casadi/core/sx_function.cpp:77]
CasADi - 2026-10-04 13:15:53 MESSAGE("nlp_jac_g::eval") [.../casadi/core/sx_function.cpp:77]
CasADi - 2026-10-04 13:15:53 MESSAGE("nlp_hess_l::eval") [.../casadi/core/sx_function.cpp:77]
 199  1.9078543e+01 1.16e+00 5.92e+02  -1.0 3.34e+00    -  7.97e-02 5.79e-02f  1
CasADi - 2026-10-04 13:15:53 MESSAGE("nlp_g::eval") [.../casadi/core/sx_function.cpp:77]
CasADi - 2026-10-04 13:15:53 MESSAGE("nlp_f::eval") [.../casadi/core/sx_function.cpp:77]
CasADi - 2026-10-04 13:15:53 MESSAGE("nlp_grad_f::eval") [.../casadi/core/sx_function.cpp:77]
CasADi - 2026-10-04 13:15:53 MESSAGE("nlp_jac_g::eval") [.../casadi/core/sx_function.cpp:77]
CasADi - 2026-10-04 13:15:53 MESSAGE("nlp_hess_l::eval") [.../casadi/core/sx_function.cpp:77]
iter    objective    inf_pr   inf_du lg(mu)  ||d||  lg(rg) alpha_du alpha_pr  ls
 200  1.8087814e+01 9.89e-01 4.73e+02  -1.0 2.62e+00    -  1.12e-01 1.78e-01f  1
CasADi - 2026-10-04 13:15:53 MESSAGE("nlp_g::eval") [.../casadi/core/sx_function.cpp:77]
CasADi - 2026-10-04 13:15:53 MESSAGE("nlp_f::eval") [.../casadi/core/sx_function.cpp:77]
CasADi - 2026-10-04 13:15:53 MESSAGE("nlp_grad_f::eval") [.../casadi/core/sx_function.cpp:77]
CasADi - 2026-10-04 13:15:53 MESSAGE("nlp_jac_g::eval") [.../casadi/core/sx_function.cpp:77]
CasADi - 2026-10-04 13:15:53 MESSAGE("nlp_hess_l::eval") [.../casadi/core/sx_function.cpp:77]
 201  1.8091872e+01 9.05e-01 3.31e+07  -1.0 3.92e-01   7.7 2.55e-01 8.42e-02h  1
CasADi - 2026-10-04 13:15:53 MESSAGE("nlp_g::eval") [.../casadi/core/sx_function.cpp:77]
CasADi - 2026-10-04 13:15:53 MESSAGE("nlp_f::eval") [.../casadi/core/sx_function.cpp:77]
CasADi - 2026-10-04 13:15:53 MESSAGE("nlp_grad_f::eval") [.../casadi/core/sx_function.cpp:77]
CasADi - 2026-10-04 13:15:53 MESSAGE("nlp_jac_g::eval") [.../casadi/core/sx_function.cpp:77]
CasADi - 2026-10-04 13:15:53 MESSAGE("nlp_hess_l::eval") [.../casadi/core/sx_function.cpp:77]
 202  1.8091870e+01 9.05e-01 3.31e+07  -1.0 3.70e-01   7.2 1.06e-01 1.04e-03h  1
CasADi - 2026-10-04 13:15:53 MESSAGE("nlp_g::eval") [.../casadi/core/sx_function.cpp:77]
CasADi - 2026-10-04 13:15:53 MESSAGE("nlp_f::eval") [.../casadi/core/sx_function.cpp:77]
CasADi - 2026-10-04 13:15:53 MESSAGE("nlp_grad_f::eval") [.../casadi/core/sx_function.cpp:77]
CasADi - 2026-10-04 13:15:53 MESSAGE("nlp_jac_g::eval") [.../casadi/core/sx_function.cpp:77]
CasADi - 2026-10-04 13:15:53 MESSAGE("nlp_hess_l::eval") [.../casadi/core/sx_function.cpp:77]
 203  1.8091866e+01 9.04e-01 4.58e+08  -1.0 3.79e-01   6.7 8.19e-01 1.10e-04h  1
CasADi - 2026-10-04 13:15:53 MESSAGE("nlp_g::eval") [.../casadi/core/sx_function.cpp:77]
CasADi - 2026-10-04 13:15:53 MESSAGE("nlp_f::eval") [.../casadi/core/sx_function.cpp:77]
CasADi - 2026-10-04 13:15:53 MESSAGE("nlp_grad_f::eval") [.../casadi/core/sx_function.cpp:77]
CasADi - 2026-10-04 13:15:53 MESSAGE("nlp_jac_g::eval") [.../casadi/core/sx_function.cpp:77]
CasADi - 2026-10-04 13:15:53 MESSAGE("nlp_hess_l::eval") [.../casadi/core/sx_function.cpp:77]
 204  1.8091834e+01 8.99e-01 5.99e+08  -1.0 4.19e-01   7.1 1.17e-01 6.11e-03h  1
CasADi - 2026-10-04 13:15:53 MESSAGE("nlp_g::eval") [.../casadi/core/sx_function.cpp:77]
CasADi - 2026-10-04 13:15:53 MESSAGE("nlp_f::eval") [.../casadi/core/sx_function.cpp:77]
CasADi - 2026-10-04 13:15:53 MESSAGE("nlp_grad_f::eval") [.../casadi/core/sx_function.cpp:77]
CasADi - 2026-10-04 13:15:53 MESSAGE("nlp_jac_g::eval") [.../casadi/core/sx_function.cpp:77]
CasADi - 2026-10-04 13:15:53 MESSAGE("nlp_hess_l::eval") [.../casadi/core/sx_function.cpp:77]
 205  1.8091304e+01 8.88e-01 6.13e+08  -1.0 4.33e-01   6.7 5.68e-01 1.27e-02h  1
CasADi - 2026-10-04 13:15:53 MESSAGE("nlp_g::eval") [.../casadi/core/sx_function.cpp:77]
CasADi - 2026-10-04 13:15:53 MESSAGE("nlp_f::eval") [.../casadi/core/sx_function.cpp:77]
CasADi - 2026-10-04 13:15:53 MESSAGE("nlp_grad_f::eval") [.../casadi/core/sx_function.cpp:77]
CasADi - 2026-10-04 13:15:53 MESSAGE("nlp_jac_g::eval") [.../casadi/core/sx_function.cpp:77]
CasADi - 2026-10-04 13:15:53 MESSAGE("nlp_hess_l::eval") [.../casadi/core/sx_function.cpp:77]
 206  1.8090811e+01 8.72e-01 7.41e+08  -1.0 4.33e-01   7.1 1.46e-01 1.80e-02h  1
CasADi - 2026-10-04 13:15:53 MESSAGE("nlp_g::eval") [.../casadi/core/sx_function.cpp:77]
CasADi - 2026-10-04 13:15:53 MESSAGE("nlp_f::eval") [.../casadi/core/sx_function.cpp:77]
CasADi - 2026-10-04 13:15:53 MESSAGE("nlp_grad_f::eval") [.../casadi/core/sx_function.cpp:77]
CasADi - 2026-10-04 13:15:53 MESSAGE("nlp_jac_g::eval") [.../casadi/core/sx_function.cpp:77]
CasADi - 2026-10-04 13:15:53 MESSAGE("nlp_hess_l::eval") [.../casadi/core/sx_function.cpp:77]
 207  1.8088410e+01 8.44e-01 5.61e+08  -1.0 4.26e-01   6.6 6.62e-01 3.19e-02h  1
CasADi - 2026-10-04 13:15:53 MESSAGE("nlp_g::eval") [.../casadi/core/sx_function.cpp:77]
CasADi - 2026-10-04 13:15:53 MESSAGE("nlp_f::eval") [.../casadi/core/sx_function.cpp:77]
CasADi - 2026-10-04 13:15:53 MESSAGE("nlp_grad_f::eval") [.../casadi/core/sx_function.cpp:77]
CasADi - 2026-10-04 13:15:53 MESSAGE("nlp_jac_g::eval") [.../casadi/core/sx_function.cpp:77]
CasADi - 2026-10-04 13:15:53 MESSAGE("nlp_hess_l::eval") [.../casadi/core/sx_function.cpp:77]
 208  1.8087137e+01 8.28e-01 6.90e+08  -1.0 3.87e-01   7.0 2.01e-01 1.91e-02h  1
CasADi - 2026-10-04 13:15:53 MESSAGE("nlp_g::eval") [.../casadi/core/sx_function.cpp:77]
CasADi - 2026-10-04 13:15:53 MESSAGE("nlp_f::eval") [.../casadi/core/sx_function.cpp:77]
CasADi - 2026-10-04 13:15:53 MESSAGE("nlp_grad_f::eval") [.../casadi/core/sx_function.cpp:77]
CasADi - 2026-10-04 13:15:53 MESSAGE("nlp_jac_g::eval") [.../casadi/core/sx_function.cpp:77]
CasADi - 2026-10-04 13:15:53 MESSAGE("nlp_hess_l::eval") [.../casadi/core/sx_function.cpp:77]
 209  1.8086107e+01 8.13e-01 3.79e+09  -1.0 3.96e-01   7.5 1.00e+00 1.75e-02h  1
CasADi - 2026-10-04 13:15:53 MESSAGE("nlp_g::eval") [.../casadi/core/sx_function.cpp:77]
CasADi - 2026-10-04 13:15:53 MESSAGE("nlp_f::eval") [.../casadi/core/sx_function.cpp:77]
CasADi - 2026-10-04 13:15:53 MESSAGE("nlp_grad_f::eval") [.../casadi/core/sx_function.cpp:77]
CasADi - 2026-10-04 13:15:53 MESSAGE("nlp_jac_g::eval") [.../casadi/core/sx_function.cpp:77]
CasADi - 2026-10-04 13:15:53 MESSAGE("nlp_hess_l::eval") [.../casadi/core/sx_function.cpp:77]
iter    objective    inf_pr   inf_du lg(mu)  ||d||  lg(rg) alpha_du alpha_pr  ls
 210  1.8078706e+01 7.31e-01 3.06e+09  -1.0 3.92e-01   7.0 2.33e-01 1.02e-01h  1
CasADi - 2026-10-04 13:15:53 MESSAGE("nlp_g::eval") [.../casadi/core/sx_function.cpp:77]
CasADi - 2026-10-04 13:15:53 MESSAGE("nlp_f::eval") [.../casadi/core/sx_function.cpp:77]
CasADi - 2026-10-04 13:15:53 MESSAGE("nlp_grad_f::eval") [.../casadi/core/sx_function.cpp:77]
CasADi - 2026-10-04 13:15:53 MESSAGE("nlp_jac_g::eval") [.../casadi/core/sx_function.cpp:77]
CasADi - 2026-10-04 13:15:53 MESSAGE("nlp_hess_l::eval") [.../casadi/core/sx_function.cpp:77]
 211  1.8076859e+01 7.03e-01 2.79e+09  -1.0 3.42e-01   7.4 3.88e-01 3.83e-02h  1
CasADi - 2026-10-04 13:15:54 MESSAGE("nlp_g::eval") [.../casadi/core/sx_function.cpp:77]
CasADi - 2026-10-04 13:15:54 MESSAGE("nlp_f::eval") [.../casadi/core/sx_function.cpp:77]
CasADi - 2026-10-04 13:15:54 MESSAGE("nlp_grad_f::eval") [.../casadi/core/sx_function.cpp:77]
CasADi - 2026-10-04 13:15:54 MESSAGE("nlp_jac_g::eval") [.../casadi/core/sx_function.cpp:77]
CasADi - 2026-10-04 13:15:54 MESSAGE("nlp_hess_l::eval") [.../casadi/core/sx_function.cpp:77]
 212  1.8073463e+01 6.65e-01 6.26e+09  -1.0 3.26e-01   7.8 9.27e-01 5.29e-02h  1
CasADi - 2026-10-04 13:15:54 MESSAGE("nlp_g::eval") [.../casadi/core/sx_function.cpp:77]
CasADi - 2026-10-04 13:15:54 MESSAGE("nlp_f::eval") [.../casadi/core/sx_function.cpp:77]
CasADi - 2026-10-04 13:15:54 MESSAGE("nlp_grad_f::eval") [.../casadi/core/sx_function.cpp:77]
CasADi - 2026-10-04 13:15:54 MESSAGE("nlp_jac_g::eval") [.../casadi/core/sx_function.cpp:77]
CasADi - 2026-10-04 13:15:54 MESSAGE("nlp_hess_l::eval") [.../casadi/core/sx_function.cpp:77]
 213  1.8071428e+01 6.44e-01 1.51e+10  -1.0 3.05e-01   8.3 8.58e-01 3.28e-02h  1
CasADi - 2026-10-04 13:15:54 MESSAGE("nlp_g::eval") [.../casadi/core/sx_function.cpp:77]
CasADi - 2026-10-04 13:15:54 MESSAGE("nlp_f::eval") [.../casadi/core/sx_function.cpp:77]
CasADi - 2026-10-04 13:15:54 MESSAGE("nlp_grad_f::eval") [.../casadi/core/sx_function.cpp:77]
CasADi - 2026-10-04 13:15:54 MESSAGE("nlp_jac_g::eval") [.../casadi/core/sx_function.cpp:77]
CasADi - 2026-10-04 13:15:54 MESSAGE("nlp_hess_l::eval") [.../casadi/core/sx_function.cpp:77]
 214  1.8068023e+01 5.99e-01 1.06e+10  -1.0 2.98e-01   7.8 3.90e-01 6.85e-02h  1
CasADi - 2026-10-04 13:15:54 MESSAGE("nlp_g::eval") [.../casadi/core/sx_function.cpp:77]
CasADi - 2026-10-04 13:15:54 MESSAGE("nlp_f::eval") [.../casadi/core/sx_function.cpp:77]
CasADi - 2026-10-04 13:15:54 MESSAGE("nlp_grad_f::eval") [.../casadi/core/sx_function.cpp:77]
CasADi - 2026-10-04 13:15:54 MESSAGE("nlp_jac_g::eval") [.../casadi/core/sx_function.cpp:77]
CasADi - 2026-10-04 13:15:54 MESSAGE("nlp_hess_l::eval") [.../casadi/core/sx_function.cpp:77]
 215  1.8066274e+01 5.83e-01 1.10e+10  -1.0 2.74e-01   8.2 5.41e-01 2.76e-02h  1
CasADi - 2026-10-04 13:15:54 MESSAGE("nlp_g::eval") [.../casadi/core/sx_function.cpp:77]
CasADi - 2026-10-04 13:15:54 MESSAGE("nlp_f::eval") [.../casadi/core/sx_function.cpp:77]
CasADi - 2026-10-04 13:15:54 MESSAGE("nlp_grad_f::eval") [.../casadi/core/sx_function.cpp:77]
CasADi - 2026-10-04 13:15:54 MESSAGE("nlp_jac_g::eval") [.../casadi/core/sx_function.cpp:77]
CasADi - 2026-10-04 13:15:54 MESSAGE("nlp_hess_l::eval") [.../casadi/core/sx_function.cpp:77]
 216  1.8057742e+01 5.04e-01 2.98e+09  -1.0 2.65e-01   7.7 8.89e-01 1.35e-01h  1
CasADi - 2026-10-04 13:15:54 MESSAGE("nlp_g::eval") [.../casadi/core/sx_function.cpp:77]
CasADi - 2026-10-04 13:15:54 MESSAGE("nlp_f::eval") [.../casadi/core/sx_function.cpp:77]
CasADi - 2026-10-04 13:15:54 MESSAGE("nlp_grad_f::eval") [.../casadi/core/sx_function.cpp:77]
CasADi - 2026-10-04 13:15:54 MESSAGE("nlp_jac_g::eval") [.../casadi/core/sx_function.cpp:77]
CasADi - 2026-10-04 13:15:54 MESSAGE("nlp_hess_l::eval") [.../casadi/core/sx_function.cpp:77]
 217  1.8017782e+01 2.25e-01 2.25e+08  -1.0 2.29e-01   7.3 8.61e-01 5.42e-01h  1
CasADi - 2026-10-04 13:15:54 MESSAGE("nlp_g::eval") [.../casadi/core/sx_function.cpp:77]
CasADi - 2026-10-04 13:15:54 MESSAGE("nlp_f::eval") [.../casadi/core/sx_function.cpp:77]
CasADi - 2026-10-04 13:15:54 MESSAGE("nlp_grad_f::eval") [.../casadi/core/sx_function.cpp:77]
CasADi - 2026-10-04 13:15:54 MESSAGE("nlp_jac_g::eval") [.../casadi/core/sx_function.cpp:77]
CasADi - 2026-10-04 13:15:54 MESSAGE("nlp_hess_l::eval") [.../casadi/core/sx_function.cpp:77]
 218  1.7993703e+01 8.56e-02 3.34e+08  -1.0 7.14e-02   7.7 8.93e-01 6.14e-01h  1
CasADi - 2026-10-04 13:15:54 MESSAGE("nlp_g::eval") [.../casadi/core/sx_function.cpp:77]
CasADi - 2026-10-04 13:15:54 MESSAGE("nlp_f::eval") [.../casadi/core/sx_function.cpp:77]
CasADi - 2026-10-04 13:15:54 MESSAGE("nlp_grad_f::eval") [.../casadi/core/sx_function.cpp:77]
CasADi - 2026-10-04 13:15:54 MESSAGE("nlp_jac_g::eval") [.../casadi/core/sx_function.cpp:77]
CasADi - 2026-10-04 13:15:54 MESSAGE("nlp_hess_l::eval") [.../casadi/core/sx_function.cpp:77]
 219  1.7993381e+01 8.35e-02 7.79e+08  -1.0 2.23e-02   7.2 6.62e-01 2.45e-02h  1
CasADi - 2026-10-04 13:15:54 MESSAGE("nlp_g::eval") [.../casadi/core/sx_function.cpp:77]
CasADi - 2026-10-04 13:15:54 MESSAGE("nlp_f::eval") [.../casadi/core/sx_function.cpp:77]
CasADi - 2026-10-04 13:15:54 MESSAGE("nlp_grad_f::eval") [.../casadi/core/sx_function.cpp:77]
CasADi - 2026-10-04 13:15:54 MESSAGE("nlp_jac_g::eval") [.../casadi/core/sx_function.cpp:77]
CasADi - 2026-10-04 13:15:54 MESSAGE("nlp_hess_l::eval") [.../casadi/core/sx_function.cpp:77]
iter    objective    inf_pr   inf_du lg(mu)  ||d||  lg(rg) alpha_du alpha_pr  ls
 220  1.7993292e+01 8.30e-02 8.31e+08  -1.0 2.14e-02   7.6 2.81e-01 6.11e-03h  1
CasADi - 2026-10-04 13:15:54 MESSAGE("nlp_g::eval") [.../casadi/core/sx_function.cpp:77]
CasADi - 2026-10-04 13:15:54 MESSAGE("nlp_f::eval") [.../casadi/core/sx_function.cpp:77]
CasADi - 2026-10-04 13:15:54 MESSAGE("nlp_grad_f::eval") [.../casadi/core/sx_function.cpp:77]
CasADi - 2026-10-04 13:15:54 MESSAGE("nlp_jac_g::eval") [.../casadi/core/sx_function.cpp:77]
CasADi - 2026-10-04 13:15:54 MESSAGE("nlp_hess_l::eval") [.../casadi/core/sx_function.cpp:77]
 221  1.7981597e+01 1.01e-02 1.04e+08  -1.0 2.19e-02   7.1 2.34e-01 9.93e-01h  1
CasADi - 2026-10-04 13:15:54 MESSAGE("nlp_g::eval") [.../casadi/core/sx_function.cpp:77]
CasADi - 2026-10-04 13:15:54 MESSAGE("nlp_f::eval") [.../casadi/core/sx_function.cpp:77]
CasADi - 2026-10-04 13:15:54 MESSAGE("nlp_grad_f::eval") [.../casadi/core/sx_function.cpp:77]
CasADi - 2026-10-04 13:15:54 MESSAGE("nlp_jac_g::eval") [.../casadi/core/sx_function.cpp:77]
CasADi - 2026-10-04 13:15:54 MESSAGE("nlp_hess_l::eval") [.../casadi/core/sx_function.cpp:77]
 222  1.7980956e+01 8.79e-06 5.06e+07  -1.0 2.20e-03   6.7 7.18e-01 1.00e+00f  1
CasADi - 2026-10-04 13:15:54 MESSAGE("nlp_g::eval") [.../casadi/core/sx_function.cpp:77]
CasADi - 2026-10-04 13:15:54 MESSAGE("nlp_f::eval") [.../casadi/core/sx_function.cpp:77]
CasADi - 2026-10-04 13:15:54 MESSAGE("nlp_grad_f::eval") [.../casadi/core/sx_function.cpp:77]
CasADi - 2026-10-04 13:15:54 MESSAGE("nlp_jac_g::eval") [.../casadi/core/sx_function.cpp:77]
CasADi - 2026-10-04 13:15:54 MESSAGE("nlp_hess_l::eval") [.../casadi/core/sx_function.cpp:77]
 223  1.7980944e+01 1.32e-09 5.20e+05  -1.0 5.87e-05   6.2 9.89e-01 1.00e+00f  1
CasADi - 2026-10-04 13:15:54 MESSAGE("nlp_g::eval") [.../casadi/core/sx_function.cpp:77]
CasADi - 2026-10-04 13:15:54 MESSAGE("nlp_f::eval") [.../casadi/core/sx_function.cpp:77]
CasADi - 2026-10-04 13:15:54 MESSAGE("nlp_grad_f::eval") [.../casadi/core/sx_function.cpp:77]
CasADi - 2026-10-04 13:15:54 MESSAGE("nlp_jac_g::eval") [.../casadi/core/sx_function.cpp:77]
CasADi - 2026-10-04 13:15:54 MESSAGE("nlp_hess_l::eval") [.../casadi/core/sx_function.cpp:77]
 224  1.7980904e+01 1.63e-07 2.57e+02  -1.0 4.92e-04   5.7 1.00e+00 1.00e+00f  1
CasADi - 2026-10-04 13:15:54 MESSAGE("nlp_g::eval") [.../casadi/core/sx_function.cpp:77]
CasADi - 2026-10-04 13:15:54 MESSAGE("nlp_f::eval") [.../casadi/core/sx_function.cpp:77]
CasADi - 2026-10-04 13:15:54 MESSAGE("nlp_grad_f::eval") [.../casadi/core/sx_function.cpp:77]
CasADi - 2026-10-04 13:15:54 MESSAGE("nlp_jac_g::eval") [.../casadi/core/sx_function.cpp:77]
CasADi - 2026-10-04 13:15:54 MESSAGE("nlp_hess_l::eval") [.../casadi/core/sx_function.cpp:77]
 225  1.7980882e+01 1.71e-06 4.33e+02  -1.0 1.15e-03   5.2 1.00e+00 1.00e+00f  1
CasADi - 2026-10-04 13:15:54 MESSAGE("nlp_g::eval") [.../casadi/core/sx_function.cpp:77]
CasADi - 2026-10-04 13:15:54 MESSAGE("nlp_f::eval") [.../casadi/core/sx_function.cpp:77]
CasADi - 2026-10-04 13:15:54 MESSAGE("nlp_grad_f::eval") [.../casadi/core/sx_function.cpp:77]
CasADi - 2026-10-04 13:15:54 MESSAGE("nlp_jac_g::eval") [.../casadi/core/sx_function.cpp:77]
CasADi - 2026-10-04 13:15:54 MESSAGE("nlp_hess_l::eval") [.../casadi/core/sx_function.cpp:77]
 226  1.7980617e+01 6.24e-07 2.09e+02  -1.0 5.80e-04   4.8 1.00e+00 1.00e+00f  1
CasADi - 2026-10-04 13:15:54 MESSAGE("nlp_g::eval") [.../casadi/core/sx_function.cpp:77]
CasADi - 2026-10-04 13:15:54 MESSAGE("nlp_f::eval") [.../casadi/core/sx_function.cpp:77]
CasADi - 2026-10-04 13:15:54 MESSAGE("nlp_grad_f::eval") [.../casadi/core/sx_function.cpp:77]
CasADi - 2026-10-04 13:15:54 MESSAGE("nlp_jac_g::eval") [.../casadi/core/sx_function.cpp:77]
CasADi - 2026-10-04 13:15:54 MESSAGE("nlp_hess_l::eval") [.../casadi/core/sx_function.cpp:77]
 227  1.7979953e+01 4.84e-06 3.09e+01  -1.0 1.12e-03   4.3 1.00e+00 1.00e+00f  1
CasADi - 2026-10-04 13:15:54 MESSAGE("nlp_g::eval") [.../casadi/core/sx_function.cpp:77]
CasADi - 2026-10-04 13:15:54 MESSAGE("nlp_f::eval") [.../casadi/core/sx_function.cpp:77]
CasADi - 2026-10-04 13:15:54 MESSAGE("nlp_grad_f::eval") [.../casadi/core/sx_function.cpp:77]
CasADi - 2026-10-04 13:15:54 MESSAGE("nlp_jac_g::eval") [.../casadi/core/sx_function.cpp:77]
CasADi - 2026-10-04 13:15:54 MESSAGE("nlp_hess_l::eval") [.../casadi/core/sx_function.cpp:77]
 228  1.7979079e+01 7.73e-07 6.04e+01  -1.7 2.73e-04   3.8 1.00e+00 1.00e+00f  1
CasADi - 2026-10-04 13:15:54 MESSAGE("nlp_g::eval") [.../casadi/core/sx_function.cpp:77]
CasADi - 2026-10-04 13:15:54 MESSAGE("nlp_f::eval") [.../casadi/core/sx_function.cpp:77]
CasADi - 2026-10-04 13:15:54 MESSAGE("nlp_grad_f::eval") [.../casadi/core/sx_function.cpp:77]
CasADi - 2026-10-04 13:15:54 MESSAGE("nlp_jac_g::eval") [.../casadi/core/sx_function.cpp:77]
CasADi - 2026-10-04 13:15:54 MESSAGE("nlp_hess_l::eval") [.../casadi/core/sx_function.cpp:77]
 229  1.7976507e+01 9.45e-06 1.50e+01  -1.7 1.17e-03   3.3 1.00e+00 1.00e+00f  1
CasADi - 2026-10-04 13:15:54 MESSAGE("nlp_g::eval") [.../casadi/core/sx_function.cpp:77]
CasADi - 2026-10-04 13:15:54 MESSAGE("nlp_f::eval") [.../casadi/core/sx_function.cpp:77]
CasADi - 2026-10-04 13:15:54 MESSAGE("nlp_grad_f::eval") [.../casadi/core/sx_function.cpp:77]
CasADi - 2026-10-04 13:15:54 MESSAGE("nlp_jac_g::eval") [.../casadi/core/sx_function.cpp:77]
CasADi - 2026-10-04 13:15:54 MESSAGE("nlp_hess_l::eval") [.../casadi/core/sx_function.cpp:77]
iter    objective    inf_pr   inf_du lg(mu)  ||d||  lg(rg) alpha_du alpha_pr  ls
 230  1.7968889e+01 5.26e-05 2.42e+01  -1.7 2.27e-03   2.9 1.00e+00 1.00e+00f  1
CasADi - 2026-10-04 13:15:54 MESSAGE("nlp_g::eval") [.../casadi/core/sx_function.cpp:77]
CasADi - 2026-10-04 13:15:54 MESSAGE("nlp_f::eval") [.../casadi/core/sx_function.cpp:77]
CasADi - 2026-10-04 13:15:54 MESSAGE("nlp_grad_f::eval") [.../casadi/core/sx_function.cpp:77]
CasADi - 2026-10-04 13:15:54 MESSAGE("nlp_jac_g::eval") [.../casadi/core/sx_function.cpp:77]
CasADi - 2026-10-04 13:15:54 MESSAGE("nlp_hess_l::eval") [.../casadi/core/sx_function.cpp:77]
 231  1.7945643e+01 1.64e-03 1.13e+05  -1.7 9.63e-03   2.4 6.24e-01 1.00e+00f  1
CasADi - 2026-10-04 13:15:54 MESSAGE("nlp_g::eval") [.../casadi/core/sx_function.cpp:77]
CasADi - 2026-10-04 13:15:54 MESSAGE("nlp_f::eval") [.../casadi/core/sx_function.cpp:77]
CasADi - 2026-10-04 13:15:54 MESSAGE("nlp_grad_f::eval") [.../casadi/core/sx_function.cpp:77]
CasADi - 2026-10-04 13:15:54 MESSAGE("nlp_jac_g::eval") [.../casadi/core/sx_function.cpp:77]
CasADi - 2026-10-04 13:15:54 MESSAGE("nlp_hess_l::eval") [.../casadi/core/sx_function.cpp:77]
 232  1.7895843e+01 5.34e-03 5.26e+02  -1.7 1.68e-02   1.9 1.00e+00 1.00e+00f  1
CasADi - 2026-10-04 13:15:54 MESSAGE("nlp_g::eval") [.../casadi/core/sx_function.cpp:77]
CasADi - 2026-10-04 13:15:54 MESSAGE("nlp_f::eval") [.../casadi/core/sx_function.cpp:77]
CasADi - 2026-10-04 13:15:54 MESSAGE("nlp_grad_f::eval") [.../casadi/core/sx_function.cpp:77]
CasADi - 2026-10-04 13:15:54 MESSAGE("nlp_jac_g::eval") [.../casadi/core/sx_function.cpp:77]
CasADi - 2026-10-04 13:15:54 MESSAGE("nlp_hess_l::eval") [.../casadi/core/sx_function.cpp:77]
 233  1.7865839e+01 1.33e-02 2.09e+05  -1.7 2.00e-02   2.3 2.73e-01 1.00e+00h  1
CasADi - 2026-10-04 13:15:54 MESSAGE("nlp_g::eval") [.../casadi/core/sx_function.cpp:77]
CasADi - 2026-10-04 13:15:54 MESSAGE("nlp_f::eval") [.../casadi/core/sx_function.cpp:77]
CasADi - 2026-10-04 13:15:54 MESSAGE("nlp_grad_f::eval") [.../casadi/core/sx_function.cpp:77]
CasADi - 2026-10-04 13:15:54 MESSAGE("nlp_jac_g::eval") [.../casadi/core/sx_function.cpp:77]
CasADi - 2026-10-04 13:15:54 MESSAGE("nlp_hess_l::eval") [.../casadi/core/sx_function.cpp:77]
 234  1.7812455e+01 4.16e-03 9.38e+02  -1.7 1.30e-02   1.8 1.00e+00 1.00e+00h  1
CasADi - 2026-10-04 13:15:54 MESSAGE("nlp_g::eval") [.../casadi/core/sx_function.cpp:77]
CasADi - 2026-10-04 13:15:54 MESSAGE("nlp_f::eval") [.../casadi/core/sx_function.cpp:77]
CasADi - 2026-10-04 13:15:54 MESSAGE("nlp_grad_f::eval") [.../casadi/core/sx_function.cpp:77]
CasADi - 2026-10-04 13:15:54 MESSAGE("nlp_jac_g::eval") [.../casadi/core/sx_function.cpp:77]
CasADi - 2026-10-04 13:15:54 MESSAGE("nlp_hess_l::eval") [.../casadi/core/sx_function.cpp:77]
 235  1.7660726e+01 8.46e-03 7.52e+01  -1.7 3.06e-02   1.4 1.00e+00 1.00e+00f  1
CasADi - 2026-10-04 13:15:54 MESSAGE("nlp_g::eval") [.../casadi/core/sx_function.cpp:77]
CasADi - 2026-10-04 13:15:54 MESSAGE("nlp_f::eval") [.../casadi/core/sx_function.cpp:77]
CasADi - 2026-10-04 13:15:54 MESSAGE("nlp_grad_f::eval") [.../casadi/core/sx_function.cpp:77]
CasADi - 2026-10-04 13:15:54 MESSAGE("nlp_jac_g::eval") [.../casadi/core/sx_function.cpp:77]
CasADi - 2026-10-04 13:15:54 MESSAGE("nlp_hess_l::eval") [.../casadi/core/sx_function.cpp:77]
 236  1.7297311e+01 3.85e-02 9.62e+01  -1.7 2.98e-02   0.9 1.00e+00 1.00e+00f  1
CasADi - 2026-10-04 13:15:54 MESSAGE("nlp_g::eval") [.../casadi/core/sx_function.cpp:77]
CasADi - 2026-10-04 13:15:54 MESSAGE("nlp_f::eval") [.../casadi/core/sx_function.cpp:77]
CasADi - 2026-10-04 13:15:54 MESSAGE("nlp_grad_f::eval") [.../casadi/core/sx_function.cpp:77]
CasADi - 2026-10-04 13:15:54 MESSAGE("nlp_jac_g::eval") [.../casadi/core/sx_function.cpp:77]
CasADi - 2026-10-04 13:15:54 MESSAGE("nlp_hess_l::eval") [.../casadi/core/sx_function.cpp:77]
 237  1.7167243e+01 5.16e-03 1.76e+01  -1.7 1.30e-02   1.3 1.00e+00 1.00e+00h  1
CasADi - 2026-10-04 13:15:54 MESSAGE("nlp_g::eval") [.../casadi/core/sx_function.cpp:77]
CasADi - 2026-10-04 13:15:54 MESSAGE("nlp_f::eval") [.../casadi/core/sx_function.cpp:77]
CasADi - 2026-10-04 13:15:54 MESSAGE("nlp_grad_f::eval") [.../casadi/core/sx_function.cpp:77]
CasADi - 2026-10-04 13:15:54 MESSAGE("nlp_jac_g::eval") [.../casadi/core/sx_function.cpp:77]
CasADi - 2026-10-04 13:15:54 MESSAGE("nlp_hess_l::eval") [.../casadi/core/sx_function.cpp:77]
 238  1.6823993e+01 4.15e-02 6.16e+03  -1.7 4.73e-02   0.8 6.35e-01 1.00e+00h  1
CasADi - 2026-10-04 13:15:54 MESSAGE("nlp_g::eval") [.../casadi/core/sx_function.cpp:77]
CasADi - 2026-10-04 13:15:54 MESSAGE("nlp_f::eval") [.../casadi/core/sx_function.cpp:77]
CasADi - 2026-10-04 13:15:54 MESSAGE("nlp_grad_f::eval") [.../casadi/core/sx_function.cpp:77]
CasADi - 2026-10-04 13:15:54 MESSAGE("nlp_jac_g::eval") [.../casadi/core/sx_function.cpp:77]
CasADi - 2026-10-04 13:15:54 MESSAGE("nlp_hess_l::eval") [.../casadi/core/sx_function.cpp:77]
 239  1.6043409e+01 1.32e-01 1.13e+02  -1.7 5.65e-02   0.4 1.00e+00 1.00e+00h  1
CasADi - 2026-10-04 13:15:54 MESSAGE("nlp_g::eval") [.../casadi/core/sx_function.cpp:77]
CasADi - 2026-10-04 13:15:54 MESSAGE("nlp_f::eval") [.../casadi/core/sx_function.cpp:77]
CasADi - 2026-10-04 13:15:54 MESSAGE("nlp_g::eval") [.../casadi/core/sx_function.cpp:77]
CasADi - 2026-10-04 13:15:54 MESSAGE("nlp_f::eval") [.../casadi/core/sx_function.cpp:77]
CasADi - 2026-10-04 13:15:54 MESSAGE("nlp_g::eval") [.../casadi/core/sx_function.cpp:77]
CasADi - 2026-10-04 13:15:54 MESSAGE("nlp_f::eval") [.../casadi/core/sx_function.cpp:77]
CasADi - 2026-10-04 13:15:54 MESSAGE("nlp_grad_f::eval") [.../casadi/core/sx_function.cpp:77]
CasADi - 2026-10-04 13:15:54 MESSAGE("nlp_jac_g::eval") [.../casadi/core/sx_function.cpp:77]
CasADi - 2026-10-04 13:15:54 MESSAGE("nlp_hess_l::eval") [.../casadi/core/sx_function.cpp:77]
iter    objective    inf_pr   inf_du lg(mu)  ||d||  lg(rg) alpha_du alpha_pr  ls
 240  1.5802966e+01 1.29e-01 2.55e+04  -1.7 2.24e+00  -0.1 1.50e-01 3.18e-02h  2
CasADi - 2026-10-04 13:15:54 MESSAGE("nlp_g::eval") [.../casadi/core/sx_function.cpp:77]
CasADi - 2026-10-04 13:15:54 MESSAGE("nlp_f::eval") [.../casadi/core/sx_function.cpp:77]
CasADi - 2026-10-04 13:15:54 MESSAGE("nlp_grad_f::eval") [.../casadi/core/sx_function.cpp:77]
CasADi - 2026-10-04 13:15:54 MESSAGE("nlp_jac_g::eval") [.../casadi/core/sx_function.cpp:77]
CasADi - 2026-10-04 13:15:54 MESSAGE("nlp_hess_l::eval") [.../casadi/core/sx_function.cpp:77]
 241  1.5653589e+01 6.21e-03 3.02e+02  -1.7 2.93e-02   1.2 1.00e+00 1.00e+00h  1
CasADi - 2026-10-04 13:15:54 MESSAGE("nlp_g::eval") [.../casadi/core/sx_function.cpp:77]
CasADi - 2026-10-04 13:15:54 MESSAGE("nlp_f::eval") [.../casadi/core/sx_function.cpp:77]
CasADi - 2026-10-04 13:15:54 MESSAGE("nlp_grad_f::eval") [.../casadi/core/sx_function.cpp:77]
CasADi - 2026-10-04 13:15:54 MESSAGE("nlp_jac_g::eval") [.../casadi/core/sx_function.cpp:77]
CasADi - 2026-10-04 13:15:54 MESSAGE("nlp_hess_l::eval") [.../casadi/core/sx_function.cpp:77]
 242  1.5623152e+01 1.52e-03 2.31e+02  -1.7 1.97e-02   1.6 1.00e+00 1.00e+00h  1
CasADi - 2026-10-04 13:15:54 MESSAGE("nlp_g::eval") [.../casadi/core/sx_function.cpp:77]
CasADi - 2026-10-04 13:15:54 MESSAGE("nlp_f::eval") [.../casadi/core/sx_function.cpp:77]
CasADi - 2026-10-04 13:15:54 MESSAGE("nlp_grad_f::eval") [.../casadi/core/sx_function.cpp:77]
CasADi - 2026-10-04 13:15:54 MESSAGE("nlp_jac_g::eval") [.../casadi/core/sx_function.cpp:77]
CasADi - 2026-10-04 13:15:54 MESSAGE("nlp_hess_l::eval") [.../casadi/core/sx_function.cpp:77]
 243  1.5501138e+01 2.72e-03 7.55e+01  -1.7 3.16e-02   1.2 1.00e+00 1.00e+00h  1
CasADi - 2026-10-04 13:15:54 MESSAGE("nlp_g::eval") [.../casadi/core/sx_function.cpp:77]
CasADi - 2026-10-04 13:15:54 MESSAGE("nlp_f::eval") [.../casadi/core/sx_function.cpp:77]
CasADi - 2026-10-04 13:15:54 MESSAGE("nlp_grad_f::eval") [.../casadi/core/sx_function.cpp:77]
CasADi - 2026-10-04 13:15:54 MESSAGE("nlp_jac_g::eval") [.../casadi/core/sx_function.cpp:77]
CasADi - 2026-10-04 13:15:54 MESSAGE("nlp_hess_l::eval") [.../casadi/core/sx_function.cpp:77]
 244  1.5163678e+01 2.14e-02 4.83e+01  -1.7 2.54e-02   0.7 1.00e+00 1.00e+00h  1
CasADi - 2026-10-04 13:15:54 MESSAGE("nlp_g::eval") [.../casadi/core/sx_function.cpp:77]
CasADi - 2026-10-04 13:15:54 MESSAGE("nlp_f::eval") [.../casadi/core/sx_function.cpp:77]
CasADi - 2026-10-04 13:15:54 MESSAGE("nlp_grad_f::eval") [.../casadi/core/sx_function.cpp:77]
CasADi - 2026-10-04 13:15:54 MESSAGE("nlp_jac_g::eval") [.../casadi/core/sx_function.cpp:77]
CasADi - 2026-10-04 13:15:54 MESSAGE("nlp_hess_l::eval") [.../casadi/core/sx_function.cpp:77]
 245  1.5061014e+01 3.45e-03 1.38e+02  -1.7 2.54e-02   1.1 1.00e+00 1.00e+00h  1
CasADi - 2026-10-04 13:15:54 MESSAGE("nlp_g::eval") [.../casadi/core/sx_function.cpp:77]
CasADi - 2026-10-04 13:15:54 MESSAGE("nlp_f::eval") [.../casadi/core/sx_function.cpp:77]
CasADi - 2026-10-04 13:15:54 MESSAGE("nlp_grad_f::eval") [.../casadi/core/sx_function.cpp:77]
CasADi - 2026-10-04 13:15:54 MESSAGE("nlp_jac_g::eval") [.../casadi/core/sx_function.cpp:77]
CasADi - 2026-10-04 13:15:54 MESSAGE("nlp_hess_l::eval") [.../casadi/core/sx_function.cpp:77]
 246  1.5005161e+01 3.15e-03 9.17e+01  -1.7 1.20e-02   1.5 1.00e+00 1.00e+00h  1
CasADi - 2026-10-04 13:15:54 MESSAGE("nlp_g::eval") [.../casadi/core/sx_function.cpp:77]
CasADi - 2026-10-04 13:15:54 MESSAGE("nlp_f::eval") [.../casadi/core/sx_function.cpp:77]
CasADi - 2026-10-04 13:15:54 MESSAGE("nlp_g::eval") [.../casadi/core/sx_function.cpp:77]
CasADi - 2026-10-04 13:15:54 MESSAGE("nlp_f::eval") [.../casadi/core/sx_function.cpp:77]
CasADi - 2026-10-04 13:15:54 MESSAGE("nlp_g::eval") [.../casadi/core/sx_function.cpp:77]
CasADi - 2026-10-04 13:15:54 MESSAGE("nlp_f::eval") [.../casadi/core/sx_function.cpp:77]
CasADi - 2026-10-04 13:15:54 MESSAGE("nlp_grad_f::eval") [.../casadi/core/sx_function.cpp:77]
CasADi - 2026-10-04 13:15:54 MESSAGE("nlp_jac_g::eval") [.../casadi/core/sx_function.cpp:77]
CasADi - 2026-10-04 13:15:54 MESSAGE("nlp_hess_l::eval") [.../casadi/core/sx_function.cpp:77]
 247  1.5006079e+01 2.54e-03 3.03e+03  -1.7 3.06e-02   2.0 1.00e+00 5.00e-01h  2
CasADi - 2026-10-04 13:15:54 MESSAGE("nlp_g::eval") [.../casadi/core/sx_function.cpp:77]
CasADi - 2026-10-04 13:15:54 MESSAGE("nlp_f::eval") [.../casadi/core/sx_function.cpp:77]
CasADi - 2026-10-04 13:15:54 MESSAGE("nlp_grad_f::eval") [.../casadi/core/sx_function.cpp:77]
CasADi - 2026-10-04 13:15:54 MESSAGE("nlp_jac_g::eval") [.../casadi/core/sx_function.cpp:77]
CasADi - 2026-10-04 13:15:54 MESSAGE("nlp_hess_l::eval") [.../casadi/core/sx_function.cpp:77]
 248  1.4955670e+01 5.89e-04 3.76e+01  -1.7 3.26e-02   1.5 1.00e+00 1.00e+00h  1
CasADi - 2026-10-04 13:15:54 MESSAGE("nlp_g::eval") [.../casadi/core/sx_function.cpp:77]
CasADi - 2026-10-04 13:15:54 MESSAGE("nlp_f::eval") [.../casadi/core/sx_function.cpp:77]
CasADi - 2026-10-04 13:15:54 MESSAGE("nlp_grad_f::eval") [.../casadi/core/sx_function.cpp:77]
CasADi - 2026-10-04 13:15:54 MESSAGE("nlp_jac_g::eval") [.../casadi/core/sx_function.cpp:77]
CasADi - 2026-10-04 13:15:54 MESSAGE("nlp_hess_l::eval") [.../casadi/core/sx_function.cpp:77]
 249  1.4937598e+01 7.10e-05 1.71e+01  -1.7 4.68e-03   1.9 1.00e+00 1.00e+00h  1
CasADi - 2026-10-04 13:15:54 MESSAGE("nlp_g::eval") [.../casadi/core/sx_function.cpp:77]
CasADi - 2026-10-04 13:15:54 MESSAGE("nlp_f::eval") [.../casadi/core/sx_function.cpp:77]
CasADi - 2026-10-04 13:15:54 MESSAGE("nlp_grad_f::eval") [.../casadi/core/sx_function.cpp:77]
CasADi - 2026-10-04 13:15:54 MESSAGE("nlp_jac_g::eval") [.../casadi/core/sx_function.cpp:77]
CasADi - 2026-10-04 13:15:54 MESSAGE("nlp_hess_l::eval") [.../casadi/core/sx_function.cpp:77]
iter    objective    inf_pr   inf_du lg(mu)  ||d||  lg(rg) alpha_du alpha_pr  ls
 250  1.4885089e+01 6.16e-04 1.70e+01  -1.7 4.12e-03   1.4 1.00e+00 1.00e+00h  1
CasADi - 2026-10-04 13:15:54 MESSAGE("nlp_g::eval") [.../casadi/core/sx_function.cpp:77]
CasADi - 2026-10-04 13:15:54 MESSAGE("nlp_f::eval") [.../casadi/core/sx_function.cpp:77]
CasADi - 2026-10-04 13:15:54 MESSAGE("nlp_grad_f::eval") [.../casadi/core/sx_function.cpp:77]
CasADi - 2026-10-04 13:15:54 MESSAGE("nlp_jac_g::eval") [.../casadi/core/sx_function.cpp:77]
CasADi - 2026-10-04 13:15:54 MESSAGE("nlp_hess_l::eval") [.../casadi/core/sx_function.cpp:77]
 251  1.4710192e+01 1.94e-02 8.01e+03  -1.7 3.18e-02   1.0 5.36e-01 1.00e+00h  1
CasADi - 2026-10-04 13:15:54 MESSAGE("nlp_g::eval") [.../casadi/core/sx_function.cpp:77]
CasADi - 2026-10-04 13:15:54 MESSAGE("nlp_f::eval") [.../casadi/core/sx_function.cpp:77]
CasADi - 2026-10-04 13:15:54 MESSAGE("nlp_grad_f::eval") [.../casadi/core/sx_function.cpp:77]
CasADi - 2026-10-04 13:15:54 MESSAGE("nlp_jac_g::eval") [.../casadi/core/sx_function.cpp:77]
CasADi - 2026-10-04 13:15:54 MESSAGE("nlp_hess_l::eval") [.../casadi/core/sx_function.cpp:77]
 252  1.4344701e+01 3.91e-02 3.76e+01  -1.7 3.50e-02   0.5 1.00e+00 1.00e+00h  1
CasADi - 2026-10-04 13:15:55 MESSAGE("nlp_g::eval") [.../casadi/core/sx_function.cpp:77]
CasADi - 2026-10-04 13:15:55 MESSAGE("nlp_f::eval") [.../casadi/core/sx_function.cpp:77]
CasADi - 2026-10-04 13:15:55 MESSAGE("nlp_grad_f::eval") [.../casadi/core/sx_function.cpp:77]
CasADi - 2026-10-04 13:15:55 MESSAGE("nlp_jac_g::eval") [.../casadi/core/sx_function.cpp:77]
CasADi - 2026-10-04 13:15:55 MESSAGE("nlp_hess_l::eval") [.../casadi/core/sx_function.cpp:77]
 253  1.4205906e+01 2.15e-02 5.19e+03  -1.7 3.75e-02   0.9 6.62e-01 1.00e+00h  1
CasADi - 2026-10-04 13:15:55 MESSAGE("nlp_g::eval") [.../casadi/core/sx_function.cpp:77]
CasADi - 2026-10-04 13:15:55 MESSAGE("nlp_f::eval") [.../casadi/core/sx_function.cpp:77]
CasADi - 2026-10-04 13:15:55 MESSAGE("nlp_grad_f::eval") [.../casadi/core/sx_function.cpp:77]
CasADi - 2026-10-04 13:15:55 MESSAGE("nlp_jac_g::eval") [.../casadi/core/sx_function.cpp:77]
CasADi - 2026-10-04 13:15:55 MESSAGE("nlp_hess_l::eval") [.../casadi/core/sx_function.cpp:77]
 254  1.3852828e+01 4.06e-02 9.81e+01  -1.7 3.86e-02   0.4 1.00e+00 1.00e+00h  1
CasADi - 2026-10-04 13:15:55 MESSAGE("nlp_g::eval") [.../casadi/core/sx_function.cpp:77]
CasADi - 2026-10-04 13:15:55 MESSAGE("nlp_f::eval") [.../casadi/core/sx_function.cpp:77]
CasADi - 2026-10-04 13:15:55 MESSAGE("nlp_grad_f::eval") [.../casadi/core/sx_function.cpp:77]
CasADi - 2026-10-04 13:15:55 MESSAGE("nlp_jac_g::eval") [.../casadi/core/sx_function.cpp:77]
CasADi - 2026-10-04 13:15:55 MESSAGE("nlp_hess_l::eval") [.../casadi/core/sx_function.cpp:77]
 255  1.3833583e+01 2.01e-03 2.02e+02  -1.7 1.07e-02   1.8 1.00e+00 1.00e+00h  1
CasADi - 2026-10-04 13:15:55 MESSAGE("nlp_g::eval") [.../casadi/core/sx_function.cpp:77]
CasADi - 2026-10-04 13:15:55 MESSAGE("nlp_f::eval") [.../casadi/core/sx_function.cpp:77]
CasADi - 2026-10-04 13:15:55 MESSAGE("nlp_grad_f::eval") [.../casadi/core/sx_function.cpp:77]
CasADi - 2026-10-04 13:15:55 MESSAGE("nlp_jac_g::eval") [.../casadi/core/sx_function.cpp:77]
CasADi - 2026-10-04 13:15:55 MESSAGE("nlp_hess_l::eval") [.../casadi/core/sx_function.cpp:77]
 256  1.3827861e+01 5.86e-05 9.07e+01  -1.7 1.92e-02   2.2 1.00e+00 1.00e+00h  1
CasADi - 2026-10-04 13:15:55 MESSAGE("nlp_g::eval") [.../casadi/core/sx_function.cpp:77]
CasADi - 2026-10-04 13:15:55 MESSAGE("nlp_f::eval") [.../casadi/core/sx_function.cpp:77]
CasADi - 2026-10-04 13:15:55 MESSAGE("nlp_grad_f::eval") [.../casadi/core/sx_function.cpp:77]
CasADi - 2026-10-04 13:15:55 MESSAGE("nlp_jac_g::eval") [.../casadi/core/sx_function.cpp:77]
CasADi - 2026-10-04 13:15:55 MESSAGE("nlp_hess_l::eval") [.../casadi/core/sx_function.cpp:77]
 257  1.3808813e+01 1.17e-04 2.15e+01  -1.7 1.77e-03   1.7 1.00e+00 1.00e+00h  1
CasADi - 2026-10-04 13:15:55 MESSAGE("nlp_g::eval") [.../casadi/core/sx_function.cpp:77]
CasADi - 2026-10-04 13:15:55 MESSAGE("nlp_f::eval") [.../casadi/core/sx_function.cpp:77]
CasADi - 2026-10-04 13:15:55 MESSAGE("nlp_grad_f::eval") [.../casadi/core/sx_function.cpp:77]
CasADi - 2026-10-04 13:15:55 MESSAGE("nlp_jac_g::eval") [.../casadi/core/sx_function.cpp:77]
CasADi - 2026-10-04 13:15:55 MESSAGE("nlp_hess_l::eval") [.../casadi/core/sx_function.cpp:77]
 258  1.3750962e+01 1.03e-03 2.19e+00  -1.7 6.35e-03   1.2 1.00e+00 1.00e+00h  1
CasADi - 2026-10-04 13:15:55 MESSAGE("nlp_g::eval") [.../casadi/core/sx_function.cpp:77]
CasADi - 2026-10-04 13:15:55 MESSAGE("nlp_f::eval") [.../casadi/core/sx_function.cpp:77]
CasADi - 2026-10-04 13:15:55 MESSAGE("nlp_grad_f::eval") [.../casadi/core/sx_function.cpp:77]
CasADi - 2026-10-04 13:15:55 MESSAGE("nlp_jac_g::eval") [.../casadi/core/sx_function.cpp:77]
CasADi - 2026-10-04 13:15:55 MESSAGE("nlp_hess_l::eval") [.../casadi/core/sx_function.cpp:77]
 259  1.3730174e+01 1.47e-04 4.32e+00  -1.7 4.29e-03   1.7 1.00e+00 1.00e+00h  1
CasADi - 2026-10-04 13:15:55 MESSAGE("nlp_g::eval") [.../casadi/core/sx_function.cpp:77]
CasADi - 2026-10-04 13:15:55 MESSAGE("nlp_f::eval") [.../casadi/core/sx_function.cpp:77]
CasADi - 2026-10-04 13:15:55 MESSAGE("nlp_grad_f::eval") [.../casadi/core/sx_function.cpp:77]
CasADi - 2026-10-04 13:15:55 MESSAGE("nlp_jac_g::eval") [.../casadi/core/sx_function.cpp:77]
CasADi - 2026-10-04 13:15:55 MESSAGE("nlp_hess_l::eval") [.../casadi/core/sx_function.cpp:77]
iter    objective    inf_pr   inf_du lg(mu)  ||d||  lg(rg) alpha_du alpha_pr  ls
 260  1.3668530e+01 1.25e-03 7.70e+00  -1.7 6.34e-03   1.2 1.00e+00 1.00e+00h  1
CasADi - 2026-10-04 13:15:55 MESSAGE("nlp_g::eval") [.../casadi/core/sx_function.cpp:77]
CasADi - 2026-10-04 13:15:55 MESSAGE("nlp_f::eval") [.../casadi/core/sx_function.cpp:77]
CasADi - 2026-10-04 13:15:55 MESSAGE("nlp_grad_f::eval") [.../casadi/core/sx_function.cpp:77]
CasADi - 2026-10-04 13:15:55 MESSAGE("nlp_jac_g::eval") [.../casadi/core/sx_function.cpp:77]
CasADi - 2026-10-04 13:15:55 MESSAGE("nlp_hess_l::eval") [.../casadi/core/sx_function.cpp:77]
 261  1.3496109e+01 1.04e-02 2.58e+01  -1.7 2.32e-02   0.7 1.00e+00 1.00e+00h  1
CasADi - 2026-10-04 13:15:55 MESSAGE("nlp_g::eval") [.../casadi/core/sx_function.cpp:77]
CasADi - 2026-10-04 13:15:55 MESSAGE("nlp_f::eval") [.../casadi/core/sx_function.cpp:77]
CasADi - 2026-10-04 13:15:55 MESSAGE("nlp_grad_f::eval") [.../casadi/core/sx_function.cpp:77]
CasADi - 2026-10-04 13:15:55 MESSAGE("nlp_jac_g::eval") [.../casadi/core/sx_function.cpp:77]
CasADi - 2026-10-04 13:15:55 MESSAGE("nlp_hess_l::eval") [.../casadi/core/sx_function.cpp:77]
 262  1.3059918e+01 7.72e-02 4.02e+00  -1.7 6.07e-02   0.2 1.00e+00 1.00e+00h  1
CasADi - 2026-10-04 13:15:55 MESSAGE("nlp_g::eval") [.../casadi/core/sx_function.cpp:77]
CasADi - 2026-10-04 13:15:55 MESSAGE("nlp_f::eval") [.../casadi/core/sx_function.cpp:77]
CasADi - 2026-10-04 13:15:55 MESSAGE("nlp_grad_f::eval") [.../casadi/core/sx_function.cpp:77]
CasADi - 2026-10-04 13:15:55 MESSAGE("nlp_jac_g::eval") [.../casadi/core/sx_function.cpp:77]
CasADi - 2026-10-04 13:15:55 MESSAGE("nlp_hess_l::eval") [.../casadi/core/sx_function.cpp:77]
 263  1.2899830e+01 1.52e-02 2.46e+01  -1.7 2.49e-02   0.7 1.00e+00 1.00e+00h  1
CasADi - 2026-10-04 13:15:55 MESSAGE("nlp_g::eval") [.../casadi/core/sx_function.cpp:77]
CasADi - 2026-10-04 13:15:55 MESSAGE("nlp_f::eval") [.../casadi/core/sx_function.cpp:77]
CasADi - 2026-10-04 13:15:55 MESSAGE("nlp_grad_f::eval") [.../casadi/core/sx_function.cpp:77]
CasADi - 2026-10-04 13:15:55 MESSAGE("nlp_jac_g::eval") [.../casadi/core/sx_function.cpp:77]
CasADi - 2026-10-04 13:15:55 MESSAGE("nlp_hess_l::eval") [.../casadi/core/sx_function.cpp:77]
 264  1.2842143e+01 1.84e-03 7.70e+00  -1.7 1.06e-02   1.1 1.00e+00 1.00e+00h  1
CasADi - 2026-10-04 13:15:55 MESSAGE("nlp_g::eval") [.../casadi/core/sx_function.cpp:77]
CasADi - 2026-10-04 13:15:55 MESSAGE("nlp_f::eval") [.../casadi/core/sx_function.cpp:77]
CasADi - 2026-10-04 13:15:55 MESSAGE("nlp_grad_f::eval") [.../casadi/core/sx_function.cpp:77]
CasADi - 2026-10-04 13:15:55 MESSAGE("nlp_jac_g::eval") [.../casadi/core/sx_function.cpp:77]
CasADi - 2026-10-04 13:15:55 MESSAGE("nlp_hess_l::eval") [.../casadi/core/sx_function.cpp:77]
 265  1.2678585e+01 1.31e-02 5.15e+00  -1.7 2.57e-02   0.6 1.00e+00 1.00e+00h  1
CasADi - 2026-10-04 13:15:55 MESSAGE("nlp_g::eval") [.../casadi/core/sx_function.cpp:77]
CasADi - 2026-10-04 13:15:55 MESSAGE("nlp_f::eval") [.../casadi/core/sx_function.cpp:77]
CasADi - 2026-10-04 13:15:55 MESSAGE("nlp_g::eval") [.../casadi/core/sx_function.cpp:77]
CasADi - 2026-10-04 13:15:55 MESSAGE("nlp_f::eval") [.../casadi/core/sx_function.cpp:77]
CasADi - 2026-10-04 13:15:55 MESSAGE("nlp_g::eval") [.../casadi/core/sx_function.cpp:77]
CasADi - 2026-10-04 13:15:55 MESSAGE("nlp_f::eval") [.../casadi/core/sx_function.cpp:77]
CasADi - 2026-10-04 13:15:55 MESSAGE("nlp_g::eval") [.../casadi/core/sx_function.cpp:77]
CasADi - 2026-10-04 13:15:55 MESSAGE("nlp_f::eval") [.../casadi/core/sx_function.cpp:77]
CasADi - 2026-10-04 13:15:55 MESSAGE("nlp_g::eval") [.../casadi/core/sx_function.cpp:77]
CasADi - 2026-10-04 13:15:55 MESSAGE("nlp_f::eval") [.../casadi/core/sx_function.cpp:77]
CasADi - 2026-10-04 13:15:55 MESSAGE("nlp_grad_f::eval") [.../casadi/core/sx_function.cpp:77]
CasADi - 2026-10-04 13:15:55 MESSAGE("nlp_jac_g::eval") [.../casadi/core/sx_function.cpp:77]
CasADi - 2026-10-04 13:15:55 MESSAGE("nlp_hess_l::eval") [.../casadi/core/sx_function.cpp:77]
 266  1.2647906e+01 1.35e-02 2.70e+03  -1.7 7.32e-01   0.1 8.14e-02 6.45e-02h  2
CasADi - 2026-10-04 13:15:55 MESSAGE("nlp_g::eval") [.../casadi/core/sx_function.cpp:77]
CasADi - 2026-10-04 13:15:55 MESSAGE("nlp_f::eval") [.../casadi/core/sx_function.cpp:77]
CasADi - 2026-10-04 13:15:55 MESSAGE("nlp_grad_f::eval") [.../casadi/core/sx_function.cpp:77]
CasADi - 2026-10-04 13:15:55 MESSAGE("nlp_jac_g::eval") [.../casadi/core/sx_function.cpp:77]
CasADi - 2026-10-04 13:15:55 MESSAGE("nlp_hess_l::eval") [.../casadi/core/sx_function.cpp:77]
 267  1.1771605e+01 8.22e-01 5.79e+03  -1.7 1.90e-01  -0.3 5.09e-01 8.83e-01f  1
CasADi - 2026-10-04 13:15:55 MESSAGE("nlp_g::eval") [.../casadi/core/sx_function.cpp:77]
CasADi - 2026-10-04 13:15:55 MESSAGE("nlp_f::eval") [.../casadi/core/sx_function.cpp:77]
CasADi - 2026-10-04 13:15:55 MESSAGE("nlp_grad_f::eval") [.../casadi/core/sx_function.cpp:77]
CasADi - 2026-10-04 13:15:55 MESSAGE("nlp_jac_g::eval") [.../casadi/core/sx_function.cpp:77]
CasADi - 2026-10-04 13:15:55 MESSAGE("nlp_hess_l::eval") [.../casadi/core/sx_function.cpp:77]
 268  1.1543672e+01 2.73e-01 9.45e+03  -1.7 2.04e-01   0.1 2.93e-01 6.55e-01h  1
CasADi - 2026-10-04 13:15:55 MESSAGE("nlp_g::eval") [.../casadi/core/sx_function.cpp:77]
CasADi - 2026-10-04 13:15:55 MESSAGE("nlp_f::eval") [.../casadi/core/sx_function.cpp:77]
CasADi - 2026-10-04 13:15:55 MESSAGE("nlp_grad_f::eval") [.../casadi/core/sx_function.cpp:77]
CasADi - 2026-10-04 13:15:55 MESSAGE("nlp_jac_g::eval") [.../casadi/core/sx_function.cpp:77]
CasADi - 2026-10-04 13:15:55 MESSAGE("nlp_hess_l::eval") [.../casadi/core/sx_function.cpp:77]
 269  1.1239156e+01 2.63e-01 6.59e+03  -1.7 3.21e-01  -0.4 2.67e-01 4.08e-01h  1
CasADi - 2026-10-04 13:15:55 MESSAGE("nlp_g::eval") [.../casadi/core/sx_function.cpp:77]
CasADi - 2026-10-04 13:15:55 MESSAGE("nlp_f::eval") [.../casadi/core/sx_function.cpp:77]
CasADi - 2026-10-04 13:15:55 MESSAGE("nlp_grad_f::eval") [.../casadi/core/sx_function.cpp:77]
CasADi - 2026-10-04 13:15:55 MESSAGE("nlp_jac_g::eval") [.../casadi/core/sx_function.cpp:77]
CasADi - 2026-10-04 13:15:55 MESSAGE("nlp_hess_l::eval") [.../casadi/core/sx_function.cpp:77]
iter    objective    inf_pr   inf_du lg(mu)  ||d||  lg(rg) alpha_du alpha_pr  ls
 270  1.1238763e+01 2.15e-01 5.56e+03  -1.7 1.46e-01   1.8 1.30e-01 1.80e-01h  1
CasADi - 2026-10-04 13:15:55 MESSAGE("nlp_g::eval") [.../casadi/core/sx_function.cpp:77]
CasADi - 2026-10-04 13:15:55 MESSAGE("nlp_f::eval") [.../casadi/core/sx_function.cpp:77]
CasADi - 2026-10-04 13:15:55 MESSAGE("nlp_grad_f::eval") [.../casadi/core/sx_function.cpp:77]
CasADi - 2026-10-04 13:15:55 MESSAGE("nlp_jac_g::eval") [.../casadi/core/sx_function.cpp:77]
CasADi - 2026-10-04 13:15:55 MESSAGE("nlp_hess_l::eval") [.../casadi/core/sx_function.cpp:77]
 271  1.1229116e+01 7.70e-02 4.27e+03  -1.7 6.12e-02   2.3 7.46e-01 6.29e-01f  1
CasADi - 2026-10-04 13:15:55 MESSAGE("nlp_g::eval") [.../casadi/core/sx_function.cpp:77]
CasADi - 2026-10-04 13:15:55 MESSAGE("nlp_f::eval") [.../casadi/core/sx_function.cpp:77]
CasADi - 2026-10-04 13:15:55 MESSAGE("nlp_grad_f::eval") [.../casadi/core/sx_function.cpp:77]
CasADi - 2026-10-04 13:15:55 MESSAGE("nlp_jac_g::eval") [.../casadi/core/sx_function.cpp:77]
CasADi - 2026-10-04 13:15:55 MESSAGE("nlp_hess_l::eval") [.../casadi/core/sx_function.cpp:77]
 272  1.1227553e+01 1.67e-02 5.61e+03  -1.7 1.41e-01   1.8 1.39e-01 1.00e+00h  1
CasADi - 2026-10-04 13:15:55 MESSAGE("nlp_g::eval") [.../casadi/core/sx_function.cpp:77]
CasADi - 2026-10-04 13:15:55 MESSAGE("nlp_f::eval") [.../casadi/core/sx_function.cpp:77]
CasADi - 2026-10-04 13:15:55 MESSAGE("nlp_grad_f::eval") [.../casadi/core/sx_function.cpp:77]
CasADi - 2026-10-04 13:15:55 MESSAGE("nlp_jac_g::eval") [.../casadi/core/sx_function.cpp:77]
CasADi - 2026-10-04 13:15:55 MESSAGE("nlp_hess_l::eval") [.../casadi/core/sx_function.cpp:77]
 273  1.1226797e+01 3.64e-03 2.21e+03  -1.7 8.94e-02   2.2 9.52e-01 1.00e+00h  1
CasADi - 2026-10-04 13:15:55 MESSAGE("nlp_g::eval") [.../casadi/core/sx_function.cpp:77]
CasADi - 2026-10-04 13:15:55 MESSAGE("nlp_f::eval") [.../casadi/core/sx_function.cpp:77]
CasADi - 2026-10-04 13:15:55 MESSAGE("nlp_grad_f::eval") [.../casadi/core/sx_function.cpp:77]
CasADi - 2026-10-04 13:15:55 MESSAGE("nlp_jac_g::eval") [.../casadi/core/sx_function.cpp:77]
CasADi - 2026-10-04 13:15:55 MESSAGE("nlp_hess_l::eval") [.../casadi/core/sx_function.cpp:77]
 274  1.1228044e+01 1.01e-03 2.97e+02  -1.7 1.08e-02   2.6 1.00e+00 1.00e+00h  1
CasADi - 2026-10-04 13:15:55 MESSAGE("nlp_g::eval") [.../casadi/core/sx_function.cpp:77]
CasADi - 2026-10-04 13:15:55 MESSAGE("nlp_f::eval") [.../casadi/core/sx_function.cpp:77]
CasADi - 2026-10-04 13:15:55 MESSAGE("nlp_grad_f::eval") [.../casadi/core/sx_function.cpp:77]
CasADi - 2026-10-04 13:15:55 MESSAGE("nlp_jac_g::eval") [.../casadi/core/sx_function.cpp:77]
CasADi - 2026-10-04 13:15:55 MESSAGE("nlp_hess_l::eval") [.../casadi/core/sx_function.cpp:77]
 275  1.1228399e+01 2.54e-04 3.50e+02  -1.7 6.38e-03   3.1 1.00e+00 1.00e+00h  1
CasADi - 2026-10-04 13:15:55 MESSAGE("nlp_g::eval") [.../casadi/core/sx_function.cpp:77]
CasADi - 2026-10-04 13:15:55 MESSAGE("nlp_f::eval") [.../casadi/core/sx_function.cpp:77]
CasADi - 2026-10-04 13:15:55 MESSAGE("nlp_grad_f::eval") [.../casadi/core/sx_function.cpp:77]
CasADi - 2026-10-04 13:15:55 MESSAGE("nlp_jac_g::eval") [.../casadi/core/sx_function.cpp:77]
CasADi - 2026-10-04 13:15:55 MESSAGE("nlp_hess_l::eval") [.../casadi/core/sx_function.cpp:77]
 276  1.1227936e+01 2.97e-06 4.16e+01  -1.7 3.00e-03   2.6 1.00e+00 1.00e+00h  1
CasADi - 2026-10-04 13:15:55 MESSAGE("nlp_g::eval") [.../casadi/core/sx_function.cpp:77]
CasADi - 2026-10-04 13:15:55 MESSAGE("nlp_f::eval") [.../casadi/core/sx_function.cpp:77]
CasADi - 2026-10-04 13:15:55 MESSAGE("nlp_grad_f::eval") [.../casadi/core/sx_function.cpp:77]
CasADi - 2026-10-04 13:15:55 MESSAGE("nlp_jac_g::eval") [.../casadi/core/sx_function.cpp:77]
CasADi - 2026-10-04 13:15:55 MESSAGE("nlp_hess_l::eval") [.../casadi/core/sx_function.cpp:77]
 277  1.1225872e+01 1.48e-05 9.61e-01  -1.7 1.15e-03   2.1 1.00e+00 1.00e+00h  1
CasADi - 2026-10-04 13:15:55 MESSAGE("nlp_g::eval") [.../casadi/core/sx_function.cpp:77]
CasADi - 2026-10-04 13:15:55 MESSAGE("nlp_f::eval") [.../casadi/core/sx_function.cpp:77]
CasADi - 2026-10-04 13:15:55 MESSAGE("nlp_grad_f::eval") [.../casadi/core/sx_function.cpp:77]
CasADi - 2026-10-04 13:15:55 MESSAGE("nlp_jac_g::eval") [.../casadi/core/sx_function.cpp:77]
CasADi - 2026-10-04 13:15:55 MESSAGE("nlp_hess_l::eval") [.../casadi/core/sx_function.cpp:77]
 278  1.1209777e+01 7.44e-05 4.24e+00  -2.5 1.85e-03   1.6 1.00e+00 1.00e+00h  1
CasADi - 2026-10-04 13:15:55 MESSAGE("nlp_g::eval") [.../casadi/core/sx_function.cpp:77]
CasADi - 2026-10-04 13:15:55 MESSAGE("nlp_f::eval") [.../casadi/core/sx_function.cpp:77]
CasADi - 2026-10-04 13:15:55 MESSAGE("nlp_grad_f::eval") [.../casadi/core/sx_function.cpp:77]
CasADi - 2026-10-04 13:15:55 MESSAGE("nlp_jac_g::eval") [.../casadi/core/sx_function.cpp:77]
CasADi - 2026-10-04 13:15:55 MESSAGE("nlp_hess_l::eval") [.../casadi/core/sx_function.cpp:77]
 279  1.1159940e+01 7.48e-04 8.49e+00  -2.5 8.31e-03   1.2 1.00e+00 1.00e+00h  1
CasADi - 2026-10-04 13:15:55 MESSAGE("nlp_g::eval") [.../casadi/core/sx_function.cpp:77]
CasADi - 2026-10-04 13:15:55 MESSAGE("nlp_f::eval") [.../casadi/core/sx_function.cpp:77]
CasADi - 2026-10-04 13:15:55 MESSAGE("nlp_grad_f::eval") [.../casadi/core/sx_function.cpp:77]
CasADi - 2026-10-04 13:15:55 MESSAGE("nlp_jac_g::eval") [.../casadi/core/sx_function.cpp:77]
CasADi - 2026-10-04 13:15:55 MESSAGE("nlp_hess_l::eval") [.../casadi/core/sx_function.cpp:77]
iter    objective    inf_pr   inf_du lg(mu)  ||d||  lg(rg) alpha_du alpha_pr  ls
 280  1.1141827e+01 9.90e-05 2.70e+01  -2.5 7.39e-03   1.6 1.00e+00 1.00e+00h  1
CasADi - 2026-10-04 13:15:55 MESSAGE("nlp_g::eval") [.../casadi/core/sx_function.cpp:77]
CasADi - 2026-10-04 13:15:55 MESSAGE("nlp_f::eval") [.../casadi/core/sx_function.cpp:77]
CasADi - 2026-10-04 13:15:55 MESSAGE("nlp_grad_f::eval") [.../casadi/core/sx_function.cpp:77]
CasADi - 2026-10-04 13:15:55 MESSAGE("nlp_jac_g::eval") [.../casadi/core/sx_function.cpp:77]
CasADi - 2026-10-04 13:15:55 MESSAGE("nlp_hess_l::eval") [.../casadi/core/sx_function.cpp:77]
 281  1.1092812e+01 6.14e-04 7.44e+00  -2.5 5.52e-03   1.1 1.00e+00 1.00e+00h  1
CasADi - 2026-10-04 13:15:55 MESSAGE("nlp_g::eval") [.../casadi/core/sx_function.cpp:77]
CasADi - 2026-10-04 13:15:55 MESSAGE("nlp_f::eval") [.../casadi/core/sx_function.cpp:77]
CasADi - 2026-10-04 13:15:55 MESSAGE("nlp_grad_f::eval") [.../casadi/core/sx_function.cpp:77]
CasADi - 2026-10-04 13:15:55 MESSAGE("nlp_jac_g::eval") [.../casadi/core/sx_function.cpp:77]
CasADi - 2026-10-04 13:15:55 MESSAGE("nlp_hess_l::eval") [.../casadi/core/sx_function.cpp:77]
 282  1.0960058e+01 4.73e-03 4.74e+01  -2.5 3.73e-02   0.6 1.00e+00 1.00e+00h  1
CasADi - 2026-10-04 13:15:55 MESSAGE("nlp_g::eval") [.../casadi/core/sx_function.cpp:77]
CasADi - 2026-10-04 13:15:55 MESSAGE("nlp_f::eval") [.../casadi/core/sx_function.cpp:77]
CasADi - 2026-10-04 13:15:55 MESSAGE("nlp_grad_f::eval") [.../casadi/core/sx_function.cpp:77]
CasADi - 2026-10-04 13:15:55 MESSAGE("nlp_jac_g::eval") [.../casadi/core/sx_function.cpp:77]
CasADi - 2026-10-04 13:15:55 MESSAGE("nlp_hess_l::eval") [.../casadi/core/sx_function.cpp:77]
 283  1.0923868e+01 2.00e-03 2.68e+01  -2.5 1.15e-02   1.0 1.00e+00 1.00e+00h  1
CasADi - 2026-10-04 13:15:55 MESSAGE("nlp_g::eval") [.../casadi/core/sx_function.cpp:77]
CasADi - 2026-10-04 13:15:55 MESSAGE("nlp_f::eval") [.../casadi/core/sx_function.cpp:77]
CasADi - 2026-10-04 13:15:55 MESSAGE("nlp_grad_f::eval") [.../casadi/core/sx_function.cpp:77]
CasADi - 2026-10-04 13:15:55 MESSAGE("nlp_jac_g::eval") [.../casadi/core/sx_function.cpp:77]
CasADi - 2026-10-04 13:15:55 MESSAGE("nlp_hess_l::eval") [.../casadi/core/sx_function.cpp:77]
 284  1.0898007e+01 4.34e-03 2.11e+02  -2.5 1.50e-02   1.5 1.00e+00 1.00e+00h  1
CasADi - 2026-10-04 13:15:55 MESSAGE("nlp_g::eval") [.../casadi/core/sx_function.cpp:77]
CasADi - 2026-10-04 13:15:55 MESSAGE("nlp_f::eval") [.../casadi/core/sx_function.cpp:77]
CasADi - 2026-10-04 13:15:55 MESSAGE("nlp_grad_f::eval") [.../casadi/core/sx_function.cpp:77]
CasADi - 2026-10-04 13:15:55 MESSAGE("nlp_jac_g::eval") [.../casadi/core/sx_function.cpp:77]
CasADi - 2026-10-04 13:15:55 MESSAGE("nlp_hess_l::eval") [.../casadi/core/sx_function.cpp:77]
 285  1.0859109e+01 9.61e-04 1.26e+01  -2.5 2.22e-02   1.0 1.00e+00 1.00e+00h  1
CasADi - 2026-10-04 13:15:55 MESSAGE("nlp_g::eval") [.../casadi/core/sx_function.cpp:77]
CasADi - 2026-10-04 13:15:55 MESSAGE("nlp_f::eval") [.../casadi/core/sx_function.cpp:77]
CasADi - 2026-10-04 13:15:55 MESSAGE("nlp_grad_f::eval") [.../casadi/core/sx_function.cpp:77]
CasADi - 2026-10-04 13:15:55 MESSAGE("nlp_jac_g::eval") [.../casadi/core/sx_function.cpp:77]
CasADi - 2026-10-04 13:15:55 MESSAGE("nlp_hess_l::eval") [.../casadi/core/sx_function.cpp:77]
 286  1.0787429e+01 2.02e-02 1.70e+03  -2.5 1.38e-01   0.5 2.10e-01 4.24e-01h  1
CasADi - 2026-10-04 13:15:55 MESSAGE("nlp_g::eval") [.../casadi/core/sx_function.cpp:77]
CasADi - 2026-10-04 13:15:55 MESSAGE("nlp_f::eval") [.../casadi/core/sx_function.cpp:77]
CasADi - 2026-10-04 13:15:55 MESSAGE("nlp_grad_f::eval") [.../casadi/core/sx_function.cpp:77]
CasADi - 2026-10-04 13:15:55 MESSAGE("nlp_jac_g::eval") [.../casadi/core/sx_function.cpp:77]
CasADi - 2026-10-04 13:15:55 MESSAGE("nlp_hess_l::eval") [.../casadi/core/sx_function.cpp:77]
 287  1.0754016e+01 3.34e-03 4.57e+01  -2.5 2.84e-02   0.9 1.00e+00 1.00e+00h  1
CasADi - 2026-10-04 13:15:55 MESSAGE("nlp_g::eval") [.../casadi/core/sx_function.cpp:77]
CasADi - 2026-10-04 13:15:55 MESSAGE("nlp_f::eval") [.../casadi/core/sx_function.cpp:77]
CasADi - 2026-10-04 13:15:55 MESSAGE("nlp_grad_f::eval") [.../casadi/core/sx_function.cpp:77]
CasADi - 2026-10-04 13:15:55 MESSAGE("nlp_jac_g::eval") [.../casadi/core/sx_function.cpp:77]
CasADi - 2026-10-04 13:15:55 MESSAGE("nlp_hess_l::eval") [.../casadi/core/sx_function.cpp:77]
 288  1.0634918e+01 5.64e-03 1.53e+03  -2.5 6.12e-02   0.5 6.18e-01 1.00e+00h  1
CasADi - 2026-10-04 13:15:55 MESSAGE("nlp_g::eval") [.../casadi/core/sx_function.cpp:77]
CasADi - 2026-10-04 13:15:55 MESSAGE("nlp_f::eval") [.../casadi/core/sx_function.cpp:77]
CasADi - 2026-10-04 13:15:55 MESSAGE("nlp_g::eval") [.../casadi/core/sx_function.cpp:77]
CasADi - 2026-10-04 13:15:55 MESSAGE("nlp_f::eval") [.../casadi/core/sx_function.cpp:77]
CasADi - 2026-10-04 13:15:55 MESSAGE("nlp_g::eval") [.../casadi/core/sx_function.cpp:77]
CasADi - 2026-10-04 13:15:55 MESSAGE("nlp_f::eval") [.../casadi/core/sx_function.cpp:77]
CasADi - 2026-10-04 13:15:55 MESSAGE("nlp_grad_f::eval") [.../casadi/core/sx_function.cpp:77]
CasADi - 2026-10-04 13:15:55 MESSAGE("nlp_jac_g::eval") [.../casadi/core/sx_function.cpp:77]
CasADi - 2026-10-04 13:15:55 MESSAGE("nlp_hess_l::eval") [.../casadi/core/sx_function.cpp:77]
 289  1.0626900e+01 6.38e-03 1.85e+03  -2.5 6.73e-02   1.8 8.26e-01 5.00e-01h  2
CasADi - 2026-10-04 13:15:55 MESSAGE("nlp_g::eval") [.../casadi/core/sx_function.cpp:77]
CasADi - 2026-10-04 13:15:55 MESSAGE("nlp_f::eval") [.../casadi/core/sx_function.cpp:77]
CasADi - 2026-10-04 13:15:55 MESSAGE("nlp_grad_f::eval") [.../casadi/core/sx_function.cpp:77]
CasADi - 2026-10-04 13:15:55 MESSAGE("nlp_jac_g::eval") [.../casadi/core/sx_function.cpp:77]
CasADi - 2026-10-04 13:15:55 MESSAGE("nlp_hess_l::eval") [.../casadi/core/sx_function.cpp:77]
iter    objective    inf_pr   inf_du lg(mu)  ||d||  lg(rg) alpha_du alpha_pr  ls
 290  1.0627334e+01 8.16e-03 5.66e+02  -2.5 6.80e-02   1.3 1.00e+00 8.44e-01h  1
CasADi - 2026-10-04 13:15:55 MESSAGE("nlp_g::eval") [.../casadi/core/sx_function.cpp:77]
CasADi - 2026-10-04 13:15:55 MESSAGE("nlp_f::eval") [.../casadi/core/sx_function.cpp:77]
CasADi - 2026-10-04 13:15:55 MESSAGE("nlp_grad_f::eval") [.../casadi/core/sx_function.cpp:77]
CasADi - 2026-10-04 13:15:55 MESSAGE("nlp_jac_g::eval") [.../casadi/core/sx_function.cpp:77]
CasADi - 2026-10-04 13:15:55 MESSAGE("nlp_hess_l::eval") [.../casadi/core/sx_function.cpp:77]
 291  1.0571412e+01 5.09e-03 2.50e+03  -2.5 4.18e-02   0.8 4.42e-02 1.00e+00h  1
CasADi - 2026-10-04 13:15:55 MESSAGE("nlp_g::eval") [.../casadi/core/sx_function.cpp:77]
CasADi - 2026-10-04 13:15:55 MESSAGE("nlp_f::eval") [.../casadi/core/sx_function.cpp:77]
CasADi - 2026-10-04 13:15:55 MESSAGE("nlp_grad_f::eval") [.../casadi/core/sx_function.cpp:77]
CasADi - 2026-10-04 13:15:55 MESSAGE("nlp_jac_g::eval") [.../casadi/core/sx_function.cpp:77]
CasADi - 2026-10-04 13:15:55 MESSAGE("nlp_hess_l::eval") [.../casadi/core/sx_function.cpp:77]
 292  1.0440947e+01 5.75e-03 3.28e+01  -2.5 5.66e-02   0.4 1.00e+00 1.00e+00h  1
CasADi - 2026-10-04 13:15:55 MESSAGE("nlp_g::eval") [.../casadi/core/sx_function.cpp:77]
CasADi - 2026-10-04 13:15:55 MESSAGE("nlp_f::eval") [.../casadi/core/sx_function.cpp:77]
CasADi - 2026-10-04 13:15:55 MESSAGE("nlp_grad_f::eval") [.../casadi/core/sx_function.cpp:77]
CasADi - 2026-10-04 13:15:55 MESSAGE("nlp_jac_g::eval") [.../casadi/core/sx_function.cpp:77]
CasADi - 2026-10-04 13:15:55 MESSAGE("nlp_hess_l::eval") [.../casadi/core/sx_function.cpp:77]
 293  1.0399267e+01 7.51e-04 1.30e+01  -2.5 1.63e-02   0.8 1.00e+00 1.00e+00h  1
CasADi - 2026-10-04 13:15:55 MESSAGE("nlp_g::eval") [.../casadi/core/sx_function.cpp:77]
CasADi - 2026-10-04 13:15:55 MESSAGE("nlp_f::eval") [.../casadi/core/sx_function.cpp:77]
CasADi - 2026-10-04 13:15:55 MESSAGE("nlp_grad_f::eval") [.../casadi/core/sx_function.cpp:77]
CasADi - 2026-10-04 13:15:55 MESSAGE("nlp_jac_g::eval") [.../casadi/core/sx_function.cpp:77]
CasADi - 2026-10-04 13:15:55 MESSAGE("nlp_hess_l::eval") [.../casadi/core/sx_function.cpp:77]
 294  1.0262661e+01 1.92e-02 1.59e+03  -2.5 6.36e-02   0.3 5.04e-01 1.00e+00h  1
CasADi - 2026-10-04 13:15:55 MESSAGE("nlp_g::eval") [.../casadi/core/sx_function.cpp:77]
CasADi - 2026-10-04 13:15:55 MESSAGE("nlp_f::eval") [.../casadi/core/sx_function.cpp:77]
CasADi - 2026-10-04 13:15:55 MESSAGE("nlp_grad_f::eval") [.../casadi/core/sx_function.cpp:77]
CasADi - 2026-10-04 13:15:55 MESSAGE("nlp_jac_g::eval") [.../casadi/core/sx_function.cpp:77]
CasADi - 2026-10-04 13:15:55 MESSAGE("nlp_hess_l::eval") [.../casadi/core/sx_function.cpp:77]
 295  1.0024774e+01 1.65e-02 6.58e+02  -2.5 1.01e-01  -0.2 1.00e+00 8.19e-01h  1
CasADi - 2026-10-04 13:15:55 MESSAGE("nlp_g::eval") [.../casadi/core/sx_function.cpp:77]
CasADi - 2026-10-04 13:15:55 MESSAGE("nlp_f::eval") [.../casadi/core/sx_function.cpp:77]
CasADi - 2026-10-04 13:15:55 MESSAGE("nlp_grad_f::eval") [.../casadi/core/sx_function.cpp:77]
CasADi - 2026-10-04 13:15:55 MESSAGE("nlp_jac_g::eval") [.../casadi/core/sx_function.cpp:77]
CasADi - 2026-10-04 13:15:55 MESSAGE("nlp_hess_l::eval") [.../casadi/core/sx_function.cpp:77]
 296  9.6722342e+00 4.56e-02 1.24e+03  -2.5 2.30e-01  -0.6 2.03e-01 5.07e-01h  1
CasADi - 2026-10-04 13:15:55 MESSAGE("nlp_g::eval") [.../casadi/core/sx_function.cpp:77]
CasADi - 2026-10-04 13:15:55 MESSAGE("nlp_f::eval") [.../casadi/core/sx_function.cpp:77]
CasADi - 2026-10-04 13:15:55 MESSAGE("nlp_grad_f::eval") [.../casadi/core/sx_function.cpp:77]
CasADi - 2026-10-04 13:15:55 MESSAGE("nlp_jac_g::eval") [.../casadi/core/sx_function.cpp:77]
CasADi - 2026-10-04 13:15:55 MESSAGE("nlp_hess_l::eval") [.../casadi/core/sx_function.cpp:77]
 297  9.6833383e+00 3.52e-02 9.60e+02  -2.5 8.61e-02   1.6 2.65e-01 2.35e-01h  1
CasADi - 2026-10-04 13:15:55 MESSAGE("nlp_g::eval") [.../casadi/core/sx_function.cpp:77]
CasADi - 2026-10-04 13:15:55 MESSAGE("nlp_f::eval") [.../casadi/core/sx_function.cpp:77]
CasADi - 2026-10-04 13:15:55 MESSAGE("nlp_grad_f::eval") [.../casadi/core/sx_function.cpp:77]
CasADi - 2026-10-04 13:15:55 MESSAGE("nlp_jac_g::eval") [.../casadi/core/sx_function.cpp:77]
CasADi - 2026-10-04 13:15:55 MESSAGE("nlp_hess_l::eval") [.../casadi/core/sx_function.cpp:77]
 298  9.6806843e+00 6.83e-03 1.87e+03  -2.5 1.33e-01   1.1 1.21e-02 1.00e+00h  1
CasADi - 2026-10-04 13:15:55 MESSAGE("nlp_g::eval") [.../casadi/core/sx_function.cpp:77]
CasADi - 2026-10-04 13:15:55 MESSAGE("nlp_f::eval") [.../casadi/core/sx_function.cpp:77]
CasADi - 2026-10-04 13:15:55 MESSAGE("nlp_grad_f::eval") [.../casadi/core/sx_function.cpp:77]
CasADi - 2026-10-04 13:15:55 MESSAGE("nlp_jac_g::eval") [.../casadi/core/sx_function.cpp:77]
CasADi - 2026-10-04 13:15:55 MESSAGE("nlp_hess_l::eval") [.../casadi/core/sx_function.cpp:77]
 299  9.6528822e+00 3.00e-03 6.65e+02  -2.5 7.48e-02   0.6 6.75e-01 1.00e+00h  1
CasADi - 2026-10-04 13:15:55 MESSAGE("nlp_g::eval") [.../casadi/core/sx_function.cpp:77]
CasADi - 2026-10-04 13:15:55 MESSAGE("nlp_f::eval") [.../casadi/core/sx_function.cpp:77]
CasADi - 2026-10-04 13:15:55 MESSAGE("nlp_grad_f::eval") [.../casadi/core/sx_function.cpp:77]
CasADi - 2026-10-04 13:15:55 MESSAGE("nlp_jac_g::eval") [.../casadi/core/sx_function.cpp:77]
CasADi - 2026-10-04 13:15:55 MESSAGE("nlp_hess_l::eval") [.../casadi/core/sx_function.cpp:77]
iter    objective    inf_pr   inf_du lg(mu)  ||d||  lg(rg) alpha_du alpha_pr  ls
 300  9.5395170e+00 6.76e-03 6.00e+02  -2.5 5.48e-02   0.2 7.54e-01 1.00e+00h  1
CasADi - 2026-10-04 13:15:55 MESSAGE("nlp_g::eval") [.../casadi/core/sx_function.cpp:77]
CasADi - 2026-10-04 13:15:55 MESSAGE("nlp_f::eval") [.../casadi/core/sx_function.cpp:77]
CasADi - 2026-10-04 13:15:55 MESSAGE("nlp_grad_f::eval") [.../casadi/core/sx_function.cpp:77]
CasADi - 2026-10-04 13:15:55 MESSAGE("nlp_jac_g::eval") [.../casadi/core/sx_function.cpp:77]
CasADi - 2026-10-04 13:15:55 MESSAGE("nlp_hess_l::eval") [.../casadi/core/sx_function.cpp:77]
 301  9.4537951e+00 5.58e-03 2.24e+03  -2.5 2.79e-01  -0.3 6.10e-01 3.23e-01h  1
CasADi - 2026-10-04 13:15:55 MESSAGE("nlp_g::eval") [.../casadi/core/sx_function.cpp:77]
CasADi - 2026-10-04 13:15:55 MESSAGE("nlp_f::eval") [.../casadi/core/sx_function.cpp:77]
CasADi - 2026-10-04 13:15:55 MESSAGE("nlp_grad_f::eval") [.../casadi/core/sx_function.cpp:77]
CasADi - 2026-10-04 13:15:55 MESSAGE("nlp_jac_g::eval") [.../casadi/core/sx_function.cpp:77]
CasADi - 2026-10-04 13:15:55 MESSAGE("nlp_hess_l::eval") [.../casadi/core/sx_function.cpp:77]
 302  9.4220153e+00 6.58e-03 8.93e+02  -2.5 2.15e-01   0.1 1.00e+00 2.99e-01h  1
CasADi - 2026-10-04 13:15:55 MESSAGE("nlp_g::eval") [.../casadi/core/sx_function.cpp:77]
CasADi - 2026-10-04 13:15:55 MESSAGE("nlp_f::eval") [.../casadi/core/sx_function.cpp:77]
CasADi - 2026-10-04 13:15:55 MESSAGE("nlp_grad_f::eval") [.../casadi/core/sx_function.cpp:77]
CasADi - 2026-10-04 13:15:55 MESSAGE("nlp_jac_g::eval") [.../casadi/core/sx_function.cpp:77]
CasADi - 2026-10-04 13:15:55 MESSAGE("nlp_hess_l::eval") [.../casadi/core/sx_function.cpp:77]
 303  9.3521440e+00 2.70e-02 1.38e+03  -2.5 7.97e-01  -0.4 3.37e-02 1.65e-01h  1
CasADi - 2026-10-04 13:15:55 MESSAGE("nlp_g::eval") [.../casadi/core/sx_function.cpp:77]
CasADi - 2026-10-04 13:15:55 MESSAGE("nlp_f::eval") [.../casadi/core/sx_function.cpp:77]
CasADi - 2026-10-04 13:15:55 MESSAGE("nlp_grad_f::eval") [.../casadi/core/sx_function.cpp:77]
CasADi - 2026-10-04 13:15:55 MESSAGE("nlp_jac_g::eval") [.../casadi/core/sx_function.cpp:77]
CasADi - 2026-10-04 13:15:55 MESSAGE("nlp_hess_l::eval") [.../casadi/core/sx_function.cpp:77]
 304  9.3494296e+00 2.56e-02 2.17e+03  -2.5 4.57e-01   1.0 2.68e-03 4.99e-02h  1
CasADi - 2026-10-04 13:15:55 MESSAGE("nlp_g::eval") [.../casadi/core/sx_function.cpp:77]
CasADi - 2026-10-04 13:15:55 MESSAGE("nlp_f::eval") [.../casadi/core/sx_function.cpp:77]
CasADi - 2026-10-04 13:15:55 MESSAGE("nlp_grad_f::eval") [.../casadi/core/sx_function.cpp:77]
CasADi - 2026-10-04 13:15:55 MESSAGE("nlp_jac_g::eval") [.../casadi/core/sx_function.cpp:77]
CasADi - 2026-10-04 13:15:55 MESSAGE("nlp_hess_l::eval") [.../casadi/core/sx_function.cpp:77]
 305  9.3507106e+00 2.52e-02 2.14e+03  -2.5 1.64e-01   2.3 9.85e-04 1.61e-02h  1
CasADi - 2026-10-04 13:15:55 MESSAGE("nlp_g::eval") [.../casadi/core/sx_function.cpp:77]
CasADi - 2026-10-04 13:15:55 MESSAGE("nlp_f::eval") [.../casadi/core/sx_function.cpp:77]
CasADi - 2026-10-04 13:15:55 MESSAGE("nlp_grad_f::eval") [.../casadi/core/sx_function.cpp:77]
CasADi - 2026-10-04 13:15:55 MESSAGE("nlp_jac_g::eval") [.../casadi/core/sx_function.cpp:77]
CasADi - 2026-10-04 13:15:55 MESSAGE("nlp_hess_l::eval") [.../casadi/core/sx_function.cpp:77]
 306  9.3497396e+00 2.51e-02 2.32e+03  -2.5 8.23e-01   1.8 2.44e-02 3.14e-03f  1
CasADi - 2026-10-04 13:15:55 MESSAGE("nlp_g::eval") [.../casadi/core/sx_function.cpp:77]
CasADi - 2026-10-04 13:15:55 MESSAGE("nlp_f::eval") [.../casadi/core/sx_function.cpp:77]
CasADi - 2026-10-04 13:15:55 MESSAGE("nlp_grad_f::eval") [.../casadi/core/sx_function.cpp:77]
CasADi - 2026-10-04 13:15:55 MESSAGE("nlp_jac_g::eval") [.../casadi/core/sx_function.cpp:77]
CasADi - 2026-10-04 13:15:55 MESSAGE("nlp_hess_l::eval") [.../casadi/core/sx_function.cpp:77]
 307  9.3549563e+00 2.32e-02 2.98e+03  -2.5 2.52e-01   1.3 2.55e-03 8.13e-02h  1
CasADi - 2026-10-04 13:15:55 MESSAGE("nlp_g::eval") [.../casadi/core/sx_function.cpp:77]
CasADi - 2026-10-04 13:15:55 MESSAGE("nlp_f::eval") [.../casadi/core/sx_function.cpp:77]
CasADi - 2026-10-04 13:15:55 MESSAGE("nlp_grad_f::eval") [.../casadi/core/sx_function.cpp:77]
CasADi - 2026-10-04 13:15:55 MESSAGE("nlp_jac_g::eval") [.../casadi/core/sx_function.cpp:77]
CasADi - 2026-10-04 13:15:55 MESSAGE("nlp_hess_l::eval") [.../casadi/core/sx_function.cpp:77]
 308  9.3555604e+00 2.00e-02 3.00e+03  -2.5 3.21e-01   1.8 2.13e-02 1.44e-01f  1
CasADi - 2026-10-04 13:15:55 MESSAGE("nlp_g::eval") [.../casadi/core/sx_function.cpp:77]
CasADi - 2026-10-04 13:15:55 MESSAGE("nlp_f::eval") [.../casadi/core/sx_function.cpp:77]
CasADi - 2026-10-04 13:15:55 MESSAGE("nlp_grad_f::eval") [.../casadi/core/sx_function.cpp:77]
CasADi - 2026-10-04 13:15:55 MESSAGE("nlp_jac_g::eval") [.../casadi/core/sx_function.cpp:77]
CasADi - 2026-10-04 13:15:55 MESSAGE("nlp_hess_l::eval") [.../casadi/core/sx_function.cpp:77]
 309  9.3750587e+00 2.01e-02 7.45e+03  -2.5 4.45e-01   1.3 1.25e-01 7.97e-01f  1
CasADi - 2026-10-04 13:15:55 MESSAGE("nlp_g::eval") [.../casadi/core/sx_function.cpp:77]
CasADi - 2026-10-04 13:15:55 MESSAGE("nlp_f::eval") [.../casadi/core/sx_function.cpp:77]
CasADi - 2026-10-04 13:15:55 MESSAGE("nlp_grad_f::eval") [.../casadi/core/sx_function.cpp:77]
CasADi - 2026-10-04 13:15:55 MESSAGE("nlp_jac_g::eval") [.../casadi/core/sx_function.cpp:77]
CasADi - 2026-10-04 13:15:55 MESSAGE("nlp_hess_l::eval") [.../casadi/core/sx_function.cpp:77]
iter    objective    inf_pr   inf_du lg(mu)  ||d||  lg(rg) alpha_du alpha_pr  ls
 310  9.3817670e+00 1.06e-03 1.83e+05  -2.5 3.90e-02   1.7 7.05e-01 1.00e+00h  1
CasADi - 2026-10-04 13:15:55 MESSAGE("nlp_g::eval") [.../casadi/core/sx_function.cpp:77]
CasADi - 2026-10-04 13:15:55 MESSAGE("nlp_f::eval") [.../casadi/core/sx_function.cpp:77]
CasADi - 2026-10-04 13:15:55 MESSAGE("nlp_grad_f::eval") [.../casadi/core/sx_function.cpp:77]
CasADi - 2026-10-04 13:15:55 MESSAGE("nlp_jac_g::eval") [.../casadi/core/sx_function.cpp:77]
CasADi - 2026-10-04 13:15:55 MESSAGE("nlp_hess_l::eval") [.../casadi/core/sx_function.cpp:77]
 311  9.3736004e+00 7.21e-05 1.06e+02  -2.5 2.83e-02   1.2 1.00e+00 1.00e+00h  1
CasADi - 2026-10-04 13:15:55 MESSAGE("nlp_g::eval") [.../casadi/core/sx_function.cpp:77]
CasADi - 2026-10-04 13:15:55 MESSAGE("nlp_f::eval") [.../casadi/core/sx_function.cpp:77]
CasADi - 2026-10-04 13:15:55 MESSAGE("nlp_grad_f::eval") [.../casadi/core/sx_function.cpp:77]
CasADi - 2026-10-04 13:15:55 MESSAGE("nlp_jac_g::eval") [.../casadi/core/sx_function.cpp:77]
CasADi - 2026-10-04 13:15:55 MESSAGE("nlp_hess_l::eval") [.../casadi/core/sx_function.cpp:77]
 312  9.3449443e+00 1.98e-04 8.57e+04  -2.5 1.38e-02   0.8 5.72e-01 1.00e+00h  1
CasADi - 2026-10-04 13:15:55 MESSAGE("nlp_g::eval") [.../casadi/core/sx_function.cpp:77]
CasADi - 2026-10-04 13:15:55 MESSAGE("nlp_f::eval") [.../casadi/core/sx_function.cpp:77]
CasADi - 2026-10-04 13:15:55 MESSAGE("nlp_grad_f::eval") [.../casadi/core/sx_function.cpp:77]
CasADi - 2026-10-04 13:15:55 MESSAGE("nlp_jac_g::eval") [.../casadi/core/sx_function.cpp:77]
CasADi - 2026-10-04 13:15:55 MESSAGE("nlp_hess_l::eval") [.../casadi/core/sx_function.cpp:77]
 313  9.2739693e+00 1.77e-03 1.38e+01  -2.5 2.74e-02   0.3 1.00e+00 1.00e+00h  1
CasADi - 2026-10-04 13:15:55 MESSAGE("nlp_g::eval") [.../casadi/core/sx_function.cpp:77]
CasADi - 2026-10-04 13:15:55 MESSAGE("nlp_f::eval") [.../casadi/core/sx_function.cpp:77]
CasADi - 2026-10-04 13:15:55 MESSAGE("nlp_grad_f::eval") [.../casadi/core/sx_function.cpp:77]
CasADi - 2026-10-04 13:15:55 MESSAGE("nlp_jac_g::eval") [.../casadi/core/sx_function.cpp:77]
CasADi - 2026-10-04 13:15:55 MESSAGE("nlp_hess_l::eval") [.../casadi/core/sx_function.cpp:77]
 314  9.0997193e+00 1.50e-02 9.05e+03  -2.5 4.51e-02  -0.2 7.59e-01 1.00e+00h  1
CasADi - 2026-10-04 13:15:56 MESSAGE("nlp_g::eval") [.../casadi/core/sx_function.cpp:77]
CasADi - 2026-10-04 13:15:56 MESSAGE("nlp_f::eval") [.../casadi/core/sx_function.cpp:77]
CasADi - 2026-10-04 13:15:56 MESSAGE("nlp_grad_f::eval") [.../casadi/core/sx_function.cpp:77]
CasADi - 2026-10-04 13:15:56 MESSAGE("nlp_jac_g::eval") [.../casadi/core/sx_function.cpp:77]
CasADi - 2026-10-04 13:15:56 MESSAGE("nlp_hess_l::eval") [.../casadi/core/sx_function.cpp:77]
 315  8.7145544e+00 1.05e-01 6.69e+00  -2.5 1.28e-01  -0.7 1.00e+00 1.00e+00h  1
CasADi - 2026-10-04 13:15:56 MESSAGE("nlp_g::eval") [.../casadi/core/sx_function.cpp:77]
CasADi - 2026-10-04 13:15:56 MESSAGE("nlp_f::eval") [.../casadi/core/sx_function.cpp:77]
CasADi - 2026-10-04 13:15:56 MESSAGE("nlp_grad_f::eval") [.../casadi/core/sx_function.cpp:77]
CasADi - 2026-10-04 13:15:56 MESSAGE("nlp_jac_g::eval") [.../casadi/core/sx_function.cpp:77]
CasADi - 2026-10-04 13:15:56 MESSAGE("nlp_hess_l::eval") [.../casadi/core/sx_function.cpp:77]
 316  8.0958373e+00 2.99e-01 8.43e+00  -2.5 2.59e-01  -1.2 1.00e+00 1.00e+00h  1
CasADi - 2026-10-04 13:15:56 MESSAGE("nlp_g::eval") [.../casadi/core/sx_function.cpp:77]
CasADi - 2026-10-04 13:15:56 MESSAGE("nlp_f::eval") [.../casadi/core/sx_function.cpp:77]
CasADi - 2026-10-04 13:15:56 MESSAGE("nlp_grad_f::eval") [.../casadi/core/sx_function.cpp:77]
CasADi - 2026-10-04 13:15:56 MESSAGE("nlp_jac_g::eval") [.../casadi/core/sx_function.cpp:77]
CasADi - 2026-10-04 13:15:56 MESSAGE("nlp_hess_l::eval") [.../casadi/core/sx_function.cpp:77]
 317  7.8472312e+00 2.11e-01 1.09e+03  -2.5 3.18e-01  -1.6 2.92e-01 5.49e-01h  1
CasADi - 2026-10-04 13:15:56 MESSAGE("nlp_g::eval") [.../casadi/core/sx_function.cpp:77]
CasADi - 2026-10-04 13:15:56 MESSAGE("nlp_f::eval") [.../casadi/core/sx_function.cpp:77]
CasADi - 2026-10-04 13:15:56 MESSAGE("nlp_grad_f::eval") [.../casadi/core/sx_function.cpp:77]
CasADi - 2026-10-04 13:15:56 MESSAGE("nlp_jac_g::eval") [.../casadi/core/sx_function.cpp:77]
CasADi - 2026-10-04 13:15:56 MESSAGE("nlp_hess_l::eval") [.../casadi/core/sx_function.cpp:77]
 318  7.7729402e+00 5.00e-01 3.59e+03  -2.5 3.40e+00  -2.1 1.97e-01 3.21e-01h  1
CasADi - 2026-10-04 13:15:56 MESSAGE("nlp_g::eval") [.../casadi/core/sx_function.cpp:77]
CasADi - 2026-10-04 13:15:56 MESSAGE("nlp_f::eval") [.../casadi/core/sx_function.cpp:77]
CasADi - 2026-10-04 13:15:56 MESSAGE("nlp_grad_f::eval") [.../casadi/core/sx_function.cpp:77]
CasADi - 2026-10-04 13:15:56 MESSAGE("nlp_jac_g::eval") [.../casadi/core/sx_function.cpp:77]
CasADi - 2026-10-04 13:15:56 MESSAGE("nlp_hess_l::eval") [.../casadi/core/sx_function.cpp:77]
 319  7.6825512e+00 1.09e-01 3.82e+03  -2.5 3.96e-01  -1.7 3.81e-01 1.00e+00h  1
CasADi - 2026-10-04 13:15:56 MESSAGE("nlp_g::eval") [.../casadi/core/sx_function.cpp:77]
CasADi - 2026-10-04 13:15:56 MESSAGE("nlp_f::eval") [.../casadi/core/sx_function.cpp:77]
CasADi - 2026-10-04 13:15:56 MESSAGE("nlp_g::eval") [.../casadi/core/sx_function.cpp:77]
CasADi - 2026-10-04 13:15:56 MESSAGE("nlp_f::eval") [.../casadi/core/sx_function.cpp:77]
CasADi - 2026-10-04 13:15:56 MESSAGE("nlp_g::eval") [.../casadi/core/sx_function.cpp:77]
CasADi - 2026-10-04 13:15:56 MESSAGE("nlp_f::eval") [.../casadi/core/sx_function.cpp:77]
CasADi - 2026-10-04 13:15:56 MESSAGE("nlp_grad_f::eval") [.../casadi/core/sx_function.cpp:77]
CasADi - 2026-10-04 13:15:56 MESSAGE("nlp_jac_g::eval") [.../casadi/core/sx_function.cpp:77]
CasADi - 2026-10-04 13:15:56 MESSAGE("nlp_hess_l::eval") [.../casadi/core/sx_function.cpp:77]
iter    objective    inf_pr   inf_du lg(mu)  ||d||  lg(rg) alpha_du alpha_pr  ls
 320  7.6797569e+00 1.03e-01 3.85e+03  -2.5 5.63e-01  -0.3 3.40e-02 5.16e-02h  2
CasADi - 2026-10-04 13:15:56 MESSAGE("nlp_g::eval") [.../casadi/core/sx_function.cpp:77]
CasADi - 2026-10-04 13:15:56 MESSAGE("nlp_f::eval") [.../casadi/core/sx_function.cpp:77]
CasADi - 2026-10-04 13:15:56 MESSAGE("nlp_grad_f::eval") [.../casadi/core/sx_function.cpp:77]
CasADi - 2026-10-04 13:15:56 MESSAGE("nlp_jac_g::eval") [.../casadi/core/sx_function.cpp:77]
CasADi - 2026-10-04 13:15:56 MESSAGE("nlp_hess_l::eval") [.../casadi/core/sx_function.cpp:77]
 321  7.6765587e+00 2.53e-02 8.88e+02  -2.5 6.57e-02  -0.8 8.68e-01 1.00e+00h  1
CasADi - 2026-10-04 13:15:56 MESSAGE("nlp_g::eval") [.../casadi/core/sx_function.cpp:77]
CasADi - 2026-10-04 13:15:56 MESSAGE("nlp_f::eval") [.../casadi/core/sx_function.cpp:77]
CasADi - 2026-10-04 13:15:56 MESSAGE("nlp_g::eval") [.../casadi/core/sx_function.cpp:77]
CasADi - 2026-10-04 13:15:56 MESSAGE("nlp_f::eval") [.../casadi/core/sx_function.cpp:77]
CasADi - 2026-10-04 13:15:56 MESSAGE("nlp_g::eval") [.../casadi/core/sx_function.cpp:77]
CasADi - 2026-10-04 13:15:56 MESSAGE("nlp_f::eval") [.../casadi/core/sx_function.cpp:77]
CasADi - 2026-10-04 13:15:56 MESSAGE("nlp_g::eval") [.../casadi/core/sx_function.cpp:77]
CasADi - 2026-10-04 13:15:56 MESSAGE("nlp_f::eval") [.../casadi/core/sx_function.cpp:77]
CasADi - 2026-10-04 13:15:56 MESSAGE("nlp_grad_f::eval") [.../casadi/core/sx_function.cpp:77]
CasADi - 2026-10-04 13:15:56 MESSAGE("nlp_jac_g::eval") [.../casadi/core/sx_function.cpp:77]
CasADi - 2026-10-04 13:15:56 MESSAGE("nlp_hess_l::eval") [.../casadi/core/sx_function.cpp:77]
 322  7.6687313e+00 3.54e-02 5.55e+02  -2.5 2.89e-01  -1.3 8.42e-02 2.14e-01h  2
CasADi - 2026-10-04 13:15:56 MESSAGE("nlp_g::eval") [.../casadi/core/sx_function.cpp:77]
CasADi - 2026-10-04 13:15:56 MESSAGE("nlp_f::eval") [.../casadi/core/sx_function.cpp:77]
CasADi - 2026-10-04 13:15:56 MESSAGE("nlp_g::eval") [.../casadi/core/sx_function.cpp:77]
CasADi - 2026-10-04 13:15:56 MESSAGE("nlp_f::eval") [.../casadi/core/sx_function.cpp:77]
CasADi - 2026-10-04 13:15:56 MESSAGE("nlp_g::eval") [.../casadi/core/sx_function.cpp:77]
CasADi - 2026-10-04 13:15:56 MESSAGE("nlp_f::eval") [.../casadi/core/sx_function.cpp:77]
CasADi - 2026-10-04 13:15:56 MESSAGE("nlp_g::eval") [.../casadi/core/sx_function.cpp:77]
CasADi - 2026-10-04 13:15:56 MESSAGE("nlp_f::eval") [.../casadi/core/sx_function.cpp:77]
CasADi - 2026-10-04 13:15:56 MESSAGE("nlp_g::eval") [.../casadi/core/sx_function.cpp:77]
CasADi - 2026-10-04 13:15:56 MESSAGE("nlp_f::eval") [.../casadi/core/sx_function.cpp:77]
CasADi - 2026-10-04 13:15:56 MESSAGE("nlp_grad_f::eval") [.../casadi/core/sx_function.cpp:77]
CasADi - 2026-10-04 13:15:56 MESSAGE("nlp_jac_g::eval") [.../casadi/core/sx_function.cpp:77]
CasADi - 2026-10-04 13:15:56 MESSAGE("nlp_hess_l::eval") [.../casadi/core/sx_function.cpp:77]
 323  7.6688961e+00 3.53e-02 1.29e+03  -2.5 1.12e+00   0.0 8.31e-02 3.34e-03h  4
CasADi - 2026-10-04 13:15:56 MESSAGE("nlp_g::eval") [.../casadi/core/sx_function.cpp:77]
CasADi - 2026-10-04 13:15:56 MESSAGE("nlp_f::eval") [.../casadi/core/sx_function.cpp:77]
CasADi - 2026-10-04 13:15:56 MESSAGE("nlp_g::eval") [.../casadi/core/sx_function.cpp:77]
CasADi - 2026-10-04 13:15:56 MESSAGE("nlp_f::eval") [.../casadi/core/sx_function.cpp:77]
CasADi - 2026-10-04 13:15:56 MESSAGE("nlp_g::eval") [.../casadi/core/sx_function.cpp:77]
CasADi - 2026-10-04 13:15:56 MESSAGE("nlp_f::eval") [.../casadi/core/sx_function.cpp:77]
CasADi - 2026-10-04 13:15:56 MESSAGE("nlp_grad_f::eval") [.../casadi/core/sx_function.cpp:77]
CasADi - 2026-10-04 13:15:56 MESSAGE("nlp_jac_g::eval") [.../casadi/core/sx_function.cpp:77]
CasADi - 2026-10-04 13:15:56 MESSAGE("nlp_hess_l::eval") [.../casadi/core/sx_function.cpp:77]
 324  7.6697135e+00 3.51e-02 1.00e+03  -2.5 2.42e-01   0.5 2.67e-01 4.33e-02h  2
CasADi - 2026-10-04 13:15:56 MESSAGE("nlp_g::eval") [.../casadi/core/sx_function.cpp:77]
CasADi - 2026-10-04 13:15:56 MESSAGE("nlp_f::eval") [.../casadi/core/sx_function.cpp:77]
CasADi - 2026-10-04 13:15:56 MESSAGE("nlp_g::eval") [.../casadi/core/sx_function.cpp:77]
CasADi - 2026-10-04 13:15:56 MESSAGE("nlp_f::eval") [.../casadi/core/sx_function.cpp:77]
CasADi - 2026-10-04 13:15:56 MESSAGE("nlp_g::eval") [.../casadi/core/sx_function.cpp:77]
CasADi - 2026-10-04 13:15:56 MESSAGE("nlp_f::eval") [.../casadi/core/sx_function.cpp:77]
CasADi - 2026-10-04 13:15:56 MESSAGE("nlp_grad_f::eval") [.../casadi/core/sx_function.cpp:77]
CasADi - 2026-10-04 13:15:56 MESSAGE("nlp_jac_g::eval") [.../casadi/core/sx_function.cpp:77]
CasADi - 2026-10-04 13:15:56 MESSAGE("nlp_hess_l::eval") [.../casadi/core/sx_function.cpp:77]
 325  7.6667535e+00 3.04e-02 9.88e+02  -2.5 3.03e-01  -0.0 2.18e-01 4.87e-01h  2
CasADi - 2026-10-04 13:15:56 MESSAGE("nlp_g::eval") [.../casadi/core/sx_function.cpp:77]
CasADi - 2026-10-04 13:15:56 MESSAGE("nlp_f::eval") [.../casadi/core/sx_function.cpp:77]
CasADi - 2026-10-04 13:15:56 MESSAGE("nlp_grad_f::eval") [.../casadi/core/sx_function.cpp:77]
CasADi - 2026-10-04 13:15:56 MESSAGE("nlp_jac_g::eval") [.../casadi/core/sx_function.cpp:77]
CasADi - 2026-10-04 13:15:56 MESSAGE("nlp_hess_l::eval") [.../casadi/core/sx_function.cpp:77]
 326  7.6643085e+00 7.19e-03 3.25e+01  -2.5 2.45e-01  -0.5 1.00e+00 1.00e+00h  1
CasADi - 2026-10-04 13:15:56 MESSAGE("nlp_g::eval") [.../casadi/core/sx_function.cpp:77]
CasADi - 2026-10-04 13:15:56 MESSAGE("nlp_f::eval") [.../casadi/core/sx_function.cpp:77]
CasADi - 2026-10-04 13:15:56 MESSAGE("nlp_grad_f::eval") [.../casadi/core/sx_function.cpp:77]
CasADi - 2026-10-04 13:15:56 MESSAGE("nlp_jac_g::eval") [.../casadi/core/sx_function.cpp:77]
CasADi - 2026-10-04 13:15:56 MESSAGE("nlp_hess_l::eval") [.../casadi/core/sx_function.cpp:77]
 327  7.6557984e+00 1.23e-03 3.78e+00  -2.5 6.08e-02  -1.0 1.00e+00 1.00e+00h  1
CasADi - 2026-10-04 13:15:56 MESSAGE("nlp_g::eval") [.../casadi/core/sx_function.cpp:77]
CasADi - 2026-10-04 13:15:56 MESSAGE("nlp_f::eval") [.../casadi/core/sx_function.cpp:77]
CasADi - 2026-10-04 13:15:56 MESSAGE("nlp_grad_f::eval") [.../casadi/core/sx_function.cpp:77]
CasADi - 2026-10-04 13:15:56 MESSAGE("nlp_jac_g::eval") [.../casadi/core/sx_function.cpp:77]
CasADi - 2026-10-04 13:15:56 MESSAGE("nlp_hess_l::eval") [.../casadi/core/sx_function.cpp:77]
 328  7.6418084e+00 2.37e-03 7.91e-01  -2.5 1.35e-01  -1.5 1.00e+00 1.00e+00h  1
CasADi - 2026-10-04 13:15:56 MESSAGE("nlp_g::eval") [.../casadi/core/sx_function.cpp:77]
CasADi - 2026-10-04 13:15:56 MESSAGE("nlp_f::eval") [.../casadi/core/sx_function.cpp:77]
CasADi - 2026-10-04 13:15:56 MESSAGE("nlp_grad_f::eval") [.../casadi/core/sx_function.cpp:77]
CasADi - 2026-10-04 13:15:56 MESSAGE("nlp_jac_g::eval") [.../casadi/core/sx_function.cpp:77]
CasADi - 2026-10-04 13:15:56 MESSAGE("nlp_hess_l::eval") [.../casadi/core/sx_function.cpp:77]
 329  7.6238031e+00 8.25e-03 1.91e-01  -2.5 2.66e-01  -1.9 1.00e+00 1.00e+00h  1
CasADi - 2026-10-04 13:15:56 MESSAGE("nlp_g::eval") [.../casadi/core/sx_function.cpp:77]
CasADi - 2026-10-04 13:15:56 MESSAGE("nlp_f::eval") [.../casadi/core/sx_function.cpp:77]
CasADi - 2026-10-04 13:15:56 MESSAGE("nlp_grad_f::eval") [.../casadi/core/sx_function.cpp:77]
CasADi - 2026-10-04 13:15:56 MESSAGE("nlp_jac_g::eval") [.../casadi/core/sx_function.cpp:77]
CasADi - 2026-10-04 13:15:56 MESSAGE("nlp_hess_l::eval") [.../casadi/core/sx_function.cpp:77]
iter    objective    inf_pr   inf_du lg(mu)  ||d||  lg(rg) alpha_du alpha_pr  ls
 330  7.6099206e+00 1.33e-02 2.52e+00  -2.5 3.72e-01  -2.4 1.00e+00 1.00e+00h  1
CasADi - 2026-10-04 13:15:56 MESSAGE("nlp_g::eval") [.../casadi/core/sx_function.cpp:77]
CasADi - 2026-10-04 13:15:56 MESSAGE("nlp_f::eval") [.../casadi/core/sx_function.cpp:77]
CasADi - 2026-10-04 13:15:56 MESSAGE("nlp_grad_f::eval") [.../casadi/core/sx_function.cpp:77]
CasADi - 2026-10-04 13:15:56 MESSAGE("nlp_jac_g::eval") [.../casadi/core/sx_function.cpp:77]
CasADi - 2026-10-04 13:15:56 MESSAGE("nlp_hess_l::eval") [.../casadi/core/sx_function.cpp:77]
 331  7.6075592e+00 1.08e-02 6.56e-01  -2.5 3.12e-01  -2.9 1.00e+00 1.00e+00h  1
CasADi - 2026-10-04 13:15:56 MESSAGE("nlp_g::eval") [.../casadi/core/sx_function.cpp:77]
CasADi - 2026-10-04 13:15:56 MESSAGE("nlp_f::eval") [.../casadi/core/sx_function.cpp:77]
CasADi - 2026-10-04 13:15:56 MESSAGE("nlp_grad_f::eval") [.../casadi/core/sx_function.cpp:77]
CasADi - 2026-10-04 13:15:56 MESSAGE("nlp_jac_g::eval") [.../casadi/core/sx_function.cpp:77]
CasADi - 2026-10-04 13:15:56 MESSAGE("nlp_hess_l::eval") [.../casadi/core/sx_function.cpp:77]
 332  7.6069873e+00 3.02e-02 3.56e-01  -2.5 4.26e-01  -3.4 1.00e+00 1.00e+00h  1
CasADi - 2026-10-04 13:15:56 MESSAGE("nlp_g::eval") [.../casadi/core/sx_function.cpp:77]
CasADi - 2026-10-04 13:15:56 MESSAGE("nlp_f::eval") [.../casadi/core/sx_function.cpp:77]
CasADi - 2026-10-04 13:15:56 MESSAGE("nlp_grad_f::eval") [.../casadi/core/sx_function.cpp:77]
CasADi - 2026-10-04 13:15:56 MESSAGE("nlp_jac_g::eval") [.../casadi/core/sx_function.cpp:77]
CasADi - 2026-10-04 13:15:56 MESSAGE("nlp_hess_l::eval") [.../casadi/core/sx_function.cpp:77]
 333  7.6063208e+00 6.20e-03 8.46e-02  -2.5 1.83e-01    -  1.00e+00 1.00e+00h  1
CasADi - 2026-10-04 13:15:56 MESSAGE("nlp_g::eval") [.../casadi/core/sx_function.cpp:77]
CasADi - 2026-10-04 13:15:56 MESSAGE("nlp_f::eval") [.../casadi/core/sx_function.cpp:77]
CasADi - 2026-10-04 13:15:56 MESSAGE("nlp_grad_f::eval") [.../casadi/core/sx_function.cpp:77]
CasADi - 2026-10-04 13:15:56 MESSAGE("nlp_jac_g::eval") [.../casadi/core/sx_function.cpp:77]
CasADi - 2026-10-04 13:15:56 MESSAGE("nlp_hess_l::eval") [.../casadi/core/sx_function.cpp:77]
 334  7.6061474e+00 5.66e-04 5.97e-03  -2.5 5.44e-02    -  1.00e+00 1.00e+00h  1
CasADi - 2026-10-04 13:15:56 MESSAGE("nlp_g::eval") [.../casadi/core/sx_function.cpp:77]
CasADi - 2026-10-04 13:15:56 MESSAGE("nlp_f::eval") [.../casadi/core/sx_function.cpp:77]
CasADi - 2026-10-04 13:15:56 MESSAGE("nlp_grad_f::eval") [.../casadi/core/sx_function.cpp:77]
CasADi - 2026-10-04 13:15:56 MESSAGE("nlp_jac_g::eval") [.../casadi/core/sx_function.cpp:77]
CasADi - 2026-10-04 13:15:56 MESSAGE("nlp_hess_l::eval") [.../casadi/core/sx_function.cpp:77]
 335  7.2570607e+00 7.09e-02 9.00e+02  -3.8 7.56e-01    -  6.06e-01 6.91e-01f  1
CasADi - 2026-10-04 13:15:56 MESSAGE("nlp_g::eval") [.../casadi/core/sx_function.cpp:77]
CasADi - 2026-10-04 13:15:56 MESSAGE("nlp_f::eval") [.../casadi/core/sx_function.cpp:77]
CasADi - 2026-10-04 13:15:56 MESSAGE("nlp_grad_f::eval") [.../casadi/core/sx_function.cpp:77]
CasADi - 2026-10-04 13:15:56 MESSAGE("nlp_jac_g::eval") [.../casadi/core/sx_function.cpp:77]
CasADi - 2026-10-04 13:15:56 MESSAGE("nlp_hess_l::eval") [.../casadi/core/sx_function.cpp:77]
 336  7.0463664e+00 7.90e-02 1.74e+02  -3.8 9.42e-01    -  6.65e-01 6.02e-01h  1
CasADi - 2026-10-04 13:15:56 MESSAGE("nlp_g::eval") [.../casadi/core/sx_function.cpp:77]
CasADi - 2026-10-04 13:15:56 MESSAGE("nlp_f::eval") [.../casadi/core/sx_function.cpp:77]
CasADi - 2026-10-04 13:15:56 MESSAGE("nlp_grad_f::eval") [.../casadi/core/sx_function.cpp:77]
CasADi - 2026-10-04 13:15:56 MESSAGE("nlp_jac_g::eval") [.../casadi/core/sx_function.cpp:77]
CasADi - 2026-10-04 13:15:56 MESSAGE("nlp_hess_l::eval") [.../casadi/core/sx_function.cpp:77]
 337  7.0135643e+00 1.11e-01 9.59e+02  -3.8 1.37e+00    -  4.42e-01 8.83e-02h  1
CasADi - 2026-10-04 13:15:56 MESSAGE("nlp_g::eval") [.../casadi/core/sx_function.cpp:77]
CasADi - 2026-10-04 13:15:56 MESSAGE("nlp_f::eval") [.../casadi/core/sx_function.cpp:77]
CasADi - 2026-10-04 13:15:56 MESSAGE("nlp_grad_f::eval") [.../casadi/core/sx_function.cpp:77]
CasADi - 2026-10-04 13:15:56 MESSAGE("nlp_jac_g::eval") [.../casadi/core/sx_function.cpp:77]
CasADi - 2026-10-04 13:15:56 MESSAGE("nlp_hess_l::eval") [.../casadi/core/sx_function.cpp:77]
 338  6.9972148e+00 1.63e-01 9.53e+02  -3.8 2.91e+01  -3.8 8.10e-03 7.65e-03h  1
CasADi - 2026-10-04 13:15:56 MESSAGE("nlp_g::eval") [.../casadi/core/sx_function.cpp:77]
CasADi - 2026-10-04 13:15:56 MESSAGE("nlp_f::eval") [.../casadi/core/sx_function.cpp:77]
CasADi - 2026-10-04 13:15:56 MESSAGE("nlp_grad_f::eval") [.../casadi/core/sx_function.cpp:77]
CasADi - 2026-10-04 13:15:56 MESSAGE("nlp_jac_g::eval") [.../casadi/core/sx_function.cpp:77]
CasADi - 2026-10-04 13:15:56 MESSAGE("nlp_hess_l::eval") [.../casadi/core/sx_function.cpp:77]
 339  6.9828410e+00 1.41e-01 6.81e+02  -3.8 3.45e+00    -  3.44e-02 1.53e-01h  1
CasADi - 2026-10-04 13:15:56 MESSAGE("nlp_g::eval") [.../casadi/core/sx_function.cpp:77]
CasADi - 2026-10-04 13:15:56 MESSAGE("nlp_f::eval") [.../casadi/core/sx_function.cpp:77]
CasADi - 2026-10-04 13:15:56 MESSAGE("nlp_grad_f::eval") [.../casadi/core/sx_function.cpp:77]
CasADi - 2026-10-04 13:15:56 MESSAGE("nlp_jac_g::eval") [.../casadi/core/sx_function.cpp:77]
CasADi - 2026-10-04 13:15:56 MESSAGE("nlp_hess_l::eval") [.../casadi/core/sx_function.cpp:77]
iter    objective    inf_pr   inf_du lg(mu)  ||d||  lg(rg) alpha_du alpha_pr  ls
 340  6.9866794e+00 1.16e-01 8.49e+02  -3.8 9.01e-02   1.1 1.43e-02 1.81e-01h  1
CasADi - 2026-10-04 13:15:56 MESSAGE("nlp_g::eval") [.../casadi/core/sx_function.cpp:77]
CasADi - 2026-10-04 13:15:56 MESSAGE("nlp_f::eval") [.../casadi/core/sx_function.cpp:77]
CasADi - 2026-10-04 13:15:56 MESSAGE("nlp_grad_f::eval") [.../casadi/core/sx_function.cpp:77]
CasADi - 2026-10-04 13:15:56 MESSAGE("nlp_jac_g::eval") [.../casadi/core/sx_function.cpp:77]
CasADi - 2026-10-04 13:15:56 MESSAGE("nlp_hess_l::eval") [.../casadi/core/sx_function.cpp:77]
 341  6.9889235e+00 1.04e-01 5.24e+02  -3.8 7.00e-02   1.5 1.43e-01 1.01e-01h  1
CasADi - 2026-10-04 13:15:56 MESSAGE("nlp_g::eval") [.../casadi/core/sx_function.cpp:77]
CasADi - 2026-10-04 13:15:56 MESSAGE("nlp_f::eval") [.../casadi/core/sx_function.cpp:77]
CasADi - 2026-10-04 13:15:56 MESSAGE("nlp_grad_f::eval") [.../casadi/core/sx_function.cpp:77]
CasADi - 2026-10-04 13:15:56 MESSAGE("nlp_jac_g::eval") [.../casadi/core/sx_function.cpp:77]
CasADi - 2026-10-04 13:15:56 MESSAGE("nlp_hess_l::eval") [.../casadi/core/sx_function.cpp:77]
 342  6.9917842e+00 9.13e-02 9.23e+02  -3.8 5.86e-02   2.0 2.82e-01 1.22e-01h  1
CasADi - 2026-10-04 13:15:56 MESSAGE("nlp_g::eval") [.../casadi/core/sx_function.cpp:77]
CasADi - 2026-10-04 13:15:56 MESSAGE("nlp_f::eval") [.../casadi/core/sx_function.cpp:77]
CasADi - 2026-10-04 13:15:56 MESSAGE("nlp_grad_f::eval") [.../casadi/core/sx_function.cpp:77]
CasADi - 2026-10-04 13:15:56 MESSAGE("nlp_jac_g::eval") [.../casadi/core/sx_function.cpp:77]
CasADi - 2026-10-04 13:15:56 MESSAGE("nlp_hess_l::eval") [.../casadi/core/sx_function.cpp:77]
 343  6.9961972e+00 7.25e-02 1.70e+03  -3.8 4.91e-02   2.4 3.89e-01 2.06e-01h  1
CasADi - 2026-10-04 13:15:56 MESSAGE("nlp_g::eval") [.../casadi/core/sx_function.cpp:77]
CasADi - 2026-10-04 13:15:56 MESSAGE("nlp_f::eval") [.../casadi/core/sx_function.cpp:77]
CasADi - 2026-10-04 13:15:56 MESSAGE("nlp_grad_f::eval") [.../casadi/core/sx_function.cpp:77]
CasADi - 2026-10-04 13:15:56 MESSAGE("nlp_jac_g::eval") [.../casadi/core/sx_function.cpp:77]
CasADi - 2026-10-04 13:15:56 MESSAGE("nlp_hess_l::eval") [.../casadi/core/sx_function.cpp:77]
 344  7.0006642e+00 5.44e-02 9.30e+03  -3.8 3.68e-02   2.8 1.00e+00 2.51e-01h  1
CasADi - 2026-10-04 13:15:56 MESSAGE("nlp_g::eval") [.../casadi/core/sx_function.cpp:77]
CasADi - 2026-10-04 13:15:56 MESSAGE("nlp_f::eval") [.../casadi/core/sx_function.cpp:77]
CasADi - 2026-10-04 13:15:56 MESSAGE("nlp_grad_f::eval") [.../casadi/core/sx_function.cpp:77]
CasADi - 2026-10-04 13:15:56 MESSAGE("nlp_jac_g::eval") [.../casadi/core/sx_function.cpp:77]
CasADi - 2026-10-04 13:15:56 MESSAGE("nlp_hess_l::eval") [.../casadi/core/sx_function.cpp:77]
 345  7.0055284e+00 3.51e-02 1.48e+04  -3.8 2.65e-02   3.2 9.69e-01 3.55e-01h  1
CasADi - 2026-10-04 13:15:56 MESSAGE("nlp_g::eval") [.../casadi/core/sx_function.cpp:77]
CasADi - 2026-10-04 13:15:56 MESSAGE("nlp_f::eval") [.../casadi/core/sx_function.cpp:77]
CasADi - 2026-10-04 13:15:56 MESSAGE("nlp_grad_f::eval") [.../casadi/core/sx_function.cpp:77]
CasADi - 2026-10-04 13:15:56 MESSAGE("nlp_jac_g::eval") [.../casadi/core/sx_function.cpp:77]
CasADi - 2026-10-04 13:15:56 MESSAGE("nlp_hess_l::eval") [.../casadi/core/sx_function.cpp:77]
 346  7.0081254e+00 2.52e-02 2.17e+04  -3.8 1.66e-02   3.7 1.00e+00 2.83e-01h  1
CasADi - 2026-10-04 13:15:56 MESSAGE("nlp_g::eval") [.../casadi/core/sx_function.cpp:77]
CasADi - 2026-10-04 13:15:56 MESSAGE("nlp_f::eval") [.../casadi/core/sx_function.cpp:77]
CasADi - 2026-10-04 13:15:56 MESSAGE("nlp_grad_f::eval") [.../casadi/core/sx_function.cpp:77]
CasADi - 2026-10-04 13:15:56 MESSAGE("nlp_jac_g::eval") [.../casadi/core/sx_function.cpp:77]
CasADi - 2026-10-04 13:15:56 MESSAGE("nlp_hess_l::eval") [.../casadi/core/sx_function.cpp:77]
 347  7.0087177e+00 2.29e-02 1.09e+04  -3.8 2.63e-02   3.2 1.00e+00 9.02e-02h  1
CasADi - 2026-10-04 13:15:56 MESSAGE("nlp_g::eval") [.../casadi/core/sx_function.cpp:77]
CasADi - 2026-10-04 13:15:56 MESSAGE("nlp_f::eval") [.../casadi/core/sx_function.cpp:77]
CasADi - 2026-10-04 13:15:56 MESSAGE("nlp_grad_f::eval") [.../casadi/core/sx_function.cpp:77]
CasADi - 2026-10-04 13:15:56 MESSAGE("nlp_jac_g::eval") [.../casadi/core/sx_function.cpp:77]
CasADi - 2026-10-04 13:15:56 MESSAGE("nlp_hess_l::eval") [.../casadi/core/sx_function.cpp:77]
 348  7.0113415e+00 1.30e-02 1.58e+04  -3.8 1.11e-02   3.6 1.00e+00 4.32e-01h  1
CasADi - 2026-10-04 13:15:56 MESSAGE("nlp_g::eval") [.../casadi/core/sx_function.cpp:77]
CasADi - 2026-10-04 13:15:56 MESSAGE("nlp_f::eval") [.../casadi/core/sx_function.cpp:77]
CasADi - 2026-10-04 13:15:56 MESSAGE("nlp_grad_f::eval") [.../casadi/core/sx_function.cpp:77]
CasADi - 2026-10-04 13:15:56 MESSAGE("nlp_jac_g::eval") [.../casadi/core/sx_function.cpp:77]
CasADi - 2026-10-04 13:15:56 MESSAGE("nlp_hess_l::eval") [.../casadi/core/sx_function.cpp:77]
 349  7.0135054e+00 4.38e-03 1.09e+04  -3.8 8.51e-03   3.1 1.00e+00 6.64e-01h  1
CasADi - 2026-10-04 13:15:56 MESSAGE("nlp_g::eval") [.../casadi/core/sx_function.cpp:77]
CasADi - 2026-10-04 13:15:56 MESSAGE("nlp_f::eval") [.../casadi/core/sx_function.cpp:77]
CasADi - 2026-10-04 13:15:56 MESSAGE("nlp_grad_f::eval") [.../casadi/core/sx_function.cpp:77]
CasADi - 2026-10-04 13:15:56 MESSAGE("nlp_jac_g::eval") [.../casadi/core/sx_function.cpp:77]
CasADi - 2026-10-04 13:15:56 MESSAGE("nlp_hess_l::eval") [.../casadi/core/sx_function.cpp:77]
iter    objective    inf_pr   inf_du lg(mu)  ||d||  lg(rg) alpha_du alpha_pr  ls
 350  7.0144137e+00 2.27e-05 1.01e+05  -3.8 2.72e-03   3.6 3.27e-01 1.00e+00h  1
CasADi - 2026-10-04 13:15:56 MESSAGE("nlp_g::eval") [.../casadi/core/sx_function.cpp:77]
CasADi - 2026-10-04 13:15:56 MESSAGE("nlp_f::eval") [.../casadi/core/sx_function.cpp:77]
CasADi - 2026-10-04 13:15:56 MESSAGE("nlp_grad_f::eval") [.../casadi/core/sx_function.cpp:77]
CasADi - 2026-10-04 13:15:56 MESSAGE("nlp_jac_g::eval") [.../casadi/core/sx_function.cpp:77]
CasADi - 2026-10-04 13:15:56 MESSAGE("nlp_hess_l::eval") [.../casadi/core/sx_function.cpp:77]
 351  7.0143279e+00 8.55e-08 1.05e+02  -3.8 1.27e-04   3.1 9.91e-01 1.00e+00h  1
CasADi - 2026-10-04 13:15:56 MESSAGE("nlp_g::eval") [.../casadi/core/sx_function.cpp:77]
CasADi - 2026-10-04 13:15:56 MESSAGE("nlp_f::eval") [.../casadi/core/sx_function.cpp:77]
CasADi - 2026-10-04 13:15:56 MESSAGE("nlp_grad_f::eval") [.../casadi/core/sx_function.cpp:77]
CasADi - 2026-10-04 13:15:56 MESSAGE("nlp_jac_g::eval") [.../casadi/core/sx_function.cpp:77]
CasADi - 2026-10-04 13:15:56 MESSAGE("nlp_hess_l::eval") [.../casadi/core/sx_function.cpp:77]
 352  7.0141930e+00 1.30e-05 5.47e+03  -3.8 9.85e-04   2.6 5.79e-01 1.00e+00f  1
CasADi - 2026-10-04 13:15:56 MESSAGE("nlp_g::eval") [.../casadi/core/sx_function.cpp:77]
CasADi - 2026-10-04 13:15:56 MESSAGE("nlp_f::eval") [.../casadi/core/sx_function.cpp:77]
CasADi - 2026-10-04 13:15:56 MESSAGE("nlp_grad_f::eval") [.../casadi/core/sx_function.cpp:77]
CasADi - 2026-10-04 13:15:56 MESSAGE("nlp_jac_g::eval") [.../casadi/core/sx_function.cpp:77]
CasADi - 2026-10-04 13:15:56 MESSAGE("nlp_hess_l::eval") [.../casadi/core/sx_function.cpp:77]
 353  7.0134572e+00 1.34e-06 2.28e+01  -3.8 3.69e-04   2.1 9.92e-01 1.00e+00h  1
CasADi - 2026-10-04 13:15:56 MESSAGE("nlp_g::eval") [.../casadi/core/sx_function.cpp:77]
CasADi - 2026-10-04 13:15:56 MESSAGE("nlp_f::eval") [.../casadi/core/sx_function.cpp:77]
CasADi - 2026-10-04 13:15:56 MESSAGE("nlp_grad_f::eval") [.../casadi/core/sx_function.cpp:77]
CasADi - 2026-10-04 13:15:56 MESSAGE("nlp_jac_g::eval") [.../casadi/core/sx_function.cpp:77]
CasADi - 2026-10-04 13:15:56 MESSAGE("nlp_hess_l::eval") [.../casadi/core/sx_function.cpp:77]
 354  7.0114554e+00 9.69e-06 1.15e-01  -3.8 1.14e-03   1.6 1.00e+00 1.00e+00h  1
CasADi - 2026-10-04 13:15:56 MESSAGE("nlp_g::eval") [.../casadi/core/sx_function.cpp:77]
CasADi - 2026-10-04 13:15:56 MESSAGE("nlp_f::eval") [.../casadi/core/sx_function.cpp:77]
CasADi - 2026-10-04 13:15:56 MESSAGE("nlp_grad_f::eval") [.../casadi/core/sx_function.cpp:77]
CasADi - 2026-10-04 13:15:56 MESSAGE("nlp_jac_g::eval") [.../casadi/core/sx_function.cpp:77]
CasADi - 2026-10-04 13:15:56 MESSAGE("nlp_hess_l::eval") [.../casadi/core/sx_function.cpp:77]
 355  7.0064500e+00 5.91e-05 3.11e-01  -3.8 1.62e-03   1.2 1.00e+00 1.00e+00h  1
CasADi - 2026-10-04 13:15:56 MESSAGE("nlp_g::eval") [.../casadi/core/sx_function.cpp:77]
CasADi - 2026-10-04 13:15:56 MESSAGE("nlp_f::eval") [.../casadi/core/sx_function.cpp:77]
CasADi - 2026-10-04 13:15:56 MESSAGE("nlp_grad_f::eval") [.../casadi/core/sx_function.cpp:77]
CasADi - 2026-10-04 13:15:56 MESSAGE("nlp_jac_g::eval") [.../casadi/core/sx_function.cpp:77]
CasADi - 2026-10-04 13:15:56 MESSAGE("nlp_hess_l::eval") [.../casadi/core/sx_function.cpp:77]
 356  6.9946262e+00 2.70e-04 8.82e-01  -3.8 4.34e-03   0.7 1.00e+00 1.00e+00h  1
CasADi - 2026-10-04 13:15:56 MESSAGE("nlp_g::eval") [.../casadi/core/sx_function.cpp:77]
CasADi - 2026-10-04 13:15:56 MESSAGE("nlp_f::eval") [.../casadi/core/sx_function.cpp:77]
CasADi - 2026-10-04 13:15:56 MESSAGE("nlp_grad_f::eval") [.../casadi/core/sx_function.cpp:77]
CasADi - 2026-10-04 13:15:56 MESSAGE("nlp_jac_g::eval") [.../casadi/core/sx_function.cpp:77]
CasADi - 2026-10-04 13:15:56 MESSAGE("nlp_hess_l::eval") [.../casadi/core/sx_function.cpp:77]
 357  6.9893521e+00 2.05e-04 1.05e+03  -3.8 8.38e-03   0.2 1.00e+00 2.95e-01h  1
CasADi - 2026-10-04 13:15:56 MESSAGE("nlp_g::eval") [.../casadi/core/sx_function.cpp:77]
CasADi - 2026-10-04 13:15:56 MESSAGE("nlp_f::eval") [.../casadi/core/sx_function.cpp:77]
CasADi - 2026-10-04 13:15:56 MESSAGE("nlp_grad_f::eval") [.../casadi/core/sx_function.cpp:77]
CasADi - 2026-10-04 13:15:56 MESSAGE("nlp_jac_g::eval") [.../casadi/core/sx_function.cpp:77]
CasADi - 2026-10-04 13:15:56 MESSAGE("nlp_hess_l::eval") [.../casadi/core/sx_function.cpp:77]
 358  6.9558306e+00 1.44e-03 7.96e-01  -3.8 1.92e-02  -0.3 1.00e+00 1.00e+00f  1
CasADi - 2026-10-04 13:15:56 MESSAGE("nlp_g::eval") [.../casadi/core/sx_function.cpp:77]
CasADi - 2026-10-04 13:15:56 MESSAGE("nlp_f::eval") [.../casadi/core/sx_function.cpp:77]
CasADi - 2026-10-04 13:15:56 MESSAGE("nlp_grad_f::eval") [.../casadi/core/sx_function.cpp:77]
CasADi - 2026-10-04 13:15:56 MESSAGE("nlp_jac_g::eval") [.../casadi/core/sx_function.cpp:77]
CasADi - 2026-10-04 13:15:56 MESSAGE("nlp_hess_l::eval") [.../casadi/core/sx_function.cpp:77]
 359  6.9243442e+00 3.45e-03 2.06e+02  -3.8 4.45e-02  -0.7 1.00e+00 8.12e-01h  1
CasADi - 2026-10-04 13:15:56 MESSAGE("nlp_g::eval") [.../casadi/core/sx_function.cpp:77]
CasADi - 2026-10-04 13:15:56 MESSAGE("nlp_f::eval") [.../casadi/core/sx_function.cpp:77]
CasADi - 2026-10-04 13:15:56 MESSAGE("nlp_grad_f::eval") [.../casadi/core/sx_function.cpp:77]
CasADi - 2026-10-04 13:15:56 MESSAGE("nlp_jac_g::eval") [.../casadi/core/sx_function.cpp:77]
CasADi - 2026-10-04 13:15:56 MESSAGE("nlp_hess_l::eval") [.../casadi/core/sx_function.cpp:77]
iter    objective    inf_pr   inf_du lg(mu)  ||d||  lg(rg) alpha_du alpha_pr  ls
 360  6.9158628e+00 7.75e-04 1.48e+00  -3.8 2.80e-02  -0.3 1.00e+00 1.00e+00f  1
CasADi - 2026-10-04 13:15:56 MESSAGE("nlp_g::eval") [.../casadi/core/sx_function.cpp:77]
CasADi - 2026-10-04 13:15:56 MESSAGE("nlp_f::eval") [.../casadi/core/sx_function.cpp:77]
CasADi - 2026-10-04 13:15:56 MESSAGE("nlp_grad_f::eval") [.../casadi/core/sx_function.cpp:77]
CasADi - 2026-10-04 13:15:56 MESSAGE("nlp_jac_g::eval") [.../casadi/core/sx_function.cpp:77]
CasADi - 2026-10-04 13:15:56 MESSAGE("nlp_hess_l::eval") [.../casadi/core/sx_function.cpp:77]
 361  6.9002729e+00 1.03e-01 1.73e+02  -3.8 2.54e+00    -  1.69e-01 7.41e-02h  1
CasADi - 2026-10-04 13:15:56 MESSAGE("nlp_g::eval") [.../casadi/core/sx_function.cpp:77]
CasADi - 2026-10-04 13:15:56 MESSAGE("nlp_f::eval") [.../casadi/core/sx_function.cpp:77]
CasADi - 2026-10-04 13:15:56 MESSAGE("nlp_grad_f::eval") [.../casadi/core/sx_function.cpp:77]
CasADi - 2026-10-04 13:15:56 MESSAGE("nlp_jac_g::eval") [.../casadi/core/sx_function.cpp:77]
CasADi - 2026-10-04 13:15:56 MESSAGE("nlp_hess_l::eval") [.../casadi/core/sx_function.cpp:77]
 362  6.8843288e+00 1.35e-02 3.66e+02  -3.8 5.33e-02  -0.8 1.47e-01 1.00e+00h  1
CasADi - 2026-10-04 13:15:56 MESSAGE("nlp_g::eval") [.../casadi/core/sx_function.cpp:77]
CasADi - 2026-10-04 13:15:56 MESSAGE("nlp_f::eval") [.../casadi/core/sx_function.cpp:77]
CasADi - 2026-10-04 13:15:56 MESSAGE("nlp_grad_f::eval") [.../casadi/core/sx_function.cpp:77]
CasADi - 2026-10-04 13:15:56 MESSAGE("nlp_jac_g::eval") [.../casadi/core/sx_function.cpp:77]
CasADi - 2026-10-04 13:15:56 MESSAGE("nlp_hess_l::eval") [.../casadi/core/sx_function.cpp:77]
 363  6.8802239e+00 3.41e-04 2.07e+00  -3.8 1.95e-02  -0.4 1.00e+00 1.00e+00h  1
CasADi - 2026-10-04 13:15:56 MESSAGE("nlp_g::eval") [.../casadi/core/sx_function.cpp:77]
CasADi - 2026-10-04 13:15:56 MESSAGE("nlp_f::eval") [.../casadi/core/sx_function.cpp:77]
CasADi - 2026-10-04 13:15:56 MESSAGE("nlp_grad_f::eval") [.../casadi/core/sx_function.cpp:77]
CasADi - 2026-10-04 13:15:56 MESSAGE("nlp_jac_g::eval") [.../casadi/core/sx_function.cpp:77]
CasADi - 2026-10-04 13:15:56 MESSAGE("nlp_hess_l::eval") [.../casadi/core/sx_function.cpp:77]
 364  6.8714057e+00 1.56e-03 6.18e-01  -3.8 2.11e-02  -0.8 1.00e+00 1.00e+00h  1
CasADi - 2026-10-04 13:15:56 MESSAGE("nlp_g::eval") [.../casadi/core/sx_function.cpp:77]
CasADi - 2026-10-04 13:15:56 MESSAGE("nlp_f::eval") [.../casadi/core/sx_function.cpp:77]
CasADi - 2026-10-04 13:15:56 MESSAGE("nlp_grad_f::eval") [.../casadi/core/sx_function.cpp:77]
CasADi - 2026-10-04 13:15:56 MESSAGE("nlp_jac_g::eval") [.../casadi/core/sx_function.cpp:77]
CasADi - 2026-10-04 13:15:56 MESSAGE("nlp_hess_l::eval") [.../casadi/core/sx_function.cpp:77]
 365  6.8511031e+00 1.18e-01 6.64e+02  -3.8 8.30e-01    -  5.69e-01 2.60e-01h  1
CasADi - 2026-10-04 13:15:56 MESSAGE("nlp_g::eval") [.../casadi/core/sx_function.cpp:77]
CasADi - 2026-10-04 13:15:56 MESSAGE("nlp_f::eval") [.../casadi/core/sx_function.cpp:77]
CasADi - 2026-10-04 13:15:56 MESSAGE("nlp_grad_f::eval") [.../casadi/core/sx_function.cpp:77]
CasADi - 2026-10-04 13:15:56 MESSAGE("nlp_jac_g::eval") [.../casadi/core/sx_function.cpp:77]
CasADi - 2026-10-04 13:15:56 MESSAGE("nlp_hess_l::eval") [.../casadi/core/sx_function.cpp:77]
 366  6.8469625e+00 1.21e-01 5.88e+02  -3.8 7.02e-01    -  1.18e-01 1.15e-01h  1
CasADi - 2026-10-04 13:15:56 MESSAGE("nlp_g::eval") [.../casadi/core/sx_function.cpp:77]
CasADi - 2026-10-04 13:15:56 MESSAGE("nlp_f::eval") [.../casadi/core/sx_function.cpp:77]
CasADi - 2026-10-04 13:15:56 MESSAGE("nlp_grad_f::eval") [.../casadi/core/sx_function.cpp:77]
CasADi - 2026-10-04 13:15:56 MESSAGE("nlp_jac_g::eval") [.../casadi/core/sx_function.cpp:77]
CasADi - 2026-10-04 13:15:56 MESSAGE("nlp_hess_l::eval") [.../casadi/core/sx_function.cpp:77]
 367  6.8430612e+00 1.12e-01 5.26e+02  -3.8 6.35e-01    -  2.07e-01 9.77e-02h  1
CasADi - 2026-10-04 13:15:56 MESSAGE("nlp_g::eval") [.../casadi/core/sx_function.cpp:77]
CasADi - 2026-10-04 13:15:56 MESSAGE("nlp_f::eval") [.../casadi/core/sx_function.cpp:77]
CasADi - 2026-10-04 13:15:56 MESSAGE("nlp_g::eval") [.../casadi/core/sx_function.cpp:77]
CasADi - 2026-10-04 13:15:56 MESSAGE("nlp_f::eval") [.../casadi/core/sx_function.cpp:77]
CasADi - 2026-10-04 13:15:56 MESSAGE("nlp_g::eval") [.../casadi/core/sx_function.cpp:77]
CasADi - 2026-10-04 13:15:56 MESSAGE("nlp_f::eval") [.../casadi/core/sx_function.cpp:77]
CasADi - 2026-10-04 13:15:56 MESSAGE("nlp_grad_f::eval") [.../casadi/core/sx_function.cpp:77]
CasADi - 2026-10-04 13:15:56 MESSAGE("nlp_jac_g::eval") [.../casadi/core/sx_function.cpp:77]
CasADi - 2026-10-04 13:15:56 MESSAGE("nlp_hess_l::eval") [.../casadi/core/sx_function.cpp:77]
 368  6.8430438e+00 1.13e-01 5.41e+02  -3.8 1.04e+01    -  1.97e-02 2.55e-03h  2
CasADi - 2026-10-04 13:15:56 MESSAGE("nlp_g::eval") [.../casadi/core/sx_function.cpp:77]
CasADi - 2026-10-04 13:15:56 MESSAGE("nlp_f::eval") [.../casadi/core/sx_function.cpp:77]
CasADi - 2026-10-04 13:15:56 MESSAGE("nlp_grad_f::eval") [.../casadi/core/sx_function.cpp:77]
CasADi - 2026-10-04 13:15:56 MESSAGE("nlp_jac_g::eval") [.../casadi/core/sx_function.cpp:77]
CasADi - 2026-10-04 13:15:56 MESSAGE("nlp_hess_l::eval") [.../casadi/core/sx_function.cpp:77]
 369  6.8422931e+00 1.31e-01 5.70e+02  -3.8 2.13e+00  -1.3 2.08e-02 8.07e-02h  1
CasADi - 2026-10-04 13:15:56 MESSAGE("nlp_g::eval") [.../casadi/core/sx_function.cpp:77]
CasADi - 2026-10-04 13:15:56 MESSAGE("nlp_f::eval") [.../casadi/core/sx_function.cpp:77]
CasADi - 2026-10-04 13:15:56 MESSAGE("nlp_grad_f::eval") [.../casadi/core/sx_function.cpp:77]
CasADi - 2026-10-04 13:15:56 MESSAGE("nlp_jac_g::eval") [.../casadi/core/sx_function.cpp:77]
CasADi - 2026-10-04 13:15:56 MESSAGE("nlp_hess_l::eval") [.../casadi/core/sx_function.cpp:77]
iter    objective    inf_pr   inf_du lg(mu)  ||d||  lg(rg) alpha_du alpha_pr  ls
 370  6.8428008e+00 1.01e-01 4.90e+02  -3.8 8.00e-02   1.8 3.16e-02 2.35e-01h  1
CasADi - 2026-10-04 13:15:56 MESSAGE("nlp_g::eval") [.../casadi/core/sx_function.cpp:77]
CasADi - 2026-10-04 13:15:56 MESSAGE("nlp_f::eval") [.../casadi/core/sx_function.cpp:77]
CasADi - 2026-10-04 13:15:56 MESSAGE("nlp_grad_f::eval") [.../casadi/core/sx_function.cpp:77]
CasADi - 2026-10-04 13:15:56 MESSAGE("nlp_jac_g::eval") [.../casadi/core/sx_function.cpp:77]
CasADi - 2026-10-04 13:15:56 MESSAGE("nlp_hess_l::eval") [.../casadi/core/sx_function.cpp:77]
 371  6.8432259e+00 8.70e-02 3.88e+02  -3.8 5.99e-02   2.2 2.70e-01 1.35e-01h  1
CasADi - 2026-10-04 13:15:56 MESSAGE("nlp_g::eval") [.../casadi/core/sx_function.cpp:77]
CasADi - 2026-10-04 13:15:56 MESSAGE("nlp_f::eval") [.../casadi/core/sx_function.cpp:77]
CasADi - 2026-10-04 13:15:56 MESSAGE("nlp_grad_f::eval") [.../casadi/core/sx_function.cpp:77]
CasADi - 2026-10-04 13:15:56 MESSAGE("nlp_jac_g::eval") [.../casadi/core/sx_function.cpp:77]
CasADi - 2026-10-04 13:15:56 MESSAGE("nlp_hess_l::eval") [.../casadi/core/sx_function.cpp:77]
 372  6.8435202e+00 7.88e-02 3.26e+02  -3.8 5.09e-02   2.7 2.27e-01 9.48e-02h  1
CasADi - 2026-10-04 13:15:56 MESSAGE("nlp_g::eval") [.../casadi/core/sx_function.cpp:77]
CasADi - 2026-10-04 13:15:56 MESSAGE("nlp_f::eval") [.../casadi/core/sx_function.cpp:77]
CasADi - 2026-10-04 13:15:56 MESSAGE("nlp_grad_f::eval") [.../casadi/core/sx_function.cpp:77]
CasADi - 2026-10-04 13:15:56 MESSAGE("nlp_jac_g::eval") [.../casadi/core/sx_function.cpp:77]
CasADi - 2026-10-04 13:15:56 MESSAGE("nlp_hess_l::eval") [.../casadi/core/sx_function.cpp:77]
 373  6.8439499e+00 6.78e-02 2.29e+03  -3.8 4.54e-02   3.1 9.38e-01 1.39e-01h  1
CasADi - 2026-10-04 13:15:56 MESSAGE("nlp_g::eval") [.../casadi/core/sx_function.cpp:77]
CasADi - 2026-10-04 13:15:56 MESSAGE("nlp_f::eval") [.../casadi/core/sx_function.cpp:77]
CasADi - 2026-10-04 13:15:56 MESSAGE("nlp_grad_f::eval") [.../casadi/core/sx_function.cpp:77]
CasADi - 2026-10-04 13:15:56 MESSAGE("nlp_jac_g::eval") [.../casadi/core/sx_function.cpp:77]
CasADi - 2026-10-04 13:15:56 MESSAGE("nlp_hess_l::eval") [.../casadi/core/sx_function.cpp:77]
 374  6.8444771e+00 5.27e-02 1.79e+03  -3.8 6.17e-02   2.6 1.26e-01 2.31e-01h  1
CasADi - 2026-10-04 13:15:56 MESSAGE("nlp_g::eval") [.../casadi/core/sx_function.cpp:77]
CasADi - 2026-10-04 13:15:56 MESSAGE("nlp_f::eval") [.../casadi/core/sx_function.cpp:77]
CasADi - 2026-10-04 13:15:56 MESSAGE("nlp_grad_f::eval") [.../casadi/core/sx_function.cpp:77]
CasADi - 2026-10-04 13:15:56 MESSAGE("nlp_jac_g::eval") [.../casadi/core/sx_function.cpp:77]
CasADi - 2026-10-04 13:15:56 MESSAGE("nlp_hess_l::eval") [.../casadi/core/sx_function.cpp:77]
 375  6.8461494e+00 1.34e-02 5.03e+02  -3.8 2.24e-02   3.0 1.00e+00 7.46e-01h  1
CasADi - 2026-10-04 13:15:56 MESSAGE("nlp_g::eval") [.../casadi/core/sx_function.cpp:77]
CasADi - 2026-10-04 13:15:56 MESSAGE("nlp_f::eval") [.../casadi/core/sx_function.cpp:77]
CasADi - 2026-10-04 13:15:56 MESSAGE("nlp_grad_f::eval") [.../casadi/core/sx_function.cpp:77]
CasADi - 2026-10-04 13:15:56 MESSAGE("nlp_jac_g::eval") [.../casadi/core/sx_function.cpp:77]
CasADi - 2026-10-04 13:15:56 MESSAGE("nlp_hess_l::eval") [.../casadi/core/sx_function.cpp:77]
 376  6.8467238e+00 2.56e-05 8.67e+01  -3.8 5.26e-03   3.5 9.08e-01 1.00e+00h  1
CasADi - 2026-10-04 13:15:56 MESSAGE("nlp_g::eval") [.../casadi/core/sx_function.cpp:77]
CasADi - 2026-10-04 13:15:56 MESSAGE("nlp_f::eval") [.../casadi/core/sx_function.cpp:77]
CasADi - 2026-10-04 13:15:56 MESSAGE("nlp_grad_f::eval") [.../casadi/core/sx_function.cpp:77]
CasADi - 2026-10-04 13:15:56 MESSAGE("nlp_jac_g::eval") [.../casadi/core/sx_function.cpp:77]
CasADi - 2026-10-04 13:15:56 MESSAGE("nlp_hess_l::eval") [.../casadi/core/sx_function.cpp:77]
 377  6.8466983e+00 6.96e-08 4.07e+00  -3.8 6.53e-05   3.0 9.96e-01 1.00e+00h  1
CasADi - 2026-10-04 13:15:56 MESSAGE("nlp_g::eval") [.../casadi/core/sx_function.cpp:77]
CasADi - 2026-10-04 13:15:56 MESSAGE("nlp_f::eval") [.../casadi/core/sx_function.cpp:77]
CasADi - 2026-10-04 13:15:56 MESSAGE("nlp_grad_f::eval") [.../casadi/core/sx_function.cpp:77]
CasADi - 2026-10-04 13:15:56 MESSAGE("nlp_jac_g::eval") [.../casadi/core/sx_function.cpp:77]
CasADi - 2026-10-04 13:15:56 MESSAGE("nlp_hess_l::eval") [.../casadi/core/sx_function.cpp:77]
 378  6.8467306e+00 3.81e-05 5.77e+02  -3.8 1.25e-03   2.5 1.00e+00 8.22e-01f  1
CasADi - 2026-10-04 13:15:56 MESSAGE("nlp_g::eval") [.../casadi/core/sx_function.cpp:77]
CasADi - 2026-10-04 13:15:56 MESSAGE("nlp_f::eval") [.../casadi/core/sx_function.cpp:77]
CasADi - 2026-10-04 13:15:56 MESSAGE("nlp_grad_f::eval") [.../casadi/core/sx_function.cpp:77]
CasADi - 2026-10-04 13:15:56 MESSAGE("nlp_jac_g::eval") [.../casadi/core/sx_function.cpp:77]
CasADi - 2026-10-04 13:15:56 MESSAGE("nlp_hess_l::eval") [.../casadi/core/sx_function.cpp:77]
 379  6.8470813e+00 5.63e-07 4.52e-01  -3.8 2.12e-04   2.0 1.00e+00 1.00e+00f  1
CasADi - 2026-10-04 13:15:56 MESSAGE("nlp_g::eval") [.../casadi/core/sx_function.cpp:77]
CasADi - 2026-10-04 13:15:56 MESSAGE("nlp_f::eval") [.../casadi/core/sx_function.cpp:77]
CasADi - 2026-10-04 13:15:56 MESSAGE("nlp_grad_f::eval") [.../casadi/core/sx_function.cpp:77]
CasADi - 2026-10-04 13:15:56 MESSAGE("nlp_jac_g::eval") [.../casadi/core/sx_function.cpp:77]
CasADi - 2026-10-04 13:15:56 MESSAGE("nlp_hess_l::eval") [.../casadi/core/sx_function.cpp:77]
iter    objective    inf_pr   inf_du lg(mu)  ||d||  lg(rg) alpha_du alpha_pr  ls
 380  6.8468713e+00 8.08e-07 4.60e-02  -3.8 4.75e-04   1.6 1.00e+00 1.00e+00h  1
CasADi - 2026-10-04 13:15:57 MESSAGE("nlp_g::eval") [.../casadi/core/sx_function.cpp:77]
CasADi - 2026-10-04 13:15:57 MESSAGE("nlp_f::eval") [.../casadi/core/sx_function.cpp:77]
CasADi - 2026-10-04 13:15:57 MESSAGE("nlp_grad_f::eval") [.../casadi/core/sx_function.cpp:77]
CasADi - 2026-10-04 13:15:57 MESSAGE("nlp_jac_g::eval") [.../casadi/core/sx_function.cpp:77]
CasADi - 2026-10-04 13:15:57 MESSAGE("nlp_hess_l::eval") [.../casadi/core/sx_function.cpp:77]
 381  6.8462679e+00 2.56e-06 1.08e-01  -3.8 9.73e-04   1.1 1.00e+00 1.00e+00h  1
CasADi - 2026-10-04 13:15:57 MESSAGE("nlp_g::eval") [.../casadi/core/sx_function.cpp:77]
CasADi - 2026-10-04 13:15:57 MESSAGE("nlp_f::eval") [.../casadi/core/sx_function.cpp:77]
CasADi - 2026-10-04 13:15:57 MESSAGE("nlp_grad_f::eval") [.../casadi/core/sx_function.cpp:77]
CasADi - 2026-10-04 13:15:57 MESSAGE("nlp_jac_g::eval") [.../casadi/core/sx_function.cpp:77]
CasADi - 2026-10-04 13:15:57 MESSAGE("nlp_hess_l::eval") [.../casadi/core/sx_function.cpp:77]
 382  6.8451652e+00 2.14e-05 7.19e-02  -3.8 2.51e-03   0.6 1.00e+00 1.00e+00h  1
CasADi - 2026-10-04 13:15:57 MESSAGE("nlp_g::eval") [.../casadi/core/sx_function.cpp:77]
CasADi - 2026-10-04 13:15:57 MESSAGE("nlp_f::eval") [.../casadi/core/sx_function.cpp:77]
CasADi - 2026-10-04 13:15:57 MESSAGE("nlp_grad_f::eval") [.../casadi/core/sx_function.cpp:77]
CasADi - 2026-10-04 13:15:57 MESSAGE("nlp_jac_g::eval") [.../casadi/core/sx_function.cpp:77]
CasADi - 2026-10-04 13:15:57 MESSAGE("nlp_hess_l::eval") [.../casadi/core/sx_function.cpp:77]
 383  6.8432873e+00 1.38e-04 1.96e-01  -3.8 6.76e-03   0.1 1.00e+00 1.00e+00h  1
CasADi - 2026-10-04 13:15:57 MESSAGE("nlp_g::eval") [.../casadi/core/sx_function.cpp:77]
CasADi - 2026-10-04 13:15:57 MESSAGE("nlp_f::eval") [.../casadi/core/sx_function.cpp:77]
CasADi - 2026-10-04 13:15:57 MESSAGE("nlp_grad_f::eval") [.../casadi/core/sx_function.cpp:77]
CasADi - 2026-10-04 13:15:57 MESSAGE("nlp_jac_g::eval") [.../casadi/core/sx_function.cpp:77]
CasADi - 2026-10-04 13:15:57 MESSAGE("nlp_hess_l::eval") [.../casadi/core/sx_function.cpp:77]
 384  6.8316050e+00 1.27e-01 3.54e+00  -3.8 5.29e-01    -  4.15e-01 4.06e-01h  1
CasADi - 2026-10-04 13:15:57 MESSAGE("nlp_g::eval") [.../casadi/core/sx_function.cpp:77]
CasADi - 2026-10-04 13:15:57 MESSAGE("nlp_f::eval") [.../casadi/core/sx_function.cpp:77]
CasADi - 2026-10-04 13:15:57 MESSAGE("nlp_grad_f::eval") [.../casadi/core/sx_function.cpp:77]
CasADi - 2026-10-04 13:15:57 MESSAGE("nlp_jac_g::eval") [.../casadi/core/sx_function.cpp:77]
CasADi - 2026-10-04 13:15:57 MESSAGE("nlp_hess_l::eval") [.../casadi/core/sx_function.cpp:77]
 385  6.8256263e+00 1.69e-01 3.06e+01  -3.8 5.09e-01    -  4.88e-01 4.25e-01h  1
CasADi - 2026-10-04 13:15:57 MESSAGE("nlp_g::eval") [.../casadi/core/sx_function.cpp:77]
CasADi - 2026-10-04 13:15:57 MESSAGE("nlp_f::eval") [.../casadi/core/sx_function.cpp:77]
CasADi - 2026-10-04 13:15:57 MESSAGE("nlp_grad_f::eval") [.../casadi/core/sx_function.cpp:77]
CasADi - 2026-10-04 13:15:57 MESSAGE("nlp_jac_g::eval") [.../casadi/core/sx_function.cpp:77]
CasADi - 2026-10-04 13:15:57 MESSAGE("nlp_hess_l::eval") [.../casadi/core/sx_function.cpp:77]
 386  6.8240616e+00 4.13e-02 6.28e+01  -3.8 9.78e-02  -0.4 4.56e-01 7.70e-01h  1
CasADi - 2026-10-04 13:15:57 MESSAGE("nlp_g::eval") [.../casadi/core/sx_function.cpp:77]
CasADi - 2026-10-04 13:15:57 MESSAGE("nlp_f::eval") [.../casadi/core/sx_function.cpp:77]
CasADi - 2026-10-04 13:15:57 MESSAGE("nlp_grad_f::eval") [.../casadi/core/sx_function.cpp:77]
CasADi - 2026-10-04 13:15:57 MESSAGE("nlp_jac_g::eval") [.../casadi/core/sx_function.cpp:77]
CasADi - 2026-10-04 13:15:57 MESSAGE("nlp_hess_l::eval") [.../casadi/core/sx_function.cpp:77]
 387  6.8225479e+00 1.76e-02 4.76e+01  -3.8 7.68e-02  -0.8 6.50e-01 6.00e-01h  1
CasADi - 2026-10-04 13:15:57 MESSAGE("nlp_g::eval") [.../casadi/core/sx_function.cpp:77]
CasADi - 2026-10-04 13:15:57 MESSAGE("nlp_f::eval") [.../casadi/core/sx_function.cpp:77]
CasADi - 2026-10-04 13:15:57 MESSAGE("nlp_grad_f::eval") [.../casadi/core/sx_function.cpp:77]
CasADi - 2026-10-04 13:15:57 MESSAGE("nlp_jac_g::eval") [.../casadi/core/sx_function.cpp:77]
CasADi - 2026-10-04 13:15:57 MESSAGE("nlp_hess_l::eval") [.../casadi/core/sx_function.cpp:77]
 388  6.8226135e+00 5.78e-04 2.63e+00  -3.8 2.17e-02  -0.4 1.00e+00 1.00e+00f  1
CasADi - 2026-10-04 13:15:57 MESSAGE("nlp_g::eval") [.../casadi/core/sx_function.cpp:77]
CasADi - 2026-10-04 13:15:57 MESSAGE("nlp_f::eval") [.../casadi/core/sx_function.cpp:77]
CasADi - 2026-10-04 13:15:57 MESSAGE("nlp_grad_f::eval") [.../casadi/core/sx_function.cpp:77]
CasADi - 2026-10-04 13:15:57 MESSAGE("nlp_jac_g::eval") [.../casadi/core/sx_function.cpp:77]
CasADi - 2026-10-04 13:15:57 MESSAGE("nlp_hess_l::eval") [.../casadi/core/sx_function.cpp:77]
 389  6.8215162e+00 3.76e-04 4.58e-01  -3.8 1.56e-02  -0.9 1.00e+00 1.00e+00h  1
CasADi - 2026-10-04 13:15:57 MESSAGE("nlp_g::eval") [.../casadi/core/sx_function.cpp:77]
CasADi - 2026-10-04 13:15:57 MESSAGE("nlp_f::eval") [.../casadi/core/sx_function.cpp:77]
CasADi - 2026-10-04 13:15:57 MESSAGE("nlp_grad_f::eval") [.../casadi/core/sx_function.cpp:77]
CasADi - 2026-10-04 13:15:57 MESSAGE("nlp_jac_g::eval") [.../casadi/core/sx_function.cpp:77]
CasADi - 2026-10-04 13:15:57 MESSAGE("nlp_hess_l::eval") [.../casadi/core/sx_function.cpp:77]
iter    objective    inf_pr   inf_du lg(mu)  ||d||  lg(rg) alpha_du alpha_pr  ls
 390  6.8199074e+00 3.28e-03 9.67e-02  -3.8 2.94e-02  -1.4 1.00e+00 1.00e+00h  1
CasADi - 2026-10-04 13:15:57 MESSAGE("nlp_g::eval") [.../casadi/core/sx_function.cpp:77]
CasADi - 2026-10-04 13:15:57 MESSAGE("nlp_f::eval") [.../casadi/core/sx_function.cpp:77]
CasADi - 2026-10-04 13:15:57 MESSAGE("nlp_grad_f::eval") [.../casadi/core/sx_function.cpp:77]
CasADi - 2026-10-04 13:15:57 MESSAGE("nlp_jac_g::eval") [.../casadi/core/sx_function.cpp:77]
CasADi - 2026-10-04 13:15:57 MESSAGE("nlp_hess_l::eval") [.../casadi/core/sx_function.cpp:77]
 391  6.8173508e+00 2.83e-02 5.38e-02  -3.8 8.95e-02  -1.8 1.00e+00 1.00e+00h  1
CasADi - 2026-10-04 13:15:57 MESSAGE("nlp_g::eval") [.../casadi/core/sx_function.cpp:77]
CasADi - 2026-10-04 13:15:57 MESSAGE("nlp_f::eval") [.../casadi/core/sx_function.cpp:77]
CasADi - 2026-10-04 13:15:57 MESSAGE("nlp_grad_f::eval") [.../casadi/core/sx_function.cpp:77]
CasADi - 2026-10-04 13:15:57 MESSAGE("nlp_jac_g::eval") [.../casadi/core/sx_function.cpp:77]
CasADi - 2026-10-04 13:15:57 MESSAGE("nlp_hess_l::eval") [.../casadi/core/sx_function.cpp:77]
 392  6.8146257e+00 9.00e-02 8.35e+01  -3.8 3.20e-01  -2.3 1.00e+00 5.14e-01h  1
CasADi - 2026-10-04 13:15:57 MESSAGE("nlp_g::eval") [.../casadi/core/sx_function.cpp:77]
CasADi - 2026-10-04 13:15:57 MESSAGE("nlp_f::eval") [.../casadi/core/sx_function.cpp:77]
CasADi - 2026-10-04 13:15:57 MESSAGE("nlp_grad_f::eval") [.../casadi/core/sx_function.cpp:77]
CasADi - 2026-10-04 13:15:57 MESSAGE("nlp_jac_g::eval") [.../casadi/core/sx_function.cpp:77]
CasADi - 2026-10-04 13:15:57 MESSAGE("nlp_hess_l::eval") [.../casadi/core/sx_function.cpp:77]
 393  6.8129277e+00 1.54e-01 4.18e+02  -3.8 3.47e+00  -2.8 1.87e-01 5.33e-02h  1
CasADi - 2026-10-04 13:15:57 MESSAGE("nlp_g::eval") [.../casadi/core/sx_function.cpp:77]
CasADi - 2026-10-04 13:15:57 MESSAGE("nlp_f::eval") [.../casadi/core/sx_function.cpp:77]
CasADi - 2026-10-04 13:15:57 MESSAGE("nlp_grad_f::eval") [.../casadi/core/sx_function.cpp:77]
CasADi - 2026-10-04 13:15:57 MESSAGE("nlp_jac_g::eval") [.../casadi/core/sx_function.cpp:77]
CasADi - 2026-10-04 13:15:57 MESSAGE("nlp_hess_l::eval") [.../casadi/core/sx_function.cpp:77]
 394  6.8106603e+00 1.52e-01 4.56e+02  -3.8 1.60e+00  -3.3 3.13e-01 1.30e-01h  1
CasADi - 2026-10-04 13:15:57 MESSAGE("nlp_g::eval") [.../casadi/core/sx_function.cpp:77]
CasADi - 2026-10-04 13:15:57 MESSAGE("nlp_f::eval") [.../casadi/core/sx_function.cpp:77]
CasADi - 2026-10-04 13:15:57 MESSAGE("nlp_grad_f::eval") [.../casadi/core/sx_function.cpp:77]
CasADi - 2026-10-04 13:15:57 MESSAGE("nlp_jac_g::eval") [.../casadi/core/sx_function.cpp:77]
CasADi - 2026-10-04 13:15:57 MESSAGE("nlp_hess_l::eval") [.../casadi/core/sx_function.cpp:77]
 395  6.8054885e+00 2.24e-01 6.64e+02  -3.8 2.97e-01  -1.9 2.99e-01 1.00e+00h  1
CasADi - 2026-10-04 13:15:57 MESSAGE("nlp_g::eval") [.../casadi/core/sx_function.cpp:77]
CasADi - 2026-10-04 13:15:57 MESSAGE("nlp_f::eval") [.../casadi/core/sx_function.cpp:77]
CasADi - 2026-10-04 13:15:57 MESSAGE("nlp_grad_f::eval") [.../casadi/core/sx_function.cpp:77]
CasADi - 2026-10-04 13:15:57 MESSAGE("nlp_jac_g::eval") [.../casadi/core/sx_function.cpp:77]
CasADi - 2026-10-04 13:15:57 MESSAGE("nlp_hess_l::eval") [.../casadi/core/sx_function.cpp:77]
 396  6.8035924e+00 3.10e-02 1.76e+02  -3.8 6.82e-02  -0.6 6.50e-01 8.71e-01h  1
CasADi - 2026-10-04 13:15:57 MESSAGE("nlp_g::eval") [.../casadi/core/sx_function.cpp:77]
CasADi - 2026-10-04 13:15:57 MESSAGE("nlp_f::eval") [.../casadi/core/sx_function.cpp:77]
CasADi - 2026-10-04 13:15:57 MESSAGE("nlp_grad_f::eval") [.../casadi/core/sx_function.cpp:77]
CasADi - 2026-10-04 13:15:57 MESSAGE("nlp_jac_g::eval") [.../casadi/core/sx_function.cpp:77]
CasADi - 2026-10-04 13:15:57 MESSAGE("nlp_hess_l::eval") [.../casadi/core/sx_function.cpp:77]
 397  6.8019057e+00 4.79e-03 4.48e-01  -3.8 4.10e-02  -1.1 1.00e+00 1.00e+00f  1
CasADi - 2026-10-04 13:15:57 MESSAGE("nlp_g::eval") [.../casadi/core/sx_function.cpp:77]
CasADi - 2026-10-04 13:15:57 MESSAGE("nlp_f::eval") [.../casadi/core/sx_function.cpp:77]
CasADi - 2026-10-04 13:15:57 MESSAGE("nlp_grad_f::eval") [.../casadi/core/sx_function.cpp:77]
CasADi - 2026-10-04 13:15:57 MESSAGE("nlp_jac_g::eval") [.../casadi/core/sx_function.cpp:77]
CasADi - 2026-10-04 13:15:57 MESSAGE("nlp_hess_l::eval") [.../casadi/core/sx_function.cpp:77]
 398  6.7999035e+00 2.70e-02 9.55e-02  -3.8 9.30e-02  -1.6 1.00e+00 1.00e+00h  1
CasADi - 2026-10-04 13:15:57 MESSAGE("nlp_g::eval") [.../casadi/core/sx_function.cpp:77]
CasADi - 2026-10-04 13:15:57 MESSAGE("nlp_f::eval") [.../casadi/core/sx_function.cpp:77]
CasADi - 2026-10-04 13:15:57 MESSAGE("nlp_grad_f::eval") [.../casadi/core/sx_function.cpp:77]
CasADi - 2026-10-04 13:15:57 MESSAGE("nlp_jac_g::eval") [.../casadi/core/sx_function.cpp:77]
CasADi - 2026-10-04 13:15:57 MESSAGE("nlp_hess_l::eval") [.../casadi/core/sx_function.cpp:77]
 399  6.7964302e+00 1.33e-01 1.16e+02  -3.8 3.35e-01  -2.0 1.00e+00 7.47e-01h  1
CasADi - 2026-10-04 13:15:57 MESSAGE("nlp_g::eval") [.../casadi/core/sx_function.cpp:77]
CasADi - 2026-10-04 13:15:57 MESSAGE("nlp_f::eval") [.../casadi/core/sx_function.cpp:77]
CasADi - 2026-10-04 13:15:57 MESSAGE("nlp_grad_f::eval") [.../casadi/core/sx_function.cpp:77]
CasADi - 2026-10-04 13:15:57 MESSAGE("nlp_jac_g::eval") [.../casadi/core/sx_function.cpp:77]
CasADi - 2026-10-04 13:15:57 MESSAGE("nlp_hess_l::eval") [.../casadi/core/sx_function.cpp:77]
iter    objective    inf_pr   inf_du lg(mu)  ||d||  lg(rg) alpha_du alpha_pr  ls
 400  6.7934706e+00 1.33e-01 8.63e+02  -3.8 5.11e-01  -2.5 5.73e-01 2.54e-01h  1
CasADi - 2026-10-04 13:15:57 MESSAGE("nlp_g::eval") [.../casadi/core/sx_function.cpp:77]
CasADi - 2026-10-04 13:15:57 MESSAGE("nlp_f::eval") [.../casadi/core/sx_function.cpp:77]
CasADi - 2026-10-04 13:15:57 MESSAGE("nlp_grad_f::eval") [.../casadi/core/sx_function.cpp:77]
CasADi - 2026-10-04 13:15:57 MESSAGE("nlp_jac_g::eval") [.../casadi/core/sx_function.cpp:77]
CasADi - 2026-10-04 13:15:57 MESSAGE("nlp_hess_l::eval") [.../casadi/core/sx_function.cpp:77]
 401  6.7900819e+00 2.49e-01 9.78e+02  -3.8 9.40e-01  -2.1 5.28e-01 3.26e-01h  1
CasADi - 2026-10-04 13:15:57 MESSAGE("nlp_g::eval") [.../casadi/core/sx_function.cpp:77]
CasADi - 2026-10-04 13:15:57 MESSAGE("nlp_f::eval") [.../casadi/core/sx_function.cpp:77]
CasADi - 2026-10-04 13:15:57 MESSAGE("nlp_grad_f::eval") [.../casadi/core/sx_function.cpp:77]
CasADi - 2026-10-04 13:15:57 MESSAGE("nlp_jac_g::eval") [.../casadi/core/sx_function.cpp:77]
CasADi - 2026-10-04 13:15:57 MESSAGE("nlp_hess_l::eval") [.../casadi/core/sx_function.cpp:77]
 402  6.7888813e+00 2.28e-01 6.92e+02  -3.8 3.04e-01  -2.6 3.15e-01 8.23e-02h  1
CasADi - 2026-10-04 13:15:57 MESSAGE("nlp_g::eval") [.../casadi/core/sx_function.cpp:77]
CasADi - 2026-10-04 13:15:57 MESSAGE("nlp_f::eval") [.../casadi/core/sx_function.cpp:77]
CasADi - 2026-10-04 13:15:57 MESSAGE("nlp_grad_f::eval") [.../casadi/core/sx_function.cpp:77/Users/emcphilliamy/Desktop/University_of_Illinois/SigRobotics/F1Tenth/raceline_optimization/tum_optimizer/venv/lib/python3.14/site-packages/casadi/casadi.py:913: FutureWarning: 
casadi: a numpy function was called on a casadi value (issue #2959).
This used legacy casadi 3.7.2 behaviour, where the result type follows
the input:
  - a numeric input (DM)       -> a plain numpy array
  - a symbolic input (SX / MX) -> a casadi value, or an error if the
                                  function has no casadi equivalent

For a shape-correct, type-preserving result, opt in to the
casadi-aware numpy support:

    try:
        ca.GlobalOptions.setNumpyMode(1)
    except AttributeError:
        pass

Or use setNumpyMode(-1) to keep legacy behaviour silently.
Shown once; run python with -W always to see every occurrence.

  _w.warn(_NUMPY_LEGACY_NOTICE, FutureWarning)
]
CasADi - 2026-10-04 13:15:57 MESSAGE("nlp_jac_g::eval") [.../casadi/core/sx_function.cpp:77]
CasADi - 2026-10-04 13:15:57 MESSAGE("nlp_hess_l::eval") [.../casadi/core/sx_function.cpp:77]
 403  6.7853431e+00 1.99e-01 6.63e+02  -3.8 9.21e-01  -3.0 2.25e-01 1.57e-01h  1
CasADi - 2026-10-04 13:15:57 MESSAGE("nlp_g::eval") [.../casadi/core/sx_function.cpp:77]
CasADi - 2026-10-04 13:15:57 MESSAGE("nlp_f::eval") [.../casadi/core/sx_function.cpp:77]
CasADi - 2026-10-04 13:15:57 MESSAGE("nlp_grad_f::eval") [.../casadi/core/sx_function.cpp:77]
CasADi - 2026-10-04 13:15:57 MESSAGE("nlp_jac_g::eval") [.../casadi/core/sx_function.cpp:77]
CasADi - 2026-10-04 13:15:57 MESSAGE("nlp_hess_l::eval") [.../casadi/core/sx_function.cpp:77]
 404  6.7824292e+00 2.05e-01 4.73e+03  -3.8 2.14e+00  -2.6 2.46e-01 8.02e-02h  1
CasADi - 2026-10-04 13:15:57 MESSAGE("nlp_g::eval") [.../casadi/core/sx_function.cpp:77]
CasADi - 2026-10-04 13:15:57 MESSAGE("nlp_f::eval") [.../casadi/core/sx_function.cpp:77]
CasADi - 2026-10-04 13:15:57 MESSAGE("nlp_grad_f::eval") [.../casadi/core/sx_function.cpp:77]
CasADi - 2026-10-04 13:15:57 MESSAGE("nlp_jac_g::eval") [.../casadi/core/sx_function.cpp:77]
CasADi - 2026-10-04 13:15:57 MESSAGE("nlp_hess_l::eval") [.../casadi/core/sx_function.cpp:77]
 405  6.7821074e+00 2.01e-01 3.68e+03  -3.8 1.68e+00  -3.1 2.12e-01 1.93e-02h  1
CasADi - 2026-10-04 13:15:57 MESSAGE("nlp_g::eval") [.../casadi/core/sx_function.cpp:77]
CasADi - 2026-10-04 13:15:57 MESSAGE("nlp_f::eval") [.../casadi/core/sx_function.cpp:77]
CasADi - 2026-10-04 13:15:57 MESSAGE("nlp_g::eval") [.../casadi/core/sx_function.cpp:77]
CasADi - 2026-10-04 13:15:57 MESSAGE("nlp_f::eval") [.../casadi/core/sx_function.cpp:77]
CasADi - 2026-10-04 13:15:57 MESSAGE("nlp_g::eval") [.../casadi/core/sx_function.cpp:77]
CasADi - 2026-10-04 13:15:57 MESSAGE("nlp_f::eval") [.../casadi/core/sx_function.cpp:77]
CasADi - 2026-10-04 13:15:57 MESSAGE("nlp_g::eval") [.../casadi/core/sx_function.cpp:77]
CasADi - 2026-10-04 13:15:57 MESSAGE("nlp_f::eval") [.../casadi/core/sx_function.cpp:77]
CasADi - 2026-10-04 13:15:57 MESSAGE("nlp_grad_f::eval") [.../casadi/core/sx_function.cpp:77]
CasADi - 2026-10-04 13:15:57 MESSAGE("nlp_jac_g::eval") [.../casadi/core/sx_function.cpp:77]
CasADi - 2026-10-04 13:15:57 MESSAGE("nlp_hess_l::eval") [.../casadi/core/sx_function.cpp:77]
 406  6.7818347e+00 1.92e-01 3.40e+03  -3.8 2.69e+00    -  6.89e-02 5.47e-02h  2
CasADi - 2026-10-04 13:15:57 MESSAGE("nlp_g::eval") [.../casadi/core/sx_function.cpp:77]
CasADi - 2026-10-04 13:15:57 MESSAGE("nlp_f::eval") [.../casadi/core/sx_function.cpp:77]
CasADi - 2026-10-04 13:15:57 MESSAGE("nlp_g::eval") [.../casadi/core/sx_function.cpp:77]
CasADi - 2026-10-04 13:15:57 MESSAGE("nlp_f::eval") [.../casadi/core/sx_function.cpp:77]
CasADi - 2026-10-04 13:15:57 MESSAGE("nlp_g::eval") [.../casadi/core/sx_function.cpp:77]
CasADi - 2026-10-04 13:15:57 MESSAGE("nlp_f::eval") [.../casadi/core/sx_function.cpp:77]
CasADi - 2026-10-04 13:15:57 MESSAGE("nlp_g::eval") [.../casadi/core/sx_function.cpp:77]
CasADi - 2026-10-04 13:15:57 MESSAGE("nlp_f::eval") [.../casadi/core/sx_function.cpp:77]
CasADi - 2026-10-04 13:15:57 MESSAGE("nlp_g::eval") [.../casadi/core/sx_function.cpp:77]
CasADi - 2026-10-04 13:15:57 MESSAGE("nlp_f::eval") [.../casadi/core/sx_function.cpp:77]
CasADi - 2026-10-04 13:15:57 MESSAGE("nlp_grad_f::eval") [.../casadi/core/sx_function.cpp:77]
CasADi - 2026-10-04 13:15:57 MESSAGE("nlp_jac_g::eval") [.../casadi/core/sx_function.cpp:77]
CasADi - 2026-10-04 13:15:57 MESSAGE("nlp_hess_l::eval") [.../casadi/core/sx_function.cpp:77]
 407  6.7820321e+00 1.92e-01 1.36e+04  -3.8 6.64e+00  -1.8 4.36e-02 2.24e-03h  4
CasADi - 2026-10-04 13:15:57 MESSAGE("nlp_g::eval") [.../casadi/core/sx_function.cpp:77]
CasADi - 2026-10-04 13:15:57 MESSAGE("nlp_f::eval") [.../casadi/core/sx_function.cpp:77]
CasADi - 2026-10-04 13:15:57 MESSAGE("nlp_g::eval") [.../casadi/core/sx_function.cpp:77]
CasADi - 2026-10-04 13:15:57 MESSAGE("nlp_f::eval") [.../casadi/core/sx_function.cpp:77]
CasADi - 2026-10-04 13:15:57 MESSAGE("nlp_grad_f::eval") [.../casadi/core/sx_function.cpp:77]
CasADi - 2026-10-04 13:15:57 MESSAGE("nlp_jac_g::eval") [.../casadi/core/sx_function.cpp:77]
CasADi - 2026-10-04 13:15:57 MESSAGE("nlp_hess_l::eval") [.../casadi/core/sx_function.cpp:77]
 408  6.7821230e+00 1.88e-01 1.21e+04  -3.8 9.59e-01  -0.4 3.08e-02 1.83e-02h  2
CasADi - 2026-10-04 13:15:57 MESSAGE("nlp_g::eval") [.../casadi/core/sx_function.cpp:77]
CasADi - 2026-10-04 13:15:57 MESSAGE("nlp_f::eval") [.../casadi/core/sx_function.cpp:77]
CasADi - 2026-10-04 13:15:57 MESSAGE("nlp_grad_f::eval") [.../casadi/core/sx_function.cpp:77]
CasADi - 2026-10-04 13:15:57 MESSAGE("nlp_jac_g::eval") [.../casadi/core/sx_function.cpp:77]
CasADi - 2026-10-04 13:15:57 MESSAGE("nlp_hess_l::eval") [.../casadi/core/sx_function.cpp:77]
 409  6.7813390e+00 1.08e-01 4.14e+04  -3.8 7.81e-02   0.9 1.25e-01 4.27e-01h  1
CasADi - 2026-10-04 13:15:57 MESSAGE("nlp_g::eval") [.../casadi/core/sx_function.cpp:77]
CasADi - 2026-10-04 13:15:57 MESSAGE("nlp_f::eval") [.../casadi/core/sx_function.cpp:77]
CasADi - 2026-10-04 13:15:57 MESSAGE("nlp_grad_f::eval") [.../casadi/core/sx_function.cpp:77]
CasADi - 2026-10-04 13:15:57 MESSAGE("nlp_jac_g::eval") [.../casadi/core/sx_function.cpp:77]
CasADi - 2026-10-04 13:15:57 MESSAGE("nlp_hess_l::eval") [.../casadi/core/sx_function.cpp:77]
iter    objective    inf_pr   inf_du lg(mu)  ||d||  lg(rg) alpha_du alpha_pr  ls
 410  6.7813687e+00 8.46e-02 3.63e+04  -3.8 3.70e-02   1.3 5.11e-01 2.17e-01h  1
CasADi - 2026-10-04 13:15:57 MESSAGE("nlp_g::eval") [.../casadi/core/sx_function.cpp:77]
CasADi - 2026-10-04 13:15:57 MESSAGE("nlp_f::eval") [.../casadi/core/sx_function.cpp:77]
CasADi - 2026-10-04 13:15:57 MESSAGE("nlp_grad_f::eval") [.../casadi/core/sx_function.cpp:77]
CasADi - 2026-10-04 13:15:57 MESSAGE("nlp_jac_g::eval") [.../casadi/core/sx_function.cpp:77]
CasADi - 2026-10-04 13:15:57 MESSAGE("nlp_hess_l::eval") [.../casadi/core/sx_function.cpp:77]
 411  6.7814718e+00 6.35e-02 2.40e+04  -3.8 3.12e-02   1.7 6.78e-01 2.50e-01h  1
CasADi - 2026-10-04 13:15:57 MESSAGE("nlp_g::eval") [.../casadi/core/sx_function.cpp:77]
CasADi - 2026-10-04 13:15:57 MESSAGE("nlp_f::eval") [.../casadi/core/sx_function.cpp:77]
CasADi - 2026-10-04 13:15:57 MESSAGE("nlp_grad_f::eval") [.../casadi/core/sx_function.cpp:77]
CasADi - 2026-10-04 13:15:57 MESSAGE("nlp_jac_g::eval") [.../casadi/core/sx_function.cpp:77]
CasADi - 2026-10-04 13:15:57 MESSAGE("nlp_hess_l::eval") [.../casadi/core/sx_function.cpp:77]
 412  6.7818536e+00 2.88e-02 1.22e+04  -3.8 2.33e-02   2.2 1.00e+00 5.49e-01h  1
CasADi - 2026-10-04 13:15:57 MESSAGE("nlp_g::eval") [.../casadi/core/sx_function.cpp:77]
CasADi - 2026-10-04 13:15:57 MESSAGE("nlp_f::eval") [.../casadi/core/sx_function.cpp:77]
CasADi - 2026-10-04 13:15:57 MESSAGE("nlp_grad_f::eval") [.../casadi/core/sx_function.cpp:77]
CasADi - 2026-10-04 13:15:57 MESSAGE("nlp_jac_g::eval") [.../casadi/core/sx_function.cpp:77]
CasADi - 2026-10-04 13:15:57 MESSAGE("nlp_hess_l::eval") [.../casadi/core/sx_function.cpp:77]
 413  6.7822650e+00 1.50e-04 9.19e+02  -3.8 1.07e-02   2.6 4.17e-01 1.00e+00h  1
CasADi - 2026-10-04 13:15:57 MESSAGE("nlp_g::eval") [.../casadi/core/sx_function.cpp:77]
CasADi - 2026-10-04 13:15:57 MESSAGE("nlp_f::eval") [.../casadi/core/sx_function.cpp:77]
CasADi - 2026-10-04 13:15:57 MESSAGE("nlp_grad_f::eval") [.../casadi/core/sx_function.cpp:77]
CasADi - 2026-10-04 13:15:57 MESSAGE("nlp_jac_g::eval") [.../casadi/core/sx_function.cpp:77]
CasADi - 2026-10-04 13:15:57 MESSAGE("nlp_hess_l::eval") [.../casadi/core/sx_function.cpp:77]
 414  6.7822631e+00 1.32e-07 3.71e+01  -3.8 3.57e-04   3.0 9.40e-01 1.00e+00h  1
CasADi - 2026-10-04 13:15:57 MESSAGE("nlp_g::eval") [.../casadi/core/sx_function.cpp:77]
CasADi - 2026-10-04 13:15:57 MESSAGE("nlp_f::eval") [.../casadi/core/sx_function.cpp:77]
CasADi - 2026-10-04 13:15:57 MESSAGE("nlp_grad_f::eval") [.../casadi/core/sx_function.cpp:77]
CasADi - 2026-10-04 13:15:57 MESSAGE("nlp_jac_g::eval") [.../casadi/core/sx_function.cpp:77]
CasADi - 2026-10-04 13:15:57 MESSAGE("nlp_hess_l::eval") [.../casadi/core/sx_function.cpp:77]
 415  6.7822366e+00 9.88e-07 2.20e+00  -3.8 4.92e-04   2.5 1.00e+00 1.00e+00h  1
CasADi - 2026-10-04 13:15:57 MESSAGE("nlp_g::eval") [.../casadi/core/sx_function.cpp:77]
CasADi - 2026-10-04 13:15:57 MESSAGE("nlp_f::eval") [.../casadi/core/sx_function.cpp:77]
CasADi - 2026-10-04 13:15:57 MESSAGE("nlp_grad_f::eval") [.../casadi/core/sx_function.cpp:77]
CasADi - 2026-10-04 13:15:57 MESSAGE("nlp_jac_g::eval") [.../casadi/core/sx_function.cpp:77]
CasADi - 2026-10-04 13:15:57 MESSAGE("nlp_hess_l::eval") [.../casadi/core/sx_function.cpp:77]
 416  6.7821388e+00 2.99e-07 2.96e-01  -3.8 2.37e-04   2.1 1.00e+00 1.00e+00h  1
CasADi - 2026-10-04 13:15:57 MESSAGE("nlp_g::eval") [.../casadi/core/sx_function.cpp:77]
CasADi - 2026-10-04 13:15:57 MESSAGE("nlp_f::eval") [.../casadi/core/sx_function.cpp:77]
CasADi - 2026-10-04 13:15:57 MESSAGE("nlp_grad_f::eval") [.../casadi/core/sx_function.cpp:77]
CasADi - 2026-10-04 13:15:57 MESSAGE("nlp_jac_g::eval") [.../casadi/core/sx_function.cpp:77]
CasADi - 2026-10-04 13:15:57 MESSAGE("nlp_hess_l::eval") [.../casadi/core/sx_function.cpp:77]
 417  6.7819641e+00 2.55e-06 7.88e-02  -3.8 5.76e-04   1.6 1.00e+00 1.00e+00h  1
CasADi - 2026-10-04 13:15:57 MESSAGE("nlp_g::eval") [.../casadi/core/sx_function.cpp:77]
CasADi - 2026-10-04 13:15:57 MESSAGE("nlp_f::eval") [.../casadi/core/sx_function.cpp:77]
CasADi - 2026-10-04 13:15:57 MESSAGE("nlp_grad_f::eval") [.../casadi/core/sx_function.cpp:77]
CasADi - 2026-10-04 13:15:57 MESSAGE("nlp_jac_g::eval") [.../casadi/core/sx_function.cpp:77]
CasADi - 2026-10-04 13:15:57 MESSAGE("nlp_hess_l::eval") [.../casadi/core/sx_function.cpp:77]
 418  6.7817591e+00 5.68e-06 1.86e-01  -3.8 1.02e-03   1.1 1.00e+00 1.00e+00h  1
CasADi - 2026-10-04 13:15:57 MESSAGE("nlp_g::eval") [.../casadi/core/sx_function.cpp:77]
CasADi - 2026-10-04 13:15:57 MESSAGE("nlp_f::eval") [.../casadi/core/sx_function.cpp:77]
CasADi - 2026-10-04 13:15:57 MESSAGE("nlp_grad_f::eval") [.../casadi/core/sx_function.cpp:77]
CasADi - 2026-10-04 13:15:57 MESSAGE("nlp_jac_g::eval") [.../casadi/core/sx_function.cpp:77]
CasADi - 2026-10-04 13:15:57 MESSAGE("nlp_hess_l::eval") [.../casadi/core/sx_function.cpp:77]
 419  6.7810693e+00 2.92e-05 6.61e-02  -3.8 2.77e-03   0.6 1.00e+00 1.00e+00h  1
CasADi - 2026-10-04 13:15:57 MESSAGE("nlp_g::eval") [.../casadi/core/sx_function.cpp:77]
CasADi - 2026-10-04 13:15:57 MESSAGE("nlp_f::eval") [.../casadi/core/sx_function.cpp:77]
CasADi - 2026-10-04 13:15:57 MESSAGE("nlp_grad_f::eval") [.../casadi/core/sx_function.cpp:77]
CasADi - 2026-10-04 13:15:57 MESSAGE("nlp_jac_g::eval") [.../casadi/core/sx_function.cpp:77]
CasADi - 2026-10-04 13:15:57 MESSAGE("nlp_hess_l::eval") [.../casadi/core/sx_function.cpp:77]
iter    objective    inf_pr   inf_du lg(mu)  ||d||  lg(rg) alpha_du alpha_pr  ls
 420  6.7761257e+00 3.78e-02 1.05e+03  -3.8 9.44e-01    -  4.05e-01 1.46e-01h  1
CasADi - 2026-10-04 13:15:57 MESSAGE("nlp_g::eval") [.../casadi/core/sx_function.cpp:77]
CasADi - 2026-10-04 13:15:57 MESSAGE("nlp_f::eval") [.../casadi/core/sx_function.cpp:77]
CasADi - 2026-10-04 13:15:57 MESSAGE("nlp_grad_f::eval") [.../casadi/core/sx_function.cpp:77]
CasADi - 2026-10-04 13:15:57 MESSAGE("nlp_jac_g::eval") [.../casadi/core/sx_function.cpp:77]
CasADi - 2026-10-04 13:15:57 MESSAGE("nlp_hess_l::eval") [.../casadi/core/sx_function.cpp:77]
 421  6.7714095e+00 6.38e-02 1.69e+03  -3.8 9.49e-01    -  3.42e-01 1.76e-01h  1
CasADi - 2026-10-04 13:15:57 MESSAGE("nlp_g::eval") [.../casadi/core/sx_function.cpp:77]
CasADi - 2026-10-04 13:15:57 MESSAGE("nlp_f::eval") [.../casadi/core/sx_function.cpp:77]
CasADi - 2026-10-04 13:15:57 MESSAGE("nlp_grad_f::eval") [.../casadi/core/sx_function.cpp:77]
CasADi - 2026-10-04 13:15:57 MESSAGE("nlp_jac_g::eval") [.../casadi/core/sx_function.cpp:77]
CasADi - 2026-10-04 13:15:57 MESSAGE("nlp_hess_l::eval") [.../casadi/core/sx_function.cpp:77]
 422  6.7707871e+00 4.33e-04 1.19e+00  -3.8 2.66e-02   0.2 1.00e+00 1.00e+00h  1
CasADi - 2026-10-04 13:15:57 MESSAGE("nlp_g::eval") [.../casadi/core/sx_function.cpp:77]
CasADi - 2026-10-04 13:15:57 MESSAGE("nlp_f::eval") [.../casadi/core/sx_function.cpp:77]
CasADi - 2026-10-04 13:15:57 MESSAGE("nlp_grad_f::eval") [.../casadi/core/sx_function.cpp:77]
CasADi - 2026-10-04 13:15:57 MESSAGE("nlp_jac_g::eval") [.../casadi/core/sx_function.cpp:77]
CasADi - 2026-10-04 13:15:57 MESSAGE("nlp_hess_l::eval") [.../casadi/core/sx_function.cpp:77]
 423  6.7692237e+00 3.61e-04 3.44e-01  -3.8 1.10e-02  -0.3 1.00e+00 1.00e+00h  1
CasADi - 2026-10-04 13:15:57 MESSAGE("nlp_g::eval") [.../casadi/core/sx_function.cpp:77]
CasADi - 2026-10-04 13:15:57 MESSAGE("nlp_f::eval") [.../casadi/core/sx_function.cpp:77]
CasADi - 2026-10-04 13:15:57 MESSAGE("nlp_grad_f::eval") [.../casadi/core/sx_function.cpp:77]
CasADi - 2026-10-04 13:15:57 MESSAGE("nlp_jac_g::eval") [.../casadi/core/sx_function.cpp:77]
CasADi - 2026-10-04 13:15:57 MESSAGE("nlp_hess_l::eval") [.../casadi/core/sx_function.cpp:77]
 424  6.7631213e+00 1.39e-01 2.20e+03  -3.8 2.08e+00    -  3.45e-01 1.28e-01h  1
CasADi - 2026-10-04 13:15:57 MESSAGE("nlp_g::eval") [.../casadi/core/sx_function.cpp:77]
CasADi - 2026-10-04 13:15:57 MESSAGE("nlp_f::eval") [.../casadi/core/sx_function.cpp:77]
CasADi - 2026-10-04 13:15:57 MESSAGE("nlp_grad_f::eval") [.../casadi/core/sx_function.cpp:77]
CasADi - 2026-10-04 13:15:57 MESSAGE("nlp_jac_g::eval") [.../casadi/core/sx_function.cpp:77]
CasADi - 2026-10-04 13:15:57 MESSAGE("nlp_hess_l::eval") [.../casadi/core/sx_function.cpp:77]
 425  6.7601215e+00 5.66e-03 1.11e+03  -3.8 4.93e-02  -0.8 8.45e-01 1.00e+00h  1
CasADi - 2026-10-04 13:15:57 MESSAGE("nlp_g::eval") [.../casadi/core/sx_function.cpp:77]
CasADi - 2026-10-04 13:15:57 MESSAGE("nlp_f::eval") [.../casadi/core/sx_function.cpp:77]
CasADi - 2026-10-04 13:15:57 MESSAGE("nlp_g::eval") [.../casadi/core/sx_function.cpp:77]
CasADi - 2026-10-04 13:15:57 MESSAGE("nlp_f::eval") [.../casadi/core/sx_function.cpp:77]
CasADi - 2026-10-04 13:15:57 MESSAGE("nlp_grad_f::eval") [.../casadi/core/sx_function.cpp:77]
CasADi - 2026-10-04 13:15:57 MESSAGE("nlp_jac_g::eval") [.../casadi/core/sx_function.cpp:77]
CasADi - 2026-10-04 13:15:57 MESSAGE("nlp_hess_l::eval") [.../casadi/core/sx_function.cpp:77]
 426  6.7591496e+00 3.55e-03 1.93e+03  -3.8 1.38e-01  -1.3 1.00e+00 5.52e-01H  1
CasADi - 2026-10-04 13:15:57 MESSAGE("nlp_g::eval") [.../casadi/core/sx_function.cpp:77]
CasADi - 2026-10-04 13:15:57 MESSAGE("nlp_f::eval") [.../casadi/core/sx_function.cpp:77]
CasADi - 2026-10-04 13:15:57 MESSAGE("nlp_grad_f::eval") [.../casadi/core/sx_function.cpp:77]
CasADi - 2026-10-04 13:15:57 MESSAGE("nlp_jac_g::eval") [.../casadi/core/sx_function.cpp:77]
CasADi - 2026-10-04 13:15:57 MESSAGE("nlp_hess_l::eval") [.../casadi/core/sx_function.cpp:77]
 427  6.7539029e+00 7.86e-02 6.84e+03  -3.8 2.65e-01  -1.7 5.24e-01 9.29e-01f  1
CasADi - 2026-10-04 13:15:57 MESSAGE("nlp_g::eval") [.../casadi/core/sx_function.cpp:77]
CasADi - 2026-10-04 13:15:57 MESSAGE("nlp_f::eval") [.../casadi/core/sx_function.cpp:77]
CasADi - 2026-10-04 13:15:57 MESSAGE("nlp_grad_f::eval") [.../casadi/core/sx_function.cpp:77]
CasADi - 2026-10-04 13:15:57 MESSAGE("nlp_jac_g::eval") [.../casadi/core/sx_function.cpp:77]
CasADi - 2026-10-04 13:15:57 MESSAGE("nlp_hess_l::eval") [.../casadi/core/sx_function.cpp:77]
 428  6.7495047e+00 1.24e-01 7.31e+03  -3.8 5.41e-01  -2.2 1.00e+00 4.76e-01h  1
CasADi - 2026-10-04 13:15:57 MESSAGE("nlp_g::eval") [.../casadi/core/sx_function.cpp:77]
CasADi - 2026-10-04 13:15:57 MESSAGE("nlp_f::eval") [.../casadi/core/sx_function.cpp:77]
CasADi - 2026-10-04 13:15:57 MESSAGE("nlp_grad_f::eval") [.../casadi/core/sx_function.cpp:77]
CasADi - 2026-10-04 13:15:57 MESSAGE("nlp_jac_g::eval") [.../casadi/core/sx_function.cpp:77]
CasADi - 2026-10-04 13:15:57 MESSAGE("nlp_hess_l::eval") [.../casadi/core/sx_function.cpp:77]
 429  6.7456985e+00 1.42e-01 6.05e+03  -3.8 4.01e-01  -1.8 7.30e-01 4.28e-01h  1
CasADi - 2026-10-04 13:15:57 MESSAGE("nlp_g::eval") [.../casadi/core/sx_function.cpp:77]
CasADi - 2026-10-04 13:15:57 MESSAGE("nlp_f::eval") [.../casadi/core/sx_function.cpp:77]
CasADi - 2026-10-04 13:15:57 MESSAGE("nlp_grad_f::eval") [.../casadi/core/sx_function.cpp:77]
CasADi - 2026-10-04 13:15:57 MESSAGE("nlp_jac_g::eval") [.../casadi/core/sx_function.cpp:77]
CasADi - 2026-10-04 13:15:57 MESSAGE("nlp_hess_l::eval") [.../casadi/core/sx_function.cpp:77]
iter    objective    inf_pr   inf_du lg(mu)  ||d||  lg(rg) alpha_du alpha_pr  ls
 430  6.7427375e+00 1.82e-01 5.76e+03  -3.8 1.53e+00  -2.3 3.94e-01 1.36e-01h  1
CasADi - 2026-10-04 13:15:57 MESSAGE("nlp_g::eval") [.../casadi/core/sx_function.cpp:77]
CasADi - 2026-10-04 13:15:57 MESSAGE("nlp_f::eval") [.../casadi/core/sx_function.cpp:77]
CasADi - 2026-10-04 13:15:57 MESSAGE("nlp_grad_f::eval") [.../casadi/core/sx_function.cpp:77]
CasADi - 2026-10-04 13:15:57 MESSAGE("nlp_jac_g::eval") [.../casadi/core/sx_function.cpp:77]
CasADi - 2026-10-04 13:15:57 MESSAGE("nlp_hess_l::eval") [.../casadi/core/sx_function.cpp:77]
 431  6.7419127e+00 6.93e-02 2.11e+03  -3.8 7.37e-02  -0.9 1.00e+00 6.18e-01h  1
CasADi - 2026-10-04 13:15:57 MESSAGE("nlp_g::eval") [.../casadi/core/sx_function.cpp:77]
CasADi - 2026-10-04 13:15:57 MESSAGE("nlp_f::eval") [.../casadi/core/sx_function.cpp:77]
CasADi - 2026-10-04 13:15:57 MESSAGE("nlp_grad_f::eval") [.../casadi/core/sx_function.cpp:77]
CasADi - 2026-10-04 13:15:57 MESSAGE("nlp_jac_g::eval") [.../casadi/core/sx_function.cpp:77]
CasADi - 2026-10-04 13:15:57 MESSAGE("nlp_hess_l::eval") [.../casadi/core/sx_function.cpp:77]
 432  6.7387444e+00 3.15e-02 6.03e-01  -3.8 1.12e-01  -1.4 1.00e+00 1.00e+00h  1
CasADi - 2026-10-04 13:15:57 MESSAGE("nlp_g::eval") [.../casadi/core/sx_function.cpp:77]
CasADi - 2026-10-04 13:15:57 MESSAGE("nlp_f::eval") [.../casadi/core/sx_function.cpp:77]
CasADi - 2026-10-04 13:15:57 MESSAGE("nlp_grad_f::eval") [.../casadi/core/sx_function.cpp:77]
CasADi - 2026-10-04 13:15:57 MESSAGE("nlp_jac_g::eval") [.../casadi/core/sx_function.cpp:77]
CasADi - 2026-10-04 13:15:57 MESSAGE("nlp_hess_l::eval") [.../casadi/core/sx_function.cpp:77]
 433  6.7347382e+00 1.55e-01 6.00e+02  -3.8 3.90e-01  -1.9 1.00e+00 6.69e-01h  1
CasADi - 2026-10-04 13:15:57 MESSAGE("nlp_g::eval") [.../casadi/core/sx_function.cpp:77]
CasADi - 2026-10-04 13:15:57 MESSAGE("nlp_f::eval") [.../casadi/core/sx_function.cpp:77]
CasADi - 2026-10-04 13:15:57 MESSAGE("nlp_grad_f::eval") [.../casadi/core/sx_function.cpp:77]
CasADi - 2026-10-04 13:15:57 MESSAGE("nlp_jac_g::eval") [.../casadi/core/sx_function.cpp:77]
CasADi - 2026-10-04 13:15:57 MESSAGE("nlp_hess_l::eval") [.../casadi/core/sx_function.cpp:77]
 434  6.7317946e+00 1.84e-01 5.32e+02  -3.8 1.90e+00  -2.4 1.21e-01 1.23e-01h  1
CasADi - 2026-10-04 13:15:57 MESSAGE("nlp_g::eval") [.../casadi/core/sx_function.cpp:77]
CasADi - 2026-10-04 13:15:57 MESSAGE("nlp_f::eval") [.../casadi/core/sx_function.cpp:77]
CasADi - 2026-10-04 13:15:57 MESSAGE("nlp_grad_f::eval") [.../casadi/core/sx_function.cpp:77]
CasADi - 2026-10-04 13:15:57 MESSAGE("nlp_jac_g::eval") [.../casadi/core/sx_function.cpp:77]
CasADi - 2026-10-04 13:15:57 MESSAGE("nlp_hess_l::eval") [.../casadi/core/sx_function.cpp:77]
 435  6.7265077e+00 1.58e-01 2.37e+03  -3.8 7.71e-01  -2.9 7.98e-01 3.51e-01h  1
CasADi - 2026-10-04 13:15:57 MESSAGE("nlp_g::eval") [.../casadi/core/sx_function.cpp:77]
CasADi - 2026-10-04 13:15:57 MESSAGE("nlp_f::eval") [.../casadi/core/sx_function.cpp:77]
CasADi - 2026-10-04 13:15:57 MESSAGE("nlp_grad_f::eval") [.../casadi/core/sx_function.cpp:77]
CasADi - 2026-10-04 13:15:57 MESSAGE("nlp_jac_g::eval") [.../casadi/core/sx_function.cpp:77]
CasADi - 2026-10-04 13:15:57 MESSAGE("nlp_hess_l::eval") [.../casadi/core/sx_function.cpp:77]
 436  6.7208330e+00 1.03e-01 1.07e+00  -3.8 1.17e-01  -1.5 1.00e+00 1.00e+00h  1
CasADi - 2026-10-04 13:15:57 MESSAGE("nlp_g::eval") [.../casadi/core/sx_function.cpp:77]
CasADi - 2026-10-04 13:15:57 MESSAGE("nlp_f::eval") [.../casadi/core/sx_function.cpp:77]
CasADi - 2026-10-04 13:15:57 MESSAGE("nlp_grad_f::eval") [.../casadi/core/sx_function.cpp:77]
CasADi - 2026-10-04 13:15:57 MESSAGE("nlp_jac_g::eval") [.../casadi/core/sx_function.cpp:77]
CasADi - 2026-10-04 13:15:57 MESSAGE("nlp_hess_l::eval") [.../casadi/core/sx_function.cpp:77]
 437  6.7171751e+00 1.41e-01 4.71e+02  -3.8 4.46e+00    -  9.61e-02 4.73e-02h  1
CasADi - 2026-10-04 13:15:57 MESSAGE("nlp_g::eval") [.../casadi/core/sx_function.cpp:77]
CasADi - 2026-10-04 13:15:57 MESSAGE("nlp_f::eval") [.../casadi/core/sx_function.cpp:77]
CasADi - 2026-10-04 13:15:57 MESSAGE("nlp_grad_f::eval") [.../casadi/core/sx_function.cpp:77]
CasADi - 2026-10-04 13:15:57 MESSAGE("nlp_jac_g::eval") [.../casadi/core/sx_function.cpp:77]
CasADi - 2026-10-04 13:15:57 MESSAGE("nlp_hess_l::eval") [.../casadi/core/sx_function.cpp:77]
 438  6.7119868e+00 1.55e-01 4.47e+02  -3.8 1.17e+00    -  2.76e-01 2.59e-01f  1
CasADi - 2026-10-04 13:15:57 MESSAGE("nlp_g::eval") [.../casadi/core/sx_function.cpp:77]
CasADi - 2026-10-04 13:15:57 MESSAGE("nlp_f::eval") [.../casadi/core/sx_function.cpp:77]
CasADi - 2026-10-04 13:15:57 MESSAGE("nlp_grad_f::eval") [.../casadi/core/sx_function.cpp:77]
CasADi - 2026-10-04 13:15:57 MESSAGE("nlp_jac_g::eval") [.../casadi/core/sx_function.cpp:77]
CasADi - 2026-10-04 13:15:57 MESSAGE("nlp_hess_l::eval") [.../casadi/core/sx_function.cpp:77]
 439  6.7068892e+00 1.75e-01 8.49e+01  -3.8 2.67e-01  -2.0 1.00e+00 9.43e-01h  1
CasADi - 2026-10-04 13:15:57 MESSAGE("nlp_g::eval") [.../casadi/core/sx_function.cpp:77]
CasADi - 2026-10-04 13:15:57 MESSAGE("nlp_f::eval") [.../casadi/core/sx_function.cpp:77]
CasADi - 2026-10-04 13:15:57 MESSAGE("nlp_grad_f::eval") [.../casadi/core/sx_function.cpp:77]
CasADi - 2026-10-04 13:15:57 MESSAGE("nlp_jac_g::eval") [.../casadi/core/sx_function.cpp:77]
CasADi - 2026-10-04 13:15:57 MESSAGE("nlp_hess_l::eval") [.../casadi/core/sx_function.cpp:77]
iter    objective    inf_pr   inf_du lg(mu)  ||d||  lg(rg) alpha_du alpha_pr  ls
 440  6.7033916e+00 1.73e-01 4.28e+02  -3.8 1.14e+00    -  3.01e-01 2.12e-01h  1
CasADi - 2026-10-04 13:15:57 MESSAGE("nlp_g::eval") [.../casadi/core/sx_function.cpp:77]
CasADi - 2026-10-04 13:15:57 MESSAGE("nlp_f::eval") [.../casadi/core/sx_function.cpp:77]
CasADi - 2026-10-04 13:15:57 MESSAGE("nlp_g::eval") [.../casadi/core/sx_function.cpp:77]
CasADi - 2026-10-04 13:15:57 MESSAGE("nlp_f::eval") [.../casadi/core/sx_function.cpp:77]
CasADi - 2026-10-04 13:15:57 MESSAGE("nlp_g::eval") [.../casadi/core/sx_function.cpp:77]
CasADi - 2026-10-04 13:15:57 MESSAGE("nlp_f::eval") [.../casadi/core/sx_function.cpp:77]
CasADi - 2026-10-04 13:15:57 MESSAGE("nlp_g::eval") [.../casadi/core/sx_function.cpp:77]
CasADi - 2026-10-04 13:15:57 MESSAGE("nlp_f::eval") [.../casadi/core/sx_function.cpp:77]
CasADi - 2026-10-04 13:15:57 MESSAGE("nlp_grad_f::eval") [.../casadi/core/sx_function.cpp:77]
CasADi - 2026-10-04 13:15:57 MESSAGE("nlp_jac_g::eval") [.../casadi/core/sx_function.cpp:77]
CasADi - 2026-10-04 13:15:57 MESSAGE("nlp_hess_l::eval") [.../casadi/core/sx_function.cpp:77]
 441  6.7016382e+00 1.54e-01 1.03e+03  -3.8 9.40e-01    -  3.19e-01 1.14e-01h  2
CasADi - 2026-10-04 13:15:57 MESSAGE("nlp_g::eval") [.../casadi/core/sx_function.cpp:77]
CasADi - 2026-10-04 13:15:57 MESSAGE("nlp_f::eval") [.../casadi/core/sx_function.cpp:77]
CasADi - 2026-10-04 13:15:57 MESSAGE("nlp_g::eval") [.../casadi/core/sx_function.cpp:77]
CasADi - 2026-10-04 13:15:57 MESSAGE("nlp_f::eval") [.../casadi/core/sx_function.cpp:77]
CasADi - 2026-10-04 13:15:57 MESSAGE("nlp_g::eval") [.../casadi/core/sx_function.cpp:77]
CasADi - 2026-10-04 13:15:57 MESSAGE("nlp_f::eval") [.../casadi/core/sx_function.cpp:77]
CasADi - 2026-10-04 13:15:57 MESSAGE("nlp_g::eval") [.../casadi/core/sx_function.cpp:77]
CasADi - 2026-10-04 13:15:57 MESSAGE("nlp_f::eval") [.../casadi/core/sx_function.cpp:77]
CasADi - 2026-10-04 13:15:57 MESSAGE("nlp_grad_f::eval") [.../casadi/core/sx_function.cpp:77]
CasADi - 2026-10-04 13:15:57 MESSAGE("nlp_jac_g::eval") [.../casadi/core/sx_function.cpp:77]
CasADi - 2026-10-04 13:15:57 MESSAGE("nlp_hess_l::eval") [.../casadi/core/sx_function.cpp:77]
 442  6.6997402e+00 1.23e-01 1.02e+03  -3.8 5.50e-01    -  3.34e-01 2.34e-01h  2
CasADi - 2026-10-04 13:15:57 MESSAGE("nlp_g::eval") [.../casadi/core/sx_function.cpp:77]
CasADi - 2026-10-04 13:15:57 MESSAGE("nlp_f::eval") [.../casadi/core/sx_function.cpp:77]
CasADi - 2026-10-04 13:15:57 MESSAGE("nlp_grad_f::eval") [.../casadi/core/sx_function.cpp:77]
CasADi - 2026-10-04 13:15:57 MESSAGE("nlp_jac_g::eval") [.../casadi/core/sx_function.cpp:77]
CasADi - 2026-10-04 13:15:57 MESSAGE("nlp_hess_l::eval") [.../casadi/core/sx_function.cpp:77]
 443  6.6968636e+00 1.36e-01 1.21e+03  -3.8 3.98e-01    -  1.00e+00 5.90e-01h  1
CasADi - 2026-10-04 13:15:57 MESSAGE("nlp_g::eval") [.../casadi/core/sx_function.cpp:77]
CasADi - 2026-10-04 13:15:57 MESSAGE("nlp_f::eval") [.../casadi/core/sx_function.cpp:77]
CasADi - 2026-10-04 13:15:57 MESSAGE("nlp_grad_f::eval") [.../casadi/core/sx_function.cpp:77]
CasADi - 2026-10-04 13:15:57 MESSAGE("nlp_jac_g::eval") [.../casadi/core/sx_function.cpp:77]
CasADi - 2026-10-04 13:15:57 MESSAGE("nlp_hess_l::eval") [.../casadi/core/sx_function.cpp:77]
 444  6.6942935e+00 1.13e-02 1.76e+00  -3.8 1.24e-01    -  1.00e+00 1.00e+00h  1
CasADi - 2026-10-04 13:15:57 MESSAGE("nlp_g::eval") [.../casadi/core/sx_function.cpp:77]
CasADi - 2026-10-04 13:15:57 MESSAGE("nlp_f::eval") [.../casadi/core/sx_function.cpp:77]
CasADi - 2026-10-04 13:15:57 MESSAGE("nlp_grad_f::eval") [.../casadi/core/sx_function.cpp:77]
CasADi - 2026-10-04 13:15:57 MESSAGE("nlp_jac_g::eval") [.../casadi/core/sx_function.cpp:77]
CasADi - 2026-10-04 13:15:57 MESSAGE("nlp_hess_l::eval") [.../casadi/core/sx_function.cpp:77]
 445  6.6944414e+00 1.29e-03 1.23e-01  -3.8 3.44e-02    -  1.00e+00 1.00e+00h  1
CasADi - 2026-10-04 13:15:57 MESSAGE("nlp_g::eval") [.../casadi/core/sx_function.cpp:77]
CasADi - 2026-10-04 13:15:57 MESSAGE("nlp_f::eval") [.../casadi/core/sx_function.cpp:77]
CasADi - 2026-10-04 13:15:57 MESSAGE("nlp_grad_f::eval") [.../casadi/core/sx_function.cpp:77]
CasADi - 2026-10-04 13:15:57 MESSAGE("nlp_jac_g::eval") [.../casadi/core/sx_function.cpp:77]
CasADi - 2026-10-04 13:15:57 MESSAGE("nlp_hess_l::eval") [.../casadi/core/sx_function.cpp:77]
 446  6.6944441e+00 5.13e-05 8.85e-04  -3.8 6.63e-03    -  1.00e+00 1.00e+00h  1
CasADi - 2026-10-04 13:15:57 MESSAGE("nlp_g::eval") [.../casadi/core/sx_function.cpp:77]
CasADi - 2026-10-04 13:15:57 MESSAGE("nlp_f::eval") [.../casadi/core/sx_function.cpp:77]
CasADi - 2026-10-04 13:15:57 MESSAGE("nlp_grad_f::eval") [.../casadi/core/sx_function.cpp:77]
CasADi - 2026-10-04 13:15:57 MESSAGE("nlp_jac_g::eval") [.../casadi/core/sx_function.cpp:77]
CasADi - 2026-10-04 13:15:57 MESSAGE("nlp_hess_l::eval") [.../casadi/core/sx_function.cpp:77]
 447  6.6745424e+00 3.30e-02 2.19e+02  -5.7 7.40e-01    -  4.02e-01 3.58e-01f  1
CasADi - 2026-10-04 13:15:57 MESSAGE("nlp_g::eval") [.../casadi/core/sx_function.cpp:77]
CasADi - 2026-10-04 13:15:57 MESSAGE("nlp_f::eval") [.../casadi/core/sx_function.cpp:77]
CasADi - 2026-10-04 13:15:57 MESSAGE("nlp_grad_f::eval") [.../casadi/core/sx_function.cpp:77]
CasADi - 2026-10-04 13:15:57 MESSAGE("nlp_jac_g::eval") [.../casadi/core/sx_function.cpp:77]
CasADi - 2026-10-04 13:15:57 MESSAGE("nlp_hess_l::eval") [.../casadi/core/sx_function.cpp:77]
 448  6.6682680e+00 2.86e-02 6.76e+02  -5.7 1.01e-01  -1.6 4.35e-01 2.11e-01h  1
CasADi - 2026-10-04 13:15:57 MESSAGE("nlp_g::eval") [.../casadi/core/sx_function.cpp:77]
CasADi - 2026-10-04 13:15:57 MESSAGE("nlp_f::eval") [.../casadi/core/sx_function.cpp:77]
CasADi - 2026-10-04 13:15:57 MESSAGE("nlp_grad_f::eval") [.../casadi/core/sx_function.cpp:77]
CasADi - 2026-10-04 13:15:57 MESSAGE("nlp_jac_g::eval") [.../casadi/core/sx_function.cpp:77]
CasADi - 2026-10-04 13:15:57 MESSAGE("nlp_hess_l::eval") [.../casadi/core/sx_function.cpp:77]
 449  6.6670552e+00 2.82e-02 8.38e+03  -5.7 4.44e-01  -2.1 3.82e-01 3.21e-02h  1
CasADi - 2026-10-04 13:15:57 MESSAGE("nlp_g::eval") [.../casadi/core/sx_function.cpp:77]
CasADi - 2026-10-04 13:15:57 MESSAGE("nlp_f::eval") [.../casadi/core/sx_function.cpp:77]
CasADi - 2026-10-04 13:15:57 MESSAGE("nlp_grad_f::eval") [.../casadi/core/sx_function.cpp:77]
CasADi - 2026-10-04 13:15:57 MESSAGE("nlp_jac_g::eval") [.../casadi/core/sx_function.cpp:77]
CasADi - 2026-10-04 13:15:57 MESSAGE("nlp_hess_l::eval") [.../casadi/core/sx_function.cpp:77]
iter    objective    inf_pr   inf_du lg(mu)  ||d||  lg(rg) alpha_du alpha_pr  ls
 450  6.6655643e+00 7.96e-02 8.09e+03  -5.7 4.85e+00    -  3.27e-02 2.36e-02h  1
CasADi - 2026-10-04 13:15:58 MESSAGE("nlp_g::eval") [.../casadi/core/sx_function.cpp:77]
CasADi - 2026-10-04 13:15:58 MESSAGE("nlp_f::eval") [.../casadi/core/sx_function.cpp:77]
CasADi - 2026-10-04 13:15:58 MESSAGE("nlp_grad_f::eval") [.../casadi/core/sx_function.cpp:77]
CasADi - 2026-10-04 13:15:58 MESSAGE("nlp_jac_g::eval") [.../casadi/core/sx_function.cpp:77]
CasADi - 2026-10-04 13:15:58 MESSAGE("nlp_hess_l::eval") [.../casadi/core/sx_function.cpp:77]
 451  6.6531420e+00 9.74e-02 6.66e+03  -5.7 5.64e-01    -  2.03e-01 3.30e-01h  1
CasADi - 2026-10-04 13:15:58 MESSAGE("nlp_g::eval") [.../casadi/core/sx_function.cpp:77]
CasADi - 2026-10-04 13:15:58 MESSAGE("nlp_f::eval") [.../casadi/core/sx_function.cpp:77]
CasADi - 2026-10-04 13:15:58 MESSAGE("nlp_grad_f::eval") [.../casadi/core/sx_function.cpp:77]
CasADi - 2026-10-04 13:15:58 MESSAGE("nlp_jac_g::eval") [.../casadi/core/sx_function.cpp:77]
CasADi - 2026-10-04 13:15:58 MESSAGE("nlp_hess_l::eval") [.../casadi/core/sx_function.cpp:77]
 452  6.6493869e+00 8.18e-02 4.28e+03  -5.7 8.60e-01    -  3.28e-01 1.55e-01h  1
CasADi - 2026-10-04 13:15:58 MESSAGE("nlp_g::eval") [.../casadi/core/sx_function.cpp:77]
CasADi - 2026-10-04 13:15:58 MESSAGE("nlp_f::eval") [.../casadi/core/sx_function.cpp:77]
CasADi - 2026-10-04 13:15:58 MESSAGE("nlp_grad_f::eval") [.../casadi/core/sx_function.cpp:77]
CasADi - 2026-10-04 13:15:58 MESSAGE("nlp_jac_g::eval") [.../casadi/core/sx_function.cpp:77]
CasADi - 2026-10-04 13:15:58 MESSAGE("nlp_hess_l::eval") [.../casadi/core/sx_function.cpp:77]
 453  6.6445973e+00 6.04e-02 2.43e+03  -5.7 4.20e-01    -  4.01e-01 2.49e-01h  1
CasADi - 2026-10-04 13:15:58 MESSAGE("nlp_g::eval") [.../casadi/core/sx_function.cpp:77]
CasADi - 2026-10-04 13:15:58 MESSAGE("nlp_f::eval") [.../casadi/core/sx_function.cpp:77]
CasADi - 2026-10-04 13:15:58 MESSAGE("nlp_grad_f::eval") [.../casadi/core/sx_function.cpp:77]
CasADi - 2026-10-04 13:15:58 MESSAGE("nlp_jac_g::eval") [.../casadi/core/sx_function.cpp:77]
CasADi - 2026-10-04 13:15:58 MESSAGE("nlp_hess_l::eval") [.../casadi/core/sx_function.cpp:77]
 454  6.6438007e+00 5.75e-02 1.77e+03  -5.7 1.16e+00    -  2.24e-01 5.78e-02h  1
CasADi - 2026-10-04 13:15:58 MESSAGE("nlp_g::eval") [.../casadi/core/sx_function.cpp:77]
CasADi - 2026-10-04 13:15:58 MESSAGE("nlp_f::eval") [.../casadi/core/sx_function.cpp:77]
CasADi - 2026-10-04 13:15:58 MESSAGE("nlp_grad_f::eval") [.../casadi/core/sx_function.cpp:77]
CasADi - 2026-10-04 13:15:58 MESSAGE("nlp_jac_g::eval") [.../casadi/core/sx_function.cpp:77]
CasADi - 2026-10-04 13:15:58 MESSAGE("nlp_hess_l::eval") [.../casadi/core/sx_function.cpp:77]
 455  6.6377878e+00 2.64e-02 1.97e+03  -5.7 2.52e-01    -  4.83e-02 5.13e-01h  1
CasADi - 2026-10-04 13:15:58 MESSAGE("nlp_g::eval") [.../casadi/core/sx_function.cpp:77]
CasADi - 2026-10-04 13:15:58 MESSAGE("nlp_f::eval") [.../casadi/core/sx_function.cpp:77]
CasADi - 2026-10-04 13:15:58 MESSAGE("nlp_grad_f::eval") [.../casadi/core/sx_function.cpp:77]
CasADi - 2026-10-04 13:15:58 MESSAGE("nlp_jac_g::eval") [.../casadi/core/sx_function.cpp:77]
CasADi - 2026-10-04 13:15:58 MESSAGE("nlp_hess_l::eval") [.../casadi/core/sx_function.cpp:77]
 456  6.6369341e+00 2.24e-02 8.34e+02  -5.7 9.59e-02    -  5.24e-01 1.51e-01h  1
CasADi - 2026-10-04 13:15:58 MESSAGE("nlp_g::eval") [.../casadi/core/sx_function.cpp:77]
CasADi - 2026-10-04 13:15:58 MESSAGE("nlp_f::eval") [.../casadi/core/sx_function.cpp:77]
CasADi - 2026-10-04 13:15:58 MESSAGE("nlp_grad_f::eval") [.../casadi/core/sx_function.cpp:77]
CasADi - 2026-10-04 13:15:58 MESSAGE("nlp_jac_g::eval") [.../casadi/core/sx_function.cpp:77]
CasADi - 2026-10-04 13:15:58 MESSAGE("nlp_hess_l::eval") [.../casadi/core/sx_function.cpp:77]
 457  6.6334110e+00 6.75e-03 9.46e+02  -5.7 7.61e-02    -  1.29e-01 8.08e-01h  1
CasADi - 2026-10-04 13:15:58 MESSAGE("nlp_g::eval") [.../casadi/core/sx_function.cpp:77]
CasADi - 2026-10-04 13:15:58 MESSAGE("nlp_f::eval") [.../casadi/core/sx_function.cpp:77]
CasADi - 2026-10-04 13:15:58 MESSAGE("nlp_grad_f::eval") [.../casadi/core/sx_function.cpp:77]
CasADi - 2026-10-04 13:15:58 MESSAGE("nlp_jac_g::eval") [.../casadi/core/sx_function.cpp:77]
CasADi - 2026-10-04 13:15:58 MESSAGE("nlp_hess_l::eval") [.../casadi/core/sx_function.cpp:77]
 458  6.6328555e+00 2.81e-03 8.85e+02  -5.7 2.81e-02  -2.5 1.33e-01 5.86e-01h  1
CasADi - 2026-10-04 13:15:58 MESSAGE("nlp_g::eval") [.../casadi/core/sx_function.cpp:77]
CasADi - 2026-10-04 13:15:58 MESSAGE("nlp_f::eval") [.../casadi/core/sx_function.cpp:77]
CasADi - 2026-10-04 13:15:58 MESSAGE("nlp_grad_f::eval") [.../casadi/core/sx_function.cpp:77]
CasADi - 2026-10-04 13:15:58 MESSAGE("nlp_jac_g::eval") [.../casadi/core/sx_function.cpp:77]
CasADi - 2026-10-04 13:15:58 MESSAGE("nlp_hess_l::eval") [.../casadi/core/sx_function.cpp:77]
 459  6.6325932e+00 9.75e-04 1.56e+02  -5.7 3.58e-02    -  8.40e-01 6.54e-01f  1
CasADi - 2026-10-04 13:15:58 MESSAGE("nlp_g::eval") [.../casadi/core/sx_function.cpp:77]
CasADi - 2026-10-04 13:15:58 MESSAGE("nlp_f::eval") [.../casadi/core/sx_function.cpp:77]
CasADi - 2026-10-04 13:15:58 MESSAGE("nlp_grad_f::eval") [.../casadi/core/sx_function.cpp:77]
CasADi - 2026-10-04 13:15:58 MESSAGE("nlp_jac_g::eval") [.../casadi/core/sx_function.cpp:77]
CasADi - 2026-10-04 13:15:58 MESSAGE("nlp_hess_l::eval") [.../casadi/core/sx_function.cpp:77]
iter    objective    inf_pr   inf_du lg(mu)  ||d||  lg(rg) alpha_du alpha_pr  ls
 460  6.6324878e+00 5.70e-05 7.61e+01  -5.7 3.32e-02    -  8.24e-01 1.00e+00f  1
CasADi - 2026-10-04 13:15:58 MESSAGE("nlp_g::eval") [.../casadi/core/sx_function.cpp:77]
CasADi - 2026-10-04 13:15:58 MESSAGE("nlp_f::eval") [.../casadi/core/sx_function.cpp:77]
CasADi - 2026-10-04 13:15:58 MESSAGE("nlp_grad_f::eval") [.../casadi/core/sx_function.cpp:77]
CasADi - 2026-10-04 13:15:58 MESSAGE("nlp_jac_g::eval") [.../casadi/core/sx_function.cpp:77]
CasADi - 2026-10-04 13:15:58 MESSAGE("nlp_hess_l::eval") [.../casadi/core/sx_function.cpp:77]
 461  6.6324888e+00 7.01e-05 1.27e-03  -5.7 5.65e-03  -3.0 1.00e+00 1.00e+00h  1
CasADi - 2026-10-04 13:15:58 MESSAGE("nlp_g::eval") [.../casadi/core/sx_function.cpp:77]
CasADi - 2026-10-04 13:15:58 MESSAGE("nlp_f::eval") [.../casadi/core/sx_function.cpp:77]
CasADi - 2026-10-04 13:15:58 MESSAGE("nlp_g::eval") [.../casadi/core/sx_function.cpp:77]
CasADi - 2026-10-04 13:15:58 MESSAGE("nlp_f::eval") [.../casadi/core/sx_function.cpp:77]
CasADi - 2026-10-04 13:15:58 MESSAGE("nlp_grad_f::eval") [.../casadi/core/sx_function.cpp:77]
CasADi - 2026-10-04 13:15:58 MESSAGE("nlp_jac_g::eval") [.../casadi/core/sx_function.cpp:77]
CasADi - 2026-10-04 13:15:58 MESSAGE("nlp_hess_l::eval") [.../casadi/core/sx_function.cpp:77]
 462  6.6324864e+00 4.90e-05 1.53e-03  -5.7 1.71e-02  -3.5 1.00e+00 1.00e+00H  1
CasADi - 2026-10-04 13:15:58 MESSAGE("nlp_g::eval") [.../casadi/core/sx_function.cpp:77]
CasADi - 2026-10-04 13:15:58 MESSAGE("nlp_f::eval") [.../casadi/core/sx_function.cpp:77]
CasADi - 2026-10-04 13:15:58 MESSAGE("nlp_g::eval") [.../casadi/core/sx_function.cpp:77]
CasADi - 2026-10-04 13:15:58 MESSAGE("nlp_f::eval") [.../casadi/core/sx_function.cpp:77]
CasADi - 2026-10-04 13:15:58 MESSAGE("nlp_grad_f::eval") [.../casadi/core/sx_function.cpp:77]
CasADi - 2026-10-04 13:15:58 MESSAGE("nlp_jac_g::eval") [.../casadi/core/sx_function.cpp:77]
CasADi - 2026-10-04 13:15:58 MESSAGE("nlp_hess_l::eval") [.../casadi/core/sx_function.cpp:77]
 463  6.6324860e+00 1.37e-05 1.16e-03  -5.7 1.19e-02    -  1.00e+00 1.00e+00H  1
CasADi - 2026-10-04 13:15:58 MESSAGE("nlp_g::eval") [.../casadi/core/sx_function.cpp:77]
CasADi - 2026-10-04 13:15:58 MESSAGE("nlp_f::eval") [.../casadi/core/sx_function.cpp:77]
CasADi - 2026-10-04 13:15:58 MESSAGE("nlp_g::eval") [.../casadi/core/sx_function.cpp:77]
CasADi - 2026-10-04 13:15:58 MESSAGE("nlp_f::eval") [.../casadi/core/sx_function.cpp:77]
CasADi - 2026-10-04 13:15:58 MESSAGE("nlp_grad_f::eval") [.../casadi/core/sx_function.cpp:77]
CasADi - 2026-10-04 13:15:58 MESSAGE("nlp_jac_g::eval") [.../casadi/core/sx_function.cpp:77]
CasADi - 2026-10-04 13:15:58 MESSAGE("nlp_hess_l::eval") [.../casadi/core/sx_function.cpp:77]
 464  6.6324866e+00 6.47e-07 3.45e-05  -5.7 4.15e-03    -  1.00e+00 1.00e+00H  1
CasADi - 2026-10-04 13:15:58 MESSAGE("nlp_g::eval") [.../casadi/core/sx_function.cpp:77]
CasADi - 2026-10-04 13:15:58 MESSAGE("nlp_f::eval") [.../casadi/core/sx_function.cpp:77]
CasADi - 2026-10-04 13:15:58 MESSAGE("nlp_grad_f::eval") [.../casadi/core/sx_function.cpp:77]
CasADi - 2026-10-04 13:15:58 MESSAGE("nlp_jac_g::eval") [.../casadi/core/sx_function.cpp:77]
CasADi - 2026-10-04 13:15:58 MESSAGE("nlp_hess_l::eval") [.../casadi/core/sx_function.cpp:77]
 465  6.6324867e+00 2.57e-09 2.67e-08  -5.7 3.66e-05    -  1.00e+00 1.00e+00h  1
CasADi - 2026-10-04 13:15:58 MESSAGE("nlp_g::eval") [.../casadi/core/sx_function.cpp:77]
CasADi - 2026-10-04 13:15:58 MESSAGE("nlp_f::eval") [.../casadi/core/sx_function.cpp:77]
CasADi - 2026-10-04 13:15:58 MESSAGE("nlp_grad_f::eval") [.../casadi/core/sx_function.cpp:77]
CasADi - 2026-10-04 13:15:58 MESSAGE("nlp_jac_g::eval") [.../casadi/core/sx_function.cpp:77]
CasADi - 2026-10-04 13:15:58 MESSAGE("nlp_hess_l::eval") [.../casadi/core/sx_function.cpp:77]
 466  6.6320034e+00 7.35e-05 1.18e+01  -8.0 5.48e-02    -  7.46e-01 6.81e-01f  1
CasADi - 2026-10-04 13:15:58 MESSAGE("nlp_g::eval") [.../casadi/core/sx_function.cpp:77]
CasADi - 2026-10-04 13:15:58 MESSAGE("nlp_f::eval") [.../casadi/core/sx_function.cpp:77]
CasADi - 2026-10-04 13:15:58 MESSAGE("nlp_grad_f::eval") [.../casadi/core/sx_function.cpp:77]
CasADi - 2026-10-04 13:15:58 MESSAGE("nlp_jac_g::eval") [.../casadi/core/sx_function.cpp:77]
CasADi - 2026-10-04 13:15:58 MESSAGE("nlp_hess_l::eval") [.../casadi/core/sx_function.cpp:77]
 467  6.6318769e+00 5.30e-05 7.69e+00  -8.0 8.18e-02    -  6.58e-01 5.98e-01h  1
CasADi - 2026-10-04 13:15:58 MESSAGE("nlp_g::eval") [.../casadi/core/sx_function.cpp:77]
CasADi - 2026-10-04 13:15:58 MESSAGE("nlp_f::eval") [.../casadi/core/sx_function.cpp:77]
CasADi - 2026-10-04 13:15:58 MESSAGE("nlp_grad_f::eval") [.../casadi/core/sx_function.cpp:77]
CasADi - 2026-10-04 13:15:58 MESSAGE("nlp_jac_g::eval") [.../casadi/core/sx_function.cpp:77]
CasADi - 2026-10-04 13:15:58 MESSAGE("nlp_hess_l::eval") [.../casadi/core/sx_function.cpp:77]
 468  6.6318262e+00 2.46e-05 5.50e+00  -8.0 4.83e-02    -  7.17e-01 6.07e-01h  1
CasADi - 2026-10-04 13:15:58 MESSAGE("nlp_g::eval") [.../casadi/core/sx_function.cpp:77]
CasADi - 2026-10-04 13:15:58 MESSAGE("nlp_f::eval") [.../casadi/core/sx_function.cpp:77]
CasADi - 2026-10-04 13:15:58 MESSAGE("nlp_grad_f::eval") [.../casadi/core/sx_function.cpp:77]
CasADi - 2026-10-04 13:15:58 MESSAGE("nlp_jac_g::eval") [.../casadi/core/sx_function.cpp:77]
CasADi - 2026-10-04 13:15:58 MESSAGE("nlp_hess_l::eval") [.../casadi/core/sx_function.cpp:77]
 469  6.6318017e+00 6.92e-06 1.14e+00  -8.0 5.19e-02    -  7.28e-01 7.58e-01h  1
CasADi - 2026-10-04 13:15:58 MESSAGE("nlp_g::eval") [.../casadi/core/sx_function.cpp:77]
CasADi - 2026-10-04 13:15:58 MESSAGE("nlp_f::eval") [.../casadi/core/sx_function.cpp:77]
CasADi - 2026-10-04 13:15:58 MESSAGE("nlp_grad_f::eval") [.../casadi/core/sx_function.cpp:77]
CasADi - 2026-10-04 13:15:58 MESSAGE("nlp_jac_g::eval") [.../casadi/core/sx_function.cpp:77]
CasADi - 2026-10-04 13:15:58 MESSAGE("nlp_hess_l::eval") [.../casadi/core/sx_function.cpp:77]
iter    objective    inf_pr   inf_du lg(mu)  ||d||  lg(rg) alpha_du alpha_pr  ls
 470  6.6317941e+00 4.99e-07 3.10e+00  -8.0 1.78e-02    -  6.35e-01 1.00e+00h  1
CasADi - 2026-10-04 13:15:58 MESSAGE("nlp_g::eval") [.../casadi/core/sx_function.cpp:77]
CasADi - 2026-10-04 13:15:58 MESSAGE("nlp_f::eval") [.../casadi/core/sx_function.cpp:77]
CasADi - 2026-10-04 13:15:58 MESSAGE("nlp_grad_f::eval") [.../casadi/core/sx_function.cpp:77]
CasADi - 2026-10-04 13:15:58 MESSAGE("nlp_jac_g::eval") [.../casadi/core/sx_function.cpp:77]
CasADi - 2026-10-04 13:15:58 MESSAGE("nlp_hess_l::eval") [.../casadi/core/sx_function.cpp:77]
 471  6.6317941e+00 1.33e-08 4.69e-06  -8.0 3.38e-03    -  1.00e+00 1.00e+00h  1
CasADi - 2026-10-04 13:15:58 MESSAGE("nlp_g::eval") [.../casadi/core/sx_function.cpp:77]
CasADi - 2026-10-04 13:15:58 MESSAGE("nlp_f::eval") [.../casadi/core/sx_function.cpp:77]
CasADi - 2026-10-04 13:15:58 MESSAGE("nlp_grad_f::eval") [.../casadi/core/sx_function.cpp:77]
CasADi - 2026-10-04 13:15:58 MESSAGE("nlp_jac_g::eval") [.../casadi/core/sx_function.cpp:77]
 472  6.6317941e+00 5.44e-10 7.28e-08  -8.0 4.40e-04    -  1.00e+00 1.00e+00h  1

Number of Iterations....: 472

                                   (scaled)                 (unscaled)
Objective...............:   6.6317940718983390e+00    6.6317940718983390e+00
Dual infeasibility......:   7.2803547271522995e-08    7.2803547271522995e-08
Constraint violation....:   5.4400473015192574e-10    5.4400473015192574e-10
Variable bound violation:   9.5714176696940670e-09    9.5714176696940670e-09
Complementarity.........:   9.1202532405427535e-09    9.1202532405427535e-09
Overall NLP error.......:   7.2803547271522995e-08    7.2803547271522995e-08


Number of objective function evaluations             = 547
Number of objective gradient evaluations             = 462
Number of equality constraint evaluations            = 547
Number of inequality constraint evaluations          = 547
Number of equality constraint Jacobian evaluations   = 480
Number of inequality constraint Jacobian evaluations = 480
Number of Lagrangian Hessian evaluations             = 472
Total seconds in IPOPT                               = 14.794

EXIT: Optimal Solution Found.
      solver  :   t_proc      (avg)   t_wall      (avg)    n_eval
       nlp_f  |   8.60ms ( 15.72us)   8.62ms ( 15.76us)       547
       nlp_g  | 179.70ms (328.51us) 179.95ms (328.97us)       547
  nlp_grad_f  |  11.05ms ( 23.87us)  11.03ms ( 23.82us)       463
  nlp_hess_l  |   1.74 s (  3.74ms)   1.75 s (  3.77ms)       465
   nlp_jac_g  | 410.23ms (852.87us) 413.11ms (858.87us)       481
       total  |  14.60 s ( 14.60 s)  14.79 s ( 14.79 s)         1
INFO: Laptime: 6.320s
INFO: NLP solving time: 14.796s
INFO: Maximum abs(ay): 7.61m/s2
INFO: Maximum ax: 3.23m/s2
INFO: Minimum ax: -4.58m/s2
INFO: Maximum total acc: 7.83m/s2
INFO: Energy consumption: 0.055Wh
INFO: Estimated laptime: 6.25s
INFO: Runtime from import to final trajectory was 16.87s
WARNING: Minimum distance to boundaries is estimated to 0.35m. Keep in mind that the distance can also lie on the outside of the track!
WARNING: Since ggv-diagram was not given the according checks cannot be performed!
INFO: Finished export of trajectory: 13:15:58
