Spline approximation: mean deviation 0.03m, maximum deviation 0.09m
CasADi - 2026-10-04 13:15:01 MESSAGE("nlp::init") [.../casadi/core/function_internal.cpp:576]
CasADi - 2026-10-04 13:15:01 MESSAGE("nlp::init") [.../casadi/core/x_function.hpp:348]
CasADi - 2026-10-04 13:15:01 MESSAGE("nlp::init") [.../casadi/core/mx_function.cpp:118]
CasADi - 2026-10-04 13:15:01 MESSAGE("Using live variables: work array is 1250 instead of 28370") [.../casadi/core/mx_function.cpp:346]
CasADi - 2026-10-04 13:15:01 MESSAGE("solver::init") [.../casadi/core/function_internal.cpp:576]
CasADi - 2026-10-04 13:15:01 MESSAGE("nlp::init") [.../casadi/core/function_internal.cpp:576]
CasADi - 2026-10-04 13:15:01 MESSAGE("nlp::init") [.../casadi/core/x_function.hpp:348]
CasADi - 2026-10-04 13:15:01 MESSAGE("nlp::init") [.../casadi/core/sx_function.cpp:517]
CasADi - 2026-10-04 13:15:01 MESSAGE("Using live variables: work array is 3779 instead of 182832") [.../casadi/core/sx_function.cpp:800]
CasADi - 2026-10-04 13:15:01 MESSAGE("182832 elementary operations") [.../casadi/core/sx_function.cpp:882]
CasADi - 2026-10-04 13:15:01 MESSAGE("solver::create_function nlp_grad:[x, p, lam:f, lam:g]->[f, g, grad:gamma:x, grad:gamma:p]") [.../casadi/core/oracle_function.cpp:242]
CasADi - 2026-10-04 13:15:01 MESSAGE("reverse_temp::init") [.../casadi/core/function_internal.cpp:576]
CasADi - 2026-10-04 13:15:01 MESSAGE("reverse_temp::init") [.../casadi/core/x_function.hpp:348]
CasADi - 2026-10-04 13:15:01 MESSAGE("reverse_temp::init") [.../casadi/core/sx_function.cpp:517]
CasADi - 2026-10-04 13:15:01 MESSAGE("Using live variables: work array is 3782 instead of 192446") [.../casadi/core/sx_function.cpp:800]
CasADi - 2026-10-04 13:15:01 MESSAGE("192446 elementary operations") [.../casadi/core/sx_function.cpp:882]
CasADi - 2026-10-04 13:15:01 MESSAGE("reverse_temp::ad_reverse") [.../casadi/core/sx_function.cpp:1416]
CasADi - 2026-10-04 13:15:01 MESSAGE("Evaluating algorithm forward") [.../casadi/core/sx_function.cpp:1474]
CasADi - 2026-10-04 13:15:01 MESSAGE("Calculating adjoint derivatives") [.../casadi/core/sx_function.cpp:1495]
CasADi - 2026-10-04 13:15:01 MESSAGE("reverse_temp::init") [.../casadi/core/function_internal.cpp:576]
CasADi - 2026-10-04 13:15:01 MESSAGE("reverse_temp::init") [.../casadi/core/x_function.hpp:348]
CasADi - 2026-10-04 13:15:01 MESSAGE("reverse_temp::init") [.../casadi/core/sx_function.cpp:517]
CasADi - 2026-10-04 13:15:01 MESSAGE("Using live variables: work array is 3782 instead of 192446") [.../casadi/core/sx_function.cpp:800]
CasADi - 2026-10-04 13:15:01 MESSAGE("192446 elementary operations") [.../casadi/core/sx_function.cpp:882]
CasADi - 2026-10-04 13:15:01 MESSAGE("reverse_temp::ad_reverse") [.../casadi/core/sx_function.cpp:1416]
CasADi - 2026-10-04 13:15:01 MESSAGE("Evaluating algorithm forward") [.../casadi/core/sx_function.cpp:1474]
CasADi - 2026-10-04 13:15:01 MESSAGE("Calculating adjoint derivatives") [.../casadi/core/sx_function.cpp:1495]
CasADi - 2026-10-04 13:15:02 MESSAGE("nlp_grad::init") [.../casadi/core/function_internal.cpp:576]
CasADi - 2026-10-04 13:15:02 MESSAGE("nlp_grad::init") [.../casadi/core/x_function.hpp:348]
CasADi - 2026-10-04 13:15:02 MESSAGE("nlp_grad::init") [.../casadi/core/sx_function.cpp:517]
CasADi - 2026-10-04 13:15:02 MESSAGE("Using live variables: work array is 56207 instead of 427893") [.../casadi/core/sx_function.cpp:800]
CasADi - 2026-10-04 13:15:02 MESSAGE("427893 elementary operations") [.../casadi/core/sx_function.cpp:882]
CasADi - 2026-10-04 13:15:02 MESSAGE("solver::create_function nlp_f:[x, p]->[f]") [.../casadi/core/oracle_function.cpp:242]
CasADi - 2026-10-04 13:15:02 MESSAGE("nlp_f::init") [.../casadi/core/function_internal.cpp:576]
CasADi - 2026-10-04 13:15:02 MESSAGE("nlp_f::init") [.../casadi/core/x_function.hpp:348]
CasADi - 2026-10-04 13:15:02 MESSAGE("nlp_f::init") [.../casadi/core/sx_function.cpp:517]
CasADi - 2026-10-04 13:15:02 MESSAGE("Using live variables: work array is 14 instead of 9334") [.../casadi/core/sx_function.cpp:800]
CasADi - 2026-10-04 13:15:02 MESSAGE("9334 elementary operations") [.../casadi/core/sx_function.cpp:882]
CasADi - 2026-10-04 13:15:02 MESSAGE("solver::create_function nlp_g:[x, p]->[g]") [.../casadi/core/oracle_function.cpp:242]
CasADi - 2026-10-04 13:15:02 MESSAGE("nlp_g::init") [.../casadi/core/function_internal.cpp:576]
CasADi - 2026-10-04 13:15:02 MESSAGE("nlp_g::init") [.../casadi/core/x_function.hpp:348]
CasADi - 2026-10-04 13:15:02 MESSAGE("nlp_g::init") [.../casadi/core/sx_function.cpp:517]
CasADi - 2026-10-04 13:15:02 MESSAGE("Using live variables: work array is 102 instead of 180014") [.../casadi/core/sx_function.cpp:800]
CasADi - 2026-10-04 13:15:02 MESSAGE("180014 elementary operations") [.../casadi/core/sx_function.cpp:882]
CasADi - 2026-10-04 13:15:02 MESSAGE("solver::create_function nlp_grad_f:[x, p]->[f, grad:f:x]") [.../casadi/core/oracle_function.cpp:242]
CasADi - 2026-10-04 13:15:02 MESSAGE("reverse_temp::init") [.../casadi/core/function_internal.cpp:576]
CasADi - 2026-10-04 13:15:02 MESSAGE("reverse_temp::init") [.../casadi/core/x_function.hpp:348]
CasADi - 2026-10-04 13:15:02 MESSAGE("reverse_temp::init") [.../casadi/core/sx_function.cpp:517]
CasADi - 2026-10-04 13:15:02 MESSAGE("Using live variables: work array is 14 instead of 9334") [.../casadi/core/sx_function.cpp:800]
CasADi - 2026-10-04 13:15:02 MESSAGE("9334 elementary operations") [.../casadi/core/sx_function.cpp:882]
CasADi - 2026-10-04 13:15:02 MESSAGE("reverse_temp::ad_reverse") [.../casadi/core/sx_function.cpp:1416]
CasADi - 2026-10-04 13:15:02 MESSAGE("Evaluating algorithm forward") [.../casadi/core/sx_function.cpp:1474]
CasADi - 2026-10-04 13:15:02 MESSAGE("Calculating adjoint derivatives") [.../casadi/core/sx_function.cpp:1495]
CasADi - 2026-10-04 13:15:02 MESSAGE("nlp_grad_f::init") [.../casadi/core/function_internal.cpp:576]
CasADi - 2026-10-04 13:15:02 MESSAGE("nlp_grad_f::init") [.../casadi/core/x_function.hpp:348]
CasADi - 2026-10-04 13:15:02 MESSAGE("nlp_grad_f::init") [.../casadi/core/sx_function.cpp:517]
CasADi - 2026-10-04 13:15:02 MESSAGE("Using live variables: work array is 3132 instead of 19728") [.../casadi/core/sx_function.cpp:800]
CasADi - 2026-10-04 13:15:02 MESSAGE("19728 elementary operations") [.../casadi/core/sx_function.cpp:882]
CasADi - 2026-10-04 13:15:02 MESSAGE("solver::create_function nlp_jac_g:[x, p]->[g, jac:g:x]") [.../casadi/core/oracle_function.cpp:242]
CasADi - 2026-10-04 13:15:02 MESSAGE("jac_helper::init") [.../casadi/core/function_internal.cpp:576]
CasADi - 2026-10-04 13:15:02 MESSAGE("jac_helper::init") [.../casadi/core/x_function.hpp:348]
CasADi - 2026-10-04 13:15:02 MESSAGE("jac_helper::init") [.../casadi/core/sx_function.cpp:517]
CasADi - 2026-10-04 13:15:02 MESSAGE("Using live variables: work array is 102 instead of 180014") [.../casadi/core/sx_function.cpp:800]
CasADi - 2026-10-04 13:15:02 MESSAGE("180014 elementary operations") [.../casadi/core/sx_function.cpp:882]
CasADi - 2026-10-04 13:15:02 MESSAGE("Block size: 4806 x 3725") [.../casadi/core/function_internal.cpp:1732]
CasADi - 2026-10-04 13:15:02 MESSAGE("Coloring on 1x1 (fwd seeps: 1 , adj sweeps: 1)") [.../casadi/core/function_internal.cpp:1754]
CasADi - 2026-10-04 13:15:02 MESSAGE("Forward mode chosen (fwd cost: 1825.25, adj cost: 2451.06)") [.../casadi/core/function_internal.cpp:1765]
CasADi - 2026-10-04 13:15:02 MESSAGE("Block size: 76 x 59") [.../casadi/core/function_internal.cpp:1732]
CasADi - 2026-10-04 13:15:02 MESSAGE("Coloring on 64x64 (fwd seeps: 4 , adj sweeps: 64)") [.../casadi/core/function_internal.cpp:1754]
CasADi - 2026-10-04 13:15:02 MESSAGE("Forward mode chosen (fwd cost: 115.64, adj cost: 116.28)") [.../casadi/core/function_internal.cpp:1765]
CasADi - 2026-10-04 13:15:02 MESSAGE("Block size: 2 x 1") [.../casadi/core/function_internal.cpp:1732]
CasADi - 2026-10-04 13:15:02 MESSAGE("Coloring on 3725x2412 (fwd seeps: 24 , adj sweeps: 2412)") [.../casadi/core/function_internal.cpp:1754]
CasADi - 2026-10-04 13:15:02 MESSAGE("Forward mode chosen (fwd cost: 11.76, adj cost: 17.34)") [.../casadi/core/function_internal.cpp:1765]
CasADi - 2026-10-04 13:15:02 MESSAGE("Number of sweeps: 6") [.../casadi/core/function_internal.cpp:1965]
CasADi - 2026-10-04 13:15:02 MESSAGE("Formed Jacobian sparsity pattern (dimension [3725,4806], 35799 (0.199968 %) nonzeros.") [.../casadi/core/function_internal.cpp:1967]
CasADi - 2026-10-04 13:15:02 MESSAGE("Allocated return value") [.../casadi/core/x_function.hpp:490]
CasADi - 2026-10-04 13:15:02 MESSAGE("jac_helper::get_partition") [.../casadi/core/function_internal.cpp:2129]
CasADi - 2026-10-04 13:15:02 MESSAGE("Unidirectional coloring (forward mode)") [.../casadi/core/function_internal.cpp:2179]
CasADi - 2026-10-04 13:15:02 MESSAGE("Forward mode coloring completed: 22 directional derivatives needed (3725 without coloring).") [.../casadi/core/function_internal.cpp:2193]
CasADi - 2026-10-04 13:15:02 MESSAGE("Unidirectional coloring (adjoint mode)") [.../casadi/core/function_internal.cpp:2199]
CasADi - 2026-10-04 13:15:02 MESSAGE("Adjoint mode coloring interrupted (more than 10 needed).") [.../casadi/core/function_internal.cpp:2208]
CasADi - 2026-10-04 13:15:02 MESSAGE("Graph coloring completed") [.../casadi/core/x_function.hpp:501]
CasADi - 2026-10-04 13:15:02 MESSAGE("jac transposes and mapping") [.../casadi/core/x_function.hpp:534]
CasADi - 2026-10-04 13:15:02 MESSAGE("1 sweeps needed for 22 forward and 0 reverse directions") [.../casadi/core/x_function.hpp:561]
CasADi - 2026-10-04 13:15:02 MESSAGE("0 %") [.../casadi/core/x_function.hpp:575]
CasADi - 2026-10-04 13:15:02 MESSAGE("Calling 'ad_forward'") [.../casadi/core/x_function.hpp:666]
CasADi - 2026-10-04 13:15:02 MESSAGE("jac_helper::ad_forward") [.../casadi/core/sx_function.cpp:1238]
CasADi - 2026-10-04 13:15:02 MESSAGE("jac_helper::ad_forward") [.../casadi/core/sx_function.cpp:1238]
CasADi - 2026-10-04 13:15:02 MESSAGE("Evaluating algorithm forward") [.../casadi/core/sx_function.cpp:1289]
CasADi - 2026-10-04 13:15:02 MESSAGE("Calculating forward derivatives") [.../casadi/core/sx_function.cpp:1313]
CasADi - 2026-10-04 13:15:02 MESSAGE("Back from 'ad_forward'") [.../casadi/core/x_function.hpp:668]
CasADi - 2026-10-04 13:15:02 MESSAGE("nlp_jac_g::init") [.../casadi/core/function_internal.cpp:576]
CasADi - 2026-10-04 13:15:02 MESSAGE("nlp_jac_g::init") [.../casadi/core/x_function.hpp:348]
CasADi - 2026-10-04 13:15:02 MESSAGE("nlp_jac_g::init") [.../casadi/core/sx_function.cpp:517]
CasADi - 2026-10-04 13:15:02 MESSAGE("Using live variables: work array is 54753 instead of 595902") [.../casadi/core/sx_function.cpp:800]
CasADi - 2026-10-04 13:15:02 MESSAGE("595902 elementary operations") [.../casadi/core/sx_function.cpp:882]
CasADi - 2026-10-04 13:15:02 MESSAGE("solver::create_function nlp_hess_l:[x, p, lam:f, lam:g]->[triu:hess:gamma:x:x]") [.../casadi/core/oracle_function.cpp:242]
CasADi - 2026-10-04 13:15:02 MESSAGE("jac_helper::init") [.../casadi/core/function_internal.cpp:576]
CasADi - 2026-10-04 13:15:02 MESSAGE("jac_helper::init") [.../casadi/core/x_function.hpp:348]
CasADi - 2026-10-04 13:15:02 MESSAGE("jac_helper::init") [.../casadi/core/sx_function.cpp:517]
CasADi - 2026-10-04 13:15:02 MESSAGE("Using live variables: work array is 450 instead of 386492") [.../casadi/core/sx_function.cpp:800]
CasADi - 2026-10-04 13:15:02 MESSAGE("386492 elementary operations") [.../casadi/core/sx_function.cpp:882]
CasADi - 2026-10-04 13:15:02 MESSAGE("Block size: 3725") [.../casadi/core/function_internal.cpp:1480]
CasADi - 2026-10-04 13:15:02 MESSAGE("Star coloring on 1x1: 1 <-> 1") [.../casadi/core/function_internal.cpp:1493]
CasADi - 2026-10-04 13:15:02 MESSAGE("Block size: 59") [.../casadi/core/function_internal.cpp:1480]
CasADi - 2026-10-04 13:15:02 MESSAGE("Star coloring on 64x64: 3 <-> 64") [.../casadi/core/function_internal.cpp:1493]
CasADi - 2026-10-04 13:15:02 MESSAGE("Number of sweeps: 4") [.../casadi/core/function_internal.cpp:1663]
CasADi - 2026-10-04 13:15:02 MESSAGE("Formed Jacobian sparsity pattern (dimension [3725,3725], 43063 (0.31035 %) nonzeros.") [.../casadi/core/function_internal.cpp:1665]
CasADi - 2026-10-04 13:15:02 MESSAGE("Allocated return value") [.../casadi/core/x_function.hpp:490]
CasADi - 2026-10-04 13:15:02 MESSAGE("jac_helper::get_partition") [.../casadi/core/function_internal.cpp:2129]
CasADi - 2026-10-04 13:15:02 MESSAGE("FunctionInternal::getPartition star_coloring") [.../casadi/core/function_internal.cpp:2142]
CasADi - 2026-10-04 13:15:02 MESSAGE("Star coloring completed: 13 directional derivatives needed (3725 without coloring).") [.../casadi/core/function_internal.cpp:2147]
CasADi - 2026-10-04 13:15:02 MESSAGE("Graph coloring completed") [.../casadi/core/x_function.hpp:501]
CasADi - 2026-10-04 13:15:02 MESSAGE("jac transposes and mapping") [.../casadi/core/x_function.hpp:534]
CasADi - 2026-10-04 13:15:02 MESSAGE("1 sweeps needed for 13 forward and 0 reverse directions") [.../casadi/core/x_function.hpp:561]
CasADi - 2026-10-04 13:15:02 MESSAGE("0 %") [.../casadi/core/x_function.hpp:575]
CasADi - 2026-10-04 13:15:02 MESSAGE("Calling 'ad_forward'") [.../casadi/core/x_function.hpp:666]
CasADi - 2026-10-04 13:15:02 MESSAGE("jac_helper::ad_forward") [.../casadi/core/sx_function.cpp:1238]
CasADi - 2026-10-04 13:15:02 MESSAGE("jac_helper::ad_forward") [.../casadi/core/sx_function.cpp:1238]
CasADi - 2026-10-04 13:15:02 MESSAGE("Evaluating algorithm forward") [.../casadi/core/sx_function.cpp:1289]
CasADi - 2026-10-04 13:15:02 MESSAGE("Calculating forward derivatives") [.../casadi/core/sx_function.cpp:1313]
CasADi - 2026-10-04 13:15:03 MESSAGE("Back from 'ad_forward'") [.../casadi/core/x_function.hpp:668]
CasADi - 2026-10-04 13:15:03 MESSAGE("nlp_hess_l::init") [.../casadi/core/function_internal.cpp:576]
CasADi - 2026-10-04 13:15:03 MESSAGE("nlp_hess_l::init") [.../casadi/core/x_function.hpp:348]
CasADi - 2026-10-04 13:15:03 MESSAGE("nlp_hess_l::init") [.../casadi/core/sx_function.cpp:517]
CasADi - 2026-10-04 13:15:03 MESSAGE("Using live variables: work array is 889 instead of 1809266") [.../casadi/core/sx_function.cpp:800]
CasADi - 2026-10-04 13:15:03 MESSAGE("1809266 elementary operations") [.../casadi/core/sx_function.cpp:882]
There are 3725 variables and 4806 constraints.
Using exact Hessian

******************************************************************************
This program contains Ipopt, a library for large-scale nonlinear optimization.
 Ipopt is released as open source code under the Eclipse Public License (EPL).
         For more information visit https://github.com/coin-or/Ipopt
******************************************************************************

This is Ipopt version 3.14.19, running with linear solver MUMPS 5.8.2.

Number of nonzeros in equality constraint Jacobian...:    28685
Number of nonzeros in inequality constraint Jacobian.:     7114
Number of nonzeros in Lagrangian Hessian.............:    23081

CasADi - 2026-10-04 13:15:03 MESSAGE("nlp_grad_f::eval") [.../casadi/core/sx_function.cpp:77]
CasADi - 2026-10-04 13:15:03 MESSAGE("nlp_jac_g::eval") [.../casadi/core/sx_function.cpp:77]
CasADi - 2026-10-04 13:15:03 MESSAGE("nlp_g::eval") [.../casadi/core/sx_function.cpp:77]
CasADi - 2026-10-04 13:15:03 MESSAGE("nlp_jac_g::eval") [.../casadi/core/sx_function.cpp:77]
CasADi - 2026-10-04 13:15:03 MESSAGE("nlp_grad_f::eval") [.../casadi/core/sx_function.cpp:77]
Total number of variables............................:     3725
                     variables with only lower bounds:        0
                variables with lower and upper bounds:     1245
                     variables with only upper bounds:        0
Total number of equality constraints.................:     3260
Total number of inequality constraints...............:     1546
        inequality constraints with only lower bounds:      154
   inequality constraints with lower and upper bounds:      929
        inequality constraints with only upper bounds:      309

CasADi - 2026-10-04 13:15:03 MESSAGE("nlp_f::eval") [.../casadi/core/sx_function.cpp:77]
CasADi - 2026-10-04 13:15:03 MESSAGE("nlp_hess_l::eval") [.../casadi/core/sx_function.cpp:77]
iter    objective    inf_pr   inf_du lg(mu)  ||d||  lg(rg) alpha_du alpha_pr  ls
   0  1.5500000e+00 1.45e+00 7.08e-01  -1.0 0.00e+00    -  0.00e+00 0.00e+00   0
CasADi - 2026-10-04 13:15:03 MESSAGE("nlp_g::eval") [.../casadi/core/sx_function.cpp:77]
CasADi - 2026-10-04 13:15:03 MESSAGE("nlp_f::eval") [.../casadi/core/sx_function.cpp:77]
CasADi - 2026-10-04 13:15:03 MESSAGE("nlp_grad_f::eval") [.../casadi/core/sx_function.cpp:77]
CasADi - 2026-10-04 13:15:03 MESSAGE("nlp_jac_g::eval") [.../casadi/core/sx_function.cpp:77]
CasADi - 2026-10-04 13:15:03 MESSAGE("nlp_hess_l::eval") [.../casadi/core/sx_function.cpp:77]
   1  1.5462719e+00 1.44e+00 6.05e+03  -1.0 4.28e+00   4.0 8.94e-02 7.86e-03h  1
CasADi - 2026-10-04 13:15:03 MESSAGE("nlp_g::eval") [.../casadi/core/sx_function.cpp:77]
CasADi - 2026-10-04 13:15:03 MESSAGE("nlp_f::eval") [.../casadi/core/sx_function.cpp:77]
CasADi - 2026-10-04 13:15:03 MESSAGE("nlp_grad_f::eval") [.../casadi/core/sx_function.cpp:77]
CasADi - 2026-10-04 13:15:03 MESSAGE("nlp_jac_g::eval") [.../casadi/core/sx_function.cpp:77]
CasADi - 2026-10-04 13:15:03 MESSAGE("nlp_hess_l::eval") [.../casadi/core/sx_function.cpp:77]
   2  1.5541466e+00 1.43e+00 5.65e+03  -1.0 4.26e+00   3.5 8.49e-04 5.86e-03f  1
CasADi - 2026-10-04 13:15:03 MESSAGE("nlp_g::eval") [.../casadi/core/sx_function.cpp:77]
CasADi - 2026-10-04 13:15:03 MESSAGE("nlp_f::eval") [.../casadi/core/sx_function.cpp:77]
CasADi - 2026-10-04 13:15:03 MESSAGE("nlp_grad_f::eval") [.../casadi/core/sx_function.cpp:77]
CasADi - 2026-10-04 13:15:03 MESSAGE("nlp_jac_g::eval") [.../casadi/core/sx_function.cpp:77]
CasADi - 2026-10-04 13:15:03 MESSAGE("nlp_hess_l::eval") [.../casadi/core/sx_function.cpp:77]
   3  1.5822771e+00 1.42e+00 5.38e+03  -1.0 5.21e+00   3.0 1.34e-04 3.44e-03f  1
CasADi - 2026-10-04 13:15:03 MESSAGE("nlp_g::eval") [.../casadi/core/sx_function.cpp:77]
CasADi - 2026-10-04 13:15:03 MESSAGE("nlp_f::eval") [.../casadi/core/sx_function.cpp:77]
CasADi - 2026-10-04 13:15:03 MESSAGE("nlp_grad_f::eval") [.../casadi/core/sx_function.cpp:77]
CasADi - 2026-10-04 13:15:03 MESSAGE("nlp_jac_g::eval") [.../casadi/core/sx_function.cpp:77]
CasADi - 2026-10-04 13:15:03 MESSAGE("nlp_hess_l::eval") [.../casadi/core/sx_function.cpp:77]
   4  1.7911281e+00 1.40e+00 1.95e+04  -1.0 4.09e+00   3.5 1.19e-03 1.38e-02f  1
CasADi - 2026-10-04 13:15:03 MESSAGE("nlp_g::eval") [.../casadi/core/sx_function.cpp:77]
CasADi - 2026-10-04 13:15:03 MESSAGE("nlp_f::eval") [.../casadi/core/sx_function.cpp:77]
CasADi - 2026-10-04 13:15:03 MESSAGE("nlp_grad_f::eval") [.../casadi/core/sx_function.cpp:77]
CasADi - 2026-10-04 13:15:03 MESSAGE("nlp_jac_g::eval") [.../casadi/core/sx_function.cpp:77]
CasADi - 2026-10-04 13:15:03 MESSAGE("nlp_hess_l::eval") [.../casadi/core/sx_function.cpp:77]
   5  1.7936388e+00 1.40e+00 1.67e+04  -1.0 5.05e+00   3.0 1.16e-02 8.64e-05h  1
CasADi - 2026-10-04 13:15:03 MESSAGE("nlp_g::eval") [.../casadi/core/sx_function.cpp:77]
CasADi - 2026-10-04 13:15:03 MESSAGE("nlp_f::eval") [.../casadi/core/sx_function.cpp:77]
CasADi - 2026-10-04 13:15:03 MESSAGE("nlp_grad_f::eval") [.../casadi/core/sx_function.cpp:77]
CasADi - 2026-10-04 13:15:03 MESSAGE("nlp_jac_g::eval") [.../casadi/core/sx_function.cpp:77]
CasADi - 2026-10-04 13:15:03 MESSAGE("nlp_hess_l::eval") [.../casadi/core/sx_function.cpp:77]
   6  1.8737584e+00 1.40e+00 1.80e+04  -1.0 2.95e+02    -  2.84e-03 1.63e-03h  1
CasADi - 2026-10-04 13:15:03 MESSAGE("nlp_g::eval") [.../casadi/core/sx_function.cpp:77]
CasADi - 2026-10-04 13:15:03 MESSAGE("nlp_f::eval") [.../casadi/core/sx_function.cpp:77]
CasADi - 2026-10-04 13:15:03 MESSAGE("nlp_grad_f::eval") [.../casadi/core/sx_function.cpp:77]
CasADi - 2026-10-04 13:15:03 MESSAGE("nlp_jac_g::eval") [.../casadi/core/sx_function.cpp:77]
CasADi - 2026-10-04 13:15:03 MESSAGE("nlp_hess_l::eval") [.../casadi/core/sx_function.cpp:77]
   7  1.8827966e+00 1.40e+00 1.91e+04  -1.0 7.38e+01    -  1.60e-03 2.36e-04h  1
CasADi - 2026-10-04 13:15:03 MESSAGE("nlp_g::eval") [.../casadi/core/sx_function.cpp:77]
CasADi - 2026-10-04 13:15:03 MESSAGE("nlp_f::eval") [.../casadi/core/sx_function.cpp:77]
CasADi - 2026-10-04 13:15:03 MESSAGE("nlp_grad_f::eval") [.../casadi/core/sx_function.cpp:77]
CasADi - 2026-10-04 13:15:03 MESSAGE("nlp_jac_g::eval") [.../casadi/core/sx_function.cpp:77]
CasADi - 2026-10-04 13:15:03 MESSAGE("nlp_hess_l::eval") [.../casadi/core/sx_function.cpp:77]
   8  1.9012654e+00 1.40e+00 1.86e+04  -1.0 3.99e+01    -  4.71e-05 4.99e-04h  1
CasADi - 2026-10-04 13:15:03 MESSAGE("nlp_g::eval") [.../casadi/core/sx_function.cpp:77]
CasADi - 2026-10-04 13:15:03 MESSAGE("nlp_f::eval") [.../casadi/core/sx_function.cpp:77]
CasADi - 2026-10-04 13:15:03 MESSAGE("nlp_grad_f::eval") [.../casadi/core/sx_function.cpp:77]
CasADi - 2026-10-04 13:15:03 MESSAGE("nlp_jac_g::eval") [.../casadi/core/sx_function.cpp:77]
CasADi - 2026-10-04 13:15:03 MESSAGE("nlp_hess_l::eval") [.../casadi/core/sx_function.cpp:77]
   9  1.9621977e+00 1.40e+00 1.91e+04  -1.0 7.39e+01    -  1.32e-03 1.69e-03h  1
CasADi - 2026-10-04 13:15:03 MESSAGE("nlp_g::eval") [.../casadi/core/sx_function.cpp:77]
CasADi - 2026-10-04 13:15:03 MESSAGE("nlp_f::eval") [.../casadi/core/sx_function.cpp:77]
CasADi - 2026-10-04 13:15:03 MESSAGE("nlp_grad_f::eval") [.../casadi/core/sx_function.cpp:77]
CasADi - 2026-10-04 13:15:03 MESSAGE("nlp_jac_g::eval") [.../casadi/core/sx_function.cpp:77]
CasADi - 2026-10-04 13:15:03 MESSAGE("nlp_hess_l::eval") [.../casadi/core/sx_function.cpp:77]
iter    objective    inf_pr   inf_du lg(mu)  ||d||  lg(rg) alpha_du alpha_pr  ls
  10  2.0236887e+00 1.40e+00 1.92e+04  -1.0 2.59e+01    -  3.53e-03 2.20e-03h  1
CasADi - 2026-10-04 13:15:03 MESSAGE("nlp_g::eval") [.../casadi/core/sx_function.cpp:77]
CasADi - 2026-10-04 13:15:03 MESSAGE("nlp_f::eval") [.../casadi/core/sx_function.cpp:77]
CasADi - 2026-10-04 13:15:03 MESSAGE("nlp_grad_f::eval") [.../casadi/core/sx_function.cpp:77]
CasADi - 2026-10-04 13:15:03 MESSAGE("nlp_jac_g::eval") [.../casadi/core/sx_function.cpp:77]
CasADi - 2026-10-04 13:15:03 MESSAGE("nlp_hess_l::eval") [.../casadi/core/sx_function.cpp:77]
  11  2.0350840e+00 1.39e+00 1.93e+04  -1.0 1.18e+02    -  8.05e-04 4.64e-04h  1
CasADi - 2026-10-04 13:15:03 MESSAGE("nlp_g::eval") [.../casadi/core/sx_function.cpp:77]
CasADi - 2026-10-04 13:15:03 MESSAGE("nlp_f::eval") [.../casadi/core/sx_function.cpp:77]
CasADi - 2026-10-04 13:15:03 MESSAGE("nlp_g::eval") [.../casadi/core/sx_function.cpp:77]
CasADi - 2026-10-04 13:15:03 MESSAGE("nlp_f::eval") [.../casadi/core/sx_function.cpp:77]
CasADi - 2026-10-04 13:15:03 MESSAGE("nlp_g::eval") [.../casadi/core/sx_function.cpp:77]
CasADi - 2026-10-04 13:15:03 MESSAGE("nlp_f::eval") [.../casadi/core/sx_function.cpp:77]
CasADi - 2026-10-04 13:15:03 MESSAGE("nlp_grad_f::eval") [.../casadi/core/sx_function.cpp:77]
CasADi - 2026-10-04 13:15:03 MESSAGE("nlp_jac_g::eval") [.../casadi/core/sx_function.cpp:77]
CasADi - 2026-10-04 13:15:03 MESSAGE("nlp_hess_l::eval") [.../casadi/core/sx_function.cpp:77]
  12  2.1378472e+00 1.39e+00 1.94e+04  -1.0 1.76e+01   2.5 1.49e-02 5.96e-03h  2
CasADi - 2026-10-04 13:15:03 MESSAGE("nlp_g::eval") [.../casadi/core/sx_function.cpp:77]
CasADi - 2026-10-04 13:15:03 MESSAGE("nlp_f::eval") [.../casadi/core/sx_function.cpp:77]
CasADi - 2026-10-04 13:15:03 MESSAGE("nlp_grad_f::eval") [.../casadi/core/sx_function.cpp:77]
CasADi - 2026-10-04 13:15:03 MESSAGE("nlp_jac_g::eval") [.../casadi/core/sx_function.cpp:77]
CasADi - 2026-10-04 13:15:03 MESSAGE("nlp_hess_l::eval") [.../casadi/core/sx_function.cpp:77]
  13  2.1918096e+00 1.38e+00 2.13e+04  -1.0 3.90e+01   2.0 4.10e-03 5.75e-03h  1
CasADi - 2026-10-04 13:15:03 MESSAGE("nlp_g::eval") [.../casadi/core/sx_function.cpp:77]
CasADi - 2026-10-04 13:15:03 MESSAGE("nlp_f::eval") [.../casadi/core/sx_function.cpp:77]
CasADi - 2026-10-04 13:15:03 MESSAGE("nlp_grad_f::eval") [.../casadi/core/sx_function.cpp:77]
CasADi - 2026-10-04 13:15:03 MESSAGE("nlp_jac_g::eval") [.../casadi/core/sx_function.cpp:77]
CasADi - 2026-10-04 13:15:03 MESSAGE("nlp_hess_l::eval") [.../casadi/core/sx_function.cpp:77]
  14  2.2083102e+00 1.38e+00 3.10e+04  -1.0 3.89e+01   2.5 8.03e-03 2.05e-03h  1
CasADi - 2026-10-04 13:15:03 MESSAGE("nlp_g::eval") [.../casadi/core/sx_function.cpp:77]
CasADi - 2026-10-04 13:15:03 MESSAGE("nlp_f::eval") [.../casadi/core/sx_function.cpp:77]
CasADi - 2026-10-04 13:15:03 MESSAGE("nlp_grad_f::eval") [.../casadi/core/sx_function.cpp:77]
CasADi - 2026-10-04 13:15:03 MESSAGE("nlp_jac_g::eval") [.../casadi/core/sx_function.cpp:77]
CasADi - 2026-10-04 13:15:03 MESSAGE("nlp_hess_l::eval") [.../casadi/core/sx_function.cpp:77]
  15  2.2089119e+00 1.38e+00 4.56e+04  -1.0 1.34e+01   2.9 5.41e-03 1.50e-04h  1
CasADi - 2026-10-04 13:15:03 MESSAGE("nlp_g::eval") [.../casadi/core/sx_function.cpp:77]
CasADi - 2026-10-04 13:15:03 MESSAGE("nlp_f::eval") [.../casadi/core/sx_function.cpp:77]
CasADi - 2026-10-04 13:15:03 MESSAGE("nlp_grad_f::eval") [.../casadi/core/sx_function.cpp:77]
CasADi - 2026-10-04 13:15:03 MESSAGE("nlp_jac_g::eval") [.../casadi/core/sx_function.cpp:77]
CasADi - 2026-10-04 13:15:03 MESSAGE("nlp_hess_l::eval") [.../casadi/core/sx_function.cpp:77]
  16  2.2110074e+00 1.37e+00 4.54e+04  -1.0 4.88e+01   2.4 9.04e-04 3.86e-04h  1
CasADi - 2026-10-04 13:15:03 MESSAGE("nlp_g::eval") [.../casadi/core/sx_function.cpp:77]
CasADi - 2026-10-04 13:15:03 MESSAGE("nlp_f::eval") [.../casadi/core/sx_function.cpp:77]
CasADi - 2026-10-04 13:15:03 MESSAGE("nlp_grad_f::eval") [.../casadi/core/sx_function.cpp:77]
CasADi - 2026-10-04 13:15:03 MESSAGE("nlp_jac_g::eval") [.../casadi/core/sx_function.cpp:77]
CasADi - 2026-10-04 13:15:03 MESSAGE("nlp_hess_l::eval") [.../casadi/core/sx_function.cpp:77]
  17  2.2467911e+00 1.36e+00 3.72e+04  -1.0 1.30e+01   2.8 5.23e-03 9.56e-03f  1
CasADi - 2026-10-04 13:15:03 MESSAGE("nlp_g::eval") [.../casadi/core/sx_function.cpp:77]
CasADi - 2026-10-04 13:15:03 MESSAGE("nlp_f::eval") [.../casadi/core/sx_function.cpp:77]
CasADi - 2026-10-04 13:15:03 MESSAGE("nlp_grad_f::eval") [.../casadi/core/sx_function.cpp:77]
CasADi - 2026-10-04 13:15:03 MESSAGE("nlp_jac_g::eval") [.../casadi/core/sx_function.cpp:77]
CasADi - 2026-10-04 13:15:03 MESSAGE("nlp_hess_l::eval") [.../casadi/core/sx_function.cpp:77]
  18  2.2469974e+00 1.36e+00 7.42e+04  -1.0 1.09e+01   3.3 9.01e-03 1.29e-04h  1
CasADi - 2026-10-04 13:15:03 MESSAGE("nlp_g::eval") [.../casadi/core/sx_function.cpp:77]
CasADi - 2026-10-04 13:15:03 MESSAGE("nlp_f::eval") [.../casadi/core/sx_function.cpp:77]
CasADi - 2026-10-04 13:15:03 MESSAGE("nlp_grad_f::eval") [.../casadi/core/sx_function.cpp:77]
CasADi - 2026-10-04 13:15:03 MESSAGE("nlp_jac_g::eval") [.../casadi/core/sx_function.cpp:77]
CasADi - 2026-10-04 13:15:03 MESSAGE("nlp_hess_l::eval") [.../casadi/core/sx_function.cpp:77]
  19  2.2472874e+00 1.36e+00 7.67e+04  -1.0 2.43e+01   2.8 7.63e-03 8.25e-05h  1
CasADi - 2026-10-04 13:15:03 MESSAGE("nlp_g::eval") [.../casadi/core/sx_function.cpp:77]
CasADi - 2026-10-04 13:15:03 MESSAGE("nlp_f::eval") [.../casadi/core/sx_function.cpp:77]
CasADi - 2026-10-04 13:15:03 MESSAGE("nlp_grad_f::eval") [.../casadi/core/sx_function.cpp:77]
CasADi - 2026-10-04 13:15:03 MESSAGE("nlp_jac_g::eval") [.../casadi/core/sx_function.cpp:77]
CasADi - 2026-10-04 13:15:03 MESSAGE("nlp_hess_l::eval") [.../casadi/core/sx_function.cpp:77]
iter    objective    inf_pr   inf_du lg(mu)  ||d||  lg(rg) alpha_du alpha_pr  ls
  20  2.2633372e+00 1.35e+00 5.52e+04  -1.0 1.13e+01   3.2 3.17e-03 8.97e-03f  1
CasADi - 2026-10-04 13:15:03 MESSAGE("nlp_g::eval") [.../casadi/core/sx_function.cpp:77]
CasADi - 2026-10-04 13:15:03 MESSAGE("nlp_f::eval") [.../casadi/core/sx_function.cpp:77]
CasADi - 2026-10-04 13:15:03 MESSAGE("nlp_grad_f::eval") [.../casadi/core/sx_function.cpp:77]
CasADi - 2026-10-04 13:15:03 MESSAGE("nlp_jac_g::eval") [.../casadi/core/sx_function.cpp:77]
CasADi - 2026-10-04 13:15:03 MESSAGE("nlp_hess_l::eval") [.../casadi/core/sx_function.cpp:77]
  21  2.2633991e+00 1.35e+00 1.86e+05  -1.0 9.66e+00   3.6 1.68e-02 7.70e-05h  1
CasADi - 2026-10-04 13:15:03 MESSAGE("nlp_g::eval") [.../casadi/core/sx_function.cpp:77]
CasADi - 2026-10-04 13:15:03 MESSAGE("nlp_f::eval") [.../casadi/core/sx_function.cpp:77]
CasADi - 2026-10-04 13:15:03 MESSAGE("nlp_grad_f::eval") [.../casadi/core/sx_function.cpp:77]
CasADi - 2026-10-04 13:15:03 MESSAGE("nlp_jac_g::eval") [.../casadi/core/sx_function.cpp:77]
CasADi - 2026-10-04 13:15:03 MESSAGE("nlp_hess_l::eval") [.../casadi/core/sx_function.cpp:77]
  22  2.2906641e+00 1.34e+00 1.73e+05  -1.0 1.56e+01   3.2 6.99e-05 1.02e-02f  1
CasADi - 2026-10-04 13:15:03 MESSAGE("nlp_g::eval") [.../casadi/core/sx_function.cpp:77]
CasADi - 2026-10-04 13:15:03 MESSAGE("nlp_f::eval") [.../casadi/core/sx_function.cpp:77]
CasADi - 2026-10-04 13:15:03 MESSAGE("nlp_grad_f::eval") [.../casadi/core/sx_function.cpp:77]
CasADi - 2026-10-04 13:15:03 MESSAGE("nlp_jac_g::eval") [.../casadi/core/sx_function.cpp:77]
CasADi - 2026-10-04 13:15:03 MESSAGE("nlp_hess_l::eval") [.../casadi/core/sx_function.cpp:77]
  23  2.2951173e+00 1.33e+00 1.72e+05  -1.0 1.02e+01   3.6 1.04e-03 1.86e-03f  1
CasADi - 2026-10-04 13:15:03 MESSAGE("nlp_g::eval") [.../casadi/core/sx_function.cpp:77]
CasADi - 2026-10-04 13:15:03 MESSAGE("nlp_f::eval") [.../casadi/core/sx_function.cpp:77]
CasADi - 2026-10-04 13:15:03 MESSAGE("nlp_grad_f::eval") [.../casadi/core/sx_function.cpp:77]
CasADi - 2026-10-04 13:15:03 MESSAGE("nlp_jac_g::eval") [.../casadi/core/sx_function.cpp:77]
CasADi - 2026-10-04 13:15:03 MESSAGE("nlp_hess_l::eval") [.../casadi/core/sx_function.cpp:77]
  24  2.2953730e+00 1.33e+00 1.78e+05  -1.0 8.59e+00   4.0 1.04e-03 2.93e-04h  1
CasADi - 2026-10-04 13:15:03 MESSAGE("nlp_g::eval") [.../casadi/core/sx_function.cpp:77]
CasADi - 2026-10-04 13:15:03 MESSAGE("nlp_f::eval") [.../casadi/core/sx_function.cpp:77]
CasADi - 2026-10-04 13:15:03 MESSAGE("nlp_grad_f::eval") [.../casadi/core/sx_function.cpp:77]
CasADi - 2026-10-04 13:15:03 MESSAGE("nlp_jac_g::eval") [.../casadi/core/sx_function.cpp:77]
CasADi - 2026-10-04 13:15:03 MESSAGE("nlp_hess_l::eval") [.../casadi/core/sx_function.cpp:77]
  25  2.2956493e+00 1.33e+00 1.78e+05  -1.0 1.16e+01   3.5 8.73e-04 9.25e-05h  1
CasADi - 2026-10-04 13:15:04 MESSAGE("nlp_g::eval") [.../casadi/core/sx_function.cpp:77]
CasADi - 2026-10-04 13:15:04 MESSAGE("nlp_f::eval") [.../casadi/core/sx_function.cpp:77]
CasADi - 2026-10-04 13:15:04 MESSAGE("nlp_grad_f::eval") [.../casadi/core/sx_function.cpp:77]
CasADi - 2026-10-04 13:15:04 MESSAGE("nlp_jac_g::eval") [.../casadi/core/sx_function.cpp:77]
CasADi - 2026-10-04 13:15:04 MESSAGE("nlp_hess_l::eval") [.../casadi/core/sx_function.cpp:77]
  26  2.2975906e+00 1.33e+00 1.68e+05  -1.0 8.45e+00   4.0 4.88e-04 1.77e-03f  1
CasADi - 2026-10-04 13:15:04 MESSAGE("nlp_g::eval") [.../casadi/core/sx_function.cpp:77]
CasADi - 2026-10-04 13:15:04 MESSAGE("nlp_f::eval") [.../casadi/core/sx_function.cpp:77]
CasADi - 2026-10-04 13:15:04 MESSAGE("nlp_grad_f::eval") [.../casadi/core/sx_function.cpp:77]
CasADi - 2026-10-04 13:15:04 MESSAGE("nlp_jac_g::eval") [.../casadi/core/sx_function.cpp:77]
CasADi - 2026-10-04 13:15:04 MESSAGE("nlp_hess_l::eval") [.../casadi/core/sx_function.cpp:77]
  27  2.3044305e+00 1.33e+00 1.70e+05  -1.0 1.46e+01   3.5 6.34e-04 1.81e-03f  1
CasADi - 2026-10-04 13:15:04 MESSAGE("nlp_g::eval") [.../casadi/core/sx_function.cpp:77]
CasADi - 2026-10-04 13:15:04 MESSAGE("nlp_f::eval") [.../casadi/core/sx_function.cpp:77]
CasADi - 2026-10-04 13:15:04 MESSAGE("nlp_grad_f::eval") [.../casadi/core/sx_function.cpp:77]
CasADi - 2026-10-04 13:15:04 MESSAGE("nlp_jac_g::eval") [.../casadi/core/sx_function.cpp:77]
CasADi - 2026-10-04 13:15:04 MESSAGE("nlp_hess_l::eval") [.../casadi/core/sx_function.cpp:77]
  28  2.3086091e+00 1.32e+00 3.69e+05  -1.0 9.25e+00   3.9 6.55e-04 2.75e-03h  1
CasADi - 2026-10-04 13:15:04 MESSAGE("nlp_g::eval") [.../casadi/core/sx_function.cpp:77]
CasADi - 2026-10-04 13:15:04 MESSAGE("nlp_f::eval") [.../casadi/core/sx_function.cpp:77]
CasADi - 2026-10-04 13:15:04 MESSAGE("nlp_grad_f::eval") [.../casadi/core/sx_function.cpp:77]
CasADi - 2026-10-04 13:15:04 MESSAGE("nlp_jac_g::eval") [.../casadi/core/sx_function.cpp:77]
CasADi - 2026-10-04 13:15:04 MESSAGE("nlp_hess_l::eval") [.../casadi/core/sx_function.cpp:77]
  29  2.3115531e+00 1.32e+00 3.80e+05  -1.0 2.28e+01   3.4 4.36e-05 6.36e-04f  1
CasADi - 2026-10-04 13:15:04 MESSAGE("nlp_g::eval") [.../casadi/core/sx_function.cpp:77]
CasADi - 2026-10-04 13:15:04 MESSAGE("nlp_f::eval") [.../casadi/core/sx_function.cpp:77]
CasADi - 2026-10-04 13:15:04 MESSAGE("nlp_grad_f::eval") [.../casadi/core/sx_function.cpp:77]
CasADi - 2026-10-04 13:15:04 MESSAGE("nlp_jac_g::eval") [.../casadi/core/sx_function.cpp:77]
CasADi - 2026-10-04 13:15:04 MESSAGE("nlp_hess_l::eval") [.../casadi/core/sx_function.cpp:77]
iter    objective    inf_pr   inf_du lg(mu)  ||d||  lg(rg) alpha_du alpha_pr  ls
  30  2.3188075e+00 1.32e+00 4.04e+05  -1.0 9.84e+00   3.9 1.38e-03 4.14e-03f  1
CasADi - 2026-10-04 13:15:04 MESSAGE("nlp_g::eval") [.../casadi/core/sx_function.cpp:77]
CasADi - 2026-10-04 13:15:04 MESSAGE("nlp_f::eval") [.../casadi/core/sx_function.cpp:77]
CasADi - 2026-10-04 13:15:04 MESSAGE("nlp_grad_f::eval") [.../casadi/core/sx_function.cpp:77]
CasADi - 2026-10-04 13:15:04 MESSAGE("nlp_jac_g::eval") [.../casadi/core/sx_function.cpp:77]
CasADi - 2026-10-04 13:15:04 MESSAGE("nlp_hess_l::eval") [.../casadi/core/sx_function.cpp:77]
  31  2.3216334e+00 1.32e+00 3.93e+05  -1.0 4.87e+01   3.4 2.81e-03 4.72e-04h  1
CasADi - 2026-10-04 13:15:04 MESSAGE("nlp_g::eval") [.../casadi/core/sx_function.cpp:77]
CasADi - 2026-10-04 13:15:04 MESSAGE("nlp_f::eval") [.../casadi/core/sx_function.cpp:77]
CasADi - 2026-10-04 13:15:04 MESSAGE("nlp_grad_f::eval") [.../casadi/core/sx_function.cpp:77]
CasADi - 2026-10-04 13:15:04 MESSAGE("nlp_jac_g::eval") [.../casadi/core/sx_function.cpp:77]
CasADi - 2026-10-04 13:15:04 MESSAGE("nlp_hess_l::eval") [.../casadi/core/sx_function.cpp:77]
  32  2.3216507e+00 1.32e+00 3.55e+05  -1.0 1.05e+01   3.8 4.12e-03 1.10e-05h  1
CasADi - 2026-10-04 13:15:04 MESSAGE("nlp_g::eval") [.../casadi/core/sx_function.cpp:77]
CasADi - 2026-10-04 13:15:04 MESSAGE("nlp_f::eval") [.../casadi/core/sx_function.cpp:77]
CasADi - 2026-10-04 13:15:04 MESSAGE("nlp_grad_f::eval") [.../casadi/core/sx_function.cpp:77]
CasADi - 2026-10-04 13:15:04 MESSAGE("nlp_jac_g::eval") [.../casadi/core/sx_function.cpp:77]
CasADi - 2026-10-04 13:15:04 MESSAGE("nlp_hess_l::eval") [.../casadi/core/sx_function.cpp:77]
  33  2.3228141e+00 1.32e+00 4.65e+05  -1.0 1.59e+01   3.3 1.30e-02 1.29e-03f  1
CasADi - 2026-10-04 13:15:04 MESSAGE("nlp_g::eval") [.../casadi/core/sx_function.cpp:77]
CasADi - 2026-10-04 13:15:04 MESSAGE("nlp_f::eval") [.../casadi/core/sx_function.cpp:77]
CasADi - 2026-10-04 13:15:04 MESSAGE("nlp_grad_f::eval") [.../casadi/core/sx_function.cpp:77]
CasADi - 2026-10-04 13:15:04 MESSAGE("nlp_jac_g::eval") [.../casadi/core/sx_function.cpp:77]
CasADi - 2026-10-04 13:15:04 MESSAGE("nlp_hess_l::eval") [.../casadi/core/sx_function.cpp:77]
  34  2.3242109e+00 1.30e+00 8.37e+05  -1.0 1.46e+01   3.8 1.56e-02 8.51e-03f  1
CasADi - 2026-10-04 13:15:04 MESSAGE("nlp_g::eval") [.../casadi/core/sx_function.cpp:77]
CasADi - 2026-10-04 13:15:04 MESSAGE("nlp_f::eval") [.../casadi/core/sx_function.cpp:77]
CasADi - 2026-10-04 13:15:04 MESSAGE("nlp_grad_f::eval") [.../casadi/core/sx_function.cpp:77]
CasADi - 2026-10-04 13:15:04 MESSAGE("nlp_jac_g::eval") [.../casadi/core/sx_function.cpp:77]
CasADi - 2026-10-04 13:15:04 MESSAGE("nlp_hess_l::eval") [.../casadi/core/sx_function.cpp:77]
  35  2.3271023e+00 1.30e+00 8.57e+05  -1.0 3.35e+01   3.3 2.28e-03 1.37e-03f  1
CasADi - 2026-10-04 13:15:04 MESSAGE("nlp_g::eval") [.../casadi/core/sx_function.cpp:77]
CasADi - 2026-10-04 13:15:04 MESSAGE("nlp_f::eval") [.../casadi/core/sx_function.cpp:77]
CasADi - 2026-10-04 13:15:04 MESSAGE("nlp_grad_f::eval") [.../casadi/core/sx_function.cpp:77]
CasADi - 2026-10-04 13:15:04 MESSAGE("nlp_jac_g::eval") [.../casadi/core/sx_function.cpp:77]
CasADi - 2026-10-04 13:15:04 MESSAGE("nlp_hess_l::eval") [.../casadi/core/sx_function.cpp:77]
  36  2.3283787e+00 1.30e+00 1.72e+06  -1.0 1.63e+01   3.7 2.18e-02 1.68e-03f  1
CasADi - 2026-10-04 13:15:04 MESSAGE("nlp_g::eval") [.../casadi/core/sx_function.cpp:77]
CasADi - 2026-10-04 13:15:04 MESSAGE("nlp_f::eval") [.../casadi/core/sx_function.cpp:77]
CasADi - 2026-10-04 13:15:04 MESSAGE("nlp_grad_f::eval") [.../casadi/core/sx_function.cpp:77]
CasADi - 2026-10-04 13:15:04 MESSAGE("nlp_jac_g::eval") [.../casadi/core/sx_function.cpp:77]
CasADi - 2026-10-04 13:15:04 MESSAGE("nlp_hess_l::eval") [.../casadi/core/sx_function.cpp:77]
  37  2.3292503e+00 1.29e+00 3.53e+06  -1.0 1.47e+01   4.1 2.00e-02 5.57e-03h  1
CasADi - 2026-10-04 13:15:04 MESSAGE("nlp_g::eval") [.../casadi/core/sx_function.cpp:77]
CasADi - 2026-10-04 13:15:04 MESSAGE("nlp_f::eval") [.../casadi/core/sx_function.cpp:77]
CasADi - 2026-10-04 13:15:04 MESSAGE("nlp_grad_f::eval") [.../casadi/core/sx_function.cpp:77]
CasADi - 2026-10-04 13:15:04 MESSAGE("nlp_jac_g::eval") [.../casadi/core/sx_function.cpp:77]
CasADi - 2026-10-04 13:15:04 MESSAGE("nlp_hess_l::eval") [.../casadi/core/sx_function.cpp:77]
  38  2.3313200e+00 1.29e+00 3.76e+06  -1.0 2.03e+01   3.7 1.59e-02 1.30e-03h  1
CasADi - 2026-10-04 13:15:04 MESSAGE("nlp_g::eval") [.../casadi/core/sx_function.cpp:77]
CasADi - 2026-10-04 13:15:04 MESSAGE("nlp_f::eval") [.../casadi/core/sx_function.cpp:77]
CasADi - 2026-10-04 13:15:04 MESSAGE("nlp_grad_f::eval") [.../casadi/core/sx_function.cpp:77]
CasADi - 2026-10-04 13:15:04 MESSAGE("nlp_jac_g::eval") [.../casadi/core/sx_function.cpp:77]
CasADi - 2026-10-04 13:15:04 MESSAGE("nlp_hess_l::eval") [.../casadi/core/sx_function.cpp:77]
  39  2.3419438e+00 1.28e+00 4.96e+06  -1.0 1.53e+01   4.1 2.52e-02 9.59e-03h  1
CasADi - 2026-10-04 13:15:04 MESSAGE("nlp_g::eval") [.../casadi/core/sx_function.cpp:77]
CasADi - 2026-10-04 13:15:04 MESSAGE("nlp_f::eval") [.../casadi/core/sx_function.cpp:77]
CasADi - 2026-10-04 13:15:04 MESSAGE("nlp_grad_f::eval") [.../casadi/core/sx_function.cpp:77]
CasADi - 2026-10-04 13:15:04 MESSAGE("nlp_jac_g::eval") [.../casadi/core/sx_function.cpp:77]
CasADi - 2026-10-04 13:15:04 MESSAGE("nlp_hess_l::eval") [.../casadi/core/sx_function.cpp:77]
iter    objective    inf_pr   inf_du lg(mu)  ||d||  lg(rg) alpha_du alpha_pr  ls
  40  2.3424132e+00 1.28e+00 8.67e+06  -1.0 1.27e+01   4.5 2.34e-02 2.93e-04h  1
CasADi - 2026-10-04 13:15:04 MESSAGE("nlp_g::eval") [.../casadi/core/sx_function.cpp:77]
CasADi - 2026-10-04 13:15:04 MESSAGE("nlp_f::eval") [.../casadi/core/sx_function.cpp:77]
CasADi - 2026-10-04 13:15:04 MESSAGE("nlp_grad_f::eval") [.../casadi/core/sx_function.cpp:77]
CasADi - 2026-10-04 13:15:04 MESSAGE("nlp_jac_g::eval") [.../casadi/core/sx_function.cpp:77]
CasADi - 2026-10-04 13:15:04 MESSAGE("nlp_hess_l::eval") [.../casadi/core/sx_function.cpp:77]
  41  2.3619226e+00 1.27e+00 8.76e+06  -1.0 1.60e+01   4.0 2.99e-02 8.11e-03h  1
CasADi - 2026-10-04 13:15:04 MESSAGE("nlp_g::eval") [.../casadi/core/sx_function.cpp:77]
CasADi - 2026-10-04 13:15:04 MESSAGE("nlp_f::eval") [.../casadi/core/sx_function.cpp:77]
CasADi - 2026-10-04 13:15:04 MESSAGE("nlp_grad_f::eval") [.../casadi/core/sx_function.cpp:77]
CasADi - 2026-10-04 13:15:04 MESSAGE("nlp_jac_g::eval") [.../casadi/core/sx_function.cpp:77]
CasADi - 2026-10-04 13:15:04 MESSAGE("nlp_hess_l::eval") [.../casadi/core/sx_function.cpp:77]
  42  2.3629611e+00 1.27e+00 9.43e+06  -1.0 1.13e+01   4.5 1.29e-02 4.56e-04h  1
CasADi - 2026-10-04 13:15:04 MESSAGE("nlp_g::eval") [.../casadi/core/sx_function.cpp:77]
CasADi - 2026-10-04 13:15:04 MESSAGE("nlp_f::eval") [.../casadi/core/sx_function.cpp:77]
CasADi - 2026-10-04 13:15:04 MESSAGE("nlp_grad_f::eval") [.../casadi/core/sx_function.cpp:77]
CasADi - 2026-10-04 13:15:04 MESSAGE("nlp_jac_g::eval") [.../casadi/core/sx_function.cpp:77]
CasADi - 2026-10-04 13:15:04 MESSAGE("nlp_hess_l::eval") [.../casadi/core/sx_function.cpp:77]
  43  2.3714384e+00 1.26e+00 9.18e+06  -1.0 1.78e+01   4.0 6.56e-03 2.21e-03h  1
CasADi - 2026-10-04 13:15:04 MESSAGE("nlp_g::eval") [.../casadi/core/sx_function.cpp:77]
CasADi - 2026-10-04 13:15:04 MESSAGE("nlp_f::eval") [.../casadi/core/sx_function.cpp:77]
CasADi - 2026-10-04 13:15:04 MESSAGE("nlp_grad_f::eval") [.../casadi/core/sx_function.cpp:77]
CasADi - 2026-10-04 13:15:04 MESSAGE("nlp_jac_g::eval") [.../casadi/core/sx_function.cpp:77]
CasADi - 2026-10-04 13:15:04 MESSAGE("nlp_hess_l::eval") [.../casadi/core/sx_function.cpp:77]
  44  2.3766762e+00 1.26e+00 9.10e+06  -1.0 1.14e+01   4.4 3.80e-05 2.23e-03h  1
CasADi - 2026-10-04 13:15:04 MESSAGE("nlp_g::eval") [.../casadi/core/sx_function.cpp:77]
CasADi - 2026-10-04 13:15:04 MESSAGE("nlp_f::eval") [.../casadi/core/sx_function.cpp:77]
CasADi - 2026-10-04 13:15:04 MESSAGE("nlp_grad_f::eval") [.../casadi/core/sx_function.cpp:77]
CasADi - 2026-10-04 13:15:04 MESSAGE("nlp_jac_g::eval") [.../casadi/core/sx_function.cpp:77]
CasADi - 2026-10-04 13:15:04 MESSAGE("nlp_hess_l::eval") [.../casadi/core/sx_function.cpp:77]
  45  2.3774724e+00 1.26e+00 8.80e+06  -1.0 2.37e+01   3.9 4.20e-03 1.84e-04h  1
CasADi - 2026-10-04 13:15:04 MESSAGE("nlp_g::eval") [.../casadi/core/sx_function.cpp:77]
CasADi - 2026-10-04 13:15:04 MESSAGE("nlp_f::eval") [.../casadi/core/sx_function.cpp:77]
CasADi - 2026-10-04 13:15:04 MESSAGE("nlp_grad_f::eval") [.../casadi/core/sx_function.cpp:77]
CasADi - 2026-10-04 13:15:04 MESSAGE("nlp_jac_g::eval") [.../casadi/core/sx_function.cpp:77]
CasADi - 2026-10-04 13:15:04 MESSAGE("nlp_hess_l::eval") [.../casadi/core/sx_function.cpp:77]
  46  2.3942645e+00 1.25e+00 8.74e+06  -1.0 1.15e+01   4.4 5.84e-03 6.97e-03h  1
CasADi - 2026-10-04 13:15:04 MESSAGE("nlp_g::eval") [.../casadi/core/sx_function.cpp:77]
CasADi - 2026-10-04 13:15:04 MESSAGE("nlp_f::eval") [.../casadi/core/sx_function.cpp:77]
CasADi - 2026-10-04 13:15:04 MESSAGE("nlp_grad_f::eval") [.../casadi/core/sx_function.cpp:77]
CasADi - 2026-10-04 13:15:04 MESSAGE("nlp_jac_g::eval") [.../casadi/core/sx_function.cpp:77]
CasADi - 2026-10-04 13:15:04 MESSAGE("nlp_hess_l::eval") [.../casadi/core/sx_function.cpp:77]
  47  2.3943760e+00 1.25e+00 1.06e+07  -1.0 1.04e+01   4.8 1.17e-02 7.30e-05h  1
CasADi - 2026-10-04 13:15:04 MESSAGE("nlp_g::eval") [.../casadi/core/sx_function.cpp:77]
CasADi - 2026-10-04 13:15:04 MESSAGE("nlp_f::eval") [.../casadi/core/sx_function.cpp:77]
CasADi - 2026-10-04 13:15:04 MESSAGE("nlp_grad_f::eval") [.../casadi/core/sx_function.cpp:77]
CasADi - 2026-10-04 13:15:04 MESSAGE("nlp_jac_g::eval") [.../casadi/core/sx_function.cpp:77]
CasADi - 2026-10-04 13:15:04 MESSAGE("nlp_hess_l::eval") [.../casadi/core/sx_function.cpp:77]
  48  2.3966590e+00 1.25e+00 1.05e+07  -1.0 1.79e+01   4.3 1.18e-04 7.18e-04f  1
CasADi - 2026-10-04 13:15:04 MESSAGE("nlp_g::eval") [.../casadi/core/sx_function.cpp:77]
CasADi - 2026-10-04 13:15:04 MESSAGE("nlp_f::eval") [.../casadi/core/sx_function.cpp:77]
CasADi - 2026-10-04 13:15:04 MESSAGE("nlp_grad_f::eval") [.../casadi/core/sx_function.cpp:77]
CasADi - 2026-10-04 13:15:04 MESSAGE("nlp_jac_g::eval") [.../casadi/core/sx_function.cpp:77]
CasADi - 2026-10-04 13:15:04 MESSAGE("nlp_hess_l::eval") [.../casadi/core/sx_function.cpp:77]
  49  2.3974073e+00 1.25e+00 1.04e+07  -1.0 1.43e+01   4.7 4.62e-05 2.99e-04f  1
CasADi - 2026-10-04 13:15:04 MESSAGE("nlp_g::eval") [.../casadi/core/sx_function.cpp:77]
CasADi - 2026-10-04 13:15:04 MESSAGE("nlp_f::eval") [.../casadi/core/sx_function.cpp:77]
CasADi - 2026-10-04 13:15:04 MESSAGE("nlp_grad_f::eval") [.../casadi/core/sx_function.cpp:77]
CasADi - 2026-10-04 13:15:04 MESSAGE("nlp_jac_g::eval") [.../casadi/core/sx_function.cpp:77]
CasADi - 2026-10-04 13:15:04 MESSAGE("nlp_hess_l::eval") [.../casadi/core/sx_function.cpp:77]
iter    objective    inf_pr   inf_du lg(mu)  ||d||  lg(rg) alpha_du alpha_pr  ls
  50  2.3983393e+00 1.25e+00 1.91e+07  -1.0 1.31e+01   5.2 9.45e-05 4.96e-04h  1
CasADi - 2026-10-04 13:15:04 MESSAGE("nlp_g::eval") [.../casadi/core/sx_function.cpp:77]
CasADi - 2026-10-04 13:15:04 MESSAGE("nlp_f::eval") [.../casadi/core/sx_function.cpp:77]
CasADi - 2026-10-04 13:15:04 MESSAGE("nlp_grad_f::eval") [.../casadi/core/sx_function.cpp:77]
CasADi - 2026-10-04 13:15:04 MESSAGE("nlp_jac_g::eval") [.../casadi/core/sx_function.cpp:77]
CasADi - 2026-10-04 13:15:04 MESSAGE("nlp_hess_l::eval") [.../casadi/core/sx_function.cpp:77]
  51  2.3993697e+00 1.25e+00 2.18e+07  -1.0 1.48e+01   4.7 1.19e-04 3.98e-04h  1
CasADi - 2026-10-04 13:15:04 MESSAGE("nlp_g::eval") [.../casadi/core/sx_function.cpp:77]
CasADi - 2026-10-04 13:15:04 MESSAGE("nlp_f::eval") [.../casadi/core/sx_function.cpp:77]
CasADi - 2026-10-04 13:15:04 MESSAGE("nlp_grad_f::eval") [.../casadi/core/sx_function.cpp:77]
CasADi - 2026-10-04 13:15:04 MESSAGE("nlp_jac_g::eval") [.../casadi/core/sx_function.cpp:77]
CasADi - 2026-10-04 13:15:04 MESSAGE("nlp_hess_l::eval") [.../casadi/core/sx_function.cpp:77]
  52  2.3999063e+00 1.25e+00 2.21e+07  -1.0 1.00e+01   5.1 1.47e-05 4.50e-04h  1
CasADi - 2026-10-04 13:15:04 MESSAGE("nlp_g::eval") [.../casadi/core/sx_function.cpp:77]
CasADi - 2026-10-04 13:15:04 MESSAGE("nlp_f::eval") [.../casadi/core/sx_function.cpp:77]
CasADi - 2026-10-04 13:15:04 MESSAGE("nlp_grad_f::eval") [.../casadi/core/sx_function.cpp:77]
CasADi - 2026-10-04 13:15:04 MESSAGE("nlp_jac_g::eval") [.../casadi/core/sx_function.cpp:77]
CasADi - 2026-10-04 13:15:04 MESSAGE("nlp_hess_l::eval") [.../casadi/core/sx_function.cpp:77]
  53  2.4024741e+00 1.25e+00 2.20e+07  -1.0 1.12e+01   4.6 4.53e-04 1.57e-03h  1
CasADi - 2026-10-04 13:15:04 MESSAGE("nlp_g::eval") [.../casadi/core/sx_function.cpp:77]
CasADi - 2026-10-04 13:15:04 MESSAGE("nlp_f::eval") [.../casadi/core/sx_function.cpp:77]
CasADi - 2026-10-04 13:15:04 MESSAGE("nlp_grad_f::eval") [.../casadi/core/sx_function.cpp:77]
CasADi - 2026-10-04 13:15:04 MESSAGE("nlp_jac_g::eval") [.../casadi/core/sx_function.cpp:77]
CasADi - 2026-10-04 13:15:04 MESSAGE("nlp_hess_l::eval") [.../casadi/core/sx_function.cpp:77]
  54  2.4035583e+00 1.25e+00 2.20e+07  -1.0 3.17e+01   4.2 7.59e-04 4.38e-04h  1
CasADi - 2026-10-04 13:15:04 MESSAGE("nlp_g::eval") [.../casadi/core/sx_function.cpp:77]
CasADi - 2026-10-04 13:15:04 MESSAGE("nlp_f::eval") [.../casadi/core/sx_function.cpp:77]
CasADi - 2026-10-04 13:15:04 MESSAGE("nlp_grad_f::eval") [.../casadi/core/sx_function.cpp:77]
CasADi - 2026-10-04 13:15:04 MESSAGE("nlp_jac_g::eval") [.../casadi/core/sx_function.cpp:77]
CasADi - 2026-10-04 13:15:04 MESSAGE("nlp_hess_l::eval") [.../casadi/core/sx_function.cpp:77]
  55  2.4049038e+00 1.25e+00 2.20e+07  -1.0 1.16e+01   4.6 5.66e-04 7.93e-04h  1
CasADi - 2026-10-04 13:15:04 MESSAGE("nlp_g::eval") [.../casadi/core/sx_function.cpp:77]
CasADi - 2026-10-04 13:15:04 MESSAGE("nlp_f::eval") [.../casadi/core/sx_function.cpp:77]
CasADi - 2026-10-04 13:15:04 MESSAGE("nlp_grad_f::eval") [.../casadi/core/sx_function.cpp:77]
CasADi - 2026-10-04 13:15:04 MESSAGE("nlp_jac_g::eval") [.../casadi/core/sx_function.cpp:77]
CasADi - 2026-10-04 13:15:04 MESSAGE("nlp_hess_l::eval") [.../casadi/core/sx_function.cpp:77]
  56  2.4067098e+00 1.25e+00 2.20e+07  -1.0 1.60e+02   4.1 7.49e-05 4.41e-04h  1
CasADi - 2026-10-04 13:15:04 MESSAGE("nlp_g::eval") [.../casadi/core/sx_function.cpp:77]
CasADi - 2026-10-04 13:15:04 MESSAGE("nlp_f::eval") [.../casadi/core/sx_function.cpp:77]
CasADi - 2026-10-04 13:15:04 MESSAGE("nlp_grad_f::eval") [.../casadi/core/sx_function.cpp:77]
CasADi - 2026-10-04 13:15:04 MESSAGE("nlp_jac_g::eval") [.../casadi/core/sx_function.cpp:77]
CasADi - 2026-10-04 13:15:04 MESSAGE("nlp_hess_l::eval") [.../casadi/core/sx_function.cpp:77]
  57  2.4068078e+00 1.25e+00 2.20e+07  -1.0 1.18e+01   4.5 3.51e-04 5.49e-05h  1
CasADi - 2026-10-04 13:15:04 MESSAGE("nlp_g::eval") [.../casadi/core/sx_function.cpp:77]
CasADi - 2026-10-04 13:15:04 MESSAGE("nlp_f::eval") [.../casadi/core/sx_function.cpp:77]
CasADi - 2026-10-04 13:15:04 MESSAGE("nlp_g::eval") [.../casadi/core/sx_function.cpp:77]
CasADi - 2026-10-04 13:15:04 MESSAGE("nlp_f::eval") [.../casadi/core/sx_function.cpp:77]
CasADi - 2026-10-04 13:15:04 MESSAGE("nlp_f::eval") [.../casadi/core/sx_function.cpp:77]
CasADi - 2026-10-04 13:15:04 MESSAGE("nlp_g::eval") [.../casadi/core/sx_function.cpp:77]
CasADi - 2026-10-04 13:15:04 MESSAGE("nlp_grad_f::eval") [.../casadi/core/sx_function.cpp:77]
CasADi - 2026-10-04 13:15:04 MESSAGE("nlp_jac_g::eval") [.../casadi/core/sx_function.cpp:77]
CasADi - 2026-10-04 13:15:04 MESSAGE("nlp_g::eval") [.../casadi/core/sx_function.cpp:77]
CasADi - 2026-10-04 13:15:04 MESSAGE("nlp_jac_g::eval") [.../casadi/core/sx_function.cpp:77]
CasADi - 2026-10-04 13:15:04 MESSAGE("nlp_f::eval") [.../casadi/core/sx_function.cpp:77]
  58r 2.4068078e+00 1.25e+00 1.00e+03   0.1 0.00e+00   5.0 0.00e+00 3.14e-07R  3
CasADi - 2026-10-04 13:15:04 MESSAGE("nlp_g::eval") [.../casadi/core/sx_function.cpp:77]
CasADi - 2026-10-04 13:15:04 MESSAGE("nlp_f::eval") [.../casadi/core/sx_function.cpp:77]
CasADi - 2026-10-04 13:15:04 MESSAGE("nlp_jac_g::eval") [.../casadi/core/sx_function.cpp:77]
  59r 3.6084860e+00 8.71e-01 1.27e+03   0.1 1.08e+03    -  1.71e-04 1.14e-03f  1
CasADi - 2026-10-04 13:15:04 MESSAGE("nlp_grad_f::eval") [.../casadi/core/sx_function.cpp:77]
CasADi - 2026-10-04 13:15:04 MESSAGE("nlp_hess_l::eval") [.../casadi/core/sx_function.cpp:77]
CasADi - 2026-10-04 13:15:04 MESSAGE("nlp_g::eval") [.../casadi/core/sx_function.cpp:77]
CasADi - 2026-10-04 13:15:04 MESSAGE("nlp_f::eval") [.../casadi/core/sx_function.cpp:77]
CasADi - 2026-10-04 13:15:04 MESSAGE("nlp_grad_f::eval") [.../casadi/core/sx_function.cpp:77]
CasADi - 2026-10-04 13:15:04 MESSAGE("nlp_jac_g::eval") [.../casadi/core/sx_function.cpp:77]
CasADi - 2026-10-04 13:15:04 MESSAGE("nlp_hess_l::eval") [.../casadi/core/sx_function.cpp:77]
iter    objective    inf_pr   inf_du lg(mu)  ||d||  lg(rg) alpha_du alpha_pr  ls
  60  3.5968577e+00 8.69e-01 1.81e+02  -1.0 3.82e+01    -  5.45e-05 1.92e-03f  1
CasADi - 2026-10-04 13:15:04 MESSAGE("nlp_g::eval") [.../casadi/core/sx_function.cpp:77]
CasADi - 2026-10-04 13:15:04 MESSAGE("nlp_f::eval") [.../casadi/core/sx_function.cpp:77]
CasADi - 2026-10-04 13:15:04 MESSAGE("nlp_grad_f::eval") [.../casadi/core/sx_function.cpp:77]
CasADi - 2026-10-04 13:15:04 MESSAGE("nlp_jac_g::eval") [.../casadi/core/sx_function.cpp:77]
CasADi - 2026-10-04 13:15:04 MESSAGE("nlp_hess_l::eval") [.../casadi/core/sx_function.cpp:77]
  61  3.5980359e+00 8.69e-01 1.81e+02  -1.0 1.30e+00   4.5 4.19e-05 1.97e-04h  1
CasADi - 2026-10-04 13:15:04 MESSAGE("nlp_g::eval") [.../casadi/core/sx_function.cpp:77]
CasADi - 2026-10-04 13:15:04 MESSAGE("nlp_f::eval") [.../casadi/core/sx_function.cpp:77]
CasADi - 2026-10-04 13:15:04 MESSAGE("nlp_g::eval") [.../casadi/core/sx_function.cpp:77]
CasADi - 2026-10-04 13:15:04 MESSAGE("nlp_f::eval") [.../casadi/core/sx_function.cpp:77]
CasADi - 2026-10-04 13:15:04 MESSAGE("nlp_g::eval") [.../casadi/core/sx_function.cpp:77]
CasADi - 2026-10-04 13:15:04 MESSAGE("nlp_f::eval") [.../casadi/core/sx_function.cpp:77]
CasADi - 2026-10-04 13:15:04 MESSAGE("nlp_f::eval") [.../casadi/core/sx_function.cpp:77]
CasADi - 2026-10-04 13:15:04 MESSAGE("nlp_g::eval") [.../casadi/core/sx_function.cpp:77]
CasADi - 2026-10-04 13:15:04 MESSAGE("nlp_grad_f::eval") [.../casadi/core/sx_function.cpp:77]
CasADi - 2026-10-04 13:15:04 MESSAGE("nlp_jac_g::eval") [.../casadi/core/sx_function.cpp:77]
CasADi - 2026-10-04 13:15:04 MESSAGE("nlp_g::eval") [.../casadi/core/sx_function.cpp:77]
CasADi - 2026-10-04 13:15:04 MESSAGE("nlp_jac_g::eval") [.../casadi/core/sx_function.cpp:77]
CasADi - 2026-10-04 13:15:04 MESSAGE("nlp_f::eval") [.../casadi/core/sx_function.cpp:77]
  62r 3.5980359e+00 8.69e-01 9.99e+02  -0.1 0.00e+00   4.0 0.00e+00 2.87e-07R  4
CasADi - 2026-10-04 13:15:04 MESSAGE("nlp_g::eval") [.../casadi/core/sx_function.cpp:77]
CasADi - 2026-10-04 13:15:04 MESSAGE("nlp_f::eval") [.../casadi/core/sx_function.cpp:77]
CasADi - 2026-10-04 13:15:04 MESSAGE("nlp_jac_g::eval") [.../casadi/core/sx_function.cpp:77]
  63r 3.7565719e+00 7.81e-01 9.99e+02  -0.1 6.05e+02    -  4.87e-05 2.11e-04f  1
CasADi - 2026-10-04 13:15:04 MESSAGE("nlp_grad_f::eval") [.../casadi/core/sx_function.cpp:77]
CasADi - 2026-10-04 13:15:04 MESSAGE("nlp_hess_l::eval") [.../casadi/core/sx_function.cpp:77]
CasADi - 2026-10-04 13:15:04 MESSAGE("nlp_g::eval") [.../casadi/core/sx_function.cpp:77]
CasADi - 2026-10-04 13:15:04 MESSAGE("nlp_f::eval") [.../casadi/core/sx_function.cpp:77]
CasADi - 2026-10-04 13:15:04 MESSAGE("nlp_grad_f::eval") [.../casadi/core/sx_function.cpp:77]
CasADi - 2026-10-04 13:15:04 MESSAGE("nlp_jac_g::eval") [.../casadi/core/sx_function.cpp:77]
CasADi - 2026-10-04 13:15:04 MESSAGE("nlp_hess_l::eval") [.../casadi/core/sx_function.cpp:77]
  64  3.7726995e+00 7.73e-01 1.21e+01  -1.0 4.96e+00    -  7.30e-03 9.84e-03f  1
CasADi - 2026-10-04 13:15:04 MESSAGE("nlp_g::eval") [.../casadi/core/sx_function.cpp:77]
CasADi - 2026-10-04 13:15:04 MESSAGE("nlp_f::eval") [.../casadi/core/sx_function.cpp:77]
CasADi - 2026-10-04 13:15:04 MESSAGE("nlp_g::eval") [.../casadi/core/sx_function.cpp:77]
CasADi - 2026-10-04 13:15:04 MESSAGE("nlp_f::eval") [.../casadi/core/sx_function.cpp:77]
CasADi - 2026-10-04 13:15:04 MESSAGE("nlp_g::eval") [.../casadi/core/sx_function.cpp:77]
CasADi - 2026-10-04 13:15:04 MESSAGE("nlp_f::eval") [.../casadi/core/sx_function.cpp:77]
CasADi - 2026-10-04 13:15:04 MESSAGE("nlp_g::eval") [.../casadi/core/sx_function.cpp:77]
CasADi - 2026-10-04 13:15:04 MESSAGE("nlp_f::eval") [.../casadi/core/sx_function.cpp:77]
CasADi - 2026-10-04 13:15:04 MESSAGE("nlp_f::eval") [.../casadi/core/sx_function.cpp:77]
CasADi - 2026-10-04 13:15:04 MESSAGE("nlp_g::eval") [.../casadi/core/sx_function.cpp:77]
CasADi - 2026-10-04 13:15:04 MESSAGE("nlp_grad_f::eval") [.../casadi/core/sx_function.cpp:77]
CasADi - 2026-10-04 13:15:04 MESSAGE("nlp_jac_g::eval") [.../casadi/core/sx_function.cpp:77]
CasADi - 2026-10-04 13:15:04 MESSAGE("nlp_g::eval") [.../casadi/core/sx_function.cpp:77]
CasADi - 2026-10-04 13:15:04 MESSAGE("nlp_jac_g::eval") [.../casadi/core/sx_function.cpp:77]
CasADi - 2026-10-04 13:15:04 MESSAGE("nlp_f::eval") [.../casadi/core/sx_function.cpp:77]
  65r 3.7726995e+00 7.73e-01 9.99e+02  -0.1 0.00e+00   3.5 0.00e+00 4.22e-07R  5
CasADi - 2026-10-04 13:15:04 MESSAGE("nlp_g::eval") [.../casadi/core/sx_function.cpp:77]
CasADi - 2026-10-04 13:15:04 MESSAGE("nlp_f::eval") [.../casadi/core/sx_function.cpp:77]
CasADi - 2026-10-04 13:15:04 MESSAGE("nlp_jac_g::eval") [.../casadi/core/sx_function.cpp:77]
  66r 4.1127524e+00 6.11e-01 9.99e+02  -0.1 4.45e+02    -  1.44e-04 4.27e-04f  1
CasADi - 2026-10-04 13:15:04 MESSAGE("nlp_grad_f::eval") [.../casadi/core/sx_function.cpp:77]
CasADi - 2026-10-04 13:15:04 MESSAGE("nlp_hess_l::eval") [.../casadi/core/sx_function.cpp:77]
CasADi - 2026-10-04 13:15:04 MESSAGE("nlp_g::eval") [.../casadi/core/sx_function.cpp:77]
CasADi - 2026-10-04 13:15:04 MESSAGE("nlp_f::eval") [.../casadi/core/sx_function.cpp:77]
CasADi - 2026-10-04 13:15:04 MESSAGE("nlp_grad_f::eval") [.../casadi/core/sx_function.cpp:77]
CasADi - 2026-10-04 13:15:04 MESSAGE("nlp_jac_g::eval") [.../casadi/core/sx_function.cpp:77]
CasADi - 2026-10-04 13:15:04 MESSAGE("nlp_hess_l::eval") [.../casadi/core/sx_function.cpp:77]
  67  4.1210702e+00 6.08e-01 2.89e+02  -1.0 1.52e+01    -  4.20e-02 4.92e-03f  1
CasADi - 2026-10-04 13:15:04 MESSAGE("nlp_g::eval") [.../casadi/core/sx_function.cpp:77]
CasADi - 2026-10-04 13:15:04 MESSAGE("nlp_f::eval") [.../casadi/core/sx_function.cpp:77]
CasADi - 2026-10-04 13:15:04 MESSAGE("nlp_grad_f::eval") [.../casadi/core/sx_function.cpp:77]
CasADi - 2026-10-04 13:15:04 MESSAGE("nlp_jac_g::eval") [.../casadi/core/sx_function.cpp:77]
CasADi - 2026-10-04 13:15:04 MESSAGE("nlp_hess_l::eval") [.../casadi/core/sx_function.cpp:77]
  68  4.1770757e+00 5.94e-01 3.20e+02  -1.0 4.08e+00    -  1.68e-02 2.25e-02h  1
CasADi - 2026-10-04 13:15:04 MESSAGE("nlp_g::eval") [.../casadi/core/sx_function.cpp:77]
CasADi - 2026-10-04 13:15:04 MESSAGE("nlp_f::eval") [.../casadi/core/sx_function.cpp:77]
CasADi - 2026-10-04 13:15:04 MESSAGE("nlp_grad_f::eval") [.../casadi/core/sx_function.cpp:77]
CasADi - 2026-10-04 13:15:04 MESSAGE("nlp_jac_g::eval") [.../casadi/core/sx_function.cpp:77]
CasADi - 2026-10-04 13:15:04 MESSAGE("nlp_hess_l::eval") [.../casadi/core/sx_function.cpp:77]
  69  4.2352811e+00 5.83e-01 3.13e+02  -1.0 7.55e+00    -  1.50e-02 1.91e-02h  1
CasADi - 2026-10-04 13:15:04 MESSAGE("nlp_g::eval") [.../casadi/core/sx_function.cpp:77]
CasADi - 2026-10-04 13:15:04 MESSAGE("nlp_f::eval") [.../casadi/core/sx_function.cpp:77]
CasADi - 2026-10-04 13:15:04 MESSAGE("nlp_grad_f::eval") [.../casadi/core/sx_function.cpp:77]
CasADi - 2026-10-04 13:15:04 MESSAGE("nlp_jac_g::eval") [.../casadi/core/sx_function.cpp:77]
CasADi - 2026-10-04 13:15:04 MESSAGE("nlp_hess_l::eval") [.../casadi/core/sx_function.cpp:77]
iter    objective    inf_pr   inf_du lg(mu)  ||d||  lg(rg) alpha_du alpha_pr  ls
  70  4.2366955e+00 5.83e-01 4.77e+02  -1.0 1.44e+00   3.0 2.09e-03 3.28e-04h  1
CasADi - 2026-10-04 13:15:04 MESSAGE("nlp_g::eval") [.../casadi/core/sx_function.cpp:77]
CasADi - 2026-10-04 13:15:04 MESSAGE("nlp_f::eval") [.../casadi/core/sx_function.cpp:77]
CasADi - 2026-10-04 13:15:04 MESSAGE("nlp_grad_f::eval") [.../casadi/core/sx_function.cpp:77]
CasADi - 2026-10-04 13:15:04 MESSAGE("nlp_jac_g::eval") [.../casadi/core/sx_function.cpp:77]
CasADi - 2026-10-04 13:15:04 MESSAGE("nlp_hess_l::eval") [.../casadi/core/sx_function.cpp:77]
  71  4.2408114e+00 5.82e-01 2.57e+03  -1.0 2.39e+00   2.6 8.52e-03 9.37e-04h  1
CasADi - 2026-10-04 13:15:04 MESSAGE("nlp_g::eval") [.../casadi/core/sx_function.cpp:77]
CasADi - 2026-10-04 13:15:04 MESSAGE("nlp_f::eval") [.../casadi/core/sx_function.cpp:77]
CasADi - 2026-10-04 13:15:04 MESSAGE("nlp_g::eval") [.../casadi/core/sx_function.cpp:77]
CasADi - 2026-10-04 13:15:04 MESSAGE("nlp_f::eval") [.../casadi/core/sx_function.cpp:77]
CasADi - 2026-10-04 13:15:04 MESSAGE("nlp_g::eval") [.../casadi/core/sx_function.cpp:77]
CasADi - 2026-10-04 13:15:04 MESSAGE("nlp_f::eval") [.../casadi/core/sx_function.cpp:77]
CasADi - 2026-10-04 13:15:04 MESSAGE("nlp_grad_f::eval") [.../casadi/core/sx_function.cpp:77]
CasADi - 2026-10-04 13:15:04 MESSAGE("nlp_jac_g::eval") [.../casadi/core/sx_function.cpp:77]
CasADi - 2026-10-04 13:15:04 MESSAGE("nlp_hess_l::eval") [.../casadi/core/sx_function.cpp:77]
  72  4.2488113e+00 5.81e-01 2.57e+03  -1.0 1.22e+01   2.1 1.56e-03 1.58e-03h  2
CasADi - 2026-10-04 13:15:04 MESSAGE("nlp_g::eval") [.../casadi/core/sx_function.cpp:77]
CasADi - 2026-10-04 13:15:04 MESSAGE("nlp_f::eval") [.../casadi/core/sx_function.cpp:77]
CasADi - 2026-10-04 13:15:04 MESSAGE("nlp_grad_f::eval") [.../casadi/core/sx_function.cpp:77]
CasADi - 2026-10-04 13:15:04 MESSAGE("nlp_jac_g::eval") [.../casadi/core/sx_function.cpp:77]
CasADi - 2026-10-04 13:15:04 MESSAGE("nlp_hess_l::eval") [.../casadi/core/sx_function.cpp:77]
  73  4.2725141e+00 5.78e-01 1.78e+03  -1.0 3.04e+00   2.5 2.66e-03 5.26e-03h  1
CasADi - 2026-10-04 13:15:04 MESSAGE("nlp_g::eval") [.../casadi/core/sx_function.cpp:77]
CasADi - 2026-10-04 13:15:04 MESSAGE("nlp_f::eval") [.../casadi/core/sx_function.cpp:77]
CasADi - 2026-10-04 13:15:04 MESSAGE("nlp_grad_f::eval") [.../casadi/core/sx_function.cpp:77]
CasADi - 2026-10-04 13:15:04 MESSAGE("nlp_jac_g::eval") [.../casadi/core/sx_function.cpp:77]
CasADi - 2026-10-04 13:15:04 MESSAGE("nlp_hess_l::eval") [.../casadi/core/sx_function.cpp:77]
  74  4.2745960e+00 5.78e-01 2.85e+03  -1.0 1.09e+01   2.9 1.87e-03 4.41e-04h  1
CasADi - 2026-10-04 13:15:04 MESSAGE("nlp_g::eval") [.../casadi/core/sx_function.cpp:77]
CasADi - 2026-10-04 13:15:04 MESSAGE("nlp_f::eval") [.../casadi/core/sx_function.cpp:77]
CasADi - 2026-10-04 13:15:04 MESSAGE("nlp_grad_f::eval") [.../casadi/core/sx_function.cpp:77]
CasADi - 2026-10-04 13:15:04 MESSAGE("nlp_jac_g::eval") [.../casadi/core/sx_function.cpp:77]
CasADi - 2026-10-04 13:15:04 MESSAGE("nlp_hess_l::eval") [.../casadi/core/sx_function.cpp:77]
  75  4.2895171e+00 5.76e-01 7.52e+03  -1.0 7.12e+00   2.5 1.96e-02 3.32e-03h  1
CasADi - 2026-10-04 13:15:04 MESSAGE("nlp_g::eval") [.../casadi/core/sx_function.cpp:77]
CasADi - 2026-10-04 13:15:04 MESSAGE("nlp_f::eval") [.../casadi/core/sx_function.cpp:77]
CasADi - 2026-10-04 13:15:04 MESSAGE("nlp_grad_f::eval") [.../casadi/core/sx_function.cpp:77]
CasADi - 2026-10-04 13:15:04 MESSAGE("nlp_jac_g::eval") [.../casadi/core/sx_function.cpp:77]
CasADi - 2026-10-04 13:15:04 MESSAGE("nlp_hess_l::eval") [.../casadi/core/sx_function.cpp:77]
  76  4.3044782e+00 5.74e-01 2.47e+04  -1.0 3.29e+00   2.9 2.49e-02 3.33e-03h  1
CasADi - 2026-10-04 13:15:04 MESSAGE("nlp_g::eval") [.../casadi/core/sx_function.cpp:77]
CasADi - 2026-10-04 13:15:04 MESSAGE("nlp_f::eval") [.../casadi/core/sx_function.cpp:77]
CasADi - 2026-10-04 13:15:04 MESSAGE("nlp_grad_f::eval") [.../casadi/core/sx_function.cpp:77]
CasADi - 2026-10-04 13:15:04 MESSAGE("nlp_jac_g::eval") [.../casadi/core/sx_function.cpp:77]
CasADi - 2026-10-04 13:15:04 MESSAGE("nlp_hess_l::eval") [.../casadi/core/sx_function.cpp:77]
  77  4.3052101e+00 5.74e-01 2.81e+04  -1.0 2.34e+01   3.3 2.02e-03 2.48e-04h  1
CasADi - 2026-10-04 13:15:04 MESSAGE("nlp_g::eval") [.../casadi/core/sx_function.cpp:77]
CasADi - 2026-10-04 13:15:04 MESSAGE("nlp_f::eval") [.../casadi/core/sx_function.cpp:77]
CasADi - 2026-10-04 13:15:04 MESSAGE("nlp_grad_f::eval") [.../casadi/core/sx_function.cpp:77]
CasADi - 2026-10-04 13:15:04 MESSAGE("nlp_jac_g::eval") [.../casadi/core/sx_function.cpp:77]
CasADi - 2026-10-04 13:15:04 MESSAGE("nlp_hess_l::eval") [.../casadi/core/sx_function.cpp:77]
  78  4.3330915e+00 5.70e-01 3.91e+04  -1.0 3.26e+00   2.8 2.23e-02 6.56e-03h  1
CasADi - 2026-10-04 13:15:04 MESSAGE("nlp_g::eval") [.../casadi/core/sx_function.cpp:77]
CasADi - 2026-10-04 13:15:04 MESSAGE("nlp_f::eval") [.../casadi/core/sx_function.cpp:77]
CasADi - 2026-10-04 13:15:04 MESSAGE("nlp_grad_f::eval") [.../casadi/core/sx_function.cpp:77]
CasADi - 2026-10-04 13:15:04 MESSAGE("nlp_jac_g::eval") [.../casadi/core/sx_function.cpp:77]
CasADi - 2026-10-04 13:15:04 MESSAGE("nlp_hess_l::eval") [.../casadi/core/sx_function.cpp:77]
  79  4.3452387e+00 5.68e-01 5.23e+04  -1.0 5.27e+00   3.3 9.89e-03 3.04e-03h  1
CasADi - 2026-10-04 13:15:04 MESSAGE("nlp_g::eval") [.../casadi/core/sx_function.cpp:77]
CasADi - 2026-10-04 13:15:04 MESSAGE("nlp_f::eval") [.../casadi/core/sx_function.cpp:77]
CasADi - 2026-10-04 13:15:04 MESSAGE("nlp_grad_f::eval") [.../casadi/core/sx_function.cpp:77]
CasADi - 2026-10-04 13:15:04 MESSAGE("nlp_jac_g::eval") [.../casadi/core/sx_function.cpp:77]
CasADi - 2026-10-04 13:15:04 MESSAGE("nlp_hess_l::eval") [.../casadi/core/sx_function.cpp:77]
iter    objective    inf_pr   inf_du lg(mu)  ||d||  lg(rg) alpha_du alpha_pr  ls
  80  4.3562195e+00 5.67e-01 5.78e+04  -1.0 6.49e+00   3.7 3.92e-03 2.80e-03h  1
CasADi - 2026-10-04 13:15:04 MESSAGE("nlp_g::eval") [.../casadi/core/sx_function.cpp:77]
CasADi - 2026-10-04 13:15:04 MESSAGE("nlp_f::eval") [.../casadi/core/sx_function.cpp:77]
CasADi - 2026-10-04 13:15:04 MESSAGE("nlp_grad_f::eval") [.../casadi/core/sx_function.cpp:77]
CasADi - 2026-10-04 13:15:04 MESSAGE("nlp_jac_g::eval") [.../casadi/core/sx_function.cpp:77]
CasADi - 2026-10-04 13:15:04 MESSAGE("nlp_hess_l::eval") [.../casadi/core/sx_function.cpp:77]
  81  4.3605809e+00 5.66e-01 1.40e+05  -1.0 3.09e+00   4.1 6.93e-03 1.16e-03h  1
CasADi - 2026-10-04 13:15:05 MESSAGE("nlp_g::eval") [.../casadi/core/sx_function.cpp:77]
CasADi - 2026-10-04 13:15:05 MESSAGE("nlp_f::eval") [.../casadi/core/sx_function.cpp:77]
CasADi - 2026-10-04 13:15:05 MESSAGE("nlp_grad_f::eval") [.../casadi/core/sx_function.cpp:77]
CasADi - 2026-10-04 13:15:05 MESSAGE("nlp_jac_g::eval") [.../casadi/core/sx_function.cpp:77]
CasADi - 2026-10-04 13:15:05 MESSAGE("nlp_hess_l::eval") [.../casadi/core/sx_function.cpp:77]
  82  4.3654784e+00 5.65e-01 7.37e+05  -1.0 2.98e+00   4.5 1.70e-02 1.32e-03h  1
CasADi - 2026-10-04 13:15:05 MESSAGE("nlp_g::eval") [.../casadi/core/sx_function.cpp:77]
CasADi - 2026-10-04 13:15:05 MESSAGE("nlp_f::eval") [.../casadi/core/sx_function.cpp:77]
CasADi - 2026-10-04 13:15:05 MESSAGE("nlp_grad_f::eval") [.../casadi/core/sx_function.cpp:77]
CasADi - 2026-10-04 13:15:05 MESSAGE("nlp_jac_g::eval") [.../casadi/core/sx_function.cpp:77]
CasADi - 2026-10-04 13:15:05 MESSAGE("nlp_hess_l::eval") [.../casadi/core/sx_function.cpp:77]
  83  4.3753475e+00 5.64e-01 1.35e+06  -1.0 3.00e+00   5.0 8.80e-03 2.71e-03h  1
CasADi - 2026-10-04 13:15:05 MESSAGE("nlp_g::eval") [.../casadi/core/sx_function.cpp:77]
CasADi - 2026-10-04 13:15:05 MESSAGE("nlp_f::eval") [.../casadi/core/sx_function.cpp:77]
CasADi - 2026-10-04 13:15:05 MESSAGE("nlp_grad_f::eval") [.../casadi/core/sx_function.cpp:77]
CasADi - 2026-10-04 13:15:05 MESSAGE("nlp_jac_g::eval") [.../casadi/core/sx_function.cpp:77]
CasADi - 2026-10-04 13:15:05 MESSAGE("nlp_hess_l::eval") [.../casadi/core/sx_function.cpp:77]
  84  4.3768558e+00 5.64e-01 2.39e+06  -1.0 3.00e+00   5.4 4.26e-03 4.24e-04h  1
CasADi - 2026-10-04 13:15:05 MESSAGE("nlp_g::eval") [.../casadi/core/sx_function.cpp:77]
CasADi - 2026-10-04 13:15:05 MESSAGE("nlp_f::eval") [.../casadi/core/sx_function.cpp:77]
CasADi - 2026-10-04 13:15:05 MESSAGE("nlp_grad_f::eval") [.../casadi/core/sx_function.cpp:77]
CasADi - 2026-10-04 13:15:05 MESSAGE("nlp_jac_g::eval") [.../casadi/core/sx_function.cpp:77]
CasADi - 2026-10-04 13:15:05 MESSAGE("nlp_hess_l::eval") [.../casadi/core/sx_function.cpp:77]
  85  4.3831835e+00 5.63e-01 6.64e+06  -1.0 3.00e+00   5.8 7.66e-03 1.79e-03h  1
CasADi - 2026-10-04 13:15:05 MESSAGE("nlp_g::eval") [.../casadi/core/sx_function.cpp:77]
CasADi - 2026-10-04 13:15:05 MESSAGE("nlp_f::eval") [.../casadi/core/sx_function.cpp:77]
CasADi - 2026-10-04 13:15:05 MESSAGE("nlp_grad_f::eval") [.../casadi/core/sx_function.cpp:77]
CasADi - 2026-10-04 13:15:05 MESSAGE("nlp_jac_g::eval") [.../casadi/core/sx_function.cpp:77]
CasADi - 2026-10-04 13:15:05 MESSAGE("nlp_hess_l::eval") [.../casadi/core/sx_function.cpp:77]
  86  4.3872035e+00 5.62e-01 3.46e+07  -1.0 2.93e+00   6.2 1.58e-02 1.12e-03h  1
CasADi - 2026-10-04 13:15:05 MESSAGE("nlp_g::eval") [.../casadi/core/sx_function.cpp:77]
CasADi - 2026-10-04 13:15:05 MESSAGE("nlp_f::eval") [.../casadi/core/sx_function.cpp:77]
CasADi - 2026-10-04 13:15:05 MESSAGE("nlp_grad_f::eval") [.../casadi/core/sx_function.cpp:77]
CasADi - 2026-10-04 13:15:05 MESSAGE("nlp_jac_g::eval") [.../casadi/core/sx_function.cpp:77]
CasADi - 2026-10-04 13:15:05 MESSAGE("nlp_hess_l::eval") [.../casadi/core/sx_function.cpp:77]
  87  4.3890822e+00 5.62e-01 1.11e+08  -1.0 2.95e+00   6.7 1.54e-02 5.27e-04h  1
CasADi - 2026-10-04 13:15:05 MESSAGE("nlp_g::eval") [.../casadi/core/sx_function.cpp:77]
CasADi - 2026-10-04 13:15:05 MESSAGE("nlp_f::eval") [.../casadi/core/sx_function.cpp:77]
CasADi - 2026-10-04 13:15:05 MESSAGE("nlp_grad_f::eval") [.../casadi/core/sx_function.cpp:77]
CasADi - 2026-10-04 13:15:05 MESSAGE("nlp_jac_g::eval") [.../casadi/core/sx_function.cpp:77]
CasADi - 2026-10-04 13:15:05 MESSAGE("nlp_hess_l::eval") [.../casadi/core/sx_function.cpp:77]
  88  4.4043591e+00 5.59e-01 1.26e+08  -1.0 3.50e+00   6.2 1.42e-02 4.16e-03h  1
CasADi - 2026-10-04 13:15:05 MESSAGE("nlp_g::eval") [.../casadi/core/sx_function.cpp:77]
CasADi - 2026-10-04 13:15:05 MESSAGE("nlp_f::eval") [.../casadi/core/sx_function.cpp:77]
CasADi - 2026-10-04 13:15:05 MESSAGE("nlp_grad_f::eval") [.../casadi/core/sx_function.cpp:77]
CasADi - 2026-10-04 13:15:05 MESSAGE("nlp_jac_g::eval") [.../casadi/core/sx_function.cpp:77]
CasADi - 2026-10-04 13:15:05 MESSAGE("nlp_hess_l::eval") [.../casadi/core/sx_function.cpp:77]
  89  4.4046309e+00 5.59e-01 1.71e+08  -1.0 2.91e+00   6.6 1.74e-02 7.70e-05h  1
CasADi - 2026-10-04 13:15:05 MESSAGE("nlp_g::eval") [.../casadi/core/sx_function.cpp:77]
CasADi - 2026-10-04 13:15:05 MESSAGE("nlp_f::eval") [.../casadi/core/sx_function.cpp:77]
CasADi - 2026-10-04 13:15:05 MESSAGE("nlp_grad_f::eval") [.../casadi/core/sx_function.cpp:77]
CasADi - 2026-10-04 13:15:05 MESSAGE("nlp_jac_g::eval") [.../casadi/core/sx_function.cpp:77]
CasADi - 2026-10-04 13:15:05 MESSAGE("nlp_hess_l::eval") [.../casadi/core/sx_function.cpp:77]
iter    objective    inf_pr   inf_du lg(mu)  ||d||  lg(rg) alpha_du alpha_pr  ls
  90  4.4193062e+00 5.57e-01 2.04e+08  -1.0 5.24e+00   6.1 8.29e-03 3.68e-03h  1
CasADi - 2026-10-04 13:15:05 MESSAGE("nlp_g::eval") [.../casadi/core/sx_function.cpp:77]
CasADi - 2026-10-04 13:15:05 MESSAGE("nlp_f::eval") [.../casadi/core/sx_function.cpp:77]
CasADi - 2026-10-04 13:15:05 MESSAGE("nlp_grad_f::eval") [.../casadi/core/sx_function.cpp:77]
CasADi - 2026-10-04 13:15:05 MESSAGE("nlp_jac_g::eval") [.../casadi/core/sx_function.cpp:77]
CasADi - 2026-10-04 13:15:05 MESSAGE("nlp_hess_l::eval") [.../casadi/core/sx_function.cpp:77]
  91  4.4205103e+00 5.57e-01 1.65e+08  -1.0 2.78e+00   7.5 2.53e-05 3.32e-04h  1
CasADi - 2026-10-04 13:15:05 MESSAGE("nlp_g::eval") [.../casadi/core/sx_function.cpp:77]
CasADi - 2026-10-04 13:15:05 MESSAGE("nlp_f::eval") [.../casadi/core/sx_function.cpp:77]
CasADi - 2026-10-04 13:15:05 MESSAGE("nlp_g::eval") [.../casadi/core/sx_function.cpp:77]
CasADi - 2026-10-04 13:15:05 MESSAGE("nlp_f::eval") [.../casadi/core/sx_function.cpp:77]
CasADi - 2026-10-04 13:15:05 MESSAGE("nlp_g::eval") [.../casadi/core/sx_function.cpp:77]
CasADi - 2026-10-04 13:15:05 MESSAGE("nlp_f::eval") [.../casadi/core/sx_function.cpp:77]
CasADi - 2026-10-04 13:15:05 MESSAGE("nlp_f::eval") [.../casadi/core/sx_function.cpp:77]
CasADi - 2026-10-04 13:15:05 MESSAGE("nlp_g::eval") [.../casadi/core/sx_function.cpp:77]
CasADi - 2026-10-04 13:15:05 MESSAGE("nlp_grad_f::eval") [.../casadi/core/sx_function.cpp:77]
CasADi - 2026-10-04 13:15:05 MESSAGE("nlp_jac_g::eval") [.../casadi/core/sx_function.cpp:77]
CasADi - 2026-10-04 13:15:05 MESSAGE("nlp_g::eval") [.../casadi/core/sx_function.cpp:77]
CasADi - 2026-10-04 13:15:05 MESSAGE("nlp_jac_g::eval") [.../casadi/core/sx_function.cpp:77]
CasADi - 2026-10-04 13:15:05 MESSAGE("nlp_f::eval") [.../casadi/core/sx_function.cpp:77]
  92r 4.4205103e+00 5.57e-01 1.00e+03  -0.3 0.00e+00   7.0 0.00e+00 2.82e-07R  4
CasADi - 2026-10-04 13:15:05 MESSAGE("nlp_g::eval") [.../casadi/core/sx_function.cpp:77]
CasADi - 2026-10-04 13:15:05 MESSAGE("nlp_f::eval") [.../casadi/core/sx_function.cpp:77]
CasADi - 2026-10-04 13:15:05 MESSAGE("nlp_jac_g::eval") [.../casadi/core/sx_function.cpp:77]
  93r 4.9639512e+00 4.69e-01 1.00e+03  -0.3 2.52e+02    -  6.45e-04 5.97e-04f  1
CasADi - 2026-10-04 13:15:05 MESSAGE("nlp_grad_f::eval") [.../casadi/core/sx_function.cpp:77]
CasADi - 2026-10-04 13:15:05 MESSAGE("nlp_hess_l::eval") [.../casadi/core/sx_function.cpp:77]
CasADi - 2026-10-04 13:15:05 MESSAGE("nlp_g::eval") [.../casadi/core/sx_function.cpp:77]
CasADi - 2026-10-04 13:15:05 MESSAGE("nlp_f::eval") [.../casadi/core/sx_function.cpp:77]
CasADi - 2026-10-04 13:15:05 MESSAGE("nlp_grad_f::eval") [.../casadi/core/sx_function.cpp:77]
CasADi - 2026-10-04 13:15:05 MESSAGE("nlp_jac_g::eval") [.../casadi/core/sx_function.cpp:77]
CasADi - 2026-10-04 13:15:05 MESSAGE("nlp_hess_l::eval") [.../casadi/core/sx_function.cpp:77]
  94  4.9741751e+00 4.68e-01 3.94e+01  -1.0 1.18e+02    -  6.06e-05 7.52e-04f  1
CasADi - 2026-10-04 13:15:05 MESSAGE("nlp_g::eval") [.../casadi/core/sx_function.cpp:77]
CasADi - 2026-10-04 13:15:05 MESSAGE("nlp_f::eval") [.../casadi/core/sx_function.cpp:77]
CasADi - 2026-10-04 13:15:05 MESSAGE("nlp_grad_f::eval") [.../casadi/core/sx_function.cpp:77]
CasADi - 2026-10-04 13:15:05 MESSAGE("nlp_jac_g::eval") [.../casadi/core/sx_function.cpp:77]
CasADi - 2026-10-04 13:15:05 MESSAGE("nlp_hess_l::eval") [.../casadi/core/sx_function.cpp:77]
  95  4.9745149e+00 4.68e-01 2.76e+02  -1.0 8.26e-01   6.5 3.92e-04 1.01e-04h  1
CasADi - 2026-10-04 13:15:05 MESSAGE("nlp_g::eval") [.../casadi/core/sx_function.cpp:77]
CasADi - 2026-10-04 13:15:05 MESSAGE("nlp_f::eval") [.../casadi/core/sx_function.cpp:77]
CasADi - 2026-10-04 13:15:05 MESSAGE("nlp_g::eval") [.../casadi/core/sx_function.cpp:77]
CasADi - 2026-10-04 13:15:05 MESSAGE("nlp_f::eval") [.../casadi/core/sx_function.cpp:77]
CasADi - 2026-10-04 13:15:05 MESSAGE("nlp_f::eval") [.../casadi/core/sx_function.cpp:77]
CasADi - 2026-10-04 13:15:05 MESSAGE("nlp_g::eval") [.../casadi/core/sx_function.cpp:77]
CasADi - 2026-10-04 13:15:05 MESSAGE("nlp_grad_f::eval") [.../casadi/core/sx_function.cpp:77]
CasADi - 2026-10-04 13:15:05 MESSAGE("nlp_jac_g::eval") [.../casadi/core/sx_function.cpp:77]
CasADi - 2026-10-04 13:15:05 MESSAGE("nlp_g::eval") [.../casadi/core/sx_function.cpp:77]
CasADi - 2026-10-04 13:15:05 MESSAGE("nlp_jac_g::eval") [.../casadi/core/sx_function.cpp:77]
CasADi - 2026-10-04 13:15:05 MESSAGE("nlp_f::eval") [.../casadi/core/sx_function.cpp:77]
  96r 4.9745149e+00 4.68e-01 9.99e+02  -0.4 0.00e+00   6.0 0.00e+00 2.60e-07R  3
CasADi - 2026-10-04 13:15:05 MESSAGE("nlp_g::eval") [.../casadi/core/sx_function.cpp:77]
CasADi - 2026-10-04 13:15:05 MESSAGE("nlp_f::eval") [.../casadi/core/sx_function.cpp:77]
CasADi - 2026-10-04 13:15:05 MESSAGE("nlp_jac_g::eval") [.../casadi/core/sx_function.cpp:77]
CasADi - 2026-10-04 13:15:05 MESSAGE("nlp_hess_l::eval") [.../casadi/core/sx_function.cpp:77]
  97r 5.1101024e+00 4.69e-01 9.99e+02  -0.4 2.19e+02    -  6.90e-05 1.37e-04f  1
CasADi - 2026-10-04 13:15:05 MESSAGE("nlp_g::eval") [.../casadi/core/sx_function.cpp:77]
CasADi - 2026-10-04 13:15:05 MESSAGE("nlp_f::eval") [.../casadi/core/sx_function.cpp:77]
CasADi - 2026-10-04 13:15:05 MESSAGE("nlp_jac_g::eval") [.../casadi/core/sx_function.cpp:77]
CasADi - 2026-10-04 13:15:05 MESSAGE("nlp_hess_l::eval") [.../casadi/core/sx_function.cpp:77]
  98r 5.1865934e+00 4.69e-01 9.99e+02  -0.4 1.89e+02    -  1.54e-04 7.86e-05f  1
CasADi - 2026-10-04 13:15:05 MESSAGE("nlp_g::eval") [.../casadi/core/sx_function.cpp:77]
CasADi - 2026-10-04 13:15:05 MESSAGE("nlp_f::eval") [.../casadi/core/sx_function.cpp:77]
CasADi - 2026-10-04 13:15:05 MESSAGE("nlp_jac_g::eval") [.../casadi/core/sx_function.cpp:77]
CasADi - 2026-10-04 13:15:05 MESSAGE("nlp_hess_l::eval") [.../casadi/core/sx_function.cpp:77]
  99r 5.3189172e+00 4.68e-01 9.99e+02  -0.4 2.54e+02   0.0 8.82e-05 1.75e-04f  1
CasADi - 2026-10-04 13:15:05 MESSAGE("nlp_g::eval") [.../casadi/core/sx_function.cpp:77]
CasADi - 2026-10-04 13:15:05 MESSAGE("nlp_f::eval") [.../casadi/core/sx_function.cpp:77]
CasADi - 2026-10-04 13:15:05 MESSAGE("nlp_jac_g::eval") [.../casadi/core/sx_function.cpp:77]
CasADi - 2026-10-04 13:15:05 MESSAGE("nlp_hess_l::eval") [.../casadi/core/sx_function.cpp:77]
iter    objective    inf_pr   inf_du lg(mu)  ||d||  lg(rg) alpha_du alpha_pr  ls
 100r 5.3236665e+00 4.68e-01 9.99e+02  -0.4 2.70e+03   0.4 1.36e-05 1.08e-05f  1
CasADi - 2026-10-04 13:15:05 MESSAGE("nlp_g::eval") [.../casadi/core/sx_function.cpp:77]
CasADi - 2026-10-04 13:15:05 MESSAGE("nlp_f::eval") [.../casadi/core/sx_function.cpp:77]
CasADi - 2026-10-04 13:15:05 MESSAGE("nlp_jac_g::eval") [.../casadi/core/sx_function.cpp:77]
 101r 5.4803966e+00 4.67e-01 9.98e+02  -0.4 1.86e+02    -  2.61e-04 1.71e-04f  1
CasADi - 2026-10-04 13:15:05 MESSAGE("nlp_grad_f::eval") [.../casadi/core/sx_function.cpp:77]
CasADi - 2026-10-04 13:15:05 MESSAGE("nlp_hess_l::eval") [.../casadi/core/sx_function.cpp:77]
CasADi - 2026-10-04 13:15:05 MESSAGE("nlp_g::eval") [.../casadi/core/sx_function.cpp:77]
CasADi - 2026-10-04 13:15:05 MESSAGE("nlp_f::eval") [.../casadi/core/sx_function.cpp:77]
CasADi - 2026-10-04 13:15:05 MESSAGE("nlp_grad_f::eval") [.../casadi/core/sx_function.cpp:77]
CasADi - 2026-10-04 13:15:05 MESSAGE("nlp_jac_g::eval") [.../casadi/core/sx_function.cpp:77]
CasADi - 2026-10-04 13:15:05 MESSAGE("nlp_hess_l::eval") [.../casadi/core/sx_function.cpp:77]
 102  5.4817647e+00 4.67e-01 2.39e+02  -1.0 3.02e+01    -  6.30e-03 6.00e-04f  1
CasADi - 2026-10-04 13:15:05 MESSAGE("nlp_g::eval") [.../casadi/core/sx_function.cpp:77]
CasADi - 2026-10-04 13:15:05 MESSAGE("nlp_f::eval") [.../casadi/core/sx_function.cpp:77]
CasADi - 2026-10-04 13:15:05 MESSAGE("nlp_grad_f::eval") [.../casadi/core/sx_function.cpp:77]
CasADi - 2026-10-04 13:15:05 MESSAGE("nlp_jac_g::eval") [.../casadi/core/sx_function.cpp:77]
CasADi - 2026-10-04 13:15:05 MESSAGE("nlp_hess_l::eval") [.../casadi/core/sx_function.cpp:77]
 103  5.5534749e+00 4.58e-01 2.24e+02  -1.0 3.87e+00    -  3.77e-02 2.01e-02f  1
CasADi - 2026-10-04 13:15:05 MESSAGE("nlp_g::eval") [.../casadi/core/sx_function.cpp:77]
CasADi - 2026-10-04 13:15:05 MESSAGE("nlp_f::eval") [.../casadi/core/sx_function.cpp:77]
CasADi - 2026-10-04 13:15:05 MESSAGE("nlp_grad_f::eval") [.../casadi/core/sx_function.cpp:77]
CasADi - 2026-10-04 13:15:05 MESSAGE("nlp_jac_g::eval") [.../casadi/core/sx_function.cpp:77]
CasADi - 2026-10-04 13:15:05 MESSAGE("nlp_hess_l::eval") [.../casadi/core/sx_function.cpp:77]
 104  5.7171260e+00 4.40e-01 1.99e+02  -1.0 3.90e+00    -  7.43e-02 4.11e-02f  1
CasADi - 2026-10-04 13:15:05 MESSAGE("nlp_g::eval") [.../casadi/core/sx_function.cpp:77]
CasADi - 2026-10-04 13:15:05 MESSAGE("nlp_f::eval") [.../casadi/core/sx_function.cpp:77]
CasADi - 2026-10-04 13:15:05 MESSAGE("nlp_grad_f::eval") [.../casadi/core/sx_function.cpp:77]
CasADi - 2026-10-04 13:15:05 MESSAGE("nlp_jac_g::eval") [.../casadi/core/sx_function.cpp:77]
CasADi - 2026-10-04 13:15:05 MESSAGE("nlp_hess_l::eval") [.../casadi/core/sx_function.cpp:77]
 105  5.7181152e+00 4.40e-01 4.19e+03  -1.0 9.63e-01   5.6 7.39e-03 3.96e-04h  1
CasADi - 2026-10-04 13:15:05 MESSAGE("nlp_g::eval") [.../casadi/core/sx_function.cpp:77]
CasADi - 2026-10-04 13:15:05 MESSAGE("nlp_f::eval") [.../casadi/core/sx_function.cpp:77]
CasADi - 2026-10-04 13:15:05 MESSAGE("nlp_grad_f::eval") [.../casadi/core/sx_function.cpp:77]
CasADi - 2026-10-04 13:15:05 MESSAGE("nlp_jac_g::eval") [.../casadi/core/sx_function.cpp:77]
CasADi - 2026-10-04 13:15:05 MESSAGE("nlp_hess_l::eval") [.../casadi/core/sx_function.cpp:77]
 106  5.7186169e+00 4.40e-01 1.03e+05  -1.0 1.17e+00   5.1 1.68e-02 1.98e-04h  1
CasADi - 2026-10-04 13:15:05 MESSAGE("nlp_g::eval") [.../casadi/core/sx_function.cpp:77]
CasADi - 2026-10-04 13:15:05 MESSAGE("nlp_f::eval") [.../casadi/core/sx_function.cpp:77]
CasADi - 2026-10-04 13:15:05 MESSAGE("nlp_grad_f::eval") [.../casadi/core/sx_function.cpp:77]
CasADi - 2026-10-04 13:15:05 MESSAGE("nlp_jac_g::eval") [.../casadi/core/sx_function.cpp:77]
CasADi - 2026-10-04 13:15:05 MESSAGE("nlp_hess_l::eval") [.../casadi/core/sx_function.cpp:77]
 107  5.7225358e+00 4.40e-01 2.59e+05  -1.0 2.07e+00   4.6 2.42e-02 1.17e-03h  1
CasADi - 2026-10-04 13:15:05 MESSAGE("nlp_g::eval") [.../casadi/core/sx_function.cpp:77]
CasADi - 2026-10-04 13:15:05 MESSAGE("nlp_f::eval") [.../casadi/core/sx_function.cpp:77]
CasADi - 2026-10-04 13:15:05 MESSAGE("nlp_grad_f::eval") [.../casadi/core/sx_function.cpp:77]
CasADi - 2026-10-04 13:15:05 MESSAGE("nlp_jac_g::eval") [.../casadi/core/sx_function.cpp:77]
CasADi - 2026-10-04 13:15:05 MESSAGE("nlp_hess_l::eval") [.../casadi/core/sx_function.cpp:77]
 108  5.7257579e+00 4.39e-01 3.06e+05  -1.0 2.05e+00   4.1 1.92e-02 8.53e-04h  1
CasADi - 2026-10-04 13:15:05 MESSAGE("nlp_g::eval") [.../casadi/core/sx_function.cpp:77]
CasADi - 2026-10-04 13:15:05 MESSAGE("nlp_f::eval") [.../casadi/core/sx_function.cpp:77]
CasADi - 2026-10-04 13:15:05 MESSAGE("nlp_grad_f::eval") [.../casadi/core/sx_function.cpp:77]
CasADi - 2026-10-04 13:15:05 MESSAGE("nlp_jac_g::eval") [.../casadi/core/sx_function.cpp:77]
CasADi - 2026-10-04 13:15:05 MESSAGE("nlp_hess_l::eval") [.../casadi/core/sx_function.cpp:77]
 109  5.7265668e+00 4.39e-01 6.91e+05  -1.0 2.16e+00   4.6 3.56e-02 1.87e-04h  1
CasADi - 2026-10-04 13:15:05 MESSAGE("nlp_g::eval") [.../casadi/core/sx_function.cpp:77]
CasADi - 2026-10-04 13:15:05 MESSAGE("nlp_f::eval") [.../casadi/core/sx_function.cpp:77]
CasADi - 2026-10-04 13:15:05 MESSAGE("nlp_grad_f::eval") [.../casadi/core/sx_function.cpp:77]
CasADi - 2026-10-04 13:15:05 MESSAGE("nlp_jac_g::eval") [.../casadi/core/sx_function.cpp:77]
CasADi - 2026-10-04 13:15:05 MESSAGE("nlp_hess_l::eval") [.../casadi/core/sx_function.cpp:77]
iter    objective    inf_pr   inf_du lg(mu)  ||d||  lg(rg) alpha_du alpha_pr  ls
 110  5.7608592e+00 4.36e-01 7.86e+05  -1.0 1.69e+00   4.1 3.25e-02 7.43e-03h  1
CasADi - 2026-10-04 13:15:05 MESSAGE("nlp_g::eval") [.../casadi/core/sx_function.cpp:77]
CasADi - 2026-10-04 13:15:05 MESSAGE("nlp_f::eval") [.../casadi/core/sx_function.cpp:77]
CasADi - 2026-10-04 13:15:05 MESSAGE("nlp_grad_f::eval") [.../casadi/core/sx_function.cpp:77]
CasADi - 2026-10-04 13:15:05 MESSAGE("nlp_jac_g::eval") [.../casadi/core/sx_function.cpp:77]
CasADi - 2026-10-04 13:15:05 MESSAGE("nlp_hess_l::eval") [.../casadi/core/sx_function.cpp:77]
 111  5.7616860e+00 4.36e-01 3.50e+06  -1.0 1.95e+00   5.4 2.89e-02 1.91e-04h  1
CasADi - 2026-10-04 13:15:05 MESSAGE("nlp_g::eval") [.../casadi/core/sx_function.cpp:77]
CasADi - 2026-10-04 13:15:05 MESSAGE("nlp_f::eval") [.../casadi/core/sx_function.cpp:77]
CasADi - 2026-10-04 13:15:05 MESSAGE("nlp_grad_f::eval") [.../casadi/core/sx_function.cpp:77]
CasADi - 2026-10-04 13:15:05 MESSAGE("nlp_jac_g::eval") [.../casadi/core/sx_function.cpp:77]
CasADi - 2026-10-04 13:15:05 MESSAGE("nlp_hess_l::eval") [.../casadi/core/sx_function.cpp:77]
 112  5.7969791e+00 4.33e-01 4.46e+06  -1.0 2.26e+00   4.9 3.98e-02 7.49e-03h  1
CasADi - 2026-10-04 13:15:05 MESSAGE("nlp_g::eval") [.../casadi/core/sx_function.cpp:77]
CasADi - 2026-10-04 13:15:05 MESSAGE("nlp_f::eval") [.../casadi/core/sx_function.cpp:77]
CasADi - 2026-10-04 13:15:05 MESSAGE("nlp_grad_f::eval") [.../casadi/core/sx_function.cpp:77]
CasADi - 2026-10-04 13:15:05 MESSAGE("nlp_jac_g::eval") [.../casadi/core/sx_function.cpp:77]
CasADi - 2026-10-04 13:15:05 MESSAGE("nlp_hess_l::eval") [.../casadi/core/sx_function.cpp:77]
 113  5.8095221e+00 4.32e-01 1.68e+07  -1.0 1.52e+01   5.4 3.22e-04 2.17e-03h  1
CasADi - 2026-10-04 13:15:05 MESSAGE("nlp_g::eval") [.../casadi/core/sx_function.cpp:77]
CasADi - 2026-10-04 13:15:05 MESSAGE("nlp_f::eval") [.../casadi/core/sx_function.cpp:77]
CasADi - 2026-10-04 13:15:05 MESSAGE("nlp_grad_f::eval") [.../casadi/core/sx_function.cpp:77]
CasADi - 2026-10-04 13:15:05 MESSAGE("nlp_jac_g::eval") [.../casadi/core/sx_function.cpp:77]
CasADi - 2026-10-04 13:15:05 MESSAGE("nlp_hess_l::eval") [.../casadi/core/sx_function.cpp:77]
 114  5.8288724e+00 4.30e-01 1.68e+07  -1.0 1.35e+00   4.9 4.46e-02 3.66e-03h  1
CasADi - 2026-10-04 13:15:05 MESSAGE("nlp_g::eval") [.../casadi/core/sx_function.cpp:77]
CasADi - 2026-10-04 13:15:05 MESSAGE("nlp_f::eval") [.../casadi/core/sx_function.cpp:77]
CasADi - 2026-10-04 13:15:05 MESSAGE("nlp_grad_f::eval") [.../casadi/core/sx_function.cpp:77]
CasADi - 2026-10-04 13:15:05 MESSAGE("nlp_jac_g::eval") [.../casadi/core/sx_function.cpp:77]
CasADi - 2026-10-04 13:15:05 MESSAGE("nlp_hess_l::eval") [.../casadi/core/sx_function.cpp:77]
 115  5.8958932e+00 4.26e-01 1.66e+07  -1.0 1.74e+00   4.4 3.45e-03 9.76e-03h  1
CasADi - 2026-10-04 13:15:05 MESSAGE("nlp_g::eval") [.../casadi/core/sx_function.cpp:77]
CasADi - 2026-10-04 13:15:05 MESSAGE("nlp_f::eval") [.../casadi/core/sx_function.cpp:77]
CasADi - 2026-10-04 13:15:05 MESSAGE("nlp_g::eval") [.../casadi/core/sx_function.cpp:77]
CasADi - 2026-10-04 13:15:05 MESSAGE("nlp_f::eval") [.../casadi/core/sx_function.cpp:77]
CasADi - 2026-10-04 13:15:05 MESSAGE("nlp_g::eval") [.../casadi/core/sx_function.cpp:77]
CasADi - 2026-10-04 13:15:05 MESSAGE("nlp_f::eval") [.../casadi/core/sx_function.cpp:77]
CasADi - 2026-10-04 13:15:05 MESSAGE("nlp_f::eval") [.../casadi/core/sx_function.cpp:77]
CasADi - 2026-10-04 13:15:05 MESSAGE("nlp_g::eval") [.../casadi/core/sx_function.cpp:77]
CasADi - 2026-10-04 13:15:05 MESSAGE("nlp_grad_f::eval") [.../casadi/core/sx_function.cpp:77]
CasADi - 2026-10-04 13:15:05 MESSAGE("nlp_jac_g::eval") [.../casadi/core/sx_function.cpp:77]
CasADi - 2026-10-04 13:15:05 MESSAGE("nlp_g::eval") [.../casadi/core/sx_function.cpp:77]
CasADi - 2026-10-04 13:15:05 MESSAGE("nlp_jac_g::eval") [.../casadi/core/sx_function.cpp:77]
CasADi - 2026-10-04 13:15:05 MESSAGE("nlp_f::eval") [.../casadi/core/sx_function.cpp:77]
 116r 5.8958932e+00 4.26e-01 9.99e+02  -0.5 0.00e+00   4.8 0.00e+00 3.31e-07R  3
CasADi - 2026-10-04 13:15:05 MESSAGE("nlp_g::eval") [.../casadi/core/sx_function.cpp:77]
CasADi - 2026-10-04 13:15:05 MESSAGE("nlp_f::eval") [.../casadi/core/sx_function.cpp:77]
CasADi - 2026-10-04 13:15:05 MESSAGE("nlp_jac_g::eval") [.../casadi/core/sx_function.cpp:77]
 117r 6.6672887e+00 5.11e-01 9.99e+02  -0.5 2.17e+02    -  6.51e-04 6.97e-04f  1
CasADi - 2026-10-04 13:15:05 MESSAGE("nlp_grad_f::eval") [.../casadi/core/sx_function.cpp:77]
CasADi - 2026-10-04 13:15:05 MESSAGE("nlp_hess_l::eval") [.../casadi/core/sx_function.cpp:77]
CasADi - 2026-10-04 13:15:05 MESSAGE("nlp_g::eval") [.../casadi/core/sx_function.cpp:77]
CasADi - 2026-10-04 13:15:05 MESSAGE("nlp_f::eval") [.../casadi/core/sx_function.cpp:77]
CasADi - 2026-10-04 13:15:05 MESSAGE("nlp_grad_f::eval") [.../casadi/core/sx_function.cpp:77]
CasADi - 2026-10-04 13:15:05 MESSAGE("nlp_jac_g::eval") [.../casadi/core/sx_function.cpp:77]
CasADi - 2026-10-04 13:15:05 MESSAGE("nlp_hess_l::eval") [.../casadi/core/sx_function.cpp:77]
 118  6.6693780e+00 5.11e-01 4.28e+01  -1.0 1.80e+01    -  2.17e-03 2.32e-04f  1
CasADi - 2026-10-04 13:15:05 MESSAGE("nlp_g::eval") [.../casadi/core/sx_function.cpp:77]
CasADi - 2026-10-04 13:15:05 MESSAGE("nlp_f::eval") [.../casadi/core/sx_function.cpp:77]
CasADi - 2026-10-04 13:15:05 MESSAGE("nlp_grad_f::eval") [.../casadi/core/sx_function.cpp:77]
CasADi - 2026-10-04 13:15:05 MESSAGE("nlp_jac_g::eval") [.../casadi/core/sx_function.cpp:77]
CasADi - 2026-10-04 13:15:05 MESSAGE("nlp_hess_l::eval") [.../casadi/core/sx_function.cpp:77]
 119  6.7171458e+00 5.08e-01 4.35e+01  -1.0 5.76e+00    -  1.71e-03 6.27e-03f  1
CasADi - 2026-10-04 13:15:05 MESSAGE("nlp_g::eval") [.../casadi/core/sx_function.cpp:77]
CasADi - 2026-10-04 13:15:05 MESSAGE("nlp_f::eval") [.../casadi/core/sx_function.cpp:77]
CasADi - 2026-10-04 13:15:05 MESSAGE("nlp_grad_f::eval") [.../casadi/core/sx_function.cpp:77]
CasADi - 2026-10-04 13:15:05 MESSAGE("nlp_jac_g::eval") [.../casadi/core/sx_function.cpp:77]
CasADi - 2026-10-04 13:15:05 MESSAGE("nlp_hess_l::eval") [.../casadi/core/sx_function.cpp:77]
iter    objective    inf_pr   inf_du lg(mu)  ||d||  lg(rg) alpha_du alpha_pr  ls
 120  6.7316999e+00 5.05e-01 8.98e+02  -1.0 2.83e+00    -  1.05e-01 4.73e-03f  1
CasADi - 2026-10-04 13:15:05 MESSAGE("nlp_g::eval") [.../casadi/core/sx_function.cpp:77]
CasADi - 2026-10-04 13:15:05 MESSAGE("nlp_f::eval") [.../casadi/core/sx_function.cpp:77]
CasADi - 2026-10-04 13:15:05 MESSAGE("nlp_grad_f::eval") [.../casadi/core/sx_function.cpp:77]
CasADi - 2026-10-04 13:15:05 MESSAGE("nlp_jac_g::eval") [.../casadi/core/sx_function.cpp:77]
CasADi - 2026-10-04 13:15:05 MESSAGE("nlp_hess_l::eval") [.../casadi/core/sx_function.cpp:77]
 121  6.9658283e+00 4.75e-01 1.01e+03  -1.0 2.48e+00    -  9.17e-02 6.79e-02f  1
CasADi - 2026-10-04 13:15:05 MESSAGE("nlp_g::eval") [.../casadi/core/sx_function.cpp:77]
CasADi - 2026-10-04 13:15:05 MESSAGE("nlp_f::eval") [.../casadi/core/sx_function.cpp:77]
CasADi - 2026-10-04 13:15:05 MESSAGE("nlp_grad_f::eval") [.../casadi/core/sx_function.cpp:77]
CasADi - 2026-10-04 13:15:05 MESSAGE("nlp_jac_g::eval") [.../casadi/core/sx_function.cpp:77]
CasADi - 2026-10-04 13:15:05 MESSAGE("nlp_hess_l::eval") [.../casadi/core/sx_function.cpp:77]
 122  6.9680511e+00 4.74e-01 1.30e+03  -1.0 6.16e-01   4.4 2.87e-03 8.00e-04h  1
CasADi - 2026-10-04 13:15:05 MESSAGE("nlp_g::eval") [.../casadi/core/sx_function.cpp:77]
CasADi - 2026-10-04 13:15:05 MESSAGE("nlp_f::eval") [.../casadi/core/sx_function.cpp:77]
CasADi - 2026-10-04 13:15:05 MESSAGE("nlp_grad_f::eval") [.../casadi/core/sx_function.cpp:77]
CasADi - 2026-10-04 13:15:05 MESSAGE("nlp_jac_g::eval") [.../casadi/core/sx_function.cpp:77]
CasADi - 2026-10-04 13:15:05 MESSAGE("nlp_hess_l::eval") [.../casadi/core/sx_function.cpp:77]
 123  6.9706204e+00 4.74e-01 1.11e+04  -1.0 6.06e-01   3.9 1.71e-02 9.29e-04h  1
CasADi - 2026-10-04 13:15:05 MESSAGE("nlp_g::eval") [.../casadi/core/sx_function.cpp:77]
CasADi - 2026-10-04 13:15:05 MESSAGE("nlp_f::eval") [.../casadi/core/sx_function.cpp:77]
CasADi - 2026-10-04 13:15:05 MESSAGE("nlp_grad_f::eval") [.../casadi/core/sx_function.cpp:77]
CasADi - 2026-10-04 13:15:05 MESSAGE("nlp_jac_g::eval") [.../casadi/core/sx_function.cpp:77]
CasADi - 2026-10-04 13:15:05 MESSAGE("nlp_hess_l::eval") [.../casadi/core/sx_function.cpp:77]
 124  6.9811108e+00 4.73e-01 1.86e+04  -1.0 8.75e-01   3.4 2.88e-02 2.43e-03h  1
CasADi - 2026-10-04 13:15:05 MESSAGE("nlp_g::eval") [.../casadi/core/sx_function.cpp:77]
CasADi - 2026-10-04 13:15:05 MESSAGE("nlp_f::eval") [.../casadi/core/sx_function.cpp:77]
CasADi - 2026-10-04 13:15:05 MESSAGE("nlp_grad_f::eval") [.../casadi/core/sx_function.cpp:77]
CasADi - 2026-10-04 13:15:05 MESSAGE("nlp_jac_g::eval") [.../casadi/core/sx_function.cpp:77]
CasADi - 2026-10-04 13:15:05 MESSAGE("nlp_hess_l::eval") [.../casadi/core/sx_function.cpp:77]
 125  7.0212719e+00 4.69e-01 2.21e+04  -1.0 9.91e-01   2.9 4.82e-02 8.05e-03h  1
CasADi - 2026-10-04 13:15:05 MESSAGE("nlp_g::eval") [.../casadi/core/sx_function.cpp:77]
CasADi - 2026-10-04 13:15:05 MESSAGE("nlp_f::eval") [.../casadi/core/sx_function.cpp:77]
CasADi - 2026-10-04 13:15:05 MESSAGE("nlp_grad_f::eval") [.../casadi/core/sx_function.cpp:77]
CasADi - 2026-10-04 13:15:05 MESSAGE("nlp_jac_g::eval") [.../casadi/core/sx_function.cpp:77]
CasADi - 2026-10-04 13:15:05 MESSAGE("nlp_hess_l::eval") [.../casadi/core/sx_function.cpp:77]
 126  7.0807253e+00 4.63e-01 2.36e+04  -1.0 1.01e+00   3.4 1.87e-02 1.23e-02h  1
CasADi - 2026-10-04 13:15:05 MESSAGE("nlp_g::eval") [.../casadi/core/sx_function.cpp:77]
CasADi - 2026-10-04 13:15:05 MESSAGE("nlp_f::eval") [.../casadi/core/sx_function.cpp:77]
CasADi - 2026-10-04 13:15:05 MESSAGE("nlp_grad_f::eval") [.../casadi/core/sx_function.cpp:77]
CasADi - 2026-10-04 13:15:05 MESSAGE("nlp_jac_g::eval") [.../casadi/core/sx_function.cpp:77]
CasADi - 2026-10-04 13:15:05 MESSAGE("nlp_hess_l::eval") [.../casadi/core/sx_function.cpp:77]
 127  7.0831773e+00 4.63e-01 1.86e+05  -1.0 1.19e+00   4.7 2.84e-02 5.71e-04h  1
CasADi - 2026-10-04 13:15:05 MESSAGE("nlp_g::eval") [.../casadi/core/sx_function.cpp:77]
CasADi - 2026-10-04 13:15:05 MESSAGE("nlp_f::eval") [.../casadi/core/sx_function.cpp:77]
CasADi - 2026-10-04 13:15:05 MESSAGE("nlp_grad_f::eval") [.../casadi/core/sx_function.cpp:77]
CasADi - 2026-10-04 13:15:05 MESSAGE("nlp_jac_g::eval") [.../casadi/core/sx_function.cpp:77]
CasADi - 2026-10-04 13:15:05 MESSAGE("nlp_hess_l::eval") [.../casadi/core/sx_function.cpp:77]
 128  7.1158670e+00 4.60e-01 2.26e+05  -1.0 1.09e+00   4.2 2.86e-02 7.30e-03h  1
CasADi - 2026-10-04 13:15:05 MESSAGE("nlp_g::eval") [.../casadi/core/sx_function.cpp:77]
CasADi - 2026-10-04 13:15:05 MESSAGE("nlp_f::eval") [.../casadi/core/sx_function.cpp:77]
CasADi - 2026-10-04 13:15:05 MESSAGE("nlp_grad_f::eval") [.../casadi/core/sx_function.cpp:77]
CasADi - 2026-10-04 13:15:05 MESSAGE("nlp_jac_g::eval") [.../casadi/core/sx_function.cpp:77]
CasADi - 2026-10-04 13:15:05 MESSAGE("nlp_hess_l::eval") [.../casadi/core/sx_function.cpp:77]
 129  7.1410761e+00 4.57e-01 2.19e+05  -1.0 1.11e+00   4.6 4.73e-03 5.76e-03h  1
CasADi - 2026-10-04 13:15:05 MESSAGE("nlp_g::eval") [.../casadi/core/sx_function.cpp:77]
CasADi - 2026-10-04 13:15:05 MESSAGE("nlp_f::eval") [.../casadi/core/sx_function.cpp:77]
CasADi - 2026-10-04 13:15:05 MESSAGE("nlp_grad_f::eval") [.../casadi/core/sx_function.cpp:77]
CasADi - 2026-10-04 13:15:05 MESSAGE("nlp_jac_g::eval") [.../casadi/core/sx_function.cpp:77]
CasADi - 2026-10-04 13:15:05 MESSAGE("nlp_hess_l::eval") [.../casadi/core/sx_function.cpp:77]
iter    objective    inf_pr   inf_du lg(mu)  ||d||  lg(rg) alpha_du alpha_pr  ls
 130  7.1476698e+00 4.57e-01 2.06e+06  -1.0 1.09e+00   5.1 6.23e-02 1.53e-03h  1
CasADi - 2026-10-04 13:15:05 MESSAGE("nlp_g::eval") [.../casadi/core/sx_function.cpp:77]
CasADi - 2026-10-04 13:15:05 MESSAGE("nlp_f::eval") [.../casadi/core/sx_function.cpp:77]
CasADi - 2026-10-04 13:15:05 MESSAGE("nlp_grad_f::eval") [.../casadi/core/sx_function.cpp:77]
CasADi - 2026-10-04 13:15:05 MESSAGE("nlp_jac_g::eval") [.../casadi/core/sx_function.cpp:77]
CasADi - 2026-10-04 13:15:05 MESSAGE("nlp_hess_l::eval") [.../casadi/core/sx_function.cpp:77]
 131  7.1796495e+00 4.53e-01 2.02e+06  -1.0 1.15e+00   4.6 5.53e-03 7.17e-03h  1
CasADi - 2026-10-04 13:15:05 MESSAGE("nlp_g::eval") [.../casadi/core/sx_function.cpp:77]
CasADi - 2026-10-04 13:15:05 MESSAGE("nlp_f::eval") [.../casadi/core/sx_function.cpp:77]
CasADi - 2026-10-04 13:15:05 MESSAGE("nlp_grad_f::eval") [.../casadi/core/sx_function.cpp:77]
CasADi - 2026-10-04 13:15:05 MESSAGE("nlp_jac_g::eval") [.../casadi/core/sx_function.cpp:77]
CasADi - 2026-10-04 13:15:05 MESSAGE("nlp_hess_l::eval") [.../casadi/core/sx_function.cpp:77]
 132  7.1832555e+00 4.53e-01 3.22e+06  -1.0 1.04e+00   5.0 2.95e-02 8.22e-04h  1
CasADi - 2026-10-04 13:15:05 MESSAGE("nlp_g::eval") [.../casadi/core/sx_function.cpp:77]
CasADi - 2026-10-04 13:15:05 MESSAGE("nlp_f::eval") [.../casadi/core/sx_function.cpp:77]
CasADi - 2026-10-04 13:15:05 MESSAGE("nlp_grad_f::eval") [.../casadi/core/sx_function.cpp:77]
CasADi - 2026-10-04 13:15:05 MESSAGE("nlp_jac_g::eval") [.../casadi/core/sx_function.cpp:77]
CasADi - 2026-10-04 13:15:05 MESSAGE("nlp_hess_l::eval") [.../casadi/core/sx_function.cpp:77]
 133  7.2206436e+00 4.49e-01 3.20e+06  -1.0 1.04e+00   4.5 2.33e-03 7.73e-03h  1
CasADi - 2026-10-04 13:15:05 MESSAGE("nlp_g::eval") [.../casadi/core/sx_function.cpp:77]
CasADi - 2026-10-04 13:15:05 MESSAGE("nlp_f::eval") [.../casadi/core/sx_function.cpp:77]
CasADi - 2026-10-04 13:15:05 MESSAGE("nlp_grad_f::eval") [.../casadi/core/sx_function.cpp:77]
CasADi - 2026-10-04 13:15:05 MESSAGE("nlp_jac_g::eval") [.../casadi/core/sx_function.cpp:77]
CasADi - 2026-10-04 13:15:05 MESSAGE("nlp_hess_l::eval") [.../casadi/core/sx_function.cpp:77]
 134  7.2230312e+00 4.49e-01 3.37e+06  -1.0 1.45e+00   5.0 5.54e-03 5.11e-04h  1
CasADi - 2026-10-04 13:15:05 MESSAGE("nlp_g::eval") [.../casadi/core/sx_function.cpp:77]
CasADi - 2026-10-04 13:15:05 MESSAGE("nlp_f::eval") [.../casadi/core/sx_function.cpp:77]
CasADi - 2026-10-04 13:15:05 MESSAGE("nlp_grad_f::eval") [.../casadi/core/sx_function.cpp:77]
CasADi - 2026-10-04 13:15:05 MESSAGE("nlp_jac_g::eval") [.../casadi/core/sx_function.cpp:77]
CasADi - 2026-10-04 13:15:05 MESSAGE("nlp_hess_l::eval") [.../casadi/core/sx_function.cpp:77]
 135  7.2481962e+00 4.47e-01 3.22e+06  -1.0 2.43e+00   4.5 1.39e-03 5.32e-03h  1
CasADi - 2026-10-04 13:15:05 MESSAGE("nlp_g::eval") [.../casadi/core/sx_function.cpp:77]
CasADi - 2026-10-04 13:15:05 MESSAGE("nlp_f::eval") [.../casadi/core/sx_function.cpp:77]
CasADi - 2026-10-04 13:15:05 MESSAGE("nlp_grad_f::eval") [.../casadi/core/sx_function.cpp:77]
CasADi - 2026-10-04 13:15:05 MESSAGE("nlp_jac_g::eval") [.../casadi/core/sx_function.cpp:77]
CasADi - 2026-10-04 13:15:05 MESSAGE("nlp_hess_l::eval") [.../casadi/core/sx_function.cpp:77]
 136  7.2493173e+00 4.47e-01 4.74e+06  -1.0 1.36e+00   4.9 9.97e-03 2.44e-04h  1
CasADi - 2026-10-04 13:15:05 MESSAGE("nlp_g::eval") [.../casadi/core/sx_function.cpp:77]
CasADi - 2026-10-04 13:15:05 MESSAGE("nlp_f::eval") [.../casadi/core/sx_function.cpp:77]
CasADi - 2026-10-04 13:15:05 MESSAGE("nlp_grad_f::eval") [.../casadi/core/sx_function.cpp:77]
CasADi - 2026-10-04 13:15:05 MESSAGE("nlp_jac_g::eval") [.../casadi/core/sx_function.cpp:77]
CasADi - 2026-10-04 13:15:06 MESSAGE("nlp_hess_l::eval") [.../casadi/core/sx_function.cpp:77]
 137  7.2626656e+00 4.45e-01 3.45e+06  -1.0 1.13e+00   5.3 4.52e-04 2.98e-03h  1
CasADi - 2026-10-04 13:15:06 MESSAGE("nlp_g::eval") [.../casadi/core/sx_function.cpp:77]
CasADi - 2026-10-04 13:15:06 MESSAGE("nlp_f::eval") [.../casadi/core/sx_function.cpp:77]
CasADi - 2026-10-04 13:15:06 MESSAGE("nlp_grad_f::eval") [.../casadi/core/sx_function.cpp:77]
CasADi - 2026-10-04 13:15:06 MESSAGE("nlp_jac_g::eval") [.../casadi/core/sx_function.cpp:77]
CasADi - 2026-10-04 13:15:06 MESSAGE("nlp_hess_l::eval") [.../casadi/core/sx_function.cpp:77]
 138  7.2651055e+00 4.45e-01 3.09e+06  -1.0 1.13e+00   5.8 2.00e-05 5.58e-04h  1
CasADi - 2026-10-04 13:15:06 MESSAGE("nlp_g::eval") [.../casadi/core/sx_function.cpp:77]
CasADi - 2026-10-04 13:15:06 MESSAGE("nlp_f::eval") [.../casadi/core/sx_function.cpp:77]
CasADi - 2026-10-04 13:15:06 MESSAGE("nlp_grad_f::eval") [.../casadi/core/sx_function.cpp:77]
CasADi - 2026-10-04 13:15:06 MESSAGE("nlp_jac_g::eval") [.../casadi/core/sx_function.cpp:77]
CasADi - 2026-10-04 13:15:06 MESSAGE("nlp_hess_l::eval") [.../casadi/core/sx_function.cpp:77]
 139  7.2776095e+00 4.44e-01 4.31e+06  -1.0 1.36e+00   5.3 5.74e-03 2.74e-03h  1
CasADi - 2026-10-04 13:15:06 MESSAGE("nlp_g::eval") [.../casadi/core/sx_function.cpp:77]
CasADi - 2026-10-04 13:15:06 MESSAGE("nlp_f::eval") [.../casadi/core/sx_function.cpp:77]
CasADi - 2026-10-04 13:15:06 MESSAGE("nlp_grad_f::eval") [.../casadi/core/sx_function.cpp:77]
CasADi - 2026-10-04 13:15:06 MESSAGE("nlp_jac_g::eval") [.../casadi/core/sx_function.cpp:77]
CasADi - 2026-10-04 13:15:06 MESSAGE("nlp_hess_l::eval") [.../casadi/core/sx_function.cpp:77]
iter    objective    inf_pr   inf_du lg(mu)  ||d||  lg(rg) alpha_du alpha_pr  ls
 140  7.2837268e+00 4.43e-01 4.31e+06  -1.0 1.28e+00   5.7 1.39e-03 1.38e-03h  1
CasADi - 2026-10-04 13:15:06 MESSAGE("nlp_g::eval") [.../casadi/core/sx_function.cpp:77]
CasADi - 2026-10-04 13:15:06 MESSAGE("nlp_f::eval") [.../casadi/core/sx_function.cpp:77]
CasADi - 2026-10-04 13:15:06 MESSAGE("nlp_grad_f::eval") [.../casadi/core/sx_function.cpp:77]
CasADi - 2026-10-04 13:15:06 MESSAGE("nlp_jac_g::eval") [.../casadi/core/sx_function.cpp:77]
CasADi - 2026-10-04 13:15:06 MESSAGE("nlp_hess_l::eval") [.../casadi/core/sx_function.cpp:77]
 141  7.2843202e+00 4.43e-01 1.95e+07  -1.0 1.28e+00   6.1 4.13e-03 1.36e-04h  1
CasADi - 2026-10-04 13:15:06 MESSAGE("nlp_g::eval") [.../casadi/core/sx_function.cpp:77]
CasADi - 2026-10-04 13:15:06 MESSAGE("nlp_f::eval") [.../casadi/core/sx_function.cpp:77]
CasADi - 2026-10-04 13:15:06 MESSAGE("nlp_grad_f::eval") [.../casadi/core/sx_function.cpp:77]
CasADi - 2026-10-04 13:15:06 MESSAGE("nlp_jac_g::eval") [.../casadi/core/sx_function.cpp:77]
CasADi - 2026-10-04 13:15:06 MESSAGE("nlp_hess_l::eval") [.../casadi/core/sx_function.cpp:77]
 142  7.3059704e+00 4.41e-01 2.11e+07  -1.0 1.43e+00   5.7 5.88e-03 4.68e-03h  1
CasADi - 2026-10-04 13:15:06 MESSAGE("nlp_g::eval") [.../casadi/core/sx_function.cpp:77]
CasADi - 2026-10-04 13:15:06 MESSAGE("nlp_f::eval") [.../casadi/core/sx_function.cpp:77]
CasADi - 2026-10-04 13:15:06 MESSAGE("nlp_grad_f::eval") [.../casadi/core/sx_function.cpp:77]
CasADi - 2026-10-04 13:15:06 MESSAGE("nlp_jac_g::eval") [.../casadi/core/sx_function.cpp:77]
CasADi - 2026-10-04 13:15:06 MESSAGE("nlp_hess_l::eval") [.../casadi/core/sx_function.cpp:77]
 143  7.3130040e+00 4.41e-01 5.38e+07  -1.0 1.36e+00   6.1 1.06e-02 1.52e-03h  1
CasADi - 2026-10-04 13:15:06 MESSAGE("nlp_g::eval") [.../casadi/core/sx_function.cpp:77]
CasADi - 2026-10-04 13:15:06 MESSAGE("nlp_f::eval") [.../casadi/core/sx_function.cpp:77]
CasADi - 2026-10-04 13:15:06 MESSAGE("nlp_grad_f::eval") [.../casadi/core/sx_function.cpp:77]
CasADi - 2026-10-04 13:15:06 MESSAGE("nlp_jac_g::eval") [.../casadi/core/sx_function.cpp:77]
CasADi - 2026-10-04 13:15:06 MESSAGE("nlp_hess_l::eval") [.../casadi/core/sx_function.cpp:77]
 144  7.3175179e+00 4.40e-01 1.22e+08  -1.0 1.35e+00   6.5 8.31e-03 1.02e-03h  1
CasADi - 2026-10-04 13:15:06 MESSAGE("nlp_g::eval") [.../casadi/core/sx_function.cpp:77]
CasADi - 2026-10-04 13:15:06 MESSAGE("nlp_f::eval") [.../casadi/core/sx_function.cpp:77]
CasADi - 2026-10-04 13:15:06 MESSAGE("nlp_grad_f::eval") [.../casadi/core/sx_function.cpp:77]
CasADi - 2026-10-04 13:15:06 MESSAGE("nlp_jac_g::eval") [.../casadi/core/sx_function.cpp:77]
CasADi - 2026-10-04 13:15:06 MESSAGE("nlp_hess_l::eval") [.../casadi/core/sx_function.cpp:77]
 145  7.3242414e+00 4.39e-01 1.38e+08  -1.0 1.51e+00   6.0 1.03e-02 1.46e-03h  1
CasADi - 2026-10-04 13:15:06 MESSAGE("nlp_g::eval") [.../casadi/core/sx_function.cpp:77]
CasADi - 2026-10-04 13:15:06 MESSAGE("nlp_f::eval") [.../casadi/core/sx_function.cpp:77]
CasADi - 2026-10-04 13:15:06 MESSAGE("nlp_grad_f::eval") [.../casadi/core/sx_function.cpp:77]
CasADi - 2026-10-04 13:15:06 MESSAGE("nlp_jac_g::eval") [.../casadi/core/sx_function.cpp:77]
CasADi - 2026-10-04 13:15:06 MESSAGE("nlp_hess_l::eval") [.../casadi/core/sx_function.cpp:77]
 146  7.3356265e+00 4.38e-01 1.67e+08  -1.0 1.55e+00   6.5 2.26e-02 2.49e-03h  1
CasADi - 2026-10-04 13:15:06 MESSAGE("nlp_g::eval") [.../casadi/core/sx_function.cpp:77]
CasADi - 2026-10-04 13:15:06 MESSAGE("nlp_f::eval") [.../casadi/core/sx_function.cpp:77]
CasADi - 2026-10-04 13:15:06 MESSAGE("nlp_grad_f::eval") [.../casadi/core/sx_function.cpp:77]
CasADi - 2026-10-04 13:15:06 MESSAGE("nlp_jac_g::eval") [.../casadi/core/sx_function.cpp:77]
CasADi - 2026-10-04 13:15:06 MESSAGE("nlp_hess_l::eval") [.../casadi/core/sx_function.cpp:77]
 147  7.3592315e+00 4.36e-01 2.19e+08  -1.0 1.62e+00   6.9 1.01e-02 5.04e-03h  1
CasADi - 2026-10-04 13:15:06 MESSAGE("nlp_g::eval") [.../casadi/core/sx_function.cpp:77]
CasADi - 2026-10-04 13:15:06 MESSAGE("nlp_f::eval") [.../casadi/core/sx_function.cpp:77]
CasADi - 2026-10-04 13:15:06 MESSAGE("nlp_grad_f::eval") [.../casadi/core/sx_function.cpp:77]
CasADi - 2026-10-04 13:15:06 MESSAGE("nlp_jac_g::eval") [.../casadi/core/sx_function.cpp:77]
CasADi - 2026-10-04 13:15:06 MESSAGE("nlp_hess_l::eval") [.../casadi/core/sx_function.cpp:77]
 148  7.3621569e+00 4.36e-01 2.49e+08  -1.0 1.55e+00   7.3 1.70e-03 6.86e-04h  1
CasADi - 2026-10-04 13:15:06 MESSAGE("nlp_g::eval") [.../casadi/core/sx_function.cpp:77]
CasADi - 2026-10-04 13:15:06 MESSAGE("nlp_f::eval") [.../casadi/core/sx_function.cpp:77]
CasADi - 2026-10-04 13:15:06 MESSAGE("nlp_grad_f::eval") [.../casadi/core/sx_function.cpp:77]
CasADi - 2026-10-04 13:15:06 MESSAGE("nlp_jac_g::eval") [.../casadi/core/sx_function.cpp:77]
CasADi - 2026-10-04 13:15:06 MESSAGE("nlp_hess_l::eval") [.../casadi/core/sx_function.cpp:77]
 149  7.3624855e+00 4.36e-01 2.50e+08  -1.0 1.62e+00   6.8 2.05e-04 8.29e-05h  1
CasADi - 2026-10-04 13:15:06 MESSAGE("nlp_g::eval") [.../casadi/core/sx_function.cpp:77]
CasADi - 2026-10-04 13:15:06 MESSAGE("nlp_f::eval") [.../casadi/core/sx_function.cpp:77]
CasADi - 2026-10-04 13:15:06 MESSAGE("nlp_grad_f::eval") [.../casadi/core/sx_function.cpp:77]
CasADi - 2026-10-04 13:15:06 MESSAGE("nlp_jac_g::eval") [.../casadi/core/sx_function.cpp:77]
CasADi - 2026-10-04 13:15:06 MESSAGE("nlp_hess_l::eval") [.../casadi/core/sx_function.cpp:77]
iter    objective    inf_pr   inf_du lg(mu)  ||d||  lg(rg) alpha_du alpha_pr  ls
 150  7.3628895e+00 4.36e-01 2.55e+08  -1.0 1.42e+00   7.3 2.79e-04 9.93e-05h  1
CasADi - 2026-10-04 13:15:06 MESSAGE("nlp_g::eval") [.../casadi/core/sx_function.cpp:77]
CasADi - 2026-10-04 13:15:06 MESSAGE("nlp_f::eval") [.../casadi/core/sx_function.cpp:77]
CasADi - 2026-10-04 13:15:06 MESSAGE("nlp_grad_f::eval") [.../casadi/core/sx_function.cpp:77]
CasADi - 2026-10-04 13:15:06 MESSAGE("nlp_jac_g::eval") [.../casadi/core/sx_function.cpp:77]
CasADi - 2026-10-04 13:15:06 MESSAGE("nlp_hess_l::eval") [.../casadi/core/sx_function.cpp:77]
 151  7.3699010e+00 4.35e-01 4.72e+08  -1.0 1.48e+00   6.8 2.71e-02 1.80e-03h  1
CasADi - 2026-10-04 13:15:06 MESSAGE("nlp_g::eval") [.../casadi/core/sx_function.cpp:77]
CasADi - 2026-10-04 13:15:06 MESSAGE("nlp_f::eval") [.../casadi/core/sx_function.cpp:77]
CasADi - 2026-10-04 13:15:06 MESSAGE("nlp_grad_f::eval") [.../casadi/core/sx_function.cpp:77]
CasADi - 2026-10-04 13:15:06 MESSAGE("nlp_jac_g::eval") [.../casadi/core/sx_function.cpp:77]
CasADi - 2026-10-04 13:15:06 MESSAGE("nlp_hess_l::eval") [.../casadi/core/sx_function.cpp:77]
 152  7.3726926e+00 4.35e-01 5.31e+08  -1.0 1.45e+00   7.2 3.15e-03 6.90e-04h  1
CasADi - 2026-10-04 13:15:06 MESSAGE("nlp_g::eval") [.../casadi/core/sx_function.cpp:77]
CasADi - 2026-10-04 13:15:06 MESSAGE("nlp_f::eval") [.../casadi/core/sx_function.cpp:77]
CasADi - 2026-10-04 13:15:06 MESSAGE("nlp_grad_f::eval") [.../casadi/core/sx_function.cpp:77]
CasADi - 2026-10-04 13:15:06 MESSAGE("nlp_jac_g::eval") [.../casadi/core/sx_function.cpp:77]
CasADi - 2026-10-04 13:15:06 MESSAGE("nlp_hess_l::eval") [.../casadi/core/sx_function.cpp:77]
 153  7.3812528e+00 4.34e-01 5.86e+08  -1.0 2.90e+00   6.7 1.03e-02 2.35e-03h  1
CasADi - 2026-10-04 13:15:06 MESSAGE("nlp_g::eval") [.../casadi/core/sx_function.cpp:77]
CasADi - 2026-10-04 13:15:06 MESSAGE("nlp_f::eval") [.../casadi/core/sx_function.cpp:77]
CasADi - 2026-10-04 13:15:06 MESSAGE("nlp_grad_f::eval") [.../casadi/core/sx_function.cpp:77]
CasADi - 2026-10-04 13:15:06 MESSAGE("nlp_jac_g::eval") [.../casadi/core/sx_function.cpp:77]
CasADi - 2026-10-04 13:15:06 MESSAGE("nlp_hess_l::eval") [.../casadi/core/sx_function.cpp:77]
 154  7.3815858e+00 4.34e-01 6.06e+08  -1.0 1.48e+00   7.2 1.09e-03 8.32e-05h  1
CasADi - 2026-10-04 13:15:06 MESSAGE("nlp_g::eval") [.../casadi/core/sx_function.cpp:77]
CasADi - 2026-10-04 13:15:06 MESSAGE("nlp_f::eval") [.../casadi/core/sx_function.cpp:77]
CasADi - 2026-10-04 13:15:06 MESSAGE("nlp_grad_f::eval") [.../casadi/core/sx_function.cpp:77]
CasADi - 2026-10-04 13:15:06 MESSAGE("nlp_jac_g::eval") [.../casadi/core/sx_function.cpp:77]
CasADi - 2026-10-04 13:15:06 MESSAGE("nlp_hess_l::eval") [.../casadi/core/sx_function.cpp:77]
 155  7.3924453e+00 4.32e-01 5.96e+08  -1.0 1.89e+00   6.7 1.61e-03 2.96e-03h  1
CasADi - 2026-10-04 13:15:06 MESSAGE("nlp_g::eval") [.../casadi/core/sx_function.cpp:77]
CasADi - 2026-10-04 13:15:06 MESSAGE("nlp_f::eval") [.../casadi/core/sx_function.cpp:77]
CasADi - 2026-10-04 13:15:06 MESSAGE("nlp_grad_f::eval") [.../casadi/core/sx_function.cpp:77]
CasADi - 2026-10-04 13:15:06 MESSAGE("nlp_jac_g::eval") [.../casadi/core/sx_function.cpp:77]
CasADi - 2026-10-04 13:15:06 MESSAGE("nlp_hess_l::eval") [.../casadi/core/sx_function.cpp:77]
 156  7.4011023e+00 4.31e-01 9.22e+08  -1.0 1.49e+00   7.1 2.17e-02 2.23e-03h  1
CasADi - 2026-10-04 13:15:06 MESSAGE("nlp_g::eval") [.../casadi/core/sx_function.cpp:77]
CasADi - 2026-10-04 13:15:06 MESSAGE("nlp_f::eval") [.../casadi/core/sx_function.cpp:77]
CasADi - 2026-10-04 13:15:06 MESSAGE("nlp_grad_f::eval") [.../casadi/core/sx_function.cpp:77]
CasADi - 2026-10-04 13:15:06 MESSAGE("nlp_jac_g::eval") [.../casadi/core/sx_function.cpp:77]
CasADi - 2026-10-04 13:15:06 MESSAGE("nlp_hess_l::eval") [.../casadi/core/sx_function.cpp:77]
 157  7.4114221e+00 4.30e-01 1.27e+09  -1.0 1.38e+00   7.5 1.03e-02 2.63e-03h  1
CasADi - 2026-10-04 13:15:06 MESSAGE("nlp_g::eval") [.../casadi/core/sx_function.cpp:77]
CasADi - 2026-10-04 13:15:06 MESSAGE("nlp_f::eval") [.../casadi/core/sx_function.cpp:77]
CasADi - 2026-10-04 13:15:06 MESSAGE("nlp_grad_f::eval") [.../casadi/core/sx_function.cpp:77]
CasADi - 2026-10-04 13:15:06 MESSAGE("nlp_jac_g::eval") [.../casadi/core/sx_function.cpp:77]
CasADi - 2026-10-04 13:15:06 MESSAGE("nlp_hess_l::eval") [.../casadi/core/sx_function.cpp:77]
 158  7.4166783e+00 4.30e-01 1.63e+09  -1.0 3.10e+00   7.0 3.59e-02 1.36e-03h  1
CasADi - 2026-10-04 13:15:06 MESSAGE("nlp_g::eval") [.../casadi/core/sx_function.cpp:77]
CasADi - 2026-10-04 13:15:06 MESSAGE("nlp_f::eval") [.../casadi/core/sx_function.cpp:77]
CasADi - 2026-10-04 13:15:06 MESSAGE("nlp_grad_f::eval") [.../casadi/core/sx_function.cpp:77]
CasADi - 2026-10-04 13:15:06 MESSAGE("nlp_jac_g::eval") [.../casadi/core/sx_function.cpp:77]
CasADi - 2026-10-04 13:15:06 MESSAGE("nlp_hess_l::eval") [.../casadi/core/sx_function.cpp:77]
 159  7.4369884e+00 4.27e-01 1.95e+09  -1.0 1.47e+00   7.5 1.44e-02 5.15e-03h  1
CasADi - 2026-10-04 13:15:06 MESSAGE("nlp_g::eval") [.../casadi/core/sx_function.cpp:77]
CasADi - 2026-10-04 13:15:06 MESSAGE("nlp_f::eval") [.../casadi/core/sx_function.cpp:77]
CasADi - 2026-10-04 13:15:06 MESSAGE("nlp_grad_f::eval") [.../casadi/core/sx_function.cpp:77]
CasADi - 2026-10-04 13:15:06 MESSAGE("nlp_jac_g::eval") [.../casadi/core/sx_function.cpp:77]
CasADi - 2026-10-04 13:15:06 MESSAGE("nlp_hess_l::eval") [.../casadi/core/sx_function.cpp:77]
iter    objective    inf_pr   inf_du lg(mu)  ||d||  lg(rg) alpha_du alpha_pr  ls
 160  7.4386479e+00 4.27e-01 1.17e+10  -1.0 1.20e+00   7.9 1.09e-01 4.18e-04h  1
CasADi - 2026-10-04 13:15:06 MESSAGE("nlp_g::eval") [.../casadi/core/sx_function.cpp:77]
CasADi - 2026-10-04 13:15:06 MESSAGE("nlp_f::eval") [.../casadi/core/sx_function.cpp:77]
CasADi - 2026-10-04 13:15:06 MESSAGE("nlp_grad_f::eval") [.../casadi/core/sx_function.cpp:77]
CasADi - 2026-10-04 13:15:06 MESSAGE("nlp_jac_g::eval") [.../casadi/core/sx_function.cpp:77]
CasADi - 2026-10-04 13:15:06 MESSAGE("nlp_hess_l::eval") [.../casadi/core/sx_function.cpp:77]
 161  7.4472898e+00 4.27e-01 1.15e+10  -1.0 2.23e+01   7.4 3.90e-03 1.27e-03h  1
CasADi - 2026-10-04 13:15:06 MESSAGE("nlp_g::eval") [.../casadi/core/sx_function.cpp:77]
CasADi - 2026-10-04 13:15:06 MESSAGE("nlp_f::eval") [.../casadi/core/sx_function.cpp:77]
CasADi - 2026-10-04 13:15:06 MESSAGE("nlp_grad_f::eval") [.../casadi/core/sx_function.cpp:77]
CasADi - 2026-10-04 13:15:06 MESSAGE("nlp_jac_g::eval") [.../casadi/core/sx_function.cpp:77]
CasADi - 2026-10-04 13:15:06 MESSAGE("nlp_hess_l::eval") [.../casadi/core/sx_function.cpp:77]
 162  7.4523452e+00 4.26e-01 1.15e+10  -1.0 2.32e+00   6.9 1.55e-02 1.66e-03h  1
CasADi - 2026-10-04 13:15:06 MESSAGE("nlp_g::eval") [.../casadi/core/sx_function.cpp:77]
CasADi - 2026-10-04 13:15:06 MESSAGE("nlp_f::eval") [.../casadi/core/sx_function.cpp:77]
CasADi - 2026-10-04 13:15:06 MESSAGE("nlp_grad_f::eval") [.../casadi/core/sx_function.cpp:77]
CasADi - 2026-10-04 13:15:06 MESSAGE("nlp_jac_g::eval") [.../casadi/core/sx_function.cpp:77]
CasADi - 2026-10-04 13:15:06 MESSAGE("nlp_hess_l::eval") [.../casadi/core/sx_function.cpp:77]
 163  7.4525981e+00 4.26e-01 1.41e+10  -1.0 1.55e+00   7.4 1.33e-01 7.07e-05h  1
CasADi - 2026-10-04 13:15:06 MESSAGE("nlp_g::eval") [.../casadi/core/sx_function.cpp:77]
CasADi - 2026-10-04 13:15:06 MESSAGE("nlp_f::eval") [.../casadi/core/sx_function.cpp:77]
CasADi - 2026-10-04 13:15:06 MESSAGE("nlp_grad_f::eval") [.../casadi/core/sx_function.cpp:77]
CasADi - 2026-10-04 13:15:06 MESSAGE("nlp_jac_g::eval") [.../casadi/core/sx_function.cpp:77]
CasADi - 2026-10-04 13:15:06 MESSAGE("nlp_hess_l::eval") [.../casadi/core/sx_function.cpp:77]
 164  7.4688096e+00 4.24e-01 1.56e+10  -1.0 1.48e+00   7.8 2.58e-02 4.35e-03h  1
CasADi - 2026-10-04 13:15:06 MESSAGE("nlp_g::eval") [.../casadi/core/sx_function.cpp:77]
CasADi - 2026-10-04 13:15:06 MESSAGE("nlp_f::eval") [.../casadi/core/sx_function.cpp:77]
CasADi - 2026-10-04 13:15:06 MESSAGE("nlp_grad_f::eval") [.../casadi/core/sx_function.cpp:77]
CasADi - 2026-10-04 13:15:06 MESSAGE("nlp_jac_g::eval") [.../casadi/core/sx_function.cpp:77]
CasADi - 2026-10-04 13:15:06 MESSAGE("nlp_hess_l::eval") [.../casadi/core/sx_function.cpp:77]
 165  7.4811258e+00 4.23e-01 1.56e+10  -1.0 3.24e+00   7.3 8.18e-03 3.62e-03h  1
CasADi - 2026-10-04 13:15:06 MESSAGE("nlp_g::eval") [.../casadi/core/sx_function.cpp:77]
CasADi - 2026-10-04 13:15:06 MESSAGE("nlp_f::eval") [.../casadi/core/sx_function.cpp:77]
CasADi - 2026-10-04 13:15:06 MESSAGE("nlp_grad_f::eval") [.../casadi/core/sx_function.cpp:77]
CasADi - 2026-10-04 13:15:06 MESSAGE("nlp_jac_g::eval") [.../casadi/core/sx_function.cpp:77]
CasADi - 2026-10-04 13:15:06 MESSAGE("nlp_hess_l::eval") [.../casadi/core/sx_function.cpp:77]
 166  7.4831329e+00 4.22e-01 1.87e+10  -1.0 1.77e+00   7.7 6.41e-02 5.52e-04h  1
CasADi - 2026-10-04 13:15:07 MESSAGE("nlp_g::eval") [.../casadi/core/sx_function.cpp:77]
CasADi - 2026-10-04 13:15:07 MESSAGE("nlp_f::eval") [.../casadi/core/sx_function.cpp:77]
CasADi - 2026-10-04 13:15:07 MESSAGE("nlp_grad_f::eval") [.../casadi/core/sx_function.cpp:77]
CasADi - 2026-10-04 13:15:07 MESSAGE("nlp_jac_g::eval") [.../casadi/core/sx_function.cpp:77]
CasADi - 2026-10-04 13:15:07 MESSAGE("nlp_hess_l::eval") [.../casadi/core/sx_function.cpp:77]
 167  7.5160362e+00 4.19e-01 1.73e+10  -1.0 1.49e+00   8.2 9.05e-04 8.86e-03h  1
CasADi - 2026-10-04 13:15:07 MESSAGE("nlp_g::eval") [.../casadi/core/sx_function.cpp:77]
CasADi - 2026-10-04 13:15:07 MESSAGE("nlp_f::eval") [.../casadi/core/sx_function.cpp:77]
CasADi - 2026-10-04 13:15:07 MESSAGE("nlp_grad_f::eval") [.../casadi/core/sx_function.cpp:77]
CasADi - 2026-10-04 13:15:07 MESSAGE("nlp_jac_g::eval") [.../casadi/core/sx_function.cpp:77]
CasADi - 2026-10-04 13:15:07 MESSAGE("nlp_hess_l::eval") [.../casadi/core/sx_function.cpp:77]
 168  7.5163963e+00 4.19e-01 1.85e+10  -1.0 1.14e+00   8.6 3.28e-03 9.79e-05h  1
CasADi - 2026-10-04 13:15:07 MESSAGE("nlp_g::eval") [.../casadi/core/sx_function.cpp:77]
CasADi - 2026-10-04 13:15:07 MESSAGE("nlp_f::eval") [.../casadi/core/sx_function.cpp:77]
CasADi - 2026-10-04 13:15:07 MESSAGE("nlp_grad_f::eval") [.../casadi/core/sx_function.cpp:77]
CasADi - 2026-10-04 13:15:07 MESSAGE("nlp_jac_g::eval") [.../casadi/core/sx_function.cpp:77]
CasADi - 2026-10-04 13:15:07 MESSAGE("nlp_hess_l::eval") [.../casadi/core/sx_function.cpp:77]
 169  7.5187737e+00 4.18e-01 1.94e+10  -1.0 3.22e+00   8.1 1.71e-02 5.69e-04h  1
CasADi - 2026-10-04 13:15:07 MESSAGE("nlp_g::eval") [.../casadi/core/sx_function.cpp:77]
CasADi - 2026-10-04 13:15:07 MESSAGE("nlp_f::eval") [.../casadi/core/sx_function.cpp:77]
CasADi - 2026-10-04 13:15:07 MESSAGE("nlp_grad_f::eval") [.../casadi/core/sx_function.cpp:77]
CasADi - 2026-10-04 13:15:07 MESSAGE("nlp_jac_g::eval") [.../casadi/core/sx_function.cpp:77]
CasADi - 2026-10-04 13:15:07 MESSAGE("nlp_hess_l::eval") [.../casadi/core/sx_function.cpp:77]
iter    objective    inf_pr   inf_du lg(mu)  ||d||  lg(rg) alpha_du alpha_pr  ls
 170  7.5682275e+00 4.13e-01 1.50e+10  -1.0 1.19e+00   8.5 8.80e-05 1.29e-02h  1
CasADi - 2026-10-04 13:15:07 MESSAGE("nlp_g::eval") [.../casadi/core/sx_function.cpp:77]
CasADi - 2026-10-04 13:15:07 MESSAGE("nlp_f::eval") [.../casadi/core/sx_function.cpp:77]
CasADi - 2026-10-04 13:15:07 MESSAGE("nlp_grad_f::eval") [.../casadi/core/sx_function.cpp:77]
CasADi - 2026-10-04 13:15:07 MESSAGE("nlp_jac_g::eval") [.../casadi/core/sx_function.cpp:77]
CasADi - 2026-10-04 13:15:07 MESSAGE("nlp_hess_l::eval") [.../casadi/core/sx_function.cpp:77]
 171  7.5726983e+00 4.12e-01 1.58e+10  -1.0 1.34e+00   9.0 2.20e-03 1.28e-03h  1
CasADi - 2026-10-04 13:15:07 MESSAGE("nlp_g::eval") [.../casadi/core/sx_function.cpp:77]
CasADi - 2026-10-04 13:15:07 MESSAGE("nlp_f::eval") [.../casadi/core/sx_function.cpp:77]
CasADi - 2026-10-04 13:15:07 MESSAGE("nlp_grad_f::eval") [.../casadi/core/sx_function.cpp:77]
CasADi - 2026-10-04 13:15:07 MESSAGE("nlp_jac_g::eval") [.../casadi/core/sx_function.cpp:77]
CasADi - 2026-10-04 13:15:07 MESSAGE("nlp_hess_l::eval") [.../casadi/core/sx_function.cpp:77]
 172  7.5768232e+00 4.12e-01 1.66e+10  -1.0 1.15e+00   9.4 1.54e-03 1.20e-03h  1
CasADi - 2026-10-04 13:15:07 MESSAGE("nlp_g::eval") [.../casadi/core/sx_function.cpp:77]
CasADi - 2026-10-04 13:15:07 MESSAGE("nlp_f::eval") [.../casadi/core/sx_function.cpp:77]
CasADi - 2026-10-04 13:15:07 MESSAGE("nlp_grad_f::eval") [.../casadi/core/sx_function.cpp:77]
CasADi - 2026-10-04 13:15:07 MESSAGE("nlp_jac_g::eval") [.../casadi/core/sx_function.cpp:77]
CasADi - 2026-10-04 13:15:07 MESSAGE("nlp_hess_l::eval") [.../casadi/core/sx_function.cpp:77]
 173  7.5820900e+00 4.11e-01 1.74e+10  -1.0 2.18e+00   8.9 2.56e-03 1.48e-03h  1
CasADi - 2026-10-04 13:15:07 MESSAGE("nlp_g::eval") [.../casadi/core/sx_function.cpp:77]
CasADi - 2026-10-04 13:15:07 MESSAGE("nlp_f::eval") [.../casadi/core/sx_function.cpp:77]
CasADi - 2026-10-04 13:15:07 MESSAGE("nlp_grad_f::eval") [.../casadi/core/sx_function.cpp:77]
CasADi - 2026-10-04 13:15:07 MESSAGE("nlp_jac_g::eval") [.../casadi/core/sx_function.cpp:77]
CasADi - 2026-10-04 13:15:07 MESSAGE("nlp_hess_l::eval") [.../casadi/core/sx_function.cpp:77]
 174  7.5822252e+00 4.11e-01 2.14e+10  -1.0 1.35e+00   9.3 1.85e-03 3.77e-05h  1
CasADi - 2026-10-04 13:15:07 MESSAGE("nlp_g::eval") [.../casadi/core/sx_function.cpp:77]
CasADi - 2026-10-04 13:15:07 MESSAGE("nlp_f::eval") [.../casadi/core/sx_function.cpp:77]
CasADi - 2026-10-04 13:15:07 MESSAGE("nlp_grad_f::eval") [.../casadi/core/sx_function.cpp:77]
CasADi - 2026-10-04 13:15:07 MESSAGE("nlp_jac_g::eval") [.../casadi/core/sx_function.cpp:77]
CasADi - 2026-10-04 13:15:07 MESSAGE("nlp_hess_l::eval") [.../casadi/core/sx_function.cpp:77]
 175  7.5832723e+00 4.11e-01 2.45e+10  -1.0 1.00e+00   9.8 8.23e-04 2.95e-04h  1
CasADi - 2026-10-04 13:15:07 MESSAGE("nlp_g::eval") [.../casadi/core/sx_function.cpp:77]
CasADi - 2026-10-04 13:15:07 MESSAGE("nlp_f::eval") [.../casadi/core/sx_function.cpp:77]
CasADi - 2026-10-04 13:15:07 MESSAGE("nlp_grad_f::eval") [.../casadi/core/sx_function.cpp:77]
CasADi - 2026-10-04 13:15:07 MESSAGE("nlp_jac_g::eval") [.../casadi/core/sx_function.cpp:77]
CasADi - 2026-10-04 13:15:07 MESSAGE("nlp_hess_l::eval") [.../casadi/core/sx_function.cpp:77]
 176  7.5967477e+00 4.10e-01 1.94e+10  -1.0 1.67e+00   9.3 9.22e-04 3.61e-03h  1
CasADi - 2026-10-04 13:15:07 MESSAGE("nlp_g::eval") [.../casadi/core/sx_function.cpp:77]
CasADi - 2026-10-04 13:15:07 MESSAGE("nlp_f::eval") [.../casadi/core/sx_function.cpp:77]
CasADi - 2026-10-04 13:15:07 MESSAGE("nlp_grad_f::eval") [.../casadi/core/sx_function.cpp:77]
CasADi - 2026-10-04 13:15:07 MESSAGE("nlp_jac_g::eval") [.../casadi/core/sx_function.cpp:77]
CasADi - 2026-10-04 13:15:07 MESSAGE("nlp_hess_l::eval") [.../casadi/core/sx_function.cpp:77]
 177  7.5970899e+00 4.10e-01 2.92e+10  -1.0 1.18e+00   9.7 2.14e-03 9.10e-05h  1
CasADi - 2026-10-04 13:15:08 MESSAGE("nlp_g::eval") [.../casadi/core/sx_function.cpp:77]
CasADi - 2026-10-04 13:15:08 MESSAGE("nlp_f::eval") [.../casadi/core/sx_function.cpp:77]
CasADi - 2026-10-04 13:15:08 MESSAGE("nlp_grad_f::eval") [.../casadi/core/sx_function.cpp:77]
CasADi - 2026-10-04 13:15:08 MESSAGE("nlp_jac_g::eval") [.../casadi/core/sx_function.cpp:77]
CasADi - 2026-10-04 13:15:08 MESSAGE("nlp_hess_l::eval") [.../casadi/core/sx_function.cpp:77]
 178  7.5985105e+00 4.09e-01 2.42e+10  -1.0 1.06e+00  10.1 1.34e-05 3.91e-04h  1
CasADi - 2026-10-04 13:15:08 MESSAGE("nlp_g::eval") [.../casadi/core/sx_function.cpp:77]
CasADi - 2026-10-04 13:15:08 MESSAGE("nlp_f::eval") [.../casadi/core/sx_function.cpp:77]
CasADi - 2026-10-04 13:15:08 MESSAGE("nlp_grad_f::eval") [.../casadi/core/sx_function.cpp:77]
CasADi - 2026-10-04 13:15:08 MESSAGE("nlp_jac_g::eval") [.../casadi/core/sx_function.cpp:77]
CasADi - 2026-10-04 13:15:08 MESSAGE("nlp_hess_l::eval") [.../casadi/core/sx_function.cpp:77]
 179  7.6044860e+00 4.09e-01 1.79e+10  -1.0 1.24e+00   9.7 7.28e-05 1.59e-03h  1
CasADi - 2026-10-04 13:15:08 MESSAGE("nlp_g::eval") [.../casadi/core/sx_function.cpp:77]
CasADi - 2026-10-04 13:15:08 MESSAGE("nlp_f::eval") [.../casadi/core/sx_function.cpp:77]
CasADi - 2026-10-04 13:15:08 MESSAGE("nlp_grad_f::eval") [.../casadi/core/sx_function.cpp:77]
CasADi - 2026-10-04 13:15:08 MESSAGE("nlp_jac_g::eval") [.../casadi/core/sx_function.cpp:77]
CasADi - 2026-10-04 13:15:08 MESSAGE("nlp_hess_l::eval") [.../casadi/core/sx_function.cpp:77]
iter    objective    inf_pr   inf_du lg(mu)  ||d||  lg(rg) alpha_du alpha_pr  ls
 180  7.6115836e+00 4.08e-01 7.67e+10  -1.0 1.07e+00  10.1 7.14e-03 2.02e-03h  1
CasADi - 2026-10-04 13:15:08 MESSAGE("nlp_g::eval") [.../casadi/core/sx_function.cpp:77]
CasADi - 2026-10-04 13:15:08 MESSAGE("nlp_f::eval") [.../casadi/core/sx_function.cpp:77]
CasADi - 2026-10-04 13:15:08 MESSAGE("nlp_grad_f::eval") [.../casadi/core/sx_function.cpp:77]
CasADi - 2026-10-04 13:15:08 MESSAGE("nlp_jac_g::eval") [.../casadi/core/sx_function.cpp:77]
CasADi - 2026-10-04 13:15:08 MESSAGE("nlp_hess_l::eval") [.../casadi/core/sx_function.cpp:77]
 181  7.6160093e+00 4.07e-01 2.05e+11  -1.0 1.02e+00  10.5 5.42e-03 1.32e-03h  1
CasADi - 2026-10-04 13:15:08 MESSAGE("nlp_g::eval") [.../casadi/core/sx_function.cpp:77]
CasADi - 2026-10-04 13:15:08 MESSAGE("nlp_f::eval") [.../casadi/core/sx_function.cpp:77]
CasADi - 2026-10-04 13:15:08 MESSAGE("nlp_g::eval") [.../casadi/core/sx_function.cpp:77]
CasADi - 2026-10-04 13:15:08 MESSAGE("nlp_f::eval") [.../casadi/core/sx_function.cpp:77]
CasADi - 2026-10-04 13:15:08 MESSAGE("nlp_g::eval") [.../casadi/core/sx_function.cpp:77]
CasADi - 2026-10-04 13:15:08 MESSAGE("nlp_f::eval") [.../casadi/core/sx_function.cpp:77]
CasADi - 2026-10-04 13:15:08 MESSAGE("nlp_g::eval") [.../casadi/core/sx_function.cpp:77]
CasADi - 2026-10-04 13:15:08 MESSAGE("nlp_f::eval") [.../casadi/core/sx_function.cpp:77]
CasADi - 2026-10-04 13:15:08 MESSAGE("nlp_g::eval") [.../casadi/core/sx_function.cpp:77]
CasADi - 2026-10-04 13:15:08 MESSAGE("nlp_f::eval") [.../casadi/core/sx_function.cpp:77]
CasADi - 2026-10-04 13:15:08 MESSAGE("nlp_f::eval") [.../casadi/core/sx_function.cpp:77]
CasADi - 2026-10-04 13:15:08 MESSAGE("nlp_g::eval") [.../casadi/core/sx_function.cpp:77]
CasADi - 2026-10-04 13:15:08 MESSAGE("nlp_grad_f::eval") [.../casadi/core/sx_function.cpp:77]
CasADi - 2026-10-04 13:15:08 MESSAGE("nlp_jac_g::eval") [.../casadi/core/sx_function.cpp:77]
CasADi - 2026-10-04 13:15:08 MESSAGE("nlp_g::eval") [.../casadi/core/sx_function.cpp:77]
CasADi - 2026-10-04 13:15:08 MESSAGE("nlp_jac_g::eval") [.../casadi/core/sx_function.cpp:77]
CasADi - 2026-10-04 13:15:08 MESSAGE("nlp_f::eval") [.../casadi/core/sx_function.cpp:77]
 182r 7.6160093e+00 4.07e-01 1.00e+03  -0.6 0.00e+00  10.9 0.00e+00 2.77e-07R  6
CasADi - 2026-10-04 13:15:08 MESSAGE("nlp_g::eval") [.../casadi/core/sx_function.cpp:77]
CasADi - 2026-10-04 13:15:08 MESSAGE("nlp_f::eval") [.../casadi/core/sx_function.cpp:77]
CasADi - 2026-10-04 13:15:08 MESSAGE("nlp_jac_g::eval") [.../casadi/core/sx_function.cpp:77]
CasADi - 2026-10-04 13:15:08 MESSAGE("nlp_hess_l::eval") [.../casadi/core/sx_function.cpp:77]
 183r 8.7063262e+00 8.03e-01 1.16e+03  -0.6 2.71e+02    -  5.28e-05 1.00e-03f  1
CasADi - 2026-10-04 13:15:08 MESSAGE("nlp_g::eval") [.../casadi/core/sx_function.cpp:77]
CasADi - 2026-10-04 13:15:08 MESSAGE("nlp_f::eval") [.../casadi/core/sx_function.cpp:77]
CasADi - 2026-10-04 13:15:08 MESSAGE("nlp_jac_g::eval") [.../casadi/core/sx_function.cpp:77]
CasADi - 2026-10-04 13:15:08 MESSAGE("nlp_hess_l::eval") [.../casadi/core/sx_function.cpp:77]
 184r 8.8337829e+00 8.00e-01 1.35e+03  -0.6 8.73e+00   2.0 3.88e-03 1.46e-03f  1
CasADi - 2026-10-04 13:15:08 MESSAGE("nlp_g::eval") [.../casadi/core/sx_function.cpp:77]
CasADi - 2026-10-04 13:15:08 MESSAGE("nlp_f::eval") [.../casadi/core/sx_function.cpp:77]
CasADi - 2026-10-04 13:15:08 MESSAGE("nlp_jac_g::eval") [.../casadi/core/sx_function.cpp:77]
CasADi - 2026-10-04 13:15:08 MESSAGE("nlp_hess_l::eval") [.../casadi/core/sx_function.cpp:77]
 185r 9.3895629e+00 8.06e-01 1.62e+03  -0.6 1.51e+01   1.5 6.74e-04 2.97e-03f  1
CasADi - 2026-10-04 13:15:08 MESSAGE("nlp_g::eval") [.../casadi/core/sx_function.cpp:77]
CasADi - 2026-10-04 13:15:08 MESSAGE("nlp_f::eval") [.../casadi/core/sx_function.cpp:77]
CasADi - 2026-10-04 13:15:08 MESSAGE("nlp_jac_g::eval") [.../casadi/core/sx_function.cpp:77]
CasADi - 2026-10-04 13:15:08 MESSAGE("nlp_hess_l::eval") [.../casadi/core/sx_function.cpp:77]
 186r 9.4624839e+00 7.93e-01 1.61e+03  -0.6 1.48e+00   2.9 2.10e-03 4.56e-03f  1
CasADi - 2026-10-04 13:15:08 MESSAGE("nlp_g::eval") [.../casadi/core/sx_function.cpp:77]
CasADi - 2026-10-04 13:15:08 MESSAGE("nlp_f::eval") [.../casadi/core/sx_function.cpp:77]
CasADi - 2026-10-04 13:15:08 MESSAGE("nlp_jac_g::eval") [.../casadi/core/sx_function.cpp:77]
CasADi - 2026-10-04 13:15:08 MESSAGE("nlp_hess_l::eval") [.../casadi/core/sx_function.cpp:77]
 187r 9.5103463e+00 7.76e-01 1.71e+03  -0.6 5.81e-01   3.3 4.12e-03 7.59e-03f  1
CasADi - 2026-10-04 13:15:09 MESSAGE("nlp_g::eval") [.../casadi/core/sx_function.cpp:77]
CasADi - 2026-10-04 13:15:09 MESSAGE("nlp_f::eval") [.../casadi/core/sx_function.cpp:77]
CasADi - 2026-10-04 13:15:09 MESSAGE("nlp_jac_g::eval") [.../casadi/core/sx_function.cpp:77]
CasADi - 2026-10-04 13:15:09 MESSAGE("nlp_hess_l::eval") [.../casadi/core/sx_function.cpp:77]
 188r 9.6301453e+00 7.57e-01 1.71e+03  -0.6 1.45e+00   2.8 5.97e-03 6.76e-03f  1
CasADi - 2026-10-04 13:15:09 MESSAGE("nlp_g::eval") [.../casadi/core/sx_function.cpp:77]
CasADi - 2026-10-04 13:15:09 MESSAGE("nlp_f::eval") [.../casadi/core/sx_function.cpp:77]
CasADi - 2026-10-04 13:15:09 MESSAGE("nlp_jac_g::eval") [.../casadi/core/sx_function.cpp:77]
CasADi - 2026-10-04 13:15:09 MESSAGE("nlp_hess_l::eval") [.../casadi/core/sx_function.cpp:77]
 189r 9.7150806e+00 7.31e-01 1.68e+03  -0.6 5.76e-01   3.2 9.25e-03 1.16e-02f  1
CasADi - 2026-10-04 13:15:09 MESSAGE("nlp_g::eval") [.../casadi/core/sx_function.cpp:77]
CasADi - 2026-10-04 13:15:09 MESSAGE("nlp_f::eval") [.../casadi/core/sx_function.cpp:77]
CasADi - 2026-10-04 13:15:09 MESSAGE("nlp_jac_g::eval") [.../casadi/core/sx_function.cpp:77]
CasADi - 2026-10-04 13:15:09 MESSAGE("nlp_hess_l::eval") [.../casadi/core/sx_function.cpp:77]
iter    objective    inf_pr   inf_du lg(mu)  ||d||  lg(rg) alpha_du alpha_pr  ls
 190r 9.8139049e+00 7.19e-01 1.67e+03  -0.6 1.98e+00   2.7 4.67e-03 5.60e-03f  1
CasADi - 2026-10-04 13:15:09 MESSAGE("nlp_g::eval") [.../casadi/core/sx_function.cpp:77]
CasADi - 2026-10-04 13:15:09 MESSAGE("nlp_f::eval") [.../casadi/core/sx_function.cpp:77]
CasADi - 2026-10-04 13:15:09 MESSAGE("nlp_jac_g::eval") [.../casadi/core/sx_function.cpp:77]
CasADi - 2026-10-04 13:15:09 MESSAGE("nlp_hess_l::eval") [.../casadi/core/sx_function.cpp:77]
 191r 9.8443523e+00 6.85e-01 1.98e+03  -0.6 8.67e-02   4.1 3.98e-02 2.81e-02f  1
CasADi - 2026-10-04 13:15:09 MESSAGE("nlp_g::eval") [.../casadi/core/sx_function.cpp:77]
CasADi - 2026-10-04 13:15:09 MESSAGE("nlp_f::eval") [.../casadi/core/sx_function.cpp:77]
CasADi - 2026-10-04 13:15:09 MESSAGE("nlp_jac_g::eval") [.../casadi/core/sx_function.cpp:77]
CasADi - 2026-10-04 13:15:09 MESSAGE("nlp_hess_l::eval") [.../casadi/core/sx_function.cpp:77]
 192r 9.8892336e+00 6.67e-01 1.62e+03  -0.6 4.82e-01   3.6 6.56e-03 1.35e-02f  1
CasADi - 2026-10-04 13:15:09 MESSAGE("nlp_g::eval") [.../casadi/core/sx_function.cpp:77]
CasADi - 2026-10-04 13:15:09 MESSAGE("nlp_f::eval") [.../casadi/core/sx_function.cpp:77]
CasADi - 2026-10-04 13:15:09 MESSAGE("nlp_jac_g::eval") [.../casadi/core/sx_function.cpp:77]
CasADi - 2026-10-04 13:15:09 MESSAGE("nlp_hess_l::eval") [.../casadi/core/sx_function.cpp:77]
 193r 9.9262225e+00 6.37e-01 5.50e+03  -0.6 9.85e-02   4.0 9.17e-03 2.76e-02f  1
CasADi - 2026-10-04 13:15:09 MESSAGE("nlp_g::eval") [.../casadi/core/sx_function.cpp:77]
CasADi - 2026-10-04 13:15:09 MESSAGE("nlp_f::eval") [.../casadi/core/sx_function.cpp:77]
CasADi - 2026-10-04 13:15:09 MESSAGE("nlp_jac_g::eval") [.../casadi/core/sx_function.cpp:77]
CasADi - 2026-10-04 13:15:09 MESSAGE("nlp_hess_l::eval") [.../casadi/core/sx_function.cpp:77]
 194r 9.9502322e+00 6.00e-01 1.69e+04  -0.6 4.27e-02   4.5 1.27e-01 4.99e-02f  1
CasADi - 2026-10-04 13:15:09 MESSAGE("nlp_g::eval") [.../casadi/core/sx_function.cpp:77]
CasADi - 2026-10-04 13:15:09 MESSAGE("nlp_f::eval") [.../casadi/core/sx_function.cpp:77]
CasADi - 2026-10-04 13:15:09 MESSAGE("nlp_jac_g::eval") [.../casadi/core/sx_function.cpp:77]
CasADi - 2026-10-04 13:15:09 MESSAGE("nlp_hess_l::eval") [.../casadi/core/sx_function.cpp:77]
 195r 9.9682063e+00 5.45e-01 9.59e+03  -0.6 2.67e-02   4.9 8.96e-02 1.10e-01f  1
CasADi - 2026-10-04 13:15:09 MESSAGE("nlp_g::eval") [.../casadi/core/sx_function.cpp:77]
CasADi - 2026-10-04 13:15:09 MESSAGE("nlp_f::eval") [.../casadi/core/sx_function.cpp:77]
CasADi - 2026-10-04 13:15:09 MESSAGE("nlp_jac_g::eval") [.../casadi/core/sx_function.cpp:77]
CasADi - 2026-10-04 13:15:09 MESSAGE("nlp_hess_l::eval") [.../casadi/core/sx_function.cpp:77]
 196r 9.9735937e+00 4.89e-01 2.90e+04  -0.6 1.80e-02   5.3 2.44e-01 1.67e-01f  1
CasADi - 2026-10-04 13:15:09 MESSAGE("nlp_g::eval") [.../casadi/core/sx_function.cpp:77]
CasADi - 2026-10-04 13:15:09 MESSAGE("nlp_f::eval") [.../casadi/core/sx_function.cpp:77]
CasADi - 2026-10-04 13:15:09 MESSAGE("nlp_jac_g::eval") [.../casadi/core/sx_function.cpp:77]
 197r 1.0010990e+01 4.14e-01 1.50e+04  -0.6 2.18e-02   4.8 1.26e-01 1.79e-01f  1
CasADi - 2026-10-04 13:15:09 MESSAGE("nlp_grad_f::eval") [.../casadi/core/sx_function.cpp:77]
CasADi - 2026-10-04 13:15:09 MESSAGE("nlp_hess_l::eval") [.../casadi/core/sx_function.cpp:77]
CasADi - 2026-10-04 13:15:09 MESSAGE("nlp_g::eval") [.../casadi/core/sx_function.cpp:77]
CasADi - 2026-10-04 13:15:09 MESSAGE("nlp_f::eval") [.../casadi/core/sx_function.cpp:77]
CasADi - 2026-10-04 13:15:09 MESSAGE("nlp_grad_f::eval") [.../casadi/core/sx_function.cpp:77]
CasADi - 2026-10-04 13:15:09 MESSAGE("nlp_jac_g::eval") [.../casadi/core/sx_function.cpp:77]
CasADi - 2026-10-04 13:15:09 MESSAGE("nlp_hess_l::eval") [.../casadi/core/sx_function.cpp:77]
 198  1.0004018e+01 4.14e-01 3.94e+01  -1.0 3.59e+01    -  2.07e-03 1.40e-03f  1
CasADi - 2026-10-04 13:15:09 MESSAGE("nlp_g::eval") [.../casadi/core/sx_function.cpp:77]
CasADi - 2026-10-04 13:15:09 MESSAGE("nlp_f::eval") [.../casadi/core/sx_function.cpp:77]
CasADi - 2026-10-04 13:15:09 MESSAGE("nlp_grad_f::eval") [.../casadi/core/sx_function.cpp:77]
CasADi - 2026-10-04 13:15:09 MESSAGE("nlp_jac_g::eval") [.../casadi/core/sx_function.cpp:77]
CasADi - 2026-10-04 13:15:09 MESSAGE("nlp_hess_l::eval") [.../casadi/core/sx_function.cpp:77]
 199  1.0022469e+01 4.12e-01 9.69e+01  -1.0 3.98e+00    -  1.74e-02 5.07e-03f  1
CasADi - 2026-10-04 13:15:09 MESSAGE("nlp_g::eval") [.../casadi/core/sx_function.cpp:77]
CasADi - 2026-10-04 13:15:09 MESSAGE("nlp_f::eval") [.../casadi/core/sx_function.cpp:77]
CasADi - 2026-10-04 13:15:09 MESSAGE("nlp_grad_f::eval") [.../casadi/core/sx_function.cpp:77]
CasADi - 2026-10-04 13:15:09 MESSAGE("nlp_jac_g::eval") [.../casadi/core/sx_function.cpp:77]
CasADi - 2026-10-04 13:15:09 MESSAGE("nlp_hess_l::eval") [.../casadi/core/sx_function.cpp:77]
iter    objective    inf_pr   inf_du lg(mu)  ||d||  lg(rg) alpha_du alpha_pr  ls
 200  1.0095840e+01 3.97e-01 2.26e+02  -1.0 2.62e+00    -  3.03e-02 3.57e-02f  1
CasADi - 2026-10-04 13:15:09 MESSAGE("nlp_g::eval") [.../casadi/core/sx_function.cpp:77]
CasADi - 2026-10-04 13:15:09 MESSAGE("nlp_f::eval") [.../casadi/core/sx_function.cpp:77]
CasADi - 2026-10-04 13:15:09 MESSAGE("nlp_grad_f::eval") [.../casadi/core/sx_function.cpp:77]
CasADi - 2026-10-04 13:15:09 MESSAGE("nlp_jac_g::eval") [.../casadi/core/sx_function.cpp:77]
CasADi - 2026-10-04 13:15:09 MESSAGE("nlp_hess_l::eval") [.../casadi/core/sx_function.cpp:77]
 201  1.0109270e+01 3.94e-01 2.20e+09  -1.0 4.46e-01  10.5 2.63e-02 8.56e-03h  1
CasADi - 2026-10-04 13:15:09 MESSAGE("nlp_g::eval") [.../casadi/core/sx_function.cpp:77]
CasADi - 2026-10-04 13:15:09 MESSAGE("nlp_f::eval") [.../casadi/core/sx_function.cpp:77]
CasADi - 2026-10-04 13:15:09 MESSAGE("nlp_grad_f::eval") [.../casadi/core/sx_function.cpp:77]
CasADi - 2026-10-04 13:15:09 MESSAGE("nlp_jac_g::eval") [.../casadi/core/sx_function.cpp:77]
CasADi - 2026-10-04 13:15:09 MESSAGE("nlp_hess_l::eval") [.../casadi/core/sx_function.cpp:77]
 202  1.0109398e+01 3.94e-01 2.20e+09  -1.0 4.30e-01  10.9 9.08e-03 8.06e-05h  1
CasADi - 2026-10-04 13:15:09 MESSAGE("nlp_g::eval") [.../casadi/core/sx_function.cpp:77]
CasADi - 2026-10-04 13:15:09 MESSAGE("nlp_f::eval") [.../casadi/core/sx_function.cpp:77]
CasADi - 2026-10-04 13:15:09 MESSAGE("nlp_f::eval") [.../casadi/core/sx_function.cpp:77]
CasADi - 2026-10-04 13:15:09 MESSAGE("nlp_g::eval") [.../casadi/core/sx_function.cpp:77]
CasADi - 2026-10-04 13:15:09 MESSAGE("nlp_grad_f::eval") [.../casadi/core/sx_function.cpp:77]
CasADi - 2026-10-04 13:15:09 MESSAGE("nlp_jac_g::eval") [.../casadi/core/sx_function.cpp:77]
CasADi - 2026-10-04 13:15:09 MESSAGE("nlp_g::eval") [.../casadi/core/sx_function.cpp:77]
CasADi - 2026-10-04 13:15:09 MESSAGE("nlp_jac_g::eval") [.../casadi/core/sx_function.cpp:77]
CasADi - 2026-10-04 13:15:09 MESSAGE("nlp_f::eval") [.../casadi/core/sx_function.cpp:77]
 203r 1.0109398e+01 3.94e-01 9.99e+02  -0.7 0.00e+00  10.4 0.00e+00 4.57e-07R  2
CasADi - 2026-10-04 13:15:09 MESSAGE("nlp_g::eval") [.../casadi/core/sx_function.cpp:77]
CasADi - 2026-10-04 13:15:09 MESSAGE("nlp_f::eval") [.../casadi/core/sx_function.cpp:77]
CasADi - 2026-10-04 13:15:09 MESSAGE("nlp_jac_g::eval") [.../casadi/core/sx_function.cpp:77]
CasADi - 2026-10-04 13:15:09 MESSAGE("nlp_hess_l::eval") [.../casadi/core/sx_function.cpp:77]
 204r 1.0568562e+01 3.86e-01 1.01e+03  -0.7 1.85e+02    -  2.24e-03 9.28e-04f  1
CasADi - 2026-10-04 13:15:09 MESSAGE("nlp_g::eval") [.../casadi/core/sx_function.cpp:77]
CasADi - 2026-10-04 13:15:09 MESSAGE("nlp_f::eval") [.../casadi/core/sx_function.cpp:77]
CasADi - 2026-10-04 13:15:09 MESSAGE("nlp_jac_g::eval") [.../casadi/core/sx_function.cpp:77]
CasADi - 2026-10-04 13:15:09 MESSAGE("nlp_hess_l::eval") [.../casadi/core/sx_function.cpp:77]
 205r 1.1259726e+01 5.88e-01 1.01e+03  -0.7 8.26e+01    -  3.17e-03 1.86e-03f  1
CasADi - 2026-10-04 13:15:09 MESSAGE("nlp_g::eval") [.../casadi/core/sx_function.cpp:77]
CasADi - 2026-10-04 13:15:09 MESSAGE("nlp_f::eval") [.../casadi/core/sx_function.cpp:77]
CasADi - 2026-10-04 13:15:09 MESSAGE("nlp_jac_g::eval") [.../casadi/core/sx_function.cpp:77]
CasADi - 2026-10-04 13:15:09 MESSAGE("nlp_hess_l::eval") [.../casadi/core/sx_function.cpp:77]
 206r 1.1804127e+01 9.03e-01 1.01e+03  -0.7 7.49e+01    -  1.47e-03 2.30e-03f  1
CasADi - 2026-10-04 13:15:09 MESSAGE("nlp_g::eval") [.../casadi/core/sx_function.cpp:77]
CasADi - 2026-10-04 13:15:09 MESSAGE("nlp_f::eval") [.../casadi/core/sx_function.cpp:77]
CasADi - 2026-10-04 13:15:09 MESSAGE("nlp_jac_g::eval") [.../casadi/core/sx_function.cpp:77]
CasADi - 2026-10-04 13:15:09 MESSAGE("nlp_hess_l::eval") [.../casadi/core/sx_function.cpp:77]
 207r 1.2044954e+01 9.10e-01 9.97e+02  -0.7 2.79e+00   2.0 6.99e-03 5.14e-03f  1
CasADi - 2026-10-04 13:15:09 MESSAGE("nlp_g::eval") [.../casadi/core/sx_function.cpp:77]
CasADi - 2026-10-04 13:15:09 MESSAGE("nlp_f::eval") [.../casadi/core/sx_function.cpp:77]
CasADi - 2026-10-04 13:15:09 MESSAGE("nlp_jac_g::eval") [.../casadi/core/sx_function.cpp:77]
CasADi - 2026-10-04 13:15:09 MESSAGE("nlp_hess_l::eval") [.../casadi/core/sx_function.cpp:77]
 208r 1.2251520e+01 9.09e-01 3.21e+03  -0.7 1.69e+00   2.4 1.82e-02 9.41e-03f  1
CasADi - 2026-10-04 13:15:09 MESSAGE("nlp_g::eval") [.../casadi/core/sx_function.cpp:77]
CasADi - 2026-10-04 13:15:09 MESSAGE("nlp_f::eval") [.../casadi/core/sx_function.cpp:77]
CasADi - 2026-10-04 13:15:09 MESSAGE("nlp_jac_g::eval") [.../casadi/core/sx_function.cpp:77]
CasADi - 2026-10-04 13:15:09 MESSAGE("nlp_hess_l::eval") [.../casadi/core/sx_function.cpp:77]
 209r 1.2383677e+01 8.98e-01 2.94e+03  -0.7 4.67e-01   2.9 1.40e-02 1.46e-02f  1
CasADi - 2026-10-04 13:15:09 MESSAGE("nlp_g::eval") [.../casadi/core/sx_function.cpp:77]
CasADi - 2026-10-04 13:15:09 MESSAGE("nlp_f::eval") [.../casadi/core/sx_function.cpp:77]
CasADi - 2026-10-04 13:15:09 MESSAGE("nlp_jac_g::eval") [.../casadi/core/sx_function.cpp:77]
CasADi - 2026-10-04 13:15:09 MESSAGE("nlp_hess_l::eval") [.../casadi/core/sx_function.cpp:77]
iter    objective    inf_pr   inf_du lg(mu)  ||d||  lg(rg) alpha_du alpha_pr  ls
 210r 1.2403786e+01 8.72e-01 2.22e+04  -0.7 4.04e-02   4.2 1.19e-01 2.91e-02f  1
CasADi - 2026-10-04 13:15:09 MESSAGE("nlp_g::eval") [.../casadi/core/sx_function.cpp:77]
CasADi - 2026-10-04 13:15:09 MESSAGE("nlp_f::eval") [.../casadi/core/sx_function.cpp:77]
CasADi - 2026-10-04 13:15:09 MESSAGE("nlp_jac_g::eval") [.../casadi/core/sx_function.cpp:77]
CasADi - 2026-10-04 13:15:09 MESSAGE("nlp_hess_l::eval") [.../casadi/core/sx_function.cpp:77]
 211r 1.2467498e+01 8.35e-01 2.59e+04  -0.7 9.78e-02   3.7 5.86e-02 4.19e-02f  1
CasADi - 2026-10-04 13:15:09 MESSAGE("nlp_g::eval") [.../casadi/core/sx_function.cpp:77]
CasADi - 2026-10-04 13:15:09 MESSAGE("nlp_f::eval") [.../casadi/core/sx_function.cpp:77]
CasADi - 2026-10-04 13:15:09 MESSAGE("nlp_jac_g::eval") [.../casadi/core/sx_function.cpp:77]
CasADi - 2026-10-04 13:15:09 MESSAGE("nlp_hess_l::eval") [.../casadi/core/sx_function.cpp:77]
 212r 1.2588431e+01 8.04e-01 1.77e+04  -0.7 2.27e-01   3.2 1.66e-02 4.05e-02f  1
CasADi - 2026-10-04 13:15:09 MESSAGE("nlp_g::eval") [.../casadi/core/sx_function.cpp:77]
CasADi - 2026-10-04 13:15:09 MESSAGE("nlp_f::eval") [.../casadi/core/sx_function.cpp:77]
CasADi - 2026-10-04 13:15:09 MESSAGE("nlp_jac_g::eval") [.../casadi/core/sx_function.cpp:77]
CasADi - 2026-10-04 13:15:09 MESSAGE("nlp_hess_l::eval") [.../casadi/core/sx_function.cpp:77]
 213r 1.2613554e+01 7.87e-01 2.56e+04  -0.7 1.66e-01   3.7 5.93e-02 2.08e-02f  1
CasADi - 2026-10-04 13:15:09 MESSAGE("nlp_g::eval") [.../casadi/core/sx_function.cpp:77]
CasADi - 2026-10-04 13:15:09 MESSAGE("nlp_f::eval") [.../casadi/core/sx_function.cpp:77]
CasADi - 2026-10-04 13:15:09 MESSAGE("nlp_jac_g::eval") [.../casadi/core/sx_function.cpp:77]
CasADi - 2026-10-04 13:15:09 MESSAGE("nlp_hess_l::eval") [.../casadi/core/sx_function.cpp:77]
 214r 1.2737315e+01 7.53e-01 2.64e+04  -0.7 2.21e-01   3.2 5.83e-02 4.99e-02f  1
CasADi - 2026-10-04 13:15:09 MESSAGE("nlp_g::eval") [.../casadi/core/sx_function.cpp:77]
CasADi - 2026-10-04 13:15:09 MESSAGE("nlp_f::eval") [.../casadi/core/sx_function.cpp:77]
CasADi - 2026-10-04 13:15:09 MESSAGE("nlp_jac_g::eval") [.../casadi/core/sx_function.cpp:77]
CasADi - 2026-10-04 13:15:09 MESSAGE("nlp_hess_l::eval") [.../casadi/core/sx_function.cpp:77]
 215r 1.2761712e+01 7.33e-01 2.34e+04  -0.7 7.83e-02   3.6 7.81e-02 2.74e-02f  1
CasADi - 2026-10-04 13:15:09 MESSAGE("nlp_g::eval") [.../casadi/core/sx_function.cpp:77]
CasADi - 2026-10-04 13:15:09 MESSAGE("nlp_f::eval") [.../casadi/core/sx_function.cpp:77]
CasADi - 2026-10-04 13:15:09 MESSAGE("nlp_jac_g::eval") [.../casadi/core/sx_function.cpp:77]
CasADi - 2026-10-04 13:15:09 MESSAGE("nlp_hess_l::eval") [.../casadi/core/sx_function.cpp:77]
 216r 1.2800869e+01 6.45e-01 2.21e+04  -0.7 6.70e-02   4.0 1.31e-01 1.20e-01f  1
CasADi - 2026-10-04 13:15:09 MESSAGE("nlp_g::eval") [.../casadi/core/sx_function.cpp:77]
CasADi - 2026-10-04 13:15:09 MESSAGE("nlp_f::eval") [.../casadi/core/sx_function.cpp:77]
CasADi - 2026-10-04 13:15:09 MESSAGE("nlp_jac_g::eval") [.../casadi/core/sx_function.cpp:77]
CasADi - 2026-10-04 13:15:09 MESSAGE("nlp_hess_l::eval") [.../casadi/core/sx_function.cpp:77]
 217r 1.2805840e+01 6.02e-01 3.09e+04  -0.7 3.91e-02   4.5 1.38e-01 6.69e-02f  1
CasADi - 2026-10-04 13:15:09 MESSAGE("nlp_g::eval") [.../casadi/core/sx_function.cpp:77]
CasADi - 2026-10-04 13:15:09 MESSAGE("nlp_f::eval") [.../casadi/core/sx_function.cpp:77]
CasADi - 2026-10-04 13:15:09 MESSAGE("nlp_jac_g::eval") [.../casadi/core/sx_function.cpp:77]
CasADi - 2026-10-04 13:15:09 MESSAGE("nlp_hess_l::eval") [.../casadi/core/sx_function.cpp:77]
 218r 1.2851907e+01 5.05e-01 1.72e+04  -0.7 5.51e-02   4.0 8.60e-02 1.60e-01f  1
CasADi - 2026-10-04 13:15:10 MESSAGE("nlp_g::eval") [.../casadi/core/sx_function.cpp:77]
CasADi - 2026-10-04 13:15:10 MESSAGE("nlp_f::eval") [.../casadi/core/sx_function.cpp:77]
CasADi - 2026-10-04 13:15:10 MESSAGE("nlp_jac_g::eval") [.../casadi/core/sx_function.cpp:77]
CasADi - 2026-10-04 13:15:10 MESSAGE("nlp_hess_l::eval") [.../casadi/core/sx_function.cpp:77]
 219r 1.2858862e+01 4.60e-01 3.21e+04  -0.7 3.16e-02   4.4 2.42e-01 9.00e-02f  1
CasADi - 2026-10-04 13:15:10 MESSAGE("nlp_g::eval") [.../casadi/core/sx_function.cpp:77]
CasADi - 2026-10-04 13:15:10 MESSAGE("nlp_f::eval") [.../casadi/core/sx_function.cpp:77]
CasADi - 2026-10-04 13:15:10 MESSAGE("nlp_jac_g::eval") [.../casadi/core/sx_function.cpp:77]
CasADi - 2026-10-04 13:15:10 MESSAGE("nlp_hess_l::eval") [.../casadi/core/sx_function.cpp:77]
iter    objective    inf_pr   inf_du lg(mu)  ||d||  lg(rg) alpha_du alpha_pr  ls
 220r 1.2861149e+01 4.57e-01 3.56e+04  -0.7 8.18e-01   3.9 3.35e-02 6.54e-03f  1
CasADi - 2026-10-04 13:15:10 MESSAGE("nlp_g::eval") [.../casadi/core/sx_function.cpp:77]
CasADi - 2026-10-04 13:15:10 MESSAGE("nlp_f::eval") [.../casadi/core/sx_function.cpp:77]
CasADi - 2026-10-04 13:15:10 MESSAGE("nlp_jac_g::eval") [.../casadi/core/sx_function.cpp:77]
CasADi - 2026-10-04 13:15:10 MESSAGE("nlp_hess_l::eval") [.../casadi/core/sx_function.cpp:77]
 221r 1.2883943e+01 3.34e-01 3.38e+04  -0.7 2.91e-02   4.4 3.52e-01 2.69e-01f  1
CasADi - 2026-10-04 13:15:10 MESSAGE("nlp_g::eval") [.../casadi/core/sx_function.cpp:77]
CasADi - 2026-10-04 13:15:10 MESSAGE("nlp_f::eval") [.../casadi/core/sx_function.cpp:77]
CasADi - 2026-10-04 13:15:10 MESSAGE("nlp_jac_g::eval") [.../casadi/core/sx_function.cpp:77]
CasADi - 2026-10-04 13:15:10 MESSAGE("nlp_hess_l::eval") [.../casadi/core/sx_function.cpp:77]
 222r 1.2885738e+01 2.65e-01 3.07e+04  -0.7 1.57e-02   4.8 3.53e-01 2.09e-01f  1
CasADi - 2026-10-04 13:15:10 MESSAGE("nlp_g::eval") [.../casadi/core/sx_function.cpp:77]
CasADi - 2026-10-04 13:15:10 MESSAGE("nlp_f::eval") [.../casadi/core/sx_function.cpp:77]
CasADi - 2026-10-04 13:15:10 MESSAGE("nlp_jac_g::eval") [.../casadi/core/sx_function.cpp:77]
CasADi - 2026-10-04 13:15:10 MESSAGE("nlp_hess_l::eval") [.../casadi/core/sx_function.cpp:77]
 223r 1.2896927e+01 2.32e-01 2.53e+04  -0.7 6.54e-02   4.3 9.81e-02 1.25e-01f  1
CasADi - 2026-10-04 13:15:10 MESSAGE("nlp_g::eval") [.../casadi/core/sx_function.cpp:77]
CasADi - 2026-10-04 13:15:10 MESSAGE("nlp_f::eval") [.../casadi/core/sx_function.cpp:77]
CasADi - 2026-10-04 13:15:10 MESSAGE("nlp_jac_g::eval") [.../casadi/core/sx_function.cpp:77]
CasADi - 2026-10-04 13:15:10 MESSAGE("nlp_hess_l::eval") [.../casadi/core/sx_function.cpp:77]
 224r 1.2898761e+01 2.10e-01 2.62e+04  -0.7 3.02e-02   4.7 2.17e-01 9.28e-02f  1
CasADi - 2026-10-04 13:15:10 MESSAGE("nlp_g::eval") [.../casadi/core/sx_function.cpp:77]
CasADi - 2026-10-04 13:15:10 MESSAGE("nlp_f::eval") [.../casadi/core/sx_function.cpp:77]
CasADi - 2026-10-04 13:15:10 MESSAGE("nlp_jac_g::eval") [.../casadi/core/sx_function.cpp:77]
 225r 1.2895510e+01 1.10e-01 2.16e+04  -0.7 7.89e-03   5.2 7.66e-01 4.82e-01f  1
CasADi - 2026-10-04 13:15:10 MESSAGE("nlp_grad_f::eval") [.../casadi/core/sx_function.cpp:77]
CasADi - 2026-10-04 13:15:10 MESSAGE("nlp_hess_l::eval") [.../casadi/core/sx_function.cpp:77]
CasADi - 2026-10-04 13:15:10 MESSAGE("nlp_g::eval") [.../casadi/core/sx_function.cpp:77]
CasADi - 2026-10-04 13:15:10 MESSAGE("nlp_f::eval") [.../casadi/core/sx_function.cpp:77]
CasADi - 2026-10-04 13:15:10 MESSAGE("nlp_grad_f::eval") [.../casadi/core/sx_function.cpp:77]
CasADi - 2026-10-04 13:15:10 MESSAGE("nlp_jac_g::eval") [.../casadi/core/sx_function.cpp:77]
CasADi - 2026-10-04 13:15:10 MESSAGE("nlp_hess_l::eval") [.../casadi/core/sx_function.cpp:77]
 226  1.2894473e+01 1.10e-01 5.98e+02  -1.0 2.42e+01    -  6.81e-03 5.29e-04f  1
CasADi - 2026-10-04 13:15:10 MESSAGE("nlp_g::eval") [.../casadi/core/sx_function.cpp:77]
CasADi - 2026-10-04 13:15:10 MESSAGE("nlp_f::eval") [.../casadi/core/sx_function.cpp:77]
CasADi - 2026-10-04 13:15:10 MESSAGE("nlp_grad_f::eval") [.../casadi/core/sx_function.cpp:77]
CasADi - 2026-10-04 13:15:10 MESSAGE("nlp_jac_g::eval") [.../casadi/core/sx_function.cpp:77]
CasADi - 2026-10-04 13:15:10 MESSAGE("nlp_hess_l::eval") [.../casadi/core/sx_function.cpp:77]
 227  1.2840435e+01 1.08e-01 7.74e+02  -1.0 2.02e+00    -  9.36e-02 4.00e-02f  1
CasADi - 2026-10-04 13:15:10 MESSAGE("nlp_g::eval") [.../casadi/core/sx_function.cpp:77]
CasADi - 2026-10-04 13:15:10 MESSAGE("nlp_f::eval") [.../casadi/core/sx_function.cpp:77]
CasADi - 2026-10-04 13:15:10 MESSAGE("nlp_grad_f::eval") [.../casadi/core/sx_function.cpp:77]
CasADi - 2026-10-04 13:15:10 MESSAGE("nlp_jac_g::eval") [.../casadi/core/sx_function.cpp:77]
CasADi - 2026-10-04 13:15:10 MESSAGE("nlp_hess_l::eval") [.../casadi/core/sx_function.cpp:77]
 228  1.2839152e+01 1.08e-01 8.70e+07  -1.0 6.13e-01   9.9 1.07e-03 3.44e-03h  1
CasADi - 2026-10-04 13:15:10 MESSAGE("nlp_g::eval") [.../casadi/core/sx_function.cpp:77]
CasADi - 2026-10-04 13:15:10 MESSAGE("nlp_f::eval") [.../casadi/core/sx_function.cpp:77]
CasADi - 2026-10-04 13:15:10 MESSAGE("nlp_grad_f::eval") [.../casadi/core/sx_function.cpp:77]
CasADi - 2026-10-04 13:15:10 MESSAGE("nlp_jac_g::eval") [.../casadi/core/sx_function.cpp:77]
CasADi - 2026-10-04 13:15:10 MESSAGE("nlp_hess_l::eval") [.../casadi/core/sx_function.cpp:77]
 229  1.2839142e+01 1.08e-01 8.70e+07  -1.0 6.20e-01   9.5 5.37e-03 3.44e-05h  1
CasADi - 2026-10-04 13:15:10 MESSAGE("nlp_g::eval") [.../casadi/core/sx_function.cpp:77]
CasADi - 2026-10-04 13:15:10 MESSAGE("nlp_f::eval") [.../casadi/core/sx_function.cpp:77]
CasADi - 2026-10-04 13:15:10 MESSAGE("nlp_f::eval") [.../casadi/core/sx_function.cpp:77]
CasADi - 2026-10-04 13:15:10 MESSAGE("nlp_g::eval") [.../casadi/core/sx_function.cpp:77]
CasADi - 2026-10-04 13:15:10 MESSAGE("nlp_grad_f::eval") [.../casadi/core/sx_function.cpp:77]
CasADi - 2026-10-04 13:15:10 MESSAGE("nlp_jac_g::eval") [.../casadi/core/sx_function.cpp:77]
CasADi - 2026-10-04 13:15:10 MESSAGE("nlp_g::eval") [.../casadi/core/sx_function.cpp:77]
CasADi - 2026-10-04 13:15:10 MESSAGE("nlp_jac_g::eval") [.../casadi/core/sx_function.cpp:77]
CasADi - 2026-10-04 13:15:10 MESSAGE("nlp_f::eval") [.../casadi/core/sx_function.cpp:77]
iter    objective    inf_pr   inf_du lg(mu)  ||d||  lg(rg) alpha_du alpha_pr  ls
 230r 1.2839142e+01 1.08e-01 9.99e+02  -1.0 0.00e+00   9.9 0.00e+00 1.89e-07R  2
CasADi - 2026-10-04 13:15:10 MESSAGE("nlp_g::eval") [.../casadi/core/sx_function.cpp:77]
CasADi - 2026-10-04 13:15:10 MESSAGE("nlp_f::eval") [.../casadi/core/sx_function.cpp:77]
CasADi - 2026-10-04 13:15:10 MESSAGE("nlp_jac_g::eval") [.../casadi/core/sx_function.cpp:77]
 231r 1.2908290e+01 5.78e-02 1.13e+03  -1.0 1.08e+02    -  5.22e-03 9.90e-04f  1
CasADi - 2026-10-04 13:15:10 MESSAGE("nlp_grad_f::eval") [.../casadi/core/sx_function.cpp:77]
CasADi - 2026-10-04 13:15:10 MESSAGE("nlp_hess_l::eval") [.../casadi/core/sx_function.cpp:77]
CasADi - 2026-10-04 13:15:10 MESSAGE("nlp_g::eval") [.../casadi/core/sx_function.cpp:77]
CasADi - 2026-10-04 13:15:10 MESSAGE("nlp_f::eval") [.../casadi/core/sx_function.cpp:77]
CasADi - 2026-10-04 13:15:10 MESSAGE("nlp_grad_f::eval") [.../casadi/core/sx_function.cpp:77]
CasADi - 2026-10-04 13:15:10 MESSAGE("nlp_jac_g::eval") [.../casadi/core/sx_function.cpp:77]
CasADi - 2026-10-04 13:15:10 MESSAGE("nlp_hess_l::eval") [.../casadi/core/sx_function.cpp:77]
 232  1.2909721e+01 5.78e-02 7.96e+01  -1.0 1.63e+01    -  3.31e-03 3.83e-04f  1
CasADi - 2026-10-04 13:15:10 MESSAGE("nlp_g::eval") [.../casadi/core/sx_function.cpp:77]
CasADi - 2026-10-04 13:15:10 MESSAGE("nlp_f::eval") [.../casadi/core/sx_function.cpp:77]
CasADi - 2026-10-04 13:15:10 MESSAGE("nlp_grad_f::eval") [.../casadi/core/sx_function.cpp:77]
CasADi - 2026-10-04 13:15:10 MESSAGE("nlp_jac_g::eval") [.../casadi/core/sx_function.cpp:77]
CasADi - 2026-10-04 13:15:10 MESSAGE("nlp_hess_l::eval") [.../casadi/core/sx_function.cpp:77]
 233  1.2887332e+01 5.68e-02 5.90e+02  -1.0 2.68e+00    -  8.01e-02 1.78e-02f  1
CasADi - 2026-10-04 13:15:10 MESSAGE("nlp_g::eval") [.../casadi/core/sx_function.cpp:77]
CasADi - 2026-10-04 13:15:10 MESSAGE("nlp_f::eval") [.../casadi/core/sx_function.cpp:77]
CasADi - 2026-10-04 13:15:10 MESSAGE("nlp_grad_f::eval") [.../casadi/core/sx_function.cpp:77]
CasADi - 2026-10-04 13:15:10 MESSAGE("nlp_jac_g::eval") [.../casadi/core/sx_function.cpp:77]
CasADi - 2026-10-04 13:15:10 MESSAGE("nlp_hess_l::eval") [.../casadi/core/sx_function.cpp:77]
 234  1.2836254e+01 5.93e-02 5.82e+02  -1.0 4.16e+00    -  4.22e-02 3.54e-02f  1
CasADi - 2026-10-04 13:15:10 MESSAGE("nlp_g::eval") [.../casadi/core/sx_function.cpp:77]
CasADi - 2026-10-04 13:15:10 MESSAGE("nlp_f::eval") [.../casadi/core/sx_function.cpp:77]
CasADi - 2026-10-04 13:15:10 MESSAGE("nlp_grad_f::eval") [.../casadi/core/sx_function.cpp:77]
CasADi - 2026-10-04 13:15:10 MESSAGE("nlp_jac_g::eval") [.../casadi/core/sx_function.cpp:77]
CasADi - 2026-10-04 13:15:10 MESSAGE("nlp_hess_l::eval") [.../casadi/core/sx_function.cpp:77]
 235  1.2790659e+01 8.37e-02 5.48e+02  -1.0 2.79e+00    -  3.45e-02 4.79e-02f  1
CasADi - 2026-10-04 13:15:10 MESSAGE("nlp_g::eval") [.../casadi/core/sx_function.cpp:77]
CasADi - 2026-10-04 13:15:10 MESSAGE("nlp_f::eval") [.../casadi/core/sx_function.cpp:77]
CasADi - 2026-10-04 13:15:10 MESSAGE("nlp_g::eval") [.../casadi/core/sx_function.cpp:77]
CasADi - 2026-10-04 13:15:10 MESSAGE("nlp_f::eval") [.../casadi/core/sx_function.cpp:77]
CasADi - 2026-10-04 13:15:10 MESSAGE("nlp_grad_f::eval") [.../casadi/core/sx_function.cpp:77]
CasADi - 2026-10-04 13:15:10 MESSAGE("nlp_jac_g::eval") [.../casadi/core/sx_function.cpp:77]
CasADi - 2026-10-04 13:15:10 MESSAGE("nlp_hess_l::eval") [.../casadi/core/sx_function.cpp:77]
 236  1.2628674e+01 5.02e-01 4.49e+02  -1.0 2.41e+00    -  1.92e-01 2.08e-01F  1
CasADi - 2026-10-04 13:15:10 MESSAGE("nlp_g::eval") [.../casadi/core/sx_function.cpp:77]
CasADi - 2026-10-04 13:15:10 MESSAGE("nlp_f::eval") [.../casadi/core/sx_function.cpp:77]
CasADi - 2026-10-04 13:15:10 MESSAGE("nlp_grad_f::eval") [.../casadi/core/sx_function.cpp:77]
CasADi - 2026-10-04 13:15:10 MESSAGE("nlp_jac_g::eval") [.../casadi/core/sx_function.cpp:77]
CasADi - 2026-10-04 13:15:10 MESSAGE("nlp_hess_l::eval") [.../casadi/core/sx_function.cpp:77]
 237  1.2628424e+01 5.02e-01 4.47e+06  -1.0 5.53e-01   9.4 3.35e-02 1.54e-03h  1
CasADi - 2026-10-04 13:15:10 MESSAGE("nlp_g::eval") [.../casadi/core/sx_function.cpp:77]
CasADi - 2026-10-04 13:15:10 MESSAGE("nlp_f::eval") [.../casadi/core/sx_function.cpp:77]
CasADi - 2026-10-04 13:15:10 MESSAGE("nlp_grad_f::eval") [.../casadi/core/sx_function.cpp:77]
CasADi - 2026-10-04 13:15:10 MESSAGE("nlp_jac_g::eval") [.../casadi/core/sx_function.cpp:77]
CasADi - 2026-10-04 13:15:10 MESSAGE("nlp_hess_l::eval") [.../casadi/core/sx_function.cpp:77]
 238  1.2628420e+01 5.02e-01 4.85e+07  -1.0 5.57e-01   8.9 6.42e-02 2.24e-05h  1
CasADi - 2026-10-04 13:15:10 MESSAGE("nlp_g::eval") [.../casadi/core/sx_function.cpp:77]
CasADi - 2026-10-04 13:15:10 MESSAGE("nlp_f::eval") [.../casadi/core/sx_function.cpp:77]
CasADi - 2026-10-04 13:15:10 MESSAGE("nlp_grad_f::eval") [.../casadi/core/sx_function.cpp:77]
CasADi - 2026-10-04 13:15:10 MESSAGE("nlp_jac_g::eval") [.../casadi/core/sx_function.cpp:77]
CasADi - 2026-10-04 13:15:10 MESSAGE("nlp_hess_l::eval") [.../casadi/core/sx_function.cpp:77]
 239  1.2626999e+01 4.97e-01 8.06e+07  -1.0 5.66e-01   8.5 5.07e-02 1.03e-02h  1
CasADi - 2026-10-04 13:15:10 MESSAGE("nlp_g::eval") [.../casadi/core/sx_function.cpp:77]
CasADi - 2026-10-04 13:15:10 MESSAGE("nlp_f::eval") [.../casadi/core/sx_function.cpp:77]
CasADi - 2026-10-04 13:15:10 MESSAGE("nlp_grad_f::eval") [.../casadi/core/sx_function.cpp:77]
CasADi - 2026-10-04 13:15:10 MESSAGE("nlp_jac_g::eval") [.../casadi/core/sx_function.cpp:77]
CasADi - 2026-10-04 13:15:10 MESSAGE("nlp_hess_l::eval") [.../casadi/core/sx_function.cpp:77]
iter    objective    inf_pr   inf_du lg(mu)  ||d||  lg(rg) alpha_du alpha_pr  ls
 240  1.2626986e+01 4.97e-01 2.27e+08  -1.0 5.56e-01   8.9 1.34e-01 9.51e-05h  1
CasADi - 2026-10-04 13:15:10 MESSAGE("nlp_g::eval") [.../casadi/core/sx_function.cpp:77]
CasADi - 2026-10-04 13:15:10 MESSAGE("nlp_f::eval") [.../casadi/core/sx_function.cpp:77]
CasADi - 2026-10-04 13:15:10 MESSAGE("nlp_grad_f::eval") [.../casadi/core/sx_function.cpp:77]
CasADi - 2026-10-04 13:15:10 MESSAGE("nlp_jac_g::eval") [.../casadi/core/sx_function.cpp:77]
CasADi - 2026-10-04 13:15:10 MESSAGE("nlp_hess_l::eval") [.../casadi/core/sx_function.cpp:77]
 241  1.2626679e+01 4.95e-01 2.40e+08  -1.0 5.78e-01   8.4 1.73e-02 2.70e-03h  1
CasADi - 2026-10-04 13:15:10 MESSAGE("nlp_g::eval") [.../casadi/core/sx_function.cpp:77]
CasADi - 2026-10-04 13:15:10 MESSAGE("nlp_f::eval") [.../casadi/core/sx_function.cpp:77]
CasADi - 2026-10-04 13:15:10 MESSAGE("nlp_grad_f::eval") [.../casadi/core/sx_function.cpp:77]
CasADi - 2026-10-04 13:15:10 MESSAGE("nlp_jac_g::eval") [.../casadi/core/sx_function.cpp:77]
CasADi - 2026-10-04 13:15:10 MESSAGE("nlp_hess_l::eval") [.../casadi/core/sx_function.cpp:77]
 242  1.2626590e+01 4.95e-01 8.84e+08  -1.0 5.58e-01   8.8 4.56e-02 3.64e-04h  1
CasADi - 2026-10-04 13:15:11 MESSAGE("nlp_g::eval") [.../casadi/core/sx_function.cpp:77]
CasADi - 2026-10-04 13:15:11 MESSAGE("nlp_f::eval") [.../casadi/core/sx_function.cpp:77]
CasADi - 2026-10-04 13:15:11 MESSAGE("nlp_grad_f::eval") [.../casadi/core/sx_function.cpp:77]
CasADi - 2026-10-04 13:15:11 MESSAGE("nlp_jac_g::eval") [.../casadi/core/sx_function.cpp:77]
CasADi - 2026-10-04 13:15:11 MESSAGE("nlp_hess_l::eval") [.../casadi/core/sx_function.cpp:77]
 243  1.2625251e+01 4.92e-01 1.41e+09  -1.0 5.87e-01   8.4 1.18e-01 5.62e-03h  1
CasADi - 2026-10-04 13:15:11 MESSAGE("nlp_g::eval") [.../casadi/core/sx_function.cpp:77]
CasADi - 2026-10-04 13:15:11 MESSAGE("nlp_f::eval") [.../casadi/core/sx_function.cpp:77]
CasADi - 2026-10-04 13:15:11 MESSAGE("nlp_grad_f::eval") [.../casadi/core/sx_function.cpp:77]
CasADi - 2026-10-04 13:15:11 MESSAGE("nlp_jac_g::eval") [.../casadi/core/sx_function.cpp:77]
CasADi - 2026-10-04 13:15:11 MESSAGE("nlp_hess_l::eval") [.../casadi/core/sx_function.cpp:77]
 244  1.2623997e+01 4.90e-01 1.86e+09  -1.0 5.59e-01   8.8 3.62e-02 4.60e-03h  1
CasADi - 2026-10-04 13:15:11 MESSAGE("nlp_g::eval") [.../casadi/core/sx_function.cpp:77]
CasADi - 2026-10-04 13:15:11 MESSAGE("nlp_f::eval") [.../casadi/core/sx_function.cpp:77]
CasADi - 2026-10-04 13:15:11 MESSAGE("nlp_grad_f::eval") [.../casadi/core/sx_function.cpp:77]
CasADi - 2026-10-04 13:15:11 MESSAGE("nlp_jac_g::eval") [.../casadi/core/sx_function.cpp:77]
CasADi - 2026-10-04 13:15:11 MESSAGE("nlp_hess_l::eval") [.../casadi/core/sx_function.cpp:77]
 245  1.2622399e+01 4.87e-01 2.04e+09  -1.0 6.25e-01   8.3 4.76e-02 5.32e-03h  1
CasADi - 2026-10-04 13:15:11 MESSAGE("nlp_g::eval") [.../casadi/core/sx_function.cpp:77]
CasADi - 2026-10-04 13:15:11 MESSAGE("nlp_f::eval") [.../casadi/core/sx_function.cpp:77]
CasADi - 2026-10-04 13:15:11 MESSAGE("nlp_grad_f::eval") [.../casadi/core/sx_function.cpp:77]
CasADi - 2026-10-04 13:15:11 MESSAGE("nlp_jac_g::eval") [.../casadi/core/sx_function.cpp:77]
CasADi - 2026-10-04 13:15:11 MESSAGE("nlp_hess_l::eval") [.../casadi/core/sx_function.cpp:77]
 246  1.2621935e+01 4.87e-01 2.91e+09  -1.0 5.59e-01   8.7 6.20e-02 1.26e-03h  1
CasADi - 2026-10-04 13:15:11 MESSAGE("nlp_g::eval") [.../casadi/core/sx_function.cpp:77]
CasADi - 2026-10-04 13:15:11 MESSAGE("nlp_f::eval") [.../casadi/core/sx_function.cpp:77]
CasADi - 2026-10-04 13:15:11 MESSAGE("nlp_grad_f::eval") [.../casadi/core/sx_function.cpp:77]
CasADi - 2026-10-04 13:15:11 MESSAGE("nlp_jac_g::eval") [.../casadi/core/sx_function.cpp:77]
CasADi - 2026-10-04 13:15:11 MESSAGE("nlp_hess_l::eval") [.../casadi/core/sx_function.cpp:77]
 247  1.2620717e+01 4.85e-01 2.93e+09  -1.0 5.82e-01   8.3 3.47e-02 3.91e-03h  1
CasADi - 2026-10-04 13:15:11 MESSAGE("nlp_g::eval") [.../casadi/core/sx_function.cpp:77]
CasADi - 2026-10-04 13:15:11 MESSAGE("nlp_f::eval") [.../casadi/core/sx_function.cpp:77]
CasADi - 2026-10-04 13:15:11 MESSAGE("nlp_grad_f::eval") [.../casadi/core/sx_function.cpp:77]
CasADi - 2026-10-04 13:15:11 MESSAGE("nlp_jac_g::eval") [.../casadi/core/sx_function.cpp:77]
CasADi - 2026-10-04 13:15:11 MESSAGE("nlp_hess_l::eval") [.../casadi/core/sx_function.cpp:77]
 248  1.2620071e+01 4.84e-01 1.02e+10  -1.0 5.30e-01   8.7 1.07e-01 1.45e-03h  1
CasADi - 2026-10-04 13:15:11 MESSAGE("nlp_g::eval") [.../casadi/core/sx_function.cpp:77]
CasADi - 2026-10-04 13:15:11 MESSAGE("nlp_f::eval") [.../casadi/core/sx_function.cpp:77]
CasADi - 2026-10-04 13:15:11 MESSAGE("nlp_grad_f::eval") [.../casadi/core/sx_function.cpp:77]
CasADi - 2026-10-04 13:15:11 MESSAGE("nlp_jac_g::eval") [.../casadi/core/sx_function.cpp:77]
CasADi - 2026-10-04 13:15:11 MESSAGE("nlp_hess_l::eval") [.../casadi/core/sx_function.cpp:77]
 249  1.2613980e+01 4.78e-01 1.17e+10  -1.0 6.21e-01   8.2 9.73e-02 1.28e-02h  1
CasADi - 2026-10-04 13:15:11 MESSAGE("nlp_g::eval") [.../casadi/core/sx_function.cpp:77]
CasADi - 2026-10-04 13:15:11 MESSAGE("nlp_f::eval") [.../casadi/core/sx_function.cpp:77]
CasADi - 2026-10-04 13:15:11 MESSAGE("nlp_grad_f::eval") [.../casadi/core/sx_function.cpp:77]
CasADi - 2026-10-04 13:15:11 MESSAGE("nlp_jac_g::eval") [.../casadi/core/sx_function.cpp:77]
CasADi - 2026-10-04 13:15:11 MESSAGE("nlp_hess_l::eval") [.../casadi/core/sx_function.cpp:77]
iter    objective    inf_pr   inf_du lg(mu)  ||d||  lg(rg) alpha_du alpha_pr  ls
 250  1.2613514e+01 4.78e-01 1.93e+10  -1.0 6.13e-01   8.6 1.19e-01 8.54e-04h  1
CasADi - 2026-10-04 13:15:11 MESSAGE("nlp_g::eval") [.../casadi/core/sx_function.cpp:77]
CasADi - 2026-10-04 13:15:11 MESSAGE("nlp_f::eval") [.../casadi/core/sx_function.cpp:77]
CasADi - 2026-10-04 13:15:11 MESSAGE("nlp_grad_f::eval") [.../casadi/core/sx_function.cpp:77]
CasADi - 2026-10-04 13:15:11 MESSAGE("nlp_jac_g::eval") [.../casadi/core/sx_function.cpp:77]
CasADi - 2026-10-04 13:15:11 MESSAGE("nlp_hess_l::eval") [.../casadi/core/sx_function.cpp:77]
 251  1.2605996e+01 4.71e-01 1.93e+10  -1.0 1.35e+00   8.2 6.51e-02 1.32e-02h  1
CasADi - 2026-10-04 13:15:11 MESSAGE("nlp_g::eval") [.../casadi/core/sx_function.cpp:77]
CasADi - 2026-10-04 13:15:11 MESSAGE("nlp_f::eval") [.../casadi/core/sx_function.cpp:77]
CasADi - 2026-10-04 13:15:11 MESSAGE("nlp_grad_f::eval") [.../casadi/core/sx_function.cpp:77]
CasADi - 2026-10-04 13:15:11 MESSAGE("nlp_jac_g::eval") [.../casadi/core/sx_function.cpp:77]
CasADi - 2026-10-04 13:15:11 MESSAGE("nlp_hess_l::eval") [.../casadi/core/sx_function.cpp:77]
 252  1.2605978e+01 4.71e-01 2.14e+10  -1.0 1.25e+00   8.6 4.60e-02 5.40e-05h  1
CasADi - 2026-10-04 13:15:12 MESSAGE("nlp_g::eval") [.../casadi/core/sx_function.cpp:77]
CasADi - 2026-10-04 13:15:12 MESSAGE("nlp_f::eval") [.../casadi/core/sx_function.cpp:77]
CasADi - 2026-10-04 13:15:12 MESSAGE("nlp_grad_f::eval") [.../casadi/core/sx_function.cpp:77]
CasADi - 2026-10-04 13:15:12 MESSAGE("nlp_jac_g::eval") [.../casadi/core/sx_function.cpp:77]
CasADi - 2026-10-04 13:15:12 MESSAGE("nlp_hess_l::eval") [.../casadi/core/sx_function.cpp:77]
 253  1.2589807e+01 4.61e-01 2.10e+10  -1.0 1.06e+00   8.1 6.39e-02 2.17e-02h  1
CasADi - 2026-10-04 13:15:12 MESSAGE("nlp_g::eval") [.../casadi/core/sx_function.cpp:77]
CasADi - 2026-10-04 13:15:12 MESSAGE("nlp_f::eval") [.../casadi/core/sx_function.cpp:77]
CasADi - 2026-10-04 13:15:12 MESSAGE("nlp_grad_f::eval") [.../casadi/core/sx_function.cpp:77]
CasADi - 2026-10-04 13:15:12 MESSAGE("nlp_jac_g::eval") [.../casadi/core/sx_function.cpp:77]
CasADi - 2026-10-04 13:15:12 MESSAGE("nlp_hess_l::eval") [.../casadi/core/sx_function.cpp:77]
 254  1.2589107e+01 4.61e-01 2.30e+10  -1.0 7.42e-01   8.5 5.98e-02 1.02e-03h  1
CasADi - 2026-10-04 13:15:12 MESSAGE("nlp_g::eval") [.../casadi/core/sx_function.cpp:77]
CasADi - 2026-10-04 13:15:12 MESSAGE("nlp_f::eval") [.../casadi/core/sx_function.cpp:77]
CasADi - 2026-10-04 13:15:12 MESSAGE("nlp_g::eval") [.../casadi/core/sx_function.cpp:77]
CasADi - 2026-10-04 13:15:12 MESSAGE("nlp_f::eval") [.../casadi/core/sx_function.cpp:77]
CasADi - 2026-10-04 13:15:12 MESSAGE("nlp_grad_f::eval") [.../casadi/core/sx_function.cpp:77]
CasADi - 2026-10-04 13:15:12 MESSAGE("nlp_jac_g::eval") [.../casadi/core/sx_function.cpp:77]
CasADi - 2026-10-04 13:15:12 MESSAGE("nlp_hess_l::eval") [.../casadi/core/sx_function.cpp:77]
 255  1.2585191e+01 4.59e-01 4.86e+10  -1.0 6.17e-01   9.0 2.08e-01 4.73e-03h  2
CasADi - 2026-10-04 13:15:12 MESSAGE("nlp_g::eval") [.../casadi/core/sx_function.cpp:77]
CasADi - 2026-10-04 13:15:12 MESSAGE("nlp_f::eval") [.../casadi/core/sx_function.cpp:77]
CasADi - 2026-10-04 13:15:12 MESSAGE("nlp_g::eval") [.../casadi/core/sx_function.cpp:77]
CasADi - 2026-10-04 13:15:12 MESSAGE("nlp_f::eval") [.../casadi/core/sx_function.cpp:77]
CasADi - 2026-10-04 13:15:12 MESSAGE("nlp_g::eval") [.../casadi/core/sx_function.cpp:77]
CasADi - 2026-10-04 13:15:12 MESSAGE("nlp_f::eval") [.../casadi/core/sx_function.cpp:77]
CasADi - 2026-10-04 13:15:12 MESSAGE("nlp_grad_f::eval") [.../casadi/core/sx_function.cpp:77]
CasADi - 2026-10-04 13:15:12 MESSAGE("nlp_jac_g::eval") [.../casadi/core/sx_function.cpp:77]
CasADi - 2026-10-04 13:15:12 MESSAGE("nlp_hess_l::eval") [.../casadi/core/sx_function.cpp:77]
 256  1.2582534e+01 4.57e-01 4.87e+10  -1.0 8.95e-01   8.5 2.07e-01 2.96e-03h  3
CasADi - 2026-10-04 13:15:12 MESSAGE("nlp_g::eval") [.../casadi/core/sx_function.cpp:77]
CasADi - 2026-10-04 13:15:12 MESSAGE("nlp_f::eval") [.../casadi/core/sx_function.cpp:77]
CasADi - 2026-10-04 13:15:12 MESSAGE("nlp_g::eval") [.../casadi/core/sx_function.cpp:77]
CasADi - 2026-10-04 13:15:12 MESSAGE("nlp_f::eval") [.../casadi/core/sx_function.cpp:77]
CasADi - 2026-10-04 13:15:12 MESSAGE("nlp_g::eval") [.../casadi/core/sx_function.cpp:77]
CasADi - 2026-10-04 13:15:12 MESSAGE("nlp_f::eval") [.../casadi/core/sx_function.cpp:77]
CasADi - 2026-10-04 13:15:12 MESSAGE("nlp_g::eval") [.../casadi/core/sx_function.cpp:77]
CasADi - 2026-10-04 13:15:12 MESSAGE("nlp_f::eval") [.../casadi/core/sx_function.cpp:77]
CasADi - 2026-10-04 13:15:12 MESSAGE("nlp_g::eval") [.../casadi/core/sx_function.cpp:77]
CasADi - 2026-10-04 13:15:12 MESSAGE("nlp_f::eval") [.../casadi/core/sx_function.cpp:77]
CasADi - 2026-10-04 13:15:12 MESSAGE("nlp_g::eval") [.../casadi/core/sx_function.cpp:77]
CasADi - 2026-10-04 13:15:12 MESSAGE("nlp_f::eval") [.../casadi/core/sx_function.cpp:77]
CasADi - 2026-10-04 13:15:12 MESSAGE("nlp_g::eval") [.../casadi/core/sx_function.cpp:77]
CasADi - 2026-10-04 13:15:12 MESSAGE("nlp_f::eval") [.../casadi/core/sx_function.cpp:77]
CasADi - 2026-10-04 13:15:12 MESSAGE("nlp_grad_f::eval") [.../casadi/core/sx_function.cpp:77]
CasADi - 2026-10-04 13:15:12 MESSAGE("nlp_jac_g::eval") [.../casadi/core/sx_function.cpp:77]
CasADi - 2026-10-04 13:15:12 MESSAGE("nlp_hess_l::eval") [.../casadi/core/sx_function.cpp:77]
 257  1.2582318e+01 4.57e-01 7.39e+10  -1.0 6.19e-01   8.9 2.80e-01 2.33e-04h  7
CasADi - 2026-10-04 13:15:12 MESSAGE("nlp_g::eval") [.../casadi/core/sx_function.cpp:77]
CasADi - 2026-10-04 13:15:12 MESSAGE("nlp_f::eval") [.../casadi/core/sx_function.cpp:77]
CasADi - 2026-10-04 13:15:12 MESSAGE("nlp_g::eval") [.../casadi/core/sx_function.cpp:77]
CasADi - 2026-10-04 13:15:12 MESSAGE("nlp_f::eval") [.../casadi/core/sx_function.cpp:77]
CasADi - 2026-10-04 13:15:12 MESSAGE("nlp_g::eval") [.../casadi/core/sx_function.cpp:77]
CasADi - 2026-10-04 13:15:12 MESSAGE("nlp_f::eval") [.../casadi/core/sx_function.cpp:77]
CasADi - 2026-10-04 13:15:12 MESSAGE("nlp_g::eval") [.../casadi/core/sx_function.cpp:77]
CasADi - 2026-10-04 13:15:12 MESSAGE("nlp_f::eval") [.../casadi/core/sx_function.cpp:77]
CasADi - 2026-10-04 13:15:12 MESSAGE("nlp_g::eval") [.../casadi/core/sx_function.cpp:77]
CasADi - 2026-10-04 13:15:12 MESSAGE("nlp_f::eval") [.../casadi/core/sx_function.cpp:77]
CasADi - 2026-10-04 13:15:12 MESSAGE("nlp_g::eval") [.../casadi/core/sx_function.cpp:77]
CasADi - 2026-10-04 13:15:12 MESSAGE("nlp_f::eval") [.../casadi/core/sx_function.cpp:77]
CasADi - 2026-10-04 13:15:12 MESSAGE("nlp_g::eval") [.../casadi/core/sx_function.cpp:77]
CasADi - 2026-10-04 13:15:12 MESSAGE("nlp_f::eval") [.../casadi/core/sx_function.cpp:77]
CasADi - 2026-10-04 13:15:12 MESSAGE("nlp_grad_f::eval") [.../casadi/core/sx_function.cpp:77]
CasADi - 2026-10-04 13:15:12 MESSAGE("nlp_jac_g::eval") [.../casadi/core/sx_function.cpp:77]
CasADi - 2026-10-04 13:15:12 MESSAGE("nlp_hess_l::eval") [.../casadi/core/sx_function.cpp:77]
 258  1.2582119e+01 4.57e-01 7.04e+10  -1.0 9.16e-01   8.4 1.27e-01 2.07e-04h  7
CasADi - 2026-10-04 13:15:12 MESSAGE("nlp_g::eval") [.../casadi/core/sx_function.cpp:77]
CasADi - 2026-10-04 13:15:12 MESSAGE("nlp_f::eval") [.../casadi/core/sx_function.cpp:77]
CasADi - 2026-10-04 13:15:12 MESSAGE("nlp_g::eval") [.../casadi/core/sx_function.cpp:77]
CasADi - 2026-10-04 13:15:12 MESSAGE("nlp_f::eval") [.../casadi/core/sx_function.cpp:77]
CasADi - 2026-10-04 13:15:12 MESSAGE("nlp_g::eval") [.../casadi/core/sx_function.cpp:77]
CasADi - 2026-10-04 13:15:12 MESSAGE("nlp_f::eval") [.../casadi/core/sx_function.cpp:77]
CasADi - 2026-10-04 13:15:12 MESSAGE("nlp_g::eval") [.../casadi/core/sx_function.cpp:77]
CasADi - 2026-10-04 13:15:12 MESSAGE("nlp_f::eval") [.../casadi/core/sx_function.cpp:77]
CasADi - 2026-10-04 13:15:12 MESSAGE("nlp_g::eval") [.../casadi/core/sx_function.cpp:77]
CasADi - 2026-10-04 13:15:12 MESSAGE("nlp_f::eval") [.../casadi/core/sx_function.cpp:77]
CasADi - 2026-10-04 13:15:12 MESSAGE("nlp_g::eval") [.../casadi/core/sx_function.cpp:77]
CasADi - 2026-10-04 13:15:12 MESSAGE("nlp_f::eval") [.../casadi/core/sx_function.cpp:77]
CasADi - 2026-10-04 13:15:12 MESSAGE("nlp_g::eval") [.../casadi/core/sx_function.cpp:77]
CasADi - 2026-10-04 13:15:12 MESSAGE("nlp_f::eval") [.../casadi/core/sx_function.cpp:77]
CasADi - 2026-10-04 13:15:12 MESSAGE("nlp_g::eval") [.../casadi/core/sx_function.cpp:77]
CasADi - 2026-10-04 13:15:12 MESSAGE("nlp_f::eval") [.../casadi/core/sx_function.cpp:77]
CasADi - 2026-10-04 13:15:12 MESSAGE("nlp_g::eval") [.../casadi/core/sx_function.cpp:77]
CasADi - 2026-10-04 13:15:12 MESSAGE("nlp_f::eval") [.../casadi/core/sx_function.cpp:77]
CasADi - 2026-10-04 13:15:12 MESSAGE("nlp_g::eval") [.../casadi/core/sx_function.cpp:77]
CasADi - 2026-10-04 13:15:12 MESSAGE("nlp_f::eval") [.../casadi/core/sx_function.cpp:77]
CasADi - 2026-10-04 13:15:12 MESSAGE("nlp_grad_f::eval") [.../casadi/core/sx_function.cpp:77]
CasADi - 2026-10-04 13:15:12 MESSAGE("nlp_jac_g::eval") [.../casadi/core/sx_function.cpp:77]
CasADi - 2026-10-04 13:15:12 MESSAGE("nlp_hess_l::eval") [.../casadi/core/sx_function.cpp:77]
 259  1.2582050e+01 4.57e-01 9.95e+10  -1.0 6.28e-01   8.9 5.02e-01 7.08e-05h 10
CasADi - 2026-10-04 13:15:12 MESSAGE("nlp_g::eval") [.../casadi/core/sx_function.cpp:77]
CasADi - 2026-10-04 13:15:12 MESSAGE("nlp_f::eval") [.../casadi/core/sx_function.cpp:77]
CasADi - 2026-10-04 13:15:12 MESSAGE("nlp_grad_f::eval") [.../casadi/core/sx_function.cpp:77]
CasADi - 2026-10-04 13:15:12 MESSAGE("nlp_jac_g::eval") [.../casadi/core/sx_function.cpp:77]
CasADi - 2026-10-04 13:15:12 MESSAGE("nlp_hess_l::eval") [.../casadi/core/sx_function.cpp:77]
iter    objective    inf_pr   inf_du lg(mu)  ||d||  lg(rg) alpha_du alpha_pr  ls
 260  1.2524615e+01 4.32e-01 9.68e+10  -1.0 7.04e-01   8.4 5.20e-03 5.60e-02h  1
CasADi - 2026-10-04 13:15:13 MESSAGE("nlp_g::eval") [.../casadi/core/sx_function.cpp:77]
CasADi - 2026-10-04 13:15:13 MESSAGE("nlp_f::eval") [.../casadi/core/sx_function.cpp:77]
CasADi - 2026-10-04 13:15:13 MESSAGE("nlp_grad_f::eval") [.../casadi/core/sx_function.cpp:77]
CasADi - 2026-10-04 13:15:13 MESSAGE("nlp_jac_g::eval") [.../casadi/core/sx_function.cpp:77]
CasADi - 2026-10-04 13:15:13 MESSAGE("nlp_hess_l::eval") [.../casadi/core/sx_function.cpp:77]
 261  1.2521495e+01 4.31e-01 9.65e+10  -1.0 2.05e+00   8.8 1.62e-03 3.25e-03h  1
CasADi - 2026-10-04 13:15:13 MESSAGE("nlp_g::eval") [.../casadi/core/sx_function.cpp:77]
CasADi - 2026-10-04 13:15:13 MESSAGE("nlp_f::eval") [.../casadi/core/sx_function.cpp:77]
CasADi - 2026-10-04 13:15:13 MESSAGE("nlp_grad_f::eval") [.../casadi/core/sx_function.cpp:77]
CasADi - 2026-10-04 13:15:13 MESSAGE("nlp_jac_g::eval") [.../casadi/core/sx_function.cpp:77]
CasADi - 2026-10-04 13:15:13 MESSAGE("nlp_hess_l::eval") [.../casadi/core/sx_function.cpp:77]
 262  1.2520587e+01 4.30e-01 9.88e+10  -1.0 6.22e-01   9.2 1.50e-02 9.41e-04h  1
CasADi - 2026-10-04 13:15:13 MESSAGE("nlp_g::eval") [.../casadi/core/sx_function.cpp:77]
CasADi - 2026-10-04 13:15:13 MESSAGE("nlp_f::eval") [.../casadi/core/sx_function.cpp:77]
CasADi - 2026-10-04 13:15:13 MESSAGE("nlp_grad_f::eval") [.../casadi/core/sx_function.cpp:77]
CasADi - 2026-10-04 13:15:13 MESSAGE("nlp_jac_g::eval") [.../casadi/core/sx_function.cpp:77]
CasADi - 2026-10-04 13:15:13 MESSAGE("nlp_hess_l::eval") [.../casadi/core/sx_function.cpp:77]
 263  1.2515080e+01 4.28e-01 1.13e+11  -1.0 5.87e-01   9.7 2.98e-02 5.85e-03h  1
CasADi - 2026-10-04 13:15:13 MESSAGE("nlp_g::eval") [.../casadi/core/sx_function.cpp:77]
CasADi - 2026-10-04 13:15:13 MESSAGE("nlp_f::eval") [.../casadi/core/sx_function.cpp:77]
CasADi - 2026-10-04 13:15:13 MESSAGE("nlp_grad_f::eval") [.../casadi/core/sx_function.cpp:77]
CasADi - 2026-10-04 13:15:13 MESSAGE("nlp_jac_g::eval") [.../casadi/core/sx_function.cpp:77]
CasADi - 2026-10-04 13:15:13 MESSAGE("nlp_hess_l::eval") [.../casadi/core/sx_function.cpp:77]
 264  1.2512647e+01 4.27e-01 1.24e+11  -1.0 1.11e+00   9.2 1.09e-01 2.54e-03h  1
CasADi - 2026-10-04 13:15:13 MESSAGE("nlp_g::eval") [.../casadi/core/sx_function.cpp:77]
CasADi - 2026-10-04 13:15:13 MESSAGE("nlp_f::eval") [.../casadi/core/sx_function.cpp:77]
CasADi - 2026-10-04 13:15:13 MESSAGE("nlp_grad_f::eval") [.../casadi/core/sx_function.cpp:77]
CasADi - 2026-10-04 13:15:13 MESSAGE("nlp_jac_g::eval") [.../casadi/core/sx_function.cpp:77]
CasADi - 2026-10-04 13:15:13 MESSAGE("nlp_hess_l::eval") [.../casadi/core/sx_function.cpp:77]
 265  1.2505081e+01 4.23e-01 1.56e+11  -1.0 5.90e-01   9.6 7.31e-02 7.53e-03h  1
CasADi - 2026-10-04 13:15:13 MESSAGE("nlp_g::eval") [.../casadi/core/sx_function.cpp:77]
CasADi - 2026-10-04 13:15:13 MESSAGE("nlp_f::eval") [.../casadi/core/sx_function.cpp:77]
CasADi - 2026-10-04 13:15:13 MESSAGE("nlp_grad_f::eval") [.../casadi/core/sx_function.cpp:77]
CasADi - 2026-10-04 13:15:13 MESSAGE("nlp_jac_g::eval") [.../casadi/core/sx_function.cpp:77]
CasADi - 2026-10-04 13:15:13 MESSAGE("nlp_hess_l::eval") [.../casadi/core/sx_function.cpp:77]
 266  1.2502885e+01 4.22e-01 1.56e+11  -1.0 1.17e+00   9.1 2.00e-03 2.24e-03h  1
CasADi - 2026-10-04 13:15:14 MESSAGE("nlp_g::eval") [.../casadi/core/sx_function.cpp:77]
CasADi - 2026-10-04 13:15:14 MESSAGE("nlp_f::eval") [.../casadi/core/sx_function.cpp:77]
CasADi - 2026-10-04 13:15:14 MESSAGE("nlp_grad_f::eval") [.../casadi/core/sx_function.cpp:77]
CasADi - 2026-10-04 13:15:14 MESSAGE("nlp_jac_g::eval") [.../casadi/core/sx_function.cpp:77]
CasADi - 2026-10-04 13:15:14 MESSAGE("nlp_hess_l::eval") [.../casadi/core/sx_function.cpp:77]
 267  1.2502780e+01 4.22e-01 2.33e+11  -1.0 6.07e-01   9.6 1.97e-01 1.03e-04h  1
CasADi - 2026-10-04 13:15:14 MESSAGE("nlp_g::eval") [.../casadi/core/sx_function.cpp:77]
CasADi - 2026-10-04 13:15:14 MESSAGE("nlp_f::eval") [.../casadi/core/sx_function.cpp:77]
CasADi - 2026-10-04 13:15:14 MESSAGE("nlp_grad_f::eval") [.../casadi/core/sx_function.cpp:77]
CasADi - 2026-10-04 13:15:14 MESSAGE("nlp_jac_g::eval") [.../casadi/core/sx_function.cpp:77]
CasADi - 2026-10-04 13:15:14 MESSAGE("nlp_hess_l::eval") [.../casadi/core/sx_function.cpp:77]
 268  1.2495619e+01 4.20e-01 2.30e+11  -1.0 7.32e-01   9.1 3.43e-02 6.14e-03h  1
CasADi - 2026-10-04 13:15:14 MESSAGE("nlp_g::eval") [.../casadi/core/sx_function.cpp:77]
CasADi - 2026-10-04 13:15:14 MESSAGE("nlp_f::eval") [.../casadi/core/sx_function.cpp:77]
CasADi - 2026-10-04 13:15:14 MESSAGE("nlp_grad_f::eval") [.../casadi/core/sx_function.cpp:77]
CasADi - 2026-10-04 13:15:14 MESSAGE("nlp_jac_g::eval") [.../casadi/core/sx_function.cpp:77]
CasADi - 2026-10-04 13:15:14 MESSAGE("nlp_hess_l::eval") [.../casadi/core/sx_function.cpp:77]
 269  1.2492999e+01 4.19e-01 3.10e+11  -1.0 6.42e-01   9.5 3.07e-01 2.17e-03h  1
CasADi - 2026-10-04 13:15:14 MESSAGE("nlp_g::eval") [.../casadi/core/sx_function.cpp:77]
CasADi - 2026-10-04 13:15:14 MESSAGE("nlp_f::eval") [.../casadi/core/sx_function.cpp:77]
CasADi - 2026-10-04 13:15:14 MESSAGE("nlp_grad_f::eval") [.../casadi/core/sx_function.cpp:77]
CasADi - 2026-10-04 13:15:14 MESSAGE("nlp_jac_g::eval") [.../casadi/core/sx_function.cpp:77]
CasADi - 2026-10-04 13:15:14 MESSAGE("nlp_hess_l::eval") [.../casadi/core/sx_function.cpp:77]
iter    objective    inf_pr   inf_du lg(mu)  ||d||  lg(rg) alpha_du alpha_pr  ls
 270  1.2457975e+01 4.07e-01 2.92e+11  -1.0 8.76e-01   9.0 8.23e-02 2.87e-02h  1
CasADi - 2026-10-04 13:15:14 MESSAGE("nlp_g::eval") [.../casadi/core/sx_function.cpp:77]
CasADi - 2026-10-04 13:15:14 MESSAGE("nlp_f::eval") [.../casadi/core/sx_function.cpp:77]
CasADi - 2026-10-04 13:15:14 MESSAGE("nlp_grad_f::eval") [.../casadi/core/sx_function.cpp:77]
CasADi - 2026-10-04 13:15:14 MESSAGE("nlp_jac_g::eval") [.../casadi/core/sx_function.cpp:77]
CasADi - 2026-10-04 13:15:14 MESSAGE("nlp_hess_l::eval") [.../casadi/core/sx_function.cpp:77]
 271  1.2457957e+01 4.07e-01 2.92e+11  -1.0 2.04e+00   9.4 4.76e-03 2.30e-04h  1
CasADi - 2026-10-04 13:15:15 MESSAGE("nlp_g::eval") [.../casadi/core/sx_function.cpp:77]
CasADi - 2026-10-04 13:15:15 MESSAGE("nlp_f::eval") [.../casadi/core/sx_function.cpp:77]
CasADi - 2026-10-04 13:15:15 MESSAGE("nlp_grad_f::eval") [.../casadi/core/sx_function.cpp:77]
CasADi - 2026-10-04 13:15:15 MESSAGE("nlp_jac_g::eval") [.../casadi/core/sx_function.cpp:77]
CasADi - 2026-10-04 13:15:15 MESSAGE("nlp_hess_l::eval") [.../casadi/core/sx_function.cpp:77]
 272  1.2456089e+01 4.06e-01 3.52e+11  -1.0 5.87e-01   9.9 7.20e-02 1.64e-03h  1
CasADi - 2026-10-04 13:15:15 MESSAGE("nlp_g::eval") [.../casadi/core/sx_function.cpp:77]
CasADi - 2026-10-04 13:15:15 MESSAGE("nlp_f::eval") [.../casadi/core/sx_function.cpp:77]
CasADi - 2026-10-04 13:15:15 MESSAGE("nlp_grad_f::eval") [.../casadi/core/sx_function.cpp:77]
CasADi - 2026-10-04 13:15:15 MESSAGE("nlp_jac_g::eval") [.../casadi/core/sx_function.cpp:77]
CasADi - 2026-10-04 13:15:15 MESSAGE("nlp_hess_l::eval") [.../casadi/core/sx_function.cpp:77]
 273  1.2442487e+01 4.01e-01 3.47e+11  -1.0 7.04e-01   9.4 3.05e-02 1.36e-02h  1
CasADi - 2026-10-04 13:15:15 MESSAGE("nlp_g::eval") [.../casadi/core/sx_function.cpp:77]
CasADi - 2026-10-04 13:15:15 MESSAGE("nlp_f::eval") [.../casadi/core/sx_function.cpp:77]
CasADi - 2026-10-04 13:15:15 MESSAGE("nlp_grad_f::eval") [.../casadi/core/sx_function.cpp:77]
CasADi - 2026-10-04 13:15:15 MESSAGE("nlp_jac_g::eval") [.../casadi/core/sx_function.cpp:77]
CasADi - 2026-10-04 13:15:15 MESSAGE("nlp_hess_l::eval") [.../casadi/core/sx_function.cpp:77]
 274  1.2442238e+01 4.00e-01 4.00e+11  -1.0 5.42e-01   9.8 8.38e-02 2.04e-04h  1
CasADi - 2026-10-04 13:15:16 MESSAGE("nlp_g::eval") [.../casadi/core/sx_function.cpp:77]
CasADi - 2026-10-04 13:15:16 MESSAGE("nlp_f::eval") [.../casadi/core/sx_function.cpp:77]
CasADi - 2026-10-04 13:15:16 MESSAGE("nlp_grad_f::eval") [.../casadi/core/sx_function.cpp:77]
CasADi - 2026-10-04 13:15:16 MESSAGE("nlp_jac_g::eval") [.../casadi/core/sx_function.cpp:77]
CasADi - 2026-10-04 13:15:16 MESSAGE("nlp_hess_l::eval") [.../casadi/core/sx_function.cpp:77]
 275  1.2431291e+01 3.97e-01 3.87e+11  -1.0 7.41e-01   9.3 9.39e-02 8.50e-03h  1
CasADi - 2026-10-04 13:15:16 MESSAGE("nlp_g::eval") [.../casadi/core/sx_function.cpp:77]
CasADi - 2026-10-04 13:15:16 MESSAGE("nlp_f::eval") [.../casadi/core/sx_function.cpp:77]
CasADi - 2026-10-04 13:15:16 MESSAGE("nlp_grad_f::eval") [.../casadi/core/sx_function.cpp:77]
CasADi - 2026-10-04 13:15:16 MESSAGE("nlp_jac_g::eval") [.../casadi/core/sx_function.cpp:77]
CasADi - 2026-10-04 13:15:16 MESSAGE("nlp_hess_l::eval") [.../casadi/core/sx_function.cpp:77]
 276  1.2430498e+01 3.97e-01 4.78e+11  -1.0 5.12e-01   9.8 1.71e-01 6.35e-04h  1
CasADi - 2026-10-04 13:15:16 MESSAGE("nlp_g::eval") [.../casadi/core/sx_function.cpp:77]
CasADi - 2026-10-04 13:15:16 MESSAGE("nlp_f::eval") [.../casadi/core/sx_function.cpp:77]
CasADi - 2026-10-04 13:15:16 MESSAGE("nlp_grad_f::eval") [.../casadi/core/sx_function.cpp:77]
CasADi - 2026-10-04 13:15:16 MESSAGE("nlp_jac_g::eval") [.../casadi/core/sx_function.cpp:77]
CasADi - 2026-10-04 13:15:16 MESSAGE("nlp_hess_l::eval") [.../casadi/core/sx_function.cpp:77]
 277  1.2395395e+01 3.86e-01 4.68e+11  -1.0 5.72e-01   9.3 5.48e-03 2.64e-02h  1
CasADi - 2026-10-04 13:15:17 MESSAGE("nlp_g::eval") [.../casadi/core/sx_function.cpp:77]
CasADi - 2026-10-04 13:15:17 MESSAGE("nlp_f::eval") [.../casadi/core/sx_function.cpp:77]
CasADi - 2026-10-04 13:15:17 MESSAGE("nlp_grad_f::eval") [.../casadi/core/sx_function.cpp:77]
CasADi - 2026-10-04 13:15:17 MESSAGE("nlp_jac_g::eval") [.../casadi/core/sx_function.cpp:77]
CasADi - 2026-10-04 13:15:17 MESSAGE("nlp_hess_l::eval") [.../casadi/core/sx_function.cpp:77]
 278  1.2393387e+01 3.86e-01 4.68e+11  -1.0 1.58e+00   9.7 2.40e-03 1.72e-03h  1
CasADi - 2026-10-04 13:15:17 MESSAGE("nlp_g::eval") [.../casadi/core/sx_function.cpp:77]
CasADi - 2026-10-04 13:15:17 MESSAGE("nlp_f::eval") [.../casadi/core/sx_function.cpp:77]
CasADi - 2026-10-04 13:15:17 MESSAGE("nlp_grad_f::eval") [.../casadi/core/sx_function.cpp:77]
CasADi - 2026-10-04 13:15:17 MESSAGE("nlp_jac_g::eval") [.../casadi/core/sx_function.cpp:77]
CasADi - 2026-10-04 13:15:17 MESSAGE("nlp_hess_l::eval") [.../casadi/core/sx_function.cpp:77]
 279  1.2393330e+01 3.86e-01 4.94e+11  -1.0 5.56e-01  10.1 1.47e-02 4.78e-05h  1
CasADi - 2026-10-04 13:15:17 MESSAGE("nlp_g::eval") [.../casadi/core/sx_function.cpp:77]
CasADi - 2026-10-04 13:15:17 MESSAGE("nlp_f::eval") [.../casadi/core/sx_function.cpp:77]
CasADi - 2026-10-04 13:15:17 MESSAGE("nlp_grad_f::eval") [.../casadi/core/sx_function.cpp:77]
CasADi - 2026-10-04 13:15:17 MESSAGE("nlp_jac_g::eval") [.../casadi/core/sx_function.cpp:77]
CasADi - 2026-10-04 13:15:17 MESSAGE("nlp_hess_l::eval") [.../casadi/core/sx_function.cpp:77]
iter    objective    inf_pr   inf_du lg(mu)  ||d||  lg(rg) alpha_du alpha_pr  ls
 280  1.2387605e+01 3.84e-01 4.92e+11  -1.0 3.87e+00   9.7 1.58e-03 5.39e-03h  1
CasADi - 2026-10-04 13:15:17 MESSAGE("nlp_g::eval") [.../casadi/core/sx_function.cpp:77]
CasADi - 2026-10-04 13:15:17 MESSAGE("nlp_f::eval") [.../casadi/core/sx_function.cpp:77]
CasADi - 2026-10-04 13:15:17 MESSAGE("nlp_grad_f::eval") [.../casadi/core/sx_function.cpp:77]
CasADi - 2026-10-04 13:15:17 MESSAGE("nlp_jac_g::eval") [.../casadi/core/sx_function.cpp:77]
CasADi - 2026-10-04 13:15:17 MESSAGE("nlp_hess_l::eval") [.../casadi/core/sx_function.cpp:77]
 281  1.2387505e+01 3.84e-01 4.75e+11  -1.0 2.13e+00   9.2 5.99e-02 7.64e-05h  1
CasADi - 2026-10-04 13:15:18 MESSAGE("nlp_g::eval") [.../casadi/core/sx_function.cpp:77]
CasADi - 2026-10-04 13:15:18 MESSAGE("nlp_f::eval") [.../casadi/core/sx_function.cpp:77]
CasADi - 2026-10-04 13:15:18 MESSAGE("nlp_grad_f::eval") [.../casadi/core/sx_function.cpp:77]
CasADi - 2026-10-04 13:15:18 MESSAGE("nlp_jac_g::eval") [.../casadi/core/sx_function.cpp:77]
CasADi - 2026-10-04 13:15:18 MESSAGE("nlp_hess_l::eval") [.../casadi/core/sx_function.cpp:77]
 282  1.2354676e+01 3.74e-01 4.73e+11  -1.0 5.35e-01   9.6 7.89e-02 2.62e-02h  1
CasADi - 2026-10-04 13:15:18 MESSAGE("nlp_g::eval") [.../casadi/core/sx_function.cpp:77]
CasADi - 2026-10-04 13:15:18 MESSAGE("nlp_f::eval") [.../casadi/core/sx_function.cpp:77]
CasADi - 2026-10-04 13:15:18 MESSAGE("nlp_grad_f::eval") [.../casadi/core/sx_function.cpp:77]
CasADi - 2026-10-04 13:15:18 MESSAGE("nlp_jac_g::eval") [.../casadi/core/sx_function.cpp:77]
CasADi - 2026-10-04 13:15:18 MESSAGE("nlp_hess_l::eval") [.../casadi/core/sx_function.cpp:77]
 283  1.2334121e+01 3.67e-01 4.99e+11  -1.0 4.96e-01  10.0 4.29e-02 1.74e-02h  1
CasADi - 2026-10-04 13:15:19 MESSAGE("nlp_g::eval") [.../casadi/core/sx_function.cpp:77]
CasADi - 2026-10-04 13:15:19 MESSAGE("nlp_f::eval") [.../casadi/core/sx_function.cpp:77]
CasADi - 2026-10-04 13:15:19 MESSAGE("nlp_grad_f::eval") [.../casadi/core/sx_function.cpp:77]
CasADi - 2026-10-04 13:15:19 MESSAGE("nlp_jac_g::eval") [.../casadi/core/sx_function.cpp:77]
CasADi - 2026-10-04 13:15:19 MESSAGE("nlp_hess_l::eval") [.../casadi/core/sx_function.cpp:77]
 284  1.2333958e+01 3.67e-01 6.88e+11  -1.0 4.52e-01  10.5 4.50e-02 1.44e-04h  1
CasADi - 2026-10-04 13:15:19 MESSAGE("nlp_g::eval") [.../casadi/core/sx_function.cpp:77]
CasADi - 2026-10-04 13:15:19 MESSAGE("nlp_f::eval") [.../casadi/core/sx_function.cpp:77]
CasADi - 2026-10-04 13:15:19 MESSAGE("nlp_grad_f::eval") [.../casadi/core/sx_function.cpp:77]
CasADi - 2026-10-04 13:15:19 MESSAGE("nlp_jac_g::eval") [.../casadi/core/sx_function.cpp:77]
CasADi - 2026-10-04 13:15:19 MESSAGE("nlp_hess_l::eval") [.../casadi/core/sx_function.cpp:77]
 285  1.2333882e+01 3.67e-01 6.93e+11  -1.0 5.08e-01  10.0 5.67e-03 6.45e-05h  1
CasADi - 2026-10-04 13:15:19 MESSAGE("nlp_g::eval") [.../casadi/core/sx_function.cpp:77]
CasADi - 2026-10-04 13:15:19 MESSAGE("nlp_f::eval") [.../casadi/core/sx_function.cpp:77]
CasADi - 2026-10-04 13:15:19 MESSAGE("nlp_grad_f::eval") [.../casadi/core/sx_function.cpp:77]
CasADi - 2026-10-04 13:15:19 MESSAGE("nlp_jac_g::eval") [.../casadi/core/sx_function.cpp:77]
CasADi - 2026-10-04 13:15:19 MESSAGE("nlp_hess_l::eval") [.../casadi/core/sx_function.cpp:77]
 286  1.2331474e+01 3.66e-01 1.18e+12  -1.0 4.59e-01  10.4 1.41e-01 2.12e-03h  1
CasADi - 2026-10-04 13:15:19 MESSAGE("nlp_g::eval") [.../casadi/core/sx_function.cpp:77]
CasADi - 2026-10-04 13:15:19 MESSAGE("nlp_f::eval") [.../casadi/core/sx_function.cpp:77]
CasADi - 2026-10-04 13:15:19 MESSAGE("nlp_grad_f::eval") [.../casadi/core/sx_function.cpp:77]
CasADi - 2026-10-04 13:15:19 MESSAGE("nlp_jac_g::eval") [.../casadi/core/sx_function.cpp:77]
CasADi - 2026-10-04 13:15:19 MESSAGE("nlp_hess_l::eval") [.../casadi/core/sx_function.cpp:77]
 287  1.2329849e+01 3.66e-01 1.18e+12  -1.0 5.25e-01   9.9 1.09e-03 1.36e-03h  1
CasADi - 2026-10-04 13:15:20 MESSAGE("nlp_g::eval") [.../casadi/core/sx_function.cpp:77]
CasADi - 2026-10-04 13:15:20 MESSAGE("nlp_f::eval") [.../casadi/core/sx_function.cpp:77]
CasADi - 2026-10-04 13:15:20 MESSAGE("nlp_grad_f::eval") [.../casadi/core/sx_function.cpp:77]
CasADi - 2026-10-04 13:15:20 MESSAGE("nlp_jac_g::eval") [.../casadi/core/sx_function.cpp:77]
CasADi - 2026-10-04 13:15:20 MESSAGE("nlp_hess_l::eval") [.../casadi/core/sx_function.cpp:77]
 288  1.2329391e+01 3.66e-01 1.18e+12  -1.0 1.25e+00   9.5 7.24e-04 2.96e-04h  1
CasADi - 2026-10-04 13:15:20 MESSAGE("nlp_g::eval") [.../casadi/core/sx_function.cpp:77]
CasADi - 2026-10-04 13:15:20 MESSAGE("nlp_f::eval") [.../casadi/core/sx_function.cpp:77]
CasADi - 2026-10-04 13:15:20 MESSAGE("nlp_grad_f::eval") [.../casadi/core/sx_function.cpp:77]
CasADi - 2026-10-04 13:15:20 MESSAGE("nlp_jac_g::eval") [.../casadi/core/sx_function.cpp:77]
CasADi - 2026-10-04 13:15:20 MESSAGE("nlp_hess_l::eval") [.../casadi/core/sx_function.cpp:77]
 289  1.2329331e+01 3.66e-01 3.47e+12  -1.0 4.36e-01  10.8 2.58e-01 5.40e-05h  1
CasADi - 2026-10-04 13:15:20 MESSAGE("nlp_g::eval") [.../casadi/core/sx_function.cpp:77]
CasADi - 2026-10-04 13:15:20 MESSAGE("nlp_f::eval") [.../casadi/core/sx_function.cpp:77]
CasADi - 2026-10-04 13:15:20 MESSAGE("nlp_grad_f::eval") [.../casadi/core/sx_function.cpp:77]
CasADi - 2026-10-04 13:15:20 MESSAGE("nlp_jac_g::eval") [.../casadi/core/sx_function.cpp:77]
CasADi - 2026-10-04 13:15:20 MESSAGE("nlp_hess_l::eval") [.../casadi/core/sx_function.cpp:77]
iter    objective    inf_pr   inf_du lg(mu)  ||d||  lg(rg) alpha_du alpha_pr  ls
 290  1.2329293e+01 3.66e-01 3.46e+12  -1.0 4.73e-01  10.3 5.97e-02 3.27e-05h  1
CasADi - 2026-10-04 13:15:20 MESSAGE("nlp_g::eval") [.../casadi/core/sx_function.cpp:77]
CasADi - 2026-10-04 13:15:20 MESSAGE("nlp_f::eval") [.../casadi/core/sx_function.cpp:77]
CasADi - 2026-10-04 13:15:20 MESSAGE("nlp_grad_f::eval") [.../casadi/core/sx_function.cpp:77]
CasADi - 2026-10-04 13:15:20 MESSAGE("nlp_jac_g::eval") [.../casadi/core/sx_function.cpp:77]
CasADi - 2026-10-04 13:15:20 MESSAGE("nlp_hess_l::eval") [.../casadi/core/sx_function.cpp:77]
 291  1.2280967e+01 3.50e-01 2.71e+12  -1.0 5.57e-01   9.8 2.89e-01 4.26e-02h  1
CasADi - 2026-10-04 13:15:21 MESSAGE("nlp_g::eval") [.../casadi/core/sx_function.cpp:77]
CasADi - 2026-10-04 13:15:21 MESSAGE("nlp_f::eval") [.../casadi/core/sx_function.cpp:77]
CasADi - 2026-10-04 13:15:21 MESSAGE("nlp_grad_f::eval") [.../casadi/core/sx_function.cpp:77]
CasADi - 2026-10-04 13:15:21 MESSAGE("nlp_jac_g::eval") [.../casadi/core/sx_function.cpp:77]
CasADi - 2026-10-04 13:15:21 MESSAGE("nlp_hess_l::eval") [.../casadi/core/sx_function.cpp:77]
 292  1.2280546e+01 3.50e-01 2.71e+12  -1.0 4.00e-01  10.3 7.82e-02 4.04e-04h  1
CasADi - 2026-10-04 13:15:21 MESSAGE("nlp_g::eval") [.../casadi/core/sx_function.cpp:77]
CasADi - 2026-10-04 13:15:21 MESSAGE("nlp_f::eval") [.../casadi/core/sx_function.cpp:77]
CasADi - 2026-10-04 13:15:21 MESSAGE("nlp_grad_f::eval") [.../casadi/core/sx_function.cpp:77]
CasADi - 2026-10-04 13:15:21 MESSAGE("nlp_jac_g::eval") [.../casadi/core/sx_function.cpp:77]
CasADi - 2026-10-04 13:15:21 MESSAGE("nlp_hess_l::eval") [.../casadi/core/sx_function.cpp:77]
 293  1.2279717e+01 3.50e-01 2.27e+12  -1.0 5.37e-01   9.8 2.30e-01 8.18e-04h  1
CasADi - 2026-10-04 13:15:22 MESSAGE("nlp_g::eval") [.../casadi/core/sx_function.cpp:77]
CasADi - 2026-10-04 13:15:22 MESSAGE("nlp_f::eval") [.../casadi/core/sx_function.cpp:77]
CasADi - 2026-10-04 13:15:22 MESSAGE("nlp_grad_f::eval") [.../casadi/core/sx_function.cpp:77]
CasADi - 2026-10-04 13:15:22 MESSAGE("nlp_jac_g::eval") [.../casadi/core/sx_function.cpp:77]
CasADi - 2026-10-04 13:15:22 MESSAGE("nlp_hess_l::eval") [.../casadi/core/sx_function.cpp:77]
 294  1.2214372e+01 3.26e-01 2.11e+12  -1.0 5.03e-01  10.2 3.02e-02 6.78e-02h  1
CasADi - 2026-10-04 13:15:22 MESSAGE("nlp_g::eval") [.../casadi/core/sx_function.cpp:77]
CasADi - 2026-10-04 13:15:22 MESSAGE("nlp_f::eval") [.../casadi/core/sx_function.cpp:77]
CasADi - 2026-10-04 13:15:22 MESSAGE("nlp_grad_f::eval") [.../casadi/core/sx_function.cpp:77]
CasADi - 2026-10-04 13:15:22 MESSAGE("nlp_jac_g::eval") [.../casadi/core/sx_function.cpp:77]
CasADi - 2026-10-04 13:15:22 MESSAGE("nlp_hess_l::eval") [.../casadi/core/sx_function.cpp:77]
 295  1.2213860e+01 3.26e-01 2.13e+12  -1.0 4.03e-01  10.6 5.04e-03 5.72e-04h  1
CasADi - 2026-10-04 13:15:22 MESSAGE("nlp_g::eval") [.../casadi/core/sx_function.cpp:77]
CasADi - 2026-10-04 13:15:22 MESSAGE("nlp_f::eval") [.../casadi/core/sx_function.cpp:77]
CasADi - 2026-10-04 13:15:22 MESSAGE("nlp_g::eval") [.../casadi/core/sx_function.cpp:77]
CasADi - 2026-10-04 13:15:22 MESSAGE("nlp_f::eval") [.../casadi/core/sx_function.cpp:77]
CasADi - 2026-10-04 13:15:22 MESSAGE("nlp_g::eval") [.../casadi/core/sx_function.cpp:77]
CasADi - 2026-10-04 13:15:22 MESSAGE("nlp_f::eval") [.../casadi/core/sx_function.cpp:77]
CasADi - 2026-10-04 13:15:22 MESSAGE("nlp_g::eval") [.../casadi/core/sx_function.cpp:77]
CasADi - 2026-10-04 13:15:22 MESSAGE("nlp_f::eval") [.../casadi/core/sx_function.cpp:77]
CasADi - 2026-10-04 13:15:22 MESSAGE("nlp_g::eval") [.../casadi/core/sx_function.cpp:77]
CasADi - 2026-10-04 13:15:22 MESSAGE("nlp_f::eval") [.../casadi/core/sx_function.cpp:77]
CasADi - 2026-10-04 13:15:22 MESSAGE("nlp_f::eval") [.../casadi/core/sx_function.cpp:77]
CasADi - 2026-10-04 13:15:22 MESSAGE("nlp_g::eval") [.../casadi/core/sx_function.cpp:77]
CasADi - 2026-10-04 13:15:22 MESSAGE("nlp_grad_f::eval") [.../casadi/core/sx_function.cpp:77]
CasADi - 2026-10-04 13:15:22 MESSAGE("nlp_jac_g::eval") [.../casadi/core/sx_function.cpp:77]
CasADi - 2026-10-04 13:15:22 MESSAGE("nlp_g::eval") [.../casadi/core/sx_function.cpp:77]
CasADi - 2026-10-04 13:15:22 MESSAGE("nlp_jac_g::eval") [.../casadi/core/sx_function.cpp:77]
CasADi - 2026-10-04 13:15:22 MESSAGE("nlp_f::eval") [.../casadi/core/sx_function.cpp:77]
 296r 1.2213860e+01 3.26e-01 1.00e+03  -0.5 0.00e+00  11.1 0.00e+00 3.07e-07R  6
CasADi - 2026-10-04 13:15:22 MESSAGE("nlp_g::eval") [.../casadi/core/sx_function.cpp:77]
CasADi - 2026-10-04 13:15:22 MESSAGE("nlp_f::eval") [.../casadi/core/sx_function.cpp:77]
CasADi - 2026-10-04 13:15:22 MESSAGE("nlp_jac_g::eval") [.../casadi/core/sx_function.cpp:77]
 297r 1.2209173e+01 8.38e-02 1.01e+03  -0.5 3.26e+02    -  5.13e-03 9.91e-04f  1
CasADi - 2026-10-04 13:15:22 MESSAGE("nlp_grad_f::eval") [.../casadi/core/sx_function.cpp:77]
CasADi - 2026-10-04 13:15:22 MESSAGE("nlp_hess_l::eval") [.../casadi/core/sx_function.cpp:77]
CasADi - 2026-10-04 13:15:22 MESSAGE("nlp_g::eval") [.../casadi/core/sx_function.cpp:77]
CasADi - 2026-10-04 13:15:22 MESSAGE("nlp_f::eval") [.../casadi/core/sx_function.cpp:77]
CasADi - 2026-10-04 13:15:22 MESSAGE("nlp_grad_f::eval") [.../casadi/core/sx_function.cpp:77]
CasADi - 2026-10-04 13:15:22 MESSAGE("nlp_jac_g::eval") [.../casadi/core/sx_function.cpp:77]
CasADi - 2026-10-04 13:15:22 MESSAGE("nlp_hess_l::eval") [.../casadi/core/sx_function.cpp:77]
 298  1.2200586e+01 8.42e-02 1.00e+01  -1.0 6.56e+01    -  2.97e-04 2.91e-04f  1
CasADi - 2026-10-04 13:15:22 MESSAGE("nlp_g::eval") [.../casadi/core/sx_function.cpp:77]
CasADi - 2026-10-04 13:15:22 MESSAGE("nlp_f::eval") [.../casadi/core/sx_function.cpp:77]
CasADi - 2026-10-04 13:15:22 MESSAGE("nlp_grad_f::eval") [.../casadi/core/sx_function.cpp:77]
CasADi - 2026-10-04 13:15:22 MESSAGE("nlp_jac_g::eval") [.../casadi/core/sx_function.cpp:77]
CasADi - 2026-10-04 13:15:22 MESSAGE("nlp_hess_l::eval") [.../casadi/core/sx_function.cpp:77]
 299  1.2129999e+01 9.62e-02 2.80e+02  -1.0 8.27e+00    -  2.38e-03 1.10e-02f  1
CasADi - 2026-10-04 13:15:22 MESSAGE("nlp_g::eval") [.../casadi/core/sx_function.cpp:77]
CasADi - 2026-10-04 13:15:22 MESSAGE("nlp_f::eval") [.../casadi/core/sx_function.cpp:77]
CasADi - 2026-10-04 13:15:22 MESSAGE("nlp_grad_f::eval") [.../casadi/core/sx_function.cpp:77]
CasADi - 2026-10-04 13:15:22 MESSAGE("nlp_jac_g::eval") [.../casadi/core/sx_function.cpp:77]
CasADi - 2026-10-04 13:15:22 MESSAGE("nlp_hess_l::eval") [.../casadi/core/sx_function.cpp:77]
iter    objective    inf_pr   inf_du lg(mu)  ||d||  lg(rg) alpha_du alpha_pr  ls
 300  1.2124101e+01 9.34e-02 9.90e+09  -1.0 3.38e-01  10.6 2.31e-01 2.80e-02h  1
CasADi - 2026-10-04 13:15:23 MESSAGE("nlp_g::eval") [.../casadi/core/sx_function.cpp:77]
CasADi - 2026-10-04 13:15:23 MESSAGE("nlp_f::eval") [.../casadi/core/sx_function.cpp:77]
CasADi - 2026-10-04 13:15:23 MESSAGE("nlp_grad_f::eval") [.../casadi/core/sx_function.cpp:77]
CasADi - 2026-10-04 13:15:23 MESSAGE("nlp_jac_g::eval") [.../casadi/core/sx_function.cpp:77]
CasADi - 2026-10-04 13:15:23 MESSAGE("nlp_hess_l::eval") [.../casadi/core/sx_function.cpp:77]
 301  1.2124064e+01 9.34e-02 9.90e+09  -1.0 3.27e-01  11.0 3.69e-02 1.86e-04h  1
CasADi - 2026-10-04 13:15:23 MESSAGE("nlp_g::eval") [.../casadi/core/sx_function.cpp:77]
CasADi - 2026-10-04 13:15:23 MESSAGE("nlp_f::eval") [.../casadi/core/sx_function.cpp:77]
CasADi - 2026-10-04 13:15:23 MESSAGE("nlp_g::eval") [.../casadi/core/sx_function.cpp:77]
CasADi - 2026-10-04 13:15:23 MESSAGE("nlp_f::eval") [.../casadi/core/sx_function.cpp:77]
CasADi - 2026-10-04 13:15:23 MESSAGE("nlp_g::eval") [.../casadi/core/sx_function.cpp:77]
CasADi - 2026-10-04 13:15:23 MESSAGE("nlp_f::eval") [.../casadi/core/sx_function.cpp:77]
CasADi - 2026-10-04 13:15:23 MESSAGE("nlp_f::eval") [.../casadi/core/sx_function.cpp:77]
CasADi - 2026-10-04 13:15:23 MESSAGE("nlp_g::eval") [.../casadi/core/sx_function.cpp:77]
CasADi - 2026-10-04 13:15:23 MESSAGE("nlp_grad_f::eval") [.../casadi/core/sx_function.cpp:77]
CasADi - 2026-10-04 13:15:23 MESSAGE("nlp_jac_g::eval") [.../casadi/core/sx_function.cpp:77]
CasADi - 2026-10-04 13:15:23 MESSAGE("nlp_g::eval") [.../casadi/core/sx_function.cpp:77]
CasADi - 2026-10-04 13:15:23 MESSAGE("nlp_jac_g::eval") [.../casadi/core/sx_function.cpp:77]
CasADi - 2026-10-04 13:15:23 MESSAGE("nlp_f::eval") [.../casadi/core/sx_function.cpp:77]
 302r 1.2124064e+01 9.34e-02 9.99e+02  -1.0 0.00e+00  10.5 0.00e+00 2.64e-07R  4
CasADi - 2026-10-04 13:15:23 MESSAGE("nlp_g::eval") [.../casadi/core/sx_function.cpp:77]
CasADi - 2026-10-04 13:15:23 MESSAGE("nlp_f::eval") [.../casadi/core/sx_function.cpp:77]
CasADi - 2026-10-04 13:15:23 MESSAGE("nlp_jac_g::eval") [.../casadi/core/sx_function.cpp:77]
 303r 1.2126185e+01 2.76e-02 1.01e+03  -1.0 8.72e+01    -  4.23e-03 1.06e-03f  1
CasADi - 2026-10-04 13:15:23 MESSAGE("nlp_grad_f::eval") [.../casadi/core/sx_function.cpp:77]
CasADi - 2026-10-04 13:15:23 MESSAGE("nlp_hess_l::eval") [.../casadi/core/sx_function.cpp:77]
CasADi - 2026-10-04 13:15:23 MESSAGE("nlp_g::eval") [.../casadi/core/sx_function.cpp:77]
CasADi - 2026-10-04 13:15:23 MESSAGE("nlp_f::eval") [.../casadi/core/sx_function.cpp:77]
CasADi - 2026-10-04 13:15:23 MESSAGE("nlp_grad_f::eval") [.../casadi/core/sx_function.cpp:77]
CasADi - 2026-10-04 13:15:23 MESSAGE("nlp_jac_g::eval") [.../casadi/core/sx_function.cpp:77]
CasADi - 2026-10-04 13:15:23 MESSAGE("nlp_hess_l::eval") [.../casadi/core/sx_function.cpp:77]
 304  1.2122754e+01 2.76e-02 7.54e+01  -1.0 5.33e+01    -  2.84e-03 9.79e-04f  1
CasADi - 2026-10-04 13:15:23 MESSAGE("nlp_g::eval") [.../casadi/core/sx_function.cpp:77]
CasADi - 2026-10-04 13:15:23 MESSAGE("nlp_f::eval") [.../casadi/core/sx_function.cpp:77]
CasADi - 2026-10-04 13:15:23 MESSAGE("nlp_grad_f::eval") [.../casadi/core/sx_function.cpp:77]
CasADi - 2026-10-04 13:15:23 MESSAGE("nlp_jac_g::eval") [.../casadi/core/sx_function.cpp:77]
CasADi - 2026-10-04 13:15:23 MESSAGE("nlp_hess_l::eval") [.../casadi/core/sx_function.cpp:77]
 305  1.2092850e+01 2.74e-02 7.97e+02  -1.0 5.05e+00    -  1.21e-01 1.17e-02f  1
CasADi - 2026-10-04 13:15:23 MESSAGE("nlp_g::eval") [.../casadi/core/sx_function.cpp:77]
CasADi - 2026-10-04 13:15:23 MESSAGE("nlp_f::eval") [.../casadi/core/sx_function.cpp:77]
CasADi - 2026-10-04 13:15:23 MESSAGE("nlp_grad_f::eval") [.../casadi/core/sx_function.cpp:77]
CasADi - 2026-10-04 13:15:23 MESSAGE("nlp_jac_g::eval") [.../casadi/core/sx_function.cpp:77]
CasADi - 2026-10-04 13:15:23 MESSAGE("nlp_hess_l::eval") [.../casadi/core/sx_function.cpp:77]
 306  1.1734023e+01 2.77e-01 1.36e+03  -1.0 1.48e+00    -  2.52e-01 2.63e-01f  1
CasADi - 2026-10-04 13:15:23 MESSAGE("nlp_g::eval") [.../casadi/core/sx_function.cpp:77]
CasADi - 2026-10-04 13:15:23 MESSAGE("nlp_f::eval") [.../casadi/core/sx_function.cpp:77]
CasADi - 2026-10-04 13:15:23 MESSAGE("nlp_grad_f::eval") [.../casadi/core/sx_function.cpp:77]
CasADi - 2026-10-04 13:15:23 MESSAGE("nlp_jac_g::eval") [.../casadi/core/sx_function.cpp:77]
CasADi - 2026-10-04 13:15:23 MESSAGE("nlp_hess_l::eval") [.../casadi/core/sx_function.cpp:77]
 307  1.1733175e+01 2.75e-01 7.08e+07  -1.0 2.19e-01  10.1 1.56e-01 7.10e-03h  1
CasADi - 2026-10-04 13:15:23 MESSAGE("nlp_g::eval") [.../casadi/core/sx_function.cpp:77]
CasADi - 2026-10-04 13:15:23 MESSAGE("nlp_f::eval") [.../casadi/core/sx_function.cpp:77]
CasADi - 2026-10-04 13:15:23 MESSAGE("nlp_grad_f::eval") [.../casadi/core/sx_function.cpp:77]
CasADi - 2026-10-04 13:15:23 MESSAGE("nlp_jac_g::eval") [.../casadi/core/sx_function.cpp:77]
CasADi - 2026-10-04 13:15:23 MESSAGE("nlp_hess_l::eval") [.../casadi/core/sx_function.cpp:77]
 308  1.1733167e+01 2.75e-01 7.08e+07  -1.0 2.17e-01   9.6 5.94e-01 7.17e-05h  1
CasADi - 2026-10-04 13:15:23 MESSAGE("nlp_g::eval") [.../casadi/core/sx_function.cpp:77]
CasADi - 2026-10-04 13:15:23 MESSAGE("nlp_f::eval") [.../casadi/core/sx_function.cpp:77]
CasADi - 2026-10-04 13:15:23 MESSAGE("nlp_grad_f::eval") [.../casadi/core/sx_function.cpp:77]
CasADi - 2026-10-04 13:15:23 MESSAGE("nlp_jac_g::eval") [.../casadi/core/sx_function.cpp:77]
CasADi - 2026-10-04 13:15:23 MESSAGE("nlp_hess_l::eval") [.../casadi/core/sx_function.cpp:77]
 309  1.1732185e+01 2.73e-01 7.57e+07  -1.0 2.16e-01   9.1 1.52e-01 8.23e-03h  1
CasADi - 2026-10-04 13:15:23 MESSAGE("nlp_g::eval") [.../casadi/core/sx_function.cpp:77]
CasADi - 2026-10-04 13:15:23 MESSAGE("nlp_f::eval") [.../casadi/core/sx_function.cpp:77]
CasADi - 2026-10-04 13:15:23 MESSAGE("nlp_grad_f::eval") [.../casadi/core/sx_function.cpp:77]
CasADi - 2026-10-04 13:15:23 MESSAGE("nlp_jac_g::eval") [.../casadi/core/sx_function.cpp:77]
CasADi - 2026-10-04 13:15:23 MESSAGE("nlp_hess_l::eval") [.../casadi/core/sx_function.cpp:77]
iter    objective    inf_pr   inf_du lg(mu)  ||d||  lg(rg) alpha_du alpha_pr  ls
 310  1.1731684e+01 2.71e-01 7.56e+07  -1.0 2.11e-01   8.6 1.16e-01 6.53e-03h  1
CasADi - 2026-10-04 13:15:23 MESSAGE("nlp_g::eval") [.../casadi/core/sx_function.cpp:77]
CasADi - 2026-10-04 13:15:23 MESSAGE("nlp_f::eval") [.../casadi/core/sx_function.cpp:77]
CasADi - 2026-10-04 13:15:23 MESSAGE("nlp_grad_f::eval") [.../casadi/core/sx_function.cpp:77]
CasADi - 2026-10-04 13:15:23 MESSAGE("nlp_jac_g::eval") [.../casadi/core/sx_function.cpp:77]
CasADi - 2026-10-04 13:15:23 MESSAGE("nlp_hess_l::eval") [.../casadi/core/sx_function.cpp:77]
 311  1.1731574e+01 2.71e-01 1.31e+09  -1.0 2.12e-01   9.1 1.92e-01 9.00e-04h  1
CasADi - 2026-10-04 13:15:23 MESSAGE("nlp_g::eval") [.../casadi/core/sx_function.cpp:77]
CasADi - 2026-10-04 13:15:23 MESSAGE("nlp_f::eval") [.../casadi/core/sx_function.cpp:77]
CasADi - 2026-10-04 13:15:23 MESSAGE("nlp_grad_f::eval") [.../casadi/core/sx_function.cpp:77]
CasADi - 2026-10-04 13:15:23 MESSAGE("nlp_jac_g::eval") [.../casadi/core/sx_function.cpp:77]
CasADi - 2026-10-04 13:15:23 MESSAGE("nlp_hess_l::eval") [.../casadi/core/sx_function.cpp:77]
 312  1.1726214e+01 2.60e-01 1.56e+10  -1.0 2.13e-01   9.5 7.09e-01 4.27e-02h  1
CasADi - 2026-10-04 13:15:23 MESSAGE("nlp_g::eval") [.../casadi/core/sx_function.cpp:77]
CasADi - 2026-10-04 13:15:23 MESSAGE("nlp_f::eval") [.../casadi/core/sx_function.cpp:77]
CasADi - 2026-10-04 13:15:23 MESSAGE("nlp_grad_f::eval") [.../casadi/core/sx_function.cpp:77]
CasADi - 2026-10-04 13:15:23 MESSAGE("nlp_jac_g::eval") [.../casadi/core/sx_function.cpp:77]
CasADi - 2026-10-04 13:15:23 MESSAGE("nlp_hess_l::eval") [.../casadi/core/sx_function.cpp:77]
 313  1.1725990e+01 2.59e-01 1.40e+10  -1.0 1.99e-01   9.0 1.49e-01 2.08e-03h  1
CasADi - 2026-10-04 13:15:24 MESSAGE("nlp_g::eval") [.../casadi/core/sx_function.cpp:77]
CasADi - 2026-10-04 13:15:24 MESSAGE("nlp_f::eval") [.../casadi/core/sx_function.cpp:77]
CasADi - 2026-10-04 13:15:24 MESSAGE("nlp_grad_f::eval") [.../casadi/core/sx_function.cpp:77]
CasADi - 2026-10-04 13:15:24 MESSAGE("nlp_jac_g::eval") [.../casadi/core/sx_function.cpp:77]
CasADi - 2026-10-04 13:15:24 MESSAGE("nlp_hess_l::eval") [.../casadi/core/sx_function.cpp:77]
 314  1.1721478e+01 2.51e-01 1.45e+10  -1.0 2.01e-01   9.4 2.22e-01 3.41e-02h  1
CasADi - 2026-10-04 13:15:24 MESSAGE("nlp_g::eval") [.../casadi/core/sx_function.cpp:77]
CasADi - 2026-10-04 13:15:24 MESSAGE("nlp_f::eval") [.../casadi/core/sx_function.cpp:77]
CasADi - 2026-10-04 13:15:24 MESSAGE("nlp_grad_f::eval") [.../casadi/core/sx_function.cpp:77]
CasADi - 2026-10-04 13:15:24 MESSAGE("nlp_jac_g::eval") [.../casadi/core/sx_function.cpp:77]
CasADi - 2026-10-04 13:15:24 MESSAGE("nlp_hess_l::eval") [.../casadi/core/sx_function.cpp:77]
 315  1.1721425e+01 2.50e-01 2.77e+10  -1.0 1.94e-01   9.9 3.97e-01 3.97e-04h  1
CasADi - 2026-10-04 13:15:24 MESSAGE("nlp_g::eval") [.../casadi/core/sx_function.cpp:77]
CasADi - 2026-10-04 13:15:24 MESSAGE("nlp_f::eval") [.../casadi/core/sx_function.cpp:77]
CasADi - 2026-10-04 13:15:24 MESSAGE("nlp_grad_f::eval") [.../casadi/core/sx_function.cpp:77]
CasADi - 2026-10-04 13:15:24 MESSAGE("nlp_jac_g::eval") [.../casadi/core/sx_function.cpp:77]
CasADi - 2026-10-04 13:15:24 MESSAGE("nlp_hess_l::eval") [.../casadi/core/sx_function.cpp:77]
 316  1.1718332e+01 2.45e-01 2.45e+10  -1.0 1.93e-01   9.4 2.32e-01 2.29e-02h  1
CasADi - 2026-10-04 13:15:24 MESSAGE("nlp_g::eval") [.../casadi/core/sx_function.cpp:77]
CasADi - 2026-10-04 13:15:24 MESSAGE("nlp_f::eval") [.../casadi/core/sx_function.cpp:77]
CasADi - 2026-10-04 13:15:24 MESSAGE("nlp_grad_f::eval") [.../casadi/core/sx_function.cpp:77]
CasADi - 2026-10-04 13:15:24 MESSAGE("nlp_jac_g::eval") [.../casadi/core/sx_function.cpp:77]
CasADi - 2026-10-04 13:15:24 MESSAGE("nlp_hess_l::eval") [.../casadi/core/sx_function.cpp:77]
 317  1.1716894e+01 2.42e-01 2.63e+11  -1.0 1.89e-01   9.8 9.97e-01 1.03e-02h  1
CasADi - 2026-10-04 13:15:24 MESSAGE("nlp_g::eval") [.../casadi/core/sx_function.cpp:77]
CasADi - 2026-10-04 13:15:24 MESSAGE("nlp_f::eval") [.../casadi/core/sx_function.cpp:77]
CasADi - 2026-10-04 13:15:24 MESSAGE("nlp_g::eval") [.../casadi/core/sx_function.cpp:77]
CasADi - 2026-10-04 13:15:24 MESSAGE("nlp_f::eval") [.../casadi/core/sx_function.cpp:77]
CasADi - 2026-10-04 13:15:24 MESSAGE("nlp_g::eval") [.../casadi/core/sx_function.cpp:77]
CasADi - 2026-10-04 13:15:24 MESSAGE("nlp_f::eval") [.../casadi/core/sx_function.cpp:77]
CasADi - 2026-10-04 13:15:24 MESSAGE("nlp_grad_f::eval") [.../casadi/core/sx_function.cpp:77]
CasADi - 2026-10-04 13:15:24 MESSAGE("nlp_jac_g::eval") [.../casadi/core/sx_function.cpp:77]
CasADi - 2026-10-04 13:15:24 MESSAGE("nlp_hess_l::eval") [.../casadi/core/sx_function.cpp:77]
 318  1.1716711e+01 2.42e-01 2.25e+11  -1.0 1.85e-01   9.3 2.35e-01 1.13e-03h  3
CasADi - 2026-10-04 13:15:24 MESSAGE("nlp_g::eval") [.../casadi/core/sx_function.cpp:77]
CasADi - 2026-10-04 13:15:24 MESSAGE("nlp_f::eval") [.../casadi/core/sx_function.cpp:77]
CasADi - 2026-10-04 13:15:24 MESSAGE("nlp_g::eval") [.../casadi/core/sx_function.cpp:77]
CasADi - 2026-10-04 13:15:24 MESSAGE("nlp_f::eval") [.../casadi/core/sx_function.cpp:77]
CasADi - 2026-10-04 13:15:24 MESSAGE("nlp_g::eval") [.../casadi/core/sx_function.cpp:77]
CasADi - 2026-10-04 13:15:24 MESSAGE("nlp_f::eval") [.../casadi/core/sx_function.cpp:77]
CasADi - 2026-10-04 13:15:24 MESSAGE("nlp_g::eval") [.../casadi/core/sx_function.cpp:77]
CasADi - 2026-10-04 13:15:24 MESSAGE("nlp_f::eval") [.../casadi/core/sx_function.cpp:77]
CasADi - 2026-10-04 13:15:24 MESSAGE("nlp_g::eval") [.../casadi/core/sx_function.cpp:77]
CasADi - 2026-10-04 13:15:24 MESSAGE("nlp_f::eval") [.../casadi/core/sx_function.cpp:77]
CasADi - 2026-10-04 13:15:24 MESSAGE("nlp_g::eval") [.../casadi/core/sx_function.cpp:77]
CasADi - 2026-10-04 13:15:24 MESSAGE("nlp_f::eval") [.../casadi/core/sx_function.cpp:77]
CasADi - 2026-10-04 13:15:24 MESSAGE("nlp_g::eval") [.../casadi/core/sx_function.cpp:77]
CasADi - 2026-10-04 13:15:24 MESSAGE("nlp_f::eval") [.../casadi/core/sx_function.cpp:77]
CasADi - 2026-10-04 13:15:24 MESSAGE("nlp_g::eval") [.../casadi/core/sx_function.cpp:77]
CasADi - 2026-10-04 13:15:24 MESSAGE("nlp_f::eval") [.../casadi/core/sx_function.cpp:77]
CasADi - 2026-10-04 13:15:24 MESSAGE("nlp_g::eval") [.../casadi/core/sx_function.cpp:77]
CasADi - 2026-10-04 13:15:24 MESSAGE("nlp_f::eval") [.../casadi/core/sx_function.cpp:77]
CasADi - 2026-10-04 13:15:24 MESSAGE("nlp_g::eval") [.../casadi/core/sx_function.cpp:77]
CasADi - 2026-10-04 13:15:24 MESSAGE("nlp_f::eval") [.../casadi/core/sx_function.cpp:77]
CasADi - 2026-10-04 13:15:24 MESSAGE("nlp_grad_f::eval") [.../casadi/core/sx_function.cpp:77]
CasADi - 2026-10-04 13:15:24 MESSAGE("nlp_jac_g::eval") [.../casadi/core/sx_function.cpp:77]
CasADi - 2026-10-04 13:15:24 MESSAGE("nlp_hess_l::eval") [.../casadi/core/sx_function.cpp:77]
 319  1.1716695e+01 2.42e-01 2.56e+11  -1.0 1.86e-01   9.8 5.94e-01 9.06e-05h 10
CasADi - 2026-10-04 13:15:24 MESSAGE("nlp_g::eval") [.../casadi/core/sx_function.cpp:77]
CasADi - 2026-10-04 13:15:24 MESSAGE("nlp_f::eval") [.../casadi/core/sx_function.cpp:77]
CasADi - 2026-10-04 13:15:24 MESSAGE("nlp_g::eval") [.../casadi/core/sx_function.cpp:77]
CasADi - 2026-10-04 13:15:24 MESSAGE("nlp_f::eval") [.../casadi/core/sx_function.cpp:77]
CasADi - 2026-10-04 13:15:24 MESSAGE("nlp_g::eval") [.../casadi/core/sx_function.cpp:77]
CasADi - 2026-10-04 13:15:24 MESSAGE("nlp_f::eval") [.../casadi/core/sx_function.cpp:77]
CasADi - 2026-10-04 13:15:24 MESSAGE("nlp_g::eval") [.../casadi/core/sx_function.cpp:77]
CasADi - 2026-10-04 13:15:24 MESSAGE("nlp_f::eval") [.../casadi/core/sx_function.cpp:77]
CasADi - 2026-10-04 13:15:24 MESSAGE("nlp_g::eval") [.../casadi/core/sx_function.cpp:77]
CasADi - 2026-10-04 13:15:25 MESSAGE("nlp_f::eval") [.../casadi/core/sx_function.cpp:77]
CasADi - 2026-10-04 13:15:25 MESSAGE("nlp_g::eval") [.../casadi/core/sx_function.cpp:77]
CasADi - 2026-10-04 13:15:25 MESSAGE("nlp_f::eval") [.../casadi/core/sx_function.cpp:77]
CasADi - 2026-10-04 13:15:25 MESSAGE("nlp_g::eval") [.../casadi/core/sx_function.cpp:77]
CasADi - 2026-10-04 13:15:25 MESSAGE("nlp_f::eval") [.../casadi/core/sx_function.cpp:77]
CasADi - 2026-10-04 13:15:25 MESSAGE("nlp_g::eval") [.../casadi/core/sx_function.cpp:77]
CasADi - 2026-10-04 13:15:25 MESSAGE("nlp_f::eval") [.../casadi/core/sx_function.cpp:77]
CasADi - 2026-10-04 13:15:25 MESSAGE("nlp_g::eval") [.../casadi/core/sx_function.cpp:77]
CasADi - 2026-10-04 13:15:25 MESSAGE("nlp_f::eval") [.../casadi/core/sx_function.cpp:77]
CasADi - 2026-10-04 13:15:25 MESSAGE("nlp_g::eval") [.../casadi/core/sx_function.cpp:77]
CasADi - 2026-10-04 13:15:25 MESSAGE("nlp_f::eval") [.../casadi/core/sx_function.cpp:77]
CasADi - 2026-10-04 13:15:25 MESSAGE("nlp_g::eval") [.../casadi/core/sx_function.cpp:77]
CasADi - 2026-10-04 13:15:25 MESSAGE("nlp_f::eval") [.../casadi/core/sx_function.cpp:77]
CasADi - 2026-10-04 13:15:25 MESSAGE("nlp_grad_f::eval") [.../casadi/core/sx_function.cpp:77]
CasADi - 2026-10-04 13:15:25 MESSAGE("nlp_jac_g::eval") [.../casadi/core/sx_function.cpp:77]
CasADi - 2026-10-04 13:15:25 MESSAGE("nlp_hess_l::eval") [.../casadi/core/sx_function.cpp:77]
iter    objective    inf_pr   inf_du lg(mu)  ||d||  lg(rg) alpha_du alpha_pr  ls
 320  1.1716682e+01 2.42e-01 2.29e+11  -1.0 1.84e-01   9.3 1.67e-01 6.68e-05h 11
CasADi - 2026-10-04 13:15:25 MESSAGE("nlp_g::eval") [.../casadi/core/sx_function.cpp:77]
CasADi - 2026-10-04 13:15:25 MESSAGE("nlp_f::eval") [.../casadi/core/sx_function.cpp:77]
CasADi - 2026-10-04 13:15:25 MESSAGE("nlp_g::eval") [.../casadi/core/sx_function.cpp:77]
CasADi - 2026-10-04 13:15:25 MESSAGE("nlp_f::eval") [.../casadi/core/sx_function.cpp:77]
CasADi - 2026-10-04 13:15:25 MESSAGE("nlp_g::eval") [.../casadi/core/sx_function.cpp:77]
CasADi - 2026-10-04 13:15:25 MESSAGE("nlp_f::eval") [.../casadi/core/sx_function.cpp:77]
CasADi - 2026-10-04 13:15:25 MESSAGE("nlp_g::eval") [.../casadi/core/sx_function.cpp:77]
CasADi - 2026-10-04 13:15:25 MESSAGE("nlp_f::eval") [.../casadi/core/sx_function.cpp:77]
CasADi - 2026-10-04 13:15:25 MESSAGE("nlp_g::eval") [.../casadi/core/sx_function.cpp:77]
CasADi - 2026-10-04 13:15:25 MESSAGE("nlp_f::eval") [.../casadi/core/sx_function.cpp:77]
CasADi - 2026-10-04 13:15:25 MESSAGE("nlp_g::eval") [.../casadi/core/sx_function.cpp:77]
CasADi - 2026-10-04 13:15:25 MESSAGE("nlp_f::eval") [.../casadi/core/sx_function.cpp:77]
CasADi - 2026-10-04 13:15:25 MESSAGE("nlp_g::eval") [.../casadi/core/sx_function.cpp:77]
CasADi - 2026-10-04 13:15:25 MESSAGE("nlp_f::eval") [.../casadi/core/sx_function.cpp:77]
CasADi - 2026-10-04 13:15:25 MESSAGE("nlp_g::eval") [.../casadi/core/sx_function.cpp:77]
CasADi - 2026-10-04 13:15:25 MESSAGE("nlp_f::eval") [.../casadi/core/sx_function.cpp:77]
CasADi - 2026-10-04 13:15:25 MESSAGE("nlp_g::eval") [.../casadi/core/sx_function.cpp:77]
CasADi - 2026-10-04 13:15:25 MESSAGE("nlp_f::eval") [.../casadi/core/sx_function.cpp:77]
CasADi - 2026-10-04 13:15:25 MESSAGE("nlp_g::eval") [.../casadi/core/sx_function.cpp:77]
CasADi - 2026-10-04 13:15:25 MESSAGE("nlp_f::eval") [.../casadi/core/sx_function.cpp:77]
CasADi - 2026-10-04 13:15:25 MESSAGE("nlp_g::eval") [.../casadi/core/sx_function.cpp:77]
CasADi - 2026-10-04 13:15:25 MESSAGE("nlp_f::eval") [.../casadi/core/sx_function.cpp:77]
CasADi - 2026-10-04 13:15:25 MESSAGE("nlp_g::eval") [.../casadi/core/sx_function.cpp:77]
CasADi - 2026-10-04 13:15:25 MESSAGE("nlp_f::eval") [.../casadi/core/sx_function.cpp:77]
CasADi - 2026-10-04 13:15:25 MESSAGE("nlp_g::eval") [.../casadi/core/sx_function.cpp:77]
CasADi - 2026-10-04 13:15:25 MESSAGE("nlp_f::eval") [.../casadi/core/sx_function.cpp:77]
CasADi - 2026-10-04 13:15:25 MESSAGE("nlp_g::eval") [.../casadi/core/sx_function.cpp:77]
CasADi - 2026-10-04 13:15:25 MESSAGE("nlp_f::eval") [.../casadi/core/sx_function.cpp:77]
CasADi - 2026-10-04 13:15:25 MESSAGE("nlp_g::eval") [.../casadi/core/sx_function.cpp:77]
CasADi - 2026-10-04 13:15:25 MESSAGE("nlp_f::eval") [.../casadi/core/sx_function.cpp:77]
CasADi - 2026-10-04 13:15:25 MESSAGE("nlp_g::eval") [.../casadi/core/sx_function.cpp:77]
CasADi - 2026-10-04 13:15:25 MESSAGE("nlp_f::eval") [.../casadi/core/sx_function.cpp:77]
CasADi - 2026-10-04 13:15:25 MESSAGE("nlp_g::eval") [.../casadi/core/sx_function.cpp:77]
CasADi - 2026-10-04 13:15:25 MESSAGE("nlp_f::eval") [.../casadi/core/sx_function.cpp:77]
CasADi - 2026-10-04 13:15:25 MESSAGE("nlp_g::eval") [.../casadi/core/sx_function.cpp:77]
CasADi - 2026-10-04 13:15:25 MESSAGE("nlp_f::eval") [.../casadi/core/sx_function.cpp:77]
CasADi - 2026-10-04 13:15:25 MESSAGE("nlp_f::eval") [.../casadi/core/sx_function.cpp:77]
CasADi - 2026-10-04 13:15:25 MESSAGE("nlp_g::eval") [.../casadi/core/sx_function.cpp:77]
CasADi - 2026-10-04 13:15:25 MESSAGE("nlp_grad_f::eval") [.../casadi/core/sx_function.cpp:77]
CasADi - 2026-10-04 13:15:25 MESSAGE("nlp_jac_g::eval") [.../casadi/core/sx_function.cpp:77]
CasADi - 2026-10-04 13:15:25 MESSAGE("nlp_g::eval") [.../casadi/core/sx_function.cpp:77]
CasADi - 2026-10-04 13:15:25 MESSAGE("nlp_jac_g::eval") [.../casadi/core/sx_function.cpp:77]
CasADi - 2026-10-04 13:15:25 MESSAGE("nlp_f::eval") [.../casadi/core/sx_function.cpp:77]
 321r 1.1716682e+01 2.42e-01 1.00e+03  -0.6 0.00e+00   9.7 0.00e+00 2.80e-07R 19
CasADi - 2026-10-04 13:15:25 MESSAGE("nlp_g::eval") [.../casadi/core/sx_function.cpp:77]
CasADi - 2026-10-04 13:15:25 MESSAGE("nlp_f::eval") [.../casadi/core/sx_function.cpp:77]
CasADi - 2026-10-04 13:15:25 MESSAGE("nlp_jac_g::eval") [.../casadi/core/sx_function.cpp:77]
 322r 1.1711829e+01 6.14e-02 1.07e+03  -0.6 2.42e+02    -  7.79e-03 9.91e-04f  1
CasADi - 2026-10-04 13:15:25 MESSAGE("nlp_grad_f::eval") [.../casadi/core/sx_function.cpp:77]
CasADi - 2026-10-04 13:15:25 MESSAGE("nlp_hess_l::eval") [.../casadi/core/sx_function.cpp:77]
CasADi - 2026-10-04 13:15:25 MESSAGE("nlp_g::eval") [.../casadi/core/sx_function.cpp:77]
CasADi - 2026-10-04 13:15:25 MESSAGE("nlp_f::eval") [.../casadi/core/sx_function.cpp:77]
CasADi - 2026-10-04 13:15:25 MESSAGE("nlp_grad_f::eval") [.../casadi/core/sx_function.cpp:77]
CasADi - 2026-10-04 13:15:25 MESSAGE("nlp_jac_g::eval") [.../casadi/core/sx_function.cpp:77]
CasADi - 2026-10-04 13:15:25 MESSAGE("nlp_hess_l::eval") [.../casadi/core/sx_function.cpp:77]
 323  1.1705131e+01 6.13e-02 1.18e+02  -1.0 3.47e+01    -  3.99e-03 1.49e-03f  1
CasADi - 2026-10-04 13:15:25 MESSAGE("nlp_g::eval") [.../casadi/core/sx_function.cpp:77]
CasADi - 2026-10-04 13:15:25 MESSAGE("nlp_f::eval") [.../casadi/core/sx_function.cpp:77]
CasADi - 2026-10-04 13:15:25 MESSAGE("nlp_grad_f::eval") [.../casadi/core/sx_function.cpp:77]
CasADi - 2026-10-04 13:15:25 MESSAGE("nlp_jac_g::eval") [.../casadi/core/sx_function.cpp:77]
CasADi - 2026-10-04 13:15:25 MESSAGE("nlp_hess_l::eval") [.../casadi/core/sx_function.cpp:77]
 324  1.1658402e+01 6.15e-02 9.17e+02  -1.0 5.70e+00    -  1.32e-01 2.05e-02f  1
CasADi - 2026-10-04 13:15:25 MESSAGE("nlp_g::eval") [.../casadi/core/sx_function.cpp:77]
CasADi - 2026-10-04 13:15:25 MESSAGE("nlp_f::eval") [.../casadi/core/sx_function.cpp:77]
CasADi - 2026-10-04 13:15:25 MESSAGE("nlp_grad_f::eval") [.../casadi/core/sx_function.cpp:77]
CasADi - 2026-10-04 13:15:25 MESSAGE("nlp_jac_g::eval") [.../casadi/core/sx_function.cpp:77]
CasADi - 2026-10-04 13:15:25 MESSAGE("nlp_hess_l::eval") [.../casadi/core/sx_function.cpp:77]
 325  1.1645793e+01 6.06e-02 9.00e+02  -1.0 2.32e+00    -  1.87e-02 1.98e-02f  1
CasADi - 2026-10-04 13:15:25 MESSAGE("nlp_g::eval") [.../casadi/core/sx_function.cpp:77]
CasADi - 2026-10-04 13:15:25 MESSAGE("nlp_f::eval") [.../casadi/core/sx_function.cpp:77]
CasADi - 2026-10-04 13:15:25 MESSAGE("nlp_grad_f::eval") [.../casadi/core/sx_function.cpp:77]
CasADi - 2026-10-04 13:15:25 MESSAGE("nlp_jac_g::eval") [.../casadi/core/sx_function.cpp:77]
CasADi - 2026-10-04 13:15:25 MESSAGE("nlp_hess_l::eval") [.../casadi/core/sx_function.cpp:77]
 326  1.1424220e+01 1.30e-01 2.27e+03  -1.0 1.24e+00    -  5.43e-01 1.89e-01f  1
CasADi - 2026-10-04 13:15:25 MESSAGE("nlp_g::eval") [.../casadi/core/sx_function.cpp:77]
CasADi - 2026-10-04 13:15:25 MESSAGE("nlp_f::eval") [.../casadi/core/sx_function.cpp:77]
CasADi - 2026-10-04 13:15:25 MESSAGE("nlp_grad_f::eval") [.../casadi/core/sx_function.cpp:77]
CasADi - 2026-10-04 13:15:25 MESSAGE("nlp_jac_g::eval") [.../casadi/core/sx_function.cpp:77]
CasADi - 2026-10-04 13:15:25 MESSAGE("nlp_hess_l::eval") [.../casadi/core/sx_function.cpp:77]
 327  1.1424035e+01 1.30e-01 4.23e+05  -1.0 1.33e-01   9.2 2.05e-01 1.88e-03h  1
CasADi - 2026-10-04 13:15:25 MESSAGE("nlp_g::eval") [.../casadi/core/sx_function.cpp:77]
CasADi - 2026-10-04 13:15:25 MESSAGE("nlp_f::eval") [.../casadi/core/sx_function.cpp:77]
CasADi - 2026-10-04 13:15:25 MESSAGE("nlp_grad_f::eval") [.../casadi/core/sx_function.cpp:77]
CasADi - 2026-10-04 13:15:25 MESSAGE("nlp_jac_g::eval") [.../casadi/core/sx_function.cpp:77]
CasADi - 2026-10-04 13:15:25 MESSAGE("nlp_hess_l::eval") [.../casadi/core/sx_function.cpp:77]
 328  1.1424032e+01 1.30e-01 7.86e+08  -1.0 1.33e-01   8.7 4.03e-01 2.36e-05h  1
CasADi - 2026-10-04 13:15:25 MESSAGE("nlp_g::eval") [.../casadi/core/sx_function.cpp:77]
CasADi - 2026-10-04 13:15:25 MESSAGE("nlp_f::eval") [.../casadi/core/sx_function.cpp:77]
CasADi - 2026-10-04 13:15:25 MESSAGE("nlp_grad_f::eval") [.../casadi/core/sx_function.cpp:77]
CasADi - 2026-10-04 13:15:25 MESSAGE("nlp_jac_g::eval") [.../casadi/core/sx_function.cpp:77]
CasADi - 2026-10-04 13:15:25 MESSAGE("nlp_hess_l::eval") [.../casadi/core/sx_function.cpp:77]
 329  1.1417424e+01 1.23e-01 1.51e+09  -1.0 1.33e-01   8.3 3.92e-01 5.62e-02h  1
CasADi - 2026-10-04 13:15:25 MESSAGE("nlp_g::eval") [.../casadi/core/sx_function.cpp:77]
CasADi - 2026-10-04 13:15:25 MESSAGE("nlp_f::eval") [.../casadi/core/sx_function.cpp:77]
CasADi - 2026-10-04 13:15:25 MESSAGE("nlp_grad_f::eval") [.../casadi/core/sx_function.cpp:77]
CasADi - 2026-10-04 13:15:25 MESSAGE("nlp_jac_g::eval") [.../casadi/core/sx_function.cpp:77]
CasADi - 2026-10-04 13:15:25 MESSAGE("nlp_hess_l::eval") [.../casadi/core/sx_function.cpp:77]
iter    objective    inf_pr   inf_du lg(mu)  ||d||  lg(rg) alpha_du alpha_pr  ls
 330  1.1417337e+01 1.23e-01 1.29e+09  -1.0 1.22e-01   7.8 2.62e-01 7.48e-04h  1
CasADi - 2026-10-04 13:15:25 MESSAGE("nlp_g::eval") [.../casadi/core/sx_function.cpp:77]
CasADi - 2026-10-04 13:15:25 MESSAGE("nlp_f::eval") [.../casadi/core/sx_function.cpp:77]
CasADi - 2026-10-04 13:15:25 MESSAGE("nlp_grad_f::eval") [.../casadi/core/sx_function.cpp:77]
CasADi - 2026-10-04 13:15:25 MESSAGE("nlp_jac_g::eval") [.../casadi/core/sx_function.cpp:77]
CasADi - 2026-10-04 13:15:25 MESSAGE("nlp_hess_l::eval") [.../casadi/core/sx_function.cpp:77]
 331  1.1409280e+01 1.15e-01 1.92e+09  -1.0 1.23e-01   8.2 6.97e-01 6.63e-02h  1
CasADi - 2026-10-04 13:15:25 MESSAGE("nlp_g::eval") [.../casadi/core/sx_function.cpp:77]
CasADi - 2026-10-04 13:15:25 MESSAGE("nlp_f::eval") [.../casadi/core/sx_function.cpp:77]
CasADi - 2026-10-04 13:15:25 MESSAGE("nlp_grad_f::eval") [.../casadi/core/sx_function.cpp:77]
CasADi - 2026-10-04 13:15:25 MESSAGE("nlp_jac_g::eval") [.../casadi/core/sx_function.cpp:77]
CasADi - 2026-10-04 13:15:25 MESSAGE("nlp_hess_l::eval") [.../casadi/core/sx_function.cpp:77]
 332  1.1408115e+01 1.14e-01 2.41e+09  -1.0 1.14e-01   8.6 1.55e-01 1.08e-02h  1
CasADi - 2026-10-04 13:15:25 MESSAGE("nlp_g::eval") [.../casadi/core/sx_function.cpp:77]
CasADi - 2026-10-04 13:15:25 MESSAGE("nlp_f::eval") [.../casadi/core/sx_function.cpp:77]
CasADi - 2026-10-04 13:15:25 MESSAGE("nlp_grad_f::eval") [.../casadi/core/sx_function.cpp:77]
CasADi - 2026-10-04 13:15:25 MESSAGE("nlp_jac_g::eval") [.../casadi/core/sx_function.cpp:77]
CasADi - 2026-10-04 13:15:25 MESSAGE("nlp_hess_l::eval") [.../casadi/core/sx_function.cpp:77]
 333  1.1407593e+01 1.13e-01 1.92e+09  -1.0 1.11e-01   8.2 8.00e-01 4.02e-03h  1
CasADi - 2026-10-04 13:15:25 MESSAGE("nlp_g::eval") [.../casadi/core/sx_function.cpp:77]
CasADi - 2026-10-04 13:15:25 MESSAGE("nlp_f::eval") [.../casadi/core/sx_function.cpp:77]
CasADi - 2026-10-04 13:15:25 MESSAGE("nlp_grad_f::eval") [.../casadi/core/sx_function.cpp:77]
CasADi - 2026-10-04 13:15:25 MESSAGE("nlp_jac_g::eval") [.../casadi/core/sx_function.cpp:77]
CasADi - 2026-10-04 13:15:25 MESSAGE("nlp_hess_l::eval") [.../casadi/core/sx_function.cpp:77]
 334  1.1392846e+01 1.01e-01 4.54e+09  -1.0 1.12e-01   8.6 7.84e-01 1.08e-01h  1
CasADi - 2026-10-04 13:15:25 MESSAGE("nlp_g::eval") [.../casadi/core/sx_function.cpp:77]
CasADi - 2026-10-04 13:15:25 MESSAGE("nlp_f::eval") [.../casadi/core/sx_function.cpp:77]
CasADi - 2026-10-04 13:15:25 MESSAGE("nlp_grad_f::eval") [.../casadi/core/sx_function.cpp:77]
CasADi - 2026-10-04 13:15:25 MESSAGE("nlp_jac_g::eval") [.../casadi/core/sx_function.cpp:77]
CasADi - 2026-10-04 13:15:25 MESSAGE("nlp_hess_l::eval") [.../casadi/core/sx_function.cpp:77]
 335  1.1392655e+01 1.01e-01 6.09e+09  -1.0 9.78e-02   9.0 1.96e-01 1.60e-03h  1
CasADi - 2026-10-04 13:15:25 MESSAGE("nlp_g::eval") [.../casadi/core/sx_function.cpp:77]
CasADi - 2026-10-04 13:15:25 MESSAGE("nlp_f::eval") [.../casadi/core/sx_function.cpp:77]
CasADi - 2026-10-04 13:15:25 MESSAGE("nlp_grad_f::eval") [.../casadi/core/sx_function.cpp:77]
CasADi - 2026-10-04 13:15:25 MESSAGE("nlp_jac_g::eval") [.../casadi/core/sx_function.cpp:77]
CasADi - 2026-10-04 13:15:25 MESSAGE("nlp_hess_l::eval") [.../casadi/core/sx_function.cpp:77]
 336  1.1389893e+01 9.87e-02 4.92e+09  -1.0 9.68e-02   8.5 4.50e-01 2.20e-02h  1
CasADi - 2026-10-04 13:15:25 MESSAGE("nlp_g::eval") [.../casadi/core/sx_function.cpp:77]
CasADi - 2026-10-04 13:15:25 MESSAGE("nlp_f::eval") [.../casadi/core/sx_function.cpp:77]
CasADi - 2026-10-04 13:15:25 MESSAGE("nlp_grad_f::eval") [.../casadi/core/sx_function.cpp:77]
CasADi - 2026-10-04 13:15:25 MESSAGE("nlp_jac_g::eval") [.../casadi/core/sx_function.cpp:77]
CasADi - 2026-10-04 13:15:25 MESSAGE("nlp_hess_l::eval") [.../casadi/core/sx_function.cpp:77]
 337  1.1384146e+01 9.42e-02 2.03e+10  -1.0 9.51e-02   9.0 8.70e-01 4.64e-02h  1
CasADi - 2026-10-04 13:15:26 MESSAGE("nlp_g::eval") [.../casadi/core/sx_function.cpp:77]
CasADi - 2026-10-04 13:15:26 MESSAGE("nlp_f::eval") [.../casadi/core/sx_function.cpp:77]
CasADi - 2026-10-04 13:15:26 MESSAGE("nlp_grad_f::eval") [.../casadi/core/sx_function.cpp:77]
CasADi - 2026-10-04 13:15:26 MESSAGE("nlp_jac_g::eval") [.../casadi/core/sx_function.cpp:77]
CasADi - 2026-10-04 13:15:26 MESSAGE("nlp_hess_l::eval") [.../casadi/core/sx_function.cpp:77]
 338  1.1383995e+01 9.41e-02 4.58e+10  -1.0 9.02e-02   9.4 6.34e-01 1.23e-03h  1
CasADi - 2026-10-04 13:15:26 MESSAGE("nlp_g::eval") [.../casadi/core/sx_function.cpp:77]
CasADi - 2026-10-04 13:15:26 MESSAGE("nlp_f::eval") [.../casadi/core/sx_function.cpp:77]
CasADi - 2026-10-04 13:15:26 MESSAGE("nlp_grad_f::eval") [.../casadi/core/sx_function.cpp:77]
CasADi - 2026-10-04 13:15:26 MESSAGE("nlp_jac_g::eval") [.../casadi/core/sx_function.cpp:77]
CasADi - 2026-10-04 13:15:26 MESSAGE("nlp_hess_l::eval") [.../casadi/core/sx_function.cpp:77]
 339  1.1377682e+01 8.94e-02 2.87e+10  -1.0 8.95e-02   8.9 6.58e-01 4.96e-02h  1
CasADi - 2026-10-04 13:15:26 MESSAGE("nlp_g::eval") [.../casadi/core/sx_function.cpp:77]
CasADi - 2026-10-04 13:15:26 MESSAGE("nlp_f::eval") [.../casadi/core/sx_function.cpp:77]
CasADi - 2026-10-04 13:15:26 MESSAGE("nlp_grad_f::eval") [.../casadi/core/sx_function.cpp:77]
CasADi - 2026-10-04 13:15:26 MESSAGE("nlp_jac_g::eval") [.../casadi/core/sx_function.cpp:77]
CasADi - 2026-10-04 13:15:26 MESSAGE("nlp_hess_l::eval") [.../casadi/core/sx_function.cpp:77]
iter    objective    inf_pr   inf_du lg(mu)  ||d||  lg(rg) alpha_du alpha_pr  ls
 340  1.1373842e+01 8.68e-02 4.88e+10  -1.0 8.48e-02   9.3 8.27e-01 2.97e-02h  1
CasADi - 2026-10-04 13:15:26 MESSAGE("nlp_g::eval") [.../casadi/core/sx_function.cpp:77]
CasADi - 2026-10-04 13:15:26 MESSAGE("nlp_f::eval") [.../casadi/core/sx_function.cpp:77]
CasADi - 2026-10-04 13:15:26 MESSAGE("nlp_grad_f::eval") [.../casadi/core/sx_function.cpp:77]
CasADi - 2026-10-04 13:15:26 MESSAGE("nlp_jac_g::eval") [.../casadi/core/sx_function.cpp:77]
CasADi - 2026-10-04 13:15:26 MESSAGE("nlp_hess_l::eval") [.../casadi/core/sx_function.cpp:77]
 341  1.1362204e+01 7.88e-02 2.97e+10  -1.0 8.85e-02   8.9 5.52e-01 9.26e-02h  1
CasADi - 2026-10-04 13:15:26 MESSAGE("nlp_g::eval") [.../casadi/core/sx_function.cpp:77]
CasADi - 2026-10-04 13:15:26 MESSAGE("nlp_f::eval") [.../casadi/core/sx_function.cpp:77]
CasADi - 2026-10-04 13:15:26 MESSAGE("nlp_grad_f::eval") [.../casadi/core/sx_function.cpp:77]
CasADi - 2026-10-04 13:15:26 MESSAGE("nlp_jac_g::eval") [.../casadi/core/sx_function.cpp:77]
CasADi - 2026-10-04 13:15:26 MESSAGE("nlp_hess_l::eval") [.../casadi/core/sx_function.cpp:77]
 342  1.1360949e+01 7.80e-02 4.02e+10  -1.0 7.32e-02   9.3 8.67e-01 1.09e-02h  1
CasADi - 2026-10-04 13:15:26 MESSAGE("nlp_g::eval") [.../casadi/core/sx_function.cpp:77]
CasADi - 2026-10-04 13:15:26 MESSAGE("nlp_f::eval") [.../casadi/core/sx_function.cpp:77]
CasADi - 2026-10-04 13:15:26 MESSAGE("nlp_grad_f::eval") [.../casadi/core/sx_function.cpp:77]
CasADi - 2026-10-04 13:15:26 MESSAGE("nlp_jac_g::eval") [.../casadi/core/sx_function.cpp:77]
CasADi - 2026-10-04 13:15:26 MESSAGE("nlp_hess_l::eval") [.../casadi/core/sx_function.cpp:77]
 343  1.1355874e+01 7.47e-02 1.12e+11  -1.0 7.26e-02   9.7 1.00e+00 4.25e-02h  1
CasADi - 2026-10-04 13:15:26 MESSAGE("nlp_g::eval") [.../casadi/core/sx_function.cpp:77]
CasADi - 2026-10-04 13:15:26 MESSAGE("nlp_f::eval") [.../casadi/core/sx_function.cpp:77]
CasADi - 2026-10-04 13:15:26 MESSAGE("nlp_grad_f::eval") [.../casadi/core/sx_function.cpp:77]
CasADi - 2026-10-04 13:15:26 MESSAGE("nlp_jac_g::eval") [.../casadi/core/sx_function.cpp:77]
CasADi - 2026-10-04 13:15:26 MESSAGE("nlp_hess_l::eval") [.../casadi/core/sx_function.cpp:77]
 344  1.1354119e+01 7.34e-02 7.79e+10  -1.0 1.38e-01   9.2 4.07e-01 1.72e-02h  1
CasADi - 2026-10-04 13:15:27 MESSAGE("nlp_g::eval") [.../casadi/core/sx_function.cpp:77]
CasADi - 2026-10-04 13:15:27 MESSAGE("nlp_f::eval") [.../casadi/core/sx_function.cpp:77]
CasADi - 2026-10-04 13:15:27 MESSAGE("nlp_grad_f::eval") [.../casadi/core/sx_function.cpp:77]
CasADi - 2026-10-04 13:15:27 MESSAGE("nlp_jac_g::eval") [.../casadi/core/sx_function.cpp:77]
CasADi - 2026-10-04 13:15:27 MESSAGE("nlp_hess_l::eval") [.../casadi/core/sx_function.cpp:77]
 345  1.1353383e+01 7.30e-02 8.72e+10  -1.0 6.77e-02   9.7 8.05e-01 5.68e-03h  1
CasADi - 2026-10-04 13:15:27 MESSAGE("nlp_g::eval") [.../casadi/core/sx_function.cpp:77]
CasADi - 2026-10-04 13:15:27 MESSAGE("nlp_f::eval") [.../casadi/core/sx_function.cpp:77]
CasADi - 2026-10-04 13:15:27 MESSAGE("nlp_grad_f::eval") [.../casadi/core/sx_function.cpp:77]
CasADi - 2026-10-04 13:15:27 MESSAGE("nlp_jac_g::eval") [.../casadi/core/sx_function.cpp:77]
CasADi - 2026-10-04 13:15:27 MESSAGE("nlp_hess_l::eval") [.../casadi/core/sx_function.cpp:77]
 346  1.1344659e+01 6.82e-02 2.43e+10  -1.0 6.66e-02   9.2 9.54e-01 6.53e-02h  1
CasADi - 2026-10-04 13:15:27 MESSAGE("nlp_g::eval") [.../casadi/core/sx_function.cpp:77]
CasADi - 2026-10-04 13:15:27 MESSAGE("nlp_f::eval") [.../casadi/core/sx_function.cpp:77]
CasADi - 2026-10-04 13:15:27 MESSAGE("nlp_grad_f::eval") [.../casadi/core/sx_function.cpp:77]
CasADi - 2026-10-04 13:15:27 MESSAGE("nlp_jac_g::eval") [.../casadi/core/sx_function.cpp:77]
CasADi - 2026-10-04 13:15:27 MESSAGE("nlp_hess_l::eval") [.../casadi/core/sx_function.cpp:77]
 347  1.1342203e+01 6.69e-02 4.37e+10  -1.0 6.23e-02   9.6 4.81e-01 1.94e-02h  1
CasADi - 2026-10-04 13:15:27 MESSAGE("nlp_g::eval") [.../casadi/core/sx_function.cpp:77]
CasADi - 2026-10-04 13:15:27 MESSAGE("nlp_f::eval") [.../casadi/core/sx_function.cpp:77]
CasADi - 2026-10-04 13:15:27 MESSAGE("nlp_grad_f::eval") [.../casadi/core/sx_function.cpp:77]
CasADi - 2026-10-04 13:15:27 MESSAGE("nlp_jac_g::eval") [.../casadi/core/sx_function.cpp:77]
CasADi - 2026-10-04 13:15:27 MESSAGE("nlp_hess_l::eval") [.../casadi/core/sx_function.cpp:77]
 348  1.1341576e+01 6.65e-02 4.26e+10  -1.0 4.42e-01   9.1 3.46e-02 5.76e-03h  1
CasADi - 2026-10-04 13:15:27 MESSAGE("nlp_g::eval") [.../casadi/core/sx_function.cpp:77]
CasADi - 2026-10-04 13:15:27 MESSAGE("nlp_f::eval") [.../casadi/core/sx_function.cpp:77]
CasADi - 2026-10-04 13:15:27 MESSAGE("nlp_grad_f::eval") [.../casadi/core/sx_function.cpp:77]
CasADi - 2026-10-04 13:15:27 MESSAGE("nlp_jac_g::eval") [.../casadi/core/sx_function.cpp:77]
CasADi - 2026-10-04 13:15:27 MESSAGE("nlp_hess_l::eval") [.../casadi/core/sx_function.cpp:77]
 349  1.1341282e+01 6.64e-02 5.47e+10  -1.0 6.05e-02   9.6 1.00e+00 2.24e-03h  1
CasADi - 2026-10-04 13:15:28 MESSAGE("nlp_g::eval") [.../casadi/core/sx_function.cpp:77]
CasADi - 2026-10-04 13:15:28 MESSAGE("nlp_f::eval") [.../casadi/core/sx_function.cpp:77]
CasADi - 2026-10-04 13:15:28 MESSAGE("nlp_grad_f::eval") [.../casadi/core/sx_function.cpp:77]
CasADi - 2026-10-04 13:15:28 MESSAGE("nlp_jac_g::eval") [.../casadi/core/sx_function.cpp:77]
CasADi - 2026-10-04 13:15:28 MESSAGE("nlp_hess_l::eval") [.../casadi/core/sx_function.cpp:77]
iter    objective    inf_pr   inf_du lg(mu)  ||d||  lg(rg) alpha_du alpha_pr  ls
 350  1.1324043e+01 5.75e-02 2.31e+10  -1.0 5.93e-02   9.1 6.64e-01 1.36e-01h  1
CasADi - 2026-10-04 13:15:28 MESSAGE("nlp_g::eval") [.../casadi/core/sx_function.cpp:77]
CasADi - 2026-10-04 13:15:28 MESSAGE("nlp_f::eval") [.../casadi/core/sx_function.cpp:77]
CasADi - 2026-10-04 13:15:28 MESSAGE("nlp_grad_f::eval") [.../casadi/core/sx_function.cpp:77]
CasADi - 2026-10-04 13:15:28 MESSAGE("nlp_jac_g::eval") [.../casadi/core/sx_function.cpp:77]
CasADi - 2026-10-04 13:15:28 MESSAGE("nlp_hess_l::eval") [.../casadi/core/sx_function.cpp:77]
 351  1.1323995e+01 5.74e-02 2.35e+10  -1.0 1.14e-01   9.5 3.43e-02 5.80e-04h  1
CasADi - 2026-10-04 13:15:28 MESSAGE("nlp_g::eval") [.../casadi/core/sx_function.cpp:77]
CasADi - 2026-10-04 13:15:28 MESSAGE("nlp_f::eval") [.../casadi/core/sx_function.cpp:77]
CasADi - 2026-10-04 13:15:28 MESSAGE("nlp_grad_f::eval") [.../casadi/core/sx_function.cpp:77]
CasADi - 2026-10-04 13:15:28 MESSAGE("nlp_jac_g::eval") [.../casadi/core/sx_function.cpp:77]
CasADi - 2026-10-04 13:15:28 MESSAGE("nlp_hess_l::eval") [.../casadi/core/sx_function.cpp:77]
 352  1.1323939e+01 5.74e-02 1.78e+10  -1.0 6.91e-02   9.0 2.64e-01 5.38e-04h  1
CasADi - 2026-10-04 13:15:28 MESSAGE("nlp_g::eval") [.../casadi/core/sx_function.cpp:77]
CasADi - 2026-10-04 13:15:28 MESSAGE("nlp_f::eval") [.../casadi/core/sx_function.cpp:77]
CasADi - 2026-10-04 13:15:28 MESSAGE("nlp_grad_f::eval") [.../casadi/core/sx_function.cpp:77]
CasADi - 2026-10-04 13:15:28 MESSAGE("nlp_jac_g::eval") [.../casadi/core/sx_function.cpp:77]
CasADi - 2026-10-04 13:15:28 MESSAGE("nlp_hess_l::eval") [.../casadi/core/sx_function.cpp:77]
 353  1.1319069e+01 5.49e-02 2.68e+10  -1.0 5.11e-02   9.5 8.71e-01 4.45e-02h  1
CasADi - 2026-10-04 13:15:28 MESSAGE("nlp_g::eval") [.../casadi/core/sx_function.cpp:77]
CasADi - 2026-10-04 13:15:28 MESSAGE("nlp_f::eval") [.../casadi/core/sx_function.cpp:77]
CasADi - 2026-10-04 13:15:28 MESSAGE("nlp_grad_f::eval") [.../casadi/core/sx_function.cpp:77]
CasADi - 2026-10-04 13:15:28 MESSAGE("nlp_jac_g::eval") [.../casadi/core/sx_function.cpp:77]
CasADi - 2026-10-04 13:15:28 MESSAGE("nlp_hess_l::eval") [.../casadi/core/sx_function.cpp:77]
 354  1.1319026e+01 5.49e-02 6.54e+10  -1.0 4.90e-02   9.9 5.64e-01 4.15e-04h  1
CasADi - 2026-10-04 13:15:29 MESSAGE("nlp_g::eval") [.../casadi/core/sx_function.cpp:77]
CasADi - 2026-10-04 13:15:29 MESSAGE("nlp_f::eval") [.../casadi/core/sx_function.cpp:77]
CasADi - 2026-10-04 13:15:29 MESSAGE("nlp_grad_f::eval") [.../casadi/core/sx_function.cpp:77]
CasADi - 2026-10-04 13:15:29 MESSAGE("nlp_jac_g::eval") [.../casadi/core/sx_function.cpp:77]
CasADi - 2026-10-04 13:15:29 MESSAGE("nlp_hess_l::eval") [.../casadi/core/sx_function.cpp:77]
 355  1.1313452e+01 5.19e-02 2.27e+10  -1.0 4.88e-02   9.4 1.00e+00 5.41e-02h  1
CasADi - 2026-10-04 13:15:29 MESSAGE("nlp_g::eval") [.../casadi/core/sx_function.cpp:77]
CasADi - 2026-10-04 13:15:29 MESSAGE("nlp_f::eval") [.../casadi/core/sx_function.cpp:77]
CasADi - 2026-10-04 13:15:29 MESSAGE("nlp_grad_f::eval") [.../casadi/core/sx_function.cpp:77]
CasADi - 2026-10-04 13:15:29 MESSAGE("nlp_jac_g::eval") [.../casadi/core/sx_function.cpp:77]
CasADi - 2026-10-04 13:15:29 MESSAGE("nlp_hess_l::eval") [.../casadi/core/sx_function.cpp:77]
 356  1.1311286e+01 5.08e-02 8.54e+09  -1.0 5.72e-02   8.9 7.32e-01 2.15e-02h  1
CasADi - 2026-10-04 13:15:29 MESSAGE("nlp_g::eval") [.../casadi/core/sx_function.cpp:77]
CasADi - 2026-10-04 13:15:29 MESSAGE("nlp_f::eval") [.../casadi/core/sx_function.cpp:77]
CasADi - 2026-10-04 13:15:29 MESSAGE("nlp_grad_f::eval") [.../casadi/core/sx_function.cpp:77]
CasADi - 2026-10-04 13:15:29 MESSAGE("nlp_jac_g::eval") [.../casadi/core/sx_function.cpp:77]
CasADi - 2026-10-04 13:15:29 MESSAGE("nlp_hess_l::eval") [.../casadi/core/sx_function.cpp:77]
 357  1.1306695e+01 4.84e-02 6.88e+09  -1.0 4.57e-02   9.4 5.96e-04 4.79e-02h  1
CasADi - 2026-10-04 13:15:29 MESSAGE("nlp_g::eval") [.../casadi/core/sx_function.cpp:77]
CasADi - 2026-10-04 13:15:29 MESSAGE("nlp_f::eval") [.../casadi/core/sx_function.cpp:77]
CasADi - 2026-10-04 13:15:29 MESSAGE("nlp_grad_f::eval") [.../casadi/core/sx_function.cpp:77]
CasADi - 2026-10-04 13:15:29 MESSAGE("nlp_jac_g::eval") [.../casadi/core/sx_function.cpp:77]
CasADi - 2026-10-04 13:15:29 MESSAGE("nlp_hess_l::eval") [.../casadi/core/sx_function.cpp:77]
 358  1.1300897e+01 4.54e-02 6.67e+09  -1.0 6.08e-02   8.9 9.23e-05 6.19e-02h  1
CasADi - 2026-10-04 13:15:29 MESSAGE("nlp_g::eval") [.../casadi/core/sx_function.cpp:77]
CasADi - 2026-10-04 13:15:29 MESSAGE("nlp_f::eval") [.../casadi/core/sx_function.cpp:77]
CasADi - 2026-10-04 13:15:29 MESSAGE("nlp_grad_f::eval") [.../casadi/core/sx_function.cpp:77]
CasADi - 2026-10-04 13:15:29 MESSAGE("nlp_jac_g::eval") [.../casadi/core/sx_function.cpp:77]
CasADi - 2026-10-04 13:15:29 MESSAGE("nlp_hess_l::eval") [.../casadi/core/sx_function.cpp:77]
 359  1.1299163e+01 4.45e-02 6.65e+09  -1.0 4.50e-02   9.3 6.55e-02 1.94e-02h  1
CasADi - 2026-10-04 13:15:30 MESSAGE("nlp_g::eval") [.../casadi/core/sx_function.cpp:77]
CasADi - 2026-10-04 13:15:30 MESSAGE("nlp_f::eval") [.../casadi/core/sx_function.cpp:77]
CasADi - 2026-10-04 13:15:30 MESSAGE("nlp_grad_f::eval") [.../casadi/core/sx_function.cpp:77]
CasADi - 2026-10-04 13:15:30 MESSAGE("nlp_jac_g::eval") [.../casadi/core/sx_function.cpp:77]
CasADi - 2026-10-04 13:15:30 MESSAGE("nlp_hess_l::eval") [.../casadi/core/sx_function.cpp:77]
iter    objective    inf_pr   inf_du lg(mu)  ||d||  lg(rg) alpha_du alpha_pr  ls
 360  1.1299028e+01 4.44e-02 1.69e+10  -1.0 4.12e-02   9.7 2.26e-01 1.54e-03h  1
CasADi - 2026-10-04 13:15:30 MESSAGE("nlp_g::eval") [.../casadi/core/sx_function.cpp:77]
CasADi - 2026-10-04 13:15:30 MESSAGE("nlp_f::eval") [.../casadi/core/sx_function.cpp:77]
CasADi - 2026-10-04 13:15:30 MESSAGE("nlp_grad_f::eval") [.../casadi/core/sx_function.cpp:77]
CasADi - 2026-10-04 13:15:30 MESSAGE("nlp_jac_g::eval") [.../casadi/core/sx_function.cpp:77]
CasADi - 2026-10-04 13:15:30 MESSAGE("nlp_hess_l::eval") [.../casadi/core/sx_function.cpp:77]
 361  1.1298133e+01 4.40e-02 1.61e+10  -1.0 5.08e-02   9.3 1.36e-01 1.02e-02h  1
CasADi - 2026-10-04 13:15:30 MESSAGE("nlp_g::eval") [.../casadi/core/sx_function.cpp:77]
CasADi - 2026-10-04 13:15:30 MESSAGE("nlp_f::eval") [.../casadi/core/sx_function.cpp:77]
CasADi - 2026-10-04 13:15:30 MESSAGE("nlp_grad_f::eval") [.../casadi/core/sx_function.cpp:77]
CasADi - 2026-10-04 13:15:30 MESSAGE("nlp_jac_g::eval") [.../casadi/core/sx_function.cpp:77]
CasADi - 2026-10-04 13:15:30 MESSAGE("nlp_hess_l::eval") [.../casadi/core/sx_function.cpp:77]
 362  1.1284840e+01 3.68e-02 1.15e+10  -1.0 6.43e-02   8.8 2.50e-01 1.66e-01h  1
CasADi - 2026-10-04 13:15:30 MESSAGE("nlp_g::eval") [.../casadi/core/sx_function.cpp:77]
CasADi - 2026-10-04 13:15:30 MESSAGE("nlp_f::eval") [.../casadi/core/sx_function.cpp:77]
CasADi - 2026-10-04 13:15:30 MESSAGE("nlp_grad_f::eval") [.../casadi/core/sx_function.cpp:77]
CasADi - 2026-10-04 13:15:30 MESSAGE("nlp_jac_g::eval") [.../casadi/core/sx_function.cpp:77]
CasADi - 2026-10-04 13:15:30 MESSAGE("nlp_hess_l::eval") [.../casadi/core/sx_function.cpp:77]
 363  1.1284552e+01 3.66e-02 1.12e+10  -1.0 4.64e-02   9.2 2.52e-01 4.34e-03h  1
CasADi - 2026-10-04 13:15:31 MESSAGE("nlp_g::eval") [.../casadi/core/sx_function.cpp:77]
CasADi - 2026-10-04 13:15:31 MESSAGE("nlp_f::eval") [.../casadi/core/sx_function.cpp:77]
CasADi - 2026-10-04 13:15:31 MESSAGE("nlp_grad_f::eval") [.../casadi/core/sx_function.cpp:77]
CasADi - 2026-10-04 13:15:31 MESSAGE("nlp_jac_g::eval") [.../casadi/core/sx_function.cpp:77]
CasADi - 2026-10-04 13:15:31 MESSAGE("nlp_hess_l::eval") [.../casadi/core/sx_function.cpp:77]
 364  1.1283017e+01 3.58e-02 1.94e+10  -1.0 3.94e-02   9.6 2.69e-01 2.24e-02h  1
CasADi - 2026-10-04 13:15:31 MESSAGE("nlp_g::eval") [.../casadi/core/sx_function.cpp:77]
CasADi - 2026-10-04 13:15:31 MESSAGE("nlp_f::eval") [.../casadi/core/sx_function.cpp:77]
CasADi - 2026-10-04 13:15:31 MESSAGE("nlp_grad_f::eval") [.../casadi/core/sx_function.cpp:77]
CasADi - 2026-10-04 13:15:31 MESSAGE("nlp_jac_g::eval") [.../casadi/core/sx_function.cpp:77]
CasADi - 2026-10-04 13:15:31 MESSAGE("nlp_hess_l::eval") [.../casadi/core/sx_function.cpp:77]
 365  1.1280640e+01 3.45e-02 1.60e+10  -1.0 4.79e-02   9.2 2.96e-01 3.80e-02h  1
CasADi - 2026-10-04 13:15:31 MESSAGE("nlp_g::eval") [.../casadi/core/sx_function.cpp:77]
CasADi - 2026-10-04 13:15:31 MESSAGE("nlp_f::eval") [.../casadi/core/sx_function.cpp:77]
CasADi - 2026-10-04 13:15:31 MESSAGE("nlp_grad_f::eval") [.../casadi/core/sx_function.cpp:77]
CasADi - 2026-10-04 13:15:31 MESSAGE("nlp_jac_g::eval") [.../casadi/core/sx_function.cpp:77]
CasADi - 2026-10-04 13:15:31 MESSAGE("nlp_hess_l::eval") [.../casadi/core/sx_function.cpp:77]
 366  1.1280596e+01 3.44e-02 3.60e+10  -1.0 4.09e-02   9.6 9.59e-01 6.76e-04h  1
CasADi - 2026-10-04 13:15:31 MESSAGE("nlp_g::eval") [.../casadi/core/sx_function.cpp:77]
CasADi - 2026-10-04 13:15:31 MESSAGE("nlp_f::eval") [.../casadi/core/sx_function.cpp:77]
CasADi - 2026-10-04 13:15:31 MESSAGE("nlp_grad_f::eval") [.../casadi/core/sx_function.cpp:77]
CasADi - 2026-10-04 13:15:31 MESSAGE("nlp_jac_g::eval") [.../casadi/core/sx_function.cpp:77]
CasADi - 2026-10-04 13:15:31 MESSAGE("nlp_hess_l::eval") [.../casadi/core/sx_function.cpp:77]
 367  1.1273359e+01 3.10e-02 3.00e+10  -1.0 5.26e-02   9.1 1.80e-01 1.01e-01h  1
CasADi - 2026-10-04 13:15:32 MESSAGE("nlp_g::eval") [.../casadi/core/sx_function.cpp:77]
CasADi - 2026-10-04 13:15:32 MESSAGE("nlp_f::eval") [.../casadi/core/sx_function.cpp:77]
CasADi - 2026-10-04 13:15:32 MESSAGE("nlp_grad_f::eval") [.../casadi/core/sx_function.cpp:77]
CasADi - 2026-10-04 13:15:32 MESSAGE("nlp_jac_g::eval") [.../casadi/core/sx_function.cpp:77]
CasADi - 2026-10-04 13:15:32 MESSAGE("nlp_hess_l::eval") [.../casadi/core/sx_function.cpp:77]
 368  1.1257664e+01 2.35e-02 2.32e+10  -1.0 4.30e-02   9.5 7.87e-03 2.46e-01h  1
CasADi - 2026-10-04 13:15:32 MESSAGE("nlp_g::eval") [.../casadi/core/sx_function.cpp:77]
CasADi - 2026-10-04 13:15:32 MESSAGE("nlp_f::eval") [.../casadi/core/sx_function.cpp:77]
CasADi - 2026-10-04 13:15:32 MESSAGE("nlp_grad_f::eval") [.../casadi/core/sx_function.cpp:77]
CasADi - 2026-10-04 13:15:32 MESSAGE("nlp_jac_g::eval") [.../casadi/core/sx_function.cpp:77]
CasADi - 2026-10-04 13:15:32 MESSAGE("nlp_hess_l::eval") [.../casadi/core/sx_function.cpp:77]
 369  1.1257585e+01 2.34e-02 3.22e+10  -1.0 3.54e-02  10.0 2.48e-01 1.67e-03h  1
CasADi - 2026-10-04 13:15:32 MESSAGE("nlp_g::eval") [.../casadi/core/sx_function.cpp:77]
CasADi - 2026-10-04 13:15:32 MESSAGE("nlp_f::eval") [.../casadi/core/sx_function.cpp:77]
CasADi - 2026-10-04 13:15:32 MESSAGE("nlp_grad_f::eval") [.../casadi/core/sx_function.cpp:77]
CasADi - 2026-10-04 13:15:32 MESSAGE("nlp_jac_g::eval") [.../casadi/core/sx_function.cpp:77]
CasADi - 2026-10-04 13:15:32 MESSAGE("nlp_hess_l::eval") [.../casadi/core/sx_function.cpp:77]
iter    objective    inf_pr   inf_du lg(mu)  ||d||  lg(rg) alpha_du alpha_pr  ls
 370  1.1257567e+01 2.34e-02 2.55e+10  -1.0 4.21e-02   9.5 2.86e-01 3.93e-04h  1
CasADi - 2026-10-04 13:15:32 MESSAGE("nlp_g::eval") [.../casadi/core/sx_function.cpp:77]
CasADi - 2026-10-04 13:15:32 MESSAGE("nlp_f::eval") [.../casadi/core/sx_function.cpp:77]
CasADi - 2026-10-04 13:15:32 MESSAGE("nlp_grad_f::eval") [.../casadi/core/sx_function.cpp:77]
CasADi - 2026-10-04 13:15:32 MESSAGE("nlp_jac_g::eval") [.../casadi/core/sx_function.cpp:77]
CasADi - 2026-10-04 13:15:32 MESSAGE("nlp_hess_l::eval") [.../casadi/core/sx_function.cpp:77]
 371  1.1254744e+01 2.20e-02 3.72e+10  -1.0 3.87e-02   9.9 5.57e-01 5.87e-02h  1
CasADi - 2026-10-04 13:15:32 MESSAGE("nlp_g::eval") [.../casadi/core/sx_function.cpp:77]
CasADi - 2026-10-04 13:15:32 MESSAGE("nlp_f::eval") [.../casadi/core/sx_function.cpp:77]
CasADi - 2026-10-04 13:15:32 MESSAGE("nlp_grad_f::eval") [.../casadi/core/sx_function.cpp:77]
CasADi - 2026-10-04 13:15:32 MESSAGE("nlp_jac_g::eval") [.../casadi/core/sx_function.cpp:77]
CasADi - 2026-10-04 13:15:32 MESSAGE("nlp_hess_l::eval") [.../casadi/core/sx_function.cpp:77]
 372  1.1253924e+01 2.16e-02 9.57e+10  -1.0 3.58e-02  10.3 4.53e-01 1.83e-02h  1
CasADi - 2026-10-04 13:15:32 MESSAGE("nlp_g::eval") [.../casadi/core/sx_function.cpp:77]
CasADi - 2026-10-04 13:15:32 MESSAGE("nlp_f::eval") [.../casadi/core/sx_function.cpp:77]
CasADi - 2026-10-04 13:15:32 MESSAGE("nlp_grad_f::eval") [.../casadi/core/sx_function.cpp:77]
CasADi - 2026-10-04 13:15:32 MESSAGE("nlp_jac_g::eval") [.../casadi/core/sx_function.cpp:77]
CasADi - 2026-10-04 13:15:32 MESSAGE("nlp_hess_l::eval") [.../casadi/core/sx_function.cpp:77]
 373  1.1247846e+01 1.87e-02 6.11e+10  -1.0 3.81e-02   9.9 4.89e-01 1.39e-01h  1
CasADi - 2026-10-04 13:15:33 MESSAGE("nlp_g::eval") [.../casadi/core/sx_function.cpp:77]
CasADi - 2026-10-04 13:15:33 MESSAGE("nlp_f::eval") [.../casadi/core/sx_function.cpp:77]
CasADi - 2026-10-04 13:15:33 MESSAGE("nlp_grad_f::eval") [.../casadi/core/sx_function.cpp:77]
CasADi - 2026-10-04 13:15:33 MESSAGE("nlp_jac_g::eval") [.../casadi/core/sx_function.cpp:77]
CasADi - 2026-10-04 13:15:33 MESSAGE("nlp_hess_l::eval") [.../casadi/core/sx_function.cpp:77]
 374  1.1247788e+01 1.86e-02 7.61e+10  -1.0 3.27e-02  10.3 2.82e-01 1.56e-03h  1
CasADi - 2026-10-04 13:15:33 MESSAGE("nlp_g::eval") [.../casadi/core/sx_function.cpp:77]
CasADi - 2026-10-04 13:15:33 MESSAGE("nlp_f::eval") [.../casadi/core/sx_function.cpp:77]
CasADi - 2026-10-04 13:15:33 MESSAGE("nlp_grad_f::eval") [.../casadi/core/sx_function.cpp:77]
CasADi - 2026-10-04 13:15:33 MESSAGE("nlp_jac_g::eval") [.../casadi/core/sx_function.cpp:77]
CasADi - 2026-10-04 13:15:33 MESSAGE("nlp_hess_l::eval") [.../casadi/core/sx_function.cpp:77]
 375  1.1247171e+01 1.83e-02 5.53e+10  -1.0 3.50e-02   9.8 3.34e-01 1.63e-02h  1
CasADi - 2026-10-04 13:15:33 MESSAGE("nlp_g::eval") [.../casadi/core/sx_function.cpp:77]
CasADi - 2026-10-04 13:15:33 MESSAGE("nlp_f::eval") [.../casadi/core/sx_function.cpp:77]
CasADi - 2026-10-04 13:15:33 MESSAGE("nlp_grad_f::eval") [.../casadi/core/sx_function.cpp:77]
CasADi - 2026-10-04 13:15:33 MESSAGE("nlp_jac_g::eval") [.../casadi/core/sx_function.cpp:77]
CasADi - 2026-10-04 13:15:33 MESSAGE("nlp_hess_l::eval") [.../casadi/core/sx_function.cpp:77]
 376  1.1242225e+01 1.59e-02 1.68e+10  -1.0 3.73e-02   9.3 1.00e+00 1.30e-01h  1
CasADi - 2026-10-04 13:15:33 MESSAGE("nlp_g::eval") [.../casadi/core/sx_function.cpp:77]
CasADi - 2026-10-04 13:15:33 MESSAGE("nlp_f::eval") [.../casadi/core/sx_function.cpp:77]
CasADi - 2026-10-04 13:15:33 MESSAGE("nlp_grad_f::eval") [.../casadi/core/sx_function.cpp:77]
CasADi - 2026-10-04 13:15:33 MESSAGE("nlp_jac_g::eval") [.../casadi/core/sx_function.cpp:77]
CasADi - 2026-10-04 13:15:33 MESSAGE("nlp_hess_l::eval") [.../casadi/core/sx_function.cpp:77]
 377  1.1238033e+01 1.39e-02 9.10e+09  -1.0 3.05e-02   9.8 3.90e-01 1.31e-01h  1
CasADi - 2026-10-04 13:15:33 MESSAGE("nlp_g::eval") [.../casadi/core/sx_function.cpp:77]
CasADi - 2026-10-04 13:15:33 MESSAGE("nlp_f::eval") [.../casadi/core/sx_function.cpp:77]
CasADi - 2026-10-04 13:15:33 MESSAGE("nlp_grad_f::eval") [.../casadi/core/sx_function.cpp:77]
CasADi - 2026-10-04 13:15:33 MESSAGE("nlp_jac_g::eval") [.../casadi/core/sx_function.cpp:77]
CasADi - 2026-10-04 13:15:33 MESSAGE("nlp_hess_l::eval") [.../casadi/core/sx_function.cpp:77]
 378  1.1235454e+01 1.35e-02 9.63e+09  -1.0 5.01e-01   9.3 7.74e-02 2.76e-02h  1
CasADi - 2026-10-04 13:15:34 MESSAGE("nlp_g::eval") [.../casadi/core/sx_function.cpp:77]
CasADi - 2026-10-04 13:15:34 MESSAGE("nlp_f::eval") [.../casadi/core/sx_function.cpp:77]
CasADi - 2026-10-04 13:15:34 MESSAGE("nlp_grad_f::eval") [.../casadi/core/sx_function.cpp:77]
CasADi - 2026-10-04 13:15:34 MESSAGE("nlp_jac_g::eval") [.../casadi/core/sx_function.cpp:77]
CasADi - 2026-10-04 13:15:34 MESSAGE("nlp_hess_l::eval") [.../casadi/core/sx_function.cpp:77]
 379  1.1235436e+01 1.35e-02 1.92e+11  -1.0 2.40e-02  10.6 1.00e+00 6.38e-04h  1
CasADi - 2026-10-04 13:15:34 MESSAGE("nlp_g::eval") [.../casadi/core/sx_function.cpp:77]
CasADi - 2026-10-04 13:15:34 MESSAGE("nlp_f::eval") [.../casadi/core/sx_function.cpp:77]
CasADi - 2026-10-04 13:15:34 MESSAGE("nlp_grad_f::eval") [.../casadi/core/sx_function.cpp:77]
CasADi - 2026-10-04 13:15:34 MESSAGE("nlp_jac_g::eval") [.../casadi/core/sx_function.cpp:77]
CasADi - 2026-10-04 13:15:34 MESSAGE("nlp_hess_l::eval") [.../casadi/core/sx_function.cpp:77]
iter    objective    inf_pr   inf_du lg(mu)  ||d||  lg(rg) alpha_du alpha_pr  ls
 380  1.1226388e+01 9.46e-03 1.46e+11  -1.0 2.49e-02  10.1 2.12e-01 3.07e-01h  1
CasADi - 2026-10-04 13:15:34 MESSAGE("nlp_g::eval") [.../casadi/core/sx_function.cpp:77]
CasADi - 2026-10-04 13:15:34 MESSAGE("nlp_f::eval") [.../casadi/core/sx_function.cpp:77]
CasADi - 2026-10-04 13:15:34 MESSAGE("nlp_grad_f::eval") [.../casadi/core/sx_function.cpp:77]
CasADi - 2026-10-04 13:15:34 MESSAGE("nlp_jac_g::eval") [.../casadi/core/sx_function.cpp:77]
CasADi - 2026-10-04 13:15:34 MESSAGE("nlp_hess_l::eval") [.../casadi/core/sx_function.cpp:77]
 381  1.1226382e+01 9.46e-03 7.36e+10  -1.0 2.14e-02   9.7 3.87e-01 3.95e-04h  1
CasADi - 2026-10-04 13:15:34 MESSAGE("nlp_g::eval") [.../casadi/core/sx_function.cpp:77]
CasADi - 2026-10-04 13:15:34 MESSAGE("nlp_f::eval") [.../casadi/core/sx_function.cpp:77]
CasADi - 2026-10-04 13:15:34 MESSAGE("nlp_grad_f::eval") [.../casadi/core/sx_function.cpp:77]
CasADi - 2026-10-04 13:15:34 MESSAGE("nlp_jac_g::eval") [.../casadi/core/sx_function.cpp:77]
CasADi - 2026-10-04 13:15:34 MESSAGE("nlp_hess_l::eval") [.../casadi/core/sx_function.cpp:77]
 382  1.1226070e+01 9.29e-03 1.18e+10  -1.0 1.92e-02  10.1 1.00e+00 1.75e-02h  1
CasADi - 2026-10-04 13:15:34 MESSAGE("nlp_g::eval") [.../casadi/core/sx_function.cpp:77]
CasADi - 2026-10-04 13:15:34 MESSAGE("nlp_f::eval") [.../casadi/core/sx_function.cpp:77]
CasADi - 2026-10-04 13:15:34 MESSAGE("nlp_grad_f::eval") [.../casadi/core/sx_function.cpp:77]
CasADi - 2026-10-04 13:15:34 MESSAGE("nlp_jac_g::eval") [.../casadi/core/sx_function.cpp:77]
CasADi - 2026-10-04 13:15:34 MESSAGE("nlp_hess_l::eval") [.../casadi/core/sx_function.cpp:77]
 383  1.1219269e+01 5.62e-03 1.84e+10  -1.0 1.97e-02   9.6 1.00e+00 3.97e-01h  1
CasADi - 2026-10-04 13:15:35 MESSAGE("nlp_g::eval") [.../casadi/core/sx_function.cpp:77]
CasADi - 2026-10-04 13:15:35 MESSAGE("nlp_f::eval") [.../casadi/core/sx_function.cpp:77]
CasADi - 2026-10-04 13:15:35 MESSAGE("nlp_grad_f::eval") [.../casadi/core/sx_function.cpp:77]
CasADi - 2026-10-04 13:15:35 MESSAGE("nlp_jac_g::eval") [.../casadi/core/sx_function.cpp:77]
CasADi - 2026-10-04 13:15:35 MESSAGE("nlp_hess_l::eval") [.../casadi/core/sx_function.cpp:77]
 384  1.1219199e+01 5.58e-03 1.15e+10  -1.0 1.14e-02  10.0 7.13e-01 6.94e-03h  1
CasADi - 2026-10-04 13:15:35 MESSAGE("nlp_g::eval") [.../casadi/core/sx_function.cpp:77]
CasADi - 2026-10-04 13:15:35 MESSAGE("nlp_f::eval") [.../casadi/core/sx_function.cpp:77]
CasADi - 2026-10-04 13:15:35 MESSAGE("nlp_grad_f::eval") [.../casadi/core/sx_function.cpp:77]
CasADi - 2026-10-04 13:15:35 MESSAGE("nlp_jac_g::eval") [.../casadi/core/sx_function.cpp:77]
CasADi - 2026-10-04 13:15:35 MESSAGE("nlp_hess_l::eval") [.../casadi/core/sx_function.cpp:77]
 385  1.1219190e+01 5.58e-03 3.33e+10  -1.0 1.11e-02  10.5 1.00e+00 9.50e-04h  1
CasADi - 2026-10-04 13:15:35 MESSAGE("nlp_g::eval") [.../casadi/core/sx_function.cpp:77]
CasADi - 2026-10-04 13:15:35 MESSAGE("nlp_f::eval") [.../casadi/core/sx_function.cpp:77]
CasADi - 2026-10-04 13:15:35 MESSAGE("nlp_grad_f::eval") [.../casadi/core/sx_function.cpp:77]
CasADi - 2026-10-04 13:15:35 MESSAGE("nlp_jac_g::eval") [.../casadi/core/sx_function.cpp:77]
CasADi - 2026-10-04 13:15:35 MESSAGE("nlp_hess_l::eval") [.../casadi/core/sx_function.cpp:77]
 386  1.1217888e+01 4.85e-03 2.47e+10  -1.0 1.14e-02  10.0 2.25e-01 1.30e-01h  1
CasADi - 2026-10-04 13:15:35 MESSAGE("nlp_g::eval") [.../casadi/core/sx_function.cpp:77]
CasADi - 2026-10-04 13:15:35 MESSAGE("nlp_f::eval") [.../casadi/core/sx_function.cpp:77]
CasADi - 2026-10-04 13:15:35 MESSAGE("nlp_grad_f::eval") [.../casadi/core/sx_function.cpp:77]
CasADi - 2026-10-04 13:15:35 MESSAGE("nlp_jac_g::eval") [.../casadi/core/sx_function.cpp:77]
CasADi - 2026-10-04 13:15:35 MESSAGE("nlp_hess_l::eval") [.../casadi/core/sx_function.cpp:77]
 387  1.1217870e+01 4.84e-03 2.63e+10  -1.0 9.70e-03  10.4 1.00e+00 2.09e-03h  1
CasADi - 2026-10-04 13:15:35 MESSAGE("nlp_g::eval") [.../casadi/core/sx_function.cpp:77]
CasADi - 2026-10-04 13:15:35 MESSAGE("nlp_f::eval") [.../casadi/core/sx_function.cpp:77]
CasADi - 2026-10-04 13:15:35 MESSAGE("nlp_grad_f::eval") [.../casadi/core/sx_function.cpp:77]
CasADi - 2026-10-04 13:15:35 MESSAGE("nlp_jac_g::eval") [.../casadi/core/sx_function.cpp:77]
CasADi - 2026-10-04 13:15:35 MESSAGE("nlp_hess_l::eval") [.../casadi/core/sx_function.cpp:77]
 388  1.1215189e+01 3.32e-03 1.59e+10  -1.0 9.94e-03   9.9 4.08e-01 3.14e-01h  1
CasADi - 2026-10-04 13:15:36 MESSAGE("nlp_g::eval") [.../casadi/core/sx_function.cpp:77]
CasADi - 2026-10-04 13:15:36 MESSAGE("nlp_f::eval") [.../casadi/core/sx_function.cpp:77]
CasADi - 2026-10-04 13:15:36 MESSAGE("nlp_grad_f::eval") [.../casadi/core/sx_function.cpp:77]
CasADi - 2026-10-04 13:15:36 MESSAGE("nlp_jac_g::eval") [.../casadi/core/sx_function.cpp:77]
CasADi - 2026-10-04 13:15:36 MESSAGE("nlp_hess_l::eval") [.../casadi/core/sx_function.cpp:77]
 389  1.1215152e+01 3.30e-03 1.35e+10  -1.0 6.69e-03  10.4 1.00e+00 6.33e-03h  1
CasADi - 2026-10-04 13:15:36 MESSAGE("nlp_g::eval") [.../casadi/core/sx_function.cpp:77]
CasADi - 2026-10-04 13:15:36 MESSAGE("nlp_f::eval") [.../casadi/core/sx_function.cpp:77]
CasADi - 2026-10-04 13:15:36 MESSAGE("nlp_grad_f::eval") [.../casadi/core/sx_function.cpp:77]
CasADi - 2026-10-04 13:15:36 MESSAGE("nlp_jac_g::eval/Users/emcphilliamy/Desktop/University_of_Illinois/SigRobotics/F1Tenth/raceline_optimization/tum_optimizer/venv/lib/python3.14/site-packages/casadi/casadi.py:913: FutureWarning: 
casadi: a numpy function was called on a casadi value (issue #2959).
This used legacy casadi 3.7.2 behaviour, where the result type follows
the input:
  - a numeric input (DM)       -> a plain numpy array
  - a symbolic input (SX / MX) -> a casadi value, or an error if the
                                  function has no casadi equivalent

For a shape-correct, type-preserving result, opt in to the
casadi-aware numpy support:

    try:
        ca.GlobalOptions.setNumpyMode(1)
    except AttributeError:
        pass

Or use setNumpyMode(-1) to keep legacy behaviour silently.
Shown once; run python with -W always to see every occurrence.

  _w.warn(_NUMPY_LEGACY_NOTICE, FutureWarning)
") [.../casadi/core/sx_function.cpp:77]
CasADi - 2026-10-04 13:15:36 MESSAGE("nlp_hess_l::eval") [.../casadi/core/sx_function.cpp:77]
iter    objective    inf_pr   inf_du lg(mu)  ||d||  lg(rg) alpha_du alpha_pr  ls
 390  1.1215140e+01 3.30e-03 1.72e+10  -1.0 6.81e-03   9.9 1.00e+00 1.91e-03h  1
CasADi - 2026-10-04 13:15:36 MESSAGE("nlp_g::eval") [.../casadi/core/sx_function.cpp:77]
CasADi - 2026-10-04 13:15:36 MESSAGE("nlp_f::eval") [.../casadi/core/sx_function.cpp:77]
CasADi - 2026-10-04 13:15:36 MESSAGE("nlp_grad_f::eval") [.../casadi/core/sx_function.cpp:77]
CasADi - 2026-10-04 13:15:36 MESSAGE("nlp_jac_g::eval") [.../casadi/core/sx_function.cpp:77]
CasADi - 2026-10-04 13:15:36 MESSAGE("nlp_hess_l::eval") [.../casadi/core/sx_function.cpp:77]
 391  1.1214665e+01 2.99e-03 1.63e+10  -1.0 1.77e-02   9.4 2.03e-01 9.30e-02h  1
CasADi - 2026-10-04 13:15:36 MESSAGE("nlp_g::eval") [.../casadi/core/sx_function.cpp:77]
CasADi - 2026-10-04 13:15:36 MESSAGE("nlp_f::eval") [.../casadi/core/sx_function.cpp:77]
CasADi - 2026-10-04 13:15:36 MESSAGE("nlp_grad_f::eval") [.../casadi/core/sx_function.cpp:77]
CasADi - 2026-10-04 13:15:36 MESSAGE("nlp_jac_g::eval") [.../casadi/core/sx_function.cpp:77]
CasADi - 2026-10-04 13:15:36 MESSAGE("nlp_hess_l::eval") [.../casadi/core/sx_function.cpp:77]
 392  1.1214637e+01 2.97e-03 1.63e+10  -1.0 6.18e-03   9.8 5.11e-02 5.35e-03h  1
CasADi - 2026-10-04 13:15:36 MESSAGE("nlp_g::eval") [.../casadi/core/sx_function.cpp:77]
CasADi - 2026-10-04 13:15:36 MESSAGE("nlp_f::eval") [.../casadi/core/sx_function.cpp:77]
CasADi - 2026-10-04 13:15:36 MESSAGE("nlp_grad_f::eval") [.../casadi/core/sx_function.cpp:77]
CasADi - 2026-10-04 13:15:36 MESSAGE("nlp_jac_g::eval") [.../casadi/core/sx_function.cpp:77]
CasADi - 2026-10-04 13:15:36 MESSAGE("nlp_hess_l::eval") [.../casadi/core/sx_function.cpp:77]
 393  1.1214633e+01 2.97e-03 2.24e+10  -1.0 6.31e-03   9.3 1.00e+00 6.57e-04h  1
CasADi - 2026-10-04 13:15:37 MESSAGE("nlp_g::eval") [.../casadi/core/sx_function.cpp:77]
CasADi - 2026-10-04 13:15:37 MESSAGE("nlp_f::eval") [.../casadi/core/sx_function.cpp:77]
CasADi - 2026-10-04 13:15:37 MESSAGE("nlp_grad_f::eval") [.../casadi/core/sx_function.cpp:77]
CasADi - 2026-10-04 13:15:37 MESSAGE("nlp_jac_g::eval") [.../casadi/core/sx_function.cpp:77]
CasADi - 2026-10-04 13:15:37 MESSAGE("nlp_hess_l::eval") [.../casadi/core/sx_function.cpp:77]
 394  1.1210948e+01 1.01e-03 8.12e+09  -1.0 6.42e-03   8.9 1.00e+00 6.63e-01h  1
CasADi - 2026-10-04 13:15:37 MESSAGE("nlp_g::eval") [.../casadi/core/sx_function.cpp:77]
CasADi - 2026-10-04 13:15:37 MESSAGE("nlp_f::eval") [.../casadi/core/sx_function.cpp:77]
CasADi - 2026-10-04 13:15:37 MESSAGE("nlp_grad_f::eval") [.../casadi/core/sx_function.cpp:77]
CasADi - 2026-10-04 13:15:37 MESSAGE("nlp_jac_g::eval") [.../casadi/core/sx_function.cpp:77]
CasADi - 2026-10-04 13:15:37 MESSAGE("nlp_hess_l::eval") [.../casadi/core/sx_function.cpp:77]
 395  1.1210829e+01 9.40e-04 8.29e+09  -1.0 2.17e-03   8.4 1.00e+00 6.63e-02h  1
CasADi - 2026-10-04 13:15:37 MESSAGE("nlp_g::eval") [.../casadi/core/sx_function.cpp:77]
CasADi - 2026-10-04 13:15:37 MESSAGE("nlp_f::eval") [.../casadi/core/sx_function.cpp:77]
CasADi - 2026-10-04 13:15:37 MESSAGE("nlp_grad_f::eval") [.../casadi/core/sx_function.cpp:77]
CasADi - 2026-10-04 13:15:37 MESSAGE("nlp_jac_g::eval") [.../casadi/core/sx_function.cpp:77]
CasADi - 2026-10-04 13:15:37 MESSAGE("nlp_hess_l::eval") [.../casadi/core/sx_function.cpp:77]
 396  1.1210400e+01 6.98e-04 6.03e+09  -1.0 1.99e-03   8.8 1.00e+00 2.58e-01h  1
CasADi - 2026-10-04 13:15:37 MESSAGE("nlp_g::eval") [.../casadi/core/sx_function.cpp:77]
CasADi - 2026-10-04 13:15:37 MESSAGE("nlp_f::eval") [.../casadi/core/sx_function.cpp:77]
CasADi - 2026-10-04 13:15:37 MESSAGE("nlp_grad_f::eval") [.../casadi/core/sx_function.cpp:77]
CasADi - 2026-10-04 13:15:37 MESSAGE("nlp_jac_g::eval") [.../casadi/core/sx_function.cpp:77]
CasADi - 2026-10-04 13:15:37 MESSAGE("nlp_hess_l::eval") [.../casadi/core/sx_function.cpp:77]
 397  1.1209138e+01 8.20e-06 5.60e+07  -1.0 1.50e-03   8.3 1.00e+00 1.00e+00h  1
CasADi - 2026-10-04 13:15:37 MESSAGE("nlp_g::eval") [.../casadi/core/sx_function.cpp:77]
CasADi - 2026-10-04 13:15:37 MESSAGE("nlp_f::eval") [.../casadi/core/sx_function.cpp:77]
CasADi - 2026-10-04 13:15:37 MESSAGE("nlp_grad_f::eval") [.../casadi/core/sx_function.cpp:77]
CasADi - 2026-10-04 13:15:37 MESSAGE("nlp_jac_g::eval") [.../casadi/core/sx_function.cpp:77]
CasADi - 2026-10-04 13:15:37 MESSAGE("nlp_hess_l::eval") [.../casadi/core/sx_function.cpp:77]
 398  1.1209133e+01 1.89e-10 7.01e+05  -1.0 3.41e-05   7.9 9.88e-01 1.00e+00f  1
CasADi - 2026-10-04 13:15:37 MESSAGE("nlp_g::eval") [.../casadi/core/sx_function.cpp:77]
CasADi - 2026-10-04 13:15:37 MESSAGE("nlp_f::eval") [.../casadi/core/sx_function.cpp:77]
CasADi - 2026-10-04 13:15:37 MESSAGE("nlp_grad_f::eval") [.../casadi/core/sx_function.cpp:77]
CasADi - 2026-10-04 13:15:37 MESSAGE("nlp_jac_g::eval") [.../casadi/core/sx_function.cpp:77]
CasADi - 2026-10-04 13:15:37 MESSAGE("nlp_hess_l::eval") [.../casadi/core/sx_function.cpp:77]
 399  1.1209001e+01 1.97e-07 5.58e+03  -1.0 1.43e-04   7.4 1.00e+00 1.00e+00f  1
CasADi - 2026-10-04 13:15:37 MESSAGE("nlp_g::eval") [.../casadi/core/sx_function.cpp:77]
CasADi - 2026-10-04 13:15:37 MESSAGE("nlp_f::eval") [.../casadi/core/sx_function.cpp:77]
CasADi - 2026-10-04 13:15:37 MESSAGE("nlp_grad_f::eval") [.../casadi/core/sx_function.cpp:77]
CasADi - 2026-10-04 13:15:37 MESSAGE("nlp_jac_g::eval") [.../casadi/core/sx_function.cpp:77]
CasADi - 2026-10-04 13:15:37 MESSAGE("nlp_hess_l::eval") [.../casadi/core/sx_function.cpp:77]
iter    objective    inf_pr   inf_du lg(mu)  ||d||  lg(rg) alpha_du alpha_pr  ls
 400  1.1208948e+01 1.67e-08 7.39e+02  -1.0 4.57e-05   6.9 1.00e+00 1.00e+00f  1
CasADi - 2026-10-04 13:15:37 MESSAGE("nlp_g::eval") [.../casadi/core/sx_function.cpp:77]
CasADi - 2026-10-04 13:15:37 MESSAGE("nlp_f::eval") [.../casadi/core/sx_function.cpp:77]
CasADi - 2026-10-04 13:15:37 MESSAGE("nlp_grad_f::eval") [.../casadi/core/sx_function.cpp:77]
CasADi - 2026-10-04 13:15:37 MESSAGE("nlp_jac_g::eval") [.../casadi/core/sx_function.cpp:77]
CasADi - 2026-10-04 13:15:37 MESSAGE("nlp_hess_l::eval") [.../casadi/core/sx_function.cpp:77]
 401  1.1208897e+01 1.45e-08 1.33e+02  -1.7 4.94e-05   6.4 1.00e+00 1.00e+00f  1
CasADi - 2026-10-04 13:15:37 MESSAGE("nlp_g::eval") [.../casadi/core/sx_function.cpp:77]
CasADi - 2026-10-04 13:15:37 MESSAGE("nlp_f::eval") [.../casadi/core/sx_function.cpp:77]
CasADi - 2026-10-04 13:15:37 MESSAGE("nlp_grad_f::eval") [.../casadi/core/sx_function.cpp:77]
CasADi - 2026-10-04 13:15:37 MESSAGE("nlp_jac_g::eval") [.../casadi/core/sx_function.cpp:77]
CasADi - 2026-10-04 13:15:37 MESSAGE("nlp_hess_l::eval") [.../casadi/core/sx_function.cpp:77]
 402  1.1208773e+01 8.41e-08 8.62e+01  -1.7 9.57e-05   6.0 1.00e+00 1.00e+00f  1
CasADi - 2026-10-04 13:15:37 MESSAGE("nlp_g::eval") [.../casadi/core/sx_function.cpp:77]
CasADi - 2026-10-04 13:15:37 MESSAGE("nlp_f::eval") [.../casadi/core/sx_function.cpp:77]
CasADi - 2026-10-04 13:15:37 MESSAGE("nlp_grad_f::eval") [.../casadi/core/sx_function.cpp:77]
CasADi - 2026-10-04 13:15:37 MESSAGE("nlp_jac_g::eval") [.../casadi/core/sx_function.cpp:77]
CasADi - 2026-10-04 13:15:37 MESSAGE("nlp_hess_l::eval") [.../casadi/core/sx_function.cpp:77]
 403  1.1208562e+01 2.78e-07 5.96e+01  -1.7 1.75e-04   5.5 1.00e+00 1.00e+00f  1
CasADi - 2026-10-04 13:15:37 MESSAGE("nlp_g::eval") [.../casadi/core/sx_function.cpp:77]
CasADi - 2026-10-04 13:15:37 MESSAGE("nlp_f::eval") [.../casadi/core/sx_function.cpp:77]
CasADi - 2026-10-04 13:15:37 MESSAGE("nlp_grad_f::eval") [.../casadi/core/sx_function.cpp:77]
CasADi - 2026-10-04 13:15:37 MESSAGE("nlp_jac_g::eval") [.../casadi/core/sx_function.cpp:77]
CasADi - 2026-10-04 13:15:37 MESSAGE("nlp_hess_l::eval") [.../casadi/core/sx_function.cpp:77]
 404  1.1208146e+01 1.02e-06 6.44e+01  -1.7 3.23e-04   5.0 1.00e+00 1.00e+00f  1
CasADi - 2026-10-04 13:15:37 MESSAGE("nlp_g::eval") [.../casadi/core/sx_function.cpp:77]
CasADi - 2026-10-04 13:15:37 MESSAGE("nlp_f::eval") [.../casadi/core/sx_function.cpp:77]
CasADi - 2026-10-04 13:15:37 MESSAGE("nlp_grad_f::eval") [.../casadi/core/sx_function.cpp:77]
CasADi - 2026-10-04 13:15:37 MESSAGE("nlp_jac_g::eval") [.../casadi/core/sx_function.cpp:77]
CasADi - 2026-10-04 13:15:37 MESSAGE("nlp_hess_l::eval") [.../casadi/core/sx_function.cpp:77]
 405  1.1207395e+01 3.39e-06 7.22e+01  -1.7 5.92e-04   4.5 1.00e+00 1.00e+00f  1
CasADi - 2026-10-04 13:15:37 MESSAGE("nlp_g::eval") [.../casadi/core/sx_function.cpp:77]
CasADi - 2026-10-04 13:15:37 MESSAGE("nlp_f::eval") [.../casadi/core/sx_function.cpp:77]
CasADi - 2026-10-04 13:15:37 MESSAGE("nlp_grad_f::eval") [.../casadi/core/sx_function.cpp:77]
CasADi - 2026-10-04 13:15:37 MESSAGE("nlp_jac_g::eval") [.../casadi/core/sx_function.cpp:77]
CasADi - 2026-10-04 13:15:37 MESSAGE("nlp_hess_l::eval") [.../casadi/core/sx_function.cpp:77]
 406  1.1205948e+01 1.16e-05 7.72e+01  -1.7 1.08e-03   4.0 1.00e+00 1.00e+00f  1
CasADi - 2026-10-04 13:15:37 MESSAGE("nlp_g::eval") [.../casadi/core/sx_function.cpp:77]
CasADi - 2026-10-04 13:15:37 MESSAGE("nlp_f::eval") [.../casadi/core/sx_function.cpp:77]
CasADi - 2026-10-04 13:15:37 MESSAGE("nlp_grad_f::eval") [.../casadi/core/sx_function.cpp:77]
CasADi - 2026-10-04 13:15:37 MESSAGE("nlp_jac_g::eval") [.../casadi/core/sx_function.cpp:77]
CasADi - 2026-10-04 13:15:37 MESSAGE("nlp_hess_l::eval") [.../casadi/core/sx_function.cpp:77]
 407  1.1203237e+01 3.60e-05 8.14e+01  -1.7 1.96e-03   3.6 1.00e+00 1.00e+00f  1
CasADi - 2026-10-04 13:15:37 MESSAGE("nlp_g::eval") [.../casadi/core/sx_function.cpp:77]
CasADi - 2026-10-04 13:15:37 MESSAGE("nlp_f::eval") [.../casadi/core/sx_function.cpp:77]
CasADi - 2026-10-04 13:15:37 MESSAGE("nlp_grad_f::eval") [.../casadi/core/sx_function.cpp:77]
CasADi - 2026-10-04 13:15:37 MESSAGE("nlp_jac_g::eval") [.../casadi/core/sx_function.cpp:77]
CasADi - 2026-10-04 13:15:37 MESSAGE("nlp_hess_l::eval") [.../casadi/core/sx_function.cpp:77]
 408  1.1198173e+01 1.11e-04 8.70e+01  -1.7 3.55e-03   3.1 1.00e+00 1.00e+00f  1
CasADi - 2026-10-04 13:15:37 MESSAGE("nlp_g::eval") [.../casadi/core/sx_function.cpp:77]
CasADi - 2026-10-04 13:15:37 MESSAGE("nlp_f::eval") [.../casadi/core/sx_function.cpp:77]
CasADi - 2026-10-04 13:15:37 MESSAGE("nlp_grad_f::eval") [.../casadi/core/sx_function.cpp:77]
CasADi - 2026-10-04 13:15:37 MESSAGE("nlp_jac_g::eval") [.../casadi/core/sx_function.cpp:77]
CasADi - 2026-10-04 13:15:37 MESSAGE("nlp_hess_l::eval") [.../casadi/core/sx_function.cpp:77]
 409  1.1188875e+01 3.85e-04 1.13e+02  -1.7 6.23e-03   2.6 1.00e+00 1.00e+00f  1
CasADi - 2026-10-04 13:15:37 MESSAGE("nlp_g::eval") [.../casadi/core/sx_function.cpp:77]
CasADi - 2026-10-04 13:15:37 MESSAGE("nlp_f::eval") [.../casadi/core/sx_function.cpp:77]
CasADi - 2026-10-04 13:15:37 MESSAGE("nlp_grad_f::eval") [.../casadi/core/sx_function.cpp:77]
CasADi - 2026-10-04 13:15:37 MESSAGE("nlp_jac_g::eval") [.../casadi/core/sx_function.cpp:77]
CasADi - 2026-10-04 13:15:37 MESSAGE("nlp_hess_l::eval") [.../casadi/core/sx_function.cpp:77]
iter    objective    inf_pr   inf_du lg(mu)  ||d||  lg(rg) alpha_du alpha_pr  ls
 410  1.1171576e+01 1.29e-03 1.14e+02  -1.7 1.17e-02   2.1 1.00e+00 1.00e+00f  1
CasADi - 2026-10-04 13:15:37 MESSAGE("nlp_g::eval") [.../casadi/core/sx_function.cpp:77]
CasADi - 2026-10-04 13:15:37 MESSAGE("nlp_f::eval") [.../casadi/core/sx_function.cpp:77]
CasADi - 2026-10-04 13:15:37 MESSAGE("nlp_grad_f::eval") [.../casadi/core/sx_function.cpp:77]
CasADi - 2026-10-04 13:15:37 MESSAGE("nlp_jac_g::eval") [.../casadi/core/sx_function.cpp:77]
CasADi - 2026-10-04 13:15:37 MESSAGE("nlp_hess_l::eval") [.../casadi/core/sx_function.cpp:77]
 411  1.1138397e+01 3.66e-03 6.62e+04  -1.7 2.96e-02   1.7 7.75e-01 1.00e+00f  1
CasADi - 2026-10-04 13:15:37 MESSAGE("nlp_g::eval") [.../casadi/core/sx_function.cpp:77]
CasADi - 2026-10-04 13:15:37 MESSAGE("nlp_f::eval") [.../casadi/core/sx_function.cpp:77]
CasADi - 2026-10-04 13:15:37 MESSAGE("nlp_grad_f::eval") [.../casadi/core/sx_function.cpp:77]
CasADi - 2026-10-04 13:15:37 MESSAGE("nlp_jac_g::eval") [.../casadi/core/sx_function.cpp:77]
CasADi - 2026-10-04 13:15:37 MESSAGE("nlp_hess_l::eval") [.../casadi/core/sx_function.cpp:77]
 412  1.1126423e+01 4.84e-04 1.26e+02  -1.7 2.27e-02   2.1 1.00e+00 1.00e+00h  1
CasADi - 2026-10-04 13:15:37 MESSAGE("nlp_g::eval") [.../casadi/core/sx_function.cpp:77]
CasADi - 2026-10-04 13:15:37 MESSAGE("nlp_f::eval") [.../casadi/core/sx_function.cpp:77]
CasADi - 2026-10-04 13:15:37 MESSAGE("nlp_grad_f::eval") [.../casadi/core/sx_function.cpp:77]
CasADi - 2026-10-04 13:15:37 MESSAGE("nlp_jac_g::eval") [.../casadi/core/sx_function.cpp:77]
CasADi - 2026-10-04 13:15:37 MESSAGE("nlp_hess_l::eval") [.../casadi/core/sx_function.cpp:77]
 413  1.1098619e+01 1.49e-03 1.51e+02  -1.7 2.65e-02   1.6 1.00e+00 1.00e+00f  1
CasADi - 2026-10-04 13:15:37 MESSAGE("nlp_g::eval") [.../casadi/core/sx_function.cpp:77]
CasADi - 2026-10-04 13:15:37 MESSAGE("nlp_f::eval") [.../casadi/core/sx_function.cpp:77]
CasADi - 2026-10-04 13:15:37 MESSAGE("nlp_grad_f::eval") [.../casadi/core/sx_function.cpp:77]
CasADi - 2026-10-04 13:15:37 MESSAGE("nlp_jac_g::eval") [.../casadi/core/sx_function.cpp:77]
CasADi - 2026-10-04 13:15:37 MESSAGE("nlp_hess_l::eval") [.../casadi/core/sx_function.cpp:77]
 414  1.1089002e+01 1.74e-04 2.60e+02  -1.7 1.78e-02   2.0 1.00e+00 1.00e+00h  1
CasADi - 2026-10-04 13:15:37 MESSAGE("nlp_g::eval") [.../casadi/core/sx_function.cpp:77]
CasADi - 2026-10-04 13:15:37 MESSAGE("nlp_f::eval") [.../casadi/core/sx_function.cpp:77]
CasADi - 2026-10-04 13:15:37 MESSAGE("nlp_grad_f::eval") [.../casadi/core/sx_function.cpp:77]
CasADi - 2026-10-04 13:15:37 MESSAGE("nlp_jac_g::eval") [.../casadi/core/sx_function.cpp:77]
CasADi - 2026-10-04 13:15:37 MESSAGE("nlp_hess_l::eval") [.../casadi/core/sx_function.cpp:77]
 415  1.1064150e+01 6.83e-04 1.03e+02  -1.7 1.10e-02   1.6 1.00e+00 1.00e+00f  1
CasADi - 2026-10-04 13:15:37 MESSAGE("nlp_g::eval") [.../casadi/core/sx_function.cpp:77]
CasADi - 2026-10-04 13:15:37 MESSAGE("nlp_f::eval") [.../casadi/core/sx_function.cpp:77]
CasADi - 2026-10-04 13:15:37 MESSAGE("nlp_grad_f::eval") [.../casadi/core/sx_function.cpp:77]
CasADi - 2026-10-04 13:15:37 MESSAGE("nlp_jac_g::eval") [.../casadi/core/sx_function.cpp:77]
CasADi - 2026-10-04 13:15:37 MESSAGE("nlp_hess_l::eval") [.../casadi/core/sx_function.cpp:77]
 416  1.1003657e+01 6.31e-03 1.60e+01  -1.7 2.18e-02   1.1 1.00e+00 1.00e+00f  1
CasADi - 2026-10-04 13:15:37 MESSAGE("nlp_g::eval") [.../casadi/core/sx_function.cpp:77]
CasADi - 2026-10-04 13:15:37 MESSAGE("nlp_f::eval") [.../casadi/core/sx_function.cpp:77]
CasADi - 2026-10-04 13:15:37 MESSAGE("nlp_grad_f::eval") [.../casadi/core/sx_function.cpp:77]
CasADi - 2026-10-04 13:15:37 MESSAGE("nlp_jac_g::eval") [.../casadi/core/sx_function.cpp:77]
CasADi - 2026-10-04 13:15:37 MESSAGE("nlp_hess_l::eval") [.../casadi/core/sx_function.cpp:77]
 417  1.0845175e+01 2.28e-02 1.94e+01  -1.7 4.80e-02   0.6 1.00e+00 1.00e+00f  1
CasADi - 2026-10-04 13:15:37 MESSAGE("nlp_g::eval") [.../casadi/core/sx_function.cpp:77]
CasADi - 2026-10-04 13:15:37 MESSAGE("nlp_f::eval") [.../casadi/core/sx_function.cpp:77]
CasADi - 2026-10-04 13:15:37 MESSAGE("nlp_grad_f::eval") [.../casadi/core/sx_function.cpp:77]
CasADi - 2026-10-04 13:15:37 MESSAGE("nlp_jac_g::eval") [.../casadi/core/sx_function.cpp:77]
CasADi - 2026-10-04 13:15:37 MESSAGE("nlp_hess_l::eval") [.../casadi/core/sx_function.cpp:77]
 418  1.0719213e+01 1.01e-01 2.11e+04  -1.7 4.80e-01   0.1 1.05e-01 3.36e-01h  1
CasADi - 2026-10-04 13:15:37 MESSAGE("nlp_g::eval") [.../casadi/core/sx_function.cpp:77]
CasADi - 2026-10-04 13:15:37 MESSAGE("nlp_f::eval") [.../casadi/core/sx_function.cpp:77]
CasADi - 2026-10-04 13:15:37 MESSAGE("nlp_grad_f::eval") [.../casadi/core/sx_function.cpp:77]
CasADi - 2026-10-04 13:15:37 MESSAGE("nlp_jac_g::eval") [.../casadi/core/sx_function.cpp:77]
CasADi - 2026-10-04 13:15:37 MESSAGE("nlp_hess_l::eval") [.../casadi/core/sx_function.cpp:77]
 419  1.0572370e+01 2.29e-02 1.69e+02  -1.7 5.28e-02   0.6 1.00e+00 1.00e+00h  1
CasADi - 2026-10-04 13:15:37 MESSAGE("nlp_g::eval") [.../casadi/core/sx_function.cpp:77]
CasADi - 2026-10-04 13:15:37 MESSAGE("nlp_f::eval") [.../casadi/core/sx_function.cpp:77]
CasADi - 2026-10-04 13:15:37 MESSAGE("nlp_grad_f::eval") [.../casadi/core/sx_function.cpp:77]
CasADi - 2026-10-04 13:15:37 MESSAGE("nlp_jac_g::eval") [.../casadi/core/sx_function.cpp:77]
CasADi - 2026-10-04 13:15:37 MESSAGE("nlp_hess_l::eval") [.../casadi/core/sx_function.cpp:77]
iter    objective    inf_pr   inf_du lg(mu)  ||d||  lg(rg) alpha_du alpha_pr  ls
 420  1.0218363e+01 1.42e-01 1.32e+04  -1.7 1.51e-01   0.1 5.22e-01 1.00e+00h  1
CasADi - 2026-10-04 13:15:37 MESSAGE("nlp_g::eval") [.../casadi/core/sx_function.cpp:77]
CasADi - 2026-10-04 13:15:37 MESSAGE("nlp_f::eval") [.../casadi/core/sx_function.cpp:77]
CasADi - 2026-10-04 13:15:37 MESSAGE("nlp_grad_f::eval") [.../casadi/core/sx_function.cpp:77]
CasADi - 2026-10-04 13:15:37 MESSAGE("nlp_jac_g::eval") [.../casadi/core/sx_function.cpp:77]
CasADi - 2026-10-04 13:15:37 MESSAGE("nlp_hess_l::eval") [.../casadi/core/sx_function.cpp:77]
 421  1.0130646e+01 1.01e-01 3.88e+04  -1.7 1.60e-01   0.5 1.07e-01 5.75e-01h  1
CasADi - 2026-10-04 13:15:37 MESSAGE("nlp_g::eval") [.../casadi/core/sx_function.cpp:77]
CasADi - 2026-10-04 13:15:37 MESSAGE("nlp_f::eval") [.../casadi/core/sx_function.cpp:77]
CasADi - 2026-10-04 13:15:37 MESSAGE("nlp_grad_f::eval") [.../casadi/core/sx_function.cpp:77]
CasADi - 2026-10-04 13:15:37 MESSAGE("nlp_jac_g::eval") [.../casadi/core/sx_function.cpp:77]
CasADi - 2026-10-04 13:15:37 MESSAGE("nlp_hess_l::eval") [.../casadi/core/sx_function.cpp:77]
 422  1.0093178e+01 5.03e-02 9.20e+03  -1.7 9.14e-02   0.9 3.24e-01 8.94e-01h  1
CasADi - 2026-10-04 13:15:37 MESSAGE("nlp_g::eval") [.../casadi/core/sx_function.cpp:77]
CasADi - 2026-10-04 13:15:37 MESSAGE("nlp_f::eval") [.../casadi/core/sx_function.cpp:77]
CasADi - 2026-10-04 13:15:37 MESSAGE("nlp_grad_f::eval") [.../casadi/core/sx_function.cpp:77]
CasADi - 2026-10-04 13:15:37 MESSAGE("nlp_jac_g::eval") [.../casadi/core/sx_function.cpp:77]
CasADi - 2026-10-04 13:15:37 MESSAGE("nlp_hess_l::eval") [.../casadi/core/sx_function.cpp:77]
 423  1.0018358e+01 4.04e-02 5.27e+03  -1.7 1.37e-01   0.5 5.05e-01 5.80e-01f  1
CasADi - 2026-10-04 13:15:37 MESSAGE("nlp_g::eval") [.../casadi/core/sx_function.cpp:77]
CasADi - 2026-10-04 13:15:37 MESSAGE("nlp_f::eval") [.../casadi/core/sx_function.cpp:77]
CasADi - 2026-10-04 13:15:37 MESSAGE("nlp_grad_f::eval") [.../casadi/core/sx_function.cpp:77]
CasADi - 2026-10-04 13:15:37 MESSAGE("nlp_jac_g::eval") [.../casadi/core/sx_function.cpp:77]
CasADi - 2026-10-04 13:15:37 MESSAGE("nlp_hess_l::eval") [.../casadi/core/sx_function.cpp:77]
 424  9.7643556e+00 9.99e-02 2.27e+03  -1.7 3.31e-01  -0.0 6.87e-01 7.12e-01f  1
CasADi - 2026-10-04 13:15:37 MESSAGE("nlp_g::eval") [.../casadi/core/sx_function.cpp:77]
CasADi - 2026-10-04 13:15:37 MESSAGE("nlp_f::eval") [.../casadi/core/sx_function.cpp:77]
CasADi - 2026-10-04 13:15:37 MESSAGE("nlp_grad_f::eval") [.../casadi/core/sx_function.cpp:77]
CasADi - 2026-10-04 13:15:37 MESSAGE("nlp_jac_g::eval") [.../casadi/core/sx_function.cpp:77]
CasADi - 2026-10-04 13:15:37 MESSAGE("nlp_hess_l::eval") [.../casadi/core/sx_function.cpp:77]
 425  9.7628356e+00 7.67e-02 5.87e+03  -1.7 1.62e-01   1.3 4.13e-01 2.32e-01h  1
CasADi - 2026-10-04 13:15:37 MESSAGE("nlp_g::eval") [.../casadi/core/sx_function.cpp:77]
CasADi - 2026-10-04 13:15:37 MESSAGE("nlp_f::eval") [.../casadi/core/sx_function.cpp:77]
CasADi - 2026-10-04 13:15:37 MESSAGE("nlp_grad_f::eval") [.../casadi/core/sx_function.cpp:77]
CasADi - 2026-10-04 13:15:37 MESSAGE("nlp_jac_g::eval") [.../casadi/core/sx_function.cpp:77]
CasADi - 2026-10-04 13:15:37 MESSAGE("nlp_hess_l::eval") [.../casadi/core/sx_function.cpp:77]
 426  9.7501895e+00 5.37e-02 5.72e+03  -1.7 3.95e-01   0.8 8.44e-02 3.05e-01h  1
CasADi - 2026-10-04 13:15:37 MESSAGE("nlp_g::eval") [.../casadi/core/sx_function.cpp:77]
CasADi - 2026-10-04 13:15:37 MESSAGE("nlp_f::eval") [.../casadi/core/sx_function.cpp:77]
CasADi - 2026-10-04 13:15:37 MESSAGE("nlp_grad_f::eval") [.../casadi/core/sx_function.cpp:77]
CasADi - 2026-10-04 13:15:37 MESSAGE("nlp_jac_g::eval") [.../casadi/core/sx_function.cpp:77]
CasADi - 2026-10-04 13:15:37 MESSAGE("nlp_hess_l::eval") [.../casadi/core/sx_function.cpp:77]
 427  9.6659185e+00 2.90e-02 8.40e+03  -1.7 2.17e-01   0.3 2.31e-01 6.73e-01f  1
CasADi - 2026-10-04 13:15:37 MESSAGE("nlp_g::eval") [.../casadi/core/sx_function.cpp:77]
CasADi - 2026-10-04 13:15:37 MESSAGE("nlp_f::eval") [.../casadi/core/sx_function.cpp:77]
CasADi - 2026-10-04 13:15:37 MESSAGE("nlp_grad_f::eval") [.../casadi/core/sx_function.cpp:77]
CasADi - 2026-10-04 13:15:37 MESSAGE("nlp_jac_g::eval") [.../casadi/core/sx_function.cpp:77]
CasADi - 2026-10-04 13:15:37 MESSAGE("nlp_hess_l::eval") [.../casadi/core/sx_function.cpp:77]
 428  9.5650191e+00 4.06e-02 1.97e+05  -1.7 3.01e-01  -0.1 6.41e-01 2.81e-01f  1
CasADi - 2026-10-04 13:15:37 MESSAGE("nlp_g::eval") [.../casadi/core/sx_function.cpp:77]
CasADi - 2026-10-04 13:15:37 MESSAGE("nlp_f::eval") [.../casadi/core/sx_function.cpp:77]
CasADi - 2026-10-04 13:15:37 MESSAGE("nlp_grad_f::eval") [.../casadi/core/sx_function.cpp:77]
CasADi - 2026-10-04 13:15:37 MESSAGE("nlp_jac_g::eval") [.../casadi/core/sx_function.cpp:77]
CasADi - 2026-10-04 13:15:37 MESSAGE("nlp_hess_l::eval") [.../casadi/core/sx_function.cpp:77]
 429  9.5480357e+00 9.33e-03 5.44e+05  -1.7 9.39e-02   1.2 3.23e-01 1.00e+00h  1
CasADi - 2026-10-04 13:15:37 MESSAGE("nlp_g::eval") [.../casadi/core/sx_function.cpp:77]
CasADi - 2026-10-04 13:15:37 MESSAGE("nlp_f::eval") [.../casadi/core/sx_function.cpp:77]
CasADi - 2026-10-04 13:15:37 MESSAGE("nlp_grad_f::eval") [.../casadi/core/sx_function.cpp:77]
CasADi - 2026-10-04 13:15:37 MESSAGE("nlp_jac_g::eval") [.../casadi/core/sx_function.cpp:77]
CasADi - 2026-10-04 13:15:37 MESSAGE("nlp_hess_l::eval") [.../casadi/core/sx_function.cpp:77]
iter    objective    inf_pr   inf_du lg(mu)  ||d||  lg(rg) alpha_du alpha_pr  ls
 430  9.5423305e+00 9.67e-04 1.22e+02  -1.7 1.90e-02   1.6 1.00e+00 1.00e+00h  1
CasADi - 2026-10-04 13:15:38 MESSAGE("nlp_g::eval") [.../casadi/core/sx_function.cpp:77]
CasADi - 2026-10-04 13:15:38 MESSAGE("nlp_f::eval") [.../casadi/core/sx_function.cpp:77]
CasADi - 2026-10-04 13:15:38 MESSAGE("nlp_grad_f::eval") [.../casadi/core/sx_function.cpp:77]
CasADi - 2026-10-04 13:15:38 MESSAGE("nlp_jac_g::eval") [.../casadi/core/sx_function.cpp:77]
CasADi - 2026-10-04 13:15:38 MESSAGE("nlp_hess_l::eval") [.../casadi/core/sx_function.cpp:77]
 431  9.5230969e+00 8.07e-04 1.12e+01  -1.7 1.83e-02   1.1 1.00e+00 1.00e+00h  1
CasADi - 2026-10-04 13:15:38 MESSAGE("nlp_g::eval") [.../casadi/core/sx_function.cpp:77]
CasADi - 2026-10-04 13:15:38 MESSAGE("nlp_f::eval") [.../casadi/core/sx_function.cpp:77]
CasADi - 2026-10-04 13:15:38 MESSAGE("nlp_grad_f::eval") [.../casadi/core/sx_function.cpp:77]
CasADi - 2026-10-04 13:15:38 MESSAGE("nlp_jac_g::eval") [.../casadi/core/sx_function.cpp:77]
CasADi - 2026-10-04 13:15:38 MESSAGE("nlp_hess_l::eval") [.../casadi/core/sx_function.cpp:77]
 432  9.4673652e+00 5.86e-03 6.65e+00  -1.7 4.22e-02   0.7 1.00e+00 1.00e+00h  1
CasADi - 2026-10-04 13:15:38 MESSAGE("nlp_g::eval") [.../casadi/core/sx_function.cpp:77]
CasADi - 2026-10-04 13:15:38 MESSAGE("nlp_f::eval") [.../casadi/core/sx_function.cpp:77]
CasADi - 2026-10-04 13:15:38 MESSAGE("nlp_grad_f::eval") [.../casadi/core/sx_function.cpp:77]
CasADi - 2026-10-04 13:15:38 MESSAGE("nlp_jac_g::eval") [.../casadi/core/sx_function.cpp:77]
CasADi - 2026-10-04 13:15:38 MESSAGE("nlp_hess_l::eval") [.../casadi/core/sx_function.cpp:77]
 433  9.3120583e+00 5.45e-02 1.30e+02  -1.7 1.08e-01   0.2 1.00e+00 1.00e+00h  1
CasADi - 2026-10-04 13:15:38 MESSAGE("nlp_g::eval") [.../casadi/core/sx_function.cpp:77]
CasADi - 2026-10-04 13:15:38 MESSAGE("nlp_f::eval") [.../casadi/core/sx_function.cpp:77]
CasADi - 2026-10-04 13:15:38 MESSAGE("nlp_grad_f::eval") [.../casadi/core/sx_function.cpp:77]
CasADi - 2026-10-04 13:15:38 MESSAGE("nlp_jac_g::eval") [.../casadi/core/sx_function.cpp:77]
CasADi - 2026-10-04 13:15:38 MESSAGE("nlp_hess_l::eval") [.../casadi/core/sx_function.cpp:77]
 434  9.3003004e+00 4.24e-02 6.58e+03  -1.7 6.87e-02   1.5 6.66e-01 5.58e-01h  1
CasADi - 2026-10-04 13:15:38 MESSAGE("nlp_g::eval") [.../casadi/core/sx_function.cpp:77]
CasADi - 2026-10-04 13:15:38 MESSAGE("nlp_f::eval") [.../casadi/core/sx_function.cpp:77]
CasADi - 2026-10-04 13:15:38 MESSAGE("nlp_grad_f::eval") [.../casadi/core/sx_function.cpp:77]
CasADi - 2026-10-04 13:15:38 MESSAGE("nlp_jac_g::eval") [.../casadi/core/sx_function.cpp:77]
CasADi - 2026-10-04 13:15:38 MESSAGE("nlp_hess_l::eval") [.../casadi/core/sx_function.cpp:77]
 435  9.2863150e+00 2.68e-03 1.64e+04  -1.7 4.21e-02   1.0 3.51e-01 1.00e+00h  1
CasADi - 2026-10-04 13:15:38 MESSAGE("nlp_g::eval") [.../casadi/core/sx_function.cpp:77]
CasADi - 2026-10-04 13:15:38 MESSAGE("nlp_f::eval") [.../casadi/core/sx_function.cpp:77]
CasADi - 2026-10-04 13:15:38 MESSAGE("nlp_grad_f::eval") [.../casadi/core/sx_function.cpp:77]
CasADi - 2026-10-04 13:15:38 MESSAGE("nlp_jac_g::eval") [.../casadi/core/sx_function.cpp:77]
CasADi - 2026-10-04 13:15:38 MESSAGE("nlp_hess_l::eval") [.../casadi/core/sx_function.cpp:77]
 436  9.2347552e+00 3.95e-03 3.13e+01  -1.7 5.69e-02   0.6 1.00e+00 1.00e+00h  1
CasADi - 2026-10-04 13:15:38 MESSAGE("nlp_g::eval") [.../casadi/core/sx_function.cpp:77]
CasADi - 2026-10-04 13:15:38 MESSAGE("nlp_f::eval") [.../casadi/core/sx_function.cpp:77]
CasADi - 2026-10-04 13:15:38 MESSAGE("nlp_grad_f::eval") [.../casadi/core/sx_function.cpp:77]
CasADi - 2026-10-04 13:15:38 MESSAGE("nlp_jac_g::eval") [.../casadi/core/sx_function.cpp:77]
CasADi - 2026-10-04 13:15:38 MESSAGE("nlp_hess_l::eval") [.../casadi/core/sx_function.cpp:77]
 437  9.0998660e+00 4.29e-02 5.84e+01  -1.7 1.26e-01   0.1 1.00e+00 1.00e+00h  1
CasADi - 2026-10-04 13:15:38 MESSAGE("nlp_g::eval") [.../casadi/core/sx_function.cpp:77]
CasADi - 2026-10-04 13:15:38 MESSAGE("nlp_f::eval") [.../casadi/core/sx_function.cpp:77]
CasADi - 2026-10-04 13:15:38 MESSAGE("nlp_grad_f::eval") [.../casadi/core/sx_function.cpp:77]
CasADi - 2026-10-04 13:15:38 MESSAGE("nlp_jac_g::eval") [.../casadi/core/sx_function.cpp:77]
CasADi - 2026-10-04 13:15:38 MESSAGE("nlp_hess_l::eval") [.../casadi/core/sx_function.cpp:77]
 438  8.8634899e+00 7.07e-02 3.13e+03  -1.7 1.81e-01  -0.4 8.91e-01 1.00e+00h  1
CasADi - 2026-10-04 13:15:38 MESSAGE("nlp_g::eval") [.../casadi/core/sx_function.cpp:77]
CasADi - 2026-10-04 13:15:38 MESSAGE("nlp_f::eval") [.../casadi/core/sx_function.cpp:77]
CasADi - 2026-10-04 13:15:38 MESSAGE("nlp_grad_f::eval") [.../casadi/core/sx_function.cpp:77]
CasADi - 2026-10-04 13:15:38 MESSAGE("nlp_jac_g::eval") [.../casadi/core/sx_function.cpp:77]
CasADi - 2026-10-04 13:15:38 MESSAGE("nlp_hess_l::eval") [.../casadi/core/sx_function.cpp:77]
 439  8.6263275e+00 1.41e-01 8.24e+00  -1.7 1.84e-01  -0.9 1.00e+00 1.00e+00h  1
CasADi - 2026-10-04 13:15:38 MESSAGE("nlp_g::eval") [.../casadi/core/sx_function.cpp:77]
CasADi - 2026-10-04 13:15:38 MESSAGE("nlp_f::eval") [.../casadi/core/sx_function.cpp:77]
CasADi - 2026-10-04 13:15:38 MESSAGE("nlp_grad_f::eval") [.../casadi/core/sx_function.cpp:77]
CasADi - 2026-10-04 13:15:38 MESSAGE("nlp_jac_g::eval") [.../casadi/core/sx_function.cpp:77]
CasADi - 2026-10-04 13:15:38 MESSAGE("nlp_hess_l::eval") [.../casadi/core/sx_function.cpp:77]
iter    objective    inf_pr   inf_du lg(mu)  ||d||  lg(rg) alpha_du alpha_pr  ls
 440  8.5371997e+00 2.74e-01 1.73e+03  -1.7 5.58e-01  -1.3 1.00e+00 8.57e-01h  1
CasADi - 2026-10-04 13:15:38 MESSAGE("nlp_g::eval") [.../casadi/core/sx_function.cpp:77]
CasADi - 2026-10-04 13:15:38 MESSAGE("nlp_f::eval") [.../casadi/core/sx_function.cpp:77]
CasADi - 2026-10-04 13:15:38 MESSAGE("nlp_grad_f::eval") [.../casadi/core/sx_function.cpp:77]
CasADi - 2026-10-04 13:15:38 MESSAGE("nlp_jac_g::eval") [.../casadi/core/sx_function.cpp:77]
CasADi - 2026-10-04 13:15:38 MESSAGE("nlp_hess_l::eval") [.../casadi/core/sx_function.cpp:77]
 441  8.5231006e+00 4.78e-02 8.20e+00  -1.7 1.74e-01  -0.9 1.00e+00 1.00e+00h  1
CasADi - 2026-10-04 13:15:38 MESSAGE("nlp_g::eval") [.../casadi/core/sx_function.cpp:77]
CasADi - 2026-10-04 13:15:38 MESSAGE("nlp_f::eval") [.../casadi/core/sx_function.cpp:77]
CasADi - 2026-10-04 13:15:38 MESSAGE("nlp_grad_f::eval") [.../casadi/core/sx_function.cpp:77]
CasADi - 2026-10-04 13:15:38 MESSAGE("nlp_jac_g::eval") [.../casadi/core/sx_function.cpp:77]
CasADi - 2026-10-04 13:15:38 MESSAGE("nlp_hess_l::eval") [.../casadi/core/sx_function.cpp:77]
 442  8.5223317e+00 3.00e-03 4.44e-01  -1.7 6.38e-02  -0.5 1.00e+00 1.00e+00h  1
CasADi - 2026-10-04 13:15:38 MESSAGE("nlp_g::eval") [.../casadi/core/sx_function.cpp:77]
CasADi - 2026-10-04 13:15:38 MESSAGE("nlp_f::eval") [.../casadi/core/sx_function.cpp:77]
CasADi - 2026-10-04 13:15:38 MESSAGE("nlp_grad_f::eval") [.../casadi/core/sx_function.cpp:77]
CasADi - 2026-10-04 13:15:38 MESSAGE("nlp_jac_g::eval") [.../casadi/core/sx_function.cpp:77]
CasADi - 2026-10-04 13:15:38 MESSAGE("nlp_hess_l::eval") [.../casadi/core/sx_function.cpp:77]
 443  8.3018127e+00 1.32e-02 1.69e+03  -2.5 1.08e-01  -1.0 9.73e-01 1.00e+00h  1
CasADi - 2026-10-04 13:15:38 MESSAGE("nlp_g::eval") [.../casadi/core/sx_function.cpp:77]
CasADi - 2026-10-04 13:15:38 MESSAGE("nlp_f::eval") [.../casadi/core/sx_function.cpp:77]
CasADi - 2026-10-04 13:15:38 MESSAGE("nlp_grad_f::eval") [.../casadi/core/sx_function.cpp:77]
CasADi - 2026-10-04 13:15:38 MESSAGE("nlp_jac_g::eval") [.../casadi/core/sx_function.cpp:77]
CasADi - 2026-10-04 13:15:38 MESSAGE("nlp_hess_l::eval") [.../casadi/core/sx_function.cpp:77]
 444  7.7748889e+00 6.05e-02 1.13e+00  -2.5 2.26e-01  -1.4 1.00e+00 1.00e+00h  1
CasADi - 2026-10-04 13:15:38 MESSAGE("nlp_g::eval") [.../casadi/core/sx_function.cpp:77]
CasADi - 2026-10-04 13:15:38 MESSAGE("nlp_f::eval") [.../casadi/core/sx_function.cpp:77]
CasADi - 2026-10-04 13:15:38 MESSAGE("nlp_grad_f::eval") [.../casadi/core/sx_function.cpp:77]
CasADi - 2026-10-04 13:15:38 MESSAGE("nlp_jac_g::eval") [.../casadi/core/sx_function.cpp:77]
CasADi - 2026-10-04 13:15:38 MESSAGE("nlp_hess_l::eval") [.../casadi/core/sx_function.cpp:77]
 445  7.6676652e+00 1.16e-01 1.07e+03  -2.5 3.85e-01  -1.9 1.00e+00 5.67e-01h  1
CasADi - 2026-10-04 13:15:38 MESSAGE("nlp_g::eval") [.../casadi/core/sx_function.cpp:77]
CasADi - 2026-10-04 13:15:38 MESSAGE("nlp_f::eval") [.../casadi/core/sx_function.cpp:77]
CasADi - 2026-10-04 13:15:38 MESSAGE("nlp_grad_f::eval") [.../casadi/core/sx_function.cpp:77]
CasADi - 2026-10-04 13:15:38 MESSAGE("nlp_jac_g::eval") [.../casadi/core/sx_function.cpp:77]
CasADi - 2026-10-04 13:15:38 MESSAGE("nlp_hess_l::eval") [.../casadi/core/sx_function.cpp:77]
 446  7.6124275e+00 1.26e-01 3.60e+03  -2.5 7.15e-01  -2.4 1.00e+00 4.22e-01h  1
CasADi - 2026-10-04 13:15:38 MESSAGE("nlp_g::eval") [.../casadi/core/sx_function.cpp:77]
CasADi - 2026-10-04 13:15:38 MESSAGE("nlp_f::eval") [.../casadi/core/sx_function.cpp:77]
CasADi - 2026-10-04 13:15:38 MESSAGE("nlp_g::eval") [.../casadi/core/sx_function.cpp:77]
CasADi - 2026-10-04 13:15:38 MESSAGE("nlp_f::eval") [.../casadi/core/sx_function.cpp:77]
CasADi - 2026-10-04 13:15:38 MESSAGE("nlp_g::eval") [.../casadi/core/sx_function.cpp:77]
CasADi - 2026-10-04 13:15:38 MESSAGE("nlp_f::eval") [.../casadi/core/sx_function.cpp:77]
CasADi - 2026-10-04 13:15:38 MESSAGE("nlp_g::eval") [.../casadi/core/sx_function.cpp:77]
CasADi - 2026-10-04 13:15:38 MESSAGE("nlp_f::eval") [.../casadi/core/sx_function.cpp:77]
CasADi - 2026-10-04 13:15:38 MESSAGE("nlp_grad_f::eval") [.../casadi/core/sx_function.cpp:77]
CasADi - 2026-10-04 13:15:38 MESSAGE("nlp_jac_g::eval") [.../casadi/core/sx_function.cpp:77]
CasADi - 2026-10-04 13:15:38 MESSAGE("nlp_hess_l::eval") [.../casadi/core/sx_function.cpp:77]
 447  7.5882032e+00 1.40e-01 1.75e+03  -2.5 1.37e+00  -2.9 2.17e-01 4.29e-01h  2
CasADi - 2026-10-04 13:15:38 MESSAGE("nlp_g::eval") [.../casadi/core/sx_function.cpp:77]
CasADi - 2026-10-04 13:15:38 MESSAGE("nlp_f::eval") [.../casadi/core/sx_function.cpp:77]
CasADi - 2026-10-04 13:15:38 MESSAGE("nlp_grad_f::eval") [.../casadi/core/sx_function.cpp:77]
CasADi - 2026-10-04 13:15:38 MESSAGE("nlp_jac_g::eval") [.../casadi/core/sx_function.cpp:77]
CasADi - 2026-10-04 13:15:38 MESSAGE("nlp_hess_l::eval") [.../casadi/core/sx_function.cpp:77]
 448  7.5887908e+00 6.49e-03 1.10e+03  -2.5 6.55e-02   0.3 4.60e-01 1.00e+00h  1
CasADi - 2026-10-04 13:15:38 MESSAGE("nlp_g::eval") [.../casadi/core/sx_function.cpp:77]
CasADi - 2026-10-04 13:15:38 MESSAGE("nlp_f::eval") [.../casadi/core/sx_function.cpp:77]
CasADi - 2026-10-04 13:15:38 MESSAGE("nlp_g::eval") [.../casadi/core/sx_function.cpp:77]
CasADi - 2026-10-04 13:15:38 MESSAGE("nlp_f::eval") [.../casadi/core/sx_function.cpp:77]
CasADi - 2026-10-04 13:15:38 MESSAGE("nlp_g::eval") [.../casadi/core/sx_function.cpp:77]
CasADi - 2026-10-04 13:15:38 MESSAGE("nlp_f::eval") [.../casadi/core/sx_function.cpp:77]
CasADi - 2026-10-04 13:15:38 MESSAGE("nlp_grad_f::eval") [.../casadi/core/sx_function.cpp:77]
CasADi - 2026-10-04 13:15:38 MESSAGE("nlp_jac_g::eval") [.../casadi/core/sx_function.cpp:77]
CasADi - 2026-10-04 13:15:38 MESSAGE("nlp_hess_l::eval") [.../casadi/core/sx_function.cpp:77]
 449  7.5871595e+00 5.15e-03 9.45e+02  -2.5 2.62e-01  -0.2 2.10e-01 3.20e-01h  2
CasADi - 2026-10-04 13:15:38 MESSAGE("nlp_g::eval") [.../casadi/core/sx_function.cpp:77]
CasADi - 2026-10-04 13:15:38 MESSAGE("nlp_f::eval") [.../casadi/core/sx_function.cpp:77]
CasADi - 2026-10-04 13:15:38 MESSAGE("nlp_grad_f::eval") [.../casadi/core/sx_function.cpp:77]
CasADi - 2026-10-04 13:15:38 MESSAGE("nlp_jac_g::eval") [.../casadi/core/sx_function.cpp:77]
CasADi - 2026-10-04 13:15:38 MESSAGE("nlp_hess_l::eval") [.../casadi/core/sx_function.cpp:77]
iter    objective    inf_pr   inf_du lg(mu)  ||d||  lg(rg) alpha_du alpha_pr  ls
 450  7.5877431e+00 2.62e-03 2.38e+02  -2.5 2.89e-02   1.1 1.00e+00 1.00e+00h  1
CasADi - 2026-10-04 13:15:38 MESSAGE("nlp_g::eval") [.../casadi/core/sx_function.cpp:77]
CasADi - 2026-10-04 13:15:38 MESSAGE("nlp_f::eval") [.../casadi/core/sx_function.cpp:77]
CasADi - 2026-10-04 13:15:38 MESSAGE("nlp_grad_f::eval") [.../casadi/core/sx_function.cpp:77]
CasADi - 2026-10-04 13:15:38 MESSAGE("nlp_jac_g::eval") [.../casadi/core/sx_function.cpp:77]
CasADi - 2026-10-04 13:15:38 MESSAGE("nlp_hess_l::eval") [.../casadi/core/sx_function.cpp:77]
 451  7.5870031e+00 5.82e-05 1.26e+01  -2.5 4.20e-02   0.6 1.00e+00 1.00e+00h  1
CasADi - 2026-10-04 13:15:38 MESSAGE("nlp_g::eval") [.../casadi/core/sx_function.cpp:77]
CasADi - 2026-10-04 13:15:38 MESSAGE("nlp_f::eval") [.../casadi/core/sx_function.cpp:77]
CasADi - 2026-10-04 13:15:38 MESSAGE("nlp_grad_f::eval") [.../casadi/core/sx_function.cpp:77]
CasADi - 2026-10-04 13:15:38 MESSAGE("nlp_jac_g::eval") [.../casadi/core/sx_function.cpp:77]
CasADi - 2026-10-04 13:15:38 MESSAGE("nlp_hess_l::eval") [.../casadi/core/sx_function.cpp:77]
 452  7.5848189e+00 5.85e-05 5.32e+00  -2.5 1.42e-02   0.2 1.00e+00 1.00e+00h  1
CasADi - 2026-10-04 13:15:38 MESSAGE("nlp_g::eval") [.../casadi/core/sx_function.cpp:77]
CasADi - 2026-10-04 13:15:38 MESSAGE("nlp_f::eval") [.../casadi/core/sx_function.cpp:77]
CasADi - 2026-10-04 13:15:38 MESSAGE("nlp_grad_f::eval") [.../casadi/core/sx_function.cpp:77]
CasADi - 2026-10-04 13:15:38 MESSAGE("nlp_jac_g::eval") [.../casadi/core/sx_function.cpp:77]
CasADi - 2026-10-04 13:15:38 MESSAGE("nlp_hess_l::eval") [.../casadi/core/sx_function.cpp:77]
 453  7.5795687e+00 1.30e-04 6.15e-01  -2.5 2.12e-02  -0.3 1.00e+00 1.00e+00h  1
CasADi - 2026-10-04 13:15:38 MESSAGE("nlp_g::eval") [.../casadi/core/sx_function.cpp:77]
CasADi - 2026-10-04 13:15:38 MESSAGE("nlp_f::eval") [.../casadi/core/sx_function.cpp:77]
CasADi - 2026-10-04 13:15:38 MESSAGE("nlp_grad_f::eval") [.../casadi/core/sx_function.cpp:77]
CasADi - 2026-10-04 13:15:38 MESSAGE("nlp_jac_g::eval") [.../casadi/core/sx_function.cpp:77]
CasADi - 2026-10-04 13:15:38 MESSAGE("nlp_hess_l::eval") [.../casadi/core/sx_function.cpp:77]
 454  7.5704293e+00 7.85e-04 3.42e-01  -2.5 3.42e-02  -0.8 1.00e+00 1.00e+00h  1
CasADi - 2026-10-04 13:15:38 MESSAGE("nlp_g::eval") [.../casadi/core/sx_function.cpp:77]
CasADi - 2026-10-04 13:15:38 MESSAGE("nlp_f::eval") [.../casadi/core/sx_function.cpp:77]
CasADi - 2026-10-04 13:15:38 MESSAGE("nlp_grad_f::eval") [.../casadi/core/sx_function.cpp:77]
CasADi - 2026-10-04 13:15:38 MESSAGE("nlp_jac_g::eval") [.../casadi/core/sx_function.cpp:77]
CasADi - 2026-10-04 13:15:38 MESSAGE("nlp_hess_l::eval") [.../casadi/core/sx_function.cpp:77]
 455  7.5586293e+00 7.96e-03 1.19e-01  -2.5 8.44e-02  -1.3 1.00e+00 1.00e+00h  1
CasADi - 2026-10-04 13:15:38 MESSAGE("nlp_g::eval") [.../casadi/core/sx_function.cpp:77]
CasADi - 2026-10-04 13:15:38 MESSAGE("nlp_f::eval") [.../casadi/core/sx_function.cpp:77]
CasADi - 2026-10-04 13:15:38 MESSAGE("nlp_g::eval") [.../casadi/core/sx_function.cpp:77]
CasADi - 2026-10-04 13:15:38 MESSAGE("nlp_f::eval") [.../casadi/core/sx_function.cpp:77]
CasADi - 2026-10-04 13:15:38 MESSAGE("nlp_g::eval") [.../casadi/core/sx_function.cpp:77]
CasADi - 2026-10-04 13:15:38 MESSAGE("nlp_f::eval") [.../casadi/core/sx_function.cpp:77]
CasADi - 2026-10-04 13:15:38 MESSAGE("nlp_g::eval") [.../casadi/core/sx_function.cpp:77]
CasADi - 2026-10-04 13:15:38 MESSAGE("nlp_f::eval") [.../casadi/core/sx_function.cpp:77]
CasADi - 2026-10-04 13:15:38 MESSAGE("nlp_grad_f::eval") [.../casadi/core/sx_function.cpp:77]
CasADi - 2026-10-04 13:15:38 MESSAGE("nlp_jac_g::eval") [.../casadi/core/sx_function.cpp:77]
CasADi - 2026-10-04 13:15:38 MESSAGE("nlp_hess_l::eval") [.../casadi/core/sx_function.cpp:77]
 456  7.5521882e+00 2.97e-02 3.67e+02  -2.5 2.67e-01  -1.7 1.00e+00 5.00e-01h  2
CasADi - 2026-10-04 13:15:38 MESSAGE("nlp_g::eval") [.../casadi/core/sx_function.cpp:77]
CasADi - 2026-10-04 13:15:38 MESSAGE("nlp_f::eval") [.../casadi/core/sx_function.cpp:77]
CasADi - 2026-10-04 13:15:38 MESSAGE("nlp_g::eval") [.../casadi/core/sx_function.cpp:77]
CasADi - 2026-10-04 13:15:38 MESSAGE("nlp_f::eval") [.../casadi/core/sx_function.cpp:77]
CasADi - 2026-10-04 13:15:38 MESSAGE("nlp_g::eval") [.../casadi/core/sx_function.cpp:77]
CasADi - 2026-10-04 13:15:38 MESSAGE("nlp_f::eval") [.../casadi/core/sx_function.cpp:77]
CasADi - 2026-10-04 13:15:38 MESSAGE("nlp_g::eval") [.../casadi/core/sx_function.cpp:77]
CasADi - 2026-10-04 13:15:38 MESSAGE("nlp_f::eval") [.../casadi/core/sx_function.cpp:77]
CasADi - 2026-10-04 13:15:38 MESSAGE("nlp_grad_f::eval") [.../casadi/core/sx_function.cpp:77]
CasADi - 2026-10-04 13:15:38 MESSAGE("nlp_jac_g::eval") [.../casadi/core/sx_function.cpp:77]
CasADi - 2026-10-04 13:15:38 MESSAGE("nlp_hess_l::eval") [.../casadi/core/sx_function.cpp:77]
 457  7.5476999e+00 4.85e-02 5.00e+03  -2.5 2.04e+00    -  4.17e-01 8.10e-02h  2
CasADi - 2026-10-04 13:15:38 MESSAGE("nlp_g::eval") [.../casadi/core/sx_function.cpp:77]
CasADi - 2026-10-04 13:15:38 MESSAGE("nlp_f::eval") [.../casadi/core/sx_function.cpp:77]
CasADi - 2026-10-04 13:15:38 MESSAGE("nlp_g::eval") [.../casadi/core/sx_function.cpp:77]
CasADi - 2026-10-04 13:15:38 MESSAGE("nlp_f::eval") [.../casadi/core/sx_function.cpp:77]
CasADi - 2026-10-04 13:15:38 MESSAGE("nlp_g::eval") [.../casadi/core/sx_function.cpp:77]
CasADi - 2026-10-04 13:15:38 MESSAGE("nlp_f::eval") [.../casadi/core/sx_function.cpp:77]
CasADi - 2026-10-04 13:15:38 MESSAGE("nlp_g::eval") [.../casadi/core/sx_function.cpp:77]
CasADi - 2026-10-04 13:15:38 MESSAGE("nlp_f::eval") [.../casadi/core/sx_function.cpp:77]
CasADi - 2026-10-04 13:15:38 MESSAGE("nlp_grad_f::eval") [.../casadi/core/sx_function.cpp:77]
CasADi - 2026-10-04 13:15:38 MESSAGE("nlp_jac_g::eval") [.../casadi/core/sx_function.cpp:77]
CasADi - 2026-10-04 13:15:38 MESSAGE("nlp_hess_l::eval") [.../casadi/core/sx_function.cpp:77]
 458  7.5437108e+00 9.04e-02 1.58e+03  -2.5 5.12e-01  -2.2 1.00e+00 3.93e-01h  2
CasADi - 2026-10-04 13:15:38 MESSAGE("nlp_g::eval") [.../casadi/core/sx_function.cpp:77]
CasADi - 2026-10-04 13:15:38 MESSAGE("nlp_f::eval") [.../casadi/core/sx_function.cpp:77]
CasADi - 2026-10-04 13:15:38 MESSAGE("nlp_g::eval") [.../casadi/core/sx_function.cpp:77]
CasADi - 2026-10-04 13:15:38 MESSAGE("nlp_f::eval") [.../casadi/core/sx_function.cpp:77]
CasADi - 2026-10-04 13:15:38 MESSAGE("nlp_grad_f::eval") [.../casadi/core/sx_function.cpp:77]
CasADi - 2026-10-04 13:15:38 MESSAGE("nlp_jac_g::eval") [.../casadi/core/sx_function.cpp:77]
CasADi - 2026-10-04 13:15:38 MESSAGE("nlp_hess_l::eval") [.../casadi/core/sx_function.cpp:77]
 459  7.5346004e+00 7.98e-02 1.50e+03  -2.5 8.03e-01  -2.7 6.23e-01 1.00e+00H  1
CasADi - 2026-10-04 13:15:38 MESSAGE("nlp_g::eval") [.../casadi/core/sx_function.cpp:77]
CasADi - 2026-10-04 13:15:38 MESSAGE("nlp_f::eval") [.../casadi/core/sx_function.cpp:77]
CasADi - 2026-10-04 13:15:38 MESSAGE("nlp_grad_f::eval") [.../casadi/core/sx_function.cpp:77]
CasADi - 2026-10-04 13:15:38 MESSAGE("nlp_jac_g::eval") [.../casadi/core/sx_function.cpp:77]
CasADi - 2026-10-04 13:15:38 MESSAGE("nlp_hess_l::eval") [.../casadi/core/sx_function.cpp:77]
iter    objective    inf_pr   inf_du lg(mu)  ||d||  lg(rg) alpha_du alpha_pr  ls
 460  7.5360358e+00 2.10e-03 1.39e+03  -2.5 5.01e-02   0.4 5.37e-01 1.00e+00h  1
CasADi - 2026-10-04 13:15:38 MESSAGE("nlp_g::eval") [.../casadi/core/sx_function.cpp:77]
CasADi - 2026-10-04 13:15:38 MESSAGE("nlp_f::eval") [.../casadi/core/sx_function.cpp:77]
CasADi - 2026-10-04 13:15:38 MESSAGE("nlp_g::eval") [.../casadi/core/sx_function.cpp:77]
CasADi - 2026-10-04 13:15:38 MESSAGE("nlp_f::eval") [.../casadi/core/sx_function.cpp:77]
CasADi - 2026-10-04 13:15:38 MESSAGE("nlp_g::eval") [.../casadi/core/sx_function.cpp:77]
CasADi - 2026-10-04 13:15:38 MESSAGE("nlp_f::eval") [.../casadi/core/sx_function.cpp:77]
CasADi - 2026-10-04 13:15:38 MESSAGE("nlp_g::eval") [.../casadi/core/sx_function.cpp:77]
CasADi - 2026-10-04 13:15:38 MESSAGE("nlp_f::eval") [.../casadi/core/sx_function.cpp:77]
CasADi - 2026-10-04 13:15:38 MESSAGE("nlp_grad_f::eval") [.../casadi/core/sx_function.cpp:77]
CasADi - 2026-10-04 13:15:38 MESSAGE("nlp_jac_g::eval") [.../casadi/core/sx_function.cpp:77]
CasADi - 2026-10-04 13:15:38 MESSAGE("nlp_hess_l::eval") [.../casadi/core/sx_function.cpp:77]
 461  7.5348612e+00 3.78e-02 1.96e+03  -2.5 3.38e+00    -  3.12e-01 4.98e-02h  2
CasADi - 2026-10-04 13:15:38 MESSAGE("nlp_g::eval") [.../casadi/core/sx_function.cpp:77]
CasADi - 2026-10-04 13:15:38 MESSAGE("nlp_f::eval") [.../casadi/core/sx_function.cpp:77]
CasADi - 2026-10-04 13:15:38 MESSAGE("nlp_grad_f::eval") [.../casadi/core/sx_function.cpp:77]
CasADi - 2026-10-04 13:15:38 MESSAGE("nlp_jac_g::eval") [.../casadi/core/sx_function.cpp:77]
CasADi - 2026-10-04 13:15:38 MESSAGE("nlp_hess_l::eval") [.../casadi/core/sx_function.cpp:77]
 462  7.5278354e+00 5.64e-02 7.35e+00  -2.5 4.71e-01    -  1.00e+00 1.00e+00h  1
CasADi - 2026-10-04 13:15:38 MESSAGE("nlp_g::eval") [.../casadi/core/sx_function.cpp:77]
CasADi - 2026-10-04 13:15:38 MESSAGE("nlp_f::eval") [.../casadi/core/sx_function.cpp:77]
CasADi - 2026-10-04 13:15:38 MESSAGE("nlp_grad_f::eval") [.../casadi/core/sx_function.cpp:77]
CasADi - 2026-10-04 13:15:38 MESSAGE("nlp_jac_g::eval") [.../casadi/core/sx_function.cpp:77]
CasADi - 2026-10-04 13:15:38 MESSAGE("nlp_hess_l::eval") [.../casadi/core/sx_function.cpp:77]
 463  7.5283316e+00 7.42e-04 2.86e+00  -2.5 2.42e-02  -0.0 1.00e+00 1.00e+00h  1
CasADi - 2026-10-04 13:15:38 MESSAGE("nlp_g::eval") [.../casadi/core/sx_function.cpp:77]
CasADi - 2026-10-04 13:15:38 MESSAGE("nlp_f::eval") [.../casadi/core/sx_function.cpp:77]
CasADi - 2026-10-04 13:15:38 MESSAGE("nlp_g::eval") [.../casadi/core/sx_function.cpp:77]
CasADi - 2026-10-04 13:15:38 MESSAGE("nlp_f::eval") [.../casadi/core/sx_function.cpp:77]
CasADi - 2026-10-04 13:15:38 MESSAGE("nlp_g::eval") [.../casadi/core/sx_function.cpp:77]
CasADi - 2026-10-04 13:15:38 MESSAGE("nlp_f::eval") [.../casadi/core/sx_function.cpp:77]
CasADi - 2026-10-04 13:15:38 MESSAGE("nlp_g::eval") [.../casadi/core/sx_function.cpp:77]
CasADi - 2026-10-04 13:15:38 MESSAGE("nlp_f::eval") [.../casadi/core/sx_function.cpp:77]
CasADi - 2026-10-04 13:15:38 MESSAGE("nlp_g::eval") [.../casadi/core/sx_function.cpp:77]
CasADi - 2026-10-04 13:15:38 MESSAGE("nlp_f::eval") [.../casadi/core/sx_function.cpp:77]
CasADi - 2026-10-04 13:15:38 MESSAGE("nlp_g::eval") [.../casadi/core/sx_function.cpp:77]
CasADi - 2026-10-04 13:15:38 MESSAGE("nlp_f::eval") [.../casadi/core/sx_function.cpp:77]
CasADi - 2026-10-04 13:15:38 MESSAGE("nlp_grad_f::eval") [.../casadi/core/sx_function.cpp:77]
CasADi - 2026-10-04 13:15:38 MESSAGE("nlp_jac_g::eval") [.../casadi/core/sx_function.cpp:77]
CasADi - 2026-10-04 13:15:38 MESSAGE("nlp_hess_l::eval") [.../casadi/core/sx_function.cpp:77]
 464  7.5282234e+00 7.43e-03 2.11e+03  -2.5 3.76e+00    -  5.18e-01 5.43e-02h  4
CasADi - 2026-10-04 13:15:38 MESSAGE("nlp_g::eval") [.../casadi/core/sx_function.cpp:77]
CasADi - 2026-10-04 13:15:38 MESSAGE("nlp_f::eval") [.../casadi/core/sx_function.cpp:77]
CasADi - 2026-10-04 13:15:38 MESSAGE("nlp_g::eval") [.../casadi/core/sx_function.cpp:77]
CasADi - 2026-10-04 13:15:38 MESSAGE("nlp_f::eval") [.../casadi/core/sx_function.cpp:77]
CasADi - 2026-10-04 13:15:38 MESSAGE("nlp_g::eval") [.../casadi/core/sx_function.cpp:77]
CasADi - 2026-10-04 13:15:38 MESSAGE("nlp_f::eval") [.../casadi/core/sx_function.cpp:77]
CasADi - 2026-10-04 13:15:38 MESSAGE("nlp_g::eval") [.../casadi/core/sx_function.cpp:77]
CasADi - 2026-10-04 13:15:38 MESSAGE("nlp_f::eval") [.../casadi/core/sx_function.cpp:77]
CasADi - 2026-10-04 13:15:38 MESSAGE("nlp_g::eval") [.../casadi/core/sx_function.cpp:77]
CasADi - 2026-10-04 13:15:38 MESSAGE("nlp_f::eval") [.../casadi/core/sx_function.cpp:77]
CasADi - 2026-10-04 13:15:38 MESSAGE("nlp_g::eval") [.../casadi/core/sx_function.cpp:77]
CasADi - 2026-10-04 13:15:38 MESSAGE("nlp_f::eval") [.../casadi/core/sx_function.cpp:77]
CasADi - 2026-10-04 13:15:38 MESSAGE("nlp_grad_f::eval") [.../casadi/core/sx_function.cpp:77]
CasADi - 2026-10-04 13:15:38 MESSAGE("nlp_jac_g::eval") [.../casadi/core/sx_function.cpp:77]
CasADi - 2026-10-04 13:15:38 MESSAGE("nlp_hess_l::eval") [.../casadi/core/sx_function.cpp:77]
 465  7.5294743e+00 1.58e-02 2.44e+03  -2.5 2.72e+00    -  7.20e-01 9.23e-02h  4
CasADi - 2026-10-04 13:15:38 MESSAGE("nlp_g::eval") [.../casadi/core/sx_function.cpp:77]
CasADi - 2026-10-04 13:15:38 MESSAGE("nlp_f::eval") [.../casadi/core/sx_function.cpp:77]
CasADi - 2026-10-04 13:15:38 MESSAGE("nlp_grad_f::eval") [.../casadi/core/sx_function.cpp:77]
CasADi - 2026-10-04 13:15:38 MESSAGE("nlp_jac_g::eval") [.../casadi/core/sx_function.cpp:77]
CasADi - 2026-10-04 13:15:38 MESSAGE("nlp_hess_l::eval") [.../casadi/core/sx_function.cpp:77]
 466  7.5262578e+00 5.93e-02 8.98e-01  -2.5 3.49e-01    -  1.00e+00 1.00e+00h  1
CasADi - 2026-10-04 13:15:38 MESSAGE("nlp_g::eval") [.../casadi/core/sx_function.cpp:77]
CasADi - 2026-10-04 13:15:38 MESSAGE("nlp_f::eval") [.../casadi/core/sx_function.cpp:77]
CasADi - 2026-10-04 13:15:38 MESSAGE("nlp_g::eval") [.../casadi/core/sx_function.cpp:77]
CasADi - 2026-10-04 13:15:38 MESSAGE("nlp_f::eval") [.../casadi/core/sx_function.cpp:77]
CasADi - 2026-10-04 13:15:38 MESSAGE("nlp_g::eval") [.../casadi/core/sx_function.cpp:77]
CasADi - 2026-10-04 13:15:38 MESSAGE("nlp_f::eval") [.../casadi/core/sx_function.cpp:77]
CasADi - 2026-10-04 13:15:38 MESSAGE("nlp_g::eval") [.../casadi/core/sx_function.cpp:77]
CasADi - 2026-10-04 13:15:38 MESSAGE("nlp_f::eval") [.../casadi/core/sx_function.cpp:77]
CasADi - 2026-10-04 13:15:38 MESSAGE("nlp_grad_f::eval") [.../casadi/core/sx_function.cpp:77]
CasADi - 2026-10-04 13:15:38 MESSAGE("nlp_jac_g::eval") [.../casadi/core/sx_function.cpp:77]
CasADi - 2026-10-04 13:15:38 MESSAGE("nlp_hess_l::eval") [.../casadi/core/sx_function.cpp:77]
 467  7.5238542e+00 5.68e-02 1.97e+03  -2.5 6.00e-01    -  1.00e+00 2.05e-01h  3
CasADi - 2026-10-04 13:15:38 MESSAGE("nlp_g::eval") [.../casadi/core/sx_function.cpp:77]
CasADi - 2026-10-04 13:15:38 MESSAGE("nlp_f::eval") [.../casadi/core/sx_function.cpp:77]
CasADi - 2026-10-04 13:15:38 MESSAGE("nlp_g::eval") [.../casadi/core/sx_function.cpp:77]
CasADi - 2026-10-04 13:15:38 MESSAGE("nlp_f::eval") [.../casadi/core/sx_function.cpp:77]
CasADi - 2026-10-04 13:15:38 MESSAGE("nlp_g::eval") [.../casadi/core/sx_function.cpp:77]
CasADi - 2026-10-04 13:15:38 MESSAGE("nlp_f::eval") [.../casadi/core/sx_function.cpp:77]
CasADi - 2026-10-04 13:15:38 MESSAGE("nlp_g::eval") [.../casadi/core/sx_function.cpp:77]
CasADi - 2026-10-04 13:15:38 MESSAGE("nlp_f::eval") [.../casadi/core/sx_function.cpp:77]
CasADi - 2026-10-04 13:15:38 MESSAGE("nlp_g::eval") [.../casadi/core/sx_function.cpp:77]
CasADi - 2026-10-04 13:15:38 MESSAGE("nlp_f::eval") [.../casadi/core/sx_function.cpp:77]
CasADi - 2026-10-04 13:15:38 MESSAGE("nlp_g::eval") [.../casadi/core/sx_function.cpp:77]
CasADi - 2026-10-04 13:15:38 MESSAGE("nlp_f::eval") [.../casadi/core/sx_function.cpp:77]
CasADi - 2026-10-04 13:15:38 MESSAGE("nlp_grad_f::eval") [.../casadi/core/sx_function.cpp:77]
CasADi - 2026-10-04 13:15:38 MESSAGE("nlp_jac_g::eval") [.../casadi/core/sx_function.cpp:77]
CasADi - 2026-10-04 13:15:38 MESSAGE("nlp_hess_l::eval") [.../casadi/core/sx_function.cpp:77]
 468  7.5234973e+00 5.62e-02 4.13e+03  -2.5 8.86e+00    -  1.24e-01 1.09e-02h  5
CasADi - 2026-10-04 13:15:38 MESSAGE("nlp_g::eval") [.../casadi/core/sx_function.cpp:77]
CasADi - 2026-10-04 13:15:38 MESSAGE("nlp_f::eval") [.../casadi/core/sx_function.cpp:77]
CasADi - 2026-10-04 13:15:38 MESSAGE("nlp_grad_f::eval") [.../casadi/core/sx_function.cpp:77]
CasADi - 2026-10-04 13:15:38 MESSAGE("nlp_jac_g::eval") [.../casadi/core/sx_function.cpp:77]
CasADi - 2026-10-04 13:15:38 MESSAGE("nlp_hess_l::eval") [.../casadi/core/sx_function.cpp:77]
 469  7.5231962e+00 6.70e-04 1.15e-01  -2.5 1.49e-02  -0.5 1.00e+00 1.00e+00h  1
CasADi - 2026-10-04 13:15:38 MESSAGE("nlp_g::eval") [.../casadi/core/sx_function.cpp:77]
CasADi - 2026-10-04 13:15:38 MESSAGE("nlp_f::eval") [.../casadi/core/sx_function.cpp:77]
CasADi - 2026-10-04 13:15:38 MESSAGE("nlp_g::eval") [.../casadi/core/sx_function.cpp:77]
CasADi - 2026-10-04 13:15:38 MESSAGE("nlp_f::eval") [.../casadi/core/sx_function.cpp:77]
CasADi - 2026-10-04 13:15:38 MESSAGE("nlp_g::eval") [.../casadi/core/sx_function.cpp:77]
CasADi - 2026-10-04 13:15:38 MESSAGE("nlp_f::eval") [.../casadi/core/sx_function.cpp:77]
CasADi - 2026-10-04 13:15:38 MESSAGE("nlp_g::eval") [.../casadi/core/sx_function.cpp:77]
CasADi - 2026-10-04 13:15:38 MESSAGE("nlp_f::eval") [.../casadi/core/sx_function.cpp:77]
CasADi - 2026-10-04 13:15:38 MESSAGE("nlp_g::eval") [.../casadi/core/sx_function.cpp:77]
CasADi - 2026-10-04 13:15:38 MESSAGE("nlp_f::eval") [.../casadi/core/sx_function.cpp:77]
CasADi - 2026-10-04 13:15:38 MESSAGE("nlp_grad_f::eval") [.../casadi/core/sx_function.cpp:77]
CasADi - 2026-10-04 13:15:38 MESSAGE("nlp_jac_g::eval") [.../casadi/core/sx_function.cpp:77]
CasADi - 2026-10-04 13:15:38 MESSAGE("nlp_hess_l::eval") [.../casadi/core/sx_function.cpp:77]
iter    objective    inf_pr   inf_du lg(mu)  ||d||  lg(rg) alpha_du alpha_pr  ls
 470  7.5218309e+00 2.48e-03 5.18e+02  -2.5 3.12e-01    -  1.00e+00 2.50e-01h  3
CasADi - 2026-10-04 13:15:38 MESSAGE("nlp_g::eval") [.../casadi/core/sx_function.cpp:77]
CasADi - 2026-10-04 13:15:38 MESSAGE("nlp_f::eval") [.../casadi/core/sx_function.cpp:77]
CasADi - 2026-10-04 13:15:38 MESSAGE("nlp_g::eval") [.../casadi/core/sx_function.cpp:77]
CasADi - 2026-10-04 13:15:38 MESSAGE("nlp_f::eval") [.../casadi/core/sx_function.cpp:77]
CasADi - 2026-10-04 13:15:38 MESSAGE("nlp_g::eval") [.../casadi/core/sx_function.cpp:77]
CasADi - 2026-10-04 13:15:38 MESSAGE("nlp_f::eval") [.../casadi/core/sx_function.cpp:77]
CasADi - 2026-10-04 13:15:38 MESSAGE("nlp_g::eval") [.../casadi/core/sx_function.cpp:77]
CasADi - 2026-10-04 13:15:38 MESSAGE("nlp_f::eval") [.../casadi/core/sx_function.cpp:77]
CasADi - 2026-10-04 13:15:38 MESSAGE("nlp_grad_f::eval") [.../casadi/core/sx_function.cpp:77]
CasADi - 2026-10-04 13:15:38 MESSAGE("nlp_jac_g::eval") [.../casadi/core/sx_function.cpp:77]
CasADi - 2026-10-04 13:15:38 MESSAGE("nlp_hess_l::eval") [.../casadi/core/sx_function.cpp:77]
 471  7.5210236e+00 3.76e-03 8.46e+02  -2.5 5.08e-01    -  1.00e+00 2.50e-01h  3
CasADi - 2026-10-04 13:15:38 MESSAGE("nlp_g::eval") [.../casadi/core/sx_function.cpp:77]
CasADi - 2026-10-04 13:15:38 MESSAGE("nlp_f::eval") [.../casadi/core/sx_function.cpp:77]
CasADi - 2026-10-04 13:15:38 MESSAGE("nlp_grad_f::eval") [.../casadi/core/sx_function.cpp:77]
CasADi - 2026-10-04 13:15:38 MESSAGE("nlp_jac_g::eval") [.../casadi/core/sx_function.cpp:77]
CasADi - 2026-10-04 13:15:38 MESSAGE("nlp_hess_l::eval") [.../casadi/core/sx_function.cpp:77]
 472  7.5205135e+00 4.69e-04 1.54e-02  -2.5 1.14e-02  -1.0 1.00e+00 1.00e+00h  1
CasADi - 2026-10-04 13:15:38 MESSAGE("nlp_g::eval") [.../casadi/core/sx_function.cpp:77]
CasADi - 2026-10-04 13:15:38 MESSAGE("nlp_f::eval") [.../casadi/core/sx_function.cpp:77]
CasADi - 2026-10-04 13:15:38 MESSAGE("nlp_grad_f::eval") [.../casadi/core/sx_function.cpp:77]
CasADi - 2026-10-04 13:15:38 MESSAGE("nlp_jac_g::eval") [.../casadi/core/sx_function.cpp:77]
CasADi - 2026-10-04 13:15:38 MESSAGE("nlp_hess_l::eval") [.../casadi/core/sx_function.cpp:77]
 473  7.2935905e+00 2.16e-02 4.49e+02  -3.8 1.38e-01  -1.5 7.76e-01 7.39e-01f  1
CasADi - 2026-10-04 13:15:38 MESSAGE("nlp_g::eval") [.../casadi/core/sx_function.cpp:77]
CasADi - 2026-10-04 13:15:38 MESSAGE("nlp_f::eval") [.../casadi/core/sx_function.cpp:77]
CasADi - 2026-10-04 13:15:38 MESSAGE("nlp_grad_f::eval") [.../casadi/core/sx_function.cpp:77]
CasADi - 2026-10-04 13:15:38 MESSAGE("nlp_jac_g::eval") [.../casadi/core/sx_function.cpp:77]
CasADi - 2026-10-04 13:15:38 MESSAGE("nlp_hess_l::eval") [.../casadi/core/sx_function.cpp:77]
 474  7.1828451e+00 2.76e-02 1.26e+03  -3.8 1.81e-01  -1.1 2.19e-01 5.53e-01h  1
CasADi - 2026-10-04 13:15:38 MESSAGE("nlp_g::eval") [.../casadi/core/sx_function.cpp:77]
CasADi - 2026-10-04 13:15:38 MESSAGE("nlp_f::eval") [.../casadi/core/sx_function.cpp:77]
CasADi - 2026-10-04 13:15:38 MESSAGE("nlp_grad_f::eval") [.../casadi/core/sx_function.cpp:77]
CasADi - 2026-10-04 13:15:38 MESSAGE("nlp_jac_g::eval") [.../casadi/core/sx_function.cpp:77]
CasADi - 2026-10-04 13:15:38 MESSAGE("nlp_hess_l::eval") [.../casadi/core/sx_function.cpp:77]
 475  7.0270465e+00 1.13e-01 1.57e+03  -3.8 6.95e-01    -  9.08e-02 3.45e-01h  1
CasADi - 2026-10-04 13:15:38 MESSAGE("nlp_g::eval") [.../casadi/core/sx_function.cpp:77]
CasADi - 2026-10-04 13:15:38 MESSAGE("nlp_f::eval") [.../casadi/core/sx_function.cpp:77]
CasADi - 2026-10-04 13:15:38 MESSAGE("nlp_grad_f::eval") [.../casadi/core/sx_function.cpp:77]
CasADi - 2026-10-04 13:15:38 MESSAGE("nlp_jac_g::eval") [.../casadi/core/sx_function.cpp:77]
CasADi - 2026-10-04 13:15:38 MESSAGE("nlp_hess_l::eval") [.../casadi/core/sx_function.cpp:77]
 476  7.0253028e+00 2.96e-01 1.56e+03  -3.8 9.03e+01    -  8.75e-03 3.54e-03h  1
CasADi - 2026-10-04 13:15:38 MESSAGE("nlp_g::eval") [.../casadi/core/sx_function.cpp:77]
CasADi - 2026-10-04 13:15:38 MESSAGE("nlp_f::eval") [.../casadi/core/sx_function.cpp:77]
CasADi - 2026-10-04 13:15:38 MESSAGE("nlp_grad_f::eval") [.../casadi/core/sx_function.cpp:77]
CasADi - 2026-10-04 13:15:38 MESSAGE("nlp_jac_g::eval") [.../casadi/core/sx_function.cpp:77]
CasADi - 2026-10-04 13:15:38 MESSAGE("nlp_hess_l::eval") [.../casadi/core/sx_function.cpp:77]
 477  6.9846464e+00 3.11e-01 1.35e+03  -3.8 1.69e+00    -  1.46e-01 1.65e-01h  1
CasADi - 2026-10-04 13:15:38 MESSAGE("nlp_g::eval") [.../casadi/core/sx_function.cpp:77]
CasADi - 2026-10-04 13:15:38 MESSAGE("nlp_f::eval") [.../casadi/core/sx_function.cpp:77]
CasADi - 2026-10-04 13:15:38 MESSAGE("nlp_grad_f::eval") [.../casadi/core/sx_function.cpp:77]
CasADi - 2026-10-04 13:15:38 MESSAGE("nlp_jac_g::eval") [.../casadi/core/sx_function.cpp:77]
CasADi - 2026-10-04 13:15:38 MESSAGE("nlp_hess_l::eval") [.../casadi/core/sx_function.cpp:77]
 478  6.9315919e+00 1.48e-01 1.51e+03  -3.8 2.42e-01  -1.5 2.00e-01 5.13e-01h  1
CasADi - 2026-10-04 13:15:38 MESSAGE("nlp_g::eval") [.../casadi/core/sx_function.cpp:77]
CasADi - 2026-10-04 13:15:38 MESSAGE("nlp_f::eval") [.../casadi/core/sx_function.cpp:77]
CasADi - 2026-10-04 13:15:38 MESSAGE("nlp_grad_f::eval") [.../casadi/core/sx_function.cpp:77]
CasADi - 2026-10-04 13:15:38 MESSAGE("nlp_jac_g::eval") [.../casadi/core/sx_function.cpp:77]
CasADi - 2026-10-04 13:15:38 MESSAGE("nlp_hess_l::eval") [.../casadi/core/sx_function.cpp:77]
 479  6.9320931e+00 1.46e-01 1.34e+03  -3.8 5.94e-01  -0.2 5.87e-02 1.49e-02h  1
CasADi - 2026-10-04 13:15:38 MESSAGE("nlp_g::eval") [.../casadi/core/sx_function.cpp:77]
CasADi - 2026-10-04 13:15:38 MESSAGE("nlp_f::eval") [.../casadi/core/sx_function.cpp:77]
CasADi - 2026-10-04 13:15:38 MESSAGE("nlp_grad_f::eval") [.../casadi/core/sx_function.cpp:77]
CasADi - 2026-10-04 13:15:38 MESSAGE("nlp_jac_g::eval") [.../casadi/core/sx_function.cpp:77]
CasADi - 2026-10-04 13:15:38 MESSAGE("nlp_hess_l::eval") [.../casadi/core/sx_function.cpp:77]
iter    objective    inf_pr   inf_du lg(mu)  ||d||  lg(rg) alpha_du alpha_pr  ls
 480  6.9291524e+00 8.57e-02 1.51e+03  -3.8 1.13e-01   0.2 1.85e-01 4.11e-01h  1
CasADi - 2026-10-04 13:15:38 MESSAGE("nlp_g::eval") [.../casadi/core/sx_function.cpp:77]
CasADi - 2026-10-04 13:15:38 MESSAGE("nlp_f::eval") [.../casadi/core/sx_function.cpp:77]
CasADi - 2026-10-04 13:15:38 MESSAGE("nlp_grad_f::eval") [.../casadi/core/sx_function.cpp:77]
CasADi - 2026-10-04 13:15:38 MESSAGE("nlp_jac_g::eval") [.../casadi/core/sx_function.cpp:77]
CasADi - 2026-10-04 13:15:38 MESSAGE("nlp_hess_l::eval") [.../casadi/core/sx_function.cpp:77]
 481  6.9292662e+00 7.38e-02 4.63e+02  -3.8 3.07e-01   0.7 5.29e-01 1.39e-01h  1
CasADi - 2026-10-04 13:15:38 MESSAGE("nlp_g::eval") [.../casadi/core/sx_function.cpp:77]
CasADi - 2026-10-04 13:15:38 MESSAGE("nlp_f::eval") [.../casadi/core/sx_function.cpp:77]
CasADi - 2026-10-04 13:15:38 MESSAGE("nlp_grad_f::eval") [.../casadi/core/sx_function.cpp:77]
CasADi - 2026-10-04 13:15:38 MESSAGE("nlp_jac_g::eval") [.../casadi/core/sx_function.cpp:77]
CasADi - 2026-10-04 13:15:38 MESSAGE("nlp_hess_l::eval") [.../casadi/core/sx_function.cpp:77]
 482  6.9274079e+00 2.35e-02 7.68e+02  -3.8 2.11e-01   0.2 2.43e-01 1.00e+00h  1
CasADi - 2026-10-04 13:15:38 MESSAGE("nlp_g::eval") [.../casadi/core/sx_function.cpp:77]
CasADi - 2026-10-04 13:15:38 MESSAGE("nlp_f::eval") [.../casadi/core/sx_function.cpp:77]
CasADi - 2026-10-04 13:15:38 MESSAGE("nlp_grad_f::eval") [.../casadi/core/sx_function.cpp:77]
CasADi - 2026-10-04 13:15:38 MESSAGE("nlp_jac_g::eval") [.../casadi/core/sx_function.cpp:77]
CasADi - 2026-10-04 13:15:38 MESSAGE("nlp_hess_l::eval") [.../casadi/core/sx_function.cpp:77]
 483  6.9272949e+00 2.33e-02 6.82e+02  -3.8 5.49e-01  -0.3 1.11e-01 9.97e-02h  1
CasADi - 2026-10-04 13:15:38 MESSAGE("nlp_g::eval") [.../casadi/core/sx_function.cpp:77]
CasADi - 2026-10-04 13:15:38 MESSAGE("nlp_f::eval") [.../casadi/core/sx_function.cpp:77]
CasADi - 2026-10-04 13:15:38 MESSAGE("nlp_grad_f::eval") [.../casadi/core/sx_function.cpp:77]
CasADi - 2026-10-04 13:15:38 MESSAGE("nlp_jac_g::eval") [.../casadi/core/sx_function.cpp:77]
CasADi - 2026-10-04 13:15:38 MESSAGE("nlp_hess_l::eval") [.../casadi/core/sx_function.cpp:77]
 484  6.9242865e+00 2.46e-02 6.57e+02  -3.8 7.89e-01   0.1 2.70e-02 1.75e-01h  1
CasADi - 2026-10-04 13:15:38 MESSAGE("nlp_g::eval") [.../casadi/core/sx_function.cpp:77]
CasADi - 2026-10-04 13:15:38 MESSAGE("nlp_f::eval") [.../casadi/core/sx_function.cpp:77]
CasADi - 2026-10-04 13:15:38 MESSAGE("nlp_grad_f::eval") [.../casadi/core/sx_function.cpp:77]
CasADi - 2026-10-04 13:15:38 MESSAGE("nlp_jac_g::eval") [.../casadi/core/sx_function.cpp:77]
CasADi - 2026-10-04 13:15:38 MESSAGE("nlp_hess_l::eval") [.../casadi/core/sx_function.cpp:77]
 485  6.9232160e+00 1.41e-02 2.82e+02  -3.8 2.77e-01   0.6 6.38e-01 4.34e-01f  1
CasADi - 2026-10-04 13:15:38 MESSAGE("nlp_g::eval") [.../casadi/core/sx_function.cpp:77]
CasADi - 2026-10-04 13:15:38 MESSAGE("nlp_f::eval") [.../casadi/core/sx_function.cpp:77]
CasADi - 2026-10-04 13:15:38 MESSAGE("nlp_grad_f::eval") [.../casadi/core/sx_function.cpp:77]
CasADi - 2026-10-04 13:15:38 MESSAGE("nlp_jac_g::eval") [.../casadi/core/sx_function.cpp:77]
CasADi - 2026-10-04 13:15:38 MESSAGE("nlp_hess_l::eval") [.../casadi/core/sx_function.cpp:77]
 486  6.9193330e+00 5.02e-03 1.13e+03  -3.8 1.56e-01   1.0 3.70e-01 1.00e+00h  1
CasADi - 2026-10-04 13:15:38 MESSAGE("nlp_g::eval") [.../casadi/core/sx_function.cpp:77]
CasADi - 2026-10-04 13:15:38 MESSAGE("nlp_f::eval") [.../casadi/core/sx_function.cpp:77]
CasADi - 2026-10-04 13:15:38 MESSAGE("nlp_grad_f::eval") [.../casadi/core/sx_function.cpp:77]
CasADi - 2026-10-04 13:15:38 MESSAGE("nlp_jac_g::eval") [.../casadi/core/sx_function.cpp:77]
CasADi - 2026-10-04 13:15:38 MESSAGE("nlp_hess_l::eval") [.../casadi/core/sx_function.cpp:77]
 487  6.9170485e+00 3.71e-04 1.69e+02  -3.8 6.79e-02   0.5 9.30e-01 1.00e+00h  1
CasADi - 2026-10-04 13:15:38 MESSAGE("nlp_g::eval") [.../casadi/core/sx_function.cpp:77]
CasADi - 2026-10-04 13:15:38 MESSAGE("nlp_f::eval") [.../casadi/core/sx_function.cpp:77]
CasADi - 2026-10-04 13:15:38 MESSAGE("nlp_grad_f::eval") [.../casadi/core/sx_function.cpp:77]
CasADi - 2026-10-04 13:15:38 MESSAGE("nlp_jac_g::eval") [.../casadi/core/sx_function.cpp:77]
CasADi - 2026-10-04 13:15:38 MESSAGE("nlp_hess_l::eval") [.../casadi/core/sx_function.cpp:77]
 488  6.9088800e+00 5.05e-03 8.80e+03  -3.8 2.98e-02   0.0 2.95e-01 1.00e+00h  1
CasADi - 2026-10-04 13:15:38 MESSAGE("nlp_g::eval") [.../casadi/core/sx_function.cpp:77]
CasADi - 2026-10-04 13:15:38 MESSAGE("nlp_f::eval") [.../casadi/core/sx_function.cpp:77]
CasADi - 2026-10-04 13:15:38 MESSAGE("nlp_grad_f::eval") [.../casadi/core/sx_function.cpp:77]
CasADi - 2026-10-04 13:15:38 MESSAGE("nlp_jac_g::eval") [.../casadi/core/sx_function.cpp:77]
CasADi - 2026-10-04 13:15:38 MESSAGE("nlp_hess_l::eval") [.../casadi/core/sx_function.cpp:77]
 489  6.8978867e+00 5.26e-04 5.02e-01  -3.8 3.07e-02  -0.5 1.00e+00 1.00e+00h  1
CasADi - 2026-10-04 13:15:38 MESSAGE("nlp_g::eval") [.../casadi/core/sx_function.cpp:77]
CasADi - 2026-10-04 13:15:38 MESSAGE("nlp_f::eval") [.../casadi/core/sx_function.cpp:77]
CasADi - 2026-10-04 13:15:38 MESSAGE("nlp_grad_f::eval") [.../casadi/core/sx_function.cpp:77]
CasADi - 2026-10-04 13:15:38 MESSAGE("nlp_jac_g::eval") [.../casadi/core/sx_function.cpp:77]
CasADi - 2026-10-04 13:15:38 MESSAGE("nlp_hess_l::eval") [.../casadi/core/sx_function.cpp:77]
iter    objective    inf_pr   inf_du lg(mu)  ||d||  lg(rg) alpha_du alpha_pr  ls
 490  6.8953483e+00 1.09e-02 2.72e+02  -3.8 7.33e+00    -  2.15e-02 1.26e-02h  1
CasADi - 2026-10-04 13:15:38 MESSAGE("nlp_g::eval") [.../casadi/core/sx_function.cpp:77]
CasADi - 2026-10-04 13:15:38 MESSAGE("nlp_f::eval") [.../casadi/core/sx_function.cpp:77]
CasADi - 2026-10-04 13:15:38 MESSAGE("nlp_grad_f::eval") [.../casadi/core/sx_function.cpp:77]
CasADi - 2026-10-04 13:15:38 MESSAGE("nlp_jac_g::eval") [.../casadi/core/sx_function.cpp:77]
CasADi - 2026-10-04 13:15:38 MESSAGE("nlp_hess_l::eval") [.../casadi/core/sx_function.cpp:77]
 491  6.8707860e+00 1.06e-01 1.21e+03  -3.8 1.53e+00    -  3.83e-01 1.77e-01h  1
CasADi - 2026-10-04 13:15:38 MESSAGE("nlp_g::eval") [.../casadi/core/sx_function.cpp:77]
CasADi - 2026-10-04 13:15:38 MESSAGE("nlp_f::eval") [.../casadi/core/sx_function.cpp:77]
CasADi - 2026-10-04 13:15:38 MESSAGE("nlp_grad_f::eval") [.../casadi/core/sx_function.cpp:77]
CasADi - 2026-10-04 13:15:38 MESSAGE("nlp_jac_g::eval") [.../casadi/core/sx_function.cpp:77]
CasADi - 2026-10-04 13:15:38 MESSAGE("nlp_hess_l::eval") [.../casadi/core/sx_function.cpp:77]
 492  6.8579369e+00 1.19e-02 4.01e+03  -3.8 8.01e-02  -0.9 5.02e-02 1.00e+00h  1
CasADi - 2026-10-04 13:15:38 MESSAGE("nlp_g::eval") [.../casadi/core/sx_function.cpp:77]
CasADi - 2026-10-04 13:15:38 MESSAGE("nlp_f::eval") [.../casadi/core/sx_function.cpp:77]
CasADi - 2026-10-04 13:15:38 MESSAGE("nlp_grad_f::eval") [.../casadi/core/sx_function.cpp:77]
CasADi - 2026-10-04 13:15:38 MESSAGE("nlp_jac_g::eval") [.../casadi/core/sx_function.cpp:77]
CasADi - 2026-10-04 13:15:38 MESSAGE("nlp_hess_l::eval") [.../casadi/core/sx_function.cpp:77]
 493  6.8578219e+00 4.10e-05 6.21e-01  -3.8 1.12e-02   0.4 1.00e+00 1.00e+00h  1
CasADi - 2026-10-04 13:15:38 MESSAGE("nlp_g::eval") [.../casadi/core/sx_function.cpp:77]
CasADi - 2026-10-04 13:15:38 MESSAGE("nlp_f::eval") [.../casadi/core/sx_function.cpp:77]
CasADi - 2026-10-04 13:15:38 MESSAGE("nlp_grad_f::eval") [.../casadi/core/sx_function.cpp:77]
CasADi - 2026-10-04 13:15:38 MESSAGE("nlp_jac_g::eval") [.../casadi/core/sx_function.cpp:77]
CasADi - 2026-10-04 13:15:38 MESSAGE("nlp_hess_l::eval") [.../casadi/core/sx_function.cpp:77]
 494  6.8563838e+00 3.69e-05 2.85e-01  -3.8 5.60e-03  -0.1 1.00e+00 1.00e+00h  1
CasADi - 2026-10-04 13:15:38 MESSAGE("nlp_g::eval") [.../casadi/core/sx_function.cpp:77]
CasADi - 2026-10-04 13:15:38 MESSAGE("nlp_f::eval") [.../casadi/core/sx_function.cpp:77]
CasADi - 2026-10-04 13:15:38 MESSAGE("nlp_grad_f::eval") [.../casadi/core/sx_function.cpp:77]
CasADi - 2026-10-04 13:15:38 MESSAGE("nlp_jac_g::eval") [.../casadi/core/sx_function.cpp:77]
CasADi - 2026-10-04 13:15:38 MESSAGE("nlp_hess_l::eval") [.../casadi/core/sx_function.cpp:77]
 495  6.8531408e+00 1.90e-04 1.13e-01  -3.8 1.49e-02  -0.6 1.00e+00 1.00e+00h  1
CasADi - 2026-10-04 13:15:38 MESSAGE("nlp_g::eval") [.../casadi/core/sx_function.cpp:77]
CasADi - 2026-10-04 13:15:38 MESSAGE("nlp_f::eval") [.../casadi/core/sx_function.cpp:77]
CasADi - 2026-10-04 13:15:38 MESSAGE("nlp_grad_f::eval") [.../casadi/core/sx_function.cpp:77]
CasADi - 2026-10-04 13:15:38 MESSAGE("nlp_jac_g::eval") [.../casadi/core/sx_function.cpp:77]
CasADi - 2026-10-04 13:15:38 MESSAGE("nlp_hess_l::eval") [.../casadi/core/sx_function.cpp:77]
 496  6.8468345e+00 1.73e-03 8.08e-02  -3.8 3.43e-02  -1.0 1.00e+00 1.00e+00h  1
CasADi - 2026-10-04 13:15:38 MESSAGE("nlp_g::eval") [.../casadi/core/sx_function.cpp:77]
CasADi - 2026-10-04 13:15:38 MESSAGE("nlp_f::eval") [.../casadi/core/sx_function.cpp:77]
CasADi - 2026-10-04 13:15:38 MESSAGE("nlp_grad_f::eval") [.../casadi/core/sx_function.cpp:77]
CasADi - 2026-10-04 13:15:38 MESSAGE("nlp_jac_g::eval") [.../casadi/core/sx_function.cpp:77]
CasADi - 2026-10-04 13:15:38 MESSAGE("nlp_hess_l::eval") [.../casadi/core/sx_function.cpp:77]
 497  6.8372346e+00 1.47e-02 1.59e-01  -3.8 9.38e-02  -1.5 1.00e+00 1.00e+00h  1
CasADi - 2026-10-04 13:15:38 MESSAGE("nlp_g::eval") [.../casadi/core/sx_function.cpp:77]
CasADi - 2026-10-04 13:15:38 MESSAGE("nlp_f::eval") [.../casadi/core/sx_function.cpp:77]
CasADi - 2026-10-04 13:15:38 MESSAGE("nlp_grad_f::eval") [.../casadi/core/sx_function.cpp:77]
CasADi - 2026-10-04 13:15:38 MESSAGE("nlp_jac_g::eval") [.../casadi/core/sx_function.cpp:77]
CasADi - 2026-10-04 13:15:38 MESSAGE("nlp_hess_l::eval") [.../casadi/core/sx_function.cpp:77]
 498  6.8279336e+00 8.68e-02 6.21e+01  -3.8 2.74e-01  -2.0 1.00e+00 7.53e-01h  1
CasADi - 2026-10-04 13:15:38 MESSAGE("nlp_g::eval") [.../casadi/core/sx_function.cpp:77]
CasADi - 2026-10-04 13:15:38 MESSAGE("nlp_f::eval") [.../casadi/core/sx_function.cpp:77]
CasADi - 2026-10-04 13:15:38 MESSAGE("nlp_grad_f::eval") [.../casadi/core/sx_function.cpp:77]
CasADi - 2026-10-04 13:15:38 MESSAGE("nlp_jac_g::eval") [.../casadi/core/sx_function.cpp:77]
CasADi - 2026-10-04 13:15:38 MESSAGE("nlp_hess_l::eval") [.../casadi/core/sx_function.cpp:77]
 499  6.8220210e+00 1.72e-01 1.19e+03  -3.8 1.04e+00  -2.5 7.08e-01 2.81e-01h  1
CasADi - 2026-10-04 13:15:38 MESSAGE("nlp_g::eval") [.../casadi/core/sx_function.cpp:77]
CasADi - 2026-10-04 13:15:38 MESSAGE("nlp_f::eval") [.../casadi/core/sx_function.cpp:77]
CasADi - 2026-10-04 13:15:38 MESSAGE("nlp_grad_f::eval") [.../casadi/core/sx_function.cpp:77]
CasADi - 2026-10-04 13:15:38 MESSAGE("nlp_jac_g::eval") [.../casadi/core/sx_function.cpp:77]
CasADi - 2026-10-04 13:15:38 MESSAGE("nlp_hess_l::eval") [.../casadi/core/sx_function.cpp:77]
iter    objective    inf_pr   inf_du lg(mu)  ||d||  lg(rg) alpha_du alpha_pr  ls
 500  6.8157569e+00 1.70e-01 9.37e+02  -3.8 3.66e-01  -2.0 4.84e-01 5.75e-01h  1
CasADi - 2026-10-04 13:15:39 MESSAGE("nlp_g::eval") [.../casadi/core/sx_function.cpp:77]
CasADi - 2026-10-04 13:15:39 MESSAGE("nlp_f::eval") [.../casadi/core/sx_function.cpp:77]
CasADi - 2026-10-04 13:15:39 MESSAGE("nlp_grad_f::eval") [.../casadi/core/sx_function.cpp:77]
CasADi - 2026-10-04 13:15:39 MESSAGE("nlp_jac_g::eval") [.../casadi/core/sx_function.cpp:77]
CasADi - 2026-10-04 13:15:39 MESSAGE("nlp_hess_l::eval") [.../casadi/core/sx_function.cpp:77]
 501  6.8109386e+00 2.85e-02 9.95e+01  -3.8 1.26e-01  -1.6 9.72e-01 1.00e+00h  1
CasADi - 2026-10-04 13:15:39 MESSAGE("nlp_g::eval") [.../casadi/core/sx_function.cpp:77]
CasADi - 2026-10-04 13:15:39 MESSAGE("nlp_f::eval") [.../casadi/core/sx_function.cpp:77]
CasADi - 2026-10-04 13:15:39 MESSAGE("nlp_grad_f::eval") [.../casadi/core/sx_function.cpp:77]
CasADi - 2026-10-04 13:15:39 MESSAGE("nlp_jac_g::eval") [.../casadi/core/sx_function.cpp:77]
CasADi - 2026-10-04 13:15:39 MESSAGE("nlp_hess_l::eval") [.../casadi/core/sx_function.cpp:77]
 502  6.8055779e+00 1.19e-01 1.37e+03  -3.8 5.51e-01  -2.1 1.00e+00 5.90e-01h  1
CasADi - 2026-10-04 13:15:39 MESSAGE("nlp_g::eval") [.../casadi/core/sx_function.cpp:77]
CasADi - 2026-10-04 13:15:39 MESSAGE("nlp_f::eval") [.../casadi/core/sx_function.cpp:77]
CasADi - 2026-10-04 13:15:39 MESSAGE("nlp_grad_f::eval") [.../casadi/core/sx_function.cpp:77]
CasADi - 2026-10-04 13:15:39 MESSAGE("nlp_jac_g::eval") [.../casadi/core/sx_function.cpp:77]
CasADi - 2026-10-04 13:15:39 MESSAGE("nlp_hess_l::eval") [.../casadi/core/sx_function.cpp:77]
 503  6.8019317e+00 2.22e-01 2.09e+03  -3.8 2.22e+00  -2.6 3.27e-01 1.16e-01h  1
CasADi - 2026-10-04 13:15:39 MESSAGE("nlp_g::eval") [.../casadi/core/sx_function.cpp:77]
CasADi - 2026-10-04 13:15:39 MESSAGE("nlp_f::eval") [.../casadi/core/sx_function.cpp:77]
CasADi - 2026-10-04 13:15:39 MESSAGE("nlp_grad_f::eval") [.../casadi/core/sx_function.cpp:77]
CasADi - 2026-10-04 13:15:39 MESSAGE("nlp_jac_g::eval") [.../casadi/core/sx_function.cpp:77]
CasADi - 2026-10-04 13:15:39 MESSAGE("nlp_hess_l::eval") [.../casadi/core/sx_function.cpp:77]
 504  6.7977096e+00 2.49e-01 2.15e+03  -3.8 1.26e+00  -2.1 1.48e-01 2.58e-01h  1
CasADi - 2026-10-04 13:15:39 MESSAGE("nlp_g::eval") [.../casadi/core/sx_function.cpp:77]
CasADi - 2026-10-04 13:15:39 MESSAGE("nlp_f::eval") [.../casadi/core/sx_function.cpp:77]
CasADi - 2026-10-04 13:15:39 MESSAGE("nlp_grad_f::eval") [.../casadi/core/sx_function.cpp:77]
CasADi - 2026-10-04 13:15:39 MESSAGE("nlp_jac_g::eval") [.../casadi/core/sx_function.cpp:77]
CasADi - 2026-10-04 13:15:39 MESSAGE("nlp_hess_l::eval") [.../casadi/core/sx_function.cpp:77]
 505  6.7930640e+00 2.16e-01 2.59e+03  -3.8 2.28e+00    -  4.33e-01 1.27e-01h  1
CasADi - 2026-10-04 13:15:39 MESSAGE("nlp_g::eval") [.../casadi/core/sx_function.cpp:77]
CasADi - 2026-10-04 13:15:39 MESSAGE("nlp_f::eval") [.../casadi/core/sx_function.cpp:77]
CasADi - 2026-10-04 13:15:39 MESSAGE("nlp_grad_f::eval") [.../casadi/core/sx_function.cpp:77]
CasADi - 2026-10-04 13:15:39 MESSAGE("nlp_jac_g::eval") [.../casadi/core/sx_function.cpp:77]
CasADi - 2026-10-04 13:15:39 MESSAGE("nlp_hess_l::eval") [.../casadi/core/sx_function.cpp:77]
 506  6.7898559e+00 2.03e-01 5.18e+03  -3.8 2.10e+00    -  2.89e-01 9.54e-02h  1
CasADi - 2026-10-04 13:15:39 MESSAGE("nlp_g::eval") [.../casadi/core/sx_function.cpp:77]
CasADi - 2026-10-04 13:15:39 MESSAGE("nlp_f::eval") [.../casadi/core/sx_function.cpp:77]
CasADi - 2026-10-04 13:15:39 MESSAGE("nlp_g::eval") [.../casadi/core/sx_function.cpp:77]
CasADi - 2026-10-04 13:15:39 MESSAGE("nlp_f::eval") [.../casadi/core/sx_function.cpp:77]
CasADi - 2026-10-04 13:15:39 MESSAGE("nlp_g::eval") [.../casadi/core/sx_function.cpp:77]
CasADi - 2026-10-04 13:15:39 MESSAGE("nlp_f::eval") [.../casadi/core/sx_function.cpp:77]
CasADi - 2026-10-04 13:15:39 MESSAGE("nlp_grad_f::eval") [.../casadi/core/sx_function.cpp:77]
CasADi - 2026-10-04 13:15:39 MESSAGE("nlp_jac_g::eval") [.../casadi/core/sx_function.cpp:77]
CasADi - 2026-10-04 13:15:39 MESSAGE("nlp_hess_l::eval") [.../casadi/core/sx_function.cpp:77]
 507  6.7889797e+00 2.05e-01 8.31e+03  -3.8 5.14e+02    -  5.61e-04 1.84e-04h  2
CasADi - 2026-10-04 13:15:39 MESSAGE("nlp_g::eval") [.../casadi/core/sx_function.cpp:77]
CasADi - 2026-10-04 13:15:39 MESSAGE("nlp_f::eval") [.../casadi/core/sx_function.cpp:77]
CasADi - 2026-10-04 13:15:39 MESSAGE("nlp_grad_f::eval") [.../casadi/core/sx_function.cpp:77]
CasADi - 2026-10-04 13:15:39 MESSAGE("nlp_jac_g::eval") [.../casadi/core/sx_function.cpp:77]
CasADi - 2026-10-04 13:15:39 MESSAGE("nlp_hess_l::eval") [.../casadi/core/sx_function.cpp:77]
 508  6.7874622e+00 1.20e-01 5.81e+04  -3.8 1.39e-01  -0.8 3.33e-02 4.19e-01h  1
CasADi - 2026-10-04 13:15:39 MESSAGE("nlp_g::eval") [.../casadi/core/sx_function.cpp:77]
CasADi - 2026-10-04 13:15:39 MESSAGE("nlp_f::eval") [.../casadi/core/sx_function.cpp:77]
CasADi - 2026-10-04 13:15:39 MESSAGE("nlp_grad_f::eval") [.../casadi/core/sx_function.cpp:77]
CasADi - 2026-10-04 13:15:39 MESSAGE("nlp_jac_g::eval") [.../casadi/core/sx_function.cpp:77]
CasADi - 2026-10-04 13:15:39 MESSAGE("nlp_hess_l::eval") [.../casadi/core/sx_function.cpp:77]
 509  6.7878393e+00 1.02e-01 5.04e+04  -3.8 2.72e-02   2.3 8.69e-02 1.55e-01f  1
CasADi - 2026-10-04 13:15:39 MESSAGE("nlp_g::eval") [.../casadi/core/sx_function.cpp:77]
CasADi - 2026-10-04 13:15:39 MESSAGE("nlp_f::eval") [.../casadi/core/sx_function.cpp:77]
CasADi - 2026-10-04 13:15:39 MESSAGE("nlp_grad_f::eval") [.../casadi/core/sx_function.cpp:77]
CasADi - 2026-10-04 13:15:39 MESSAGE("nlp_jac_g::eval") [.../casadi/core/sx_function.cpp:77]
CasADi - 2026-10-04 13:15:39 MESSAGE("nlp_hess_l::eval") [.../casadi/core/sx_function.cpp:77]
iter    objective    inf_pr   inf_du lg(mu)  ||d||  lg(rg) alpha_du alpha_pr  ls
 510  6.7879604e+00 9.37e-02 4.39e+04  -3.8 4.25e-02   1.8 2.17e-01 7.85e-02h  1
CasADi - 2026-10-04 13:15:39 MESSAGE("nlp_g::eval") [.../casadi/core/sx_function.cpp:77]
CasADi - 2026-10-04 13:15:39 MESSAGE("nlp_f::eval") [.../casadi/core/sx_function.cpp:77]
CasADi - 2026-10-04 13:15:39 MESSAGE("nlp_grad_f::eval") [.../casadi/core/sx_function.cpp:77]
CasADi - 2026-10-04 13:15:39 MESSAGE("nlp_jac_g::eval") [.../casadi/core/sx_function.cpp:77]
CasADi - 2026-10-04 13:15:39 MESSAGE("nlp_hess_l::eval") [.../casadi/core/sx_function.cpp:77]
 511  6.7883301e+00 7.66e-02 3.55e+04  -3.8 2.17e-02   2.3 4.65e-01 1.82e-01h  1
CasADi - 2026-10-04 13:15:39 MESSAGE("nlp_g::eval") [.../casadi/core/sx_function.cpp:77]
CasADi - 2026-10-04 13:15:39 MESSAGE("nlp_f::eval") [.../casadi/core/sx_function.cpp:77]
CasADi - 2026-10-04 13:15:39 MESSAGE("nlp_grad_f::eval") [.../casadi/core/sx_function.cpp:77]
CasADi - 2026-10-04 13:15:39 MESSAGE("nlp_jac_g::eval") [.../casadi/core/sx_function.cpp:77]
CasADi - 2026-10-04 13:15:39 MESSAGE("nlp_hess_l::eval") [.../casadi/core/sx_function.cpp:77]
 512  6.7890930e+00 3.41e-02 1.54e+04  -3.8 1.77e-02   1.8 1.00e+00 5.54e-01h  1
CasADi - 2026-10-04 13:15:39 MESSAGE("nlp_g::eval") [.../casadi/core/sx_function.cpp:77]
CasADi - 2026-10-04 13:15:39 MESSAGE("nlp_f::eval") [.../casadi/core/sx_function.cpp:77]
CasADi - 2026-10-04 13:15:39 MESSAGE("nlp_grad_f::eval") [.../casadi/core/sx_function.cpp:77]
CasADi - 2026-10-04 13:15:39 MESSAGE("nlp_jac_g::eval") [.../casadi/core/sx_function.cpp:77]
CasADi - 2026-10-04 13:15:39 MESSAGE("nlp_hess_l::eval") [.../casadi/core/sx_function.cpp:77]
 513  6.7888688e+00 2.07e-04 1.30e+02  -3.8 7.99e-03   1.3 7.35e-01 1.00e+00h  1
CasADi - 2026-10-04 13:15:39 MESSAGE("nlp_g::eval") [.../casadi/core/sx_function.cpp:77]
CasADi - 2026-10-04 13:15:39 MESSAGE("nlp_f::eval") [.../casadi/core/sx_function.cpp:77]
CasADi - 2026-10-04 13:15:39 MESSAGE("nlp_grad_f::eval") [.../casadi/core/sx_function.cpp:77]
CasADi - 2026-10-04 13:15:39 MESSAGE("nlp_jac_g::eval") [.../casadi/core/sx_function.cpp:77]
CasADi - 2026-10-04 13:15:39 MESSAGE("nlp_hess_l::eval") [.../casadi/core/sx_function.cpp:77]
 514  6.7877423e+00 6.52e-05 1.21e+02  -3.8 3.85e-03   0.8 1.00e+00 6.86e-01h  1
CasADi - 2026-10-04 13:15:39 MESSAGE("nlp_g::eval") [.../casadi/core/sx_function.cpp:77]
CasADi - 2026-10-04 13:15:39 MESSAGE("nlp_f::eval") [.../casadi/core/sx_function.cpp:77]
CasADi - 2026-10-04 13:15:39 MESSAGE("nlp_grad_f::eval") [.../casadi/core/sx_function.cpp:77]
CasADi - 2026-10-04 13:15:39 MESSAGE("nlp_jac_g::eval") [.../casadi/core/sx_function.cpp:77]
CasADi - 2026-10-04 13:15:39 MESSAGE("nlp_hess_l::eval") [.../casadi/core/sx_function.cpp:77]
 515  6.7878687e+00 1.46e-04 5.48e-01  -3.8 4.64e-03   0.4 1.00e+00 1.00e+00f  1
CasADi - 2026-10-04 13:15:39 MESSAGE("nlp_g::eval") [.../casadi/core/sx_function.cpp:77]
CasADi - 2026-10-04 13:15:39 MESSAGE("nlp_f::eval") [.../casadi/core/sx_function.cpp:77]
CasADi - 2026-10-04 13:15:39 MESSAGE("nlp_grad_f::eval") [.../casadi/core/sx_function.cpp:77]
CasADi - 2026-10-04 13:15:39 MESSAGE("nlp_jac_g::eval") [.../casadi/core/sx_function.cpp:77]
CasADi - 2026-10-04 13:15:39 MESSAGE("nlp_hess_l::eval") [.../casadi/core/sx_function.cpp:77]
 516  6.7862007e+00 3.40e-04 4.38e-02  -3.8 9.06e-03  -0.1 1.00e+00 1.00e+00h  1
CasADi - 2026-10-04 13:15:39 MESSAGE("nlp_g::eval") [.../casadi/core/sx_function.cpp:77]
CasADi - 2026-10-04 13:15:39 MESSAGE("nlp_f::eval") [.../casadi/core/sx_function.cpp:77]
CasADi - 2026-10-04 13:15:39 MESSAGE("nlp_grad_f::eval") [.../casadi/core/sx_function.cpp:77]
CasADi - 2026-10-04 13:15:39 MESSAGE("nlp_jac_g::eval") [.../casadi/core/sx_function.cpp:77]
CasADi - 2026-10-04 13:15:39 MESSAGE("nlp_hess_l::eval") [.../casadi/core/sx_function.cpp:77]
 517  6.7819149e+00 3.75e-02 1.22e+03  -3.8 1.66e+01    -  3.36e-02 1.19e-02h  1
CasADi - 2026-10-04 13:15:39 MESSAGE("nlp_g::eval") [.../casadi/core/sx_function.cpp:77]
CasADi - 2026-10-04 13:15:39 MESSAGE("nlp_f::eval") [.../casadi/core/sx_function.cpp:77]
CasADi - 2026-10-04 13:15:39 MESSAGE("nlp_grad_f::eval") [.../casadi/core/sx_function.cpp:77]
CasADi - 2026-10-04 13:15:39 MESSAGE("nlp_jac_g::eval") [.../casadi/core/sx_function.cpp:77]
CasADi - 2026-10-04 13:15:39 MESSAGE("nlp_hess_l::eval") [.../casadi/core/sx_function.cpp:77]
 518  6.7801452e+00 8.48e-04 2.58e-01  -3.8 2.19e-02  -0.6 1.00e+00 1.00e+00h  1
CasADi - 2026-10-04 13:15:39 MESSAGE("nlp_g::eval") [.../casadi/core/sx_function.cpp:77]
CasADi - 2026-10-04 13:15:39 MESSAGE("nlp_f::eval") [.../casadi/core/sx_function.cpp:77]
CasADi - 2026-10-04 13:15:39 MESSAGE("nlp_grad_f::eval") [.../casadi/core/sx_function.cpp:77]
CasADi - 2026-10-04 13:15:39 MESSAGE("nlp_jac_g::eval") [.../casadi/core/sx_function.cpp:77]
CasADi - 2026-10-04 13:15:39 MESSAGE("nlp_hess_l::eval") [.../casadi/core/sx_function.cpp:77]
 519  6.7759245e+00 4.40e-02 1.66e+03  -3.8 1.76e+00    -  7.66e-01 1.26e-01h  1
CasADi - 2026-10-04 13:15:39 MESSAGE("nlp_g::eval") [.../casadi/core/sx_function.cpp:77]
CasADi - 2026-10-04 13:15:39 MESSAGE("nlp_f::eval") [.../casadi/core/sx_function.cpp:77]
CasADi - 2026-10-04 13:15:39 MESSAGE("nlp_grad_f::eval") [.../casadi/core/sx_function.cpp:77]
CasADi - 2026-10-04 13:15:39 MESSAGE("nlp_jac_g::eval") [.../casadi/core/sx_function.cpp:77]
CasADi - 2026-10-04 13:15:39 MESSAGE("nlp_hess_l::eval") [.../casadi/core/sx_function.cpp:77]
iter    objective    inf_pr   inf_du lg(mu)  ||d||  lg(rg) alpha_du alpha_pr  ls
 520  6.7703802e+00 3.58e-01 1.18e+03  -3.8 2.19e+00    -  2.90e-01 2.86e-01h  1
CasADi - 2026-10-04 13:15:39 MESSAGE("nlp_g::eval") [.../casadi/core/sx_function.cpp:77]
CasADi - 2026-10-04 13:15:39 MESSAGE("nlp_f::eval") [.../casadi/core/sx_function.cpp:77]
CasADi - 2026-10-04 13:15:39 MESSAGE("nlp_grad_f::eval") [.../casadi/core/sx_function.cpp:77]
CasADi - 2026-10-04 13:15:39 MESSAGE("nlp_jac_g::eval") [.../casadi/core/sx_function.cpp:77]
CasADi - 2026-10-04 13:15:39 MESSAGE("nlp_hess_l::eval") [.../casadi/core/sx_function.cpp:77]
 521  6.7661299e+00 3.11e-01 9.97e+02  -3.8 1.22e+00    -  1.57e-01 1.43e-01h  1
CasADi - 2026-10-04 13:15:39 MESSAGE("nlp_g::eval") [.../casadi/core/sx_function.cpp:77]
CasADi - 2026-10-04 13:15:39 MESSAGE("nlp_f::eval") [.../casadi/core/sx_function.cpp:77]
CasADi - 2026-10-04 13:15:39 MESSAGE("nlp_grad_f::eval") [.../casadi/core/sx_function.cpp:77]
CasADi - 2026-10-04 13:15:39 MESSAGE("nlp_jac_g::eval") [.../casadi/core/sx_function.cpp:77]
CasADi - 2026-10-04 13:15:39 MESSAGE("nlp_hess_l::eval") [.../casadi/core/sx_function.cpp:77]
 522  6.7611509e+00 2.51e-01 4.24e+03  -3.8 1.60e+00    -  6.23e-01 1.92e-01h  1
CasADi - 2026-10-04 13:15:39 MESSAGE("nlp_g::eval") [.../casadi/core/sx_function.cpp:77]
CasADi - 2026-10-04 13:15:39 MESSAGE("nlp_f::eval") [.../casadi/core/sx_function.cpp:77]
CasADi - 2026-10-04 13:15:39 MESSAGE("nlp_grad_f::eval") [.../casadi/core/sx_function.cpp:77]
CasADi - 2026-10-04 13:15:39 MESSAGE("nlp_jac_g::eval") [.../casadi/core/sx_function.cpp:77]
CasADi - 2026-10-04 13:15:39 MESSAGE("nlp_hess_l::eval") [.../casadi/core/sx_function.cpp:77]
 523  6.7557870e+00 3.71e-02 4.56e+03  -3.8 1.00e-01  -1.1 4.71e-01 8.66e-01h  1
CasADi - 2026-10-04 13:15:39 MESSAGE("nlp_g::eval") [.../casadi/core/sx_function.cpp:77]
CasADi - 2026-10-04 13:15:39 MESSAGE("nlp_f::eval") [.../casadi/core/sx_function.cpp:77]
CasADi - 2026-10-04 13:15:39 MESSAGE("nlp_grad_f::eval") [.../casadi/core/sx_function.cpp:77]
CasADi - 2026-10-04 13:15:39 MESSAGE("nlp_jac_g::eval") [.../casadi/core/sx_function.cpp:77]
CasADi - 2026-10-04 13:15:39 MESSAGE("nlp_hess_l::eval") [.../casadi/core/sx_function.cpp:77]
 524  6.7561895e+00 2.73e-03 4.67e+00  -3.8 5.35e-02  -0.6 1.00e+00 1.00e+00h  1
CasADi - 2026-10-04 13:15:39 MESSAGE("nlp_g::eval") [.../casadi/core/sx_function.cpp:77]
CasADi - 2026-10-04 13:15:39 MESSAGE("nlp_f::eval") [.../casadi/core/sx_function.cpp:77]
CasADi - 2026-10-04 13:15:39 MESSAGE("nlp_g::eval") [.../casadi/core/sx_function.cpp:77]
CasADi - 2026-10-04 13:15:39 MESSAGE("nlp_f::eval") [.../casadi/core/sx_function.cpp:77]
CasADi - 2026-10-04 13:15:39 MESSAGE("nlp_g::eval") [.../casadi/core/sx_function.cpp:77]
CasADi - 2026-10-04 13:15:39 MESSAGE("nlp_f::eval") [.../casadi/core/sx_function.cpp:77]
CasADi - 2026-10-04 13:15:39 MESSAGE("nlp_g::eval") [.../casadi/core/sx_function.cpp:77]
CasADi - 2026-10-04 13:15:39 MESSAGE("nlp_f::eval") [.../casadi/core/sx_function.cpp:77]
CasADi - 2026-10-04 13:15:39 MESSAGE("nlp_grad_f::eval") [.../casadi/core/sx_function.cpp:77]
CasADi - 2026-10-04 13:15:39 MESSAGE("nlp_jac_g::eval") [.../casadi/core/sx_function.cpp:77]
CasADi - 2026-10-04 13:15:39 MESSAGE("nlp_hess_l::eval") [.../casadi/core/sx_function.cpp:77]
 525  6.7522713e+00 3.38e-02 9.44e+02  -3.8 1.40e+00    -  2.76e-01 1.02e-01h  2
CasADi - 2026-10-04 13:15:39 MESSAGE("nlp_g::eval") [.../casadi/core/sx_function.cpp:77]
CasADi - 2026-10-04 13:15:39 MESSAGE("nlp_f::eval") [.../casadi/core/sx_function.cpp:77]
CasADi - 2026-10-04 13:15:39 MESSAGE("nlp_grad_f::eval") [.../casadi/core/sx_function.cpp:77]
CasADi - 2026-10-04 13:15:39 MESSAGE("nlp_jac_g::eval") [.../casadi/core/sx_function.cpp:77]
CasADi - 2026-10-04 13:15:39 MESSAGE("nlp_hess_l::eval") [.../casadi/core/sx_function.cpp:77]
 526  6.7505720e+00 3.36e-03 1.47e-01  -3.8 4.99e-02  -1.1 1.00e+00 1.00e+00h  1
CasADi - 2026-10-04 13:15:39 MESSAGE("nlp_g::eval") [.../casadi/core/sx_function.cpp:77]
CasADi - 2026-10-04 13:15:39 MESSAGE("nlp_f::eval") [.../casadi/core/sx_function.cpp:77]
CasADi - 2026-10-04 13:15:39 MESSAGE("nlp_grad_f::eval") [.../casadi/core/sx_function.cpp:77]
CasADi - 2026-10-04 13:15:39 MESSAGE("nlp_jac_g::eval") [.../casadi/core/sx_function.cpp:77]
CasADi - 2026-10-04 13:15:39 MESSAGE("nlp_hess_l::eval") [.../casadi/core/sx_function.cpp:77]
 527  6.7478432e+00 2.09e-02 9.29e-02  -3.8 1.51e-01  -1.6 1.00e+00 1.00e+00h  1
CasADi - 2026-10-04 13:15:39 MESSAGE("nlp_g::eval") [.../casadi/core/sx_function.cpp:77]
CasADi - 2026-10-04 13:15:39 MESSAGE("nlp_f::eval") [.../casadi/core/sx_function.cpp:77]
CasADi - 2026-10-04 13:15:39 MESSAGE("nlp_grad_f::eval") [.../casadi/core/sx_function.cpp:77]
CasADi - 2026-10-04 13:15:39 MESSAGE("nlp_jac_g::eval") [.../casadi/core/sx_function.cpp:77]
CasADi - 2026-10-04 13:15:39 MESSAGE("nlp_hess_l::eval") [.../casadi/core/sx_function.cpp:77]
 528  6.7441139e+00 6.54e-02 1.70e+00  -3.8 3.72e-01  -2.1 1.00e+00 1.00e+00h  1
CasADi - 2026-10-04 13:15:39 MESSAGE("nlp_g::eval") [.../casadi/core/sx_function.cpp:77]
CasADi - 2026-10-04 13:15:39 MESSAGE("nlp_f::eval") [.../casadi/core/sx_function.cpp:77]
CasADi - 2026-10-04 13:15:39 MESSAGE("nlp_g::eval") [.../casadi/core/sx_function.cpp:77]
CasADi - 2026-10-04 13:15:39 MESSAGE("nlp_f::eval") [.../casadi/core/sx_function.cpp:77]
CasADi - 2026-10-04 13:15:39 MESSAGE("nlp_g::eval") [.../casadi/core/sx_function.cpp:77]
CasADi - 2026-10-04 13:15:39 MESSAGE("nlp_f::eval") [.../casadi/core/sx_function.cpp:77]
CasADi - 2026-10-04 13:15:39 MESSAGE("nlp_g::eval") [.../casadi/core/sx_function.cpp:77]
CasADi - 2026-10-04 13:15:39 MESSAGE("nlp_f::eval") [.../casadi/core/sx_function.cpp:77]
CasADi - 2026-10-04 13:15:39 MESSAGE("nlp_grad_f::eval") [.../casadi/core/sx_function.cpp:77]
CasADi - 2026-10-04 13:15:39 MESSAGE("nlp_jac_g::eval") [.../casadi/core/sx_function.cpp:77]
CasADi - 2026-10-04 13:15:39 MESSAGE("nlp_hess_l::eval") [.../casadi/core/sx_function.cpp:77]
 529  6.7421675e+00 1.31e-01 8.19e+02  -3.8 4.99e+00  -2.6 8.58e-02 4.77e-02h  2
CasADi - 2026-10-04 13:15:39 MESSAGE("nlp_g::eval") [.../casadi/core/sx_function.cpp:77]
CasADi - 2026-10-04 13:15:39 MESSAGE("nlp_f::eval") [.../casadi/core/sx_function.cpp:77]
CasADi - 2026-10-04 13:15:39 MESSAGE("nlp_grad_f::eval") [.../casadi/core/sx_function.cpp:77]
CasADi - 2026-10-04 13:15:39 MESSAGE("nlp_jac_g::eval") [.../casadi/core/sx_function.cpp:77]
CasADi - 2026-10-04 13:15:39 MESSAGE("nlp_hess_l::eval") [.../casadi/core/sx_function.cpp:77]
iter    objective    inf_pr   inf_du lg(mu)  ||d||  lg(rg) alpha_du alpha_pr  ls
 530  6.7401288e+00 1.31e-01 4.60e+02  -3.8 1.02e+00  -2.1 2.89e-01 1.47e-01h  1
CasADi - 2026-10-04 13:15:39 MESSAGE("nlp_g::eval") [.../casadi/core/sx_function.cpp:77]
CasADi - 2026-10-04 13:15:39 MESSAGE("nlp_f::eval") [.../casadi/core/sx_function.cpp:77]
CasADi - 2026-10-04 13:15:39 MESSAGE("nlp_grad_f::eval") [.../casadi/core/sx_function.cpp:77]
CasADi - 2026-10-04 13:15:39 MESSAGE("nlp_jac_g::eval") [.../casadi/core/sx_function.cpp:77]
CasADi - 2026-10-04 13:15:39 MESSAGE("nlp_hess_l::eval") [.../casadi/core/sx_function.cpp:77]
 531  6.7369806e+00 1.27e-01 1.66e+03  -3.8 1.21e+00  -2.6 6.18e-01 2.19e-01h  1
CasADi - 2026-10-04 13:15:39 MESSAGE("nlp_g::eval") [.../casadi/core/sx_function.cpp:77]
CasADi - 2026-10-04 13:15:39 MESSAGE("nlp_f::eval") [.../casadi/core/sx_function.cpp:77]
CasADi - 2026-10-04 13:15:39 MESSAGE("nlp_g::eval") [.../casadi/core/sx_function.cpp:77]
CasADi - 2026-10-04 13:15:39 MESSAGE("nlp_f::eval") [.../casadi/core/sx_function.cpp:77]
CasADi - 2026-10-04 13:15:39 MESSAGE("nlp_g::eval") [.../casadi/core/sx_function.cpp:77]
CasADi - 2026-10-04 13:15:39 MESSAGE("nlp_f::eval") [.../casadi/core/sx_function.cpp:77]
CasADi - 2026-10-04 13:15:39 MESSAGE("nlp_g::eval") [.../casadi/core/sx_function.cpp:77]
CasADi - 2026-10-04 13:15:39 MESSAGE("nlp_f::eval") [.../casadi/core/sx_function.cpp:77]
CasADi - 2026-10-04 13:15:39 MESSAGE("nlp_grad_f::eval") [.../casadi/core/sx_function.cpp:77]
CasADi - 2026-10-04 13:15:39 MESSAGE("nlp_jac_g::eval") [.../casadi/core/sx_function.cpp:77]
CasADi - 2026-10-04 13:15:39 MESSAGE("nlp_hess_l::eval") [.../casadi/core/sx_function.cpp:77]
 532  6.7352062e+00 1.25e-01 1.79e+03  -3.8 1.11e+01  -3.1 4.56e-02 1.32e-02h  2
CasADi - 2026-10-04 13:15:39 MESSAGE("nlp_g::eval") [.../casadi/core/sx_function.cpp:77]
CasADi - 2026-10-04 13:15:39 MESSAGE("nlp_f::eval") [.../casadi/core/sx_function.cpp:77]
CasADi - 2026-10-04 13:15:39 MESSAGE("nlp_g::eval") [.../casadi/core/sx_function.cpp:77]
CasADi - 2026-10-04 13:15:39 MESSAGE("nlp_f::eval") [.../casadi/core/sx_function.cpp:77]
CasADi - 2026-10-04 13:15:39 MESSAGE("nlp_g::eval") [.../casadi/core/sx_function.cpp:77]
CasADi - 2026-10-04 13:15:39 MESSAGE("nlp_f::eval") [.../casadi/core/sx_function.cpp:77]
CasADi - 2026-10-04 13:15:39 MESSAGE("nlp_grad_f::eval") [.../casadi/core/sx_function.cpp:77]
CasADi - 2026-10-04 13:15:39 MESSAGE("nlp_jac_g::eval") [.../casadi/core/sx_function.cpp:77]
CasADi - 2026-10-04 13:15:39 MESSAGE("nlp_hess_l::eval") [.../casadi/core/sx_function.cpp:77]
 533  6.7337303e+00 1.23e-01 1.83e+03  -3.8 1.19e+01  -3.6 3.13e-02 1.80e-02h  2
CasADi - 2026-10-04 13:15:39 MESSAGE("nlp_g::eval") [.../casadi/core/sx_function.cpp:77]
CasADi - 2026-10-04 13:15:39 MESSAGE("nlp_f::eval") [.../casadi/core/sx_function.cpp:77]
CasADi - 2026-10-04 13:15:39 MESSAGE("nlp_grad_f::eval") [.../casadi/core/sx_function.cpp:77]
CasADi - 2026-10-04 13:15:39 MESSAGE("nlp_jac_g::eval") [.../casadi/core/sx_function.cpp:77]
CasADi - 2026-10-04 13:15:39 MESSAGE("nlp_hess_l::eval") [.../casadi/core/sx_function.cpp:77]
 534  6.7316594e+00 1.15e-01 1.96e+03  -3.8 2.94e+00  -3.1 1.55e-01 8.80e-02h  1
CasADi - 2026-10-04 13:15:39 MESSAGE("nlp_g::eval") [.../casadi/core/sx_function.cpp:77]
CasADi - 2026-10-04 13:15:39 MESSAGE("nlp_f::eval") [.../casadi/core/sx_function.cpp:77]
CasADi - 2026-10-04 13:15:39 MESSAGE("nlp_grad_f::eval") [.../casadi/core/sx_function.cpp:77]
CasADi - 2026-10-04 13:15:39 MESSAGE("nlp_jac_g::eval") [.../casadi/core/sx_function.cpp:77]
CasADi - 2026-10-04 13:15:39 MESSAGE("nlp_hess_l::eval") [.../casadi/core/sx_function.cpp:77]
 535  6.7284336e+00 1.69e-01 2.04e+03  -3.8 6.50e+00    -  4.97e-02 4.30e-02h  1
CasADi - 2026-10-04 13:15:39 MESSAGE("nlp_g::eval") [.../casadi/core/sx_function.cpp:77]
CasADi - 2026-10-04 13:15:39 MESSAGE("nlp_f::eval") [.../casadi/core/sx_function.cpp:77]
CasADi - 2026-10-04 13:15:39 MESSAGE("nlp_grad_f::eval") [.../casadi/core/sx_function.cpp:77]
CasADi - 2026-10-04 13:15:39 MESSAGE("nlp_jac_g::eval") [.../casadi/core/sx_function.cpp:77]
CasADi - 2026-10-04 13:15:39 MESSAGE("nlp_hess_l::eval") [.../casadi/core/sx_function.cpp:77]
 536  6.7243034e+00 6.67e-02 1.56e+03  -3.8 3.21e-01  -1.8 1.43e-01 7.67e-01h  1
CasADi - 2026-10-04 13:15:39 MESSAGE("nlp_g::eval") [.../casadi/core/sx_function.cpp:77]
CasADi - 2026-10-04 13:15:39 MESSAGE("nlp_f::eval") [.../casadi/core/sx_function.cpp:77]
CasADi - 2026-10-04 13:15:39 MESSAGE("nlp_grad_f::eval") [.../casadi/core/sx_function.cpp:77]
CasADi - 2026-10-04 13:15:39 MESSAGE("nlp_jac_g::eval") [.../casadi/core/sx_function.cpp:77]
CasADi - 2026-10-04 13:15:39 MESSAGE("nlp_hess_l::eval") [.../casadi/core/sx_function.cpp:77]
 537  6.7247712e+00 1.83e-02 6.84e+02  -3.8 5.71e-02  -0.5 6.94e-01 7.62e-01h  1
CasADi - 2026-10-04 13:15:39 MESSAGE("nlp_g::eval") [.../casadi/core/sx_function.cpp:77]
CasADi - 2026-10-04 13:15:39 MESSAGE("nlp_f::eval") [.../casadi/core/sx_function.cpp:77]
CasADi - 2026-10-04 13:15:39 MESSAGE("nlp_grad_f::eval") [.../casadi/core/sx_function.cpp:77]
CasADi - 2026-10-04 13:15:39 MESSAGE("nlp_jac_g::eval") [.../casadi/core/sx_function.cpp:77]
CasADi - 2026-10-04 13:15:39 MESSAGE("nlp_hess_l::eval") [.../casadi/core/sx_function.cpp:77]
 538  6.7239159e+00 1.03e-02 9.30e+02  -3.8 4.48e-02  -0.9 1.00e+00 4.41e-01h  1
CasADi - 2026-10-04 13:15:39 MESSAGE("nlp_g::eval") [.../casadi/core/sx_function.cpp:77]
CasADi - 2026-10-04 13:15:39 MESSAGE("nlp_f::eval") [.../casadi/core/sx_function.cpp:77]
CasADi - 2026-10-04 13:15:39 MESSAGE("nlp_grad_f::eval") [.../casadi/core/sx_function.cpp:77]
CasADi - 2026-10-04 13:15:39 MESSAGE("nlp_jac_g::eval") [.../casadi/core/sx_function.cpp:77]
CasADi - 2026-10-04 13:15:39 MESSAGE("nlp_hess_l::eval") [.../casadi/core/sx_function.cpp:77]
 539  6.7221426e+00 5.06e-03 2.01e+02  -3.8 4.76e-02  -1.4 1.00e+00 8.17e-01f  1
CasADi - 2026-10-04 13:15:39 MESSAGE("nlp_g::eval") [.../casadi/core/sx_function.cpp:77]
CasADi - 2026-10-04 13:15:39 MESSAGE("nlp_f::eval") [.../casadi/core/sx_function.cpp:77]
CasADi - 2026-10-04 13:15:39 MESSAGE("nlp_g::eval") [.../casadi/core/sx_function.cpp:77]
CasADi - 2026-10-04 13:15:39 MESSAGE("nlp_f::eval") [.../casadi/core/sx_function.cpp:77]
CasADi - 2026-10-04 13:15:39 MESSAGE("nlp_g::eval") [.../casadi/core/sx_function.cpp:77]
CasADi - 2026-10-04 13:15:39 MESSAGE("nlp_f::eval") [.../casadi/core/sx_function.cpp:77]
CasADi - 2026-10-04 13:15:39 MESSAGE("nlp_g::eval") [.../casadi/core/sx_function.cpp:77]
CasADi - 2026-10-04 13:15:39 MESSAGE("nlp_f::eval") [.../casadi/core/sx_function.cpp:77]
CasADi - 2026-10-04 13:15:39 MESSAGE("nlp_grad_f::eval") [.../casadi/core/sx_function.cpp:77]
CasADi - 2026-10-04 13:15:39 MESSAGE("nlp_jac_g::eval") [.../casadi/core/sx_function.cpp:77]
CasADi - 2026-10-04 13:15:39 MESSAGE("nlp_hess_l::eval") [.../casadi/core/sx_function.cpp:77]
iter    objective    inf_pr   inf_du lg(mu)  ||d||  lg(rg) alpha_du alpha_pr  ls
 540  6.7205718e+00 3.84e-02 4.28e+02  -3.8 8.76e+00    -  8.09e-02 2.89e-02h  2
CasADi - 2026-10-04 13:15:39 MESSAGE("nlp_g::eval") [.../casadi/core/sx_function.cpp:77]
CasADi - 2026-10-04 13:15:39 MESSAGE("nlp_f::eval") [.../casadi/core/sx_function.cpp:77]
CasADi - 2026-10-04 13:15:39 MESSAGE("nlp_grad_f::eval") [.../casadi/core/sx_function.cpp:77]
CasADi - 2026-10-04 13:15:39 MESSAGE("nlp_jac_g::eval") [.../casadi/core/sx_function.cpp:77]
CasADi - 2026-10-04 13:15:39 MESSAGE("nlp_hess_l::eval") [.../casadi/core/sx_function.cpp:77]
 541  6.7178923e+00 1.72e-02 3.34e-01  -3.8 1.20e-01  -1.9 1.00e+00 1.00e+00h  1
CasADi - 2026-10-04 13:15:39 MESSAGE("nlp_g::eval") [.../casadi/core/sx_function.cpp:77]
CasADi - 2026-10-04 13:15:39 MESSAGE("nlp_f::eval") [.../casadi/core/sx_function.cpp:77]
CasADi - 2026-10-04 13:15:39 MESSAGE("nlp_g::eval") [.../casadi/core/sx_function.cpp:77]
CasADi - 2026-10-04 13:15:39 MESSAGE("nlp_f::eval") [.../casadi/core/sx_function.cpp:77]
CasADi - 2026-10-04 13:15:39 MESSAGE("nlp_grad_f::eval") [.../casadi/core/sx_function.cpp:77]
CasADi - 2026-10-04 13:15:39 MESSAGE("nlp_jac_g::eval") [.../casadi/core/sx_function.cpp:77]
CasADi - 2026-10-04 13:15:39 MESSAGE("nlp_hess_l::eval") [.../casadi/core/sx_function.cpp:77]
 542  6.7124819e+00 5.81e-02 4.83e-01  -3.8 2.52e-01  -2.4 1.00e+00 1.00e+00H  1
CasADi - 2026-10-04 13:15:39 MESSAGE("nlp_g::eval") [.../casadi/core/sx_function.cpp:77]
CasADi - 2026-10-04 13:15:39 MESSAGE("nlp_f::eval") [.../casadi/core/sx_function.cpp:77]
CasADi - 2026-10-04 13:15:39 MESSAGE("nlp_g::eval") [.../casadi/core/sx_function.cpp:77]
CasADi - 2026-10-04 13:15:39 MESSAGE("nlp_f::eval") [.../casadi/core/sx_function.cpp:77]
CasADi - 2026-10-04 13:15:39 MESSAGE("nlp_grad_f::eval") [.../casadi/core/sx_function.cpp:77]
CasADi - 2026-10-04 13:15:39 MESSAGE("nlp_jac_g::eval") [.../casadi/core/sx_function.cpp:77]
CasADi - 2026-10-04 13:15:39 MESSAGE("nlp_hess_l::eval") [.../casadi/core/sx_function.cpp:77]
 543  6.7105115e+00 3.56e-01 1.74e+02  -3.8 1.98e+00  -2.9 1.52e-01 2.44e-01H  1
CasADi - 2026-10-04 13:15:39 MESSAGE("nlp_g::eval") [.../casadi/core/sx_function.cpp:77]
CasADi - 2026-10-04 13:15:39 MESSAGE("nlp_f::eval") [.../casadi/core/sx_function.cpp:77]
CasADi - 2026-10-04 13:15:39 MESSAGE("nlp_grad_f::eval") [.../casadi/core/sx_function.cpp:77]
CasADi - 2026-10-04 13:15:39 MESSAGE("nlp_jac_g::eval") [.../casadi/core/sx_function.cpp:77]
CasADi - 2026-10-04 13:15:39 MESSAGE("nlp_hess_l::eval") [.../casadi/core/sx_function.cpp:77]
 544  6.7062836e+00 1.86e-01 1.22e+02  -3.8 3.69e-01  -2.4 7.21e-01 6.58e-01h  1
CasADi - 2026-10-04 13:15:39 MESSAGE("nlp_g::eval") [.../casadi/core/sx_function.cpp:77]
CasADi - 2026-10-04 13:15:39 MESSAGE("nlp_f::eval") [.../casadi/core/sx_function.cpp:77]
CasADi - 2026-10-04 13:15:39 MESSAGE("nlp_grad_f::eval") [.../casadi/core/sx_function.cpp:77]
CasADi - 2026-10-04 13:15:39 MESSAGE("nlp_jac_g::eval") [.../casadi/core/sx_function.cpp:77]
CasADi - 2026-10-04 13:15:39 MESSAGE("nlp_hess_l::eval") [.../casadi/core/sx_function.cpp:77]
 545  6.7035874e+00 1.77e-01 9.13e+01  -3.8 1.27e+00  -2.9 2.75e-01 2.66e-01h  1
CasADi - 2026-10-04 13:15:39 MESSAGE("nlp_g::eval") [.../casadi/core/sx_function.cpp:77]
CasADi - 2026-10-04 13:15:39 MESSAGE("nlp_f::eval") [.../casadi/core/sx_function.cpp:77]
CasADi - 2026-10-04 13:15:39 MESSAGE("nlp_g::eval") [.../casadi/core/sx_function.cpp:77]
CasADi - 2026-10-04 13:15:39 MESSAGE("nlp_f::eval") [.../casadi/core/sx_function.cpp:77]
CasADi - 2026-10-04 13:15:39 MESSAGE("nlp_grad_f::eval") [.../casadi/core/sx_function.cpp:77]
CasADi - 2026-10-04 13:15:39 MESSAGE("nlp_jac_g::eval") [.../casadi/core/sx_function.cpp:77]
CasADi - 2026-10-04 13:15:39 MESSAGE("nlp_hess_l::eval") [.../casadi/core/sx_function.cpp:77]
 546  6.6996280e+00 2.18e-01 1.82e+02  -3.8 7.63e-01    -  4.01e-01 5.50e-01H  1
CasADi - 2026-10-04 13:15:39 MESSAGE("nlp_g::eval") [.../casadi/core/sx_function.cpp:77]
CasADi - 2026-10-04 13:15:39 MESSAGE("nlp_f::eval") [.../casadi/core/sx_function.cpp:77]
CasADi - 2026-10-04 13:15:39 MESSAGE("nlp_g::eval") [.../casadi/core/sx_function.cpp:77]
CasADi - 2026-10-04 13:15:39 MESSAGE("nlp_f::eval") [.../casadi/core/sx_function.cpp:77]
CasADi - 2026-10-04 13:15:39 MESSAGE("nlp_g::eval") [.../casadi/core/sx_function.cpp:77]
CasADi - 2026-10-04 13:15:39 MESSAGE("nlp_f::eval") [.../casadi/core/sx_function.cpp:77]
CasADi - 2026-10-04 13:15:39 MESSAGE("nlp_grad_f::eval") [.../casadi/core/sx_function.cpp:77]
CasADi - 2026-10-04 13:15:39 MESSAGE("nlp_jac_g::eval") [.../casadi/core/sx_function.cpp:77]
CasADi - 2026-10-04 13:15:39 MESSAGE("nlp_hess_l::eval") [.../casadi/core/sx_function.cpp:77]
 547  6.6989803e+00 2.19e-01 2.47e+02  -3.8 2.51e+00  -2.5 8.96e-02 1.96e-02h  2
CasADi - 2026-10-04 13:15:39 MESSAGE("nlp_g::eval") [.../casadi/core/sx_function.cpp:77]
CasADi - 2026-10-04 13:15:39 MESSAGE("nlp_f::eval") [.../casadi/core/sx_function.cpp:77]
CasADi - 2026-10-04 13:15:39 MESSAGE("nlp_grad_f::eval") [.../casadi/core/sx_function.cpp:77]
CasADi - 2026-10-04 13:15:39 MESSAGE("nlp_jac_g::eval") [.../casadi/core/sx_function.cpp:77]
CasADi - 2026-10-04 13:15:39 MESSAGE("nlp_hess_l::eval") [.../casadi/core/sx_function.cpp:77]
 548  6.6982179e+00 2.25e-01 6.78e+02  -3.8 4.70e+00  -3.0 5.53e-02 2.20e-02h  1
CasADi - 2026-10-04 13:15:39 MESSAGE("nlp_g::eval") [.../casadi/core/sx_function.cpp:77]
CasADi - 2026-10-04 13:15:39 MESSAGE("nlp_f::eval") [.../casadi/core/sx_function.cpp:77]
CasADi - 2026-10-04 13:15:39 MESSAGE("nlp_grad_f::eval") [.../casadi/core/sx_function.cpp:77]
CasADi - 2026-10-04 13:15:39 MESSAGE("nlp_jac_g::eval") [.../casadi/core/sx_function.cpp:77]
CasADi - 2026-10-04 13:15:39 MESSAGE("nlp_hess_l::eval") [.../casadi/core/sx_function.cpp:77]
 549  6.6947112e+00 3.41e-02 3.11e+02  -3.8 3.10e-01    -  7.44e-01 1.00e+00h  1
CasADi - 2026-10-04 13:15:39 MESSAGE("nlp_g::eval") [.../casadi/core/sx_function.cpp:77]
CasADi - 2026-10-04 13:15:39 MESSAGE("nlp_f::eval") [.../casadi/core/sx_function.cpp:77]
CasADi - 2026-10-04 13:15:39 MESSAGE("nlp_grad_f::eval") [.../casadi/core/sx_function.cpp:77]
CasADi - 2026-10-04 13:15:39 MESSAGE("nlp_jac_g::eval") [.../casadi/core/sx_function.cpp:77]
CasADi - 2026-10-04 13:15:39 MESSAGE("nlp_hess_l::eval") [.../casadi/core/sx_function.cpp:77]
iter    objective    inf_pr   inf_du lg(mu)  ||d||  lg(rg) alpha_du alpha_pr  ls
 550  6.6943809e+00 2.88e-03 4.36e-02  -3.8 7.48e-02    -  1.00e+00 1.00e+00h  1
CasADi - 2026-10-04 13:15:39 MESSAGE("nlp_g::eval") [.../casadi/core/sx_function.cpp:77]
CasADi - 2026-10-04 13:15:39 MESSAGE("nlp_f::eval") [.../casadi/core/sx_function.cpp:77]
CasADi - 2026-10-04 13:15:39 MESSAGE("nlp_grad_f::eval") [.../casadi/core/sx_function.cpp:77]
CasADi - 2026-10-04 13:15:39 MESSAGE("nlp_jac_g::eval") [.../casadi/core/sx_function.cpp:77]
CasADi - 2026-10-04 13:15:39 MESSAGE("nlp_hess_l::eval") [.../casadi/core/sx_function.cpp:77]
 551  6.6944375e+00 1.07e-05 1.07e-02  -3.8 1.37e-02    -  1.00e+00 1.00e+00h  1
CasADi - 2026-10-04 13:15:39 MESSAGE("nlp_g::eval") [.../casadi/core/sx_function.cpp:77]
CasADi - 2026-10-04 13:15:39 MESSAGE("nlp_f::eval") [.../casadi/core/sx_function.cpp:77]
CasADi - 2026-10-04 13:15:39 MESSAGE("nlp_grad_f::eval") [.../casadi/core/sx_function.cpp:77]
CasADi - 2026-10-04 13:15:39 MESSAGE("nlp_jac_g::eval") [.../casadi/core/sx_function.cpp:77]
CasADi - 2026-10-04 13:15:39 MESSAGE("nlp_hess_l::eval") [.../casadi/core/sx_function.cpp:77]
 552  6.6944439e+00 6.30e-07 2.36e-04  -3.8 1.84e-03    -  1.00e+00 1.00e+00h  1
CasADi - 2026-10-04 13:15:39 MESSAGE("nlp_g::eval") [.../casadi/core/sx_function.cpp:77]
CasADi - 2026-10-04 13:15:39 MESSAGE("nlp_f::eval") [.../casadi/core/sx_function.cpp:77]
CasADi - 2026-10-04 13:15:39 MESSAGE("nlp_grad_f::eval") [.../casadi/core/sx_function.cpp:77]
CasADi - 2026-10-04 13:15:39 MESSAGE("nlp_jac_g::eval") [.../casadi/core/sx_function.cpp:77]
CasADi - 2026-10-04 13:15:39 MESSAGE("nlp_hess_l::eval") [.../casadi/core/sx_function.cpp:77]
 553  6.6746585e+00 3.27e-02 2.14e+02  -5.7 7.51e-01    -  3.99e-01 3.56e-01f  1
CasADi - 2026-10-04 13:15:39 MESSAGE("nlp_g::eval") [.../casadi/core/sx_function.cpp:77]
CasADi - 2026-10-04 13:15:39 MESSAGE("nlp_f::eval") [.../casadi/core/sx_function.cpp:77]
CasADi - 2026-10-04 13:15:39 MESSAGE("nlp_grad_f::eval") [.../casadi/core/sx_function.cpp:77]
CasADi - 2026-10-04 13:15:39 MESSAGE("nlp_jac_g::eval") [.../casadi/core/sx_function.cpp:77]
CasADi - 2026-10-04 13:15:39 MESSAGE("nlp_hess_l::eval") [.../casadi/core/sx_function.cpp:77]
 554  6.6688212e+00 2.79e-02 6.19e+02  -5.7 1.22e-01  -1.6 3.98e-01 1.94e-01h  1
CasADi - 2026-10-04 13:15:39 MESSAGE("nlp_g::eval") [.../casadi/core/sx_function.cpp:77]
CasADi - 2026-10-04 13:15:39 MESSAGE("nlp_f::eval") [.../casadi/core/sx_function.cpp:77]
CasADi - 2026-10-04 13:15:39 MESSAGE("nlp_grad_f::eval") [.../casadi/core/sx_function.cpp:77]
CasADi - 2026-10-04 13:15:39 MESSAGE("nlp_jac_g::eval") [.../casadi/core/sx_function.cpp:77]
CasADi - 2026-10-04 13:15:39 MESSAGE("nlp_hess_l::eval") [.../casadi/core/sx_function.cpp:77]
 555  6.6679575e+00 2.74e-02 1.43e+04  -5.7 7.16e-01  -2.1 4.17e-01 2.18e-02h  1
CasADi - 2026-10-04 13:15:39 MESSAGE("nlp_g::eval") [.../casadi/core/sx_function.cpp:77]
CasADi - 2026-10-04 13:15:39 MESSAGE("nlp_f::eval") [.../casadi/core/sx_function.cpp:77]
CasADi - 2026-10-04 13:15:39 MESSAGE("nlp_grad_f::eval") [.../casadi/core/sx_function.cpp:77]
CasADi - 2026-10-04 13:15:39 MESSAGE("nlp_jac_g::eval") [.../casadi/core/sx_function.cpp:77]
CasADi - 2026-10-04 13:15:39 MESSAGE("nlp_hess_l::eval") [.../casadi/core/sx_function.cpp:77]
 556  6.6665012e+00 7.72e-02 1.38e+04  -5.7 7.84e+00    -  3.51e-02 2.14e-02h  1
CasADi - 2026-10-04 13:15:39 MESSAGE("nlp_g::eval") [.../casadi/core/sx_function.cpp:77]
CasADi - 2026-10-04 13:15:39 MESSAGE("nlp_f::eval") [.../casadi/core/sx_function.cpp:77]
CasADi - 2026-10-04 13:15:39 MESSAGE("nlp_grad_f::eval") [.../casadi/core/sx_function.cpp:77]
CasADi - 2026-10-04 13:15:39 MESSAGE("nlp_jac_g::eval") [.../casadi/core/sx_function.cpp:77]
CasADi - 2026-10-04 13:15:39 MESSAGE("nlp_hess_l::eval") [.../casadi/core/sx_function.cpp:77]
 557  6.6535099e+00 1.40e-01 1.16e+04  -5.7 1.03e+00    -  1.79e-01 3.45e-01h  1
CasADi - 2026-10-04 13:15:39 MESSAGE("nlp_g::eval") [.../casadi/core/sx_function.cpp:77]
CasADi - 2026-10-04 13:15:39 MESSAGE("nlp_f::eval") [.../casadi/core/sx_function.cpp:77]
CasADi - 2026-10-04 13:15:39 MESSAGE("nlp_grad_f::eval") [.../casadi/core/sx_function.cpp:77]
CasADi - 2026-10-04 13:15:39 MESSAGE("nlp_jac_g::eval") [.../casadi/core/sx_function.cpp:77]
CasADi - 2026-10-04 13:15:39 MESSAGE("nlp_hess_l::eval") [.../casadi/core/sx_function.cpp:77]
 558  6.6511891e+00 1.27e-01 9.02e+03  -5.7 9.86e-01    -  2.10e-01 9.19e-02h  1
CasADi - 2026-10-04 13:15:39 MESSAGE("nlp_g::eval") [.../casadi/core/sx_function.cpp:77]
CasADi - 2026-10-04 13:15:39 MESSAGE("nlp_f::eval") [.../casadi/core/sx_function.cpp:77]
CasADi - 2026-10-04 13:15:39 MESSAGE("nlp_grad_f::eval") [.../casadi/core/sx_function.cpp:77]
CasADi - 2026-10-04 13:15:39 MESSAGE("nlp_jac_g::eval") [.../casadi/core/sx_function.cpp:77]
CasADi - 2026-10-04 13:15:39 MESSAGE("nlp_hess_l::eval") [.../casadi/core/sx_function.cpp:77]
 559  6.6471156e+00 1.03e-01 4.76e+03  -5.7 5.25e-01    -  4.44e-01 1.89e-01h  1
CasADi - 2026-10-04 13:15:39 MESSAGE("nlp_g::eval") [.../casadi/core/sx_function.cpp:77]
CasADi - 2026-10-04 13:15:39 MESSAGE("nlp_f::eval") [.../casadi/core/sx_function.cpp:77]
CasADi - 2026-10-04 13:15:39 MESSAGE("nlp_grad_f::eval") [.../casadi/core/sx_function.cpp:77]
CasADi - 2026-10-04 13:15:39 MESSAGE("nlp_jac_g::eval") [.../casadi/core/sx_function.cpp:77]
CasADi - 2026-10-04 13:15:39 MESSAGE("nlp_hess_l::eval") [.../casadi/core/sx_function.cpp:77]
iter    objective    inf_pr   inf_du lg(mu)  ||d||  lg(rg) alpha_du alpha_pr  ls
 560  6.6461885e+00 9.74e-02 4.11e+03  -5.7 1.17e+00    -  1.24e-01 5.55e-02h  1
CasADi - 2026-10-04 13:15:39 MESSAGE("nlp_g::eval") [.../casadi/core/sx_function.cpp:77]
CasADi - 2026-10-04 13:15:39 MESSAGE("nlp_f::eval") [.../casadi/core/sx_function.cpp:77]
CasADi - 2026-10-04 13:15:39 MESSAGE("nlp_grad_f::eval") [.../casadi/core/sx_function.cpp:77]
CasADi - 2026-10-04 13:15:39 MESSAGE("nlp_jac_g::eval") [.../casadi/core/sx_function.cpp:77]
CasADi - 2026-10-04 13:15:39 MESSAGE("nlp_hess_l::eval") [.../casadi/core/sx_function.cpp:77]
 561  6.6406057e+00 5.89e-02 3.65e+03  -5.7 3.66e-01    -  1.52e-01 3.80e-01h  1
CasADi - 2026-10-04 13:15:39 MESSAGE("nlp_g::eval") [.../casadi/core/sx_function.cpp:77]
CasADi - 2026-10-04 13:15:39 MESSAGE("nlp_f::eval") [.../casadi/core/sx_function.cpp:77]
CasADi - 2026-10-04 13:15:39 MESSAGE("nlp_grad_f::eval") [.../casadi/core/sx_function.cpp:77]
CasADi - 2026-10-04 13:15:39 MESSAGE("nlp_jac_g::eval") [.../casadi/core/sx_function.cpp:77]
CasADi - 2026-10-04 13:15:39 MESSAGE("nlp_hess_l::eval") [.../casadi/core/sx_function.cpp:77]
 562  6.6370002e+00 3.38e-02 2.29e+03  -5.7 1.33e-01    -  3.77e-01 4.13e-01h  1
CasADi - 2026-10-04 13:15:39 MESSAGE("nlp_g::eval") [.../casadi/core/sx_function.cpp:77]
CasADi - 2026-10-04 13:15:39 MESSAGE("nlp_f::eval") [.../casadi/core/sx_function.cpp:77]
CasADi - 2026-10-04 13:15:39 MESSAGE("nlp_grad_f::eval") [.../casadi/core/sx_function.cpp:77]
CasADi - 2026-10-04 13:15:39 MESSAGE("nlp_jac_g::eval") [.../casadi/core/sx_function.cpp:77]
CasADi - 2026-10-04 13:15:39 MESSAGE("nlp_hess_l::eval") [.../casadi/core/sx_function.cpp:77]
 563  6.6359373e+00 2.61e-02 1.42e+03  -5.7 8.85e-02    -  3.66e-01 2.29e-01h  1
CasADi - 2026-10-04 13:15:39 MESSAGE("nlp_g::eval") [.../casadi/core/sx_function.cpp:77]
CasADi - 2026-10-04 13:15:39 MESSAGE("nlp_f::eval") [.../casadi/core/sx_function.cpp:77]
CasADi - 2026-10-04 13:15:39 MESSAGE("nlp_grad_f::eval") [.../casadi/core/sx_function.cpp:77]
CasADi - 2026-10-04 13:15:39 MESSAGE("nlp_jac_g::eval") [.../casadi/core/sx_function.cpp:77]
CasADi - 2026-10-04 13:15:39 MESSAGE("nlp_hess_l::eval") [.../casadi/core/sx_function.cpp:77]
 564  6.6334066e+00 9.16e-03 1.38e+03  -5.7 1.02e-01    -  1.04e-01 7.38e-01f  1
CasADi - 2026-10-04 13:15:39 MESSAGE("nlp_g::eval") [.../casadi/core/sx_function.cpp:77]
CasADi - 2026-10-04 13:15:39 MESSAGE("nlp_f::eval") [.../casadi/core/sx_function.cpp:77]
CasADi - 2026-10-04 13:15:39 MESSAGE("nlp_grad_f::eval") [.../casadi/core/sx_function.cpp:77]
CasADi - 2026-10-04 13:15:39 MESSAGE("nlp_jac_g::eval") [.../casadi/core/sx_function.cpp:77]
CasADi - 2026-10-04 13:15:39 MESSAGE("nlp_hess_l::eval") [.../casadi/core/sx_function.cpp:77]
 565  6.6328833e+00 5.26e-03 9.23e+02  -5.7 9.50e-02    -  3.40e-01 5.48e-01h  1
CasADi - 2026-10-04 13:15:39 MESSAGE("nlp_g::eval") [.../casadi/core/sx_function.cpp:77]
CasADi - 2026-10-04 13:15:39 MESSAGE("nlp_f::eval") [.../casadi/core/sx_function.cpp:77]
CasADi - 2026-10-04 13:15:39 MESSAGE("nlp_grad_f::eval") [.../casadi/core/sx_function.cpp:77]
CasADi - 2026-10-04 13:15:39 MESSAGE("nlp_jac_g::eval") [.../casadi/core/sx_function.cpp:77]
CasADi - 2026-10-04 13:15:39 MESSAGE("nlp_hess_l::eval") [.../casadi/core/sx_function.cpp:77]
 566  6.6327302e+00 4.05e-03 6.55e+02  -5.7 9.93e-02    -  2.93e-01 4.26e-01f  1
CasADi - 2026-10-04 13:15:39 MESSAGE("nlp_g::eval") [.../casadi/core/sx_function.cpp:77]
CasADi - 2026-10-04 13:15:39 MESSAGE("nlp_f::eval") [.../casadi/core/sx_function.cpp:77]
CasADi - 2026-10-04 13:15:39 MESSAGE("nlp_grad_f::eval") [.../casadi/core/sx_function.cpp:77]
CasADi - 2026-10-04 13:15:39 MESSAGE("nlp_jac_g::eval") [.../casadi/core/sx_function.cpp:77]
CasADi - 2026-10-04 13:15:39 MESSAGE("nlp_hess_l::eval") [.../casadi/core/sx_function.cpp:77]
 567  6.6326889e+00 3.82e-03 5.70e+02  -5.7 9.41e-02    -  1.31e-01 2.45e-01f  1
CasADi - 2026-10-04 13:15:39 MESSAGE("nlp_g::eval") [.../casadi/core/sx_function.cpp:77]
CasADi - 2026-10-04 13:15:39 MESSAGE("nlp_f::eval") [.../casadi/core/sx_function.cpp:77]
CasADi - 2026-10-04 13:15:39 MESSAGE("nlp_grad_f::eval") [.../casadi/core/sx_function.cpp:77]
CasADi - 2026-10-04 13:15:39 MESSAGE("nlp_jac_g::eval") [.../casadi/core/sx_function.cpp:77]
CasADi - 2026-10-04 13:15:39 MESSAGE("nlp_hess_l::eval") [.../casadi/core/sx_function.cpp:77]
 568  6.6326558e+00 3.46e-03 6.85e+02  -5.7 1.02e-02  -0.8 8.81e-01 9.65e-02h  1
CasADi - 2026-10-04 13:15:39 MESSAGE("nlp_g::eval") [.../casadi/core/sx_function.cpp:77]
CasADi - 2026-10-04 13:15:39 MESSAGE("nlp_f::eval") [.../casadi/core/sx_function.cpp:77]
CasADi - 2026-10-04 13:15:39 MESSAGE("nlp_grad_f::eval") [.../casadi/core/sx_function.cpp:77]
CasADi - 2026-10-04 13:15:39 MESSAGE("nlp_jac_g::eval") [.../casadi/core/sx_function.cpp:77]
CasADi - 2026-10-04 13:15:39 MESSAGE("nlp_hess_l::eval") [.../casadi/core/sx_function.cpp:77]
 569  6.6326541e+00 3.47e-03 6.86e+02  -5.7 6.31e-01    -  4.04e-04 5.37e-03h  1
CasADi - 2026-10-04 13:15:39 MESSAGE("nlp_g::eval") [.../casadi/core/sx_function.cpp:77]
CasADi - 2026-10-04 13:15:39 MESSAGE("nlp_f::eval") [.../casadi/core/sx_function.cpp:77]
CasADi - 2026-10-04 13:15:39 MESSAGE("nlp_grad_f::eval") [.../casadi/core/sx_function.cpp:77]
CasADi - 2026-10-04 13:15:39 MESSAGE("nlp_jac_g::eval") [.../casadi/core/sx_function.cpp:77]
CasADi - 2026-10-04 13:15:39 MESSAGE("nlp_hess_l::eval") [.../casadi/core/sx_function.cpp:77]
iter    objective    inf_pr   inf_du lg(mu)  ||d||  lg(rg) alpha_du alpha_pr  ls
 570  6.6326539e+00 3.47e-03 8.27e+02  -5.7 1.13e-02  -1.3 7.69e-02 6.26e-04h  1
CasADi - 2026-10-04 13:15:39 MESSAGE("nlp_g::eval") [.../casadi/core/sx_function.cpp:77]
CasADi - 2026-10-04 13:15:39 MESSAGE("nlp_f::eval") [.../casadi/core/sx_function.cpp:77]
CasADi - 2026-10-04 13:15:39 MESSAGE("nlp_grad_f::eval") [.../casadi/core/sx_function.cpp:77]
CasADi - 2026-10-04 13:15:39 MESSAGE("nlp_jac_g::eval") [.../casadi/core/sx_function.cpp:77]
CasADi - 2026-10-04 13:15:39 MESSAGE("nlp_hess_l::eval") [.../casadi/core/sx_function.cpp:77]
 571  6.6326604e+00 3.40e-03 8.28e+02  -5.7 2.09e-01  -0.8 6.50e-04 3.27e-02f  1
CasADi - 2026-10-04 13:15:39 MESSAGE("nlp_g::eval") [.../casadi/core/sx_function.cpp:77]
CasADi - 2026-10-04 13:15:39 MESSAGE("nlp_f::eval") [.../casadi/core/sx_function.cpp:77]
CasADi - 2026-10-04 13:15:39 MESSAGE("nlp_grad_f::eval") [.../casadi/core/sx_function.cpp:77]
CasADi - 2026-10-04 13:15:39 MESSAGE("nlp_jac_g::eval") [.../casadi/core/sx_function.cpp:77]
CasADi - 2026-10-04 13:15:39 MESSAGE("nlp_hess_l::eval") [.../casadi/core/sx_function.cpp:77]
 572  6.6326390e+00 2.75e-03 1.75e+03  -5.7 1.66e-02   0.5 1.41e-02 2.02e-01h  1
CasADi - 2026-10-04 13:15:39 MESSAGE("nlp_g::eval") [.../casadi/core/sx_function.cpp:77]
CasADi - 2026-10-04 13:15:39 MESSAGE("nlp_f::eval") [.../casadi/core/sx_function.cpp:77]
CasADi - 2026-10-04 13:15:39 MESSAGE("nlp_grad_f::eval") [.../casadi/core/sx_function.cpp:77]
CasADi - 2026-10-04 13:15:39 MESSAGE("nlp_jac_g::eval") [.../casadi/core/sx_function.cpp:77]
CasADi - 2026-10-04 13:15:39 MESSAGE("nlp_hess_l::eval") [.../casadi/core/sx_function.cpp:77]
 573  6.6326398e+00 1.66e-03 7.99e+02  -5.7 8.43e-04   1.8 6.24e-01 3.95e-01h  1
CasADi - 2026-10-04 13:15:39 MESSAGE("nlp_g::eval") [.../casadi/core/sx_function.cpp:77]
CasADi - 2026-10-04 13:15:39 MESSAGE("nlp_f::eval") [.../casadi/core/sx_function.cpp:77]
CasADi - 2026-10-04 13:15:39 MESSAGE("nlp_grad_f::eval") [.../casadi/core/sx_function.cpp:77]
CasADi - 2026-10-04 13:15:39 MESSAGE("nlp_jac_g::eval") [.../casadi/core/sx_function.cpp:77]
CasADi - 2026-10-04 13:15:39 MESSAGE("nlp_hess_l::eval") [.../casadi/core/sx_function.cpp:77]
 574  6.6326563e+00 5.47e-04 2.43e+02  -5.7 5.59e-04   2.3 6.05e-02 6.71e-01f  1
CasADi - 2026-10-04 13:15:40 MESSAGE("nlp_g::eval") [.../casadi/core/sx_function.cpp:77]
CasADi - 2026-10-04 13:15:40 MESSAGE("nlp_f::eval") [.../casadi/core/sx_function.cpp:77]
CasADi - 2026-10-04 13:15:40 MESSAGE("nlp_grad_f::eval") [.../casadi/core/sx_function.cpp:77]
CasADi - 2026-10-04 13:15:40 MESSAGE("nlp_jac_g::eval") [.../casadi/core/sx_function.cpp:77]
CasADi - 2026-10-04 13:15:40 MESSAGE("nlp_hess_l::eval") [.../casadi/core/sx_function.cpp:77]
 575  6.6326278e+00 1.10e-06 8.25e+00  -5.7 4.27e-04   1.8 1.00e+00 1.00e+00f  1
CasADi - 2026-10-04 13:15:40 MESSAGE("nlp_g::eval") [.../casadi/core/sx_function.cpp:77]
CasADi - 2026-10-04 13:15:40 MESSAGE("nlp_f::eval") [.../casadi/core/sx_function.cpp:77]
CasADi - 2026-10-04 13:15:40 MESSAGE("nlp_grad_f::eval") [.../casadi/core/sx_function.cpp:77]
CasADi - 2026-10-04 13:15:40 MESSAGE("nlp_jac_g::eval") [.../casadi/core/sx_function.cpp:77]
CasADi - 2026-10-04 13:15:40 MESSAGE("nlp_hess_l::eval") [.../casadi/core/sx_function.cpp:77]
 576  6.6325919e+00 1.36e-06 1.01e+02  -5.7 5.93e-02    -  1.00e+00 6.38e-02h  1
CasADi - 2026-10-04 13:15:40 MESSAGE("nlp_g::eval") [.../casadi/core/sx_function.cpp:77]
CasADi - 2026-10-04 13:15:40 MESSAGE("nlp_f::eval") [.../casadi/core/sx_function.cpp:77]
CasADi - 2026-10-04 13:15:40 MESSAGE("nlp_grad_f::eval") [.../casadi/core/sx_function.cpp:77]
CasADi - 2026-10-04 13:15:40 MESSAGE("nlp_jac_g::eval") [.../casadi/core/sx_function.cpp:77]
CasADi - 2026-10-04 13:15:40 MESSAGE("nlp_hess_l::eval") [.../casadi/core/sx_function.cpp:77]
 577  6.6324934e+00 1.39e-05 4.50e-01  -5.7 1.22e-02    -  1.00e+00 9.97e-01f  1
CasADi - 2026-10-04 13:15:40 MESSAGE("nlp_g::eval") [.../casadi/core/sx_function.cpp:77]
CasADi - 2026-10-04 13:15:40 MESSAGE("nlp_f::eval") [.../casadi/core/sx_function.cpp:77]
CasADi - 2026-10-04 13:15:40 MESSAGE("nlp_grad_f::eval") [.../casadi/core/sx_function.cpp:77]
CasADi - 2026-10-04 13:15:40 MESSAGE("nlp_jac_g::eval") [.../casadi/core/sx_function.cpp:77]
CasADi - 2026-10-04 13:15:40 MESSAGE("nlp_hess_l::eval") [.../casadi/core/sx_function.cpp:77]
 578  6.6324940e+00 1.80e-09 4.74e-04  -5.7 2.38e-05   1.3 1.00e+00 1.00e+00f  1
CasADi - 2026-10-04 13:15:40 MESSAGE("nlp_g::eval") [.../casadi/core/sx_function.cpp:77]
CasADi - 2026-10-04 13:15:40 MESSAGE("nlp_f::eval") [.../casadi/core/sx_function.cpp:77]
CasADi - 2026-10-04 13:15:40 MESSAGE("nlp_grad_f::eval") [.../casadi/core/sx_function.cpp:77]
CasADi - 2026-10-04 13:15:40 MESSAGE("nlp_jac_g::eval") [.../casadi/core/sx_function.cpp:77]
CasADi - 2026-10-04 13:15:40 MESSAGE("nlp_hess_l::eval") [.../casadi/core/sx_function.cpp:77]
 579  6.6324939e+00 1.09e-09 1.34e-04  -5.7 2.01e-05   0.8 1.00e+00 1.00e+00h  1
CasADi - 2026-10-04 13:15:40 MESSAGE("nlp_g::eval") [.../casadi/core/sx_function.cpp:77]
CasADi - 2026-10-04 13:15:40 MESSAGE("nlp_f::eval") [.../casadi/core/sx_function.cpp:77]
CasADi - 2026-10-04 13:15:40 MESSAGE("nlp_grad_f::eval") [.../casadi/core/sx_function.cpp:77]
CasADi - 2026-10-04 13:15:40 MESSAGE("nlp_jac_g::eval") [.../casadi/core/sx_function.cpp:77]
CasADi - 2026-10-04 13:15:40 MESSAGE("nlp_hess_l::eval") [.../casadi/core/sx_function.cpp:77]
iter    objective    inf_pr   inf_du lg(mu)  ||d||  lg(rg) alpha_du alpha_pr  ls
 580  6.6324936e+00 3.53e-09 8.13e-05  -5.7 3.66e-05   0.3 1.00e+00 1.00e+00h  1
CasADi - 2026-10-04 13:15:40 MESSAGE("nlp_g::eval") [.../casadi/core/sx_function.cpp:77]
CasADi - 2026-10-04 13:15:40 MESSAGE("nlp_f::eval") [.../casadi/core/sx_function.cpp:77]
CasADi - 2026-10-04 13:15:40 MESSAGE("nlp_grad_f::eval") [.../casadi/core/sx_function.cpp:77]
CasADi - 2026-10-04 13:15:40 MESSAGE("nlp_jac_g::eval") [.../casadi/core/sx_function.cpp:77]
CasADi - 2026-10-04 13:15:40 MESSAGE("nlp_hess_l::eval") [.../casadi/core/sx_function.cpp:77]
 581  6.6324931e+00 6.49e-09 8.25e-05  -5.7 1.12e-04  -0.1 1.00e+00 1.00e+00h  1
CasADi - 2026-10-04 13:15:40 MESSAGE("nlp_g::eval") [.../casadi/core/sx_function.cpp:77]
CasADi - 2026-10-04 13:15:40 MESSAGE("nlp_f::eval") [.../casadi/core/sx_function.cpp:77]
CasADi - 2026-10-04 13:15:40 MESSAGE("nlp_grad_f::eval") [.../casadi/core/sx_function.cpp:77]
CasADi - 2026-10-04 13:15:40 MESSAGE("nlp_jac_g::eval") [.../casadi/core/sx_function.cpp:77]
CasADi - 2026-10-04 13:15:40 MESSAGE("nlp_hess_l::eval") [.../casadi/core/sx_function.cpp:77]
 582  6.6324927e+00 4.04e-08 7.11e-05  -5.7 2.89e-04  -0.6 1.00e+00 1.00e+00h  1
CasADi - 2026-10-04 13:15:40 MESSAGE("nlp_g::eval") [.../casadi/core/sx_function.cpp:77]
CasADi - 2026-10-04 13:15:40 MESSAGE("nlp_f::eval") [.../casadi/core/sx_function.cpp:77]
CasADi - 2026-10-04 13:15:40 MESSAGE("nlp_grad_f::eval") [.../casadi/core/sx_function.cpp:77]
CasADi - 2026-10-04 13:15:40 MESSAGE("nlp_jac_g::eval") [.../casadi/core/sx_function.cpp:77]
CasADi - 2026-10-04 13:15:40 MESSAGE("nlp_hess_l::eval") [.../casadi/core/sx_function.cpp:77]
 583  6.6324921e+00 1.51e-07 4.66e-05  -5.7 5.67e-04  -1.1 1.00e+00 1.00e+00h  1
CasADi - 2026-10-04 13:15:40 MESSAGE("nlp_g::eval") [.../casadi/core/sx_function.cpp:77]
CasADi - 2026-10-04 13:15:40 MESSAGE("nlp_f::eval") [.../casadi/core/sx_function.cpp:77]
CasADi - 2026-10-04 13:15:40 MESSAGE("nlp_grad_f::eval") [.../casadi/core/sx_function.cpp:77]
CasADi - 2026-10-04 13:15:40 MESSAGE("nlp_jac_g::eval") [.../casadi/core/sx_function.cpp:77]
CasADi - 2026-10-04 13:15:40 MESSAGE("nlp_hess_l::eval") [.../casadi/core/sx_function.cpp:77]
 584  6.6324914e+00 2.14e-07 2.76e-05  -5.7 7.13e-04  -1.6 1.00e+00 1.00e+00h  1
CasADi - 2026-10-04 13:15:40 MESSAGE("nlp_g::eval") [.../casadi/core/sx_function.cpp:77]
CasADi - 2026-10-04 13:15:40 MESSAGE("nlp_f::eval") [.../casadi/core/sx_function.cpp:77]
CasADi - 2026-10-04 13:15:40 MESSAGE("nlp_grad_f::eval") [.../casadi/core/sx_function.cpp:77]
CasADi - 2026-10-04 13:15:40 MESSAGE("nlp_jac_g::eval") [.../casadi/core/sx_function.cpp:77]
CasADi - 2026-10-04 13:15:40 MESSAGE("nlp_hess_l::eval") [.../casadi/core/sx_function.cpp:77]
 585  6.6324908e+00 6.15e-07 5.50e-05  -5.7 1.91e-03  -2.0 1.00e+00 1.00e+00h  1
CasADi - 2026-10-04 13:15:40 MESSAGE("nlp_g::eval") [.../casadi/core/sx_function.cpp:77]
CasADi - 2026-10-04 13:15:40 MESSAGE("nlp_f::eval") [.../casadi/core/sx_function.cpp:77]
CasADi - 2026-10-04 13:15:40 MESSAGE("nlp_grad_f::eval") [.../casadi/core/sx_function.cpp:77]
CasADi - 2026-10-04 13:15:40 MESSAGE("nlp_jac_g::eval") [.../casadi/core/sx_function.cpp:77]
CasADi - 2026-10-04 13:15:40 MESSAGE("nlp_hess_l::eval") [.../casadi/core/sx_function.cpp:77]
 586  6.6324901e+00 3.25e-06 8.60e-05  -5.7 3.13e-03  -2.5 1.00e+00 1.00e+00h  1
CasADi - 2026-10-04 13:15:40 MESSAGE("nlp_g::eval") [.../casadi/core/sx_function.cpp:77]
CasADi - 2026-10-04 13:15:40 MESSAGE("nlp_f::eval") [.../casadi/core/sx_function.cpp:77]
CasADi - 2026-10-04 13:15:40 MESSAGE("nlp_grad_f::eval") [.../casadi/core/sx_function.cpp:77]
CasADi - 2026-10-04 13:15:40 MESSAGE("nlp_jac_g::eval") [.../casadi/core/sx_function.cpp:77]
CasADi - 2026-10-04 13:15:40 MESSAGE("nlp_hess_l::eval") [.../casadi/core/sx_function.cpp:77]
 587  6.6324894e+00 2.17e-05 5.62e-05  -5.7 5.74e-03  -3.0 1.00e+00 1.00e+00h  1
CasADi - 2026-10-04 13:15:40 MESSAGE("nlp_g::eval") [.../casadi/core/sx_function.cpp:77]
CasADi - 2026-10-04 13:15:40 MESSAGE("nlp_f::eval") [.../casadi/core/sx_function.cpp:77]
CasADi - 2026-10-04 13:15:40 MESSAGE("nlp_g::eval") [.../casadi/core/sx_function.cpp:77]
CasADi - 2026-10-04 13:15:40 MESSAGE("nlp_f::eval") [.../casadi/core/sx_function.cpp:77]
CasADi - 2026-10-04 13:15:40 MESSAGE("nlp_grad_f::eval") [.../casadi/core/sx_function.cpp:77]
CasADi - 2026-10-04 13:15:40 MESSAGE("nlp_jac_g::eval") [.../casadi/core/sx_function.cpp:77]
CasADi - 2026-10-04 13:15:40 MESSAGE("nlp_hess_l::eval") [.../casadi/core/sx_function.cpp:77]
 588  6.6324870e+00 2.75e-05 1.04e-03  -5.7 1.75e-02  -3.5 1.00e+00 1.00e+00H  1
CasADi - 2026-10-04 13:15:40 MESSAGE("nlp_g::eval") [.../casadi/core/sx_function.cpp:77]
CasADi - 2026-10-04 13:15:40 MESSAGE("nlp_f::eval") [.../casadi/core/sx_function.cpp:77]
CasADi - 2026-10-04 13:15:40 MESSAGE("nlp_g::eval") [.../casadi/core/sx_function.cpp:77]
CasADi - 2026-10-04 13:15:40 MESSAGE("nlp_f::eval") [.../casadi/core/sx_function.cpp:77]
CasADi - 2026-10-04 13:15:40 MESSAGE("nlp_grad_f::eval") [.../casadi/core/sx_function.cpp:77]
CasADi - 2026-10-04 13:15:40 MESSAGE("nlp_jac_g::eval") [.../casadi/core/sx_function.cpp:77]
CasADi - 2026-10-04 13:15:40 MESSAGE("nlp_hess_l::eval") [.../casadi/core/sx_function.cpp:77]
 589  6.6324843e+00 1.15e-04 2.59e-03  -5.7 2.65e-02    -  1.00e+00 1.00e+00H  1
CasADi - 2026-10-04 13:15:40 MESSAGE("nlp_g::eval") [.../casadi/core/sx_function.cpp:77]
CasADi - 2026-10-04 13:15:40 MESSAGE("nlp_f::eval") [.../casadi/core/sx_function.cpp:77]
CasADi - 2026-10-04 13:15:40 MESSAGE("nlp_g::eval") [.../casadi/core/sx_function.cpp:77]
CasADi - 2026-10-04 13:15:40 MESSAGE("nlp_f::eval") [.../casadi/core/sx_function.cpp:77]
CasADi - 2026-10-04 13:15:40 MESSAGE("nlp_grad_f::eval") [.../casadi/core/sx_function.cpp:77]
CasADi - 2026-10-04 13:15:40 MESSAGE("nlp_jac_g::eval") [.../casadi/core/sx_function.cpp:77]
CasADi - 2026-10-04 13:15:40 MESSAGE("nlp_hess_l::eval") [.../casadi/core/sx_function.cpp:77]
iter    objective    inf_pr   inf_du lg(mu)  ||d||  lg(rg) alpha_du alpha_pr  ls
 590  6.6324857e+00 2.31e-05 3.08e-01  -5.7 9.48e-03    -  1.00e+00 5.00e-01h  2
CasADi - 2026-10-04 13:15:40 MESSAGE("nlp_g::eval") [.../casadi/core/sx_function.cpp:77]
CasADi - 2026-10-04 13:15:40 MESSAGE("nlp_f::eval") [.../casadi/core/sx_function.cpp:77]
CasADi - 2026-10-04 13:15:40 MESSAGE("nlp_g::eval") [.../casadi/core/sx_function.cpp:77]
CasADi - 2026-10-04 13:15:40 MESSAGE("nlp_f::eval") [.../casadi/core/sx_function.cpp:77]
CasADi - 2026-10-04 13:15:40 MESSAGE("nlp_grad_f::eval") [.../casadi/core/sx_function.cpp:77]
CasADi - 2026-10-04 13:15:40 MESSAGE("nlp_jac_g::eval") [.../casadi/core/sx_function.cpp:77]
CasADi - 2026-10-04 13:15:40 MESSAGE("nlp_hess_l::eval") [.../casadi/core/sx_function.cpp:77]
 591  6.6324862e+00 8.99e-06 1.10e-01  -5.7 4.54e-03    -  1.00e+00 5.00e-01h  2
CasADi - 2026-10-04 13:15:40 MESSAGE("nlp_g::eval") [.../casadi/core/sx_function.cpp:77]
CasADi - 2026-10-04 13:15:40 MESSAGE("nlp_f::eval") [.../casadi/core/sx_function.cpp:77]
CasADi - 2026-10-04 13:15:40 MESSAGE("nlp_grad_f::eval") [.../casadi/core/sx_function.cpp:77]
CasADi - 2026-10-04 13:15:40 MESSAGE("nlp_jac_g::eval") [.../casadi/core/sx_function.cpp:77]
CasADi - 2026-10-04 13:15:40 MESSAGE("nlp_hess_l::eval") [.../casadi/core/sx_function.cpp:77]
 592  6.6324867e+00 9.22e-06 1.48e-05  -5.7 2.38e-03    -  1.00e+00 1.00e+00h  1
CasADi - 2026-10-04 13:15:40 MESSAGE("nlp_g::eval") [.../casadi/core/sx_function.cpp:77]
CasADi - 2026-10-04 13:15:40 MESSAGE("nlp_f::eval") [.../casadi/core/sx_function.cpp:77]
CasADi - 2026-10-04 13:15:40 MESSAGE("nlp_grad_f::eval") [.../casadi/core/sx_function.cpp:77]
CasADi - 2026-10-04 13:15:40 MESSAGE("nlp_jac_g::eval") [.../casadi/core/sx_function.cpp:77]
CasADi - 2026-10-04 13:15:40 MESSAGE("nlp_hess_l::eval") [.../casadi/core/sx_function.cpp:77]
 593  6.6320034e+00 7.54e-05 1.18e+01  -8.0 5.48e-02    -  7.46e-01 6.81e-01h  1
CasADi - 2026-10-04 13:15:40 MESSAGE("nlp_g::eval") [.../casadi/core/sx_function.cpp:77]
CasADi - 2026-10-04 13:15:40 MESSAGE("nlp_f::eval") [.../casadi/core/sx_function.cpp:77]
CasADi - 2026-10-04 13:15:40 MESSAGE("nlp_grad_f::eval") [.../casadi/core/sx_function.cpp:77]
CasADi - 2026-10-04 13:15:40 MESSAGE("nlp_jac_g::eval") [.../casadi/core/sx_function.cpp:77]
CasADi - 2026-10-04 13:15:40 MESSAGE("nlp_hess_l::eval") [.../casadi/core/sx_function.cpp:77]
 594  6.6318769e+00 5.38e-05 7.69e+00  -8.0 8.18e-02    -  6.58e-01 5.98e-01h  1
CasADi - 2026-10-04 13:15:40 MESSAGE("nlp_g::eval") [.../casadi/core/sx_function.cpp:77]
CasADi - 2026-10-04 13:15:40 MESSAGE("nlp_f::eval") [.../casadi/core/sx_function.cpp:77]
CasADi - 2026-10-04 13:15:40 MESSAGE("nlp_grad_f::eval") [.../casadi/core/sx_function.cpp:77]
CasADi - 2026-10-04 13:15:40 MESSAGE("nlp_jac_g::eval") [.../casadi/core/sx_function.cpp:77]
CasADi - 2026-10-04 13:15:40 MESSAGE("nlp_hess_l::eval") [.../casadi/core/sx_function.cpp:77]
 595  6.6318262e+00 2.49e-05 5.50e+00  -8.0 4.83e-02    -  7.17e-01 6.07e-01h  1
CasADi - 2026-10-04 13:15:40 MESSAGE("nlp_g::eval") [.../casadi/core/sx_function.cpp:77]
CasADi - 2026-10-04 13:15:40 MESSAGE("nlp_f::eval") [.../casadi/core/sx_function.cpp:77]
CasADi - 2026-10-04 13:15:40 MESSAGE("nlp_grad_f::eval") [.../casadi/core/sx_function.cpp:77]
CasADi - 2026-10-04 13:15:40 MESSAGE("nlp_jac_g::eval") [.../casadi/core/sx_function.cpp:77]
CasADi - 2026-10-04 13:15:40 MESSAGE("nlp_hess_l::eval") [.../casadi/core/sx_function.cpp:77]
 596  6.6318017e+00 7.00e-06 1.14e+00  -8.0 5.19e-02    -  7.28e-01 7.58e-01h  1
CasADi - 2026-10-04 13:15:40 MESSAGE("nlp_g::eval") [.../casadi/core/sx_function.cpp:77]
CasADi - 2026-10-04 13:15:40 MESSAGE("nlp_f::eval") [.../casadi/core/sx_function.cpp:77]
CasADi - 2026-10-04 13:15:40 MESSAGE("nlp_grad_f::eval") [.../casadi/core/sx_function.cpp:77]
CasADi - 2026-10-04 13:15:40 MESSAGE("nlp_jac_g::eval") [.../casadi/core/sx_function.cpp:77]
CasADi - 2026-10-04 13:15:40 MESSAGE("nlp_hess_l::eval") [.../casadi/core/sx_function.cpp:77]
 597  6.6317941e+00 4.99e-07 3.10e+00  -8.0 1.79e-02    -  6.35e-01 1.00e+00h  1
CasADi - 2026-10-04 13:15:40 MESSAGE("nlp_g::eval") [.../casadi/core/sx_function.cpp:77]
CasADi - 2026-10-04 13:15:40 MESSAGE("nlp_f::eval") [.../casadi/core/sx_function.cpp:77]
CasADi - 2026-10-04 13:15:40 MESSAGE("nlp_grad_f::eval") [.../casadi/core/sx_function.cpp:77]
CasADi - 2026-10-04 13:15:40 MESSAGE("nlp_jac_g::eval") [.../casadi/core/sx_function.cpp:77]
CasADi - 2026-10-04 13:15:40 MESSAGE("nlp_hess_l::eval") [.../casadi/core/sx_function.cpp:77]
 598  6.6317941e+00 1.33e-08 4.69e-06  -8.0 3.38e-03    -  1.00e+00 1.00e+00h  1
CasADi - 2026-10-04 13:15:40 MESSAGE("nlp_g::eval") [.../casadi/core/sx_function.cpp:77]
CasADi - 2026-10-04 13:15:40 MESSAGE("nlp_f::eval") [.../casadi/core/sx_function.cpp:77]
CasADi - 2026-10-04 13:15:40 MESSAGE("nlp_grad_f::eval") [.../casadi/core/sx_function.cpp:77]
CasADi - 2026-10-04 13:15:40 MESSAGE("nlp_jac_g::eval") [.../casadi/core/sx_function.cpp:77]
 599  6.6317941e+00 5.44e-10 7.28e-08  -8.0 4.40e-04    -  1.00e+00 1.00e+00h  1

Number of Iterations....: 599

                                   (scaled)                 (unscaled)
Objective...............:   6.6317940718983488e+00    6.6317940718983488e+00
Dual infeasibility......:   7.2823921375836376e-08    7.2823921375836376e-08
Constraint violation....:   5.4425797202384274e-10    5.4425797202384274e-10
Variable bound violation:   9.5714176696945236e-09    9.5714176696945236e-09
Complementarity.........:   9.1202669765424621e-09    9.1202669765424621e-09
Overall NLP error.......:   7.2823921375836376e-08    7.2823921375836376e-08


Number of objective function evaluations             = 780
Number of objective gradient evaluations             = 561
Number of equality constraint evaluations            = 780
Number of inequality constraint evaluations          = 780
Number of equality constraint Jacobian evaluations   = 612
Number of inequality constraint Jacobian evaluations = 612
Number of Lagrangian Hessian evaluations             = 599
Total seconds in IPOPT                               = 36.708

EXIT: Optimal Solution Found.
      solver  :   t_proc      (avg)   t_wall      (avg)    n_eval
       nlp_f  |  13.74ms ( 17.62us)  13.83ms ( 17.73us)       780
       nlp_g  | 277.47ms (355.73us) 280.83ms (360.03us)       780
  nlp_grad_f  |  14.82ms ( 26.37us)  15.07ms ( 26.82us)       562
  nlp_hess_l  |   2.40 s (  4.09ms)   2.45 s (  4.18ms)       587
   nlp_jac_g  | 573.14ms (934.97us) 586.21ms (956.30us)       613
       total  |  35.40 s ( 35.40 s)  36.71 s ( 36.71 s)         1
INFO: Laptime: 6.320s
INFO: NLP solving time: 36.711s
INFO: Maximum abs(ay): 7.61m/s2
INFO: Maximum ax: 3.23m/s2
INFO: Minimum ax: -4.58m/s2
INFO: Maximum total acc: 7.83m/s2
INFO: Energy consumption: 0.055Wh
INFO: Estimated laptime: 6.25s
INFO: Runtime from import to final trajectory was 39.02s
WARNING: Minimum distance to boundaries is estimated to 0.35m. Keep in mind that the distance can also lie on the outside of the track!
WARNING: Since ggv-diagram was not given the according checks cannot be performed!
INFO: Finished export of trajectory: 13:15:40
