Spline approximation: mean deviation 0.03m, maximum deviation 0.09m
INFO: IPOPT initial guess taken from /Users/emcphilliamy/Desktop/University_of_Illinois/SigRobotics/F1Tenth/raceline_optimization/autodrive_lines/autodrive_roboracer/f1nn.csv (|n| mean 0.227m, max 0.430m)
CasADi - 2026-10-04 13:15:59 MESSAGE("nlp::init") [.../casadi/core/function_internal.cpp:576]
CasADi - 2026-10-04 13:15:59 MESSAGE("nlp::init") [.../casadi/core/x_function.hpp:348]
CasADi - 2026-10-04 13:15:59 MESSAGE("nlp::init") [.../casadi/core/mx_function.cpp:118]
CasADi - 2026-10-04 13:15:59 MESSAGE("Using live variables: work array is 1250 instead of 28370") [.../casadi/core/mx_function.cpp:346]
CasADi - 2026-10-04 13:15:59 MESSAGE("solver::init") [.../casadi/core/function_internal.cpp:576]
CasADi - 2026-10-04 13:15:59 MESSAGE("nlp::init") [.../casadi/core/function_internal.cpp:576]
CasADi - 2026-10-04 13:15:59 MESSAGE("nlp::init") [.../casadi/core/x_function.hpp:348]
CasADi - 2026-10-04 13:15:59 MESSAGE("nlp::init") [.../casadi/core/sx_function.cpp:517]
CasADi - 2026-10-04 13:15:59 MESSAGE("Using live variables: work array is 3779 instead of 182832") [.../casadi/core/sx_function.cpp:800]
CasADi - 2026-10-04 13:15:59 MESSAGE("182832 elementary operations") [.../casadi/core/sx_function.cpp:882]
CasADi - 2026-10-04 13:15:59 MESSAGE("solver::create_function nlp_grad:[x, p, lam:f, lam:g]->[f, g, grad:gamma:x, grad:gamma:p]") [.../casadi/core/oracle_function.cpp:242]
CasADi - 2026-10-04 13:15:59 MESSAGE("reverse_temp::init") [.../casadi/core/function_internal.cpp:576]
CasADi - 2026-10-04 13:15:59 MESSAGE("reverse_temp::init") [.../casadi/core/x_function.hpp:348]
CasADi - 2026-10-04 13:15:59 MESSAGE("reverse_temp::init") [.../casadi/core/sx_function.cpp:517]
CasADi - 2026-10-04 13:15:59 MESSAGE("Using live variables: work array is 3782 instead of 192446") [.../casadi/core/sx_function.cpp:800]
CasADi - 2026-10-04 13:15:59 MESSAGE("192446 elementary operations") [.../casadi/core/sx_function.cpp:882]
CasADi - 2026-10-04 13:15:59 MESSAGE("reverse_temp::ad_reverse") [.../casadi/core/sx_function.cpp:1416]
CasADi - 2026-10-04 13:15:59 MESSAGE("Evaluating algorithm forward") [.../casadi/core/sx_function.cpp:1474]
CasADi - 2026-10-04 13:15:59 MESSAGE("Calculating adjoint derivatives") [.../casadi/core/sx_function.cpp:1495]
CasADi - 2026-10-04 13:15:59 MESSAGE("reverse_temp::init") [.../casadi/core/function_internal.cpp:576]
CasADi - 2026-10-04 13:15:59 MESSAGE("reverse_temp::init") [.../casadi/core/x_function.hpp:348]
CasADi - 2026-10-04 13:15:59 MESSAGE("reverse_temp::init") [.../casadi/core/sx_function.cpp:517]
CasADi - 2026-10-04 13:15:59 MESSAGE("Using live variables: work array is 3782 instead of 192446") [.../casadi/core/sx_function.cpp:800]
CasADi - 2026-10-04 13:15:59 MESSAGE("192446 elementary operations") [.../casadi/core/sx_function.cpp:882]
CasADi - 2026-10-04 13:15:59 MESSAGE("reverse_temp::ad_reverse") [.../casadi/core/sx_function.cpp:1416]
CasADi - 2026-10-04 13:15:59 MESSAGE("Evaluating algorithm forward") [.../casadi/core/sx_function.cpp:1474]
CasADi - 2026-10-04 13:15:59 MESSAGE("Calculating adjoint derivatives") [.../casadi/core/sx_function.cpp:1495]
CasADi - 2026-10-04 13:15:59 MESSAGE("nlp_grad::init") [.../casadi/core/function_internal.cpp:576]
CasADi - 2026-10-04 13:15:59 MESSAGE("nlp_grad::init") [.../casadi/core/x_function.hpp:348]
CasADi - 2026-10-04 13:15:59 MESSAGE("nlp_grad::init") [.../casadi/core/sx_function.cpp:517]
CasADi - 2026-10-04 13:16:00 MESSAGE("Using live variables: work array is 56207 instead of 427893") [.../casadi/core/sx_function.cpp:800]
CasADi - 2026-10-04 13:16:00 MESSAGE("427893 elementary operations") [.../casadi/core/sx_function.cpp:882]
CasADi - 2026-10-04 13:16:00 MESSAGE("solver::create_function nlp_f:[x, p]->[f]") [.../casadi/core/oracle_function.cpp:242]
CasADi - 2026-10-04 13:16:00 MESSAGE("nlp_f::init") [.../casadi/core/function_internal.cpp:576]
CasADi - 2026-10-04 13:16:00 MESSAGE("nlp_f::init") [.../casadi/core/x_function.hpp:348]
CasADi - 2026-10-04 13:16:00 MESSAGE("nlp_f::init") [.../casadi/core/sx_function.cpp:517]
CasADi - 2026-10-04 13:16:00 MESSAGE("Using live variables: work array is 14 instead of 9334") [.../casadi/core/sx_function.cpp:800]
CasADi - 2026-10-04 13:16:00 MESSAGE("9334 elementary operations") [.../casadi/core/sx_function.cpp:882]
CasADi - 2026-10-04 13:16:00 MESSAGE("solver::create_function nlp_g:[x, p]->[g]") [.../casadi/core/oracle_function.cpp:242]
CasADi - 2026-10-04 13:16:00 MESSAGE("nlp_g::init") [.../casadi/core/function_internal.cpp:576]
CasADi - 2026-10-04 13:16:00 MESSAGE("nlp_g::init") [.../casadi/core/x_function.hpp:348]
CasADi - 2026-10-04 13:16:00 MESSAGE("nlp_g::init") [.../casadi/core/sx_function.cpp:517]
CasADi - 2026-10-04 13:16:00 MESSAGE("Using live variables: work array is 102 instead of 180014") [.../casadi/core/sx_function.cpp:800]
CasADi - 2026-10-04 13:16:00 MESSAGE("180014 elementary operations") [.../casadi/core/sx_function.cpp:882]
CasADi - 2026-10-04 13:16:00 MESSAGE("solver::create_function nlp_grad_f:[x, p]->[f, grad:f:x]") [.../casadi/core/oracle_function.cpp:242]
CasADi - 2026-10-04 13:16:00 MESSAGE("reverse_temp::init") [.../casadi/core/function_internal.cpp:576]
CasADi - 2026-10-04 13:16:00 MESSAGE("reverse_temp::init") [.../casadi/core/x_function.hpp:348]
CasADi - 2026-10-04 13:16:00 MESSAGE("reverse_temp::init") [.../casadi/core/sx_function.cpp:517]
CasADi - 2026-10-04 13:16:00 MESSAGE("Using live variables: work array is 14 instead of 9334") [.../casadi/core/sx_function.cpp:800]
CasADi - 2026-10-04 13:16:00 MESSAGE("9334 elementary operations") [.../casadi/core/sx_function.cpp:882]
CasADi - 2026-10-04 13:16:00 MESSAGE("reverse_temp::ad_reverse") [.../casadi/core/sx_function.cpp:1416]
CasADi - 2026-10-04 13:16:00 MESSAGE("Evaluating algorithm forward") [.../casadi/core/sx_function.cpp:1474]
CasADi - 2026-10-04 13:16:00 MESSAGE("Calculating adjoint derivatives") [.../casadi/core/sx_function.cpp:1495]
CasADi - 2026-10-04 13:16:00 MESSAGE("nlp_grad_f::init") [.../casadi/core/function_internal.cpp:576]
CasADi - 2026-10-04 13:16:00 MESSAGE("nlp_grad_f::init") [.../casadi/core/x_function.hpp:348]
CasADi - 2026-10-04 13:16:00 MESSAGE("nlp_grad_f::init") [.../casadi/core/sx_function.cpp:517]
CasADi - 2026-10-04 13:16:00 MESSAGE("Using live variables: work array is 3132 instead of 19728") [.../casadi/core/sx_function.cpp:800]
CasADi - 2026-10-04 13:16:00 MESSAGE("19728 elementary operations") [.../casadi/core/sx_function.cpp:882]
CasADi - 2026-10-04 13:16:00 MESSAGE("solver::create_function nlp_jac_g:[x, p]->[g, jac:g:x]") [.../casadi/core/oracle_function.cpp:242]
CasADi - 2026-10-04 13:16:00 MESSAGE("jac_helper::init") [.../casadi/core/function_internal.cpp:576]
CasADi - 2026-10-04 13:16:00 MESSAGE("jac_helper::init") [.../casadi/core/x_function.hpp:348]
CasADi - 2026-10-04 13:16:00 MESSAGE("jac_helper::init") [.../casadi/core/sx_function.cpp:517]
CasADi - 2026-10-04 13:16:00 MESSAGE("Using live variables: work array is 102 instead of 180014") [.../casadi/core/sx_function.cpp:800]
CasADi - 2026-10-04 13:16:00 MESSAGE("180014 elementary operations") [.../casadi/core/sx_function.cpp:882]
CasADi - 2026-10-04 13:16:00 MESSAGE("Block size: 4806 x 3725") [.../casadi/core/function_internal.cpp:1732]
CasADi - 2026-10-04 13:16:00 MESSAGE("Coloring on 1x1 (fwd seeps: 1 , adj sweeps: 1)") [.../casadi/core/function_internal.cpp:1754]
CasADi - 2026-10-04 13:16:00 MESSAGE("Forward mode chosen (fwd cost: 1825.25, adj cost: 2451.06)") [.../casadi/core/function_internal.cpp:1765]
CasADi - 2026-10-04 13:16:00 MESSAGE("Block size: 76 x 59") [.../casadi/core/function_internal.cpp:1732]
CasADi - 2026-10-04 13:16:00 MESSAGE("Coloring on 64x64 (fwd seeps: 4 , adj sweeps: 64)") [.../casadi/core/function_internal.cpp:1754]
CasADi - 2026-10-04 13:16:00 MESSAGE("Forward mode chosen (fwd cost: 115.64, adj cost: 116.28)") [.../casadi/core/function_internal.cpp:1765]
CasADi - 2026-10-04 13:16:00 MESSAGE("Block size: 2 x 1") [.../casadi/core/function_internal.cpp:1732]
CasADi - 2026-10-04 13:16:00 MESSAGE("Coloring on 3725x2412 (fwd seeps: 24 , adj sweeps: 2412)") [.../casadi/core/function_internal.cpp:1754]
CasADi - 2026-10-04 13:16:00 MESSAGE("Forward mode chosen (fwd cost: 11.76, adj cost: 17.34)") [.../casadi/core/function_internal.cpp:1765]
CasADi - 2026-10-04 13:16:00 MESSAGE("Number of sweeps: 6") [.../casadi/core/function_internal.cpp:1965]
CasADi - 2026-10-04 13:16:00 MESSAGE("Formed Jacobian sparsity pattern (dimension [3725,4806], 35799 (0.199968 %) nonzeros.") [.../casadi/core/function_internal.cpp:1967]
CasADi - 2026-10-04 13:16:00 MESSAGE("Allocated return value") [.../casadi/core/x_function.hpp:490]
CasADi - 2026-10-04 13:16:00 MESSAGE("jac_helper::get_partition") [.../casadi/core/function_internal.cpp:2129]
CasADi - 2026-10-04 13:16:00 MESSAGE("Unidirectional coloring (forward mode)") [.../casadi/core/function_internal.cpp:2179]
CasADi - 2026-10-04 13:16:00 MESSAGE("Forward mode coloring completed: 22 directional derivatives needed (3725 without coloring).") [.../casadi/core/function_internal.cpp:2193]
CasADi - 2026-10-04 13:16:00 MESSAGE("Unidirectional coloring (adjoint mode)") [.../casadi/core/function_internal.cpp:2199]
CasADi - 2026-10-04 13:16:00 MESSAGE("Adjoint mode coloring interrupted (more than 10 needed).") [.../casadi/core/function_internal.cpp:2208]
CasADi - 2026-10-04 13:16:00 MESSAGE("Graph coloring completed") [.../casadi/core/x_function.hpp:501]
CasADi - 2026-10-04 13:16:00 MESSAGE("jac transposes and mapping") [.../casadi/core/x_function.hpp:534]
CasADi - 2026-10-04 13:16:00 MESSAGE("1 sweeps needed for 22 forward and 0 reverse directions") [.../casadi/core/x_function.hpp:561]
CasADi - 2026-10-04 13:16:00 MESSAGE("0 %") [.../casadi/core/x_function.hpp:575]
CasADi - 2026-10-04 13:16:00 MESSAGE("Calling 'ad_forward'") [.../casadi/core/x_function.hpp:666]
CasADi - 2026-10-04 13:16:00 MESSAGE("jac_helper::ad_forward") [.../casadi/core/sx_function.cpp:1238]
CasADi - 2026-10-04 13:16:00 MESSAGE("jac_helper::ad_forward") [.../casadi/core/sx_function.cpp:1238]
CasADi - 2026-10-04 13:16:00 MESSAGE("Evaluating algorithm forward") [.../casadi/core/sx_function.cpp:1289]
CasADi - 2026-10-04 13:16:00 MESSAGE("Calculating forward derivatives") [.../casadi/core/sx_function.cpp:1313]
CasADi - 2026-10-04 13:16:00 MESSAGE("Back from 'ad_forward'") [.../casadi/core/x_function.hpp:668]
CasADi - 2026-10-04 13:16:00 MESSAGE("nlp_jac_g::init") [.../casadi/core/function_internal.cpp:576]
CasADi - 2026-10-04 13:16:00 MESSAGE("nlp_jac_g::init") [.../casadi/core/x_function.hpp:348]
CasADi - 2026-10-04 13:16:00 MESSAGE("nlp_jac_g::init") [.../casadi/core/sx_function.cpp:517]
CasADi - 2026-10-04 13:16:00 MESSAGE("Using live variables: work array is 54753 instead of 595902") [.../casadi/core/sx_function.cpp:800]
CasADi - 2026-10-04 13:16:00 MESSAGE("595902 elementary operations") [.../casadi/core/sx_function.cpp:882]
CasADi - 2026-10-04 13:16:00 MESSAGE("solver::create_function nlp_hess_l:[x, p, lam:f, lam:g]->[triu:hess:gamma:x:x]") [.../casadi/core/oracle_function.cpp:242]
CasADi - 2026-10-04 13:16:00 MESSAGE("jac_helper::init") [.../casadi/core/function_internal.cpp:576]
CasADi - 2026-10-04 13:16:00 MESSAGE("jac_helper::init") [.../casadi/core/x_function.hpp:348]
CasADi - 2026-10-04 13:16:00 MESSAGE("jac_helper::init") [.../casadi/core/sx_function.cpp:517]
CasADi - 2026-10-04 13:16:00 MESSAGE("Using live variables: work array is 450 instead of 386492") [.../casadi/core/sx_function.cpp:800]
CasADi - 2026-10-04 13:16:00 MESSAGE("386492 elementary operations") [.../casadi/core/sx_function.cpp:882]
CasADi - 2026-10-04 13:16:00 MESSAGE("Block size: 3725") [.../casadi/core/function_internal.cpp:1480]
CasADi - 2026-10-04 13:16:00 MESSAGE("Star coloring on 1x1: 1 <-> 1") [.../casadi/core/function_internal.cpp:1493]
CasADi - 2026-10-04 13:16:00 MESSAGE("Block size: 59") [.../casadi/core/function_internal.cpp:1480]
CasADi - 2026-10-04 13:16:00 MESSAGE("Star coloring on 64x64: 3 <-> 64") [.../casadi/core/function_internal.cpp:1493]
CasADi - 2026-10-04 13:16:00 MESSAGE("Number of sweeps: 4") [.../casadi/core/function_internal.cpp:1663]
CasADi - 2026-10-04 13:16:00 MESSAGE("Formed Jacobian sparsity pattern (dimension [3725,3725], 43063 (0.31035 %) nonzeros.") [.../casadi/core/function_internal.cpp:1665]
CasADi - 2026-10-04 13:16:00 MESSAGE("Allocated return value") [.../casadi/core/x_function.hpp:490]
CasADi - 2026-10-04 13:16:00 MESSAGE("jac_helper::get_partition") [.../casadi/core/function_internal.cpp:2129]
CasADi - 2026-10-04 13:16:00 MESSAGE("FunctionInternal::getPartition star_coloring") [.../casadi/core/function_internal.cpp:2142]
CasADi - 2026-10-04 13:16:00 MESSAGE("Star coloring completed: 13 directional derivatives needed (3725 without coloring).") [.../casadi/core/function_internal.cpp:2147]
CasADi - 2026-10-04 13:16:00 MESSAGE("Graph coloring completed") [.../casadi/core/x_function.hpp:501]
CasADi - 2026-10-04 13:16:00 MESSAGE("jac transposes and mapping") [.../casadi/core/x_function.hpp:534]
CasADi - 2026-10-04 13:16:00 MESSAGE("1 sweeps needed for 13 forward and 0 reverse directions") [.../casadi/core/x_function.hpp:561]
CasADi - 2026-10-04 13:16:00 MESSAGE("0 %") [.../casadi/core/x_function.hpp:575]
CasADi - 2026-10-04 13:16:00 MESSAGE("Calling 'ad_forward'") [.../casadi/core/x_function.hpp:666]
CasADi - 2026-10-04 13:16:00 MESSAGE("jac_helper::ad_forward") [.../casadi/core/sx_function.cpp:1238]
CasADi - 2026-10-04 13:16:00 MESSAGE("jac_helper::ad_forward") [.../casadi/core/sx_function.cpp:1238]
CasADi - 2026-10-04 13:16:00 MESSAGE("Evaluating algorithm forward") [.../casadi/core/sx_function.cpp:1289]
CasADi - 2026-10-04 13:16:00 MESSAGE("Calculating forward derivatives") [.../casadi/core/sx_function.cpp:1313]
CasADi - 2026-10-04 13:16:01 MESSAGE("Back from 'ad_forward'") [.../casadi/core/x_function.hpp:668]
CasADi - 2026-10-04 13:16:01 MESSAGE("nlp_hess_l::init") [.../casadi/core/function_internal.cpp:576]
CasADi - 2026-10-04 13:16:01 MESSAGE("nlp_hess_l::init") [.../casadi/core/x_function.hpp:348]
CasADi - 2026-10-04 13:16:01 MESSAGE("nlp_hess_l::init") [.../casadi/core/sx_function.cpp:517]
CasADi - 2026-10-04 13:16:01 MESSAGE("Using live variables: work array is 889 instead of 1809266") [.../casadi/core/sx_function.cpp:800]
CasADi - 2026-10-04 13:16:01 MESSAGE("1809266 elementary operations") [.../casadi/core/sx_function.cpp:882]
There are 3725 variables and 4806 constraints.
Using exact Hessian

******************************************************************************
This program contains Ipopt, a library for large-scale nonlinear optimization.
 Ipopt is released as open source code under the Eclipse Public License (EPL).
         For more information visit https://github.com/coin-or/Ipopt
******************************************************************************

This is Ipopt version 3.14.19, running with linear solver MUMPS 5.8.2.

Number of nonzeros in equality constraint Jacobian...:    28685
Number of nonzeros in inequality constraint Jacobian.:     7114
Number of nonzeros in Lagrangian Hessian.............:    23081

CasADi - 2026-10-04 13:16:01 MESSAGE("nlp_grad_f::eval") [.../casadi/core/sx_function.cpp:77]
CasADi - 2026-10-04 13:16:01 MESSAGE("nlp_jac_g::eval") [.../casadi/core/sx_function.cpp:77]
CasADi - 2026-10-04 13:16:01 MESSAGE("nlp_g::eval") [.../casadi/core/sx_function.cpp:77]
CasADi - 2026-10-04 13:16:01 MESSAGE("nlp_jac_g::eval") [.../casadi/core/sx_function.cpp:77]
CasADi - 2026-10-04 13:16:01 MESSAGE("nlp_grad_f::eval") [.../casadi/core/sx_function.cpp:77]
Total number of variables............................:     3725
                     variables with only lower bounds:        0
                variables with lower and upper bounds:     1245
                     variables with only upper bounds:        0
Total number of equality constraints.................:     3260
Total number of inequality constraints...............:     1546
        inequality constraints with only lower bounds:      154
   inequality constraints with lower and upper bounds:      929
        inequality constraints with only upper bounds:      309

CasADi - 2026-10-04 13:16:01 MESSAGE("nlp_f::eval") [.../casadi/core/sx_function.cpp:77]
CasADi - 2026-10-04 13:16:01 MESSAGE("nlp_hess_l::eval") [.../casadi/core/sx_function.cpp:77]
iter    objective    inf_pr   inf_du lg(mu)  ||d||  lg(rg) alpha_du alpha_pr  ls
   0  1.4414584e+00 1.45e+00 7.05e-01  -1.0 0.00e+00    -  0.00e+00 0.00e+00   0
CasADi - 2026-10-04 13:16:01 MESSAGE("nlp_g::eval") [.../casadi/core/sx_function.cpp:77]
CasADi - 2026-10-04 13:16:01 MESSAGE("nlp_f::eval") [.../casadi/core/sx_function.cpp:77]
CasADi - 2026-10-04 13:16:01 MESSAGE("nlp_grad_f::eval") [.../casadi/core/sx_function.cpp:77]
CasADi - 2026-10-04 13:16:01 MESSAGE("nlp_jac_g::eval") [.../casadi/core/sx_function.cpp:77]
CasADi - 2026-10-04 13:16:01 MESSAGE("nlp_hess_l::eval") [.../casadi/core/sx_function.cpp:77]
   1  1.4406421e+00 1.45e+00 4.13e+03  -1.0 4.90e+00   4.0 5.77e-02 1.96e-03f  1
CasADi - 2026-10-04 13:16:01 MESSAGE("nlp_g::eval") [.../casadi/core/sx_function.cpp:77]
CasADi - 2026-10-04 13:16:01 MESSAGE("nlp_f::eval") [.../casadi/core/sx_function.cpp:77]
CasADi - 2026-10-04 13:16:01 MESSAGE("nlp_grad_f::eval") [.../casadi/core/sx_function.cpp:77]
CasADi - 2026-10-04 13:16:01 MESSAGE("nlp_jac_g::eval") [.../casadi/core/sx_function.cpp:77]
CasADi - 2026-10-04 13:16:01 MESSAGE("nlp_hess_l::eval") [.../casadi/core/sx_function.cpp:77]
   2  1.4406524e+00 1.45e+00 4.66e+03  -1.0 5.00e+00   3.5 7.11e-03 6.31e-05h  1
CasADi - 2026-10-04 13:16:01 MESSAGE("nlp_g::eval") [.../casadi/core/sx_function.cpp:77]
CasADi - 2026-10-04 13:16:01 MESSAGE("nlp_f::eval") [.../casadi/core/sx_function.cpp:77]
CasADi - 2026-10-04 13:16:01 MESSAGE("nlp_grad_f::eval") [.../casadi/core/sx_function.cpp:77]
CasADi - 2026-10-04 13:16:01 MESSAGE("nlp_jac_g::eval") [.../casadi/core/sx_function.cpp:77]
CasADi - 2026-10-04 13:16:01 MESSAGE("nlp_hess_l::eval") [.../casadi/core/sx_function.cpp:77]
   3  1.4604740e+00 1.43e+00 4.73e+03  -1.0 5.11e+00   3.0 1.62e-03 9.55e-03f  1
CasADi - 2026-10-04 13:16:01 MESSAGE("nlp_g::eval") [.../casadi/core/sx_function.cpp:77]
CasADi - 2026-10-04 13:16:01 MESSAGE("nlp_f::eval") [.../casadi/core/sx_function.cpp:77]
CasADi - 2026-10-04 13:16:01 MESSAGE("nlp_grad_f::eval") [.../casadi/core/sx_function.cpp:77]
CasADi - 2026-10-04 13:16:01 MESSAGE("nlp_jac_g::eval") [.../casadi/core/sx_function.cpp:77]
CasADi - 2026-10-04 13:16:01 MESSAGE("nlp_hess_l::eval") [.../casadi/core/sx_function.cpp:77]
   4  1.4805569e+00 1.43e+00 5.87e+03  -1.0 5.42e+00   2.6 1.86e-03 1.05e-03f  1
CasADi - 2026-10-04 13:16:01 MESSAGE("nlp_g::eval") [.../casadi/core/sx_function.cpp:77]
CasADi - 2026-10-04 13:16:01 MESSAGE("nlp_f::eval") [.../casadi/core/sx_function.cpp:77]
CasADi - 2026-10-04 13:16:01 MESSAGE("nlp_grad_f::eval") [.../casadi/core/sx_function.cpp:77]
CasADi - 2026-10-04 13:16:01 MESSAGE("nlp_jac_g::eval") [.../casadi/core/sx_function.cpp:77]
CasADi - 2026-10-04 13:16:01 MESSAGE("nlp_hess_l::eval") [.../casadi/core/sx_function.cpp:77]
   5  1.5101826e+00 1.43e+00 4.71e+03  -1.0 1.36e+01   2.1 1.58e-03 5.66e-04f  1
CasADi - 2026-10-04 13:16:01 MESSAGE("nlp_g::eval") [.../casadi/core/sx_function.cpp:77]
CasADi - 2026-10-04 13:16:01 MESSAGE("nlp_f::eval") [.../casadi/core/sx_function.cpp:77]
CasADi - 2026-10-04 13:16:01 MESSAGE("nlp_grad_f::eval") [.../casadi/core/sx_function.cpp:77]
CasADi - 2026-10-04 13:16:01 MESSAGE("nlp_jac_g::eval") [.../casadi/core/sx_function.cpp:77]
CasADi - 2026-10-04 13:16:01 MESSAGE("nlp_hess_l::eval") [.../casadi/core/sx_function.cpp:77]
   6  1.5210204e+00 1.43e+00 6.71e+03  -1.0 1.22e+02   1.6 1.50e-04 5.64e-05f  1
CasADi - 2026-10-04 13:16:01 MESSAGE("nlp_g::eval") [.../casadi/core/sx_function.cpp:77]
CasADi - 2026-10-04 13:16:01 MESSAGE("nlp_f::eval") [.../casadi/core/sx_function.cpp:77]
CasADi - 2026-10-04 13:16:01 MESSAGE("nlp_grad_f::eval") [.../casadi/core/sx_function.cpp:77]
CasADi - 2026-10-04 13:16:01 MESSAGE("nlp_jac_g::eval") [.../casadi/core/sx_function.cpp:77]
CasADi - 2026-10-04 13:16:01 MESSAGE("nlp_hess_l::eval") [.../casadi/core/sx_function.cpp:77]
   7  1.8171472e+00 1.42e+00 1.07e+04  -1.0 1.50e+01   2.0 3.07e-03 4.15e-03f  1
CasADi - 2026-10-04 13:16:01 MESSAGE("nlp_g::eval") [.../casadi/core/sx_function.cpp:77]
CasADi - 2026-10-04 13:16:01 MESSAGE("nlp_f::eval") [.../casadi/core/sx_function.cpp:77]
CasADi - 2026-10-04 13:16:01 MESSAGE("nlp_grad_f::eval") [.../casadi/core/sx_function.cpp:77]
CasADi - 2026-10-04 13:16:01 MESSAGE("nlp_jac_g::eval") [.../casadi/core/sx_function.cpp:77]
CasADi - 2026-10-04 13:16:01 MESSAGE("nlp_hess_l::eval") [.../casadi/core/sx_function.cpp:77]
   8  1.9521059e+00 1.42e+00 8.74e+03  -1.0 6.19e+00   2.5 2.27e-03 4.20e-03f  1
CasADi - 2026-10-04 13:16:01 MESSAGE("nlp_g::eval") [.../casadi/core/sx_function.cpp:77]
CasADi - 2026-10-04 13:16:01 MESSAGE("nlp_f::eval") [.../casadi/core/sx_function.cpp:77]
CasADi - 2026-10-04 13:16:01 MESSAGE("nlp_grad_f::eval") [.../casadi/core/sx_function.cpp:77]
CasADi - 2026-10-04 13:16:01 MESSAGE("nlp_jac_g::eval") [.../casadi/core/sx_function.cpp:77]
CasADi - 2026-10-04 13:16:01 MESSAGE("nlp_hess_l::eval") [.../casadi/core/sx_function.cpp:77]
   9  1.9537791e+00 1.42e+00 5.16e+03  -1.0 1.05e+01   2.0 9.40e-04 6.12e-05h  1
CasADi - 2026-10-04 13:16:01 MESSAGE("nlp_g::eval") [.../casadi/core/sx_function.cpp:77]
CasADi - 2026-10-04 13:16:01 MESSAGE("nlp_f::eval") [.../casadi/core/sx_function.cpp:77]
CasADi - 2026-10-04 13:16:01 MESSAGE("nlp_grad_f::eval") [.../casadi/core/sx_function.cpp:77]
CasADi - 2026-10-04 13:16:01 MESSAGE("nlp_jac_g::eval") [.../casadi/core/sx_function.cpp:77]
CasADi - 2026-10-04 13:16:01 MESSAGE("nlp_hess_l::eval") [.../casadi/core/sx_function.cpp:77]
iter    objective    inf_pr   inf_du lg(mu)  ||d||  lg(rg) alpha_du alpha_pr  ls
  10  1.9571042e+00 1.42e+00 5.32e+03  -1.0 1.04e+01   2.4 1.00e-04 1.81e-04f  1
CasADi - 2026-10-04 13:16:01 MESSAGE("nlp_g::eval") [.../casadi/core/sx_function.cpp:77]
CasADi - 2026-10-04 13:16:01 MESSAGE("nlp_f::eval") [.../casadi/core/sx_function.cpp:77]
CasADi - 2026-10-04 13:16:01 MESSAGE("nlp_grad_f::eval") [.../casadi/core/sx_function.cpp:77]
CasADi - 2026-10-04 13:16:01 MESSAGE("nlp_jac_g::eval") [.../casadi/core/sx_function.cpp:77]
CasADi - 2026-10-04 13:16:01 MESSAGE("nlp_hess_l::eval") [.../casadi/core/sx_function.cpp:77]
  11  2.0845536e+00 1.41e+00 5.72e+03  -1.0 1.15e+01   1.9 3.66e-03 4.48e-03f  1
CasADi - 2026-10-04 13:16:01 MESSAGE("nlp_g::eval") [.../casadi/core/sx_function.cpp:77]
CasADi - 2026-10-04 13:16:01 MESSAGE("nlp_f::eval") [.../casadi/core/sx_function.cpp:77]
CasADi - 2026-10-04 13:16:01 MESSAGE("nlp_grad_f::eval") [.../casadi/core/sx_function.cpp:77]
CasADi - 2026-10-04 13:16:01 MESSAGE("nlp_jac_g::eval") [.../casadi/core/sx_function.cpp:77]
CasADi - 2026-10-04 13:16:01 MESSAGE("nlp_hess_l::eval") [.../casadi/core/sx_function.cpp:77]
  12  2.0966382e+00 1.40e+00 5.74e+03  -1.0 1.48e+01   1.5 5.37e-03 5.46e-03f  1
CasADi - 2026-10-04 13:16:01 MESSAGE("nlp_g::eval") [.../casadi/core/sx_function.cpp:77]
CasADi - 2026-10-04 13:16:01 MESSAGE("nlp_f::eval") [.../casadi/core/sx_function.cpp:77]
CasADi - 2026-10-04 13:16:01 MESSAGE("nlp_grad_f::eval") [.../casadi/core/sx_function.cpp:77]
CasADi - 2026-10-04 13:16:01 MESSAGE("nlp_jac_g::eval") [.../casadi/core/sx_function.cpp:77]
CasADi - 2026-10-04 13:16:01 MESSAGE("nlp_hess_l::eval") [.../casadi/core/sx_function.cpp:77]
  13  2.1016410e+00 1.40e+00 1.35e+04  -1.0 2.35e+01   1.0 1.41e-04 1.50e-03f  1
CasADi - 2026-10-04 13:16:01 MESSAGE("nlp_g::eval") [.../casadi/core/sx_function.cpp:77]
CasADi - 2026-10-04 13:16:01 MESSAGE("nlp_f::eval") [.../casadi/core/sx_function.cpp:77]
CasADi - 2026-10-04 13:16:01 MESSAGE("nlp_grad_f::eval") [.../casadi/core/sx_function.cpp:77]
CasADi - 2026-10-04 13:16:01 MESSAGE("nlp_jac_g::eval") [.../casadi/core/sx_function.cpp:77]
CasADi - 2026-10-04 13:16:01 MESSAGE("nlp_hess_l::eval") [.../casadi/core/sx_function.cpp:77]
  14  2.1045820e+00 1.40e+00 1.31e+04  -1.0 1.67e+01   1.4 2.58e-03 1.76e-03f  1
CasADi - 2026-10-04 13:16:01 MESSAGE("nlp_g::eval") [.../casadi/core/sx_function.cpp:77]
CasADi - 2026-10-04 13:16:01 MESSAGE("nlp_f::eval") [.../casadi/core/sx_function.cpp:77]
CasADi - 2026-10-04 13:16:01 MESSAGE("nlp_grad_f::eval") [.../casadi/core/sx_function.cpp:77]
CasADi - 2026-10-04 13:16:01 MESSAGE("nlp_jac_g::eval") [.../casadi/core/sx_function.cpp:77]
CasADi - 2026-10-04 13:16:01 MESSAGE("nlp_hess_l::eval") [.../casadi/core/sx_function.cpp:77]
  15  2.1045592e+00 1.40e+00 1.42e+04  -1.0 1.53e+01   1.8 1.47e-03 1.85e-04h  1
CasADi - 2026-10-04 13:16:01 MESSAGE("nlp_g::eval") [.../casadi/core/sx_function.cpp:77]
CasADi - 2026-10-04 13:16:01 MESSAGE("nlp_f::eval") [.../casadi/core/sx_function.cpp:77]
CasADi - 2026-10-04 13:16:01 MESSAGE("nlp_grad_f::eval") [.../casadi/core/sx_function.cpp:77]
CasADi - 2026-10-04 13:16:01 MESSAGE("nlp_jac_g::eval") [.../casadi/core/sx_function.cpp:77]
CasADi - 2026-10-04 13:16:01 MESSAGE("nlp_hess_l::eval") [.../casadi/core/sx_function.cpp:77]
  16  2.1094618e+00 1.40e+00 1.75e+04  -1.0 4.65e+01    -  1.80e-05 1.23e-03f  1
CasADi - 2026-10-04 13:16:01 MESSAGE("nlp_g::eval") [.../casadi/core/sx_function.cpp:77]
CasADi - 2026-10-04 13:16:01 MESSAGE("nlp_f::eval") [.../casadi/core/sx_function.cpp:77]
CasADi - 2026-10-04 13:16:01 MESSAGE("nlp_grad_f::eval") [.../casadi/core/sx_function.cpp:77]
CasADi - 2026-10-04 13:16:01 MESSAGE("nlp_jac_g::eval") [.../casadi/core/sx_function.cpp:77]
CasADi - 2026-10-04 13:16:01 MESSAGE("nlp_hess_l::eval") [.../casadi/core/sx_function.cpp:77]
  17  2.1114098e+00 1.40e+00 1.73e+04  -1.0 2.29e+01   1.4 9.98e-04 9.05e-04f  1
CasADi - 2026-10-04 13:16:01 MESSAGE("nlp_g::eval") [.../casadi/core/sx_function.cpp:77]
CasADi - 2026-10-04 13:16:01 MESSAGE("nlp_f::eval") [.../casadi/core/sx_function.cpp:77]
CasADi - 2026-10-04 13:16:01 MESSAGE("nlp_grad_f::eval") [.../casadi/core/sx_function.cpp:77]
CasADi - 2026-10-04 13:16:01 MESSAGE("nlp_jac_g::eval") [.../casadi/core/sx_function.cpp:77]
CasADi - 2026-10-04 13:16:01 MESSAGE("nlp_hess_l::eval") [.../casadi/core/sx_function.cpp:77]
  18  2.1158754e+00 1.39e+00 1.93e+04  -1.0 6.48e+01   0.9 2.98e-06 1.07e-03h  1
CasADi - 2026-10-04 13:16:01 MESSAGE("nlp_g::eval") [.../casadi/core/sx_function.cpp:77]
CasADi - 2026-10-04 13:16:01 MESSAGE("nlp_f::eval") [.../casadi/core/sx_function.cpp:77]
CasADi - 2026-10-04 13:16:01 MESSAGE("nlp_grad_f::eval") [.../casadi/core/sx_function.cpp:77]
CasADi - 2026-10-04 13:16:01 MESSAGE("nlp_jac_g::eval") [.../casadi/core/sx_function.cpp:77]
CasADi - 2026-10-04 13:16:01 MESSAGE("nlp_hess_l::eval") [.../casadi/core/sx_function.cpp:77]
  19  2.1165368e+00 1.39e+00 1.92e+04  -1.0 3.63e+02   1.3 3.06e-05 2.67e-05h  1
CasADi - 2026-10-04 13:16:01 MESSAGE("nlp_g::eval") [.../casadi/core/sx_function.cpp:77]
CasADi - 2026-10-04 13:16:01 MESSAGE("nlp_f::eval") [.../casadi/core/sx_function.cpp:77]
CasADi - 2026-10-04 13:16:01 MESSAGE("nlp_grad_f::eval") [.../casadi/core/sx_function.cpp:77]
CasADi - 2026-10-04 13:16:01 MESSAGE("nlp_jac_g::eval") [.../casadi/core/sx_function.cpp:77]
CasADi - 2026-10-04 13:16:01 MESSAGE("nlp_hess_l::eval") [.../casadi/core/sx_function.cpp:77]
iter    objective    inf_pr   inf_du lg(mu)  ||d||  lg(rg) alpha_du alpha_pr  ls
  20  2.1174768e+00 1.39e+00 1.84e+04  -1.0 1.63e+01   1.7 4.57e-03 1.68e-03f  1
CasADi - 2026-10-04 13:16:01 MESSAGE("nlp_g::eval") [.../casadi/core/sx_function.cpp:77]
CasADi - 2026-10-04 13:16:01 MESSAGE("nlp_f::eval") [.../casadi/core/sx_function.cpp:77]
CasADi - 2026-10-04 13:16:01 MESSAGE("nlp_grad_f::eval") [.../casadi/core/sx_function.cpp:77]
CasADi - 2026-10-04 13:16:01 MESSAGE("nlp_jac_g::eval") [.../casadi/core/sx_function.cpp:77]
CasADi - 2026-10-04 13:16:01 MESSAGE("nlp_hess_l::eval") [.../casadi/core/sx_function.cpp:77]
  21  2.1175011e+00 1.39e+00 2.07e+04  -1.0 2.66e+01   1.3 2.80e-03 1.37e-05h  1
CasADi - 2026-10-04 13:16:01 MESSAGE("nlp_g::eval") [.../casadi/core/sx_function.cpp:77]
CasADi - 2026-10-04 13:16:01 MESSAGE("nlp_f::eval") [.../casadi/core/sx_function.cpp:77]
CasADi - 2026-10-04 13:16:01 MESSAGE("nlp_grad_f::eval") [.../casadi/core/sx_function.cpp:77]
CasADi - 2026-10-04 13:16:01 MESSAGE("nlp_jac_g::eval") [.../casadi/core/sx_function.cpp:77]
CasADi - 2026-10-04 13:16:01 MESSAGE("nlp_hess_l::eval") [.../casadi/core/sx_function.cpp:77]
  22  2.1179807e+00 1.39e+00 2.06e+04  -1.0 2.21e+01   1.7 6.44e-04 5.10e-04f  1
CasADi - 2026-10-04 13:16:01 MESSAGE("nlp_g::eval") [.../casadi/core/sx_function.cpp:77]
CasADi - 2026-10-04 13:16:01 MESSAGE("nlp_f::eval") [.../casadi/core/sx_function.cpp:77]
CasADi - 2026-10-04 13:16:01 MESSAGE("nlp_grad_f::eval") [.../casadi/core/sx_function.cpp:77]
CasADi - 2026-10-04 13:16:01 MESSAGE("nlp_jac_g::eval") [.../casadi/core/sx_function.cpp:77]
CasADi - 2026-10-04 13:16:01 MESSAGE("nlp_hess_l::eval") [.../casadi/core/sx_function.cpp:77]
  23  2.1175644e+00 1.39e+00 2.06e+04  -1.0 1.52e+01   3.0 1.42e-05 6.13e-05h  1
CasADi - 2026-10-04 13:16:01 MESSAGE("nlp_g::eval") [.../casadi/core/sx_function.cpp:77]
CasADi - 2026-10-04 13:16:01 MESSAGE("nlp_f::eval") [.../casadi/core/sx_function.cpp:77]
CasADi - 2026-10-04 13:16:01 MESSAGE("nlp_grad_f::eval") [.../casadi/core/sx_function.cpp:77]
CasADi - 2026-10-04 13:16:01 MESSAGE("nlp_jac_g::eval") [.../casadi/core/sx_function.cpp:77]
CasADi - 2026-10-04 13:16:01 MESSAGE("nlp_hess_l::eval") [.../casadi/core/sx_function.cpp:77]
  24  2.1166381e+00 1.39e+00 2.06e+04  -1.0 1.50e+01   2.5 1.55e-04 2.34e-04h  1
CasADi - 2026-10-04 13:16:01 MESSAGE("nlp_g::eval") [.../casadi/core/sx_function.cpp:77]
CasADi - 2026-10-04 13:16:01 MESSAGE("nlp_f::eval") [.../casadi/core/sx_function.cpp:77]
CasADi - 2026-10-04 13:16:01 MESSAGE("nlp_grad_f::eval") [.../casadi/core/sx_function.cpp:77]
CasADi - 2026-10-04 13:16:01 MESSAGE("nlp_jac_g::eval") [.../casadi/core/sx_function.cpp:77]
CasADi - 2026-10-04 13:16:01 MESSAGE("nlp_hess_l::eval") [.../casadi/core/sx_function.cpp:77]
  25  2.1147430e+00 1.39e+00 2.61e+04  -1.0 1.98e+01   3.0 3.67e-05 2.77e-04f  1
CasADi - 2026-10-04 13:16:01 MESSAGE("nlp_g::eval") [.../casadi/core/sx_function.cpp:77]
CasADi - 2026-10-04 13:16:01 MESSAGE("nlp_f::eval") [.../casadi/core/sx_function.cpp:77]
CasADi - 2026-10-04 13:16:01 MESSAGE("nlp_grad_f::eval") [.../casadi/core/sx_function.cpp:77]
CasADi - 2026-10-04 13:16:01 MESSAGE("nlp_jac_g::eval") [.../casadi/core/sx_function.cpp:77]
CasADi - 2026-10-04 13:16:01 MESSAGE("nlp_hess_l::eval") [.../casadi/core/sx_function.cpp:77]
  26  2.1104684e+00 1.39e+00 2.40e+04  -1.0 1.54e+01   2.5 1.39e-03 1.17e-03f  1
CasADi - 2026-10-04 13:16:01 MESSAGE("nlp_g::eval") [.../casadi/core/sx_function.cpp:77]
CasADi - 2026-10-04 13:16:01 MESSAGE("nlp_f::eval") [.../casadi/core/sx_function.cpp:77]
CasADi - 2026-10-04 13:16:01 MESSAGE("nlp_grad_f::eval") [.../casadi/core/sx_function.cpp:77]
CasADi - 2026-10-04 13:16:01 MESSAGE("nlp_jac_g::eval") [.../casadi/core/sx_function.cpp:77]
CasADi - 2026-10-04 13:16:01 MESSAGE("nlp_hess_l::eval") [.../casadi/core/sx_function.cpp:77]
  27  2.1097775e+00 1.39e+00 2.45e+04  -1.0 1.99e+01   2.0 9.71e-04 1.11e-03f  1
CasADi - 2026-10-04 13:16:01 MESSAGE("nlp_g::eval") [.../casadi/core/sx_function.cpp:77]
CasADi - 2026-10-04 13:16:01 MESSAGE("nlp_f::eval") [.../casadi/core/sx_function.cpp:77]
CasADi - 2026-10-04 13:16:01 MESSAGE("nlp_grad_f::eval") [.../casadi/core/sx_function.cpp:77]
CasADi - 2026-10-04 13:16:01 MESSAGE("nlp_jac_g::eval") [.../casadi/core/sx_function.cpp:77]
CasADi - 2026-10-04 13:16:01 MESSAGE("nlp_hess_l::eval") [.../casadi/core/sx_function.cpp:77]
  28  2.1099725e+00 1.39e+00 2.49e+04  -1.0 2.91e+01   1.5 1.05e-03 1.44e-04h  1
CasADi - 2026-10-04 13:16:01 MESSAGE("nlp_g::eval") [.../casadi/core/sx_function.cpp:77]
CasADi - 2026-10-04 13:16:01 MESSAGE("nlp_f::eval") [.../casadi/core/sx_function.cpp:77]
CasADi - 2026-10-04 13:16:01 MESSAGE("nlp_grad_f::eval") [.../casadi/core/sx_function.cpp:77]
CasADi - 2026-10-04 13:16:01 MESSAGE("nlp_jac_g::eval") [.../casadi/core/sx_function.cpp:77]
CasADi - 2026-10-04 13:16:01 MESSAGE("nlp_hess_l::eval") [.../casadi/core/sx_function.cpp:77]
  29  2.1182022e+00 1.38e+00 2.49e+04  -1.0 7.45e+01   1.1 2.18e-03 3.07e-03f  1
CasADi - 2026-10-04 13:16:01 MESSAGE("nlp_g::eval") [.../casadi/core/sx_function.cpp:77]
CasADi - 2026-10-04 13:16:01 MESSAGE("nlp_f::eval") [.../casadi/core/sx_function.cpp:77]
CasADi - 2026-10-04 13:16:01 MESSAGE("nlp_grad_f::eval") [.../casadi/core/sx_function.cpp:77]
CasADi - 2026-10-04 13:16:01 MESSAGE("nlp_jac_g::eval") [.../casadi/core/sx_function.cpp:77]
CasADi - 2026-10-04 13:16:01 MESSAGE("nlp_hess_l::eval") [.../casadi/core/sx_function.cpp:77]
iter    objective    inf_pr   inf_du lg(mu)  ||d||  lg(rg) alpha_du alpha_pr  ls
  30  2.1215075e+00 1.38e+00 2.54e+04  -1.0 9.38e+02   1.5 1.33e-04 2.58e-04h  1
CasADi - 2026-10-04 13:16:01 MESSAGE("nlp_g::eval") [.../casadi/core/sx_function.cpp:77]
CasADi - 2026-10-04 13:16:01 MESSAGE("nlp_f::eval") [.../casadi/core/sx_function.cpp:77]
CasADi - 2026-10-04 13:16:01 MESSAGE("nlp_grad_f::eval") [.../casadi/core/sx_function.cpp:77]
CasADi - 2026-10-04 13:16:01 MESSAGE("nlp_jac_g::eval") [.../casadi/core/sx_function.cpp:77]
CasADi - 2026-10-04 13:16:01 MESSAGE("nlp_hess_l::eval") [.../casadi/core/sx_function.cpp:77]
  31  2.1218969e+00 1.38e+00 2.54e+04  -1.0 3.33e+01   1.9 8.20e-04 3.33e-04h  1
CasADi - 2026-10-04 13:16:01 MESSAGE("nlp_g::eval") [.../casadi/core/sx_function.cpp:77]
CasADi - 2026-10-04 13:16:01 MESSAGE("nlp_f::eval") [.../casadi/core/sx_function.cpp:77]
CasADi - 2026-10-04 13:16:01 MESSAGE("nlp_grad_f::eval") [.../casadi/core/sx_function.cpp:77]
CasADi - 2026-10-04 13:16:01 MESSAGE("nlp_jac_g::eval") [.../casadi/core/sx_function.cpp:77]
CasADi - 2026-10-04 13:16:01 MESSAGE("nlp_hess_l::eval") [.../casadi/core/sx_function.cpp:77]
  32  2.1206542e+00 1.38e+00 2.71e+04  -1.0 2.48e+01   2.3 4.89e-06 7.38e-04h  1
CasADi - 2026-10-04 13:16:01 MESSAGE("nlp_g::eval") [.../casadi/core/sx_function.cpp:77]
CasADi - 2026-10-04 13:16:01 MESSAGE("nlp_f::eval") [.../casadi/core/sx_function.cpp:77]
CasADi - 2026-10-04 13:16:01 MESSAGE("nlp_grad_f::eval") [.../casadi/core/sx_function.cpp:77]
CasADi - 2026-10-04 13:16:01 MESSAGE("nlp_jac_g::eval") [.../casadi/core/sx_function.cpp:77]
CasADi - 2026-10-04 13:16:01 MESSAGE("nlp_hess_l::eval") [.../casadi/core/sx_function.cpp:77]
  33  2.1249913e+00 1.38e+00 3.27e+04  -1.0 3.95e+01   1.9 5.93e-04 2.04e-03f  1
CasADi - 2026-10-04 13:16:01 MESSAGE("nlp_g::eval") [.../casadi/core/sx_function.cpp:77]
CasADi - 2026-10-04 13:16:01 MESSAGE("nlp_f::eval") [.../casadi/core/sx_function.cpp:77]
CasADi - 2026-10-04 13:16:01 MESSAGE("nlp_grad_f::eval") [.../casadi/core/sx_function.cpp:77]
CasADi - 2026-10-04 13:16:01 MESSAGE("nlp_jac_g::eval") [.../casadi/core/sx_function.cpp:77]
CasADi - 2026-10-04 13:16:01 MESSAGE("nlp_hess_l::eval") [.../casadi/core/sx_function.cpp:77]
  34  2.1249569e+00 1.38e+00 2.66e+04  -1.0 2.39e+01   2.3 1.08e-03 4.58e-05h  1
CasADi - 2026-10-04 13:16:01 MESSAGE("nlp_g::eval") [.../casadi/core/sx_function.cpp:77]
CasADi - 2026-10-04 13:16:01 MESSAGE("nlp_f::eval") [.../casadi/core/sx_function.cpp:77]
CasADi - 2026-10-04 13:16:01 MESSAGE("nlp_grad_f::eval") [.../casadi/core/sx_function.cpp:77]
CasADi - 2026-10-04 13:16:01 MESSAGE("nlp_jac_g::eval") [.../casadi/core/sx_function.cpp:77]
CasADi - 2026-10-04 13:16:01 MESSAGE("nlp_hess_l::eval") [.../casadi/core/sx_function.cpp:77]
  35  2.1256584e+00 1.38e+00 2.67e+04  -1.0 6.14e+01   1.8 1.87e-04 2.07e-04f  1
CasADi - 2026-10-04 13:16:01 MESSAGE("nlp_g::eval") [.../casadi/core/sx_function.cpp:77]
CasADi - 2026-10-04 13:16:01 MESSAGE("nlp_f::eval") [.../casadi/core/sx_function.cpp:77]
CasADi - 2026-10-04 13:16:01 MESSAGE("nlp_grad_f::eval") [.../casadi/core/sx_function.cpp:77]
CasADi - 2026-10-04 13:16:01 MESSAGE("nlp_jac_g::eval") [.../casadi/core/sx_function.cpp:77]
CasADi - 2026-10-04 13:16:01 MESSAGE("nlp_hess_l::eval") [.../casadi/core/sx_function.cpp:77]
  36  2.1254715e+00 1.38e+00 2.41e+04  -1.0 2.46e+01   2.2 2.06e-03 5.24e-04f  1
CasADi - 2026-10-04 13:16:01 MESSAGE("nlp_g::eval") [.../casadi/core/sx_function.cpp:77]
CasADi - 2026-10-04 13:16:01 MESSAGE("nlp_f::eval") [.../casadi/core/sx_function.cpp:77]
CasADi - 2026-10-04 13:16:01 MESSAGE("nlp_grad_f::eval") [.../casadi/core/sx_function.cpp:77]
CasADi - 2026-10-04 13:16:01 MESSAGE("nlp_jac_g::eval") [.../casadi/core/sx_function.cpp:77]
CasADi - 2026-10-04 13:16:01 MESSAGE("nlp_hess_l::eval") [.../casadi/core/sx_function.cpp:77]
  37  2.1284799e+00 1.38e+00 2.45e+04  -1.0 1.20e+02   1.8 6.16e-05 6.01e-04f  1
CasADi - 2026-10-04 13:16:01 MESSAGE("nlp_g::eval") [.../casadi/core/sx_function.cpp:77]
CasADi - 2026-10-04 13:16:01 MESSAGE("nlp_f::eval") [.../casadi/core/sx_function.cpp:77]
CasADi - 2026-10-04 13:16:01 MESSAGE("nlp_grad_f::eval") [.../casadi/core/sx_function.cpp:77]
CasADi - 2026-10-04 13:16:01 MESSAGE("nlp_jac_g::eval") [.../casadi/core/sx_function.cpp:77]
CasADi - 2026-10-04 13:16:01 MESSAGE("nlp_hess_l::eval") [.../casadi/core/sx_function.cpp:77]
  38  2.1287556e+00 1.37e+00 2.52e+04  -1.0 2.75e+01   2.2 5.03e-05 1.37e-03f  1
CasADi - 2026-10-04 13:16:02 MESSAGE("nlp_g::eval") [.../casadi/core/sx_function.cpp:77]
CasADi - 2026-10-04 13:16:02 MESSAGE("nlp_f::eval") [.../casadi/core/sx_function.cpp:77]
CasADi - 2026-10-04 13:16:02 MESSAGE("nlp_grad_f::eval") [.../casadi/core/sx_function.cpp:77]
CasADi - 2026-10-04 13:16:02 MESSAGE("nlp_jac_g::eval") [.../casadi/core/sx_function.cpp:77]
CasADi - 2026-10-04 13:16:02 MESSAGE("nlp_hess_l::eval") [.../casadi/core/sx_function.cpp:77]
  39  2.1268369e+00 1.37e+00 2.54e+04  -1.0 2.08e+01   2.6 8.41e-04 8.59e-04f  1
CasADi - 2026-10-04 13:16:02 MESSAGE("nlp_g::eval") [.../casadi/core/sx_function.cpp:77]
CasADi - 2026-10-04 13:16:02 MESSAGE("nlp_f::eval") [.../casadi/core/sx_function.cpp:77]
CasADi - 2026-10-04 13:16:02 MESSAGE("nlp_grad_f::eval") [.../casadi/core/sx_function.cpp:77]
CasADi - 2026-10-04 13:16:02 MESSAGE("nlp_jac_g::eval") [.../casadi/core/sx_function.cpp:77]
CasADi - 2026-10-04 13:16:02 MESSAGE("nlp_hess_l::eval") [.../casadi/core/sx_function.cpp:77]
iter    objective    inf_pr   inf_du lg(mu)  ||d||  lg(rg) alpha_du alpha_pr  ls
  40  2.1274194e+00 1.37e+00 2.64e+04  -1.0 3.67e+01   2.1 3.05e-04 5.77e-04f  1
CasADi - 2026-10-04 13:16:02 MESSAGE("nlp_g::eval") [.../casadi/core/sx_function.cpp:77]
CasADi - 2026-10-04 13:16:02 MESSAGE("nlp_f::eval") [.../casadi/core/sx_function.cpp:77]
CasADi - 2026-10-04 13:16:02 MESSAGE("nlp_grad_f::eval") [.../casadi/core/sx_function.cpp:77]
CasADi - 2026-10-04 13:16:02 MESSAGE("nlp_jac_g::eval") [.../casadi/core/sx_function.cpp:77]
CasADi - 2026-10-04 13:16:02 MESSAGE("nlp_hess_l::eval") [.../casadi/core/sx_function.cpp:77]
  41  2.1273626e+00 1.37e+00 2.49e+04  -1.0 2.23e+01   2.6 1.84e-04 3.68e-05h  1
CasADi - 2026-10-04 13:16:02 MESSAGE("nlp_g::eval") [.../casadi/core/sx_function.cpp:77]
CasADi - 2026-10-04 13:16:02 MESSAGE("nlp_f::eval") [.../casadi/core/sx_function.cpp:77]
CasADi - 2026-10-04 13:16:02 MESSAGE("nlp_grad_f::eval") [.../casadi/core/sx_function.cpp:77]
CasADi - 2026-10-04 13:16:02 MESSAGE("nlp_jac_g::eval") [.../casadi/core/sx_function.cpp:77]
CasADi - 2026-10-04 13:16:02 MESSAGE("nlp_hess_l::eval") [.../casadi/core/sx_function.cpp:77]
  42  2.1286603e+00 1.37e+00 2.75e+04  -1.0 3.70e+01   2.1 4.57e-05 8.66e-04f  1
CasADi - 2026-10-04 13:16:02 MESSAGE("nlp_g::eval") [.../casadi/core/sx_function.cpp:77]
CasADi - 2026-10-04 13:16:02 MESSAGE("nlp_f::eval") [.../casadi/core/sx_function.cpp:77]
CasADi - 2026-10-04 13:16:02 MESSAGE("nlp_grad_f::eval") [.../casadi/core/sx_function.cpp:77]
CasADi - 2026-10-04 13:16:02 MESSAGE("nlp_jac_g::eval") [.../casadi/core/sx_function.cpp:77]
CasADi - 2026-10-04 13:16:02 MESSAGE("nlp_hess_l::eval") [.../casadi/core/sx_function.cpp:77]
  43  2.1283497e+00 1.37e+00 2.56e+04  -1.0 2.38e+01   2.5 4.88e-04 2.81e-04h  1
CasADi - 2026-10-04 13:16:02 MESSAGE("nlp_g::eval") [.../casadi/core/sx_function.cpp:77]
CasADi - 2026-10-04 13:16:02 MESSAGE("nlp_f::eval") [.../casadi/core/sx_function.cpp:77]
CasADi - 2026-10-04 13:16:02 MESSAGE("nlp_grad_f::eval") [.../casadi/core/sx_function.cpp:77]
CasADi - 2026-10-04 13:16:02 MESSAGE("nlp_jac_g::eval") [.../casadi/core/sx_function.cpp:77]
CasADi - 2026-10-04 13:16:02 MESSAGE("nlp_hess_l::eval") [.../casadi/core/sx_function.cpp:77]
  44  2.1279483e+00 1.37e+00 2.64e+04  -1.0 2.01e+01   2.9 9.75e-05 1.33e-04h  1
CasADi - 2026-10-04 13:16:02 MESSAGE("nlp_g::eval") [.../casadi/core/sx_function.cpp:77]
CasADi - 2026-10-04 13:16:02 MESSAGE("nlp_f::eval") [.../casadi/core/sx_function.cpp:77]
CasADi - 2026-10-04 13:16:02 MESSAGE("nlp_grad_f::eval") [.../casadi/core/sx_function.cpp:77]
CasADi - 2026-10-04 13:16:02 MESSAGE("nlp_jac_g::eval") [.../casadi/core/sx_function.cpp:77]
CasADi - 2026-10-04 13:16:02 MESSAGE("nlp_hess_l::eval") [.../casadi/core/sx_function.cpp:77]
  45  2.1271780e+00 1.37e+00 3.36e+04  -1.0 2.17e+01   2.4 6.17e-05 8.95e-04f  1
CasADi - 2026-10-04 13:16:02 MESSAGE("nlp_g::eval") [.../casadi/core/sx_function.cpp:77]
CasADi - 2026-10-04 13:16:02 MESSAGE("nlp_f::eval") [.../casadi/core/sx_function.cpp:77]
CasADi - 2026-10-04 13:16:02 MESSAGE("nlp_grad_f::eval") [.../casadi/core/sx_function.cpp:77]
CasADi - 2026-10-04 13:16:02 MESSAGE("nlp_jac_g::eval") [.../casadi/core/sx_function.cpp:77]
CasADi - 2026-10-04 13:16:02 MESSAGE("nlp_hess_l::eval") [.../casadi/core/sx_function.cpp:77]
  46  2.1268344e+00 1.37e+00 2.47e+04  -1.0 1.77e+01   3.8 1.34e-04 5.76e-05h  1
CasADi - 2026-10-04 13:16:02 MESSAGE("nlp_g::eval") [.../casadi/core/sx_function.cpp:77]
CasADi - 2026-10-04 13:16:02 MESSAGE("nlp_f::eval") [.../casadi/core/sx_function.cpp:77]
CasADi - 2026-10-04 13:16:02 MESSAGE("nlp_grad_f::eval") [.../casadi/core/sx_function.cpp:77]
CasADi - 2026-10-04 13:16:02 MESSAGE("nlp_jac_g::eval") [.../casadi/core/sx_function.cpp:77]
CasADi - 2026-10-04 13:16:02 MESSAGE("nlp_hess_l::eval") [.../casadi/core/sx_function.cpp:77]
  47  2.1254314e+00 1.37e+00 3.70e+04  -1.0 1.80e+01   3.3 1.27e-05 2.93e-04f  1
CasADi - 2026-10-04 13:16:02 MESSAGE("nlp_g::eval") [.../casadi/core/sx_function.cpp:77]
CasADi - 2026-10-04 13:16:02 MESSAGE("nlp_f::eval") [.../casadi/core/sx_function.cpp:77]
CasADi - 2026-10-04 13:16:02 MESSAGE("nlp_grad_f::eval") [.../casadi/core/sx_function.cpp:77]
CasADi - 2026-10-04 13:16:02 MESSAGE("nlp_jac_g::eval") [.../casadi/core/sx_function.cpp:77]
CasADi - 2026-10-04 13:16:02 MESSAGE("nlp_hess_l::eval") [.../casadi/core/sx_function.cpp:77]
  48  2.1233138e+00 1.37e+00 4.62e+04  -1.0 1.99e+01   2.8 3.69e-04 8.38e-04h  1
CasADi - 2026-10-04 13:16:02 MESSAGE("nlp_g::eval") [.../casadi/core/sx_function.cpp:77]
CasADi - 2026-10-04 13:16:02 MESSAGE("nlp_f::eval") [.../casadi/core/sx_function.cpp:77]
CasADi - 2026-10-04 13:16:02 MESSAGE("nlp_grad_f::eval") [.../casadi/core/sx_function.cpp:77]
CasADi - 2026-10-04 13:16:02 MESSAGE("nlp_jac_g::eval") [.../casadi/core/sx_function.cpp:77]
CasADi - 2026-10-04 13:16:02 MESSAGE("nlp_hess_l::eval") [.../casadi/core/sx_function.cpp:77]
  49  2.1232050e+00 1.37e+00 4.31e+04  -1.0 1.84e+01   3.2 8.77e-05 2.63e-05h  1
CasADi - 2026-10-04 13:16:02 MESSAGE("nlp_g::eval") [.../casadi/core/sx_function.cpp:77]
CasADi - 2026-10-04 13:16:02 MESSAGE("nlp_f::eval") [.../casadi/core/sx_function.cpp:77]
CasADi - 2026-10-04 13:16:02 MESSAGE("nlp_grad_f::eval") [.../casadi/core/sx_function.cpp:77]
CasADi - 2026-10-04 13:16:02 MESSAGE("nlp_jac_g::eval") [.../casadi/core/sx_function.cpp:77]
CasADi - 2026-10-04 13:16:02 MESSAGE("nlp_hess_l::eval") [.../casadi/core/sx_function.cpp:77]
iter    objective    inf_pr   inf_du lg(mu)  ||d||  lg(rg) alpha_du alpha_pr  ls
  50  2.1226209e+00 1.37e+00 4.50e+04  -1.0 2.05e+01   2.8 1.95e-04 3.08e-04f  1
CasADi - 2026-10-04 13:16:02 MESSAGE("nlp_g::eval") [.../casadi/core/sx_function.cpp:77]
CasADi - 2026-10-04 13:16:02 MESSAGE("nlp_f::eval") [.../casadi/core/sx_function.cpp:77]
CasADi - 2026-10-04 13:16:02 MESSAGE("nlp_grad_f::eval") [.../casadi/core/sx_function.cpp:77]
CasADi - 2026-10-04 13:16:02 MESSAGE("nlp_jac_g::eval") [.../casadi/core/sx_function.cpp:77]
CasADi - 2026-10-04 13:16:02 MESSAGE("nlp_hess_l::eval") [.../casadi/core/sx_function.cpp:77]
  51  2.1210611e+00 1.37e+00 5.55e+04  -1.0 1.85e+01   3.2 1.69e-04 4.12e-04h  1
CasADi - 2026-10-04 13:16:02 MESSAGE("nlp_g::eval") [.../casadi/core/sx_function.cpp:77]
CasADi - 2026-10-04 13:16:02 MESSAGE("nlp_f::eval") [.../casadi/core/sx_function.cpp:77]
CasADi - 2026-10-04 13:16:02 MESSAGE("nlp_grad_f::eval") [.../casadi/core/sx_function.cpp:77]
CasADi - 2026-10-04 13:16:02 MESSAGE("nlp_jac_g::eval") [.../casadi/core/sx_function.cpp:77]
CasADi - 2026-10-04 13:16:02 MESSAGE("nlp_hess_l::eval") [.../casadi/core/sx_function.cpp:77]
  52  2.1202423e+00 1.37e+00 5.61e+04  -1.0 2.13e+01   2.7 5.75e-04 6.20e-04h  1
CasADi - 2026-10-04 13:16:02 MESSAGE("nlp_g::eval") [.../casadi/core/sx_function.cpp:77]
CasADi - 2026-10-04 13:16:02 MESSAGE("nlp_f::eval") [.../casadi/core/sx_function.cpp:77]
CasADi - 2026-10-04 13:16:02 MESSAGE("nlp_grad_f::eval") [.../casadi/core/sx_function.cpp:77]
CasADi - 2026-10-04 13:16:02 MESSAGE("nlp_jac_g::eval") [.../casadi/core/sx_function.cpp:77]
CasADi - 2026-10-04 13:16:02 MESSAGE("nlp_hess_l::eval") [.../casadi/core/sx_function.cpp:77]
  53  2.1184258e+00 1.36e+00 7.03e+04  -1.0 1.88e+01   3.1 1.84e-04 5.57e-04h  1
CasADi - 2026-10-04 13:16:02 MESSAGE("nlp_g::eval") [.../casadi/core/sx_function.cpp:77]
CasADi - 2026-10-04 13:16:02 MESSAGE("nlp_f::eval") [.../casadi/core/sx_function.cpp:77]
CasADi - 2026-10-04 13:16:02 MESSAGE("nlp_grad_f::eval") [.../casadi/core/sx_function.cpp:77]
CasADi - 2026-10-04 13:16:02 MESSAGE("nlp_jac_g::eval") [.../casadi/core/sx_function.cpp:77]
CasADi - 2026-10-04 13:16:02 MESSAGE("nlp_hess_l::eval") [.../casadi/core/sx_function.cpp:77]
  54  2.1177234e+00 1.36e+00 7.75e+04  -1.0 1.79e+01   3.6 7.61e-05 1.49e-04h  1
CasADi - 2026-10-04 13:16:02 MESSAGE("nlp_g::eval") [.../casadi/core/sx_function.cpp:77]
CasADi - 2026-10-04 13:16:02 MESSAGE("nlp_f::eval") [.../casadi/core/sx_function.cpp:77]
CasADi - 2026-10-04 13:16:02 MESSAGE("nlp_grad_f::eval") [.../casadi/core/sx_function.cpp:77]
CasADi - 2026-10-04 13:16:02 MESSAGE("nlp_jac_g::eval") [.../casadi/core/sx_function.cpp:77]
CasADi - 2026-10-04 13:16:02 MESSAGE("nlp_hess_l::eval") [.../casadi/core/sx_function.cpp:77]
  55  2.1176581e+00 1.36e+00 2.47e+04  -1.0 1.73e+01   4.0 2.87e-04 1.08e-05h  1
CasADi - 2026-10-04 13:16:02 MESSAGE("nlp_g::eval") [.../casadi/core/sx_function.cpp:77]
CasADi - 2026-10-04 13:16:02 MESSAGE("nlp_f::eval") [.../casadi/core/sx_function.cpp:77]
CasADi - 2026-10-04 13:16:02 MESSAGE("nlp_g::eval") [.../casadi/core/sx_function.cpp:77]
CasADi - 2026-10-04 13:16:02 MESSAGE("nlp_f::eval") [.../casadi/core/sx_function.cpp:77]
CasADi - 2026-10-04 13:16:02 MESSAGE("nlp_g::eval") [.../casadi/core/sx_function.cpp:77]
CasADi - 2026-10-04 13:16:02 MESSAGE("nlp_f::eval") [.../casadi/core/sx_function.cpp:77]
CasADi - 2026-10-04 13:16:02 MESSAGE("nlp_g::eval") [.../casadi/core/sx_function.cpp:77]
CasADi - 2026-10-04 13:16:02 MESSAGE("nlp_f::eval") [.../casadi/core/sx_function.cpp:77]
CasADi - 2026-10-04 13:16:02 MESSAGE("nlp_f::eval") [.../casadi/core/sx_function.cpp:77]
CasADi - 2026-10-04 13:16:02 MESSAGE("nlp_g::eval") [.../casadi/core/sx_function.cpp:77]
CasADi - 2026-10-04 13:16:02 MESSAGE("nlp_grad_f::eval") [.../casadi/core/sx_function.cpp:77]
CasADi - 2026-10-04 13:16:02 MESSAGE("nlp_jac_g::eval") [.../casadi/core/sx_function.cpp:77]
CasADi - 2026-10-04 13:16:02 MESSAGE("nlp_g::eval") [.../casadi/core/sx_function.cpp:77]
CasADi - 2026-10-04 13:16:02 MESSAGE("nlp_jac_g::eval") [.../casadi/core/sx_function.cpp:77]
CasADi - 2026-10-04 13:16:02 MESSAGE("nlp_f::eval") [.../casadi/core/sx_function.cpp:77]
  56r 2.1176581e+00 1.36e+00 9.99e+02   0.1 0.00e+00   3.5 0.00e+00 3.52e-07R  5
CasADi - 2026-10-04 13:16:02 MESSAGE("nlp_g::eval") [.../casadi/core/sx_function.cpp:77]
CasADi - 2026-10-04 13:16:02 MESSAGE("nlp_f::eval") [.../casadi/core/sx_function.cpp:77]
CasADi - 2026-10-04 13:16:02 MESSAGE("nlp_jac_g::eval") [.../casadi/core/sx_function.cpp:77]
  57r 2.4729109e+00 1.14e+00 1.02e+03   0.1 1.09e+03    -  4.33e-04 3.56e-04f  1
CasADi - 2026-10-04 13:16:02 MESSAGE("nlp_grad_f::eval") [.../casadi/core/sx_function.cpp:77]
CasADi - 2026-10-04 13:16:02 MESSAGE("nlp_hess_l::eval") [.../casadi/core/sx_function.cpp:77]
CasADi - 2026-10-04 13:16:02 MESSAGE("nlp_g::eval") [.../casadi/core/sx_function.cpp:77]
CasADi - 2026-10-04 13:16:02 MESSAGE("nlp_f::eval") [.../casadi/core/sx_function.cpp:77]
CasADi - 2026-10-04 13:16:02 MESSAGE("nlp_grad_f::eval") [.../casadi/core/sx_function.cpp:77]
CasADi - 2026-10-04 13:16:02 MESSAGE("nlp_jac_g::eval") [.../casadi/core/sx_function.cpp:77]
CasADi - 2026-10-04 13:16:02 MESSAGE("nlp_hess_l::eval") [.../casadi/core/sx_function.cpp:77]
  58  2.4712554e+00 1.14e+00 3.60e+00  -1.0 4.11e+01    -  2.72e-04 2.32e-04f  1
CasADi - 2026-10-04 13:16:02 MESSAGE("nlp_g::eval") [.../casadi/core/sx_function.cpp:77]
CasADi - 2026-10-04 13:16:02 MESSAGE("nlp_f::eval") [.../casadi/core/sx_function.cpp:77]
CasADi - 2026-10-04 13:16:02 MESSAGE("nlp_grad_f::eval") [.../casadi/core/sx_function.cpp:77]
CasADi - 2026-10-04 13:16:02 MESSAGE("nlp_jac_g::eval") [.../casadi/core/sx_function.cpp:77]
CasADi - 2026-10-04 13:16:02 MESSAGE("nlp_hess_l::eval") [.../casadi/core/sx_function.cpp:77]
  59  2.4682618e+00 1.14e+00 2.32e+00  -1.0 2.54e+01    -  4.68e-04 5.32e-04f  1
CasADi - 2026-10-04 13:16:02 MESSAGE("nlp_g::eval") [.../casadi/core/sx_function.cpp:77]
CasADi - 2026-10-04 13:16:02 MESSAGE("nlp_f::eval") [.../casadi/core/sx_function.cpp:77]
CasADi - 2026-10-04 13:16:02 MESSAGE("nlp_grad_f::eval") [.../casadi/core/sx_function.cpp:77]
CasADi - 2026-10-04 13:16:02 MESSAGE("nlp_jac_g::eval") [.../casadi/core/sx_function.cpp:77]
CasADi - 2026-10-04 13:16:02 MESSAGE("nlp_hess_l::eval") [.../casadi/core/sx_function.cpp:77]
iter    objective    inf_pr   inf_du lg(mu)  ||d||  lg(rg) alpha_du alpha_pr  ls
  60  2.4614570e+00 1.14e+00 4.38e+01  -1.0 2.91e+01    -  3.20e-04 1.07e-03f  1
CasADi - 2026-10-04 13:16:02 MESSAGE("nlp_g::eval") [.../casadi/core/sx_function.cpp:77]
CasADi - 2026-10-04 13:16:02 MESSAGE("nlp_f::eval") [.../casadi/core/sx_function.cpp:77]
CasADi - 2026-10-04 13:16:02 MESSAGE("nlp_grad_f::eval") [.../casadi/core/sx_function.cpp:77]
CasADi - 2026-10-04 13:16:02 MESSAGE("nlp_jac_g::eval") [.../casadi/core/sx_function.cpp:77]
CasADi - 2026-10-04 13:16:02 MESSAGE("nlp_hess_l::eval") [.../casadi/core/sx_function.cpp:77]
  61  2.4614795e+00 1.14e+00 2.77e+03  -1.0 8.82e+00   3.0 6.19e-04 1.04e-05h  1
CasADi - 2026-10-04 13:16:02 MESSAGE("nlp_g::eval") [.../casadi/core/sx_function.cpp:77]
CasADi - 2026-10-04 13:16:02 MESSAGE("nlp_f::eval") [.../casadi/core/sx_function.cpp:77]
CasADi - 2026-10-04 13:16:02 MESSAGE("nlp_grad_f::eval") [.../casadi/core/sx_function.cpp:77]
CasADi - 2026-10-04 13:16:02 MESSAGE("nlp_jac_g::eval") [.../casadi/core/sx_function.cpp:77]
CasADi - 2026-10-04 13:16:02 MESSAGE("nlp_hess_l::eval") [.../casadi/core/sx_function.cpp:77]
  62  2.4617025e+00 1.14e+00 2.19e+03  -1.0 1.17e+01   2.6 1.31e-04 2.59e-04h  1
CasADi - 2026-10-04 13:16:02 MESSAGE("nlp_g::eval") [.../casadi/core/sx_function.cpp:77]
CasADi - 2026-10-04 13:16:02 MESSAGE("nlp_f::eval") [.../casadi/core/sx_function.cpp:77]
CasADi - 2026-10-04 13:16:02 MESSAGE("nlp_grad_f::eval") [.../casadi/core/sx_function.cpp:77]
CasADi - 2026-10-04 13:16:02 MESSAGE("nlp_jac_g::eval") [.../casadi/core/sx_function.cpp:77]
CasADi - 2026-10-04 13:16:02 MESSAGE("nlp_hess_l::eval") [.../casadi/core/sx_function.cpp:77]
  63  2.4616118e+00 1.14e+00 1.01e+04  -1.0 1.17e+01   3.0 6.15e-04 5.16e-05h  1
CasADi - 2026-10-04 13:16:02 MESSAGE("nlp_g::eval") [.../casadi/core/sx_function.cpp:77]
CasADi - 2026-10-04 13:16:02 MESSAGE("nlp_f::eval") [.../casadi/core/sx_function.cpp:77]
CasADi - 2026-10-04 13:16:02 MESSAGE("nlp_grad_f::eval") [.../casadi/core/sx_function.cpp:77]
CasADi - 2026-10-04 13:16:02 MESSAGE("nlp_jac_g::eval") [.../casadi/core/sx_function.cpp:77]
CasADi - 2026-10-04 13:16:02 MESSAGE("nlp_hess_l::eval") [.../casadi/core/sx_function.cpp:77]
  64  2.4612122e+00 1.14e+00 1.06e+04  -1.0 1.52e+01   2.5 3.24e-04 2.25e-04h  1
CasADi - 2026-10-04 13:16:02 MESSAGE("nlp_g::eval") [.../casadi/core/sx_function.cpp:77]
CasADi - 2026-10-04 13:16:02 MESSAGE("nlp_f::eval") [.../casadi/core/sx_function.cpp:77]
CasADi - 2026-10-04 13:16:02 MESSAGE("nlp_grad_f::eval") [.../casadi/core/sx_function.cpp:77]
CasADi - 2026-10-04 13:16:02 MESSAGE("nlp_jac_g::eval") [.../casadi/core/sx_function.cpp:77]
CasADi - 2026-10-04 13:16:02 MESSAGE("nlp_hess_l::eval") [.../casadi/core/sx_function.cpp:77]
  65  2.4607288e+00 1.14e+00 2.67e+04  -1.0 1.30e+01   2.9 1.35e-03 1.92e-04h  1
CasADi - 2026-10-04 13:16:02 MESSAGE("nlp_g::eval") [.../casadi/core/sx_function.cpp:77]
CasADi - 2026-10-04 13:16:02 MESSAGE("nlp_f::eval") [.../casadi/core/sx_function.cpp:77]
CasADi - 2026-10-04 13:16:02 MESSAGE("nlp_grad_f::eval") [.../casadi/core/sx_function.cpp:77]
CasADi - 2026-10-04 13:16:02 MESSAGE("nlp_jac_g::eval") [.../casadi/core/sx_function.cpp:77]
CasADi - 2026-10-04 13:16:02 MESSAGE("nlp_hess_l::eval") [.../casadi/core/sx_function.cpp:77]
  66  2.4598264e+00 1.14e+00 2.90e+04  -1.0 1.34e+01   2.5 8.35e-04 3.70e-04h  1
CasADi - 2026-10-04 13:16:02 MESSAGE("nlp_g::eval") [.../casadi/core/sx_function.cpp:77]
CasADi - 2026-10-04 13:16:02 MESSAGE("nlp_f::eval") [.../casadi/core/sx_function.cpp:77]
CasADi - 2026-10-04 13:16:02 MESSAGE("nlp_grad_f::eval") [.../casadi/core/sx_function.cpp:77]
CasADi - 2026-10-04 13:16:02 MESSAGE("nlp_jac_g::eval") [.../casadi/core/sx_function.cpp:77]
CasADi - 2026-10-04 13:16:02 MESSAGE("nlp_hess_l::eval") [.../casadi/core/sx_function.cpp:77]
  67  2.4584999e+00 1.14e+00 8.86e+04  -1.0 1.35e+01   2.9 5.01e-03 4.16e-04h  1
CasADi - 2026-10-04 13:16:02 MESSAGE("nlp_g::eval") [.../casadi/core/sx_function.cpp:77]
CasADi - 2026-10-04 13:16:02 MESSAGE("nlp_f::eval") [.../casadi/core/sx_function.cpp:77]
CasADi - 2026-10-04 13:16:02 MESSAGE("nlp_grad_f::eval") [.../casadi/core/sx_function.cpp:77]
CasADi - 2026-10-04 13:16:02 MESSAGE("nlp_jac_g::eval") [.../casadi/core/sx_function.cpp:77]
CasADi - 2026-10-04 13:16:02 MESSAGE("nlp_hess_l::eval") [.../casadi/core/sx_function.cpp:77]
  68  2.4560518e+00 1.14e+00 1.19e+05  -1.0 1.36e+01   3.3 1.61e-03 7.18e-04h  1
CasADi - 2026-10-04 13:16:02 MESSAGE("nlp_g::eval") [.../casadi/core/sx_function.cpp:77]
CasADi - 2026-10-04 13:16:02 MESSAGE("nlp_f::eval") [.../casadi/core/sx_function.cpp:77]
CasADi - 2026-10-04 13:16:02 MESSAGE("nlp_grad_f::eval") [.../casadi/core/sx_function.cpp:77]
CasADi - 2026-10-04 13:16:02 MESSAGE("nlp_jac_g::eval") [.../casadi/core/sx_function.cpp:77]
CasADi - 2026-10-04 13:16:02 MESSAGE("nlp_hess_l::eval") [.../casadi/core/sx_function.cpp:77]
  69  2.4558429e+00 1.14e+00 1.28e+05  -1.0 1.98e+01   3.7 1.98e-04 1.03e-04h  1
CasADi - 2026-10-04 13:16:02 MESSAGE("nlp_g::eval") [.../casadi/core/sx_function.cpp:77]
CasADi - 2026-10-04 13:16:02 MESSAGE("nlp_f::eval") [.../casadi/core/sx_function.cpp:77]
CasADi - 2026-10-04 13:16:02 MESSAGE("nlp_grad_f::eval") [.../casadi/core/sx_function.cpp:77]
CasADi - 2026-10-04 13:16:02 MESSAGE("nlp_jac_g::eval") [.../casadi/core/sx_function.cpp:77]
CasADi - 2026-10-04 13:16:02 MESSAGE("nlp_hess_l::eval") [.../casadi/core/sx_function.cpp:77]
iter    objective    inf_pr   inf_du lg(mu)  ||d||  lg(rg) alpha_du alpha_pr  ls
  70  2.4553289e+00 1.14e+00 5.15e+05  -1.0 1.34e+01   4.2 1.74e-03 1.80e-04h  1
CasADi - 2026-10-04 13:16:02 MESSAGE("nlp_g::eval") [.../casadi/core/sx_function.cpp:77]
CasADi - 2026-10-04 13:16:02 MESSAGE("nlp_f::eval") [.../casadi/core/sx_function.cpp:77]
CasADi - 2026-10-04 13:16:02 MESSAGE("nlp_g::eval") [.../casadi/core/sx_function.cpp:77]
CasADi - 2026-10-04 13:16:02 MESSAGE("nlp_f::eval") [.../casadi/core/sx_function.cpp:77]
CasADi - 2026-10-04 13:16:02 MESSAGE("nlp_g::eval") [.../casadi/core/sx_function.cpp:77]
CasADi - 2026-10-04 13:16:02 MESSAGE("nlp_f::eval") [.../casadi/core/sx_function.cpp:77]
CasADi - 2026-10-04 13:16:02 MESSAGE("nlp_g::eval") [.../casadi/core/sx_function.cpp:77]
CasADi - 2026-10-04 13:16:02 MESSAGE("nlp_f::eval") [.../casadi/core/sx_function.cpp:77]
CasADi - 2026-10-04 13:16:02 MESSAGE("nlp_g::eval") [.../casadi/core/sx_function.cpp:77]
CasADi - 2026-10-04 13:16:02 MESSAGE("nlp_f::eval") [.../casadi/core/sx_function.cpp:77]
CasADi - 2026-10-04 13:16:02 MESSAGE("nlp_f::eval") [.../casadi/core/sx_function.cpp:77]
CasADi - 2026-10-04 13:16:02 MESSAGE("nlp_g::eval") [.../casadi/core/sx_function.cpp:77]
CasADi - 2026-10-04 13:16:02 MESSAGE("nlp_grad_f::eval") [.../casadi/core/sx_function.cpp:77]
CasADi - 2026-10-04 13:16:02 MESSAGE("nlp_jac_g::eval") [.../casadi/core/sx_function.cpp:77]
CasADi - 2026-10-04 13:16:02 MESSAGE("nlp_g::eval") [.../casadi/core/sx_function.cpp:77]
CasADi - 2026-10-04 13:16:02 MESSAGE("nlp_jac_g::eval") [.../casadi/core/sx_function.cpp:77]
CasADi - 2026-10-04 13:16:02 MESSAGE("nlp_f::eval") [.../casadi/core/sx_function.cpp:77]
  71r 2.4553289e+00 1.14e+00 9.99e+02   0.1 0.00e+00   3.7 0.00e+00 4.37e-07R  5
CasADi - 2026-10-04 13:16:02 MESSAGE("nlp_g::eval") [.../casadi/core/sx_function.cpp:77]
CasADi - 2026-10-04 13:16:02 MESSAGE("nlp_f::eval") [.../casadi/core/sx_function.cpp:77]
CasADi - 2026-10-04 13:16:02 MESSAGE("nlp_jac_g::eval") [.../casadi/core/sx_function.cpp:77]
  72r 3.1783602e+00 8.39e-01 1.04e+03   0.1 6.77e+02    -  1.89e-04 6.05e-04f  1
CasADi - 2026-10-04 13:16:02 MESSAGE("nlp_grad_f::eval") [.../casadi/core/sx_function.cpp:77]
CasADi - 2026-10-04 13:16:02 MESSAGE("nlp_hess_l::eval") [.../casadi/core/sx_function.cpp:77]
CasADi - 2026-10-04 13:16:02 MESSAGE("nlp_g::eval") [.../casadi/core/sx_function.cpp:77]
CasADi - 2026-10-04 13:16:02 MESSAGE("nlp_f::eval") [.../casadi/core/sx_function.cpp:77]
CasADi - 2026-10-04 13:16:02 MESSAGE("nlp_grad_f::eval") [.../casadi/core/sx_function.cpp:77]
CasADi - 2026-10-04 13:16:02 MESSAGE("nlp_jac_g::eval") [.../casadi/core/sx_function.cpp:77]
CasADi - 2026-10-04 13:16:02 MESSAGE("nlp_hess_l::eval") [.../casadi/core/sx_function.cpp:77]
  73  3.1740190e+00 8.39e-01 2.27e+01  -1.0 3.64e+01    -  5.29e-04 5.97e-04f  1
CasADi - 2026-10-04 13:16:02 MESSAGE("nlp_g::eval") [.../casadi/core/sx_function.cpp:77]
CasADi - 2026-10-04 13:16:02 MESSAGE("nlp_f::eval") [.../casadi/core/sx_function.cpp:77]
CasADi - 2026-10-04 13:16:02 MESSAGE("nlp_grad_f::eval") [.../casadi/core/sx_function.cpp:77]
CasADi - 2026-10-04 13:16:02 MESSAGE("nlp_jac_g::eval") [.../casadi/core/sx_function.cpp:77]
CasADi - 2026-10-04 13:16:02 MESSAGE("nlp_hess_l::eval") [.../casadi/core/sx_function.cpp:77]
  74  3.1748170e+00 8.38e-01 2.65e+01  -1.0 2.81e+00   3.2 1.99e-04 7.18e-05h  1
CasADi - 2026-10-04 13:16:02 MESSAGE("nlp_g::eval") [.../casadi/core/sx_function.cpp:77]
CasADi - 2026-10-04 13:16:02 MESSAGE("nlp_f::eval") [.../casadi/core/sx_function.cpp:77]
CasADi - 2026-10-04 13:16:02 MESSAGE("nlp_grad_f::eval") [.../casadi/core/sx_function.cpp:77]
CasADi - 2026-10-04 13:16:02 MESSAGE("nlp_jac_g::eval") [.../casadi/core/sx_function.cpp:77]
CasADi - 2026-10-04 13:16:02 MESSAGE("nlp_hess_l::eval") [.../casadi/core/sx_function.cpp:77]
  75  3.1757816e+00 8.38e-01 3.88e+02  -1.0 3.22e+00   2.7 8.74e-04 8.81e-05h  1
CasADi - 2026-10-04 13:16:02 MESSAGE("nlp_g::eval") [.../casadi/core/sx_function.cpp:77]
CasADi - 2026-10-04 13:16:02 MESSAGE("nlp_f::eval") [.../casadi/core/sx_function.cpp:77]
CasADi - 2026-10-04 13:16:02 MESSAGE("nlp_grad_f::eval") [.../casadi/core/sx_function.cpp:77]
CasADi - 2026-10-04 13:16:02 MESSAGE("nlp_jac_g::eval") [.../casadi/core/sx_function.cpp:77]
CasADi - 2026-10-04 13:16:02 MESSAGE("nlp_hess_l::eval") [.../casadi/core/sx_function.cpp:77]
  76  3.1761102e+00 8.38e-01 6.62e+02  -1.0 4.37e+00   2.3 7.66e-04 2.83e-05h  1
CasADi - 2026-10-04 13:16:02 MESSAGE("nlp_g::eval") [.../casadi/core/sx_function.cpp:77]
CasADi - 2026-10-04 13:16:02 MESSAGE("nlp_f::eval") [.../casadi/core/sx_function.cpp:77]
CasADi - 2026-10-04 13:16:02 MESSAGE("nlp_grad_f::eval") [.../casadi/core/sx_function.cpp:77]
CasADi - 2026-10-04 13:16:02 MESSAGE("nlp_jac_g::eval") [.../casadi/core/sx_function.cpp:77]
CasADi - 2026-10-04 13:16:02 MESSAGE("nlp_hess_l::eval") [.../casadi/core/sx_function.cpp:77]
  77  3.1881663e+00 8.38e-01 5.92e+02  -1.0 5.88e+00   1.8 6.26e-04 8.59e-04h  1
CasADi - 2026-10-04 13:16:02 MESSAGE("nlp_g::eval") [.../casadi/core/sx_function.cpp:77]
CasADi - 2026-10-04 13:16:02 MESSAGE("nlp_f::eval") [.../casadi/core/sx_function.cpp:77]
CasADi - 2026-10-04 13:16:02 MESSAGE("nlp_grad_f::eval") [.../casadi/core/sx_function.cpp:77]
CasADi - 2026-10-04 13:16:02 MESSAGE("nlp_jac_g::eval") [.../casadi/core/sx_function.cpp:77]
CasADi - 2026-10-04 13:16:02 MESSAGE("nlp_hess_l::eval") [.../casadi/core/sx_function.cpp:77]
  78  3.1971765e+00 8.36e-01 7.41e+02  -1.0 8.04e+00   1.3 2.38e-03 1.42e-03h  1
CasADi - 2026-10-04 13:16:02 MESSAGE("nlp_g::eval") [.../casadi/core/sx_function.cpp:77]
CasADi - 2026-10-04 13:16:02 MESSAGE("nlp_f::eval") [.../casadi/core/sx_function.cpp:77]
CasADi - 2026-10-04 13:16:02 MESSAGE("nlp_grad_f::eval") [.../casadi/core/sx_function.cpp:77]
CasADi - 2026-10-04 13:16:02 MESSAGE("nlp_jac_g::eval") [.../casadi/core/sx_function.cpp:77]
CasADi - 2026-10-04 13:16:02 MESSAGE("nlp_hess_l::eval") [.../casadi/core/sx_function.cpp:77]
  79  3.1996563e+00 8.36e-01 8.22e+02  -1.0 8.02e+00   2.6 3.13e-04 2.82e-04h  1
CasADi - 2026-10-04 13:16:02 MESSAGE("nlp_g::eval") [.../casadi/core/sx_function.cpp:77]
CasADi - 2026-10-04 13:16:02 MESSAGE("nlp_f::eval") [.../casadi/core/sx_function.cpp:77]
CasADi - 2026-10-04 13:16:02 MESSAGE("nlp_grad_f::eval") [.../casadi/core/sx_function.cpp:77]
CasADi - 2026-10-04 13:16:02 MESSAGE("nlp_jac_g::eval") [.../casadi/core/sx_function.cpp:77]
CasADi - 2026-10-04 13:16:02 MESSAGE("nlp_hess_l::eval") [.../casadi/core/sx_function.cpp:77]
iter    objective    inf_pr   inf_du lg(mu)  ||d||  lg(rg) alpha_du alpha_pr  ls
  80  3.2013736e+00 8.36e-01 2.09e+04  -1.0 1.08e+01   3.1 3.00e-03 2.29e-04h  1
CasADi - 2026-10-04 13:16:02 MESSAGE("nlp_g::eval") [.../casadi/core/sx_function.cpp:77]
CasADi - 2026-10-04 13:16:02 MESSAGE("nlp_f::eval") [.../casadi/core/sx_function.cpp:77]
CasADi - 2026-10-04 13:16:02 MESSAGE("nlp_grad_f::eval") [.../casadi/core/sx_function.cpp:77]
CasADi - 2026-10-04 13:16:02 MESSAGE("nlp_jac_g::eval") [.../casadi/core/sx_function.cpp:77]
CasADi - 2026-10-04 13:16:02 MESSAGE("nlp_hess_l::eval") [.../casadi/core/sx_function.cpp:77]
  81  3.2032827e+00 8.36e-01 5.20e+04  -1.0 8.68e+00   3.5 1.80e-03 3.15e-04h  1
CasADi - 2026-10-04 13:16:02 MESSAGE("nlp_g::eval") [.../casadi/core/sx_function.cpp:77]
CasADi - 2026-10-04 13:16:02 MESSAGE("nlp_f::eval") [.../casadi/core/sx_function.cpp:77]
CasADi - 2026-10-04 13:16:02 MESSAGE("nlp_grad_f::eval") [.../casadi/core/sx_function.cpp:77]
CasADi - 2026-10-04 13:16:02 MESSAGE("nlp_jac_g::eval") [.../casadi/core/sx_function.cpp:77]
CasADi - 2026-10-04 13:16:02 MESSAGE("nlp_hess_l::eval") [.../casadi/core/sx_function.cpp:77]
  82  3.2053499e+00 8.35e-01 1.40e+05  -1.0 8.10e+00   3.9 1.93e-03 3.66e-04h  1
CasADi - 2026-10-04 13:16:02 MESSAGE("nlp_g::eval") [.../casadi/core/sx_function.cpp:77]
CasADi - 2026-10-04 13:16:02 MESSAGE("nlp_f::eval") [.../casadi/core/sx_function.cpp:77]
CasADi - 2026-10-04 13:16:02 MESSAGE("nlp_grad_f::eval") [.../casadi/core/sx_function.cpp:77]
CasADi - 2026-10-04 13:16:02 MESSAGE("nlp_jac_g::eval") [.../casadi/core/sx_function.cpp:77]
CasADi - 2026-10-04 13:16:02 MESSAGE("nlp_hess_l::eval") [.../casadi/core/sx_function.cpp:77]
  83  3.2062937e+00 8.35e-01 1.98e+05  -1.0 8.11e+00   4.3 5.67e-04 1.94e-04h  1
CasADi - 2026-10-04 13:16:02 MESSAGE("nlp_g::eval") [.../casadi/core/sx_function.cpp:77]
CasADi - 2026-10-04 13:16:02 MESSAGE("nlp_f::eval") [.../casadi/core/sx_function.cpp:77]
CasADi - 2026-10-04 13:16:02 MESSAGE("nlp_grad_f::eval") [.../casadi/core/sx_function.cpp:77]
CasADi - 2026-10-04 13:16:02 MESSAGE("nlp_jac_g::eval") [.../casadi/core/sx_function.cpp:77]
CasADi - 2026-10-04 13:16:02 MESSAGE("nlp_hess_l::eval") [.../casadi/core/sx_function.cpp:77]
  84  3.2066663e+00 8.35e-01 2.38e+05  -1.0 2.36e+01   4.8 2.29e-04 1.28e-04h  1
CasADi - 2026-10-04 13:16:02 MESSAGE("nlp_g::eval") [.../casadi/core/sx_function.cpp:77]
CasADi - 2026-10-04 13:16:02 MESSAGE("nlp_f::eval") [.../casadi/core/sx_function.cpp:77]
CasADi - 2026-10-04 13:16:02 MESSAGE("nlp_grad_f::eval") [.../casadi/core/sx_function.cpp:77]
CasADi - 2026-10-04 13:16:02 MESSAGE("nlp_jac_g::eval") [.../casadi/core/sx_function.cpp:77]
CasADi - 2026-10-04 13:16:02 MESSAGE("nlp_hess_l::eval") [.../casadi/core/sx_function.cpp:77]
  85  3.2077659e+00 8.35e-01 2.09e+05  -1.0 8.14e+00   4.3 1.35e-05 2.23e-04h  1
CasADi - 2026-10-04 13:16:02 MESSAGE("nlp_g::eval") [.../casadi/core/sx_function.cpp:77]
CasADi - 2026-10-04 13:16:02 MESSAGE("nlp_f::eval") [.../casadi/core/sx_function.cpp:77]
CasADi - 2026-10-04 13:16:02 MESSAGE("nlp_grad_f::eval") [.../casadi/core/sx_function.cpp:77]
CasADi - 2026-10-04 13:16:02 MESSAGE("nlp_jac_g::eval") [.../casadi/core/sx_function.cpp:77]
CasADi - 2026-10-04 13:16:02 MESSAGE("nlp_hess_l::eval") [.../casadi/core/sx_function.cpp:77]
  86  3.2109957e+00 8.34e-01 2.09e+05  -1.0 8.15e+00   3.8 6.98e-04 6.79e-04h  1
CasADi - 2026-10-04 13:16:02 MESSAGE("nlp_g::eval") [.../casadi/core/sx_function.cpp:77]
CasADi - 2026-10-04 13:16:02 MESSAGE("nlp_f::eval") [.../casadi/core/sx_function.cpp:77]
CasADi - 2026-10-04 13:16:02 MESSAGE("nlp_grad_f::eval") [.../casadi/core/sx_function.cpp:77]
CasADi - 2026-10-04 13:16:02 MESSAGE("nlp_jac_g::eval") [.../casadi/core/sx_function.cpp:77]
CasADi - 2026-10-04 13:16:02 MESSAGE("nlp_hess_l::eval") [.../casadi/core/sx_function.cpp:77]
  87  3.2119397e+00 8.34e-01 3.26e+05  -1.0 8.11e+00   4.2 1.16e-03 2.03e-04h  1
CasADi - 2026-10-04 13:16:02 MESSAGE("nlp_g::eval") [.../casadi/core/sx_function.cpp:77]
CasADi - 2026-10-04 13:16:02 MESSAGE("nlp_f::eval") [.../casadi/core/sx_function.cpp:77]
CasADi - 2026-10-04 13:16:02 MESSAGE("nlp_grad_f::eval") [.../casadi/core/sx_function.cpp:77]
CasADi - 2026-10-04 13:16:02 MESSAGE("nlp_jac_g::eval") [.../casadi/core/sx_function.cpp:77]
CasADi - 2026-10-04 13:16:02 MESSAGE("nlp_hess_l::eval") [.../casadi/core/sx_function.cpp:77]
  88  3.2146705e+00 8.34e-01 2.32e+06  -1.0 8.11e+00   4.7 6.68e-03 5.85e-04h  1
CasADi - 2026-10-04 13:16:02 MESSAGE("nlp_g::eval") [.../casadi/core/sx_function.cpp:77]
CasADi - 2026-10-04 13:16:02 MESSAGE("nlp_f::eval") [.../casadi/core/sx_function.cpp:77]
CasADi - 2026-10-04 13:16:02 MESSAGE("nlp_grad_f::eval") [.../casadi/core/sx_function.cpp:77]
CasADi - 2026-10-04 13:16:02 MESSAGE("nlp_jac_g::eval") [.../casadi/core/sx_function.cpp:77]
CasADi - 2026-10-04 13:16:02 MESSAGE("nlp_hess_l::eval") [.../casadi/core/sx_function.cpp:77]
  89  3.2149079e+00 8.34e-01 3.67e+06  -1.0 8.07e+00   5.1 1.61e-03 5.26e-05h  1
CasADi - 2026-10-04 13:16:02 MESSAGE("nlp_g::eval") [.../casadi/core/sx_function.cpp:77]
CasADi - 2026-10-04 13:16:02 MESSAGE("nlp_f::eval") [.../casadi/core/sx_function.cpp:77]
CasADi - 2026-10-04 13:16:02 MESSAGE("nlp_grad_f::eval") [.../casadi/core/sx_function.cpp:77]
CasADi - 2026-10-04 13:16:02 MESSAGE("nlp_jac_g::eval") [.../casadi/core/sx_function.cpp:77]
CasADi - 2026-10-04 13:16:02 MESSAGE("nlp_hess_l::eval") [.../casadi/core/sx_function.cpp:77]
iter    objective    inf_pr   inf_du lg(mu)  ||d||  lg(rg) alpha_du alpha_pr  ls
  90  3.2178592e+00 8.33e-01 4.28e+06  -1.0 8.11e+00   4.6 2.80e-03 6.54e-04h  1
CasADi - 2026-10-04 13:16:02 MESSAGE("nlp_g::eval") [.../casadi/core/sx_function.cpp:77]
CasADi - 2026-10-04 13:16:02 MESSAGE("nlp_f::eval") [.../casadi/core/sx_function.cpp:77]
CasADi - 2026-10-04 13:16:02 MESSAGE("nlp_grad_f::eval") [.../casadi/core/sx_function.cpp:77]
CasADi - 2026-10-04 13:16:02 MESSAGE("nlp_jac_g::eval") [.../casadi/core/sx_function.cpp:77]
CasADi - 2026-10-04 13:16:02 MESSAGE("nlp_hess_l::eval") [.../casadi/core/sx_function.cpp:77]
  91  3.2202554e+00 8.33e-01 4.90e+06  -1.0 8.17e+00   4.1 7.39e-03 5.92e-04h  1
CasADi - 2026-10-04 13:16:02 MESSAGE("nlp_g::eval") [.../casadi/core/sx_function.cpp:77]
CasADi - 2026-10-04 13:16:02 MESSAGE("nlp_f::eval") [.../casadi/core/sx_function.cpp:77]
CasADi - 2026-10-04 13:16:02 MESSAGE("nlp_grad_f::eval") [.../casadi/core/sx_function.cpp:77]
CasADi - 2026-10-04 13:16:02 MESSAGE("nlp_jac_g::eval") [.../casadi/core/sx_function.cpp:77]
CasADi - 2026-10-04 13:16:02 MESSAGE("nlp_hess_l::eval") [.../casadi/core/sx_function.cpp:77]
  92  3.2238788e+00 8.32e-01 4.87e+06  -1.0 8.09e+00   4.6 9.28e-04 1.02e-03h  1
CasADi - 2026-10-04 13:16:02 MESSAGE("nlp_g::eval") [.../casadi/core/sx_function.cpp:77]
CasADi - 2026-10-04 13:16:02 MESSAGE("nlp_f::eval") [.../casadi/core/sx_function.cpp:77]
CasADi - 2026-10-04 13:16:02 MESSAGE("nlp_grad_f::eval") [.../casadi/core/sx_function.cpp:77]
CasADi - 2026-10-04 13:16:02 MESSAGE("nlp_jac_g::eval") [.../casadi/core/sx_function.cpp:77]
CasADi - 2026-10-04 13:16:02 MESSAGE("nlp_hess_l::eval") [.../casadi/core/sx_function.cpp:77]
  93  3.2304068e+00 8.30e-01 4.73e+06  -1.0 8.19e+00   4.1 1.57e-04 1.87e-03f  1
CasADi - 2026-10-04 13:16:02 MESSAGE("nlp_g::eval") [.../casadi/core/sx_function.cpp:77]
CasADi - 2026-10-04 13:16:02 MESSAGE("nlp_f::eval") [.../casadi/core/sx_function.cpp:77]
CasADi - 2026-10-04 13:16:02 MESSAGE("nlp_grad_f::eval") [.../casadi/core/sx_function.cpp:77]
CasADi - 2026-10-04 13:16:02 MESSAGE("nlp_jac_g::eval") [.../casadi/core/sx_function.cpp:77]
CasADi - 2026-10-04 13:16:02 MESSAGE("nlp_hess_l::eval") [.../casadi/core/sx_function.cpp:77]
  94  3.2322889e+00 8.30e-01 4.97e+06  -1.0 7.95e+00   4.5 1.66e-03 5.37e-04h  1
CasADi - 2026-10-04 13:16:02 MESSAGE("nlp_g::eval") [.../casadi/core/sx_function.cpp:77]
CasADi - 2026-10-04 13:16:02 MESSAGE("nlp_f::eval") [.../casadi/core/sx_function.cpp:77]
CasADi - 2026-10-04 13:16:02 MESSAGE("nlp_grad_f::eval") [.../casadi/core/sx_function.cpp:77]
CasADi - 2026-10-04 13:16:02 MESSAGE("nlp_jac_g::eval") [.../casadi/core/sx_function.cpp:77]
CasADi - 2026-10-04 13:16:02 MESSAGE("nlp_hess_l::eval") [.../casadi/core/sx_function.cpp:77]
  95  3.2324348e+00 8.30e-01 5.28e+06  -1.0 7.86e+00   5.8 1.01e-04 3.53e-05h  1
CasADi - 2026-10-04 13:16:02 MESSAGE("nlp_g::eval") [.../casadi/core/sx_function.cpp:77]
CasADi - 2026-10-04 13:16:02 MESSAGE("nlp_f::eval") [.../casadi/core/sx_function.cpp:77]
CasADi - 2026-10-04 13:16:02 MESSAGE("nlp_grad_f::eval") [.../casadi/core/sx_function.cpp:77]
CasADi - 2026-10-04 13:16:02 MESSAGE("nlp_jac_g::eval") [.../casadi/core/sx_function.cpp:77]
CasADi - 2026-10-04 13:16:02 MESSAGE("nlp_hess_l::eval") [.../casadi/core/sx_function.cpp:77]
  96  3.2325584e+00 8.30e-01 5.43e+06  -1.0 7.87e+00   5.4 1.25e-04 3.01e-05h  1
CasADi - 2026-10-04 13:16:02 MESSAGE("nlp_g::eval") [.../casadi/core/sx_function.cpp:77]
CasADi - 2026-10-04 13:16:02 MESSAGE("nlp_f::eval") [.../casadi/core/sx_function.cpp:77]
CasADi - 2026-10-04 13:16:02 MESSAGE("nlp_grad_f::eval") [.../casadi/core/sx_function.cpp:77]
CasADi - 2026-10-04 13:16:02 MESSAGE("nlp_jac_g::eval") [.../casadi/core/sx_function.cpp:77]
CasADi - 2026-10-04 13:16:02 MESSAGE("nlp_hess_l::eval") [.../casadi/core/sx_function.cpp:77]
  97  3.2364574e+00 8.29e-01 5.07e+06  -1.0 7.91e+00   4.9 2.92e-04 9.78e-04h  1
CasADi - 2026-10-04 13:16:02 MESSAGE("nlp_g::eval") [.../casadi/core/sx_function.cpp:77]
CasADi - 2026-10-04 13:16:02 MESSAGE("nlp_f::eval") [.../casadi/core/sx_function.cpp:77]
CasADi - 2026-10-04 13:16:02 MESSAGE("nlp_grad_f::eval") [.../casadi/core/sx_function.cpp:77]
CasADi - 2026-10-04 13:16:02 MESSAGE("nlp_jac_g::eval") [.../casadi/core/sx_function.cpp:77]
CasADi - 2026-10-04 13:16:02 MESSAGE("nlp_hess_l::eval") [.../casadi/core/sx_function.cpp:77]
  98  3.2408447e+00 8.28e-01 5.13e+06  -1.0 8.04e+00   4.4 1.55e-03 1.15e-03f  1
CasADi - 2026-10-04 13:16:02 MESSAGE("nlp_g::eval") [.../casadi/core/sx_function.cpp:77]
CasADi - 2026-10-04 13:16:02 MESSAGE("nlp_f::eval") [.../casadi/core/sx_function.cpp:77]
CasADi - 2026-10-04 13:16:02 MESSAGE("nlp_grad_f::eval") [.../casadi/core/sx_function.cpp:77]
CasADi - 2026-10-04 13:16:02 MESSAGE("nlp_jac_g::eval") [.../casadi/core/sx_function.cpp:77]
CasADi - 2026-10-04 13:16:02 MESSAGE("nlp_hess_l::eval") [.../casadi/core/sx_function.cpp:77]
  99  3.2409617e+00 8.28e-01 5.68e+06  -1.0 7.82e+00   4.8 1.24e-03 3.04e-05h  1
CasADi - 2026-10-04 13:16:03 MESSAGE("nlp_g::eval") [.../casadi/core/sx_function.cpp:77]
CasADi - 2026-10-04 13:16:03 MESSAGE("nlp_f::eval") [.../casadi/core/sx_function.cpp:77]
CasADi - 2026-10-04 13:16:03 MESSAGE("nlp_grad_f::eval") [.../casadi/core/sx_function.cpp:77]
CasADi - 2026-10-04 13:16:03 MESSAGE("nlp_jac_g::eval") [.../casadi/core/sx_function.cpp:77]
CasADi - 2026-10-04 13:16:03 MESSAGE("nlp_hess_l::eval") [.../casadi/core/sx_function.cpp:77]
iter    objective    inf_pr   inf_du lg(mu)  ||d||  lg(rg) alpha_du alpha_pr  ls
 100  3.2444821e+00 8.27e-01 4.71e+06  -1.0 7.76e+00   5.3 1.14e-04 8.91e-04h  1
CasADi - 2026-10-04 13:16:03 MESSAGE("nlp_g::eval") [.../casadi/core/sx_function.cpp:77]
CasADi - 2026-10-04 13:16:03 MESSAGE("nlp_f::eval") [.../casadi/core/sx_function.cpp:77]
CasADi - 2026-10-04 13:16:03 MESSAGE("nlp_g::eval") [.../casadi/core/sx_function.cpp:77]
CasADi - 2026-10-04 13:16:03 MESSAGE("nlp_f::eval") [.../casadi/core/sx_function.cpp:77]
CasADi - 2026-10-04 13:16:03 MESSAGE("nlp_g::eval") [.../casadi/core/sx_function.cpp:77]
CasADi - 2026-10-04 13:16:03 MESSAGE("nlp_f::eval") [.../casadi/core/sx_function.cpp:77]
CasADi - 2026-10-04 13:16:03 MESSAGE("nlp_grad_f::eval") [.../casadi/core/sx_function.cpp:77]
CasADi - 2026-10-04 13:16:03 MESSAGE("nlp_jac_g::eval") [.../casadi/core/sx_function.cpp:77]
CasADi - 2026-10-04 13:16:03 MESSAGE("nlp_hess_l::eval") [.../casadi/core/sx_function.cpp:77]
 101  3.2450268e+00 8.27e-01 4.40e+06  -1.0 2.08e+01   5.7 2.97e-05 1.24e-04f  2
CasADi - 2026-10-04 13:16:03 MESSAGE("nlp_g::eval") [.../casadi/core/sx_function.cpp:77]
CasADi - 2026-10-04 13:16:03 MESSAGE("nlp_f::eval") [.../casadi/core/sx_function.cpp:77]
CasADi - 2026-10-04 13:16:03 MESSAGE("nlp_g::eval") [.../casadi/core/sx_function.cpp:77]
CasADi - 2026-10-04 13:16:03 MESSAGE("nlp_f::eval") [.../casadi/core/sx_function.cpp:77]
CasADi - 2026-10-04 13:16:03 MESSAGE("nlp_g::eval") [.../casadi/core/sx_function.cpp:77]
CasADi - 2026-10-04 13:16:03 MESSAGE("nlp_f::eval") [.../casadi/core/sx_function.cpp:77]
CasADi - 2026-10-04 13:16:03 MESSAGE("nlp_g::eval") [.../casadi/core/sx_function.cpp:77]
CasADi - 2026-10-04 13:16:03 MESSAGE("nlp_f::eval") [.../casadi/core/sx_function.cpp:77]
CasADi - 2026-10-04 13:16:03 MESSAGE("nlp_f::eval") [.../casadi/core/sx_function.cpp:77]
CasADi - 2026-10-04 13:16:03 MESSAGE("nlp_g::eval") [.../casadi/core/sx_function.cpp:77]
CasADi - 2026-10-04 13:16:03 MESSAGE("nlp_grad_f::eval") [.../casadi/core/sx_function.cpp:77]
CasADi - 2026-10-04 13:16:03 MESSAGE("nlp_jac_g::eval") [.../casadi/core/sx_function.cpp:77]
CasADi - 2026-10-04 13:16:03 MESSAGE("nlp_g::eval") [.../casadi/core/sx_function.cpp:77]
CasADi - 2026-10-04 13:16:03 MESSAGE("nlp_jac_g::eval") [.../casadi/core/sx_function.cpp:77]
CasADi - 2026-10-04 13:16:03 MESSAGE("nlp_f::eval") [.../casadi/core/sx_function.cpp:77]
 102r 3.2450268e+00 8.27e-01 9.99e+02  -0.1 0.00e+00   5.2 0.00e+00 4.72e-07R  5
CasADi - 2026-10-04 13:16:03 MESSAGE("nlp_g::eval") [.../casadi/core/sx_function.cpp:77]
CasADi - 2026-10-04 13:16:03 MESSAGE("nlp_f::eval") [.../casadi/core/sx_function.cpp:77]
CasADi - 2026-10-04 13:16:03 MESSAGE("nlp_jac_g::eval") [.../casadi/core/sx_function.cpp:77]
 103r 3.6829013e+00 7.21e-01 1.00e+03  -0.1 3.95e+02    -  3.39e-04 3.78e-04f  1
CasADi - 2026-10-04 13:16:03 MESSAGE("nlp_grad_f::eval") [.../casadi/core/sx_function.cpp:77]
CasADi - 2026-10-04 13:16:03 MESSAGE("nlp_hess_l::eval") [.../casadi/core/sx_function.cpp:77]
CasADi - 2026-10-04 13:16:03 MESSAGE("nlp_g::eval") [.../casadi/core/sx_function.cpp:77]
CasADi - 2026-10-04 13:16:03 MESSAGE("nlp_f::eval") [.../casadi/core/sx_function.cpp:77]
CasADi - 2026-10-04 13:16:03 MESSAGE("nlp_grad_f::eval") [.../casadi/core/sx_function.cpp:77]
CasADi - 2026-10-04 13:16:03 MESSAGE("nlp_jac_g::eval") [.../casadi/core/sx_function.cpp:77]
CasADi - 2026-10-04 13:16:03 MESSAGE("nlp_hess_l::eval") [.../casadi/core/sx_function.cpp:77]
 104  3.6605537e+00 7.20e-01 3.50e+02  -1.0 5.74e+01    -  5.74e-05 1.25e-03f  1
CasADi - 2026-10-04 13:16:03 MESSAGE("nlp_g::eval") [.../casadi/core/sx_function.cpp:77]
CasADi - 2026-10-04 13:16:03 MESSAGE("nlp_f::eval") [.../casadi/core/sx_function.cpp:77]
CasADi - 2026-10-04 13:16:03 MESSAGE("nlp_grad_f::eval") [.../casadi/core/sx_function.cpp:77]
CasADi - 2026-10-04 13:16:03 MESSAGE("nlp_jac_g::eval") [.../casadi/core/sx_function.cpp:77]
CasADi - 2026-10-04 13:16:03 MESSAGE("nlp_hess_l::eval") [.../casadi/core/sx_function.cpp:77]
 105  3.6621330e+00 7.20e-01 3.50e+02  -1.0 1.88e+00   4.7 2.13e-04 1.40e-04h  1
CasADi - 2026-10-04 13:16:03 MESSAGE("nlp_g::eval") [.../casadi/core/sx_function.cpp:77]
CasADi - 2026-10-04 13:16:03 MESSAGE("nlp_f::eval") [.../casadi/core/sx_function.cpp:77]
CasADi - 2026-10-04 13:16:03 MESSAGE("nlp_g::eval") [.../casadi/core/sx_function.cpp:77]
CasADi - 2026-10-04 13:16:03 MESSAGE("nlp_f::eval") [.../casadi/core/sx_function.cpp:77]
CasADi - 2026-10-04 13:16:03 MESSAGE("nlp_g::eval") [.../casadi/core/sx_function.cpp:77]
CasADi - 2026-10-04 13:16:03 MESSAGE("nlp_f::eval") [.../casadi/core/sx_function.cpp:77]
CasADi - 2026-10-04 13:16:03 MESSAGE("nlp_f::eval") [.../casadi/core/sx_function.cpp:77]
CasADi - 2026-10-04 13:16:03 MESSAGE("nlp_g::eval") [.../casadi/core/sx_function.cpp:77]
CasADi - 2026-10-04 13:16:03 MESSAGE("nlp_grad_f::eval") [.../casadi/core/sx_function.cpp:77]
CasADi - 2026-10-04 13:16:03 MESSAGE("nlp_jac_g::eval") [.../casadi/core/sx_function.cpp:77]
CasADi - 2026-10-04 13:16:03 MESSAGE("nlp_g::eval") [.../casadi/core/sx_function.cpp:77]
CasADi - 2026-10-04 13:16:03 MESSAGE("nlp_jac_g::eval") [.../casadi/core/sx_function.cpp:77]
CasADi - 2026-10-04 13:16:03 MESSAGE("nlp_f::eval") [.../casadi/core/sx_function.cpp:77]
 106r 3.6621330e+00 7.20e-01 9.99e+02  -0.1 0.00e+00   4.3 0.00e+00 2.70e-07R  4
CasADi - 2026-10-04 13:16:03 MESSAGE("nlp_g::eval") [.../casadi/core/sx_function.cpp:77]
CasADi - 2026-10-04 13:16:03 MESSAGE("nlp_f::eval") [.../casadi/core/sx_function.cpp:77]
CasADi - 2026-10-04 13:16:03 MESSAGE("nlp_jac_g::eval") [.../casadi/core/sx_function.cpp:77]
CasADi - 2026-10-04 13:16:03 MESSAGE("nlp_hess_l::eval") [.../casadi/core/sx_function.cpp:77]
 107r 3.8210777e+00 6.76e-01 9.99e+02  -0.1 3.42e+02    -  8.19e-05 1.32e-04f  1
CasADi - 2026-10-04 13:16:03 MESSAGE("nlp_g::eval") [.../casadi/core/sx_function.cpp:77]
CasADi - 2026-10-04 13:16:03 MESSAGE("nlp_f::eval") [.../casadi/core/sx_function.cpp:77]
CasADi - 2026-10-04 13:16:03 MESSAGE("nlp_jac_g::eval") [.../casadi/core/sx_function.cpp:77]
 108r 3.8968581e+00 6.32e-01 1.00e+03  -0.1 1.17e+01   2.0 6.11e-04 3.95e-03f  1
CasADi - 2026-10-04 13:16:03 MESSAGE("nlp_grad_f::eval") [.../casadi/core/sx_function.cpp:77]
CasADi - 2026-10-04 13:16:03 MESSAGE("nlp_hess_l::eval") [.../casadi/core/sx_function.cpp:77]
CasADi - 2026-10-04 13:16:03 MESSAGE("nlp_g::eval") [.../casadi/core/sx_function.cpp:77]
CasADi - 2026-10-04 13:16:03 MESSAGE("nlp_f::eval") [.../casadi/core/sx_function.cpp:77]
CasADi - 2026-10-04 13:16:03 MESSAGE("nlp_grad_f::eval") [.../casadi/core/sx_function.cpp:77]
CasADi - 2026-10-04 13:16:03 MESSAGE("nlp_jac_g::eval") [.../casadi/core/sx_function.cpp:77]
CasADi - 2026-10-04 13:16:03 MESSAGE("nlp_hess_l::eval") [.../casadi/core/sx_function.cpp:77]
 109  3.9371613e+00 6.26e-01 9.80e+01  -1.0 9.56e+00    -  1.04e-02 9.13e-03f  1
CasADi - 2026-10-04 13:16:03 MESSAGE("nlp_g::eval") [.../casadi/core/sx_function.cpp:77]
CasADi - 2026-10-04 13:16:03 MESSAGE("nlp_f::eval") [.../casadi/core/sx_function.cpp:77]
CasADi - 2026-10-04 13:16:03 MESSAGE("nlp_grad_f::eval") [.../casadi/core/sx_function.cpp:77]
CasADi - 2026-10-04 13:16:03 MESSAGE("nlp_jac_g::eval") [.../casadi/core/sx_function.cpp:77]
CasADi - 2026-10-04 13:16:03 MESSAGE("nlp_hess_l::eval") [.../casadi/core/sx_function.cpp:77]
iter    objective    inf_pr   inf_du lg(mu)  ||d||  lg(rg) alpha_du alpha_pr  ls
 110  4.0395114e+00 6.19e-01 1.89e+02  -1.0 1.28e+01    -  2.05e-03 1.14e-02f  1
CasADi - 2026-10-04 13:16:03 MESSAGE("nlp_g::eval") [.../casadi/core/sx_function.cpp:77]
CasADi - 2026-10-04 13:16:03 MESSAGE("nlp_f::eval") [.../casadi/core/sx_function.cpp:77]
CasADi - 2026-10-04 13:16:03 MESSAGE("nlp_grad_f::eval") [.../casadi/core/sx_function.cpp:77]
CasADi - 2026-10-04 13:16:03 MESSAGE("nlp_jac_g::eval") [.../casadi/core/sx_function.cpp:77]
CasADi - 2026-10-04 13:16:03 MESSAGE("nlp_hess_l::eval") [.../casadi/core/sx_function.cpp:77]
 111  4.0427468e+00 6.19e-01 1.93e+02  -1.0 1.59e+00   3.8 8.89e-03 2.46e-04h  1
CasADi - 2026-10-04 13:16:03 MESSAGE("nlp_g::eval") [.../casadi/core/sx_function.cpp:77]
CasADi - 2026-10-04 13:16:03 MESSAGE("nlp_f::eval") [.../casadi/core/sx_function.cpp:77]
CasADi - 2026-10-04 13:16:03 MESSAGE("nlp_grad_f::eval") [.../casadi/core/sx_function.cpp:77]
CasADi - 2026-10-04 13:16:03 MESSAGE("nlp_jac_g::eval") [.../casadi/core/sx_function.cpp:77]
CasADi - 2026-10-04 13:16:03 MESSAGE("nlp_hess_l::eval") [.../casadi/core/sx_function.cpp:77]
 112  4.0478497e+00 6.19e-01 5.70e+02  -1.0 1.93e+00   3.3 1.39e-03 3.50e-04h  1
CasADi - 2026-10-04 13:16:03 MESSAGE("nlp_g::eval") [.../casadi/core/sx_function.cpp:77]
CasADi - 2026-10-04 13:16:03 MESSAGE("nlp_f::eval") [.../casadi/core/sx_function.cpp:77]
CasADi - 2026-10-04 13:16:03 MESSAGE("nlp_grad_f::eval") [.../casadi/core/sx_function.cpp:77]
CasADi - 2026-10-04 13:16:03 MESSAGE("nlp_jac_g::eval") [.../casadi/core/sx_function.cpp:77]
CasADi - 2026-10-04 13:16:03 MESSAGE("nlp_hess_l::eval") [.../casadi/core/sx_function.cpp:77]
 113  4.0525925e+00 6.19e-01 6.43e+03  -1.0 2.36e+00   2.8 2.00e-02 2.91e-04h  1
CasADi - 2026-10-04 13:16:03 MESSAGE("nlp_g::eval") [.../casadi/core/sx_function.cpp:77]
CasADi - 2026-10-04 13:16:03 MESSAGE("nlp_f::eval") [.../casadi/core/sx_function.cpp:77]
CasADi - 2026-10-04 13:16:03 MESSAGE("nlp_g::eval") [.../casadi/core/sx_function.cpp:77]
CasADi - 2026-10-04 13:16:03 MESSAGE("nlp_f::eval") [.../casadi/core/sx_function.cpp:77]
CasADi - 2026-10-04 13:16:03 MESSAGE("nlp_g::eval") [.../casadi/core/sx_function.cpp:77]
CasADi - 2026-10-04 13:16:03 MESSAGE("nlp_f::eval") [.../casadi/core/sx_function.cpp:77]
CasADi - 2026-10-04 13:16:03 MESSAGE("nlp_grad_f::eval") [.../casadi/core/sx_function.cpp:77]
CasADi - 2026-10-04 13:16:03 MESSAGE("nlp_jac_g::eval") [.../casadi/core/sx_function.cpp:77]
CasADi - 2026-10-04 13:16:03 MESSAGE("nlp_hess_l::eval") [.../casadi/core/sx_function.cpp:77]
 114  4.0810746e+00 6.17e-01 6.44e+03  -1.0 8.49e+00   2.3 2.05e-03 1.87e-03h  2
CasADi - 2026-10-04 13:16:03 MESSAGE("nlp_g::eval") [.../casadi/core/sx_function.cpp:77]
CasADi - 2026-10-04 13:16:03 MESSAGE("nlp_f::eval") [.../casadi/core/sx_function.cpp:77]
CasADi - 2026-10-04 13:16:03 MESSAGE("nlp_grad_f::eval") [.../casadi/core/sx_function.cpp:77]
CasADi - 2026-10-04 13:16:03 MESSAGE("nlp_jac_g::eval") [.../casadi/core/sx_function.cpp:77]
CasADi - 2026-10-04 13:16:03 MESSAGE("nlp_hess_l::eval") [.../casadi/core/sx_function.cpp:77]
 115  4.1158426e+00 6.16e-01 1.56e+04  -1.0 3.43e+00   2.8 2.62e-02 2.50e-03h  1
CasADi - 2026-10-04 13:16:03 MESSAGE("nlp_g::eval") [.../casadi/core/sx_function.cpp:77]
CasADi - 2026-10-04 13:16:03 MESSAGE("nlp_f::eval") [.../casadi/core/sx_function.cpp:77]
CasADi - 2026-10-04 13:16:03 MESSAGE("nlp_grad_f::eval") [.../casadi/core/sx_function.cpp:77]
CasADi - 2026-10-04 13:16:03 MESSAGE("nlp_jac_g::eval") [.../casadi/core/sx_function.cpp:77]
CasADi - 2026-10-04 13:16:03 MESSAGE("nlp_hess_l::eval") [.../casadi/core/sx_function.cpp:77]
 116  4.1235131e+00 6.15e-01 2.22e+04  -1.0 4.55e+00   3.2 5.51e-03 8.44e-04h  1
CasADi - 2026-10-04 13:16:03 MESSAGE("nlp_g::eval") [.../casadi/core/sx_function.cpp:77]
CasADi - 2026-10-04 13:16:03 MESSAGE("nlp_f::eval") [.../casadi/core/sx_function.cpp:77]
CasADi - 2026-10-04 13:16:03 MESSAGE("nlp_grad_f::eval") [.../casadi/core/sx_function.cpp:77]
CasADi - 2026-10-04 13:16:03 MESSAGE("nlp_jac_g::eval") [.../casadi/core/sx_function.cpp:77]
CasADi - 2026-10-04 13:16:03 MESSAGE("nlp_hess_l::eval") [.../casadi/core/sx_function.cpp:77]
 117  4.1238448e+00 6.15e-01 5.30e+04  -1.0 5.88e+00   3.6 4.59e-03 2.85e-05h  1
CasADi - 2026-10-04 13:16:03 MESSAGE("nlp_g::eval") [.../casadi/core/sx_function.cpp:77]
CasADi - 2026-10-04 13:16:03 MESSAGE("nlp_f::eval") [.../casadi/core/sx_function.cpp:77]
CasADi - 2026-10-04 13:16:03 MESSAGE("nlp_grad_f::eval") [.../casadi/core/sx_function.cpp:77]
CasADi - 2026-10-04 13:16:03 MESSAGE("nlp_jac_g::eval") [.../casadi/core/sx_function.cpp:77]
CasADi - 2026-10-04 13:16:03 MESSAGE("nlp_hess_l::eval") [.../casadi/core/sx_function.cpp:77]
 118  4.1413126e+00 6.15e-01 1.91e+05  -1.0 4.59e+00   4.0 7.78e-03 1.37e-03h  1
CasADi - 2026-10-04 13:16:03 MESSAGE("nlp_g::eval") [.../casadi/core/sx_function.cpp:77]
CasADi - 2026-10-04 13:16:03 MESSAGE("nlp_f::eval") [.../casadi/core/sx_function.cpp:77]
CasADi - 2026-10-04 13:16:03 MESSAGE("nlp_grad_f::eval") [.../casadi/core/sx_function.cpp:77]
CasADi - 2026-10-04 13:16:03 MESSAGE("nlp_jac_g::eval") [.../casadi/core/sx_function.cpp:77]
CasADi - 2026-10-04 13:16:03 MESSAGE("nlp_hess_l::eval") [.../casadi/core/sx_function.cpp:77]
 119  4.1501377e+00 6.14e-01 2.45e+05  -1.0 4.88e+00   4.5 1.65e-03 8.12e-04h  1
CasADi - 2026-10-04 13:16:03 MESSAGE("nlp_g::eval") [.../casadi/core/sx_function.cpp:77]
CasADi - 2026-10-04 13:16:03 MESSAGE("nlp_f::eval") [.../casadi/core/sx_function.cpp:77]
CasADi - 2026-10-04 13:16:03 MESSAGE("nlp_grad_f::eval") [.../casadi/core/sx_function.cpp:77]
CasADi - 2026-10-04 13:16:03 MESSAGE("nlp_jac_g::eval") [.../casadi/core/sx_function.cpp:77]
CasADi - 2026-10-04 13:16:03 MESSAGE("nlp_hess_l::eval") [.../casadi/core/sx_function.cpp:77]
iter    objective    inf_pr   inf_du lg(mu)  ||d||  lg(rg) alpha_du alpha_pr  ls
 120  4.1594729e+00 6.14e-01 4.01e+05  -1.0 4.35e+00   4.0 7.83e-03 8.80e-04h  1
CasADi - 2026-10-04 13:16:03 MESSAGE("nlp_g::eval") [.../casadi/core/sx_function.cpp:77]
CasADi - 2026-10-04 13:16:03 MESSAGE("nlp_f::eval") [.../casadi/core/sx_function.cpp:77]
CasADi - 2026-10-04 13:16:03 MESSAGE("nlp_grad_f::eval") [.../casadi/core/sx_function.cpp:77]
CasADi - 2026-10-04 13:16:03 MESSAGE("nlp_jac_g::eval") [.../casadi/core/sx_function.cpp:77]
CasADi - 2026-10-04 13:16:03 MESSAGE("nlp_hess_l::eval") [.../casadi/core/sx_function.cpp:77]
 121  4.1673527e+00 6.13e-01 6.70e+05  -1.0 3.89e+00   4.4 5.20e-03 9.03e-04h  1
CasADi - 2026-10-04 13:16:03 MESSAGE("nlp_g::eval") [.../casadi/core/sx_function.cpp:77]
CasADi - 2026-10-04 13:16:03 MESSAGE("nlp_f::eval") [.../casadi/core/sx_function.cpp:77]
CasADi - 2026-10-04 13:16:03 MESSAGE("nlp_grad_f::eval") [.../casadi/core/sx_function.cpp:77]
CasADi - 2026-10-04 13:16:03 MESSAGE("nlp_jac_g::eval") [.../casadi/core/sx_function.cpp:77]
CasADi - 2026-10-04 13:16:03 MESSAGE("nlp_hess_l::eval") [.../casadi/core/sx_function.cpp:77]
 122  4.1721943e+00 6.13e-01 7.78e+05  -1.0 1.17e+01   3.9 5.69e-03 4.72e-04h  1
CasADi - 2026-10-04 13:16:03 MESSAGE("nlp_g::eval") [.../casadi/core/sx_function.cpp:77]
CasADi - 2026-10-04 13:16:03 MESSAGE("nlp_f::eval") [.../casadi/core/sx_function.cpp:77]
CasADi - 2026-10-04 13:16:03 MESSAGE("nlp_grad_f::eval") [.../casadi/core/sx_function.cpp:77]
CasADi - 2026-10-04 13:16:03 MESSAGE("nlp_jac_g::eval") [.../casadi/core/sx_function.cpp:77]
CasADi - 2026-10-04 13:16:03 MESSAGE("nlp_hess_l::eval") [.../casadi/core/sx_function.cpp:77]
 123  4.1814475e+00 6.12e-01 1.12e+06  -1.0 4.01e+00   4.4 7.24e-03 1.37e-03h  1
CasADi - 2026-10-04 13:16:03 MESSAGE("nlp_g::eval") [.../casadi/core/sx_function.cpp:77]
CasADi - 2026-10-04 13:16:03 MESSAGE("nlp_f::eval") [.../casadi/core/sx_function.cpp:77]
CasADi - 2026-10-04 13:16:03 MESSAGE("nlp_grad_f::eval") [.../casadi/core/sx_function.cpp:77]
CasADi - 2026-10-04 13:16:03 MESSAGE("nlp_jac_g::eval") [.../casadi/core/sx_function.cpp:77]
CasADi - 2026-10-04 13:16:03 MESSAGE("nlp_hess_l::eval") [.../casadi/core/sx_function.cpp:77]
 124  4.1903856e+00 6.11e-01 2.29e+06  -1.0 4.06e+00   4.8 8.91e-03 1.54e-03h  1
CasADi - 2026-10-04 13:16:03 MESSAGE("nlp_g::eval") [.../casadi/core/sx_function.cpp:77]
CasADi - 2026-10-04 13:16:03 MESSAGE("nlp_f::eval") [.../casadi/core/sx_function.cpp:77]
CasADi - 2026-10-04 13:16:03 MESSAGE("nlp_grad_f::eval") [.../casadi/core/sx_function.cpp:77]
CasADi - 2026-10-04 13:16:03 MESSAGE("nlp_jac_g::eval") [.../casadi/core/sx_function.cpp:77]
CasADi - 2026-10-04 13:16:03 MESSAGE("nlp_hess_l::eval") [.../casadi/core/sx_function.cpp:77]
 125  4.1933555e+00 6.11e-01 2.65e+06  -1.0 1.01e+01   4.3 7.44e-03 4.25e-04h  1
CasADi - 2026-10-04 13:16:03 MESSAGE("nlp_g::eval") [.../casadi/core/sx_function.cpp:77]
CasADi - 2026-10-04 13:16:03 MESSAGE("nlp_f::eval") [.../casadi/core/sx_function.cpp:77]
CasADi - 2026-10-04 13:16:03 MESSAGE("nlp_grad_f::eval") [.../casadi/core/sx_function.cpp:77]
CasADi - 2026-10-04 13:16:03 MESSAGE("nlp_jac_g::eval") [.../casadi/core/sx_function.cpp:77]
CasADi - 2026-10-04 13:16:03 MESSAGE("nlp_hess_l::eval") [.../casadi/core/sx_function.cpp:77]
 126  4.2084957e+00 6.09e-01 4.13e+06  -1.0 4.62e+00   4.7 1.34e-02 2.96e-03h  1
CasADi - 2026-10-04 13:16:03 MESSAGE("nlp_g::eval") [.../casadi/core/sx_function.cpp:77]
CasADi - 2026-10-04 13:16:03 MESSAGE("nlp_f::eval") [.../casadi/core/sx_function.cpp:77]
CasADi - 2026-10-04 13:16:03 MESSAGE("nlp_grad_f::eval") [.../casadi/core/sx_function.cpp:77]
CasADi - 2026-10-04 13:16:03 MESSAGE("nlp_jac_g::eval") [.../casadi/core/sx_function.cpp:77]
CasADi - 2026-10-04 13:16:03 MESSAGE("nlp_hess_l::eval") [.../casadi/core/sx_function.cpp:77]
 127  4.2104929e+00 6.09e-01 4.32e+06  -1.0 5.08e+01   5.2 8.88e-04 3.29e-04h  1
CasADi - 2026-10-04 13:16:03 MESSAGE("nlp_g::eval") [.../casadi/core/sx_function.cpp:77]
CasADi - 2026-10-04 13:16:03 MESSAGE("nlp_f::eval") [.../casadi/core/sx_function.cpp:77]
CasADi - 2026-10-04 13:16:03 MESSAGE("nlp_grad_f::eval") [.../casadi/core/sx_function.cpp:77]
CasADi - 2026-10-04 13:16:03 MESSAGE("nlp_jac_g::eval") [.../casadi/core/sx_function.cpp:77]
CasADi - 2026-10-04 13:16:03 MESSAGE("nlp_hess_l::eval") [.../casadi/core/sx_function.cpp:77]
 128  4.2108904e+00 6.09e-01 1.27e+07  -1.0 4.08e+00   5.6 8.30e-03 9.42e-05h  1
CasADi - 2026-10-04 13:16:03 MESSAGE("nlp_g::eval") [.../casadi/core/sx_function.cpp:77]
CasADi - 2026-10-04 13:16:03 MESSAGE("nlp_f::eval") [.../casadi/core/sx_function.cpp:77]
CasADi - 2026-10-04 13:16:03 MESSAGE("nlp_grad_f::eval") [.../casadi/core/sx_function.cpp:77]
CasADi - 2026-10-04 13:16:03 MESSAGE("nlp_jac_g::eval") [.../casadi/core/sx_function.cpp:77]
CasADi - 2026-10-04 13:16:03 MESSAGE("nlp_hess_l::eval") [.../casadi/core/sx_function.cpp:77]
 129  4.2239882e+00 6.07e-01 1.50e+07  -1.0 4.22e+00   5.1 1.01e-02 3.08e-03h  1
CasADi - 2026-10-04 13:16:03 MESSAGE("nlp_g::eval") [.../casadi/core/sx_function.cpp:77]
CasADi - 2026-10-04 13:16:03 MESSAGE("nlp_f::eval") [.../casadi/core/sx_function.cpp:77]
CasADi - 2026-10-04 13:16:03 MESSAGE("nlp_grad_f::eval") [.../casadi/core/sx_function.cpp:77]
CasADi - 2026-10-04 13:16:03 MESSAGE("nlp_jac_g::eval") [.../casadi/core/sx_function.cpp:77]
CasADi - 2026-10-04 13:16:03 MESSAGE("nlp_hess_l::eval") [.../casadi/core/sx_function.cpp:77]
iter    objective    inf_pr   inf_du lg(mu)  ||d||  lg(rg) alpha_du alpha_pr  ls
 130  4.2324777e+00 6.05e-01 2.80e+07  -1.0 4.14e+00   5.5 1.65e-02 2.07e-03h  1
CasADi - 2026-10-04 13:16:03 MESSAGE("nlp_g::eval") [.../casadi/core/sx_function.cpp:77]
CasADi - 2026-10-04 13:16:03 MESSAGE("nlp_f::eval") [.../casadi/core/sx_function.cpp:77]
CasADi - 2026-10-04 13:16:03 MESSAGE("nlp_grad_f::eval") [.../casadi/core/sx_function.cpp:77]
CasADi - 2026-10-04 13:16:03 MESSAGE("nlp_jac_g::eval") [.../casadi/core/sx_function.cpp:77]
CasADi - 2026-10-04 13:16:03 MESSAGE("nlp_hess_l::eval") [.../casadi/core/sx_function.cpp:77]
 131  4.2371775e+00 6.05e-01 3.21e+07  -1.0 4.20e+00   5.1 1.67e-02 1.10e-03h  1
CasADi - 2026-10-04 13:16:03 MESSAGE("nlp_g::eval") [.../casadi/core/sx_function.cpp:77]
CasADi - 2026-10-04 13:16:03 MESSAGE("nlp_f::eval") [.../casadi/core/sx_function.cpp:77]
CasADi - 2026-10-04 13:16:03 MESSAGE("nlp_grad_f::eval") [.../casadi/core/sx_function.cpp:77]
CasADi - 2026-10-04 13:16:03 MESSAGE("nlp_jac_g::eval") [.../casadi/core/sx_function.cpp:77]
CasADi - 2026-10-04 13:16:03 MESSAGE("nlp_hess_l::eval") [.../casadi/core/sx_function.cpp:77]
 132  4.2459828e+00 6.03e-01 4.78e+07  -1.0 4.11e+00   5.5 2.28e-02 2.20e-03h  1
CasADi - 2026-10-04 13:16:03 MESSAGE("nlp_g::eval") [.../casadi/core/sx_function.cpp:77]
CasADi - 2026-10-04 13:16:03 MESSAGE("nlp_f::eval") [.../casadi/core/sx_function.cpp:77]
CasADi - 2026-10-04 13:16:03 MESSAGE("nlp_grad_f::eval") [.../casadi/core/sx_function.cpp:77]
CasADi - 2026-10-04 13:16:03 MESSAGE("nlp_jac_g::eval") [.../casadi/core/sx_function.cpp:77]
CasADi - 2026-10-04 13:16:03 MESSAGE("nlp_hess_l::eval") [.../casadi/core/sx_function.cpp:77]
 133  4.2624979e+00 6.01e-01 5.06e+07  -1.0 4.19e+00   5.0 1.89e-02 3.97e-03h  1
CasADi - 2026-10-04 13:16:03 MESSAGE("nlp_g::eval") [.../casadi/core/sx_function.cpp:77]
CasADi - 2026-10-04 13:16:03 MESSAGE("nlp_f::eval") [.../casadi/core/sx_function.cpp:77]
CasADi - 2026-10-04 13:16:03 MESSAGE("nlp_grad_f::eval") [.../casadi/core/sx_function.cpp:77]
CasADi - 2026-10-04 13:16:03 MESSAGE("nlp_jac_g::eval") [.../casadi/core/sx_function.cpp:77]
CasADi - 2026-10-04 13:16:03 MESSAGE("nlp_hess_l::eval") [.../casadi/core/sx_function.cpp:77]
 134  4.2664843e+00 6.00e-01 5.60e+07  -1.0 3.94e+00   5.4 9.85e-03 1.02e-03h  1
CasADi - 2026-10-04 13:16:03 MESSAGE("nlp_g::eval") [.../casadi/core/sx_function.cpp:77]
CasADi - 2026-10-04 13:16:03 MESSAGE("nlp_f::eval") [.../casadi/core/sx_function.cpp:77]
CasADi - 2026-10-04 13:16:03 MESSAGE("nlp_grad_f::eval") [.../casadi/core/sx_function.cpp:77]
CasADi - 2026-10-04 13:16:03 MESSAGE("nlp_jac_g::eval") [.../casadi/core/sx_function.cpp:77]
CasADi - 2026-10-04 13:16:03 MESSAGE("nlp_hess_l::eval") [.../casadi/core/sx_function.cpp:77]
 135  4.2671652e+00 6.00e-01 2.84e+08  -1.0 3.83e+00   6.8 1.59e-02 1.80e-04h  1
CasADi - 2026-10-04 13:16:03 MESSAGE("nlp_g::eval") [.../casadi/core/sx_function.cpp:77]
CasADi - 2026-10-04 13:16:03 MESSAGE("nlp_f::eval") [.../casadi/core/sx_function.cpp:77]
CasADi - 2026-10-04 13:16:03 MESSAGE("nlp_grad_f::eval") [.../casadi/core/sx_function.cpp:77]
CasADi - 2026-10-04 13:16:03 MESSAGE("nlp_jac_g::eval") [.../casadi/core/sx_function.cpp:77]
CasADi - 2026-10-04 13:16:03 MESSAGE("nlp_hess_l::eval") [.../casadi/core/sx_function.cpp:77]
 136  4.2940467e+00 5.96e-01 2.98e+08  -1.0 3.90e+00   6.3 1.06e-02 7.17e-03h  1
CasADi - 2026-10-04 13:16:03 MESSAGE("nlp_g::eval") [.../casadi/core/sx_function.cpp:77]
CasADi - 2026-10-04 13:16:03 MESSAGE("nlp_f::eval") [.../casadi/core/sx_function.cpp:77]
CasADi - 2026-10-04 13:16:03 MESSAGE("nlp_grad_f::eval") [.../casadi/core/sx_function.cpp:77]
CasADi - 2026-10-04 13:16:03 MESSAGE("nlp_jac_g::eval") [.../casadi/core/sx_function.cpp:77]
CasADi - 2026-10-04 13:16:03 MESSAGE("nlp_hess_l::eval") [.../casadi/core/sx_function.cpp:77]
 137  4.2947789e+00 5.96e-01 3.31e+08  -1.0 7.75e+00   6.7 2.96e-03 1.98e-04h  1
CasADi - 2026-10-04 13:16:03 MESSAGE("nlp_g::eval") [.../casadi/core/sx_function.cpp:77]
CasADi - 2026-10-04 13:16:03 MESSAGE("nlp_f::eval") [.../casadi/core/sx_function.cpp:77]
CasADi - 2026-10-04 13:16:03 MESSAGE("nlp_grad_f::eval") [.../casadi/core/sx_function.cpp:77]
CasADi - 2026-10-04 13:16:03 MESSAGE("nlp_jac_g::eval") [.../casadi/core/sx_function.cpp:77]
CasADi - 2026-10-04 13:16:03 MESSAGE("nlp_hess_l::eval") [.../casadi/core/sx_function.cpp:77]
 138  4.2964086e+00 5.96e-01 3.46e+08  -1.0 3.88e+00   6.2 4.64e-03 4.29e-04h  1
CasADi - 2026-10-04 13:16:03 MESSAGE("nlp_g::eval") [.../casadi/core/sx_function.cpp:77]
CasADi - 2026-10-04 13:16:03 MESSAGE("nlp_f::eval") [.../casadi/core/sx_function.cpp:77]
CasADi - 2026-10-04 13:16:03 MESSAGE("nlp_grad_f::eval") [.../casadi/core/sx_function.cpp:77]
CasADi - 2026-10-04 13:16:03 MESSAGE("nlp_jac_g::eval") [.../casadi/core/sx_function.cpp:77]
CasADi - 2026-10-04 13:16:03 MESSAGE("nlp_hess_l::eval") [.../casadi/core/sx_function.cpp:77]
 139  4.3288251e+00 5.91e-01 3.38e+08  -1.0 4.23e+00   5.8 2.21e-03 8.12e-03f  1
CasADi - 2026-10-04 13:16:03 MESSAGE("nlp_g::eval") [.../casadi/core/sx_function.cpp:77]
CasADi - 2026-10-04 13:16:03 MESSAGE("nlp_f::eval") [.../casadi/core/sx_function.cpp:77]
CasADi - 2026-10-04 13:16:03 MESSAGE("nlp_grad_f::eval") [.../casadi/core/sx_function.cpp:77]
CasADi - 2026-10-04 13:16:03 MESSAGE("nlp_jac_g::eval") [.../casadi/core/sx_function.cpp:77]
CasADi - 2026-10-04 13:16:03 MESSAGE("nlp_hess_l::eval") [.../casadi/core/sx_function.cpp:77]
iter    objective    inf_pr   inf_du lg(mu)  ||d||  lg(rg) alpha_du alpha_pr  ls
 140  4.3295952e+00 5.91e-01 5.70e+08  -1.0 3.54e+00   7.1 8.80e-03 2.02e-04h  1
CasADi - 2026-10-04 13:16:03 MESSAGE("nlp_g::eval") [.../casadi/core/sx_function.cpp:77]
CasADi - 2026-10-04 13:16:03 MESSAGE("nlp_f::eval") [.../casadi/core/sx_function.cpp:77]
CasADi - 2026-10-04 13:16:03 MESSAGE("nlp_grad_f::eval") [.../casadi/core/sx_function.cpp:77]
CasADi - 2026-10-04 13:16:03 MESSAGE("nlp_jac_g::eval") [.../casadi/core/sx_function.cpp:77]
CasADi - 2026-10-04 13:16:03 MESSAGE("nlp_hess_l::eval") [.../casadi/core/sx_function.cpp:77]
 141  4.3312590e+00 5.90e-01 6.41e+08  -1.0 3.80e+00   6.6 8.93e-03 4.48e-04h  1
CasADi - 2026-10-04 13:16:03 MESSAGE("nlp_g::eval") [.../casadi/core/sx_function.cpp:77]
CasADi - 2026-10-04 13:16:03 MESSAGE("nlp_f::eval") [.../casadi/core/sx_function.cpp:77]
CasADi - 2026-10-04 13:16:03 MESSAGE("nlp_grad_f::eval") [.../casadi/core/sx_function.cpp:77]
CasADi - 2026-10-04 13:16:03 MESSAGE("nlp_jac_g::eval") [.../casadi/core/sx_function.cpp:77]
CasADi - 2026-10-04 13:16:03 MESSAGE("nlp_hess_l::eval") [.../casadi/core/sx_function.cpp:77]
 142  4.3351563e+00 5.90e-01 8.48e+08  -1.0 3.57e+00   7.0 9.90e-03 1.05e-03h  1
CasADi - 2026-10-04 13:16:03 MESSAGE("nlp_g::eval") [.../casadi/core/sx_function.cpp:77]
CasADi - 2026-10-04 13:16:03 MESSAGE("nlp_f::eval") [.../casadi/core/sx_function.cpp:77]
CasADi - 2026-10-04 13:16:03 MESSAGE("nlp_grad_f::eval") [.../casadi/core/sx_function.cpp:77]
CasADi - 2026-10-04 13:16:03 MESSAGE("nlp_jac_g::eval") [.../casadi/core/sx_function.cpp:77]
CasADi - 2026-10-04 13:16:03 MESSAGE("nlp_hess_l::eval") [.../casadi/core/sx_function.cpp:77]
 143  4.3356259e+00 5.90e-01 9.60e+08  -1.0 3.68e+00   6.6 1.63e-02 1.23e-04h  1
CasADi - 2026-10-04 13:16:03 MESSAGE("nlp_g::eval") [.../casadi/core/sx_function.cpp:77]
CasADi - 2026-10-04 13:16:03 MESSAGE("nlp_f::eval") [.../casadi/core/sx_function.cpp:77]
CasADi - 2026-10-04 13:16:03 MESSAGE("nlp_grad_f::eval") [.../casadi/core/sx_function.cpp:77]
CasADi - 2026-10-04 13:16:03 MESSAGE("nlp_jac_g::eval") [.../casadi/core/sx_function.cpp:77]
CasADi - 2026-10-04 13:16:03 MESSAGE("nlp_hess_l::eval") [.../casadi/core/sx_function.cpp:77]
 144  4.3866814e+00 5.82e-01 9.64e+08  -1.0 4.01e+00   6.1 2.52e-02 1.29e-02f  1
CasADi - 2026-10-04 13:16:03 MESSAGE("nlp_g::eval") [.../casadi/core/sx_function.cpp:77]
CasADi - 2026-10-04 13:16:03 MESSAGE("nlp_f::eval") [.../casadi/core/sx_function.cpp:77]
CasADi - 2026-10-04 13:16:03 MESSAGE("nlp_grad_f::eval") [.../casadi/core/sx_function.cpp:77]
CasADi - 2026-10-04 13:16:03 MESSAGE("nlp_jac_g::eval") [.../casadi/core/sx_function.cpp:77]
CasADi - 2026-10-04 13:16:03 MESSAGE("nlp_hess_l::eval") [.../casadi/core/sx_function.cpp:77]
 145  4.3869112e+00 5.82e-01 1.08e+09  -1.0 3.36e+00   6.5 2.39e-02 6.13e-05h  1
CasADi - 2026-10-04 13:16:03 MESSAGE("nlp_g::eval") [.../casadi/core/sx_function.cpp:77]
CasADi - 2026-10-04 13:16:03 MESSAGE("nlp_f::eval") [.../casadi/core/sx_function.cpp:77]
CasADi - 2026-10-04 13:16:03 MESSAGE("nlp_grad_f::eval") [.../casadi/core/sx_function.cpp:77]
CasADi - 2026-10-04 13:16:03 MESSAGE("nlp_jac_g::eval") [.../casadi/core/sx_function.cpp:77]
CasADi - 2026-10-04 13:16:03 MESSAGE("nlp_hess_l::eval") [.../casadi/core/sx_function.cpp:77]
 146  4.3912450e+00 5.81e-01 1.06e+09  -1.0 3.14e+00   6.9 9.02e-06 1.20e-03h  1
CasADi - 2026-10-04 13:16:03 MESSAGE("nlp_g::eval") [.../casadi/core/sx_function.cpp:77]
CasADi - 2026-10-04 13:16:03 MESSAGE("nlp_f::eval") [.../casadi/core/sx_function.cpp:77]
CasADi - 2026-10-04 13:16:03 MESSAGE("nlp_grad_f::eval") [.../casadi/core/sx_function.cpp:77]
CasADi - 2026-10-04 13:16:03 MESSAGE("nlp_jac_g::eval") [.../casadi/core/sx_function.cpp:77]
CasADi - 2026-10-04 13:16:03 MESSAGE("nlp_hess_l::eval") [.../casadi/core/sx_function.cpp:77]
 147  4.3933768e+00 5.81e-01 1.06e+09  -1.0 3.44e+00   6.5 5.02e-06 5.72e-04f  1
CasADi - 2026-10-04 13:16:03 MESSAGE("nlp_g::eval") [.../casadi/core/sx_function.cpp:77]
CasADi - 2026-10-04 13:16:03 MESSAGE("nlp_f::eval") [.../casadi/core/sx_function.cpp:77]
CasADi - 2026-10-04 13:16:03 MESSAGE("nlp_grad_f::eval") [.../casadi/core/sx_function.cpp:77]
CasADi - 2026-10-04 13:16:03 MESSAGE("nlp_jac_g::eval") [.../casadi/core/sx_function.cpp:77]
CasADi - 2026-10-04 13:16:03 MESSAGE("nlp_hess_l::eval") [.../casadi/core/sx_function.cpp:77]
 148  4.3941607e+00 5.81e-01 1.20e+09  -1.0 3.24e+00   6.9 1.07e-02 2.22e-04h  1
CasADi - 2026-10-04 13:16:04 MESSAGE("nlp_g::eval") [.../casadi/core/sx_function.cpp:77]
CasADi - 2026-10-04 13:16:04 MESSAGE("nlp_f::eval") [.../casadi/core/sx_function.cpp:77]
CasADi - 2026-10-04 13:16:04 MESSAGE("nlp_grad_f::eval") [.../casadi/core/sx_function.cpp:77]
CasADi - 2026-10-04 13:16:04 MESSAGE("nlp_jac_g::eval") [.../casadi/core/sx_function.cpp:77]
CasADi - 2026-10-04 13:16:04 MESSAGE("nlp_hess_l::eval") [.../casadi/core/sx_function.cpp:77]
 149  4.4160834e+00 5.77e-01 1.18e+09  -1.0 3.47e+00   6.4 1.04e-03 6.04e-03f  1
CasADi - 2026-10-04 13:16:04 MESSAGE("nlp_g::eval") [.../casadi/core/sx_function.cpp:77]
CasADi - 2026-10-04 13:16:04 MESSAGE("nlp_f::eval") [.../casadi/core/sx_function.cpp:77]
CasADi - 2026-10-04 13:16:04 MESSAGE("nlp_grad_f::eval") [.../casadi/core/sx_function.cpp:77]
CasADi - 2026-10-04 13:16:04 MESSAGE("nlp_jac_g::eval") [.../casadi/core/sx_function.cpp:77]
CasADi - 2026-10-04 13:16:04 MESSAGE("nlp_hess_l::eval") [.../casadi/core/sx_function.cpp:77]
iter    objective    inf_pr   inf_du lg(mu)  ||d||  lg(rg) alpha_du alpha_pr  ls
 150  4.4179221e+00 5.77e-01 1.28e+09  -1.0 3.03e+00   6.8 9.54e-03 5.32e-04h  1
CasADi - 2026-10-04 13:16:04 MESSAGE("nlp_g::eval") [.../casadi/core/sx_function.cpp:77]
CasADi - 2026-10-04 13:16:04 MESSAGE("nlp_f::eval") [.../casadi/core/sx_function.cpp:77]
CasADi - 2026-10-04 13:16:04 MESSAGE("nlp_grad_f::eval") [.../casadi/core/sx_function.cpp:77]
CasADi - 2026-10-04 13:16:04 MESSAGE("nlp_jac_g::eval") [.../casadi/core/sx_function.cpp:77]
CasADi - 2026-10-04 13:16:04 MESSAGE("nlp_hess_l::eval") [.../casadi/core/sx_function.cpp:77]
 151  4.4371845e+00 5.74e-01 1.20e+09  -1.0 3.01e+00   7.3 3.41e-03 5.46e-03h  1
CasADi - 2026-10-04 13:16:04 MESSAGE("nlp_g::eval") [.../casadi/core/sx_function.cpp:77]
CasADi - 2026-10-04 13:16:04 MESSAGE("nlp_f::eval") [.../casadi/core/sx_function.cpp:77]
CasADi - 2026-10-04 13:16:04 MESSAGE("nlp_grad_f::eval") [.../casadi/core/sx_function.cpp:77]
CasADi - 2026-10-04 13:16:04 MESSAGE("nlp_jac_g::eval") [.../casadi/core/sx_function.cpp:77]
CasADi - 2026-10-04 13:16:04 MESSAGE("nlp_hess_l::eval") [.../casadi/core/sx_function.cpp:77]
 152  4.4386999e+00 5.74e-01 1.17e+09  -1.0 2.96e+00   7.7 2.71e-05 4.19e-04h  1
CasADi - 2026-10-04 13:16:04 MESSAGE("nlp_g::eval") [.../casadi/core/sx_function.cpp:77]
CasADi - 2026-10-04 13:16:04 MESSAGE("nlp_f::eval") [.../casadi/core/sx_function.cpp:77]
CasADi - 2026-10-04 13:16:04 MESSAGE("nlp_grad_f::eval") [.../casadi/core/sx_function.cpp:77]
CasADi - 2026-10-04 13:16:04 MESSAGE("nlp_jac_g::eval") [.../casadi/core/sx_function.cpp:77]
CasADi - 2026-10-04 13:16:04 MESSAGE("nlp_hess_l::eval") [.../casadi/core/sx_function.cpp:77]
 153  4.4420905e+00 5.73e-01 1.15e+09  -1.0 3.96e+00   7.2 3.85e-05 9.36e-04h  1
CasADi - 2026-10-04 13:16:04 MESSAGE("nlp_g::eval") [.../casadi/core/sx_function.cpp:77]
CasADi - 2026-10-04 13:16:04 MESSAGE("nlp_f::eval") [.../casadi/core/sx_function.cpp:77]
CasADi - 2026-10-04 13:16:04 MESSAGE("nlp_grad_f::eval") [.../casadi/core/sx_function.cpp:77]
CasADi - 2026-10-04 13:16:04 MESSAGE("nlp_jac_g::eval") [.../casadi/core/sx_function.cpp:77]
CasADi - 2026-10-04 13:16:04 MESSAGE("nlp_hess_l::eval") [.../casadi/core/sx_function.cpp:77]
 154  4.4421545e+00 5.73e-01 1.52e+09  -1.0 2.91e+00   8.5 6.36e-04 1.72e-05h  1
CasADi - 2026-10-04 13:16:04 MESSAGE("nlp_g::eval") [.../casadi/core/sx_function.cpp:77]
CasADi - 2026-10-04 13:16:04 MESSAGE("nlp_f::eval") [.../casadi/core/sx_function.cpp:77]
CasADi - 2026-10-04 13:16:04 MESSAGE("nlp_g::eval") [.../casadi/core/sx_function.cpp:77]
CasADi - 2026-10-04 13:16:04 MESSAGE("nlp_f::eval") [.../casadi/core/sx_function.cpp:77]
CasADi - 2026-10-04 13:16:04 MESSAGE("nlp_g::eval") [.../casadi/core/sx_function.cpp:77]
CasADi - 2026-10-04 13:16:04 MESSAGE("nlp_f::eval") [.../casadi/core/sx_function.cpp:77]
CasADi - 2026-10-04 13:16:04 MESSAGE("nlp_g::eval") [.../casadi/core/sx_function.cpp:77]
CasADi - 2026-10-04 13:16:04 MESSAGE("nlp_f::eval") [.../casadi/core/sx_function.cpp:77]
CasADi - 2026-10-04 13:16:04 MESSAGE("nlp_f::eval") [.../casadi/core/sx_function.cpp:77]
CasADi - 2026-10-04 13:16:04 MESSAGE("nlp_g::eval") [.../casadi/core/sx_function.cpp:77]
CasADi - 2026-10-04 13:16:04 MESSAGE("nlp_grad_f::eval") [.../casadi/core/sx_function.cpp:77]
CasADi - 2026-10-04 13:16:04 MESSAGE("nlp_jac_g::eval") [.../casadi/core/sx_function.cpp:77]
CasADi - 2026-10-04 13:16:04 MESSAGE("nlp_g::eval") [.../casadi/core/sx_function.cpp:77]
CasADi - 2026-10-04 13:16:04 MESSAGE("nlp_jac_g::eval") [.../casadi/core/sx_function.cpp:77]
CasADi - 2026-10-04 13:16:04 MESSAGE("nlp_f::eval") [.../casadi/core/sx_function.cpp:77]
 155r 4.4421545e+00 5.73e-01 9.99e+02  -0.2 0.00e+00   8.1 0.00e+00 3.28e-07R  5
CasADi - 2026-10-04 13:16:04 MESSAGE("nlp_g::eval") [.../casadi/core/sx_function.cpp:77]
CasADi - 2026-10-04 13:16:04 MESSAGE("nlp_f::eval") [.../casadi/core/sx_function.cpp:77]
CasADi - 2026-10-04 13:16:04 MESSAGE("nlp_jac_g::eval") [.../casadi/core/sx_function.cpp:77]
CasADi - 2026-10-04 13:16:04 MESSAGE("nlp_hess_l::eval") [.../casadi/core/sx_function.cpp:77]
 156r 6.7603965e+00 9.41e-01 1.08e+03  -0.2 3.12e+02    -  7.05e-04 1.31e-03f  1
CasADi - 2026-10-04 13:16:04 MESSAGE("nlp_g::eval") [.../casadi/core/sx_function.cpp:77]
CasADi - 2026-10-04 13:16:04 MESSAGE("nlp_f::eval") [.../casadi/core/sx_function.cpp:77]
CasADi - 2026-10-04 13:16:04 MESSAGE("nlp_jac_g::eval") [.../casadi/core/sx_function.cpp:77]
CasADi - 2026-10-04 13:16:04 MESSAGE("nlp_hess_l::eval") [.../casadi/core/sx_function.cpp:77]
 157r 7.2606150e+00 1.00e+00 1.80e+03  -0.2 1.07e+01   2.0 5.44e-04 5.47e-03f  1
CasADi - 2026-10-04 13:16:04 MESSAGE("nlp_g::eval") [.../casadi/core/sx_function.cpp:77]
CasADi - 2026-10-04 13:16:04 MESSAGE("nlp_f::eval") [.../casadi/core/sx_function.cpp:77]
CasADi - 2026-10-04 13:16:04 MESSAGE("nlp_jac_g::eval") [.../casadi/core/sx_function.cpp:77]
CasADi - 2026-10-04 13:16:04 MESSAGE("nlp_hess_l::eval") [.../casadi/core/sx_function.cpp:77]
 158r 7.4139720e+00 1.00e+00 1.52e+03  -0.2 4.93e+00   2.4 8.03e-03 3.84e-03f  1
CasADi - 2026-10-04 13:16:04 MESSAGE("nlp_g::eval") [.../casadi/core/sx_function.cpp:77]
CasADi - 2026-10-04 13:16:04 MESSAGE("nlp_f::eval") [.../casadi/core/sx_function.cpp:77]
CasADi - 2026-10-04 13:16:04 MESSAGE("nlp_jac_g::eval") [.../casadi/core/sx_function.cpp:77]
CasADi - 2026-10-04 13:16:04 MESSAGE("nlp_hess_l::eval") [.../casadi/core/sx_function.cpp:77]
 159r 7.6246350e+00 9.93e-01 1.49e+03  -0.2 1.76e+00   2.9 6.97e-03 1.30e-02f  1
CasADi - 2026-10-04 13:16:04 MESSAGE("nlp_g::eval") [.../casadi/core/sx_function.cpp:77]
CasADi - 2026-10-04 13:16:04 MESSAGE("nlp_f::eval") [.../casadi/core/sx_function.cpp:77]
CasADi - 2026-10-04 13:16:04 MESSAGE("nlp_jac_g::eval") [.../casadi/core/sx_function.cpp:77]
CasADi - 2026-10-04 13:16:04 MESSAGE("nlp_hess_l::eval") [.../casadi/core/sx_function.cpp:77]
iter    objective    inf_pr   inf_du lg(mu)  ||d||  lg(rg) alpha_du alpha_pr  ls
 160r 7.6888707e+00 9.80e-01 1.47e+03  -0.2 6.28e-01   3.3 3.72e-03 1.11e-02f  1
CasADi - 2026-10-04 13:16:04 MESSAGE("nlp_g::eval") [.../casadi/core/sx_function.cpp:77]
CasADi - 2026-10-04 13:16:04 MESSAGE("nlp_f::eval") [.../casadi/core/sx_function.cpp:77]
CasADi - 2026-10-04 13:16:04 MESSAGE("nlp_jac_g::eval") [.../casadi/core/sx_function.cpp:77]
CasADi - 2026-10-04 13:16:04 MESSAGE("nlp_hess_l::eval") [.../casadi/core/sx_function.cpp:77]
 161r 7.6873402e+00 8.97e-01 3.93e+03  -0.2 4.62e-02   4.6 4.36e-02 8.36e-02f  1
CasADi - 2026-10-04 13:16:04 MESSAGE("nlp_g::eval") [.../casadi/core/sx_function.cpp:77]
CasADi - 2026-10-04 13:16:04 MESSAGE("nlp_f::eval") [.../casadi/core/sx_function.cpp:77]
CasADi - 2026-10-04 13:16:04 MESSAGE("nlp_jac_g::eval") [.../casadi/core/sx_function.cpp:77]
CasADi - 2026-10-04 13:16:04 MESSAGE("nlp_hess_l::eval") [.../casadi/core/sx_function.cpp:77]
 162r 7.6606389e+00 8.02e-01 6.06e+03  -0.2 1.56e-02   5.9 1.11e-01 1.09e-01f  1
CasADi - 2026-10-04 13:16:04 MESSAGE("nlp_g::eval") [.../casadi/core/sx_function.cpp:77]
CasADi - 2026-10-04 13:16:04 MESSAGE("nlp_f::eval") [.../casadi/core/sx_function.cpp:77]
CasADi - 2026-10-04 13:16:04 MESSAGE("nlp_jac_g::eval") [.../casadi/core/sx_function.cpp:77]
CasADi - 2026-10-04 13:16:04 MESSAGE("nlp_hess_l::eval") [.../casadi/core/sx_function.cpp:77]
 163r 7.6430106e+00 7.36e-01 8.71e+03  -0.2 1.41e-02   6.4 1.11e-01 8.35e-02f  1
CasADi - 2026-10-04 13:16:04 MESSAGE("nlp_g::eval") [.../casadi/core/sx_function.cpp:77]
CasADi - 2026-10-04 13:16:04 MESSAGE("nlp_f::eval") [.../casadi/core/sx_function.cpp:77]
CasADi - 2026-10-04 13:16:04 MESSAGE("nlp_jac_g::eval") [.../casadi/core/sx_function.cpp:77]
CasADi - 2026-10-04 13:16:04 MESSAGE("nlp_hess_l::eval") [.../casadi/core/sx_function.cpp:77]
 164r 7.6277409e+00 6.78e-01 1.44e+04  -0.2 1.32e-02   6.8 1.81e-01 8.13e-02h  1
CasADi - 2026-10-04 13:16:04 MESSAGE("nlp_g::eval") [.../casadi/core/sx_function.cpp:77]
CasADi - 2026-10-04 13:16:04 MESSAGE("nlp_f::eval") [.../casadi/core/sx_function.cpp:77]
CasADi - 2026-10-04 13:16:04 MESSAGE("nlp_jac_g::eval") [.../casadi/core/sx_function.cpp:77]
CasADi - 2026-10-04 13:16:04 MESSAGE("nlp_hess_l::eval") [.../casadi/core/sx_function.cpp:77]
 165r 7.5927456e+00 5.38e-01 7.62e+04  -0.2 1.32e-02   6.3 2.14e-01 2.13e-01f  1
CasADi - 2026-10-04 13:16:04 MESSAGE("nlp_g::eval") [.../casadi/core/sx_function.cpp:77]
CasADi - 2026-10-04 13:16:04 MESSAGE("nlp_f::eval") [.../casadi/core/sx_function.cpp:77]
CasADi - 2026-10-04 13:16:04 MESSAGE("nlp_jac_g::eval") [.../casadi/core/sx_function.cpp:77]
 166r 7.5663187e+00 4.31e-01 4.95e+04  -0.2 1.07e-02   6.7 5.83e-01 2.05e-01h  1
CasADi - 2026-10-04 13:16:04 MESSAGE("nlp_grad_f::eval") [.../casadi/core/sx_function.cpp:77]
CasADi - 2026-10-04 13:16:04 MESSAGE("nlp_hess_l::eval") [.../casadi/core/sx_function.cpp:77]
CasADi - 2026-10-04 13:16:04 MESSAGE("nlp_g::eval") [.../casadi/core/sx_function.cpp:77]
CasADi - 2026-10-04 13:16:04 MESSAGE("nlp_f::eval") [.../casadi/core/sx_function.cpp:77]
CasADi - 2026-10-04 13:16:04 MESSAGE("nlp_grad_f::eval") [.../casadi/core/sx_function.cpp:77]
CasADi - 2026-10-04 13:16:04 MESSAGE("nlp_jac_g::eval") [.../casadi/core/sx_function.cpp:77]
CasADi - 2026-10-04 13:16:04 MESSAGE("nlp_hess_l::eval") [.../casadi/core/sx_function.cpp:77]
 167  7.6818738e+00 4.41e-01 2.44e+03  -1.0 1.02e+01    -  6.43e-03 3.02e-02f  1
CasADi - 2026-10-04 13:16:04 MESSAGE("nlp_g::eval") [.../casadi/core/sx_function.cpp:77]
CasADi - 2026-10-04 13:16:04 MESSAGE("nlp_f::eval") [.../casadi/core/sx_function.cpp:77]
CasADi - 2026-10-04 13:16:04 MESSAGE("nlp_grad_f::eval") [.../casadi/core/sx_function.cpp:77]
CasADi - 2026-10-04 13:16:04 MESSAGE("nlp_jac_g::eval") [.../casadi/core/sx_function.cpp:77]
CasADi - 2026-10-04 13:16:04 MESSAGE("nlp_hess_l::eval") [.../casadi/core/sx_function.cpp:77]
 168  7.8176611e+00 4.41e-01 4.15e+07  -1.0 6.07e-01   7.6 3.20e-02 1.46e-02h  1
CasADi - 2026-10-04 13:16:04 MESSAGE("nlp_g::eval") [.../casadi/core/sx_function.cpp:77]
CasADi - 2026-10-04 13:16:04 MESSAGE("nlp_f::eval") [.../casadi/core/sx_function.cpp:77]
CasADi - 2026-10-04 13:16:04 MESSAGE("nlp_grad_f::eval") [.../casadi/core/sx_function.cpp:77]
CasADi - 2026-10-04 13:16:04 MESSAGE("nlp_jac_g::eval") [.../casadi/core/sx_function.cpp:77]
CasADi - 2026-10-04 13:16:04 MESSAGE("nlp_hess_l::eval") [.../casadi/core/sx_function.cpp:77]
 169  7.8187208e+00 4.40e-01 4.15e+07  -1.0 6.24e-01   8.0 3.02e-02 1.28e-04h  1
CasADi - 2026-10-04 13:16:04 MESSAGE("nlp_g::eval") [.../casadi/core/sx_function.cpp:77]
CasADi - 2026-10-04 13:16:04 MESSAGE("nlp_f::eval") [.../casadi/core/sx_function.cpp:77]
CasADi - 2026-10-04 13:16:04 MESSAGE("nlp_g::eval") [.../casadi/core/sx_function.cpp:77]
CasADi - 2026-10-04 13:16:04 MESSAGE("nlp_f::eval") [.../casadi/core/sx_function.cpp:77]
CasADi - 2026-10-04 13:16:04 MESSAGE("nlp_g::eval") [.../casadi/core/sx_function.cpp:77]
CasADi - 2026-10-04 13:16:04 MESSAGE("nlp_f::eval") [.../casadi/core/sx_function.cpp:77]
CasADi - 2026-10-04 13:16:04 MESSAGE("nlp_f::eval") [.../casadi/core/sx_function.cpp:77]
CasADi - 2026-10-04 13:16:04 MESSAGE("nlp_g::eval") [.../casadi/core/sx_function.cpp:77]
CasADi - 2026-10-04 13:16:04 MESSAGE("nlp_grad_f::eval") [.../casadi/core/sx_function.cpp:77]
CasADi - 2026-10-04 13:16:04 MESSAGE("nlp_jac_g::eval") [.../casadi/core/sx_function.cpp:77]
CasADi - 2026-10-04 13:16:04 MESSAGE("nlp_g::eval") [.../casadi/core/sx_function.cpp:77]
CasADi - 2026-10-04 13:16:04 MESSAGE("nlp_jac_g::eval") [.../casadi/core/sx_function.cpp:77]
CasADi - 2026-10-04 13:16:04 MESSAGE("nlp_f::eval") [.../casadi/core/sx_function.cpp:77]
iter    objective    inf_pr   inf_du lg(mu)  ||d||  lg(rg) alpha_du alpha_pr  ls
 170r 7.8187208e+00 4.40e-01 9.99e+02  -0.4 0.00e+00   7.5 0.00e+00 3.13e-07R  4
CasADi - 2026-10-04 13:16:04 MESSAGE("nlp_g::eval") [.../casadi/core/sx_function.cpp:77]
CasADi - 2026-10-04 13:16:04 MESSAGE("nlp_f::eval") [.../casadi/core/sx_function.cpp:77]
CasADi - 2026-10-04 13:16:04 MESSAGE("nlp_jac_g::eval") [.../casadi/core/sx_function.cpp:77]
 171r 8.2922558e+00 3.02e-01 1.00e+03  -0.4 4.40e+02    -  1.30e-04 7.20e-04f  1
CasADi - 2026-10-04 13:16:04 MESSAGE("nlp_grad_f::eval") [.../casadi/core/sx_function.cpp:77]
CasADi - 2026-10-04 13:16:04 MESSAGE("nlp_hess_l::eval") [.../casadi/core/sx_function.cpp:77]
CasADi - 2026-10-04 13:16:04 MESSAGE("nlp_g::eval") [.../casadi/core/sx_function.cpp:77]
CasADi - 2026-10-04 13:16:04 MESSAGE("nlp_f::eval") [.../casadi/core/sx_function.cpp:77]
CasADi - 2026-10-04 13:16:04 MESSAGE("nlp_grad_f::eval") [.../casadi/core/sx_function.cpp:77]
CasADi - 2026-10-04 13:16:04 MESSAGE("nlp_jac_g::eval") [.../casadi/core/sx_function.cpp:77]
CasADi - 2026-10-04 13:16:04 MESSAGE("nlp_hess_l::eval") [.../casadi/core/sx_function.cpp:77]
 172  8.3719022e+00 2.96e-01 1.73e+03  -1.0 4.19e+00    -  1.18e-01 2.18e-02f  1
CasADi - 2026-10-04 13:16:04 MESSAGE("nlp_g::eval") [.../casadi/core/sx_function.cpp:77]
CasADi - 2026-10-04 13:16:04 MESSAGE("nlp_f::eval") [.../casadi/core/sx_function.cpp:77]
CasADi - 2026-10-04 13:16:04 MESSAGE("nlp_grad_f::eval") [.../casadi/core/sx_function.cpp:77]
CasADi - 2026-10-04 13:16:04 MESSAGE("nlp_jac_g::eval") [.../casadi/core/sx_function.cpp:77]
CasADi - 2026-10-04 13:16:04 MESSAGE("nlp_hess_l::eval") [.../casadi/core/sx_function.cpp:77]
 173  9.3516771e+00 8.07e-01 1.65e+03  -1.0 1.28e+00    -  8.36e-02 1.84e-01f  1
CasADi - 2026-10-04 13:16:04 MESSAGE("nlp_g::eval") [.../casadi/core/sx_function.cpp:77]
CasADi - 2026-10-04 13:16:04 MESSAGE("nlp_f::eval") [.../casadi/core/sx_function.cpp:77]
CasADi - 2026-10-04 13:16:04 MESSAGE("nlp_grad_f::eval") [.../casadi/core/sx_function.cpp:77]
CasADi - 2026-10-04 13:16:04 MESSAGE("nlp_jac_g::eval") [.../casadi/core/sx_function.cpp:77]
CasADi - 2026-10-04 13:16:04 MESSAGE("nlp_hess_l::eval") [.../casadi/core/sx_function.cpp:77]
 174  9.3609133e+00 8.05e-01 1.11e+05  -1.0 3.97e-01   7.1 1.43e-01 2.31e-03h  1
CasADi - 2026-10-04 13:16:04 MESSAGE("nlp_g::eval") [.../casadi/core/sx_function.cpp:77]
CasADi - 2026-10-04 13:16:04 MESSAGE("nlp_f::eval") [.../casadi/core/sx_function.cpp:77]
CasADi - 2026-10-04 13:16:04 MESSAGE("nlp_grad_f::eval") [.../casadi/core/sx_function.cpp:77]
CasADi - 2026-10-04 13:16:04 MESSAGE("nlp_jac_g::eval") [.../casadi/core/sx_function.cpp:77]
CasADi - 2026-10-04 13:16:04 MESSAGE("nlp_hess_l::eval") [.../casadi/core/sx_function.cpp:77]
 175  9.3610785e+00 8.05e-01 3.94e+07  -1.0 4.08e-01   6.6 2.11e-01 4.13e-05h  1
CasADi - 2026-10-04 13:16:04 MESSAGE("nlp_g::eval") [.../casadi/core/sx_function.cpp:77]
CasADi - 2026-10-04 13:16:04 MESSAGE("nlp_f::eval") [.../casadi/core/sx_function.cpp:77]
CasADi - 2026-10-04 13:16:04 MESSAGE("nlp_grad_f::eval") [.../casadi/core/sx_function.cpp:77]
CasADi - 2026-10-04 13:16:04 MESSAGE("nlp_jac_g::eval") [.../casadi/core/sx_function.cpp:77]
CasADi - 2026-10-04 13:16:04 MESSAGE("nlp_hess_l::eval") [.../casadi/core/sx_function.cpp:77]
 176  9.4388526e+00 7.91e-01 2.38e+08  -1.0 3.83e-01   7.0 1.97e-01 1.90e-02h  1
CasADi - 2026-10-04 13:16:04 MESSAGE("nlp_g::eval") [.../casadi/core/sx_function.cpp:77]
CasADi - 2026-10-04 13:16:04 MESSAGE("nlp_f::eval") [.../casadi/core/sx_function.cpp:77]
CasADi - 2026-10-04 13:16:04 MESSAGE("nlp_grad_f::eval") [.../casadi/core/sx_function.cpp:77]
CasADi - 2026-10-04 13:16:04 MESSAGE("nlp_jac_g::eval") [.../casadi/core/sx_function.cpp:77]
CasADi - 2026-10-04 13:16:04 MESSAGE("nlp_hess_l::eval") [.../casadi/core/sx_function.cpp:77]
 177  9.4420424e+00 7.91e-01 3.11e+08  -1.0 5.14e-01   7.4 3.32e-02 7.95e-04h  1
CasADi - 2026-10-04 13:16:04 MESSAGE("nlp_g::eval") [.../casadi/core/sx_function.cpp:77]
CasADi - 2026-10-04 13:16:04 MESSAGE("nlp_f::eval") [.../casadi/core/sx_function.cpp:77]
CasADi - 2026-10-04 13:16:04 MESSAGE("nlp_grad_f::eval") [.../casadi/core/sx_function.cpp:77]
CasADi - 2026-10-04 13:16:04 MESSAGE("nlp_jac_g::eval") [.../casadi/core/sx_function.cpp:77]
CasADi - 2026-10-04 13:16:04 MESSAGE("nlp_hess_l::eval") [.../casadi/core/sx_function.cpp:77]
 178  9.4622665e+00 7.87e-01 2.12e+09  -1.0 5.05e-01   7.9 2.88e-01 5.07e-03h  1
CasADi - 2026-10-04 13:16:04 MESSAGE("nlp_g::eval") [.../casadi/core/sx_function.cpp:77]
CasADi - 2026-10-04 13:16:04 MESSAGE("nlp_f::eval") [.../casadi/core/sx_function.cpp:77]
CasADi - 2026-10-04 13:16:04 MESSAGE("nlp_grad_f::eval") [.../casadi/core/sx_function.cpp:77]
CasADi - 2026-10-04 13:16:04 MESSAGE("nlp_jac_g::eval") [.../casadi/core/sx_function.cpp:77]
CasADi - 2026-10-04 13:16:04 MESSAGE("nlp_hess_l::eval") [.../casadi/core/sx_function.cpp:77]
 179  9.4906382e+00 7.81e-01 5.24e+09  -1.0 5.02e-01   8.3 2.13e-01 7.21e-03h  1
CasADi - 2026-10-04 13:16:04 MESSAGE("nlp_g::eval") [.../casadi/core/sx_function.cpp:77]
CasADi - 2026-10-04 13:16:04 MESSAGE("nlp_f::eval") [.../casadi/core/sx_function.cpp:77]
CasADi - 2026-10-04 13:16:04 MESSAGE("nlp_g::eval") [.../casadi/core/sx_function.cpp:77]
CasADi - 2026-10-04 13:16:04 MESSAGE("nlp_f::eval") [.../casadi/core/sx_function.cpp:77]
CasADi - 2026-10-04 13:16:04 MESSAGE("nlp_g::eval") [.../casadi/core/sx_function.cpp:77]
CasADi - 2026-10-04 13:16:04 MESSAGE("nlp_f::eval") [.../casadi/core/sx_function.cpp:77]
CasADi - 2026-10-04 13:16:04 MESSAGE("nlp_g::eval") [.../casadi/core/sx_function.cpp:77]
CasADi - 2026-10-04 13:16:04 MESSAGE("nlp_f::eval") [.../casadi/core/sx_function.cpp:77]
CasADi - 2026-10-04 13:16:04 MESSAGE("nlp_g::eval") [.../casadi/core/sx_function.cpp:77]
CasADi - 2026-10-04 13:16:04 MESSAGE("nlp_f::eval") [.../casadi/core/sx_function.cpp:77]
CasADi - 2026-10-04 13:16:04 MESSAGE("nlp_grad_f::eval") [.../casadi/core/sx_function.cpp:77]
CasADi - 2026-10-04 13:16:04 MESSAGE("nlp_jac_g::eval") [.../casadi/core/sx_function.cpp:77]
CasADi - 2026-10-04 13:16:04 MESSAGE("nlp_hess_l::eval") [.../casadi/core/sx_function.cpp:77]
iter    objective    inf_pr   inf_du lg(mu)  ||d||  lg(rg) alpha_du alpha_pr  ls
 180  9.4932004e+00 7.81e-01 1.97e+10  -1.0 4.82e-01   8.7 3.83e-01 6.62e-04h  5
CasADi - 2026-10-04 13:16:04 MESSAGE("nlp_g::eval") [.../casadi/core/sx_function.cpp:77]
CasADi - 2026-10-04 13:16:04 MESSAGE("nlp_f::eval") [.../casadi/core/sx_function.cpp:77]
CasADi - 2026-10-04 13:16:04 MESSAGE("nlp_g::eval") [.../casadi/core/sx_function.cpp:77]
CasADi - 2026-10-04 13:16:04 MESSAGE("nlp_f::eval") [.../casadi/core/sx_function.cpp:77]
CasADi - 2026-10-04 13:16:04 MESSAGE("nlp_g::eval") [.../casadi/core/sx_function.cpp:77]
CasADi - 2026-10-04 13:16:04 MESSAGE("nlp_f::eval") [.../casadi/core/sx_function.cpp:77]
CasADi - 2026-10-04 13:16:04 MESSAGE("nlp_g::eval") [.../casadi/core/sx_function.cpp:77]
CasADi - 2026-10-04 13:16:04 MESSAGE("nlp_f::eval") [.../casadi/core/sx_function.cpp:77]
CasADi - 2026-10-04 13:16:04 MESSAGE("nlp_g::eval") [.../casadi/core/sx_function.cpp:77]
CasADi - 2026-10-04 13:16:04 MESSAGE("nlp_f::eval") [.../casadi/core/sx_function.cpp:77]
CasADi - 2026-10-04 13:16:04 MESSAGE("nlp_g::eval") [.../casadi/core/sx_function.cpp:77]
CasADi - 2026-10-04 13:16:04 MESSAGE("nlp_f::eval") [.../casadi/core/sx_function.cpp:77]
CasADi - 2026-10-04 13:16:04 MESSAGE("nlp_g::eval") [.../casadi/core/sx_function.cpp:77]
CasADi - 2026-10-04 13:16:04 MESSAGE("nlp_f::eval") [.../casadi/core/sx_function.cpp:77]
CasADi - 2026-10-04 13:16:04 MESSAGE("nlp_grad_f::eval") [.../casadi/core/sx_function.cpp:77]
CasADi - 2026-10-04 13:16:04 MESSAGE("nlp_jac_g::eval") [.../casadi/core/sx_function.cpp:77]
CasADi - 2026-10-04 13:16:04 MESSAGE("nlp_hess_l::eval") [.../casadi/core/sx_function.cpp:77]
 181  9.4943496e+00 7.80e-01 2.56e+10  -1.0 4.81e-01   9.1 6.21e-02 2.96e-04h  7
CasADi - 2026-10-04 13:16:04 MESSAGE("nlp_g::eval") [.../casadi/core/sx_function.cpp:77]
CasADi - 2026-10-04 13:16:04 MESSAGE("nlp_f::eval") [.../casadi/core/sx_function.cpp:77]
CasADi - 2026-10-04 13:16:04 MESSAGE("nlp_g::eval") [.../casadi/core/sx_function.cpp:77]
CasADi - 2026-10-04 13:16:04 MESSAGE("nlp_f::eval") [.../casadi/core/sx_function.cpp:77]
CasADi - 2026-10-04 13:16:04 MESSAGE("nlp_g::eval") [.../casadi/core/sx_function.cpp:77]
CasADi - 2026-10-04 13:16:04 MESSAGE("nlp_f::eval") [.../casadi/core/sx_function.cpp:77]
CasADi - 2026-10-04 13:16:04 MESSAGE("nlp_g::eval") [.../casadi/core/sx_function.cpp:77]
CasADi - 2026-10-04 13:16:04 MESSAGE("nlp_f::eval") [.../casadi/core/sx_function.cpp:77]
CasADi - 2026-10-04 13:16:04 MESSAGE("nlp_g::eval") [.../casadi/core/sx_function.cpp:77]
CasADi - 2026-10-04 13:16:04 MESSAGE("nlp_f::eval") [.../casadi/core/sx_function.cpp:77]
CasADi - 2026-10-04 13:16:04 MESSAGE("nlp_g::eval") [.../casadi/core/sx_function.cpp:77]
CasADi - 2026-10-04 13:16:04 MESSAGE("nlp_f::eval") [.../casadi/core/sx_function.cpp:77]
CasADi - 2026-10-04 13:16:04 MESSAGE("nlp_g::eval") [.../casadi/core/sx_function.cpp:77]
CasADi - 2026-10-04 13:16:04 MESSAGE("nlp_f::eval") [.../casadi/core/sx_function.cpp:77]
CasADi - 2026-10-04 13:16:04 MESSAGE("nlp_g::eval") [.../casadi/core/sx_function.cpp:77]
CasADi - 2026-10-04 13:16:04 MESSAGE("nlp_f::eval") [.../casadi/core/sx_function.cpp:77]
CasADi - 2026-10-04 13:16:04 MESSAGE("nlp_g::eval") [.../casadi/core/sx_function.cpp:77]
CasADi - 2026-10-04 13:16:04 MESSAGE("nlp_f::eval") [.../casadi/core/sx_function.cpp:77]
CasADi - 2026-10-04 13:16:04 MESSAGE("nlp_grad_f::eval") [.../casadi/core/sx_function.cpp:77]
CasADi - 2026-10-04 13:16:04 MESSAGE("nlp_jac_g::eval") [.../casadi/core/sx_function.cpp:77]
CasADi - 2026-10-04 13:16:04 MESSAGE("nlp_hess_l::eval") [.../casadi/core/sx_function.cpp:77]
 182  9.4946506e+00 7.80e-01 2.84e+10  -1.0 4.83e-01   8.7 2.38e-01 7.65e-05h  9
CasADi - 2026-10-04 13:16:05 MESSAGE("nlp_g::eval") [.../casadi/core/sx_function.cpp:77]
CasADi - 2026-10-04 13:16:05 MESSAGE("nlp_f::eval") [.../casadi/core/sx_function.cpp:77]
CasADi - 2026-10-04 13:16:05 MESSAGE("nlp_g::eval") [.../casadi/core/sx_function.cpp:77]
CasADi - 2026-10-04 13:16:05 MESSAGE("nlp_f::eval") [.../casadi/core/sx_function.cpp:77]
CasADi - 2026-10-04 13:16:05 MESSAGE("nlp_g::eval") [.../casadi/core/sx_function.cpp:77]
CasADi - 2026-10-04 13:16:05 MESSAGE("nlp_f::eval") [.../casadi/core/sx_function.cpp:77]
CasADi - 2026-10-04 13:16:05 MESSAGE("nlp_g::eval") [.../casadi/core/sx_function.cpp:77]
CasADi - 2026-10-04 13:16:05 MESSAGE("nlp_f::eval") [.../casadi/core/sx_function.cpp:77]
CasADi - 2026-10-04 13:16:05 MESSAGE("nlp_g::eval") [.../casadi/core/sx_function.cpp:77]
CasADi - 2026-10-04 13:16:05 MESSAGE("nlp_f::eval") [.../casadi/core/sx_function.cpp:77]
CasADi - 2026-10-04 13:16:05 MESSAGE("nlp_g::eval") [.../casadi/core/sx_function.cpp:77]
CasADi - 2026-10-04 13:16:05 MESSAGE("nlp_f::eval") [.../casadi/core/sx_function.cpp:77]
CasADi - 2026-10-04 13:16:05 MESSAGE("nlp_g::eval") [.../casadi/core/sx_function.cpp:77]
CasADi - 2026-10-04 13:16:05 MESSAGE("nlp_f::eval") [.../casadi/core/sx_function.cpp:77]
CasADi - 2026-10-04 13:16:05 MESSAGE("nlp_g::eval") [.../casadi/core/sx_function.cpp:77]
CasADi - 2026-10-04 13:16:05 MESSAGE("nlp_f::eval") [.../casadi/core/sx_function.cpp:77]
CasADi - 2026-10-04 13:16:05 MESSAGE("nlp_g::eval") [.../casadi/core/sx_function.cpp:77]
CasADi - 2026-10-04 13:16:05 MESSAGE("nlp_f::eval") [.../casadi/core/sx_function.cpp:77]
CasADi - 2026-10-04 13:16:05 MESSAGE("nlp_g::eval") [.../casadi/core/sx_function.cpp:77]
CasADi - 2026-10-04 13:16:05 MESSAGE("nlp_f::eval") [.../casadi/core/sx_function.cpp:77]
CasADi - 2026-10-04 13:16:05 MESSAGE("nlp_g::eval") [.../casadi/core/sx_function.cpp:77]
CasADi - 2026-10-04 13:16:05 MESSAGE("nlp_f::eval") [.../casadi/core/sx_function.cpp:77]
CasADi - 2026-10-04 13:16:05 MESSAGE("nlp_g::eval") [.../casadi/core/sx_function.cpp:77]
CasADi - 2026-10-04 13:16:05 MESSAGE("nlp_f::eval") [.../casadi/core/sx_function.cpp:77]
CasADi - 2026-10-04 13:16:05 MESSAGE("nlp_g::eval") [.../casadi/core/sx_function.cpp:77]
CasADi - 2026-10-04 13:16:05 MESSAGE("nlp_f::eval") [.../casadi/core/sx_function.cpp:77]
CasADi - 2026-10-04 13:16:05 MESSAGE("nlp_g::eval") [.../casadi/core/sx_function.cpp:77]
CasADi - 2026-10-04 13:16:05 MESSAGE("nlp_f::eval") [.../casadi/core/sx_function.cpp:77]
CasADi - 2026-10-04 13:16:05 MESSAGE("nlp_g::eval") [.../casadi/core/sx_function.cpp:77]
CasADi - 2026-10-04 13:16:05 MESSAGE("nlp_f::eval") [.../casadi/core/sx_function.cpp:77]
CasADi - 2026-10-04 13:16:05 MESSAGE("nlp_g::eval") [.../casadi/core/sx_function.cpp:77]
CasADi - 2026-10-04 13:16:05 MESSAGE("nlp_f::eval") [.../casadi/core/sx_function.cpp:77]
CasADi - 2026-10-04 13:16:05 MESSAGE("nlp_f::eval") [.../casadi/core/sx_function.cpp:77]
CasADi - 2026-10-04 13:16:05 MESSAGE("nlp_g::eval") [.../casadi/core/sx_function.cpp:77]
CasADi - 2026-10-04 13:16:05 MESSAGE("nlp_grad_f::eval") [.../casadi/core/sx_function.cpp:77]
CasADi - 2026-10-04 13:16:05 MESSAGE("nlp_jac_g::eval") [.../casadi/core/sx_function.cpp:77]
CasADi - 2026-10-04 13:16:05 MESSAGE("nlp_g::eval") [.../casadi/core/sx_function.cpp:77]
CasADi - 2026-10-04 13:16:05 MESSAGE("nlp_jac_g::eval") [.../casadi/core/sx_function.cpp:77]
CasADi - 2026-10-04 13:16:05 MESSAGE("nlp_f::eval") [.../casadi/core/sx_function.cpp:77]
 183r 9.4946506e+00 7.80e-01 1.00e+03  -0.1 0.00e+00   9.1 0.00e+00 3.56e-07R 17
CasADi - 2026-10-04 13:16:05 MESSAGE("nlp_g::eval") [.../casadi/core/sx_function.cpp:77]
CasADi - 2026-10-04 13:16:05 MESSAGE("nlp_f::eval") [.../casadi/core/sx_function.cpp:77]
CasADi - 2026-10-04 13:16:05 MESSAGE("nlp_jac_g::eval") [.../casadi/core/sx_function.cpp:77]
 184r 9.7258158e+00 2.34e-01 1.21e+03  -0.1 7.67e+02    -  5.23e-03 1.00e-03f  1
CasADi - 2026-10-04 13:16:05 MESSAGE("nlp_grad_f::eval") [.../casadi/core/sx_function.cpp:77]
CasADi - 2026-10-04 13:16:05 MESSAGE("nlp_hess_l::eval") [.../casadi/core/sx_function.cpp:77]
CasADi - 2026-10-04 13:16:05 MESSAGE("nlp_g::eval") [.../casadi/core/sx_function.cpp:77]
CasADi - 2026-10-04 13:16:05 MESSAGE("nlp_f::eval") [.../casadi/core/sx_function.cpp:77]
CasADi - 2026-10-04 13:16:05 MESSAGE("nlp_grad_f::eval") [.../casadi/core/sx_function.cpp:77]
CasADi - 2026-10-04 13:16:05 MESSAGE("nlp_jac_g::eval") [.../casadi/core/sx_function.cpp:77]
CasADi - 2026-10-04 13:16:05 MESSAGE("nlp_hess_l::eval") [.../casadi/core/sx_function.cpp:77]
 185  9.7332170e+00 2.33e-01 6.63e+02  -1.0 4.24e+01    -  2.75e-02 6.79e-03f  1
CasADi - 2026-10-04 13:16:05 MESSAGE("nlp_g::eval") [.../casadi/core/sx_function.cpp:77]
CasADi - 2026-10-04 13:16:05 MESSAGE("nlp_f::eval") [.../casadi/core/sx_function.cpp:77]
CasADi - 2026-10-04 13:16:05 MESSAGE("nlp_grad_f::eval") [.../casadi/core/sx_function.cpp:77]
CasADi - 2026-10-04 13:16:05 MESSAGE("nlp_jac_g::eval") [.../casadi/core/sx_function.cpp:77]
CasADi - 2026-10-04 13:16:05 MESSAGE("nlp_hess_l::eval") [.../casadi/core/sx_function.cpp:77]
 186  9.7724119e+00 2.31e-01 4.64e+07  -1.0 4.66e-01   8.6 4.56e-01 1.05e-02h  1
CasADi - 2026-10-04 13:16:05 MESSAGE("nlp_g::eval") [.../casadi/core/sx_function.cpp:77]
CasADi - 2026-10-04 13:16:05 MESSAGE("nlp_f::eval") [.../casadi/core/sx_function.cpp:77]
CasADi - 2026-10-04 13:16:05 MESSAGE("nlp_grad_f::eval") [.../casadi/core/sx_function.cpp:77]
CasADi - 2026-10-04 13:16:05 MESSAGE("nlp_jac_g::eval") [.../casadi/core/sx_function.cpp:77]
CasADi - 2026-10-04 13:16:05 MESSAGE("nlp_hess_l::eval") [.../casadi/core/sx_function.cpp:77]
 187  9.7728683e+00 2.31e-01 4.64e+07  -1.0 5.20e-01   9.0 2.23e-02 1.23e-04h  1
CasADi - 2026-10-04 13:16:05 MESSAGE("nlp_g::eval") [.../casadi/core/sx_function.cpp:77]
CasADi - 2026-10-04 13:16:05 MESSAGE("nlp_f::eval") [.../casadi/core/sx_function.cpp:77]
CasADi - 2026-10-04 13:16:05 MESSAGE("nlp_g::eval") [.../casadi/core/sx_function.cpp:77]
CasADi - 2026-10-04 13:16:05 MESSAGE("nlp_f::eval") [.../casadi/core/sx_function.cpp:77]
CasADi - 2026-10-04 13:16:05 MESSAGE("nlp_g::eval") [.../casadi/core/sx_function.cpp:77]
CasADi - 2026-10-04 13:16:05 MESSAGE("nlp_f::eval") [.../casadi/core/sx_function.cpp:77]
CasADi - 2026-10-04 13:16:05 MESSAGE("nlp_f::eval") [.../casadi/core/sx_function.cpp:77]
CasADi - 2026-10-04 13:16:05 MESSAGE("nlp_g::eval") [.../casadi/core/sx_function.cpp:77]
CasADi - 2026-10-04 13:16:05 MESSAGE("nlp_grad_f::eval") [.../casadi/core/sx_function.cpp:77]
CasADi - 2026-10-04 13:16:05 MESSAGE("nlp_jac_g::eval") [.../casadi/core/sx_function.cpp:77]
CasADi - 2026-10-04 13:16:05 MESSAGE("nlp_g::eval") [.../casadi/core/sx_function.cpp:77]
CasADi - 2026-10-04 13:16:05 MESSAGE("nlp_jac_g::eval") [.../casadi/core/sx_function.cpp:77]
CasADi - 2026-10-04 13:16:05 MESSAGE("nlp_f::eval") [.../casadi/core/sx_function.cpp:77]
 188r 9.7728683e+00 2.31e-01 9.99e+02  -0.6 0.00e+00   9.5 0.00e+00 3.82e-07R  4
CasADi - 2026-10-04 13:16:05 MESSAGE("nlp_g::eval") [.../casadi/core/sx_function.cpp:77]
CasADi - 2026-10-04 13:16:05 MESSAGE("nlp_f::eval") [.../casadi/core/sx_function.cpp:77]
CasADi - 2026-10-04 13:16:05 MESSAGE("nlp_jac_g::eval") [.../casadi/core/sx_function.cpp:77]
CasADi - 2026-10-04 13:16:05 MESSAGE("nlp_hess_l::eval") [.../casadi/core/sx_function.cpp:77]
 189r 1.0419419e+01 2.57e-01 1.04e+03  -0.6 2.28e+02    -  2.34e-03 1.00e-03f  1
CasADi - 2026-10-04 13:16:05 MESSAGE("nlp_g::eval") [.../casadi/core/sx_function.cpp:77]
CasADi - 2026-10-04 13:16:05 MESSAGE("nlp_f::eval") [.../casadi/core/sx_function.cpp:77]
CasADi - 2026-10-04 13:16:05 MESSAGE("nlp_jac_g::eval") [.../casadi/core/sx_function.cpp:77]
CasADi - 2026-10-04 13:16:05 MESSAGE("nlp_hess_l::eval") [.../casadi/core/sx_function.cpp:77]
iter    objective    inf_pr   inf_du lg(mu)  ||d||  lg(rg) alpha_du alpha_pr  ls
 190r 1.1533697e+01 1.16e+00 1.06e+03  -0.6 1.13e+02    -  2.76e-03 2.50e-03f  1
CasADi - 2026-10-04 13:16:05 MESSAGE("nlp_g::eval") [.../casadi/core/sx_function.cpp:77]
CasADi - 2026-10-04 13:16:05 MESSAGE("nlp_f::eval") [.../casadi/core/sx_function.cpp:77]
CasADi - 2026-10-04 13:16:05 MESSAGE("nlp_jac_g::eval") [.../casadi/core/sx_function.cpp:77]
CasADi - 2026-10-04 13:16:05 MESSAGE("nlp_hess_l::eval") [.../casadi/core/sx_function.cpp:77]
 191r 1.2088272e+01 1.18e+00 1.06e+03  -0.6 4.13e+00   2.0 3.28e-03 6.45e-03f  1
CasADi - 2026-10-04 13:16:05 MESSAGE("nlp_g::eval") [.../casadi/core/sx_function.cpp:77]
CasADi - 2026-10-04 13:16:05 MESSAGE("nlp_f::eval") [.../casadi/core/sx_function.cpp:77]
CasADi - 2026-10-04 13:16:05 MESSAGE("nlp_jac_g::eval") [.../casadi/core/sx_function.cpp:77]
CasADi - 2026-10-04 13:16:05 MESSAGE("nlp_hess_l::eval") [.../casadi/core/sx_function.cpp:77]
 192r 1.2388339e+01 1.18e+00 1.05e+03  -0.6 1.69e+00   2.4 7.44e-03 7.11e-03f  1
CasADi - 2026-10-04 13:16:05 MESSAGE("nlp_g::eval") [.../casadi/core/sx_function.cpp:77]
CasADi - 2026-10-04 13:16:05 MESSAGE("nlp_f::eval") [.../casadi/core/sx_function.cpp:77]
CasADi - 2026-10-04 13:16:05 MESSAGE("nlp_jac_g::eval") [.../casadi/core/sx_function.cpp:77]
CasADi - 2026-10-04 13:16:05 MESSAGE("nlp_hess_l::eval") [.../casadi/core/sx_function.cpp:77]
 193r 1.2812651e+01 1.22e+00 1.09e+03  -0.6 2.55e+00   1.9 5.55e-03 6.81e-03f  1
CasADi - 2026-10-04 13:16:05 MESSAGE("nlp_g::eval") [.../casadi/core/sx_function.cpp:77]
CasADi - 2026-10-04 13:16:05 MESSAGE("nlp_f::eval") [.../casadi/core/sx_function.cpp:77]
CasADi - 2026-10-04 13:16:05 MESSAGE("nlp_jac_g::eval") [.../casadi/core/sx_function.cpp:77]
CasADi - 2026-10-04 13:16:05 MESSAGE("nlp_hess_l::eval") [.../casadi/core/sx_function.cpp:77]
 194r 1.3099289e+01 1.28e+00 1.06e+03  -0.6 7.91e+00   1.5 1.16e-02 3.97e-03f  1
CasADi - 2026-10-04 13:16:05 MESSAGE("nlp_g::eval") [.../casadi/core/sx_function.cpp:77]
CasADi - 2026-10-04 13:16:05 MESSAGE("nlp_f::eval") [.../casadi/core/sx_function.cpp:77]
CasADi - 2026-10-04 13:16:05 MESSAGE("nlp_jac_g::eval") [.../casadi/core/sx_function.cpp:77]
CasADi - 2026-10-04 13:16:05 MESSAGE("nlp_hess_l::eval") [.../casadi/core/sx_function.cpp:77]
 195r 1.3410113e+01 1.26e+00 1.48e+03  -0.6 4.59e-01   2.8 3.32e-02 2.16e-02f  1
CasADi - 2026-10-04 13:16:05 MESSAGE("nlp_g::eval") [.../casadi/core/sx_function.cpp:77]
CasADi - 2026-10-04 13:16:05 MESSAGE("nlp_f::eval") [.../casadi/core/sx_function.cpp:77]
CasADi - 2026-10-04 13:16:05 MESSAGE("nlp_jac_g::eval") [.../casadi/core/sx_function.cpp:77]
CasADi - 2026-10-04 13:16:05 MESSAGE("nlp_hess_l::eval") [.../casadi/core/sx_function.cpp:77]
 196r 1.3709551e+01 1.29e+00 3.32e+03  -0.6 9.00e-01   2.3 5.67e-02 1.71e-02f  1
CasADi - 2026-10-04 13:16:05 MESSAGE("nlp_g::eval") [.../casadi/core/sx_function.cpp:77]
CasADi - 2026-10-04 13:16:05 MESSAGE("nlp_f::eval") [.../casadi/core/sx_function.cpp:77]
CasADi - 2026-10-04 13:16:05 MESSAGE("nlp_jac_g::eval") [.../casadi/core/sx_function.cpp:77]
CasADi - 2026-10-04 13:16:05 MESSAGE("nlp_hess_l::eval") [.../casadi/core/sx_function.cpp:77]
 197r 1.4004506e+01 1.53e+00 3.49e+03  -0.6 3.43e+00   1.8 1.97e-02 2.00e-02f  1
CasADi - 2026-10-04 13:16:05 MESSAGE("nlp_g::eval") [.../casadi/core/sx_function.cpp:77]
CasADi - 2026-10-04 13:16:05 MESSAGE("nlp_f::eval") [.../casadi/core/sx_function.cpp:77]
CasADi - 2026-10-04 13:16:05 MESSAGE("nlp_jac_g::eval") [.../casadi/core/sx_function.cpp:77]
CasADi - 2026-10-04 13:16:05 MESSAGE("nlp_hess_l::eval") [.../casadi/core/sx_function.cpp:77]
 198r 1.4116270e+01 1.52e+00 3.43e+03  -0.6 9.01e-01   2.3 2.23e-02 1.99e-02f  1
CasADi - 2026-10-04 13:16:05 MESSAGE("nlp_g::eval") [.../casadi/core/sx_function.cpp:77]
CasADi - 2026-10-04 13:16:05 MESSAGE("nlp_f::eval") [.../casadi/core/sx_function.cpp:77]
CasADi - 2026-10-04 13:16:05 MESSAGE("nlp_jac_g::eval") [.../casadi/core/sx_function.cpp:77]
CasADi - 2026-10-04 13:16:05 MESSAGE("nlp_hess_l::eval") [.../casadi/core/sx_function.cpp:77]
 199r 1.4240022e+01 1.46e+00 3.53e+03  -0.6 3.80e-01   2.7 5.83e-02 4.63e-02f  1
CasADi - 2026-10-04 13:16:05 MESSAGE("nlp_g::eval") [.../casadi/core/sx_function.cpp:77]
CasADi - 2026-10-04 13:16:05 MESSAGE("nlp_f::eval") [.../casadi/core/sx_function.cpp:77]
CasADi - 2026-10-04 13:16:05 MESSAGE("nlp_jac_g::eval") [.../casadi/core/sx_function.cpp:77]
CasADi - 2026-10-04 13:16:05 MESSAGE("nlp_hess_l::eval") [.../casadi/core/sx_function.cpp:77]
iter    objective    inf_pr   inf_du lg(mu)  ||d||  lg(rg) alpha_du alpha_pr  ls
 200r 1.4293903e+01 1.36e+00 3.23e+03  -0.6 1.45e-01   3.1 6.98e-02 7.06e-02f  1
CasADi - 2026-10-04 13:16:05 MESSAGE("nlp_g::eval") [.../casadi/core/sx_function.cpp:77]
CasADi - 2026-10-04 13:16:05 MESSAGE("nlp_f::eval") [.../casadi/core/sx_function.cpp:77]
CasADi - 2026-10-04 13:16:05 MESSAGE("nlp_jac_g::eval") [.../casadi/core/sx_function.cpp:77]
CasADi - 2026-10-04 13:16:05 MESSAGE("nlp_hess_l::eval") [.../casadi/core/sx_function.cpp:77]
 201r 1.4309613e+01 1.22e+00 3.08e+03  -0.6 8.40e-02   3.6 1.03e-01 9.94e-02f  1
CasADi - 2026-10-04 13:16:05 MESSAGE("nlp_g::eval") [.../casadi/core/sx_function.cpp:77]
CasADi - 2026-10-04 13:16:05 MESSAGE("nlp_f::eval") [.../casadi/core/sx_function.cpp:77]
CasADi - 2026-10-04 13:16:05 MESSAGE("nlp_jac_g::eval") [.../casadi/core/sx_function.cpp:77]
CasADi - 2026-10-04 13:16:05 MESSAGE("nlp_hess_l::eval") [.../casadi/core/sx_function.cpp:77]
 202r 1.4302286e+01 1.17e+00 3.44e+03  -0.6 1.69e-01   3.1 3.31e-02 4.77e-02f  1
CasADi - 2026-10-04 13:16:05 MESSAGE("nlp_g::eval") [.../casadi/core/sx_function.cpp:77]
CasADi - 2026-10-04 13:16:05 MESSAGE("nlp_f::eval") [.../casadi/core/sx_function.cpp:77]
CasADi - 2026-10-04 13:16:05 MESSAGE("nlp_jac_g::eval") [.../casadi/core/sx_function.cpp:77]
CasADi - 2026-10-04 13:16:05 MESSAGE("nlp_hess_l::eval") [.../casadi/core/sx_function.cpp:77]
 203r 1.4295294e+01 1.10e+00 1.52e+04  -0.6 4.27e-02   4.4 1.72e-01 5.32e-02f  1
CasADi - 2026-10-04 13:16:05 MESSAGE("nlp_g::eval") [.../casadi/core/sx_function.cpp:77]
CasADi - 2026-10-04 13:16:05 MESSAGE("nlp_f::eval") [.../casadi/core/sx_function.cpp:77]
CasADi - 2026-10-04 13:16:05 MESSAGE("nlp_jac_g::eval") [.../casadi/core/sx_function.cpp:77]
CasADi - 2026-10-04 13:16:05 MESSAGE("nlp_hess_l::eval") [.../casadi/core/sx_function.cpp:77]
 204r 1.4281474e+01 1.02e+00 8.79e+03  -0.6 3.40e-02   4.8 5.43e-02 8.00e-02f  1
CasADi - 2026-10-04 13:16:05 MESSAGE("nlp_g::eval") [.../casadi/core/sx_function.cpp:77]
CasADi - 2026-10-04 13:16:05 MESSAGE("nlp_f::eval") [.../casadi/core/sx_function.cpp:77]
CasADi - 2026-10-04 13:16:05 MESSAGE("nlp_jac_g::eval") [.../casadi/core/sx_function.cpp:77]
CasADi - 2026-10-04 13:16:05 MESSAGE("nlp_hess_l::eval") [.../casadi/core/sx_function.cpp:77]
 205r 1.4275431e+01 9.69e-01 8.20e+03  -0.6 4.97e-02   4.4 4.44e-02 4.68e-02f  1
CasADi - 2026-10-04 13:16:05 MESSAGE("nlp_g::eval") [.../casadi/core/sx_function.cpp:77]
CasADi - 2026-10-04 13:16:05 MESSAGE("nlp_f::eval") [.../casadi/core/sx_function.cpp:77]
CasADi - 2026-10-04 13:16:05 MESSAGE("nlp_jac_g::eval") [.../casadi/core/sx_function.cpp:77]
CasADi - 2026-10-04 13:16:05 MESSAGE("nlp_hess_l::eval") [.../casadi/core/sx_function.cpp:77]
 206r 1.4274568e+01 9.64e-01 1.91e+05  -0.6 3.18e-02   5.7 4.51e-02 4.92e-03h  1
CasADi - 2026-10-04 13:16:05 MESSAGE("nlp_g::eval") [.../casadi/core/sx_function.cpp:77]
CasADi - 2026-10-04 13:16:05 MESSAGE("nlp_f::eval") [.../casadi/core/sx_function.cpp:77]
CasADi - 2026-10-04 13:16:05 MESSAGE("nlp_jac_g::eval") [.../casadi/core/sx_function.cpp:77]
CasADi - 2026-10-04 13:16:05 MESSAGE("nlp_hess_l::eval") [.../casadi/core/sx_function.cpp:77]
 207r 1.4263984e+01 9.05e-01 1.99e+05  -0.6 3.06e-02   5.2 7.55e-02 6.11e-02f  1
CasADi - 2026-10-04 13:16:05 MESSAGE("nlp_g::eval") [.../casadi/core/sx_function.cpp:77]
CasADi - 2026-10-04 13:16:05 MESSAGE("nlp_f::eval") [.../casadi/core/sx_function.cpp:77]
CasADi - 2026-10-04 13:16:05 MESSAGE("nlp_jac_g::eval") [.../casadi/core/sx_function.cpp:77]
CasADi - 2026-10-04 13:16:05 MESSAGE("nlp_hess_l::eval") [.../casadi/core/sx_function.cpp:77]
 208r 1.4246399e+01 7.97e-01 1.52e+05  -0.6 6.08e-02   4.7 4.11e-02 1.21e-01f  1
CasADi - 2026-10-04 13:16:05 MESSAGE("nlp_g::eval") [.../casadi/core/sx_function.cpp:77]
CasADi - 2026-10-04 13:16:05 MESSAGE("nlp_f::eval") [.../casadi/core/sx_function.cpp:77]
CasADi - 2026-10-04 13:16:05 MESSAGE("nlp_jac_g::eval") [.../casadi/core/sx_function.cpp:77]
CasADi - 2026-10-04 13:16:05 MESSAGE("nlp_hess_l::eval") [.../casadi/core/sx_function.cpp:77]
 209r 1.4236041e+01 7.16e-01 1.32e+05  -0.6 6.88e-02   4.2 2.25e-01 1.02e-01f  1
CasADi - 2026-10-04 13:16:05 MESSAGE("nlp_g::eval") [.../casadi/core/sx_function.cpp:77]
CasADi - 2026-10-04 13:16:05 MESSAGE("nlp_f::eval") [.../casadi/core/sx_function.cpp:77]
CasADi - 2026-10-04 13:16:05 MESSAGE("nlp_jac_g::eval") [.../casadi/core/sx_function.cpp:77]
CasADi - 2026-10-04 13:16:05 MESSAGE("nlp_hess_l::eval") [.../casadi/core/sx_function.cpp:77]
iter    objective    inf_pr   inf_du lg(mu)  ||d||  lg(rg) alpha_du alpha_pr  ls
 210r 1.4228134e+01 6.46e-01 1.05e+05  -0.6 7.92e-02   3.8 1.76e-01 9.85e-02f  1
CasADi - 2026-10-04 13:16:05 MESSAGE("nlp_g::eval") [.../casadi/core/sx_function.cpp:77]
CasADi - 2026-10-04 13:16:05 MESSAGE("nlp_f::eval") [.../casadi/core/sx_function.cpp:77]
CasADi - 2026-10-04 13:16:05 MESSAGE("nlp_jac_g::eval") [.../casadi/core/sx_function.cpp:77]
CasADi - 2026-10-04 13:16:05 MESSAGE("nlp_hess_l::eval") [.../casadi/core/sx_function.cpp:77]
 211r 1.4218594e+01 5.71e-01 9.69e+04  -0.6 4.91e-02   4.2 6.84e-02 1.16e-01f  1
CasADi - 2026-10-04 13:16:05 MESSAGE("nlp_g::eval") [.../casadi/core/sx_function.cpp:77]
CasADi - 2026-10-04 13:16:05 MESSAGE("nlp_f::eval") [.../casadi/core/sx_function.cpp:77]
CasADi - 2026-10-04 13:16:05 MESSAGE("nlp_jac_g::eval") [.../casadi/core/sx_function.cpp:77]
CasADi - 2026-10-04 13:16:05 MESSAGE("nlp_hess_l::eval") [.../casadi/core/sx_function.cpp:77]
 212r 1.4214349e+01 5.49e-01 1.30e+05  -0.6 2.23e-02   5.5 6.80e-02 3.78e-02h  1
CasADi - 2026-10-04 13:16:05 MESSAGE("nlp_g::eval") [.../casadi/core/sx_function.cpp:77]
CasADi - 2026-10-04 13:16:05 MESSAGE("nlp_f::eval") [.../casadi/core/sx_function.cpp:77]
CasADi - 2026-10-04 13:16:05 MESSAGE("nlp_jac_g::eval") [.../casadi/core/sx_function.cpp:77]
CasADi - 2026-10-04 13:16:05 MESSAGE("nlp_hess_l::eval") [.../casadi/core/sx_function.cpp:77]
 213r 1.4197779e+01 4.61e-01 1.01e+05  -0.6 2.31e-02   5.0 1.16e-01 1.63e-01h  1
CasADi - 2026-10-04 13:16:05 MESSAGE("nlp_g::eval") [.../casadi/core/sx_function.cpp:77]
CasADi - 2026-10-04 13:16:05 MESSAGE("nlp_f::eval") [.../casadi/core/sx_function.cpp:77]
CasADi - 2026-10-04 13:16:05 MESSAGE("nlp_jac_g::eval") [.../casadi/core/sx_function.cpp:77]
CasADi - 2026-10-04 13:16:05 MESSAGE("nlp_hess_l::eval") [.../casadi/core/sx_function.cpp:77]
 214r 1.4181369e+01 3.77e-01 6.62e+04  -0.6 1.55e-02   5.5 1.54e-01 1.82e-01h  1
CasADi - 2026-10-04 13:16:05 MESSAGE("nlp_g::eval") [.../casadi/core/sx_function.cpp:77]
CasADi - 2026-10-04 13:16:05 MESSAGE("nlp_f::eval") [.../casadi/core/sx_function.cpp:77]
CasADi - 2026-10-04 13:16:05 MESSAGE("nlp_jac_g::eval") [.../casadi/core/sx_function.cpp:77]
CasADi - 2026-10-04 13:16:05 MESSAGE("nlp_hess_l::eval") [.../casadi/core/sx_function.cpp:77]
 215r 1.4179796e+01 3.68e-01 6.50e+04  -0.6 5.54e-02   5.0 1.91e-02 2.43e-02f  1
CasADi - 2026-10-04 13:16:05 MESSAGE("nlp_g::eval") [.../casadi/core/sx_function.cpp:77]
CasADi - 2026-10-04 13:16:05 MESSAGE("nlp_f::eval") [.../casadi/core/sx_function.cpp:77]
CasADi - 2026-10-04 13:16:05 MESSAGE("nlp_jac_g::eval") [.../casadi/core/sx_function.cpp:77]
CasADi - 2026-10-04 13:16:05 MESSAGE("nlp_hess_l::eval") [.../casadi/core/sx_function.cpp:77]
 216r 1.4170050e+01 3.18e-01 1.52e+05  -0.6 1.28e-02   5.4 4.52e-01 1.36e-01h  1
CasADi - 2026-10-04 13:16:05 MESSAGE("nlp_g::eval") [.../casadi/core/sx_function.cpp:77]
CasADi - 2026-10-04 13:16:05 MESSAGE("nlp_f::eval") [.../casadi/core/sx_function.cpp:77]
CasADi - 2026-10-04 13:16:05 MESSAGE("nlp_jac_g::eval") [.../casadi/core/sx_function.cpp:77]
CasADi - 2026-10-04 13:16:05 MESSAGE("nlp_hess_l::eval") [.../casadi/core/sx_function.cpp:77]
 217r 1.4168677e+01 3.11e-01 1.52e+05  -0.6 7.72e-02   4.9 1.24e-02 2.38e-02f  1
CasADi - 2026-10-04 13:16:05 MESSAGE("nlp_g::eval") [.../casadi/core/sx_function.cpp:77]
CasADi - 2026-10-04 13:16:05 MESSAGE("nlp_f::eval") [.../casadi/core/sx_function.cpp:77]
CasADi - 2026-10-04 13:16:05 MESSAGE("nlp_jac_g::eval") [.../casadi/core/sx_function.cpp:77]
CasADi - 2026-10-04 13:16:05 MESSAGE("nlp_hess_l::eval") [.../casadi/core/sx_function.cpp:77]
 218r 1.4161410e+01 2.52e-01 1.69e+04  -0.6 2.69e-02   4.5 4.48e-01 1.90e-01f  1
CasADi - 2026-10-04 13:16:05 MESSAGE("nlp_g::eval") [.../casadi/core/sx_function.cpp:77]
CasADi - 2026-10-04 13:16:05 MESSAGE("nlp_f::eval") [.../casadi/core/sx_function.cpp:77]
CasADi - 2026-10-04 13:16:05 MESSAGE("nlp_jac_g::eval") [.../casadi/core/sx_function.cpp:77]
CasADi - 2026-10-04 13:16:05 MESSAGE("nlp_hess_l::eval") [.../casadi/core/sx_function.cpp:77]
 219r 1.4160513e+01 2.30e-01 9.68e+04  -0.6 4.97e-02   4.0 2.97e-01 8.80e-02f  1
CasADi - 2026-10-04 13:16:05 MESSAGE("nlp_g::eval") [.../casadi/core/sx_function.cpp:77]
CasADi - 2026-10-04 13:16:05 MESSAGE("nlp_f::eval") [.../casadi/core/sx_function.cpp:77]
CasADi - 2026-10-04 13:16:05 MESSAGE("nlp_jac_g::eval") [.../casadi/core/sx_function.cpp:77]
iter    objective    inf_pr   inf_du lg(mu)  ||d||  lg(rg) alpha_du alpha_pr  ls
 220r 1.4148927e+01 1.69e-01 2.30e+04  -0.6 9.31e-03   5.3 5.29e-01 2.65e-01h  1
CasADi - 2026-10-04 13:16:05 MESSAGE("nlp_grad_f::eval") [.../casadi/core/sx_function.cpp:77]
CasADi - 2026-10-04 13:16:05 MESSAGE("nlp_hess_l::eval") [.../casadi/core/sx_function.cpp:77]
CasADi - 2026-10-04 13:16:05 MESSAGE("nlp_g::eval") [.../casadi/core/sx_function.cpp:77]
CasADi - 2026-10-04 13:16:05 MESSAGE("nlp_f::eval") [.../casadi/core/sx_function.cpp:77]
CasADi - 2026-10-04 13:16:05 MESSAGE("nlp_grad_f::eval") [.../casadi/core/sx_function.cpp:77]
CasADi - 2026-10-04 13:16:05 MESSAGE("nlp_jac_g::eval") [.../casadi/core/sx_function.cpp:77]
CasADi - 2026-10-04 13:16:05 MESSAGE("nlp_hess_l::eval") [.../casadi/core/sx_function.cpp:77]
 221  1.4181003e+01 1.69e-01 1.76e+02  -1.0 1.94e+01    -  4.40e-03 1.01e-03f  1
CasADi - 2026-10-04 13:16:05 MESSAGE("nlp_g::eval") [.../casadi/core/sx_function.cpp:77]
CasADi - 2026-10-04 13:16:05 MESSAGE("nlp_f::eval") [.../casadi/core/sx_function.cpp:77]
CasADi - 2026-10-04 13:16:05 MESSAGE("nlp_grad_f::eval") [.../casadi/core/sx_function.cpp:77]
CasADi - 2026-10-04 13:16:05 MESSAGE("nlp_jac_g::eval") [.../casadi/core/sx_function.cpp:77]
CasADi - 2026-10-04 13:16:05 MESSAGE("nlp_hess_l::eval") [.../casadi/core/sx_function.cpp:77]
 222  1.4163228e+01 1.67e-01 4.28e+02  -1.0 1.76e+00    -  5.23e-02 1.32e-02f  1
CasADi - 2026-10-04 13:16:05 MESSAGE("nlp_g::eval") [.../casadi/core/sx_function.cpp:77]
CasADi - 2026-10-04 13:16:05 MESSAGE("nlp_f::eval") [.../casadi/core/sx_function.cpp:77]
CasADi - 2026-10-04 13:16:05 MESSAGE("nlp_grad_f::eval") [.../casadi/core/sx_function.cpp:77]
CasADi - 2026-10-04 13:16:05 MESSAGE("nlp_jac_g::eval") [.../casadi/core/sx_function.cpp:77]
CasADi - 2026-10-04 13:16:05 MESSAGE("nlp_hess_l::eval") [.../casadi/core/sx_function.cpp:77]
 223  1.3956858e+01 1.52e-01 4.03e+02  -1.0 1.15e+00    -  1.27e-01 7.42e-02f  1
CasADi - 2026-10-04 13:16:05 MESSAGE("nlp_g::eval") [.../casadi/core/sx_function.cpp:77]
CasADi - 2026-10-04 13:16:05 MESSAGE("nlp_f::eval") [.../casadi/core/sx_function.cpp:77]
CasADi - 2026-10-04 13:16:05 MESSAGE("nlp_grad_f::eval") [.../casadi/core/sx_function.cpp:77]
CasADi - 2026-10-04 13:16:05 MESSAGE("nlp_jac_g::eval") [.../casadi/core/sx_function.cpp:77]
CasADi - 2026-10-04 13:16:05 MESSAGE("nlp_hess_l::eval") [.../casadi/core/sx_function.cpp:77]
 224  1.3685008e+01 1.52e-01 5.75e+02  -1.0 1.40e+00    -  1.69e-01 8.82e-02f  1
CasADi - 2026-10-04 13:16:05 MESSAGE("nlp_g::eval") [.../casadi/core/sx_function.cpp:77]
CasADi - 2026-10-04 13:16:05 MESSAGE("nlp_f::eval") [.../casadi/core/sx_function.cpp:77]
CasADi - 2026-10-04 13:16:05 MESSAGE("nlp_grad_f::eval") [.../casadi/core/sx_function.cpp:77]
CasADi - 2026-10-04 13:16:05 MESSAGE("nlp_jac_g::eval") [.../casadi/core/sx_function.cpp:77]
CasADi - 2026-10-04 13:16:05 MESSAGE("nlp_hess_l::eval") [.../casadi/core/sx_function.cpp:77]
 225  1.3679264e+01 1.50e-01 1.64e+08  -1.0 4.45e-01   9.0 8.62e-04 1.41e-02h  1
CasADi - 2026-10-04 13:16:05 MESSAGE("nlp_g::eval") [.../casadi/core/sx_function.cpp:77]
CasADi - 2026-10-04 13:16:05 MESSAGE("nlp_f::eval") [.../casadi/core/sx_function.cpp:77]
CasADi - 2026-10-04 13:16:05 MESSAGE("nlp_grad_f::eval") [.../casadi/core/sx_function.cpp:77]
CasADi - 2026-10-04 13:16:05 MESSAGE("nlp_jac_g::eval") [.../casadi/core/sx_function.cpp:77]
CasADi - 2026-10-04 13:16:05 MESSAGE("nlp_hess_l::eval") [.../casadi/core/sx_function.cpp:77]
 226  1.3678767e+01 1.50e-01 1.64e+08  -1.0 2.84e+00   8.5 2.27e-03 1.85e-04h  1
CasADi - 2026-10-04 13:16:05 MESSAGE("nlp_g::eval") [.../casadi/core/sx_function.cpp:77]
CasADi - 2026-10-04 13:16:05 MESSAGE("nlp_f::eval") [.../casadi/core/sx_function.cpp:77]
CasADi - 2026-10-04 13:16:05 MESSAGE("nlp_g::eval") [.../casadi/core/sx_function.cpp:77]
CasADi - 2026-10-04 13:16:05 MESSAGE("nlp_f::eval") [.../casadi/core/sx_function.cpp:77]
CasADi - 2026-10-04 13:16:05 MESSAGE("nlp_f::eval") [.../casadi/core/sx_function.cpp:77]
CasADi - 2026-10-04 13:16:05 MESSAGE("nlp_g::eval") [.../casadi/core/sx_function.cpp:77]
CasADi - 2026-10-04 13:16:05 MESSAGE("nlp_grad_f::eval") [.../casadi/core/sx_function.cpp:77]
CasADi - 2026-10-04 13:16:05 MESSAGE("nlp_jac_g::eval") [.../casadi/core/sx_function.cpp:77]
CasADi - 2026-10-04 13:16:05 MESSAGE("nlp_g::eval") [.../casadi/core/sx_function.cpp:77]
CasADi - 2026-10-04 13:16:05 MESSAGE("nlp_jac_g::eval") [.../casadi/core/sx_function.cpp:77]
CasADi - 2026-10-04 13:16:05 MESSAGE("nlp_f::eval") [.../casadi/core/sx_function.cpp:77]
 227r 1.3678767e+01 1.50e-01 9.99e+02  -0.8 0.00e+00   8.9 0.00e+00 4.01e-07R  3
CasADi - 2026-10-04 13:16:06 MESSAGE("nlp_g::eval") [.../casadi/core/sx_function.cpp:77]
CasADi - 2026-10-04 13:16:06 MESSAGE("nlp_f::eval") [.../casadi/core/sx_function.cpp:77]
CasADi - 2026-10-04 13:16:06 MESSAGE("nlp_jac_g::eval") [.../casadi/core/sx_function.cpp:77]
 228r 1.3692733e+01 1.17e-01 1.14e+03  -0.8 1.50e+02    -  9.42e-03 9.93e-04f  1
CasADi - 2026-10-04 13:16:06 MESSAGE("nlp_grad_f::eval") [.../casadi/core/sx_function.cpp:77]
CasADi - 2026-10-04 13:16:06 MESSAGE("nlp_hess_l::eval") [.../casadi/core/sx_function.cpp:77]
CasADi - 2026-10-04 13:16:06 MESSAGE("nlp_g::eval") [.../casadi/core/sx_function.cpp:77]
CasADi - 2026-10-04 13:16:06 MESSAGE("nlp_f::eval") [.../casadi/core/sx_function.cpp:77]
CasADi - 2026-10-04 13:16:06 MESSAGE("nlp_grad_f::eval") [.../casadi/core/sx_function.cpp:77]
CasADi - 2026-10-04 13:16:06 MESSAGE("nlp_jac_g::eval") [.../casadi/core/sx_function.cpp:77]
CasADi - 2026-10-04 13:16:06 MESSAGE("nlp_hess_l::eval") [.../casadi/core/sx_function.cpp:77]
 229  1.3684359e+01 1.17e-01 3.14e+02  -1.0 2.98e+01    -  5.39e-03 9.02e-04f  1
CasADi - 2026-10-04 13:16:06 MESSAGE("nlp_g::eval") [.../casadi/core/sx_function.cpp:77]
CasADi - 2026-10-04 13:16:06 MESSAGE("nlp_f::eval") [.../casadi/core/sx_function.cpp:77]
CasADi - 2026-10-04 13:16:06 MESSAGE("nlp_grad_f::eval") [.../casadi/core/sx_function.cpp:77]
CasADi - 2026-10-04 13:16:06 MESSAGE("nlp_jac_g::eval") [.../casadi/core/sx_function.cpp:77]
CasADi - 2026-10-04 13:16:06 MESSAGE("nlp_hess_l::eval") [.../casadi/core/sx_function.cpp:77]
iter    objective    inf_pr   inf_du lg(mu)  ||d||  lg(rg) alpha_du alpha_pr  ls
 230  1.3603970e+01 1.13e-01 5.33e+02  -1.0 1.68e+00    -  1.33e-01 3.12e-02f  1
CasADi - 2026-10-04 13:16:06 MESSAGE("nlp_g::eval") [.../casadi/core/sx_function.cpp:77]
CasADi - 2026-10-04 13:16:06 MESSAGE("nlp_f::eval") [.../casadi/core/sx_function.cpp:77]
CasADi - 2026-10-04 13:16:06 MESSAGE("nlp_grad_f::eval") [.../casadi/core/sx_function.cpp:77]
CasADi - 2026-10-04 13:16:06 MESSAGE("nlp_jac_g::eval") [.../casadi/core/sx_function.cpp:77]
CasADi - 2026-10-04 13:16:06 MESSAGE("nlp_hess_l::eval") [.../casadi/core/sx_function.cpp:77]
 231  1.3095572e+01 2.85e-01 3.59e+02  -1.0 1.63e+00    -  1.30e-01 2.10e-01f  1
CasADi - 2026-10-04 13:16:06 MESSAGE("nlp_g::eval") [.../casadi/core/sx_function.cpp:77]
CasADi - 2026-10-04 13:16:06 MESSAGE("nlp_f::eval") [.../casadi/core/sx_function.cpp:77]
CasADi - 2026-10-04 13:16:06 MESSAGE("nlp_grad_f::eval") [.../casadi/core/sx_function.cpp:77]
CasADi - 2026-10-04 13:16:06 MESSAGE("nlp_jac_g::eval") [.../casadi/core/sx_function.cpp:77]
CasADi - 2026-10-04 13:16:06 MESSAGE("nlp_hess_l::eval") [.../casadi/core/sx_function.cpp:77]
 232  1.3087828e+01 2.77e-01 5.64e+07  -1.0 4.27e-01   8.5 4.61e-03 2.93e-02h  1
CasADi - 2026-10-04 13:16:06 MESSAGE("nlp_g::eval") [.../casadi/core/sx_function.cpp:77]
CasADi - 2026-10-04 13:16:06 MESSAGE("nlp_f::eval") [.../casadi/core/sx_function.cpp:77]
CasADi - 2026-10-04 13:16:06 MESSAGE("nlp_grad_f::eval") [.../casadi/core/sx_function.cpp:77]
CasADi - 2026-10-04 13:16:06 MESSAGE("nlp_jac_g::eval") [.../casadi/core/sx_function.cpp:77]
CasADi - 2026-10-04 13:16:06 MESSAGE("nlp_hess_l::eval") [.../casadi/core/sx_function.cpp:77]
 233  1.3087734e+01 2.77e-01 5.64e+07  -1.0 4.31e-01   8.9 5.88e-02 3.12e-04h  1
CasADi - 2026-10-04 13:16:06 MESSAGE("nlp_g::eval") [.../casadi/core/sx_function.cpp:77]
CasADi - 2026-10-04 13:16:06 MESSAGE("nlp_f::eval") [.../casadi/core/sx_function.cpp:77]
CasADi - 2026-10-04 13:16:06 MESSAGE("nlp_g::eval") [.../casadi/core/sx_function.cpp:77]
CasADi - 2026-10-04 13:16:06 MESSAGE("nlp_f::eval") [.../casadi/core/sx_function.cpp:77]
CasADi - 2026-10-04 13:16:06 MESSAGE("nlp_g::eval") [.../casadi/core/sx_function.cpp:77]
CasADi - 2026-10-04 13:16:06 MESSAGE("nlp_f::eval") [.../casadi/core/sx_function.cpp:77]
CasADi - 2026-10-04 13:16:06 MESSAGE("nlp_g::eval") [.../casadi/core/sx_function.cpp:77]
CasADi - 2026-10-04 13:16:06 MESSAGE("nlp_f::eval") [.../casadi/core/sx_function.cpp:77]
CasADi - 2026-10-04 13:16:06 MESSAGE("nlp_f::eval") [.../casadi/core/sx_function.cpp:77]
CasADi - 2026-10-04 13:16:06 MESSAGE("nlp_g::eval") [.../casadi/core/sx_function.cpp:77]
CasADi - 2026-10-04 13:16:06 MESSAGE("nlp_grad_f::eval") [.../casadi/core/sx_function.cpp:77]
CasADi - 2026-10-04 13:16:06 MESSAGE("nlp_jac_g::eval") [.../casadi/core/sx_function.cpp:77]
CasADi - 2026-10-04 13:16:06 MESSAGE("nlp_g::eval") [.../casadi/core/sx_function.cpp:77]
CasADi - 2026-10-04 13:16:06 MESSAGE("nlp_jac_g::eval") [.../casadi/core/sx_function.cpp:77]
CasADi - 2026-10-04 13:16:06 MESSAGE("nlp_f::eval") [.../casadi/core/sx_function.cpp:77]
 234r 1.3087734e+01 2.77e-01 9.99e+02  -0.6 0.00e+00   8.4 0.00e+00 4.14e-07R  5
CasADi - 2026-10-04 13:16:06 MESSAGE("nlp_g::eval") [.../casadi/core/sx_function.cpp:77]
CasADi - 2026-10-04 13:16:06 MESSAGE("nlp_f::eval") [.../casadi/core/sx_function.cpp:77]
CasADi - 2026-10-04 13:16:06 MESSAGE("nlp_jac_g::eval") [.../casadi/core/sx_function.cpp:77]
 235r 1.3084231e+01 9.83e-02 1.01e+03  -0.6 2.77e+02    -  7.55e-03 9.90e-04f  1
CasADi - 2026-10-04 13:16:06 MESSAGE("nlp_grad_f::eval") [.../casadi/core/sx_function.cpp:77]
CasADi - 2026-10-04 13:16:06 MESSAGE("nlp_hess_l::eval") [.../casadi/core/sx_function.cpp:77]
CasADi - 2026-10-04 13:16:06 MESSAGE("nlp_g::eval") [.../casadi/core/sx_function.cpp:77]
CasADi - 2026-10-04 13:16:06 MESSAGE("nlp_f::eval") [.../casadi/core/sx_function.cpp:77]
CasADi - 2026-10-04 13:16:06 MESSAGE("nlp_grad_f::eval") [.../casadi/core/sx_function.cpp:77]
CasADi - 2026-10-04 13:16:06 MESSAGE("nlp_jac_g::eval") [.../casadi/core/sx_function.cpp:77]
CasADi - 2026-10-04 13:16:06 MESSAGE("nlp_hess_l::eval") [.../casadi/core/sx_function.cpp:77]
 236  1.3060808e+01 9.78e-02 8.24e+02  -1.0 1.12e+01    -  2.83e-02 5.73e-03f  1
CasADi - 2026-10-04 13:16:06 MESSAGE("nlp_g::eval") [.../casadi/core/sx_function.cpp:77]
CasADi - 2026-10-04 13:16:06 MESSAGE("nlp_f::eval") [.../casadi/core/sx_function.cpp:77]
CasADi - 2026-10-04 13:16:06 MESSAGE("nlp_grad_f::eval") [.../casadi/core/sx_function.cpp:77]
CasADi - 2026-10-04 13:16:06 MESSAGE("nlp_jac_g::eval") [.../casadi/core/sx_function.cpp:77]
CasADi - 2026-10-04 13:16:06 MESSAGE("nlp_hess_l::eval") [.../casadi/core/sx_function.cpp:77]
 237  1.2919783e+01 1.20e-01 1.32e+03  -1.0 1.90e+00    -  2.09e-01 6.97e-02f  1
CasADi - 2026-10-04 13:16:06 MESSAGE("nlp_g::eval") [.../casadi/core/sx_function.cpp:77]
CasADi - 2026-10-04 13:16:06 MESSAGE("nlp_f::eval") [.../casadi/core/sx_function.cpp:77]
CasADi - 2026-10-04 13:16:06 MESSAGE("nlp_grad_f::eval") [.../casadi/core/sx_function.cpp:77]
CasADi - 2026-10-04 13:16:06 MESSAGE("nlp_jac_g::eval") [.../casadi/core/sx_function.cpp:77]
CasADi - 2026-10-04 13:16:06 MESSAGE("nlp_hess_l::eval") [.../casadi/core/sx_function.cpp:77]
 238  1.2878166e+01 1.17e-01 1.30e+03  -1.0 1.37e+01    -  1.28e-02 2.04e-02f  1
CasADi - 2026-10-04 13:16:06 MESSAGE("nlp_g::eval") [.../casadi/core/sx_function.cpp:77]
CasADi - 2026-10-04 13:16:06 MESSAGE("nlp_f::eval") [.../casadi/core/sx_function.cpp:77]
CasADi - 2026-10-04 13:16:06 MESSAGE("nlp_g::eval") [.../casadi/core/sx_function.cpp:77]
CasADi - 2026-10-04 13:16:06 MESSAGE("nlp_f::eval") [.../casadi/core/sx_function.cpp:77]
CasADi - 2026-10-04 13:16:06 MESSAGE("nlp_g::eval") [.../casadi/core/sx_function.cpp:77]
CasADi - 2026-10-04 13:16:06 MESSAGE("nlp_f::eval") [.../casadi/core/sx_function.cpp:77]
CasADi - 2026-10-04 13:16:06 MESSAGE("nlp_g::eval") [.../casadi/core/sx_function.cpp:77]
CasADi - 2026-10-04 13:16:06 MESSAGE("nlp_f::eval") [.../casadi/core/sx_function.cpp:77]
CasADi - 2026-10-04 13:16:06 MESSAGE("nlp_g::eval") [.../casadi/core/sx_function.cpp:77]
CasADi - 2026-10-04 13:16:06 MESSAGE("nlp_f::eval") [.../casadi/core/sx_function.cpp:77]
CasADi - 2026-10-04 13:16:06 MESSAGE("nlp_grad_f::eval") [.../casadi/core/sx_function.cpp:77]
CasADi - 2026-10-04 13:16:06 MESSAGE("nlp_jac_g::eval") [.../casadi/core/sx_function.cpp:77]
CasADi - 2026-10-04 13:16:06 MESSAGE("nlp_hess_l::eval") [.../casadi/core/sx_function.cpp:77]
 239  1.2562374e+01 2.83e-01 1.02e+03  -1.0 1.42e+00    -  2.05e-01 2.01e-01f  2
CasADi - 2026-10-04 13:16:06 MESSAGE("nlp_g::eval") [.../casadi/core/sx_function.cpp:77]
CasADi - 2026-10-04 13:16:06 MESSAGE("nlp_f::eval") [.../casadi/core/sx_function.cpp:77]
CasADi - 2026-10-04 13:16:06 MESSAGE("nlp_grad_f::eval") [.../casadi/core/sx_function.cpp:77]
CasADi - 2026-10-04 13:16:06 MESSAGE("nlp_jac_g::eval") [.../casadi/core/sx_function.cpp:77]
CasADi - 2026-10-04 13:16:06 MESSAGE("nlp_hess_l::eval") [.../casadi/core/sx_function.cpp:77]
iter    objective    inf_pr   inf_du lg(mu)  ||d||  lg(rg) alpha_du alpha_pr  ls
 240  1.2548538e+01 2.63e-01 4.77e+07  -1.0 3.26e-01   7.9 1.13e-01 7.18e-02h  1
CasADi - 2026-10-04 13:16:06 MESSAGE("nlp_g::eval") [.../casadi/core/sx_function.cpp:77]
CasADi - 2026-10-04 13:16:06 MESSAGE("nlp_f::eval") [.../casadi/core/sx_function.cpp:77]
CasADi - 2026-10-04 13:16:06 MESSAGE("nlp_grad_f::eval") [.../casadi/core/sx_function.cpp:77]
CasADi - 2026-10-04 13:16:06 MESSAGE("nlp_jac_g::eval") [.../casadi/core/sx_function.cpp:77]
CasADi - 2026-10-04 13:16:06 MESSAGE("nlp_hess_l::eval") [.../casadi/core/sx_function.cpp:77]
 241  1.2548367e+01 2.62e-01 4.77e+07  -1.0 3.05e-01   8.4 3.29e-01 8.38e-04h  1
CasADi - 2026-10-04 13:16:06 MESSAGE("nlp_g::eval") [.../casadi/core/sx_function.cpp:77]
CasADi - 2026-10-04 13:16:06 MESSAGE("nlp_f::eval") [.../casadi/core/sx_function.cpp:77]
CasADi - 2026-10-04 13:16:06 MESSAGE("nlp_grad_f::eval") [.../casadi/core/sx_function.cpp:77]
CasADi - 2026-10-04 13:16:06 MESSAGE("nlp_jac_g::eval") [.../casadi/core/sx_function.cpp:77]
CasADi - 2026-10-04 13:16:06 MESSAGE("nlp_hess_l::eval") [.../casadi/core/sx_function.cpp:77]
 242  1.2548342e+01 2.62e-01 6.51e+08  -1.0 3.03e-01   7.9 1.90e-01 1.42e-04h  1
CasADi - 2026-10-04 13:16:06 MESSAGE("nlp_g::eval") [.../casadi/core/sx_function.cpp:77]
CasADi - 2026-10-04 13:16:06 MESSAGE("nlp_f::eval") [.../casadi/core/sx_function.cpp:77]
CasADi - 2026-10-04 13:16:06 MESSAGE("nlp_grad_f::eval") [.../casadi/core/sx_function.cpp:77]
CasADi - 2026-10-04 13:16:06 MESSAGE("nlp_jac_g::eval") [.../casadi/core/sx_function.cpp:77]
CasADi - 2026-10-04 13:16:06 MESSAGE("nlp_hess_l::eval") [.../casadi/core/sx_function.cpp:77]
 243  1.2544730e+01 2.58e-01 9.35e+09  -1.0 3.05e-01   8.3 1.00e+00 1.72e-02h  1
CasADi - 2026-10-04 13:16:06 MESSAGE("nlp_g::eval") [.../casadi/core/sx_function.cpp:77]
CasADi - 2026-10-04 13:16:06 MESSAGE("nlp_f::eval") [.../casadi/core/sx_function.cpp:77]
CasADi - 2026-10-04 13:16:06 MESSAGE("nlp_grad_f::eval") [.../casadi/core/sx_function.cpp:77]
CasADi - 2026-10-04 13:16:06 MESSAGE("nlp_jac_g::eval") [.../casadi/core/sx_function.cpp:77]
CasADi - 2026-10-04 13:16:06 MESSAGE("nlp_hess_l::eval") [.../casadi/core/sx_function.cpp:77]
 244  1.2544086e+01 2.57e-01 8.00e+09  -1.0 3.55e-01   7.8 2.22e-01 2.49e-03h  1
CasADi - 2026-10-04 13:16:06 MESSAGE("nlp_g::eval") [.../casadi/core/sx_function.cpp:77]
CasADi - 2026-10-04 13:16:06 MESSAGE("nlp_f::eval") [.../casadi/core/sx_function.cpp:77]
CasADi - 2026-10-04 13:16:06 MESSAGE("nlp_grad_f::eval") [.../casadi/core/sx_function.cpp:77]
CasADi - 2026-10-04 13:16:06 MESSAGE("nlp_jac_g::eval") [.../casadi/core/sx_function.cpp:77]
CasADi - 2026-10-04 13:16:06 MESSAGE("nlp_hess_l::eval") [.../casadi/core/sx_function.cpp:77]
 245  1.2541678e+01 2.54e-01 9.10e+09  -1.0 3.83e-01   8.3 6.63e-01 1.20e-02h  1
CasADi - 2026-10-04 13:16:06 MESSAGE("nlp_g::eval") [.../casadi/core/sx_function.cpp:77]
CasADi - 2026-10-04 13:16:06 MESSAGE("nlp_f::eval") [.../casadi/core/sx_function.cpp:77]
CasADi - 2026-10-04 13:16:06 MESSAGE("nlp_grad_f::eval") [.../casadi/core/sx_function.cpp:77]
CasADi - 2026-10-04 13:16:06 MESSAGE("nlp_jac_g::eval") [.../casadi/core/sx_function.cpp:77]
CasADi - 2026-10-04 13:16:06 MESSAGE("nlp_hess_l::eval") [.../casadi/core/sx_function.cpp:77]
 246  1.2533720e+01 2.46e-01 8.05e+09  -1.0 3.79e-01   7.8 2.07e-01 3.38e-02h  1
CasADi - 2026-10-04 13:16:06 MESSAGE("nlp_g::eval") [.../casadi/core/sx_function.cpp:77]
CasADi - 2026-10-04 13:16:06 MESSAGE("nlp_f::eval") [.../casadi/core/sx_function.cpp:77]
CasADi - 2026-10-04 13:16:06 MESSAGE("nlp_grad_f::eval") [.../casadi/core/sx_function.cpp:77]
CasADi - 2026-10-04 13:16:06 MESSAGE("nlp_jac_g::eval") [.../casadi/core/sx_function.cpp:77]
CasADi - 2026-10-04 13:16:06 MESSAGE("nlp_hess_l::eval") [.../casadi/core/sx_function.cpp:77]
 247  1.2529585e+01 2.41e-01 1.38e+10  -1.0 3.77e-01   8.2 1.00e+00 1.68e-02h  1
CasADi - 2026-10-04 13:16:06 MESSAGE("nlp_g::eval") [.../casadi/core/sx_function.cpp:77]
CasADi - 2026-10-04 13:16:06 MESSAGE("nlp_f::eval") [.../casadi/core/sx_function.cpp:77]
CasADi - 2026-10-04 13:16:06 MESSAGE("nlp_grad_f::eval") [.../casadi/core/sx_function.cpp:77]
CasADi - 2026-10-04 13:16:06 MESSAGE("nlp_jac_g::eval") [.../casadi/core/sx_function.cpp:77]
CasADi - 2026-10-04 13:16:06 MESSAGE("nlp_hess_l::eval") [.../casadi/core/sx_function.cpp:77]
 248  1.2516736e+01 2.29e-01 1.15e+10  -1.0 3.45e-01   7.7 2.17e-01 5.24e-02h  1
CasADi - 2026-10-04 13:16:06 MESSAGE("nlp_g::eval") [.../casadi/core/sx_function.cpp:77]
CasADi - 2026-10-04 13:16:06 MESSAGE("nlp_f::eval") [.../casadi/core/sx_function.cpp:77]
CasADi - 2026-10-04 13:16:06 MESSAGE("nlp_grad_f::eval") [.../casadi/core/sx_function.cpp:77]
CasADi - 2026-10-04 13:16:06 MESSAGE("nlp_jac_g::eval") [.../casadi/core/sx_function.cpp:77]
CasADi - 2026-10-04 13:16:06 MESSAGE("nlp_hess_l::eval") [.../casadi/core/sx_function.cpp:77]
 249  1.2513964e+01 2.26e-01 1.11e+10  -1.0 3.34e-01   8.2 3.40e-01 1.26e-02h  1
CasADi - 2026-10-04 13:16:06 MESSAGE("nlp_g::eval") [.../casadi/core/sx_function.cpp:77]
CasADi - 2026-10-04 13:16:06 MESSAGE("nlp_f::eval") [.../casadi/core/sx_function.cpp:77]
CasADi - 2026-10-04 13:16:06 MESSAGE("nlp_grad_f::eval") [.../casadi/core/sx_function.cpp:77]
CasADi - 2026-10-04 13:16:06 MESSAGE("nlp_jac_g::eval") [.../casadi/core/sx_function.cpp:77]
CasADi - 2026-10-04 13:16:06 MESSAGE("nlp_hess_l::eval") [.../casadi/core/sx_function.cpp:77]
iter    objective    inf_pr   inf_du lg(mu)  ||d||  lg(rg) alpha_du alpha_pr  ls
 250  1.2510390e+01 2.22e-01 2.91e+10  -1.0 3.35e-01   8.6 1.00e+00 1.52e-02h  1
CasADi - 2026-10-04 13:16:06 MESSAGE("nlp_g::eval") [.../casadi/core/sx_function.cpp:77]
CasADi - 2026-10-04 13:16:06 MESSAGE("nlp_f::eval") [.../casadi/core/sx_function.cpp:77]
CasADi - 2026-10-04 13:16:06 MESSAGE("nlp_grad_f::eval") [.../casadi/core/sx_function.cpp:77]
CasADi - 2026-10-04 13:16:06 MESSAGE("nlp_jac_g::eval") [.../casadi/core/sx_function.cpp:77]
CasADi - 2026-10-04 13:16:06 MESSAGE("nlp_hess_l::eval") [.../casadi/core/sx_function.cpp:77]
 251  1.2489623e+01 2.06e-01 2.02e+10  -1.0 3.11e-01   8.1 4.02e-01 7.47e-02h  1
CasADi - 2026-10-04 13:16:07 MESSAGE("nlp_g::eval") [.../casadi/core/sx_function.cpp:77]
CasADi - 2026-10-04 13:16:07 MESSAGE("nlp_f::eval") [.../casadi/core/sx_function.cpp:77]
CasADi - 2026-10-04 13:16:07 MESSAGE("nlp_grad_f::eval") [.../casadi/core/sx_function.cpp:77]
CasADi - 2026-10-04 13:16:07 MESSAGE("nlp_jac_g::eval") [.../casadi/core/sx_function.cpp:77]
CasADi - 2026-10-04 13:16:07 MESSAGE("nlp_hess_l::eval") [.../casadi/core/sx_function.cpp:77]
 252  1.2486639e+01 2.03e-01 2.04e+10  -1.0 2.82e-01   8.5 2.71e-01 1.30e-02h  1
CasADi - 2026-10-04 13:16:07 MESSAGE("nlp_g::eval") [.../casadi/core/sx_function.cpp:77]
CasADi - 2026-10-04 13:16:07 MESSAGE("nlp_f::eval") [.../casadi/core/sx_function.cpp:77]
CasADi - 2026-10-04 13:16:07 MESSAGE("nlp_grad_f::eval") [.../casadi/core/sx_function.cpp:77]
CasADi - 2026-10-04 13:16:07 MESSAGE("nlp_jac_g::eval") [.../casadi/core/sx_function.cpp:77]
CasADi - 2026-10-04 13:16:07 MESSAGE("nlp_hess_l::eval") [.../casadi/core/sx_function.cpp:77]
 253  1.2484785e+01 2.02e-01 5.67e+10  -1.0 2.79e-01   9.0 9.41e-01 7.75e-03h  1
CasADi - 2026-10-04 13:16:07 MESSAGE("nlp_g::eval") [.../casadi/core/sx_function.cpp:77]
CasADi - 2026-10-04 13:16:07 MESSAGE("nlp_f::eval") [.../casadi/core/sx_function.cpp:77]
CasADi - 2026-10-04 13:16:07 MESSAGE("nlp_grad_f::eval") [.../casadi/core/sx_function.cpp:77]
CasADi - 2026-10-04 13:16:07 MESSAGE("nlp_jac_g::eval") [.../casadi/core/sx_function.cpp:77]
CasADi - 2026-10-04 13:16:07 MESSAGE("nlp_hess_l::eval") [.../casadi/core/sx_function.cpp:77]
 254  1.2476210e+01 1.94e-01 2.42e+10  -1.0 2.22e-01   8.5 8.27e-01 3.63e-02h  1
CasADi - 2026-10-04 13:16:07 MESSAGE("nlp_g::eval") [.../casadi/core/sx_function.cpp:77]
CasADi - 2026-10-04 13:16:07 MESSAGE("nlp_f::eval") [.../casadi/core/sx_function.cpp:77]
CasADi - 2026-10-04 13:16:07 MESSAGE("nlp_grad_f::eval") [.../casadi/core/sx_function.cpp:77]
CasADi - 2026-10-04 13:16:07 MESSAGE("nlp_jac_g::eval") [.../casadi/core/sx_function.cpp:77]
CasADi - 2026-10-04 13:16:07 MESSAGE("nlp_hess_l::eval") [.../casadi/core/sx_function.cpp:77]
 255  1.2474737e+01 1.93e-01 4.90e+10  -1.0 2.08e-01   8.9 1.00e+00 6.17e-03h  1
CasADi - 2026-10-04 13:16:07 MESSAGE("nlp_g::eval") [.../casadi/core/sx_function.cpp:77]
CasADi - 2026-10-04 13:16:07 MESSAGE("nlp_f::eval") [.../casadi/core/sx_function.cpp:77]
CasADi - 2026-10-04 13:16:07 MESSAGE("nlp_grad_f::eval") [.../casadi/core/sx_function.cpp:77]
CasADi - 2026-10-04 13:16:07 MESSAGE("nlp_jac_g::eval") [.../casadi/core/sx_function.cpp:77]
CasADi - 2026-10-04 13:16:07 MESSAGE("nlp_hess_l::eval") [.../casadi/core/sx_function.cpp:77]
 256  1.2456601e+01 1.78e-01 2.03e+10  -1.0 1.94e-01   8.4 7.86e-01 7.72e-02h  1
CasADi - 2026-10-04 13:16:07 MESSAGE("nlp_g::eval") [.../casadi/core/sx_function.cpp:77]
CasADi - 2026-10-04 13:16:07 MESSAGE("nlp_f::eval") [.../casadi/core/sx_function.cpp:77]
CasADi - 2026-10-04 13:16:07 MESSAGE("nlp_grad_f::eval") [.../casadi/core/sx_function.cpp:77]
CasADi - 2026-10-04 13:16:07 MESSAGE("nlp_jac_g::eval") [.../casadi/core/sx_function.cpp:77]
CasADi - 2026-10-04 13:16:07 MESSAGE("nlp_hess_l::eval") [.../casadi/core/sx_function.cpp:77]
 257  1.2451969e+01 1.74e-01 1.96e+10  -1.0 1.76e-01   8.9 7.31e-03 2.35e-02h  1
CasADi - 2026-10-04 13:16:07 MESSAGE("nlp_g::eval") [.../casadi/core/sx_function.cpp:77]
CasADi - 2026-10-04 13:16:07 MESSAGE("nlp_f::eval") [.../casadi/core/sx_function.cpp:77]
CasADi - 2026-10-04 13:16:07 MESSAGE("nlp_grad_f::eval") [.../casadi/core/sx_function.cpp:77]
CasADi - 2026-10-04 13:16:07 MESSAGE("nlp_jac_g::eval") [.../casadi/core/sx_function.cpp:77]
CasADi - 2026-10-04 13:16:07 MESSAGE("nlp_hess_l::eval") [.../casadi/core/sx_function.cpp:77]
 258  1.2451890e+01 1.74e-01 8.48e+10  -1.0 1.84e-01   9.3 8.28e-01 3.62e-04h  1
CasADi - 2026-10-04 13:16:07 MESSAGE("nlp_g::eval") [.../casadi/core/sx_function.cpp:77]
CasADi - 2026-10-04 13:16:07 MESSAGE("nlp_f::eval") [.../casadi/core/sx_function.cpp:77]
CasADi - 2026-10-04 13:16:07 MESSAGE("nlp_grad_f::eval") [.../casadi/core/sx_function.cpp:77]
CasADi - 2026-10-04 13:16:07 MESSAGE("nlp_jac_g::eval") [.../casadi/core/sx_function.cpp:77]
CasADi - 2026-10-04 13:16:07 MESSAGE("nlp_hess_l::eval") [.../casadi/core/sx_function.cpp:77]
 259  1.2441636e+01 1.66e-01 4.47e+10  -1.0 1.67e-01   8.8 7.01e-01 4.40e-02h  1
CasADi - 2026-10-04 13:16:07 MESSAGE("nlp_g::eval") [.../casadi/core/sx_function.cpp:77]
CasADi - 2026-10-04 13:16:07 MESSAGE("nlp_f::eval") [.../casadi/core/sx_function.cpp:77]
CasADi - 2026-10-04 13:16:07 MESSAGE("nlp_grad_f::eval") [.../casadi/core/sx_function.cpp:77]
CasADi - 2026-10-04 13:16:07 MESSAGE("nlp_jac_g::eval") [.../casadi/core/sx_function.cpp:77]
CasADi - 2026-10-04 13:16:07 MESSAGE("nlp_hess_l::eval") [.../casadi/core/sx_function.cpp:77]
iter    objective    inf_pr   inf_du lg(mu)  ||d||  lg(rg) alpha_du alpha_pr  ls
 260  1.2437490e+01 1.63e-01 7.54e+10  -1.0 1.65e-01   9.2 9.26e-01 1.97e-02h  1
CasADi - 2026-10-04 13:16:08 MESSAGE("nlp_g::eval") [.../casadi/core/sx_function.cpp:77]
CasADi - 2026-10-04 13:16:08 MESSAGE("nlp_f::eval") [.../casadi/core/sx_function.cpp:77]
CasADi - 2026-10-04 13:16:08 MESSAGE("nlp_grad_f::eval") [.../casadi/core/sx_function.cpp:77]
CasADi - 2026-10-04 13:16:08 MESSAGE("nlp_jac_g::eval") [.../casadi/core/sx_function.cpp:77]
CasADi - 2026-10-04 13:16:08 MESSAGE("nlp_hess_l::eval") [.../casadi/core/sx_function.cpp:77]
 261  1.2435656e+01 1.61e-01 5.18e+10  -1.0 1.58e-01   8.8 4.19e-01 1.13e-02h  1
CasADi - 2026-10-04 13:16:08 MESSAGE("nlp_g::eval") [.../casadi/core/sx_function.cpp:77]
CasADi - 2026-10-04 13:16:08 MESSAGE("nlp_f::eval") [.../casadi/core/sx_function.cpp:77]
CasADi - 2026-10-04 13:16:08 MESSAGE("nlp_g::eval") [.../casadi/core/sx_function.cpp:77]
CasADi - 2026-10-04 13:16:08 MESSAGE("nlp_f::eval") [.../casadi/core/sx_function.cpp:77]
CasADi - 2026-10-04 13:16:08 MESSAGE("nlp_g::eval") [.../casadi/core/sx_function.cpp:77]
CasADi - 2026-10-04 13:16:08 MESSAGE("nlp_f::eval") [.../casadi/core/sx_function.cpp:77]
CasADi - 2026-10-04 13:16:08 MESSAGE("nlp_grad_f::eval") [.../casadi/core/sx_function.cpp:77]
CasADi - 2026-10-04 13:16:08 MESSAGE("nlp_jac_g::eval") [.../casadi/core/sx_function.cpp:77]
CasADi - 2026-10-04 13:16:08 MESSAGE("nlp_hess_l::eval") [.../casadi/core/sx_function.cpp:77]
 262  1.2438502e+01 1.60e-01 5.17e+10  -1.0 3.93e+00   8.3 2.33e-03 9.45e-03f  2
CasADi - 2026-10-04 13:16:08 MESSAGE("nlp_g::eval") [.../casadi/core/sx_function.cpp:77]
CasADi - 2026-10-04 13:16:08 MESSAGE("nlp_f::eval") [.../casadi/core/sx_function.cpp:77]
CasADi - 2026-10-04 13:16:08 MESSAGE("nlp_grad_f::eval") [.../casadi/core/sx_function.cpp:77]
CasADi - 2026-10-04 13:16:08 MESSAGE("nlp_jac_g::eval") [.../casadi/core/sx_function.cpp:77]
CasADi - 2026-10-04 13:16:08 MESSAGE("nlp_hess_l::eval") [.../casadi/core/sx_function.cpp:77]
 263  1.2438457e+01 1.60e-01 2.68e+10  -1.0 1.49e-01   8.7 6.98e-01 1.83e-04h  1
CasADi - 2026-10-04 13:16:08 MESSAGE("nlp_g::eval") [.../casadi/core/sx_function.cpp:77]
CasADi - 2026-10-04 13:16:08 MESSAGE("nlp_f::eval") [.../casadi/core/sx_function.cpp:77]
CasADi - 2026-10-04 13:16:08 MESSAGE("nlp_grad_f::eval") [.../casadi/core/sx_function.cpp:77]
CasADi - 2026-10-04 13:16:08 MESSAGE("nlp_jac_g::eval") [.../casadi/core/sx_function.cpp:77]
CasADi - 2026-10-04 13:16:08 MESSAGE("nlp_hess_l::eval") [.../casadi/core/sx_function.cpp:77]
 264  1.2365718e+01 1.09e-01 5.37e+10  -1.0 1.57e-01   9.1 1.00e+00 3.20e-01h  1
CasADi - 2026-10-04 13:16:08 MESSAGE("nlp_g::eval") [.../casadi/core/sx_function.cpp:77]
CasADi - 2026-10-04 13:16:08 MESSAGE("nlp_f::eval") [.../casadi/core/sx_function.cpp:77]
CasADi - 2026-10-04 13:16:08 MESSAGE("nlp_grad_f::eval") [.../casadi/core/sx_function.cpp:77]
CasADi - 2026-10-04 13:16:08 MESSAGE("nlp_jac_g::eval") [.../casadi/core/sx_function.cpp:77]
CasADi - 2026-10-04 13:16:08 MESSAGE("nlp_hess_l::eval") [.../casadi/core/sx_function.cpp:77]
 265  1.2363563e+01 1.07e-01 8.15e+10  -1.0 1.26e-01   9.6 3.20e-01 1.70e-02h  1
CasADi - 2026-10-04 13:16:08 MESSAGE("nlp_g::eval") [.../casadi/core/sx_function.cpp:77]
CasADi - 2026-10-04 13:16:08 MESSAGE("nlp_f::eval") [.../casadi/core/sx_function.cpp:77]
CasADi - 2026-10-04 13:16:08 MESSAGE("nlp_grad_f::eval") [.../casadi/core/sx_function.cpp:77]
CasADi - 2026-10-04 13:16:08 MESSAGE("nlp_jac_g::eval") [.../casadi/core/sx_function.cpp:77]
CasADi - 2026-10-04 13:16:08 MESSAGE("nlp_hess_l::eval") [.../casadi/core/sx_function.cpp:77]
 266  1.2353039e+01 9.80e-02 4.80e+10  -1.0 1.25e-01  10.0 2.31e-03 8.35e-02h  1
CasADi - 2026-10-04 13:16:08 MESSAGE("nlp_g::eval") [.../casadi/core/sx_function.cpp:77]
CasADi - 2026-10-04 13:16:08 MESSAGE("nlp_f::eval") [.../casadi/core/sx_function.cpp:77]
CasADi - 2026-10-04 13:16:08 MESSAGE("nlp_grad_f::eval") [.../casadi/core/sx_function.cpp:77]
CasADi - 2026-10-04 13:16:08 MESSAGE("nlp_jac_g::eval") [.../casadi/core/sx_function.cpp:77]
CasADi - 2026-10-04 13:16:08 MESSAGE("nlp_hess_l::eval") [.../casadi/core/sx_function.cpp:77]
 267  1.2349378e+01 9.45e-02 1.37e+10  -1.0 1.11e-01  10.4 2.48e-05 3.60e-02h  1
CasADi - 2026-10-04 13:16:09 MESSAGE("nlp_g::eval") [.../casadi/core/sx_function.cpp:77]
CasADi - 2026-10-04 13:16:09 MESSAGE("nlp_f::eval") [.../casadi/core/sx_function.cpp:77]
CasADi - 2026-10-04 13:16:09 MESSAGE("nlp_grad_f::eval") [.../casadi/core/sx_function.cpp:77]
CasADi - 2026-10-04 13:16:09 MESSAGE("nlp_jac_g::eval") [.../casadi/core/sx_function.cpp:77]
CasADi - 2026-10-04 13:16:09 MESSAGE("nlp_hess_l::eval") [.../casadi/core/sx_function.cpp:77]
 268  1.2347406e+01 9.25e-02 4.63e+10  -1.0 1.06e-01  10.8 3.59e-02 2.18e-02h  1
CasADi - 2026-10-04 13:16:09 MESSAGE("nlp_g::eval") [.../casadi/core/sx_function.cpp:77]
CasADi - 2026-10-04 13:16:09 MESSAGE("nlp_f::eval") [.../casadi/core/sx_function.cpp:77]
CasADi - 2026-10-04 13:16:09 MESSAGE("nlp_grad_f::eval") [.../casadi/core/sx_function.cpp:77]
CasADi - 2026-10-04 13:16:09 MESSAGE("nlp_jac_g::eval") [.../casadi/core/sx_function.cpp:77]
CasADi - 2026-10-04 13:16:09 MESSAGE("nlp_hess_l::eval") [.../casadi/core/sx_function.cpp:77]
 269  1.2346730e+01 9.17e-02 4.00e+12  -1.0 1.02e-01  11.3 6.31e-01 7.97e-03h  1
CasADi - 2026-10-04 13:16:09 MESSAGE("nlp_g::eval") [.../casadi/core/sx_function.cpp:77]
CasADi - 2026-10-04 13:16:09 MESSAGE("nlp_f::eval") [.../casadi/core/sx_function.cpp:77]
CasADi - 2026-10-04 13:16:09 MESSAGE("nlp_grad_f::eval") [.../casadi/core/sx_function.cpp:77]
CasADi - 2026-10-04 13:16:09 MESSAGE("nlp_jac_g::eval") [.../casadi/core/sx_function.cpp:77]
CasADi - 2026-10-04 13:16:09 MESSAGE("nlp_hess_l::eval") [.../casadi/core/sx_function.cpp:77]
iter    objective    inf_pr   inf_du lg(mu)  ||d||  lg(rg) alpha_du alpha_pr  ls
 270  1.2346726e+01 9.17e-02 3.93e+12  -1.0 1.00e-01  10.8 4.44e-02 5.92e-05h  1
CasADi - 2026-10-04 13:16:09 MESSAGE("nlp_g::eval") [.../casadi/core/sx_function.cpp:77]
CasADi - 2026-10-04 13:16:09 MESSAGE("nlp_f::eval") [.../casadi/core/sx_function.cpp:77]
CasADi - 2026-10-04 13:16:09 MESSAGE("nlp_grad_f::eval") [.../casadi/core/sx_function.cpp:77]
CasADi - 2026-10-04 13:16:09 MESSAGE("nlp_jac_g::eval") [.../casadi/core/sx_function.cpp:77]
CasADi - 2026-10-04 13:16:09 MESSAGE("nlp_hess_l::eval") [.../casadi/core/sx_function.cpp:77]
 271  1.2341897e+01 8.68e-02 1.16e+12  -1.0 1.05e-01  10.3 8.27e-01 5.32e-02h  1
CasADi - 2026-10-04 13:16:09 MESSAGE("nlp_g::eval") [.../casadi/core/sx_function.cpp:77]
CasADi - 2026-10-04 13:16:09 MESSAGE("nlp_f::eval") [.../casadi/core/sx_function.cpp:77]
CasADi - 2026-10-04 13:16:09 MESSAGE("nlp_grad_f::eval") [.../casadi/core/sx_function.cpp:77]
CasADi - 2026-10-04 13:16:09 MESSAGE("nlp_jac_g::eval") [.../casadi/core/sx_function.cpp:77]
CasADi - 2026-10-04 13:16:09 MESSAGE("nlp_hess_l::eval") [.../casadi/core/sx_function.cpp:77]
 272  1.2329464e+01 7.42e-02 9.71e+11  -1.0 9.86e-02  10.7 1.13e-01 1.45e-01h  1
CasADi - 2026-10-04 13:16:10 MESSAGE("nlp_g::eval") [.../casadi/core/sx_function.cpp:77]
CasADi - 2026-10-04 13:16:10 MESSAGE("nlp_f::eval") [.../casadi/core/sx_function.cpp:77]
CasADi - 2026-10-04 13:16:10 MESSAGE("nlp_grad_f::eval") [.../casadi/core/sx_function.cpp:77]
CasADi - 2026-10-04 13:16:10 MESSAGE("nlp_jac_g::eval") [.../casadi/core/sx_function.cpp:77]
CasADi - 2026-10-04 13:16:10 MESSAGE("nlp_hess_l::eval") [.../casadi/core/sx_function.cpp:77]
 273  1.2329441e+01 7.42e-02 2.09e+12  -1.0 7.79e-02  11.2 3.63e-01 3.96e-04h  1
CasADi - 2026-10-04 13:16:10 MESSAGE("nlp_g::eval") [.../casadi/core/sx_function.cpp:77]
CasADi - 2026-10-04 13:16:10 MESSAGE("nlp_f::eval") [.../casadi/core/sx_function.cpp:77]
CasADi - 2026-10-04 13:16:10 MESSAGE("nlp_grad_f::eval") [.../casadi/core/sx_function.cpp:77]
CasADi - 2026-10-04 13:16:10 MESSAGE("nlp_jac_g::eval") [.../casadi/core/sx_function.cpp:77]
CasADi - 2026-10-04 13:16:10 MESSAGE("nlp_hess_l::eval") [.../casadi/core/sx_function.cpp:77]
 274  1.2329346e+01 7.41e-02 1.96e+12  -1.0 1.57e-01  10.7 1.14e-01 2.10e-03h  1
CasADi - 2026-10-04 13:16:10 MESSAGE("nlp_g::eval") [.../casadi/core/sx_function.cpp:77]
CasADi - 2026-10-04 13:16:10 MESSAGE("nlp_f::eval") [.../casadi/core/sx_function.cpp:77]
CasADi - 2026-10-04 13:16:10 MESSAGE("nlp_grad_f::eval") [.../casadi/core/sx_function.cpp:77]
CasADi - 2026-10-04 13:16:10 MESSAGE("nlp_jac_g::eval") [.../casadi/core/sx_function.cpp:77]
CasADi - 2026-10-04 13:16:10 MESSAGE("nlp_hess_l::eval") [.../casadi/core/sx_function.cpp:77]
 275  1.2328822e+01 7.35e-02 2.68e+12  -1.0 8.34e-02  11.1 4.78e-01 8.10e-03h  1
CasADi - 2026-10-04 13:16:11 MESSAGE("nlp_g::eval") [.../casadi/core/sx_function.cpp:77]
CasADi - 2026-10-04 13:16:11 MESSAGE("nlp_f::eval") [.../casadi/core/sx_function.cpp:77]
CasADi - 2026-10-04 13:16:11 MESSAGE("nlp_grad_f::eval") [.../casadi/core/sx_function.cpp:77]
CasADi - 2026-10-04 13:16:11 MESSAGE("nlp_jac_g::eval") [.../casadi/core/sx_function.cpp:77]
CasADi - 2026-10-04 13:16:11 MESSAGE("nlp_hess_l::eval") [.../casadi/core/sx_function.cpp:77]
 276  1.2325557e+01 6.98e-02 6.87e+12  -1.0 8.34e-02  11.5 6.38e-01 4.94e-02h  1
CasADi - 2026-10-04 13:16:11 MESSAGE("nlp_g::eval") [.../casadi/core/sx_function.cpp:77]
CasADi - 2026-10-04 13:16:11 MESSAGE("nlp_f::eval") [.../casadi/core/sx_function.cpp:77]
CasADi - 2026-10-04 13:16:11 MESSAGE("nlp_grad_f::eval") [.../casadi/core/sx_function.cpp:77]
CasADi - 2026-10-04 13:16:11 MESSAGE("nlp_jac_g::eval") [.../casadi/core/sx_function.cpp:77]
CasADi - 2026-10-04 13:16:11 MESSAGE("nlp_hess_l::eval") [.../casadi/core/sx_function.cpp:77]
 277  1.2325534e+01 6.98e-02 2.36e+13  -1.0 7.81e-02  12.0 8.95e-01 3.94e-04h  1
CasADi - 2026-10-04 13:16:11 MESSAGE("nlp_g::eval") [.../casadi/core/sx_function.cpp:77]
CasADi - 2026-10-04 13:16:11 MESSAGE("nlp_f::eval") [.../casadi/core/sx_function.cpp:77]
CasADi - 2026-10-04 13:16:11 MESSAGE("nlp_grad_f::eval") [.../casadi/core/sx_function.cpp:77]
CasADi - 2026-10-04 13:16:11 MESSAGE("nlp_jac_g::eval") [.../casadi/core/sx_function.cpp:77]
CasADi - 2026-10-04 13:16:11 MESSAGE("nlp_hess_l::eval") [.../casadi/core/sx_function.cpp:77]
 278  1.2318605e+01 6.21e-02 1.59e+13  -1.0 8.06e-02  11.5 4.35e-01 1.10e-01h  1
CasADi - 2026-10-04 13:16:12 MESSAGE("nlp_g::eval") [.../casadi/core/sx_function.cpp:77]
CasADi - 2026-10-04 13:16:12 MESSAGE("nlp_f::eval") [.../casadi/core/sx_function.cpp:77]
CasADi - 2026-10-04 13:16:12 MESSAGE("nlp_grad_f::eval") [.../casadi/core/sx_function.cpp:77]
CasADi - 2026-10-04 13:16:12 MESSAGE("nlp_jac_g::eval") [.../casadi/core/sx_function.cpp:77]
CasADi - 2026-10-04 13:16:12 MESSAGE("nlp_hess_l::eval") [.../casadi/core/sx_function.cpp:77]
 279  1.2318578e+01 6.21e-02 1.74e+13  -1.0 6.85e-02  11.9 5.03e-01 5.97e-04h  1
CasADi - 2026-10-04 13:16:12 MESSAGE("nlp_g::eval") [.../casadi/core/sx_function.cpp:77]
CasADi - 2026-10-04 13:16:12 MESSAGE("nlp_f::eval") [.../casadi/core/sx_function.cpp:77]
CasADi - 2026-10-04 13:16:12 MESSAGE("nlp_grad_f::eval") [.../casadi/core/sx_function.cpp:77]
CasADi - 2026-10-04 13:16:12 MESSAGE("nlp_jac_g::eval") [.../casadi/core/sx_function.cpp:77]
CasADi - 2026-10-04 13:16:12 MESSAGE("nlp_hess_l::eval") [.../casadi/core/sx_function.cpp:77]
iter    objective    inf_pr   inf_du lg(mu)  ||d||  lg(rg) alpha_du alpha_pr  ls
 280  1.2318520e+01 6.20e-02 1.03e+13  -1.0 7.01e-02  11.4 5.74e-01 1.14e-03h  1
CasADi - 2026-10-04 13:16:12 MESSAGE("nlp_g::eval") [.../casadi/core/sx_function.cpp:77]
CasADi - 2026-10-04 13:16:12 MESSAGE("nlp_f::eval") [.../casadi/core/sx_function.cpp:77]
CasADi - 2026-10-04 13:16:12 MESSAGE("nlp_grad_f::eval") [.../casadi/core/sx_function.cpp:77]
CasADi - 2026-10-04 13:16:12 MESSAGE("nlp_jac_g::eval") [.../casadi/core/sx_function.cpp:77]
CasADi - 2026-10-04 13:16:12 MESSAGE("nlp_hess_l::eval") [.../casadi/core/sx_function.cpp:77]
 281  1.2315296e+01 5.85e-02 1.40e+13  -1.0 7.18e-02  11.9 7.51e-01 5.72e-02h  1
CasADi - 2026-10-04 13:16:12 MESSAGE("nlp_g::eval") [.../casadi/core/sx_function.cpp:77]
CasADi - 2026-10-04 13:16:12 MESSAGE("nlp_f::eval") [.../casadi/core/sx_function.cpp:77]
CasADi - 2026-10-04 13:16:12 MESSAGE("nlp_grad_f::eval") [.../casadi/core/sx_function.cpp:77]
CasADi - 2026-10-04 13:16:12 MESSAGE("nlp_jac_g::eval") [.../casadi/core/sx_function.cpp:77]
CasADi - 2026-10-04 13:16:12 MESSAGE("nlp_hess_l::eval") [.../casadi/core/sx_function.cpp:77]
 282  1.2315242e+01 5.84e-02 9.54e+12  -1.0 6.38e-02  11.4 4.00e-01 1.53e-03h  1
CasADi - 2026-10-04 13:16:13 MESSAGE("nlp_g::eval") [.../casadi/core/sx_function.cpp:77]
CasADi - 2026-10-04 13:16:13 MESSAGE("nlp_f::eval") [.../casadi/core/sx_function.cpp:77]
CasADi - 2026-10-04 13:16:13 MESSAGE("nlp_grad_f::eval") [.../casadi/core/sx_function.cpp:77]
CasADi - 2026-10-04 13:16:13 MESSAGE("nlp_jac_g::eval") [.../casadi/core/sx_function.cpp:77]
CasADi - 2026-10-04 13:16:13 MESSAGE("nlp_hess_l::eval") [.../casadi/core/sx_function.cpp:77]
 283  1.2310286e+01 5.29e-02 1.04e+13  -1.0 6.79e-02  11.8 7.04e-01 9.42e-02h  1
CasADi - 2026-10-04 13:16:13 MESSAGE("nlp_g::eval") [.../casadi/core/sx_function.cpp:77]
CasADi - 2026-10-04 13:16:13 MESSAGE("nlp_f::eval") [.../casadi/core/sx_function.cpp:77]
CasADi - 2026-10-04 13:16:13 MESSAGE("nlp_grad_f::eval") [.../casadi/core/sx_function.cpp:77]
CasADi - 2026-10-04 13:16:13 MESSAGE("nlp_jac_g::eval") [.../casadi/core/sx_function.cpp:77]
CasADi - 2026-10-04 13:16:13 MESSAGE("nlp_hess_l::eval") [.../casadi/core/sx_function.cpp:77]
 284  1.2309562e+01 5.19e-02 2.25e+13  -1.0 5.91e-02  12.2 5.79e-01 1.75e-02h  1
CasADi - 2026-10-04 13:16:14 MESSAGE("nlp_g::eval") [.../casadi/core/sx_function.cpp:77]
CasADi - 2026-10-04 13:16:14 MESSAGE("nlp_f::eval") [.../casadi/core/sx_function.cpp:77]
CasADi - 2026-10-04 13:16:14 MESSAGE("nlp_grad_f::eval") [.../casadi/core/sx_function.cpp:77]
CasADi - 2026-10-04 13:16:14 MESSAGE("nlp_jac_g::eval") [.../casadi/core/sx_function.cpp:77]
CasADi - 2026-10-04 13:16:14 MESSAGE("nlp_hess_l::eval") [.../casadi/core/sx_function.cpp:77]
 285  1.2309557e+01 5.19e-02 2.20e+13  -1.0 5.64e-02  11.7 3.34e-02 1.63e-04h  1
CasADi - 2026-10-04 13:16:14 MESSAGE("nlp_g::eval") [.../casadi/core/sx_function.cpp:77]
CasADi - 2026-10-04 13:16:14 MESSAGE("nlp_f::eval") [.../casadi/core/sx_function.cpp:77]
CasADi - 2026-10-04 13:16:14 MESSAGE("nlp_grad_f::eval") [.../casadi/core/sx_function.cpp:77]
CasADi - 2026-10-04 13:16:14 MESSAGE("nlp_jac_g::eval") [.../casadi/core/sx_function.cpp:77]
CasADi - 2026-10-04 13:16:14 MESSAGE("nlp_hess_l::eval") [.../casadi/core/sx_function.cpp:77]
 286  1.2308611e+01 5.09e-02 2.15e+13  -1.0 6.11e-02  12.2 1.36e-03 1.94e-02h  1
CasADi - 2026-10-04 13:16:14 MESSAGE("nlp_g::eval") [.../casadi/core/sx_function.cpp:77]
CasADi - 2026-10-04 13:16:14 MESSAGE("nlp_f::eval") [.../casadi/core/sx_function.cpp:77]
CasADi - 2026-10-04 13:16:14 MESSAGE("nlp_grad_f::eval") [.../casadi/core/sx_function.cpp:77]
CasADi - 2026-10-04 13:16:14 MESSAGE("nlp_jac_g::eval") [.../casadi/core/sx_function.cpp:77]
CasADi - 2026-10-04 13:16:14 MESSAGE("nlp_hess_l::eval") [.../casadi/core/sx_function.cpp:77]
 287  1.2307048e+01 4.84e-02 2.11e+13  -1.0 5.35e-02  11.7 7.72e-03 5.07e-02h  1
CasADi - 2026-10-04 13:16:15 MESSAGE("nlp_g::eval") [.../casadi/core/sx_function.cpp:77]
CasADi - 2026-10-04 13:16:15 MESSAGE("nlp_f::eval") [.../casadi/core/sx_function.cpp:77]
CasADi - 2026-10-04 13:16:15 MESSAGE("nlp_grad_f::eval") [.../casadi/core/sx_function.cpp:77]
CasADi - 2026-10-04 13:16:15 MESSAGE("nlp_jac_g::eval") [.../casadi/core/sx_function.cpp:77]
CasADi - 2026-10-04 13:16:15 MESSAGE("nlp_hess_l::eval") [.../casadi/core/sx_function.cpp:77]
 288  1.2307040e+01 4.83e-02 2.11e+13  -1.0 4.59e-02  12.1 3.71e-02 2.67e-04h  1
CasADi - 2026-10-04 13:16:15 MESSAGE("nlp_g::eval") [.../casadi/core/sx_function.cpp:77]
CasADi - 2026-10-04 13:16:15 MESSAGE("nlp_f::eval") [.../casadi/core/sx_function.cpp:77]
CasADi - 2026-10-04 13:16:15 MESSAGE("nlp_g::eval") [.../casadi/core/sx_function.cpp:77]
CasADi - 2026-10-04 13:16:15 MESSAGE("nlp_f::eval") [.../casadi/core/sx_function.cpp:77]
CasADi - 2026-10-04 13:16:15 MESSAGE("nlp_g::eval") [.../casadi/core/sx_function.cpp:77]
CasADi - 2026-10-04 13:16:15 MESSAGE("nlp_f::eval") [.../casadi/core/sx_function.cpp:77]
CasADi - 2026-10-04 13:16:15 MESSAGE("nlp_g::eval") [.../casadi/core/sx_function.cpp:77]
CasADi - 2026-10-04 13:16:15 MESSAGE("nlp_f::eval") [.../casadi/core/sx_function.cpp:77]
CasADi - 2026-10-04 13:16:15 MESSAGE("nlp_f::eval") [.../casadi/core/sx_function.cpp:77]
CasADi - 2026-10-04 13:16:15 MESSAGE("nlp_g::eval") [.../casadi/core/sx_function.cpp:77]
CasADi - 2026-10-04 13:16:15 MESSAGE("nlp_grad_f::eval") [.../casadi/core/sx_function.cpp:77]
CasADi - 2026-10-04 13:16:15 MESSAGE("nlp_jac_g::eval") [.../casadi/core/sx_function.cpp:77]
CasADi - 2026-10-04 13:16:15 MESSAGE("nlp_g::eval") [.../casadi/core/sx_function.cpp:77]
CasADi - 2026-10-04 13:16:15 MESSAGE("nlp_jac_g::eval") [.../casadi/core/sx_function.cpp:77]
CasADi - 2026-10-04 13:16:15 MESSAGE("nlp_f::eval") [.../casadi/core/sx_function.cpp:77]
 289r 1.2307040e+01 4.83e-02 1.00e+03  -1.0 0.00e+00  12.6 0.00e+00 4.66e-07R  5
CasADi - 2026-10-04 13:16:15 MESSAGE("nlp_g::eval") [.../casadi/core/sx_function.cpp:77]
CasADi - 2026-10-04 13:16:15 MESSAGE("nlp_f::eval") [.../casadi/core/sx_function.cpp:77]
CasADi - 2026-10-04 13:16:15 MESSAGE("nlp_jac_g::eval") [.../casadi/core/sx_function.cpp:77]
iter    objective    inf_pr   inf_du lg(mu)  ||d||  lg(rg) alpha_du alpha_pr  ls
 290r 1.2302750e+01 2.02e-02 9.94e+02  -1.0 6.12e+01    -  6.68e-03 1.91e-03f  1
CasADi - 2026-10-04 13:16:15 MESSAGE("nlp_grad_f::eval") [.../casadi/core/sx_function.cpp:77]
CasADi - 2026-10-04 13:16:15 MESSAGE("nlp_hess_l::eval") [.../casadi/core/sx_function.cpp:77]
CasADi - 2026-10-04 13:16:15 MESSAGE("nlp_g::eval") [.../casadi/core/sx_function.cpp:77]
CasADi - 2026-10-04 13:16:15 MESSAGE("nlp_f::eval") [.../casadi/core/sx_function.cpp:77]
CasADi - 2026-10-04 13:16:15 MESSAGE("nlp_grad_f::eval") [.../casadi/core/sx_function.cpp:77]
CasADi - 2026-10-04 13:16:15 MESSAGE("nlp_jac_g::eval") [.../casadi/core/sx_function.cpp:77]
CasADi - 2026-10-04 13:16:15 MESSAGE("nlp_hess_l::eval") [.../casadi/core/sx_function.cpp:77]
 291  1.2221543e+01 2.02e-02 1.39e+02  -1.0 7.22e+01    -  2.17e-04 8.77e-04f  1
CasADi - 2026-10-04 13:16:15 MESSAGE("nlp_g::eval") [.../casadi/core/sx_function.cpp:77]
CasADi - 2026-10-04 13:16:15 MESSAGE("nlp_f::eval") [.../casadi/core/sx_function.cpp:77]
CasADi - 2026-10-04 13:16:15 MESSAGE("nlp_grad_f::eval") [.../casadi/core/sx_function.cpp:77]
CasADi - 2026-10-04 13:16:15 MESSAGE("nlp_jac_g::eval") [.../casadi/core/sx_function.cpp:77]
CasADi - 2026-10-04 13:16:15 MESSAGE("nlp_hess_l::eval") [.../casadi/core/sx_function.cpp:77]
 292  1.2146991e+01 2.43e-02 3.37e+02  -1.0 1.32e+01    -  1.63e-03 1.88e-02f  1
CasADi - 2026-10-04 13:16:15 MESSAGE("nlp_g::eval") [.../casadi/core/sx_function.cpp:77]
CasADi - 2026-10-04 13:16:15 MESSAGE("nlp_f::eval") [.../casadi/core/sx_function.cpp:77]
CasADi - 2026-10-04 13:16:15 MESSAGE("nlp_grad_f::eval") [.../casadi/core/sx_function.cpp:77]
CasADi - 2026-10-04 13:16:15 MESSAGE("nlp_jac_g::eval") [.../casadi/core/sx_function.cpp:77]
CasADi - 2026-10-04 13:16:15 MESSAGE("nlp_hess_l::eval") [.../casadi/core/sx_function.cpp:77]
 293  1.2076440e+01 6.75e-02 3.72e+02  -1.0 1.13e+01    -  2.26e-02 2.49e-02f  1
CasADi - 2026-10-04 13:16:15 MESSAGE("nlp_g::eval") [.../casadi/core/sx_function.cpp:77]
CasADi - 2026-10-04 13:16:15 MESSAGE("nlp_f::eval") [.../casadi/core/sx_function.cpp:77]
CasADi - 2026-10-04 13:16:15 MESSAGE("nlp_grad_f::eval") [.../casadi/core/sx_function.cpp:77]
CasADi - 2026-10-04 13:16:15 MESSAGE("nlp_jac_g::eval") [.../casadi/core/sx_function.cpp:77]
CasADi - 2026-10-04 13:16:15 MESSAGE("nlp_hess_l::eval") [.../casadi/core/sx_function.cpp:77]
 294  1.2045467e+01 2.59e-02 2.82e+13  -1.0 5.24e-02  12.1 9.93e-01 8.46e-01h  1
CasADi - 2026-10-04 13:16:16 MESSAGE("nlp_g::eval") [.../casadi/core/sx_function.cpp:77]
CasADi - 2026-10-04 13:16:16 MESSAGE("nlp_f::eval") [.../casadi/core/sx_function.cpp:77]
CasADi - 2026-10-04 13:16:16 MESSAGE("nlp_grad_f::eval") [.../casadi/core/sx_function.cpp:77]
CasADi - 2026-10-04 13:16:16 MESSAGE("nlp_jac_g::eval") [.../casadi/core/sx_function.cpp:77]
CasADi - 2026-10-04 13:16:16 MESSAGE("nlp_hess_l::eval") [.../casadi/core/sx_function.cpp:77]
 295  1.2048039e+01 1.24e-02 8.53e+13  -1.0 7.50e-02  12.5 5.15e-01 7.01e-01h  1
CasADi - 2026-10-04 13:16:16 MESSAGE("nlp_g::eval") [.../casadi/core/sx_function.cpp:77]
CasADi - 2026-10-04 13:16:16 MESSAGE("nlp_f::eval") [.../casadi/core/sx_function.cpp:77]
CasADi - 2026-10-04 13:16:16 MESSAGE("nlp_grad_f::eval") [.../casadi/core/sx_function.cpp:77]
CasADi - 2026-10-04 13:16:16 MESSAGE("nlp_jac_g::eval") [.../casadi/core/sx_function.cpp:77]
CasADi - 2026-10-04 13:16:16 MESSAGE("nlp_hess_l::eval") [.../casadi/core/sx_function.cpp:77]
 296  1.2048185e+01 1.22e-02 8.41e+13  -1.0 8.10e-02  12.0 1.79e-01 1.42e-02h  1
CasADi - 2026-10-04 13:16:17 MESSAGE("nlp_g::eval") [.../casadi/core/sx_function.cpp:77]
CasADi - 2026-10-04 13:16:17 MESSAGE("nlp_f::eval") [.../casadi/core/sx_function.cpp:77]
CasADi - 2026-10-04 13:16:17 MESSAGE("nlp_grad_f::eval") [.../casadi/core/sx_function.cpp:77]
CasADi - 2026-10-04 13:16:17 MESSAGE("nlp_jac_g::eval") [.../casadi/core/sx_function.cpp:77]
CasADi - 2026-10-04 13:16:17 MESSAGE("nlp_hess_l::eval") [.../casadi/core/sx_function.cpp:77]
 297  1.2048187e+01 1.22e-02 8.41e+13  -1.0 6.95e-02  12.4 8.22e-01 1.53e-04h  1
CasADi - 2026-10-04 13:16:17 MESSAGE("nlp_g::eval") [.../casadi/core/sx_function.cpp:77]
CasADi - 2026-10-04 13:16:17 MESSAGE("nlp_f::eval") [.../casadi/core/sx_function.cpp:77]
CasADi - 2026-10-04 13:16:17 MESSAGE("nlp_grad_f::eval") [.../casadi/core/sx_function.cpp:77]
CasADi - 2026-10-04 13:16:17 MESSAGE("nlp_jac_g::eval") [.../casadi/core/sx_function.cpp:77]
CasADi - 2026-10-04 13:16:17 MESSAGE("nlp_hess_l::eval") [.../casadi/core/sx_function.cpp:77]
 298  1.2054367e+01 6.16e-03 4.32e+13  -1.0 1.28e-01  12.0 7.86e-02 5.84e-01h  1
CasADi - 2026-10-04 13:16:18 MESSAGE("nlp_g::eval") [.../casadi/core/sx_function.cpp:77]
CasADi - 2026-10-04 13:16:18 MESSAGE("nlp_f::eval") [.../casadi/core/sx_function.cpp:77]
CasADi - 2026-10-04 13:16:18 MESSAGE("nlp_grad_f::eval") [.../casadi/core/sx_function.cpp:77]
CasADi - 2026-10-04 13:16:18 MESSAGE("nlp_jac_g::eval") [.../casadi/core/sx_function.cpp:77]
CasADi - 2026-10-04 13:16:18 MESSAGE("nlp_hess_l::eval") [.../casadi/core/sx_function.cpp:77]
 299  1.2054580e+01 6.00e-03 4.21e+13  -1.0 2.36e-02  13.3 1.00e+00 2.63e-02h  1
CasADi - 2026-10-04 13:16:18 MESSAGE("nlp_g::eval") [.../casadi/core/sx_function.cpp:77]
CasADi - 2026-10-04 13:16:18 MESSAGE("nlp_f::eval") [.../casadi/core/sx_function.cpp:77]
CasADi - 2026-10-04 13:16:18 MESSAGE("nlp_grad_f::eval") [.../casadi/core/sx_function.cpp:77]
CasADi - 2026-10-04 13:16:18 MESSAGE("nlp_jac_g::eval") [.../casadi/core/sx_function.cpp:77]
CasADi - 2026-10-04 13:16:18 MESSAGE("nlp_hess_l::eval") [.../casadi/core/sx_function.cpp:77]
iter    objective    inf_pr   inf_du lg(mu)  ||d||  lg(rg) alpha_du alpha_pr  ls
 300  1.2054734e+01 5.88e-03 4.12e+13  -1.0 2.29e-02  13.7 9.52e-01 1.97e-02h  1
CasADi - 2026-10-04 13:16:18 MESSAGE("nlp_g::eval") [.../casadi/core/sx_function.cpp:77]
CasADi - 2026-10-04 13:16:18 MESSAGE("nlp_f::eval") [.../casadi/core/sx_function.cpp:77]
CasADi - 2026-10-04 13:16:18 MESSAGE("nlp_grad_f::eval") [.../casadi/core/sx_function.cpp:77]
CasADi - 2026-10-04 13:16:18 MESSAGE("nlp_jac_g::eval") [.../casadi/core/sx_function.cpp:77]
CasADi - 2026-10-04 13:16:18 MESSAGE("nlp_hess_l::eval") [.../casadi/core/sx_function.cpp:77]
 301  1.2054735e+01 5.88e-03 4.12e+13  -1.0 2.40e-02  13.2 1.00e+00 1.22e-04h  1
CasADi - 2026-10-04 13:16:18 MESSAGE("nlp_g::eval") [.../casadi/core/sx_function.cpp:77]
CasADi - 2026-10-04 13:16:18 MESSAGE("nlp_f::eval") [.../casadi/core/sx_function.cpp:77]
CasADi - 2026-10-04 13:16:18 MESSAGE("nlp_grad_f::eval") [.../casadi/core/sx_function.cpp:77]
CasADi - 2026-10-04 13:16:18 MESSAGE("nlp_jac_g::eval") [.../casadi/core/sx_function.cpp:77]
CasADi - 2026-10-04 13:16:18 MESSAGE("nlp_hess_l::eval") [.../casadi/core/sx_function.cpp:77]
 302  1.2054737e+01 5.88e-03 4.11e+13  -1.0 2.58e-02  12.8 2.52e-01 3.42e-04h  1
CasADi - 2026-10-04 13:16:19 MESSAGE("nlp_g::eval") [.../casadi/core/sx_function.cpp:77]
CasADi - 2026-10-04 13:16:19 MESSAGE("nlp_f::eval") [.../casadi/core/sx_function.cpp:77]
CasADi - 2026-10-04 13:16:19 MESSAGE("nlp_grad_f::eval") [.../casadi/core/sx_function.cpp:77]
CasADi - 2026-10-04 13:16:19 MESSAGE("nlp_jac_g::eval") [.../casadi/core/sx_function.cpp:77]
CasADi - 2026-10-04 13:16:19 MESSAGE("nlp_hess_l::eval") [.../casadi/core/sx_function.cpp:77]
 303  1.2056780e+01 4.12e-03 2.82e+13  -1.0 2.93e-02  12.3 1.00e+00 3.12e-01h  1
CasADi - 2026-10-04 13:16:19 MESSAGE("nlp_g::eval") [.../casadi/core/sx_function.cpp:77]
CasADi - 2026-10-04 13:16:19 MESSAGE("nlp_f::eval") [.../casadi/core/sx_function.cpp:77]
CasADi - 2026-10-04 13:16:19 MESSAGE("nlp_grad_f::eval") [.../casadi/core/sx_function.cpp:77]
CasADi - 2026-10-04 13:16:19 MESSAGE("nlp_jac_g::eval") [.../casadi/core/sx_function.cpp:77]
CasADi - 2026-10-04 13:16:19 MESSAGE("nlp_hess_l::eval") [.../casadi/core/sx_function.cpp:77]
 304  1.2056809e+01 4.09e-03 2.80e+13  -1.0 2.28e-02  11.8 7.21e-01 6.91e-03h  1
CasADi - 2026-10-04 13:16:19 MESSAGE("nlp_g::eval") [.../casadi/core/sx_function.cpp:77]
CasADi - 2026-10-04 13:16:19 MESSAGE("nlp_f::eval") [.../casadi/core/sx_function.cpp:77]
CasADi - 2026-10-04 13:16:19 MESSAGE("nlp_grad_f::eval") [.../casadi/core/sx_function.cpp:77]
CasADi - 2026-10-04 13:16:19 MESSAGE("nlp_jac_g::eval") [.../casadi/core/sx_function.cpp:77]
CasADi - 2026-10-04 13:16:19 MESSAGE("nlp_hess_l::eval") [.../casadi/core/sx_function.cpp:77]
 305  1.2056811e+01 4.09e-03 2.67e+13  -1.0 2.59e-02  11.3 9.41e-01 4.97e-04h  1
CasADi - 2026-10-04 13:16:20 MESSAGE("nlp_g::eval") [.../casadi/core/sx_function.cpp:77]
CasADi - 2026-10-04 13:16:20 MESSAGE("nlp_f::eval") [.../casadi/core/sx_function.cpp:77]
CasADi - 2026-10-04 13:16:20 MESSAGE("nlp_grad_f::eval") [.../casadi/core/sx_function.cpp:77]
CasADi - 2026-10-04 13:16:20 MESSAGE("nlp_jac_g::eval") [.../casadi/core/sx_function.cpp:77]
CasADi - 2026-10-04 13:16:20 MESSAGE("nlp_hess_l::eval") [.../casadi/core/sx_function.cpp:77]
 306  1.2057653e+01 3.10e-03 2.11e+13  -1.0 2.68e-02  11.8 1.94e-02 2.44e-01h  1
CasADi - 2026-10-04 13:16:20 MESSAGE("nlp_g::eval") [.../casadi/core/sx_function.cpp:77]
CasADi - 2026-10-04 13:16:20 MESSAGE("nlp_f::eval") [.../casadi/core/sx_function.cpp:77]
CasADi - 2026-10-04 13:16:20 MESSAGE("nlp_grad_f::eval") [.../casadi/core/sx_function.cpp:77]
CasADi - 2026-10-04 13:16:20 MESSAGE("nlp_jac_g::eval") [.../casadi/core/sx_function.cpp:77]
CasADi - 2026-10-04 13:16:20 MESSAGE("nlp_hess_l::eval") [.../casadi/core/sx_function.cpp:77]
 307  1.2060284e+01 1.33e-04 5.45e+11  -1.0 2.03e-02  11.3 8.09e-04 1.00e+00h  1
CasADi - 2026-10-04 13:16:20 MESSAGE("nlp_g::eval") [.../casadi/core/sx_function.cpp:77]
CasADi - 2026-10-04 13:16:20 MESSAGE("nlp_f::eval") [.../casadi/core/sx_function.cpp:77]
CasADi - 2026-10-04 13:16:20 MESSAGE("nlp_grad_f::eval") [.../casadi/core/sx_function.cpp:77]
CasADi - 2026-10-04 13:16:20 MESSAGE("nlp_jac_g::eval") [.../casadi/core/sx_function.cpp:77]
CasADi - 2026-10-04 13:16:20 MESSAGE("nlp_hess_l::eval") [.../casadi/core/sx_function.cpp:77]
 308  1.2060338e+01 2.35e-07 1.43e+10  -1.0 4.46e-04  10.8 9.90e-01 1.00e+00f  1
CasADi - 2026-10-04 13:16:20 MESSAGE("nlp_g::eval") [.../casadi/core/sx_function.cpp:77]
CasADi - 2026-10-04 13:16:20 MESSAGE("nlp_f::eval") [.../casadi/core/sx_function.cpp:77]
CasADi - 2026-10-04 13:16:20 MESSAGE("nlp_grad_f::eval") [.../casadi/core/sx_function.cpp:77]
CasADi - 2026-10-04 13:16:20 MESSAGE("nlp_jac_g::eval") [.../casadi/core/sx_function.cpp:77]
CasADi - 2026-10-04 13:16:20 MESSAGE("nlp_hess_l::eval") [.../casadi/core/sx_function.cpp:77]
 309  1.2060339e+01 4.79e-12 1.49e+08  -1.0 2.08e-06  10.3 9.89e-01 1.00e+00f  1
CasADi - 2026-10-04 13:16:20 MESSAGE("nlp_g::eval") [.../casadi/core/sx_function.cpp:77]
CasADi - 2026-10-04 13:16:20 MESSAGE("nlp_f::eval") [.../casadi/core/sx_function.cpp:77]
CasADi - 2026-10-04 13:16:20 MESSAGE("nlp_grad_f::eval") [.../casadi/core/sx_function.cpp:77]
CasADi - 2026-10-04 13:16:20 MESSAGE("nlp_jac_g::eval") [.../casadi/core/sx_function.cpp:77]
CasADi - 2026-10-04 13:16:20 MESSAGE("nlp_hess_l::eval") [.../casadi/core/sx_function.cpp:77]
iter    objective    inf_pr   inf_du lg(mu)  ||d||  lg(rg) alpha_du alpha_pr  ls
 310  1.2060338e+01 1.26e-11 5.98e+06  -1.0 4.99e-06   9.9 9.59e-01 1.00e+00f  1
CasADi - 2026-10-04 13:16:20 MESSAGE("nlp_g::eval") [.../casadi/core/sx_function.cpp:77]
CasADi - 2026-10-04 13:16:20 MESSAGE("nlp_f::eval") [.../casadi/core/sx_function.cpp:77]
CasADi - 2026-10-04 13:16:20 MESSAGE("nlp_grad_f::eval") [.../casadi/core/sx_function.cpp:77]
CasADi - 2026-10-04 13:16:20 MESSAGE("nlp_jac_g::eval") [.../casadi/core/sx_function.cpp:77]
CasADi - 2026-10-04 13:16:20 MESSAGE("nlp_hess_l::eval") [.../casadi/core/sx_function.cpp:77]
 311  1.2060338e+01 8.32e-11 8.28e+06  -1.0 4.64e-06   9.4 4.19e-01 1.00e+00f  1
CasADi - 2026-10-04 13:16:20 MESSAGE("nlp_g::eval") [.../casadi/core/sx_function.cpp:77]
CasADi - 2026-10-04 13:16:20 MESSAGE("nlp_f::eval") [.../casadi/core/sx_function.cpp:77]
CasADi - 2026-10-04 13:16:20 MESSAGE("nlp_grad_f::eval") [.../casadi/core/sx_function.cpp:77]
CasADi - 2026-10-04 13:16:20 MESSAGE("nlp_jac_g::eval") [.../casadi/core/sx_function.cpp:77]
CasADi - 2026-10-04 13:16:20 MESSAGE("nlp_hess_l::eval") [.../casadi/core/sx_function.cpp:77]
 312  1.2060338e+01 1.07e-11 2.04e+06  -1.0 2.86e-06   8.9 7.62e-01 1.00e+00f  1
CasADi - 2026-10-04 13:16:21 MESSAGE("nlp_g::eval") [.../casadi/core/sx_function.cpp:77]
CasADi - 2026-10-04 13:16:21 MESSAGE("nlp_f::eval") [.../casadi/core/sx_function.cpp:77]
CasADi - 2026-10-04 13:16:21 MESSAGE("nlp_grad_f::eval") [.../casadi/core/sx_function.cpp:77]
CasADi - 2026-10-04 13:16:21 MESSAGE("nlp_jac_g::eval") [.../casadi/core/sx_function.cpp:77]
CasADi - 2026-10-04 13:16:21 MESSAGE("nlp_hess_l::eval") [.../casadi/core/sx_function.cpp:77]
 313  1.2060337e+01 1.81e-10 5.99e+05  -1.0 6.02e-06   8.4 6.99e-01 1.00e+00f  1
CasADi - 2026-10-04 13:16:21 MESSAGE("nlp_g::eval") [.../casadi/core/sx_function.cpp:77]
CasADi - 2026-10-04 13:16:21 MESSAGE("nlp_f::eval") [.../casadi/core/sx_function.cpp:77]
CasADi - 2026-10-04 13:16:21 MESSAGE("nlp_grad_f::eval") [.../casadi/core/sx_function.cpp:77]
CasADi - 2026-10-04 13:16:21 MESSAGE("nlp_jac_g::eval") [.../casadi/core/sx_function.cpp:77]
CasADi - 2026-10-04 13:16:21 MESSAGE("nlp_hess_l::eval") [.../casadi/core/sx_function.cpp:77]
 314  1.2060337e+01 4.53e-11 1.88e+05  -1.0 1.28e-05   7.9 7.58e-01 1.00e+00f  1
CasADi - 2026-10-04 13:16:21 MESSAGE("nlp_g::eval") [.../casadi/core/sx_function.cpp:77]
CasADi - 2026-10-04 13:16:21 MESSAGE("nlp_f::eval") [.../casadi/core/sx_function.cpp:77]
CasADi - 2026-10-04 13:16:21 MESSAGE("nlp_grad_f::eval") [.../casadi/core/sx_function.cpp:77]
CasADi - 2026-10-04 13:16:21 MESSAGE("nlp_jac_g::eval") [.../casadi/core/sx_function.cpp:77]
CasADi - 2026-10-04 13:16:21 MESSAGE("nlp_hess_l::eval") [.../casadi/core/sx_function.cpp:77]
 315  1.2060334e+01 1.36e-09 6.03e+04  -1.0 2.11e-05   7.5 8.08e-01 1.00e+00f  1
CasADi - 2026-10-04 13:16:21 MESSAGE("nlp_g::eval") [.../casadi/core/sx_function.cpp:77]
CasADi - 2026-10-04 13:16:21 MESSAGE("nlp_f::eval") [.../casadi/core/sx_function.cpp:77]
CasADi - 2026-10-04 13:16:21 MESSAGE("nlp_grad_f::eval") [.../casadi/core/sx_function.cpp:77]
CasADi - 2026-10-04 13:16:21 MESSAGE("nlp_jac_g::eval") [.../casadi/core/sx_function.cpp:77]
CasADi - 2026-10-04 13:16:21 MESSAGE("nlp_hess_l::eval") [.../casadi/core/sx_function.cpp:77]
 316  1.2060332e+01 9.18e-10 2.73e+04  -1.0 4.05e-05   7.0 8.49e-01 1.00e+00f  1
CasADi - 2026-10-04 13:16:21 MESSAGE("nlp_g::eval") [.../casadi/core/sx_function.cpp:77]
CasADi - 2026-10-04 13:16:21 MESSAGE("nlp_f::eval") [.../casadi/core/sx_function.cpp:77]
CasADi - 2026-10-04 13:16:21 MESSAGE("nlp_grad_f::eval") [.../casadi/core/sx_function.cpp:77]
CasADi - 2026-10-04 13:16:21 MESSAGE("nlp_jac_g::eval") [.../casadi/core/sx_function.cpp:77]
CasADi - 2026-10-04 13:16:21 MESSAGE("nlp_hess_l::eval") [.../casadi/core/sx_function.cpp:77]
 317  1.2060325e+01 1.05e-08 9.84e+03  -1.0 6.66e-05   6.5 8.78e-01 1.00e+00f  1
CasADi - 2026-10-04 13:16:21 MESSAGE("nlp_g::eval") [.../casadi/core/sx_function.cpp:77]
CasADi - 2026-10-04 13:16:21 MESSAGE("nlp_f::eval") [.../casadi/core/sx_function.cpp:77]
CasADi - 2026-10-04 13:16:21 MESSAGE("nlp_grad_f::eval") [.../casadi/core/sx_function.cpp:77]
CasADi - 2026-10-04 13:16:21 MESSAGE("nlp_jac_g::eval") [.../casadi/core/sx_function.cpp:77]
CasADi - 2026-10-04 13:16:21 MESSAGE("nlp_hess_l::eval") [.../casadi/core/sx_function.cpp:77]
 318  1.2060317e+01 8.81e-09 5.17e+03  -1.0 1.24e-04   6.0 9.01e-01 1.00e+00f  1
CasADi - 2026-10-04 13:16:21 MESSAGE("nlp_g::eval") [.../casadi/core/sx_function.cpp:77]
CasADi - 2026-10-04 13:16:21 MESSAGE("nlp_f::eval") [.../casadi/core/sx_function.cpp:77]
CasADi - 2026-10-04 13:16:21 MESSAGE("nlp_grad_f::eval") [.../casadi/core/sx_function.cpp:77]
CasADi - 2026-10-04 13:16:21 MESSAGE("nlp_jac_g::eval") [.../casadi/core/sx_function.cpp:77]
CasADi - 2026-10-04 13:16:21 MESSAGE("nlp_hess_l::eval") [.../casadi/core/sx_function.cpp:77]
 319  1.2060298e+01 6.87e-08 1.04e+04  -1.0 2.12e-04   5.6 9.14e-01 1.00e+00f  1
CasADi - 2026-10-04 13:16:21 MESSAGE("nlp_g::eval") [.../casadi/core/sx_function.cpp:77]
CasADi - 2026-10-04 13:16:21 MESSAGE("nlp_f::eval") [.../casadi/core/sx_function.cpp:77]
CasADi - 2026-10-04 13:16:21 MESSAGE("nlp_grad_f::eval") [.../casadi/core/sx_function.cpp:77]
CasADi - 2026-10-04 13:16:21 MESSAGE("nlp_jac_g::eval") [.../casadi/core/sx_function.cpp:77]
CasADi - 2026-10-04 13:16:21 MESSAGE("nlp_hess_l::eval") [.../casadi/core/sx_function.cpp:77]
iter    objective    inf_pr   inf_du lg(mu)  ||d||  lg(rg) alpha_du alpha_pr  ls
 320  1.2060273e+01 1.54e-07 2.45e+04  -1.0 4.07e-04   5.1 9.30e-01 1.00e+00f  1
CasADi - 2026-10-04 13:16:21 MESSAGE("nlp_g::eval") [.../casadi/core/sx_function.cpp:77]
CasADi - 2026-10-04 13:16:21 MESSAGE("nlp_f::eval") [.../casadi/core/sx_function.cpp:77]
CasADi - 2026-10-04 13:16:21 MESSAGE("nlp_grad_f::eval") [.../casadi/core/sx_function.cpp:77]
CasADi - 2026-10-04 13:16:21 MESSAGE("nlp_jac_g::eval") [.../casadi/core/sx_function.cpp:77]
CasADi - 2026-10-04 13:16:21 MESSAGE("nlp_hess_l::eval") [.../casadi/core/sx_function.cpp:77]
 321  1.2060215e+01 1.16e-06 7.58e+04  -1.0 7.55e-04   4.6 9.19e-01 1.00e+00f  1
CasADi - 2026-10-04 13:16:21 MESSAGE("nlp_g::eval") [.../casadi/core/sx_function.cpp:77]
CasADi - 2026-10-04 13:16:21 MESSAGE("nlp_f::eval") [.../casadi/core/sx_function.cpp:77]
CasADi - 2026-10-04 13:16:21 MESSAGE("nlp_grad_f::eval") [.../casadi/core/sx_function.cpp:77]
CasADi - 2026-10-04 13:16:21 MESSAGE("nlp_jac_g::eval") [.../casadi/core/sx_function.cpp:77]
CasADi - 2026-10-04 13:16:21 MESSAGE("nlp_hess_l::eval") [.../casadi/core/sx_function.cpp:77]
 322  1.2060132e+01 4.60e-06 1.58e+05  -1.0 1.63e-03   4.1 9.32e-01 1.00e+00f  1
CasADi - 2026-10-04 13:16:21 MESSAGE("nlp_g::eval") [.../casadi/core/sx_function.cpp:77]
CasADi - 2026-10-04 13:16:21 MESSAGE("nlp_f::eval") [.../casadi/core/sx_function.cpp:77]
CasADi - 2026-10-04 13:16:21 MESSAGE("nlp_grad_f::eval") [.../casadi/core/sx_function.cpp:77]
CasADi - 2026-10-04 13:16:21 MESSAGE("nlp_jac_g::eval") [.../casadi/core/sx_function.cpp:77]
CasADi - 2026-10-04 13:16:21 MESSAGE("nlp_hess_l::eval") [.../casadi/core/sx_function.cpp:77]
 323  1.2060051e+01 3.13e-05 2.63e+05  -1.0 3.19e-03   3.7 9.25e-01 1.00e+00f  1
CasADi - 2026-10-04 13:16:21 MESSAGE("nlp_g::eval") [.../casadi/core/sx_function.cpp:77]
CasADi - 2026-10-04 13:16:21 MESSAGE("nlp_f::eval") [.../casadi/core/sx_function.cpp:77]
CasADi - 2026-10-04 13:16:21 MESSAGE("nlp_grad_f::eval") [.../casadi/core/sx_function.cpp:77]
CasADi - 2026-10-04 13:16:21 MESSAGE("nlp_jac_g::eval") [.../casadi/core/sx_function.cpp:77]
CasADi - 2026-10-04 13:16:21 MESSAGE("nlp_hess_l::eval") [.../casadi/core/sx_function.cpp:77]
 324  1.2061640e+01 6.87e-04 4.80e+02  -1.0 6.46e-03   3.2 1.00e+00 1.00e+00f  1
CasADi - 2026-10-04 13:16:21 MESSAGE("nlp_g::eval") [.../casadi/core/sx_function.cpp:77]
CasADi - 2026-10-04 13:16:21 MESSAGE("nlp_f::eval") [.../casadi/core/sx_function.cpp:77]
CasADi - 2026-10-04 13:16:21 MESSAGE("nlp_grad_f::eval") [.../casadi/core/sx_function.cpp:77]
CasADi - 2026-10-04 13:16:21 MESSAGE("nlp_jac_g::eval") [.../casadi/core/sx_function.cpp:77]
CasADi - 2026-10-04 13:16:21 MESSAGE("nlp_hess_l::eval") [.../casadi/core/sx_function.cpp:77]
 325  1.2065698e+01 1.36e-03 5.34e+04  -1.0 2.67e-02   2.7 9.08e-01 1.00e+00f  1
CasADi - 2026-10-04 13:16:21 MESSAGE("nlp_g::eval") [.../casadi/core/sx_function.cpp:77]
CasADi - 2026-10-04 13:16:21 MESSAGE("nlp_f::eval") [.../casadi/core/sx_function.cpp:77]
CasADi - 2026-10-04 13:16:21 MESSAGE("nlp_grad_f::eval") [.../casadi/core/sx_function.cpp:77]
CasADi - 2026-10-04 13:16:21 MESSAGE("nlp_jac_g::eval") [.../casadi/core/sx_function.cpp:77]
CasADi - 2026-10-04 13:16:21 MESSAGE("nlp_hess_l::eval") [.../casadi/core/sx_function.cpp:77]
 326  1.2062062e+01 7.70e-04 5.32e+02  -1.0 2.15e-02   2.2 1.00e+00 1.00e+00f  1
CasADi - 2026-10-04 13:16:21 MESSAGE("nlp_g::eval") [.../casadi/core/sx_function.cpp:77]
CasADi - 2026-10-04 13:16:21 MESSAGE("nlp_f::eval") [.../casadi/core/sx_function.cpp:77]
CasADi - 2026-10-04 13:16:21 MESSAGE("nlp_grad_f::eval") [.../casadi/core/sx_function.cpp:77]
CasADi - 2026-10-04 13:16:21 MESSAGE("nlp_jac_g::eval") [.../casadi/core/sx_function.cpp:77]
CasADi - 2026-10-04 13:16:21 MESSAGE("nlp_hess_l::eval") [.../casadi/core/sx_function.cpp:77]
 327  1.2062127e+01 1.11e-03 7.45e+02  -1.0 7.77e-03   2.6 1.00e+00 1.00e+00f  1
CasADi - 2026-10-04 13:16:21 MESSAGE("nlp_g::eval") [.../casadi/core/sx_function.cpp:77]
CasADi - 2026-10-04 13:16:21 MESSAGE("nlp_f::eval") [.../casadi/core/sx_function.cpp:77]
CasADi - 2026-10-04 13:16:21 MESSAGE("nlp_grad_f::eval") [.../casadi/core/sx_function.cpp:77]
CasADi - 2026-10-04 13:16:21 MESSAGE("nlp_jac_g::eval") [.../casadi/core/sx_function.cpp:77]
CasADi - 2026-10-04 13:16:21 MESSAGE("nlp_hess_l::eval") [.../casadi/core/sx_function.cpp:77]
 328  1.2057647e+01 4.43e-04 2.33e+02  -1.0 1.68e-02   2.2 1.00e+00 1.00e+00f  1
CasADi - 2026-10-04 13:16:21 MESSAGE("nlp_g::eval") [.../casadi/core/sx_function.cpp:77]
CasADi - 2026-10-04 13:16:21 MESSAGE("nlp_f::eval") [.../casadi/core/sx_function.cpp:77]
CasADi - 2026-10-04 13:16:21 MESSAGE("nlp_grad_f::eval") [.../casadi/core/sx_function.cpp:77]
CasADi - 2026-10-04 13:16:21 MESSAGE("nlp_jac_g::eval") [.../casadi/core/sx_function.cpp:77]
CasADi - 2026-10-04 13:16:21 MESSAGE("nlp_hess_l::eval") [.../casadi/core/sx_function.cpp:77]
 329  1.2057381e+01 3.58e-05 1.74e+02  -1.0 1.50e-03   3.5 1.00e+00 1.00e+00h  1
CasADi - 2026-10-04 13:16:21 MESSAGE("nlp_g::eval") [.../casadi/core/sx_function.cpp:77]
CasADi - 2026-10-04 13:16:21 MESSAGE("nlp_f::eval") [.../casadi/core/sx_function.cpp:77]
CasADi - 2026-10-04 13:16:21 MESSAGE("nlp_grad_f::eval") [.../casadi/core/sx_function.cpp:77]
CasADi - 2026-10-04 13:16:21 MESSAGE("nlp_jac_g::eval") [.../casadi/core/sx_function.cpp:77]
CasADi - 2026-10-04 13:16:21 MESSAGE("nlp_hess_l::eval") [.../casadi/core/sx_function.cpp:77]
iter    objective    inf_pr   inf_du lg(mu)  ||d||  lg(rg) alpha_du alpha_pr  ls
 330  1.2055712e+01 3.46e-03 7.17e+03  -1.0 1.78e-02   3.0 8.09e-01 8.37e-01f  1
CasADi - 2026-10-04 13:16:21 MESSAGE("nlp_g::eval") [.../casadi/core/sx_function.cpp:77]
CasADi - 2026-10-04 13:16:21 MESSAGE("nlp_f::eval") [.../casadi/core/sx_function.cpp:77]
CasADi - 2026-10-04 13:16:21 MESSAGE("nlp_grad_f::eval") [.../casadi/core/sx_function.cpp:77]
CasADi - 2026-10-04 13:16:21 MESSAGE("nlp_jac_g::eval") [.../casadi/core/sx_function.cpp:77]
CasADi - 2026-10-04 13:16:21 MESSAGE("nlp_hess_l::eval") [.../casadi/core/sx_function.cpp:77]
 331  1.2054437e+01 1.05e-03 6.73e+04  -1.0 8.48e-03   2.5 3.23e-01 1.00e+00f  1
CasADi - 2026-10-04 13:16:21 MESSAGE("nlp_g::eval") [.../casadi/core/sx_function.cpp:77]
CasADi - 2026-10-04 13:16:21 MESSAGE("nlp_f::eval") [.../casadi/core/sx_function.cpp:77]
CasADi - 2026-10-04 13:16:21 MESSAGE("nlp_grad_f::eval") [.../casadi/core/sx_function.cpp:77]
CasADi - 2026-10-04 13:16:21 MESSAGE("nlp_jac_g::eval") [.../casadi/core/sx_function.cpp:77]
CasADi - 2026-10-04 13:16:21 MESSAGE("nlp_hess_l::eval") [.../casadi/core/sx_function.cpp:77]
 332  1.2050445e+01 4.13e-04 4.38e+02  -1.0 1.73e-02   2.1 1.00e+00 1.00e+00f  1
CasADi - 2026-10-04 13:16:21 MESSAGE("nlp_g::eval") [.../casadi/core/sx_function.cpp:77]
CasADi - 2026-10-04 13:16:21 MESSAGE("nlp_f::eval") [.../casadi/core/sx_function.cpp:77]
CasADi - 2026-10-04 13:16:21 MESSAGE("nlp_grad_f::eval") [.../casadi/core/sx_function.cpp:77]
CasADi - 2026-10-04 13:16:21 MESSAGE("nlp_jac_g::eval") [.../casadi/core/sx_function.cpp:77]
CasADi - 2026-10-04 13:16:21 MESSAGE("nlp_hess_l::eval") [.../casadi/core/sx_function.cpp:77]
 333  1.2038611e+01 3.28e-03 6.60e+01  -1.0 3.93e-02   1.6 1.00e+00 1.00e+00f  1
CasADi - 2026-10-04 13:16:21 MESSAGE("nlp_g::eval") [.../casadi/core/sx_function.cpp:77]
CasADi - 2026-10-04 13:16:21 MESSAGE("nlp_f::eval") [.../casadi/core/sx_function.cpp:77]
CasADi - 2026-10-04 13:16:21 MESSAGE("nlp_grad_f::eval") [.../casadi/core/sx_function.cpp:77]
CasADi - 2026-10-04 13:16:21 MESSAGE("nlp_jac_g::eval") [.../casadi/core/sx_function.cpp:77]
CasADi - 2026-10-04 13:16:21 MESSAGE("nlp_hess_l::eval") [.../casadi/core/sx_function.cpp:77]
 334  1.1979707e+01 1.86e-03 1.20e+02  -1.7 2.59e-02   1.1 1.00e+00 1.00e+00h  1
CasADi - 2026-10-04 13:16:21 MESSAGE("nlp_g::eval") [.../casadi/core/sx_function.cpp:77]
CasADi - 2026-10-04 13:16:21 MESSAGE("nlp_f::eval") [.../casadi/core/sx_function.cpp:77]
CasADi - 2026-10-04 13:16:21 MESSAGE("nlp_grad_f::eval") [.../casadi/core/sx_function.cpp:77]
CasADi - 2026-10-04 13:16:21 MESSAGE("nlp_jac_g::eval") [.../casadi/core/sx_function.cpp:77]
CasADi - 2026-10-04 13:16:21 MESSAGE("nlp_hess_l::eval") [.../casadi/core/sx_function.cpp:77]
 335  1.1955693e+01 2.80e-04 2.35e+01  -1.7 8.13e-03   1.5 1.00e+00 1.00e+00h  1
CasADi - 2026-10-04 13:16:21 MESSAGE("nlp_g::eval") [.../casadi/core/sx_function.cpp:77]
CasADi - 2026-10-04 13:16:21 MESSAGE("nlp_f::eval") [.../casadi/core/sx_function.cpp:77]
CasADi - 2026-10-04 13:16:21 MESSAGE("nlp_grad_f::eval") [.../casadi/core/sx_function.cpp:77]
CasADi - 2026-10-04 13:16:21 MESSAGE("nlp_jac_g::eval") [.../casadi/core/sx_function.cpp:77]
CasADi - 2026-10-04 13:16:21 MESSAGE("nlp_hess_l::eval") [.../casadi/core/sx_function.cpp:77]
 336  1.1890613e+01 2.26e-03 3.15e+00  -1.7 1.75e-02   1.1 1.00e+00 1.00e+00f  1
CasADi - 2026-10-04 13:16:21 MESSAGE("nlp_g::eval") [.../casadi/core/sx_function.cpp:77]
CasADi - 2026-10-04 13:16:21 MESSAGE("nlp_f::eval") [.../casadi/core/sx_function.cpp:77]
CasADi - 2026-10-04 13:16:21 MESSAGE("nlp_grad_f::eval") [.../casadi/core/sx_function.cpp:77]
CasADi - 2026-10-04 13:16:21 MESSAGE("nlp_jac_g::eval") [.../casadi/core/sx_function.cpp:77]
CasADi - 2026-10-04 13:16:21 MESSAGE("nlp_hess_l::eval") [.../casadi/core/sx_function.cpp:77]
 337  1.1719689e+01 1.66e-02 1.46e+02  -1.7 4.23e-02   0.6 1.00e+00 1.00e+00f  1
CasADi - 2026-10-04 13:16:21 MESSAGE("nlp_g::eval") [.../casadi/core/sx_function.cpp:77]
CasADi - 2026-10-04 13:16:21 MESSAGE("nlp_f::eval") [.../casadi/core/sx_function.cpp:77]
CasADi - 2026-10-04 13:16:21 MESSAGE("nlp_grad_f::eval") [.../casadi/core/sx_function.cpp:77]
CasADi - 2026-10-04 13:16:21 MESSAGE("nlp_jac_g::eval") [.../casadi/core/sx_function.cpp:77]
CasADi - 2026-10-04 13:16:21 MESSAGE("nlp_hess_l::eval") [.../casadi/core/sx_function.cpp:77]
 338  1.1265231e+01 1.31e-01 8.32e+01  -1.7 1.62e-01   0.1 1.00e+00 1.00e+00f  1
CasADi - 2026-10-04 13:16:21 MESSAGE("nlp_g::eval") [.../casadi/core/sx_function.cpp:77]
CasADi - 2026-10-04 13:16:21 MESSAGE("nlp_f::eval") [.../casadi/core/sx_function.cpp:77]
CasADi - 2026-10-04 13:16:21 MESSAGE("nlp_grad_f::eval") [.../casadi/core/sx_function.cpp:77]
CasADi - 2026-10-04 13:16:21 MESSAGE("nlp_jac_g::eval") [.../casadi/core/sx_function.cpp:77]
CasADi - 2026-10-04 13:16:21 MESSAGE("nlp_hess_l::eval") [.../casadi/core/sx_function.cpp:77]
 339  1.1217651e+01 1.70e-02 9.59e+03  -1.7 3.64e-02   1.4 5.15e-01 1.00e+00h  1
CasADi - 2026-10-04 13:16:21 MESSAGE("nlp_g::eval") [.../casadi/core/sx_function.cpp:77]
CasADi - 2026-10-04 13:16:21 MESSAGE("nlp_f::eval") [.../casadi/core/sx_function.cpp:77]
CasADi - 2026-10-04 13:16:21 MESSAGE("nlp_grad_f::eval") [.../casadi/core/sx_function.cpp:77]
CasADi - 2026-10-04 13:16:21 MESSAGE("nlp_jac_g::eval") [.../casadi/core/sx_function.cpp:77]
CasADi - 2026-10-04 13:16:21 MESSAGE("nlp_hess_l::eval") [.../casadi/core/sx_function.cpp:77]
iter    objective    inf_pr   inf_du lg(mu)  ||d||  lg(rg) alpha_du alpha_pr  ls
 340  1.1168013e+01 3.25e-03 3.46e+02  -1.7 4.82e-02   1.0 1.00e+00 1.00e+00h  1
CasADi - 2026-10-04 13:16:21 MESSAGE("nlp_g::eval") [.../casadi/core/sx_function.cpp:77]
CasADi - 2026-10-04 13:16:21 MESSAGE("nlp_f::eval") [.../casadi/core/sx_function.cpp:77]
CasADi - 2026-10-04 13:16:21 MESSAGE("nlp_grad_f::eval") [.../casadi/core/sx_function.cpp:77]
CasADi - 2026-10-04 13:16:21 MESSAGE("nlp_jac_g::eval") [.../casadi/core/sx_function.cpp:77]
CasADi - 2026-10-04 13:16:21 MESSAGE("nlp_hess_l::eval") [.../casadi/core/sx_function.cpp:77]
 341  1.1006407e+01 1.51e-02 8.44e+01  -1.7 5.06e-02   0.5 1.00e+00 1.00e+00h  1
CasADi - 2026-10-04 13:16:21 MESSAGE("nlp_g::eval") [.../casadi/core/sx_function.cpp:77]
CasADi - 2026-10-04 13:16:21 MESSAGE("nlp_f::eval") [.../casadi/core/sx_function.cpp:77]
CasADi - 2026-10-04 13:16:21 MESSAGE("nlp_grad_f::eval") [.../casadi/core/sx_function.cpp:77]
CasADi - 2026-10-04 13:16:21 MESSAGE("nlp_jac_g::eval") [.../casadi/core/sx_function.cpp:77]
CasADi - 2026-10-04 13:16:21 MESSAGE("nlp_hess_l::eval") [.../casadi/core/sx_function.cpp:77]
 342  1.0596922e+01 1.07e-01 4.97e+01  -1.7 1.32e-01   0.0 1.00e+00 1.00e+00h  1
CasADi - 2026-10-04 13:16:21 MESSAGE("nlp_g::eval") [.../casadi/core/sx_function.cpp:77]
CasADi - 2026-10-04 13:16:21 MESSAGE("nlp_f::eval") [.../casadi/core/sx_function.cpp:77]
CasADi - 2026-10-04 13:16:21 MESSAGE("nlp_grad_f::eval") [.../casadi/core/sx_function.cpp:77]
CasADi - 2026-10-04 13:16:21 MESSAGE("nlp_jac_g::eval") [.../casadi/core/sx_function.cpp:77]
CasADi - 2026-10-04 13:16:21 MESSAGE("nlp_hess_l::eval") [.../casadi/core/sx_function.cpp:77]
 343  1.0564242e+01 1.28e-02 6.58e+03  -1.7 4.63e-02   1.3 5.72e-01 1.00e+00h  1
CasADi - 2026-10-04 13:16:21 MESSAGE("nlp_g::eval") [.../casadi/core/sx_function.cpp:77]
CasADi - 2026-10-04 13:16:21 MESSAGE("nlp_f::eval") [.../casadi/core/sx_function.cpp:77]
CasADi - 2026-10-04 13:16:21 MESSAGE("nlp_grad_f::eval") [.../casadi/core/sx_function.cpp:77]
CasADi - 2026-10-04 13:16:21 MESSAGE("nlp_jac_g::eval") [.../casadi/core/sx_function.cpp:77]
CasADi - 2026-10-04 13:16:21 MESSAGE("nlp_hess_l::eval") [.../casadi/core/sx_function.cpp:77]
 344  1.0521686e+01 2.21e-03 2.74e+02  -1.7 6.29e-02   0.9 1.00e+00 1.00e+00h  1
CasADi - 2026-10-04 13:16:21 MESSAGE("nlp_g::eval") [.../casadi/core/sx_function.cpp:77]
CasADi - 2026-10-04 13:16:21 MESSAGE("nlp_f::eval") [.../casadi/core/sx_function.cpp:77]
CasADi - 2026-10-04 13:16:21 MESSAGE("nlp_grad_f::eval") [.../casadi/core/sx_function.cpp:77]
CasADi - 2026-10-04 13:16:21 MESSAGE("nlp_jac_g::eval") [.../casadi/core/sx_function.cpp:77]
CasADi - 2026-10-04 13:16:21 MESSAGE("nlp_hess_l::eval") [.../casadi/core/sx_function.cpp:77]
 345  1.0385875e+01 9.77e-03 6.35e+01  -1.7 5.27e-02   0.4 1.00e+00 1.00e+00h  1
CasADi - 2026-10-04 13:16:21 MESSAGE("nlp_g::eval") [.../casadi/core/sx_function.cpp:77]
CasADi - 2026-10-04 13:16:21 MESSAGE("nlp_f::eval") [.../casadi/core/sx_function.cpp:77]
CasADi - 2026-10-04 13:16:21 MESSAGE("nlp_grad_f::eval") [.../casadi/core/sx_function.cpp:77]
CasADi - 2026-10-04 13:16:21 MESSAGE("nlp_jac_g::eval") [.../casadi/core/sx_function.cpp:77]
CasADi - 2026-10-04 13:16:21 MESSAGE("nlp_hess_l::eval") [.../casadi/core/sx_function.cpp:77]
 346  1.0381280e+01 6.90e-04 2.88e+02  -1.7 2.86e-02   1.7 1.00e+00 1.00e+00h  1
CasADi - 2026-10-04 13:16:21 MESSAGE("nlp_g::eval") [.../casadi/core/sx_function.cpp:77]
CasADi - 2026-10-04 13:16:21 MESSAGE("nlp_f::eval") [.../casadi/core/sx_function.cpp:77]
CasADi - 2026-10-04 13:16:21 MESSAGE("nlp_grad_f::eval") [.../casadi/core/sx_function.cpp:77]
CasADi - 2026-10-04 13:16:21 MESSAGE("nlp_jac_g::eval") [.../casadi/core/sx_function.cpp:77]
CasADi - 2026-10-04 13:16:21 MESSAGE("nlp_hess_l::eval") [.../casadi/core/sx_function.cpp:77]
 347  1.0362960e+01 1.62e-04 1.86e+01  -1.7 9.37e-03   1.2 1.00e+00 1.00e+00h  1
CasADi - 2026-10-04 13:16:21 MESSAGE("nlp_g::eval") [.../casadi/core/sx_function.cpp:77]
CasADi - 2026-10-04 13:16:21 MESSAGE("nlp_f::eval") [.../casadi/core/sx_function.cpp:77]
CasADi - 2026-10-04 13:16:21 MESSAGE("nlp_grad_f::eval") [.../casadi/core/sx_function.cpp:77]
CasADi - 2026-10-04 13:16:21 MESSAGE("nlp_jac_g::eval") [.../casadi/core/sx_function.cpp:77]
CasADi - 2026-10-04 13:16:21 MESSAGE("nlp_hess_l::eval") [.../casadi/core/sx_function.cpp:77]
 348  1.0309929e+01 1.45e-03 2.47e+01  -1.7 2.78e-02   0.8 1.00e+00 1.00e+00h  1
CasADi - 2026-10-04 13:16:21 MESSAGE("nlp_g::eval") [.../casadi/core/sx_function.cpp:77]
CasADi - 2026-10-04 13:16:21 MESSAGE("nlp_f::eval") [.../casadi/core/sx_function.cpp:77]
CasADi - 2026-10-04 13:16:21 MESSAGE("nlp_grad_f::eval") [.../casadi/core/sx_function.cpp:77]
CasADi - 2026-10-04 13:16:21 MESSAGE("nlp_jac_g::eval") [.../casadi/core/sx_function.cpp:77]
CasADi - 2026-10-04 13:16:21 MESSAGE("nlp_hess_l::eval") [.../casadi/core/sx_function.cpp:77]
 349  1.0290506e+01 3.11e-04 6.64e+01  -1.7 1.71e-02   1.2 1.00e+00 1.00e+00h  1
CasADi - 2026-10-04 13:16:21 MESSAGE("nlp_g::eval") [.../casadi/core/sx_function.cpp:77]
CasADi - 2026-10-04 13:16:21 MESSAGE("nlp_f::eval") [.../casadi/core/sx_function.cpp:77]
CasADi - 2026-10-04 13:16:21 MESSAGE("nlp_grad_f::eval") [.../casadi/core/sx_function.cpp:77]
CasADi - 2026-10-04 13:16:21 MESSAGE("nlp_jac_g::eval") [.../casadi/core/sx_function.cpp:77]
CasADi - 2026-10-04 13:16:21 MESSAGE("nlp_hess_l::eval") [.../casadi/core/sx_function.cpp:77]
iter    objective    inf_pr   inf_du lg(mu)  ||d||  lg(rg) alpha_du alpha_pr  ls
 350  1.0234915e+01 1.47e-03 2.32e+01  -1.7 1.18e-02   0.7 1.00e+00 1.00e+00h  1
CasADi - 2026-10-04 13:16:21 MESSAGE("nlp_g::eval") [.../casadi/core/sx_function.cpp:77]
CasADi - 2026-10-04 13:16:21 MESSAGE("nlp_f::eval") [.../casadi/core/sx_function.cpp:77]
CasADi - 2026-10-04 13:16:21 MESSAGE("nlp_grad_f::eval") [.../casadi/core/sx_function.cpp:77]
CasADi - 2026-10-04 13:16:21 MESSAGE("nlp_jac_g::eval") [.../casadi/core/sx_function.cpp:77]
CasADi - 2026-10-04 13:16:21 MESSAGE("nlp_hess_l::eval") [.../casadi/core/sx_function.cpp:77]
 351  1.0088115e+01 1.16e-02 1.49e+01  -1.7 4.90e-02   0.2 1.00e+00 1.00e+00h  1
CasADi - 2026-10-04 13:16:21 MESSAGE("nlp_g::eval") [.../casadi/core/sx_function.cpp:77]
CasADi - 2026-10-04 13:16:21 MESSAGE("nlp_f::eval") [.../casadi/core/sx_function.cpp:77]
CasADi - 2026-10-04 13:16:21 MESSAGE("nlp_grad_f::eval") [.../casadi/core/sx_function.cpp:77]
CasADi - 2026-10-04 13:16:21 MESSAGE("nlp_jac_g::eval") [.../casadi/core/sx_function.cpp:77]
CasADi - 2026-10-04 13:16:21 MESSAGE("nlp_hess_l::eval") [.../casadi/core/sx_function.cpp:77]
 352  1.0034651e+01 2.75e-03 9.05e+01  -1.7 2.56e-02   0.7 1.00e+00 1.00e+00h  1
CasADi - 2026-10-04 13:16:21 MESSAGE("nlp_g::eval") [.../casadi/core/sx_function.cpp:77]
CasADi - 2026-10-04 13:16:21 MESSAGE("nlp_f::eval") [.../casadi/core/sx_function.cpp:77]
CasADi - 2026-10-04 13:16:21 MESSAGE("nlp_grad_f::eval") [.../casadi/core/sx_function.cpp:77]
CasADi - 2026-10-04 13:16:21 MESSAGE("nlp_jac_g::eval") [.../casadi/core/sx_function.cpp:77]
CasADi - 2026-10-04 13:16:21 MESSAGE("nlp_hess_l::eval") [.../casadi/core/sx_function.cpp:77]
 353  9.8975635e+00 1.05e-02 3.16e+01  -1.7 3.07e-02   0.2 1.00e+00 1.00e+00h  1
CasADi - 2026-10-04 13:16:21 MESSAGE("nlp_g::eval") [.../casadi/core/sx_function.cpp:77]
CasADi - 2026-10-04 13:16:21 MESSAGE("nlp_f::eval") [.../casadi/core/sx_function.cpp:77]
CasADi - 2026-10-04 13:16:21 MESSAGE("nlp_grad_f::eval") [.../casadi/core/sx_function.cpp:77]
CasADi - 2026-10-04 13:16:21 MESSAGE("nlp_jac_g::eval") [.../casadi/core/sx_function.cpp:77]
CasADi - 2026-10-04 13:16:21 MESSAGE("nlp_hess_l::eval") [.../casadi/core/sx_function.cpp:77]
 354  9.8900112e+00 2.51e-03 2.43e+03  -1.7 4.58e-02   1.5 1.00e+00 8.83e-01h  1
CasADi - 2026-10-04 13:16:21 MESSAGE("nlp_g::eval") [.../casadi/core/sx_function.cpp:77]
CasADi - 2026-10-04 13:16:21 MESSAGE("nlp_f::eval") [.../casadi/core/sx_function.cpp:77]
CasADi - 2026-10-04 13:16:21 MESSAGE("nlp_grad_f::eval") [.../casadi/core/sx_function.cpp:77]
CasADi - 2026-10-04 13:16:21 MESSAGE("nlp_jac_g::eval") [.../casadi/core/sx_function.cpp:77]
CasADi - 2026-10-04 13:16:21 MESSAGE("nlp_hess_l::eval") [.../casadi/core/sx_function.cpp:77]
 355  9.8715261e+00 1.19e-03 3.91e+03  -1.7 2.02e-02   1.0 6.65e-01 1.00e+00f  1
CasADi - 2026-10-04 13:16:21 MESSAGE("nlp_g::eval") [.../casadi/core/sx_function.cpp:77]
CasADi - 2026-10-04 13:16:21 MESSAGE("nlp_f::eval") [.../casadi/core/sx_function.cpp:77]
CasADi - 2026-10-04 13:16:21 MESSAGE("nlp_g::eval") [.../casadi/core/sx_function.cpp:77]
CasADi - 2026-10-04 13:16:21 MESSAGE("nlp_f::eval") [.../casadi/core/sx_function.cpp:77]
CasADi - 2026-10-04 13:16:21 MESSAGE("nlp_g::eval") [.../casadi/core/sx_function.cpp:77]
CasADi - 2026-10-04 13:16:21 MESSAGE("nlp_f::eval") [.../casadi/core/sx_function.cpp:77]
CasADi - 2026-10-04 13:16:21 MESSAGE("nlp_g::eval") [.../casadi/core/sx_function.cpp:77]
CasADi - 2026-10-04 13:16:21 MESSAGE("nlp_f::eval") [.../casadi/core/sx_function.cpp:77]
CasADi - 2026-10-04 13:16:21 MESSAGE("nlp_g::eval") [.../casadi/core/sx_function.cpp:77]
CasADi - 2026-10-04 13:16:21 MESSAGE("nlp_f::eval") [.../casadi/core/sx_function.cpp:77]
CasADi - 2026-10-04 13:16:21 MESSAGE("nlp_grad_f::eval") [.../casadi/core/sx_function.cpp:77]
CasADi - 2026-10-04 13:16:21 MESSAGE("nlp_jac_g::eval") [.../casadi/core/sx_function.cpp:77]
CasADi - 2026-10-04 13:16:21 MESSAGE("nlp_hess_l::eval") [.../casadi/core/sx_function.cpp:77]
 356  9.8709025e+00 1.16e-03 2.07e+04  -1.7 9.28e-02   1.5 1.00e+00 5.48e-02h  3
CasADi - 2026-10-04 13:16:21 MESSAGE("nlp_g::eval") [.../casadi/core/sx_function.cpp:77]
CasADi - 2026-10-04 13:16:21 MESSAGE("nlp_f::eval") [.../casadi/core/sx_function.cpp:77]
CasADi - 2026-10-04 13:16:21 MESSAGE("nlp_g::eval") [.../casadi/core/sx_function.cpp:77]
CasADi - 2026-10-04 13:16:21 MESSAGE("nlp_f::eval") [.../casadi/core/sx_function.cpp:77]
CasADi - 2026-10-04 13:16:21 MESSAGE("nlp_g::eval") [.../casadi/core/sx_function.cpp:77]
CasADi - 2026-10-04 13:16:21 MESSAGE("nlp_f::eval") [.../casadi/core/sx_function.cpp:77]
CasADi - 2026-10-04 13:16:21 MESSAGE("nlp_g::eval") [.../casadi/core/sx_function.cpp:77]
CasADi - 2026-10-04 13:16:21 MESSAGE("nlp_f::eval") [.../casadi/core/sx_function.cpp:77]
CasADi - 2026-10-04 13:16:21 MESSAGE("nlp_g::eval") [.../casadi/core/sx_function.cpp:77]
CasADi - 2026-10-04 13:16:21 MESSAGE("nlp_f::eval") [.../casadi/core/sx_function.cpp:77]
CasADi - 2026-10-04 13:16:21 MESSAGE("nlp_g::eval") [.../casadi/core/sx_function.cpp:77]
CasADi - 2026-10-04 13:16:21 MESSAGE("nlp_f::eval") [.../casadi/core/sx_function.cpp:77]
CasADi - 2026-10-04 13:16:21 MESSAGE("nlp_g::eval") [.../casadi/core/sx_function.cpp:77]
CasADi - 2026-10-04 13:16:21 MESSAGE("nlp_f::eval") [.../casadi/core/sx_function.cpp:77]
CasADi - 2026-10-04 13:16:21 MESSAGE("nlp_g::eval") [.../casadi/core/sx_function.cpp:77]
CasADi - 2026-10-04 13:16:21 MESSAGE("nlp_f::eval") [.../casadi/core/sx_function.cpp:77]
CasADi - 2026-10-04 13:16:21 MESSAGE("nlp_grad_f::eval") [.../casadi/core/sx_function.cpp:77]
CasADi - 2026-10-04 13:16:21 MESSAGE("nlp_jac_g::eval") [.../casadi/core/sx_function.cpp:77]
CasADi - 2026-10-04 13:16:21 MESSAGE("nlp_hess_l::eval") [.../casadi/core/sx_function.cpp:77]
 357  9.8708273e+00 1.16e-03 3.60e+04  -1.7 2.08e-01   1.9 8.68e-02 2.31e-03h  6
CasADi - 2026-10-04 13:16:21 MESSAGE("nlp_g::eval") [.../casadi/core/sx_function.cpp:77]
CasADi - 2026-10-04 13:16:21 MESSAGE("nlp_f::eval") [.../casadi/core/sx_function.cpp:77]
CasADi - 2026-10-04 13:16:21 MESSAGE("nlp_g::eval") [.../casadi/core/sx_function.cpp:77]
CasADi - 2026-10-04 13:16:21 MESSAGE("nlp_f::eval") [.../casadi/core/sx_function.cpp:77]
CasADi - 2026-10-04 13:16:21 MESSAGE("nlp_g::eval") [.../casadi/core/sx_function.cpp:77]
CasADi - 2026-10-04 13:16:21 MESSAGE("nlp_f::eval") [.../casadi/core/sx_function.cpp:77]
CasADi - 2026-10-04 13:16:21 MESSAGE("nlp_g::eval") [.../casadi/core/sx_function.cpp:77]
CasADi - 2026-10-04 13:16:21 MESSAGE("nlp_f::eval") [.../casadi/core/sx_function.cpp:77]
CasADi - 2026-10-04 13:16:21 MESSAGE("nlp_g::eval") [.../casadi/core/sx_function.cpp:77]
CasADi - 2026-10-04 13:16:21 MESSAGE("nlp_f::eval") [.../casadi/core/sx_function.cpp:77]
CasADi - 2026-10-04 13:16:21 MESSAGE("nlp_g::eval") [.../casadi/core/sx_function.cpp:77]
CasADi - 2026-10-04 13:16:21 MESSAGE("nlp_f::eval") [.../casadi/core/sx_function.cpp:77]
CasADi - 2026-10-04 13:16:21 MESSAGE("nlp_g::eval") [.../casadi/core/sx_function.cpp:77]
CasADi - 2026-10-04 13:16:21 MESSAGE("nlp_f::eval") [.../casadi/core/sx_function.cpp:77]
CasADi - 2026-10-04 13:16:21 MESSAGE("nlp_grad_f::eval") [.../casadi/core/sx_function.cpp:77]
CasADi - 2026-10-04 13:16:21 MESSAGE("nlp_jac_g::eval") [.../casadi/core/sx_function.cpp:77]
CasADi - 2026-10-04 13:16:21 MESSAGE("nlp_hess_l::eval") [.../casadi/core/sx_function.cpp:77]
 358  9.8706828e+00 1.14e-03 9.58e+04  -1.7 4.11e-02   2.3 1.00e+00 2.86e-02h  5
CasADi - 2026-10-04 13:16:21 MESSAGE("nlp_g::eval") [.../casadi/core/sx_function.cpp:77]
CasADi - 2026-10-04 13:16:21 MESSAGE("nlp_f::eval") [.../casadi/core/sx_function.cpp:77]
CasADi - 2026-10-04 13:16:21 MESSAGE("nlp_grad_f::eval") [.../casadi/core/sx_function.cpp:77]
CasADi - 2026-10-04 13:16:21 MESSAGE("nlp_jac_g::eval") [.../casadi/core/sx_function.cpp:77]
CasADi - 2026-10-04 13:16:21 MESSAGE("nlp_hess_l::eval") [.../casadi/core/sx_function.cpp:77]
 359  9.8723288e+00 1.63e-05 6.44e+04  -1.7 3.48e-02   3.6 2.88e-01 1.00e+00h  1
CasADi - 2026-10-04 13:16:21 MESSAGE("nlp_g::eval") [.../casadi/core/sx_function.cpp:77]
CasADi - 2026-10-04 13:16:21 MESSAGE("nlp_f::eval") [.../casadi/core/sx_function.cpp:77]
CasADi - 2026-10-04 13:16:21 MESSAGE("nlp_grad_f::eval") [.../casadi/core/sx_function.cpp:77]
CasADi - 2026-10-04 13:16:21 MESSAGE("nlp_jac_g::eval") [.../casadi/core/sx_function.cpp:77]
CasADi - 2026-10-04 13:16:21 MESSAGE("nlp_hess_l::eval") [.../casadi/core/sx_function.cpp:77]
iter    objective    inf_pr   inf_du lg(mu)  ||d||  lg(rg) alpha_du alpha_pr  ls
 360  9.8722110e+00 1.00e-08 8.78e+01  -1.7 4.66e-05   3.2 1.00e+00 1.00e+00h  1
CasADi - 2026-10-04 13:16:21 MESSAGE("nlp_g::eval") [.../casadi/core/sx_function.cpp:77]
CasADi - 2026-10-04 13:16:21 MESSAGE("nlp_f::eval") [.../casadi/core/sx_function.cpp:77]
CasADi - 2026-10-04 13:16:21 MESSAGE("nlp_grad_f::eval") [.../casadi/core/sx_function.cpp:77]
CasADi - 2026-10-04 13:16:21 MESSAGE("nlp_jac_g::eval") [.../casadi/core/sx_function.cpp:77]
CasADi - 2026-10-04 13:16:21 MESSAGE("nlp_hess_l::eval") [.../casadi/core/sx_function.cpp:77]
 361  9.8718363e+00 2.00e-05 1.50e+01  -1.7 1.15e-03   2.7 1.00e+00 1.00e+00f  1
CasADi - 2026-10-04 13:16:21 MESSAGE("nlp_g::eval") [.../casadi/core/sx_function.cpp:77]
CasADi - 2026-10-04 13:16:21 MESSAGE("nlp_f::eval") [.../casadi/core/sx_function.cpp:77]
CasADi - 2026-10-04 13:16:21 MESSAGE("nlp_grad_f::eval") [.../casadi/core/sx_function.cpp:77]
CasADi - 2026-10-04 13:16:21 MESSAGE("nlp_jac_g::eval") [.../casadi/core/sx_function.cpp:77]
CasADi - 2026-10-04 13:16:21 MESSAGE("nlp_hess_l::eval") [.../casadi/core/sx_function.cpp:77]
 362  9.8709140e+00 6.56e-04 5.99e+02  -1.7 9.56e-03   2.2 1.00e+00 1.00e+00h  1
CasADi - 2026-10-04 13:16:21 MESSAGE("nlp_g::eval") [.../casadi/core/sx_function.cpp:77]
CasADi - 2026-10-04 13:16:21 MESSAGE("nlp_f::eval") [.../casadi/core/sx_function.cpp:77]
CasADi - 2026-10-04 13:16:21 MESSAGE("nlp_grad_f::eval") [.../casadi/core/sx_function.cpp:77]
CasADi - 2026-10-04 13:16:21 MESSAGE("nlp_jac_g::eval") [.../casadi/core/sx_function.cpp:77]
CasADi - 2026-10-04 13:16:21 MESSAGE("nlp_hess_l::eval") [.../casadi/core/sx_function.cpp:77]
 363  9.8676773e+00 3.64e-05 5.70e+01  -1.7 1.20e-02   1.7 1.00e+00 1.00e+00h  1
CasADi - 2026-10-04 13:16:21 MESSAGE("nlp_g::eval") [.../casadi/core/sx_function.cpp:77]
CasADi - 2026-10-04 13:16:21 MESSAGE("nlp_f::eval") [.../casadi/core/sx_function.cpp:77]
CasADi - 2026-10-04 13:16:21 MESSAGE("nlp_grad_f::eval") [.../casadi/core/sx_function.cpp:77]
CasADi - 2026-10-04 13:16:21 MESSAGE("nlp_jac_g::eval") [.../casadi/core/sx_function.cpp:77]
CasADi - 2026-10-04 13:16:21 MESSAGE("nlp_hess_l::eval") [.../casadi/core/sx_function.cpp:77]
 364  9.8573739e+00 6.13e-05 2.58e+01  -1.7 1.26e-02   1.3 1.00e+00 1.00e+00h  1
CasADi - 2026-10-04 13:16:21 MESSAGE("nlp_g::eval") [.../casadi/core/sx_function.cpp:77]
CasADi - 2026-10-04 13:16:21 MESSAGE("nlp_f::eval") [.../casadi/core/sx_function.cpp:77]
CasADi - 2026-10-04 13:16:21 MESSAGE("nlp_grad_f::eval") [.../casadi/core/sx_function.cpp:77]
CasADi - 2026-10-04 13:16:21 MESSAGE("nlp_jac_g::eval") [.../casadi/core/sx_function.cpp:77]
CasADi - 2026-10-04 13:16:21 MESSAGE("nlp_hess_l::eval") [.../casadi/core/sx_function.cpp:77]
 365  9.8274172e+00 5.26e-04 9.83e-01  -1.7 2.60e-02   0.8 1.00e+00 1.00e+00h  1
CasADi - 2026-10-04 13:16:21 MESSAGE("nlp_g::eval") [.../casadi/core/sx_function.cpp:77]
CasADi - 2026-10-04 13:16:21 MESSAGE("nlp_f::eval") [.../casadi/core/sx_function.cpp:77]
CasADi - 2026-10-04 13:16:21 MESSAGE("nlp_grad_f::eval") [.../casadi/core/sx_function.cpp:77]
CasADi - 2026-10-04 13:16:21 MESSAGE("nlp_jac_g::eval") [.../casadi/core/sx_function.cpp:77]
CasADi - 2026-10-04 13:16:21 MESSAGE("nlp_hess_l::eval") [.../casadi/core/sx_function.cpp:77]
 366  9.6854330e+00 5.46e-03 1.91e+03  -2.5 1.73e-02   0.3 9.71e-01 1.00e+00h  1
CasADi - 2026-10-04 13:16:21 MESSAGE("nlp_g::eval") [.../casadi/core/sx_function.cpp:77]
CasADi - 2026-10-04 13:16:21 MESSAGE("nlp_f::eval") [.../casadi/core/sx_function.cpp:77]
CasADi - 2026-10-04 13:16:21 MESSAGE("nlp_grad_f::eval") [.../casadi/core/sx_function.cpp:77]
CasADi - 2026-10-04 13:16:21 MESSAGE("nlp_jac_g::eval") [.../casadi/core/sx_function.cpp:77]
CasADi - 2026-10-04 13:16:21 MESSAGE("nlp_hess_l::eval") [.../casadi/core/sx_function.cpp:77]
 367  9.3177985e+00 3.43e-02 1.16e+00  -2.5 4.43e-02  -0.2 1.00e+00 1.00e+00h  1
CasADi - 2026-10-04 13:16:21 MESSAGE("nlp_g::eval") [.../casadi/core/sx_function.cpp:77]
CasADi - 2026-10-04 13:16:21 MESSAGE("nlp_f::eval") [.../casadi/core/sx_function.cpp:77]
CasADi - 2026-10-04 13:16:21 MESSAGE("nlp_grad_f::eval") [.../casadi/core/sx_function.cpp:77]
CasADi - 2026-10-04 13:16:21 MESSAGE("nlp_jac_g::eval") [.../casadi/core/sx_function.cpp:77]
CasADi - 2026-10-04 13:16:21 MESSAGE("nlp_hess_l::eval") [.../casadi/core/sx_function.cpp:77]
 368  8.7759866e+00 5.98e-02 2.45e+00  -2.5 1.18e-01  -0.7 1.00e+00 1.00e+00h  1
CasADi - 2026-10-04 13:16:21 MESSAGE("nlp_g::eval") [.../casadi/core/sx_function.cpp:77]
CasADi - 2026-10-04 13:16:21 MESSAGE("nlp_f::eval") [.../casadi/core/sx_function.cpp:77]
CasADi - 2026-10-04 13:16:21 MESSAGE("nlp_grad_f::eval") [.../casadi/core/sx_function.cpp:77]
CasADi - 2026-10-04 13:16:21 MESSAGE("nlp_jac_g::eval") [.../casadi/core/sx_function.cpp:77]
CasADi - 2026-10-04 13:16:21 MESSAGE("nlp_hess_l::eval") [.../casadi/core/sx_function.cpp:77]
 369  8.2683595e+00 1.25e-01 8.37e+02  -2.5 2.76e-01  -1.1 1.00e+00 7.72e-01h  1
CasADi - 2026-10-04 13:16:21 MESSAGE("nlp_g::eval") [.../casadi/core/sx_function.cpp:77]
CasADi - 2026-10-04 13:16:21 MESSAGE("nlp_f::eval") [.../casadi/core/sx_function.cpp:77]
CasADi - 2026-10-04 13:16:21 MESSAGE("nlp_grad_f::eval") [.../casadi/core/sx_function.cpp:77]
CasADi - 2026-10-04 13:16:21 MESSAGE("nlp_jac_g::eval") [.../casadi/core/sx_function.cpp:77]
CasADi - 2026-10-04 13:16:21 MESSAGE("nlp_hess_l::eval") [.../casadi/core/sx_function.cpp:77]
iter    objective    inf_pr   inf_du lg(mu)  ||d||  lg(rg) alpha_du alpha_pr  ls
 370  8.2478241e+00 9.21e-03 1.35e+03  -2.5 6.71e-02   0.2 1.72e-01 1.00e+00h  1
CasADi - 2026-10-04 13:16:21 MESSAGE("nlp_g::eval") [.../casadi/core/sx_function.cpp:77]
CasADi - 2026-10-04 13:16:21 MESSAGE("nlp_f::eval") [.../casadi/core/sx_function.cpp:77]
CasADi - 2026-10-04 13:16:21 MESSAGE("nlp_grad_f::eval") [.../casadi/core/sx_function.cpp:77]
CasADi - 2026-10-04 13:16:21 MESSAGE("nlp_jac_g::eval") [.../casadi/core/sx_function.cpp:77]
CasADi - 2026-10-04 13:16:21 MESSAGE("nlp_hess_l::eval") [.../casadi/core/sx_function.cpp:77]
 371  8.1740798e+00 6.91e-03 1.09e+01  -2.5 6.59e-02  -0.3 1.00e+00 1.00e+00h  1
CasADi - 2026-10-04 13:16:21 MESSAGE("nlp_g::eval") [.../casadi/core/sx_function.cpp:77]
CasADi - 2026-10-04 13:16:21 MESSAGE("nlp_f::eval") [.../casadi/core/sx_function.cpp:77]
CasADi - 2026-10-04 13:16:21 MESSAGE("nlp_grad_f::eval") [.../casadi/core/sx_function.cpp:77]
CasADi - 2026-10-04 13:16:21 MESSAGE("nlp_jac_g::eval") [.../casadi/core/sx_function.cpp:77]
CasADi - 2026-10-04 13:16:21 MESSAGE("nlp_hess_l::eval") [.../casadi/core/sx_function.cpp:77]
 372  8.1481223e+00 1.27e-03 6.81e+00  -2.5 2.09e-02   0.1 1.00e+00 1.00e+00h  1
CasADi - 2026-10-04 13:16:21 MESSAGE("nlp_g::eval") [.../casadi/core/sx_function.cpp:77]
CasADi - 2026-10-04 13:16:21 MESSAGE("nlp_f::eval") [.../casadi/core/sx_function.cpp:77]
CasADi - 2026-10-04 13:16:21 MESSAGE("nlp_grad_f::eval") [.../casadi/core/sx_function.cpp:77]
CasADi - 2026-10-04 13:16:21 MESSAGE("nlp_jac_g::eval") [.../casadi/core/sx_function.cpp:77]
CasADi - 2026-10-04 13:16:21 MESSAGE("nlp_hess_l::eval") [.../casadi/core/sx_function.cpp:77]
 373  8.0824888e+00 3.82e-03 1.74e+00  -2.5 4.20e-02  -0.3 1.00e+00 1.00e+00h  1
CasADi - 2026-10-04 13:16:21 MESSAGE("nlp_g::eval") [.../casadi/core/sx_function.cpp:77]
CasADi - 2026-10-04 13:16:21 MESSAGE("nlp_f::eval") [.../casadi/core/sx_function.cpp:77]
CasADi - 2026-10-04 13:16:21 MESSAGE("nlp_grad_f::eval") [.../casadi/core/sx_function.cpp:77]
CasADi - 2026-10-04 13:16:21 MESSAGE("nlp_jac_g::eval") [.../casadi/core/sx_function.cpp:77]
CasADi - 2026-10-04 13:16:21 MESSAGE("nlp_hess_l::eval") [.../casadi/core/sx_function.cpp:77]
 374  7.9555963e+00 1.59e-02 8.90e-01  -2.5 7.44e-02  -0.8 1.00e+00 1.00e+00h  1
CasADi - 2026-10-04 13:16:21 MESSAGE("nlp_g::eval") [.../casadi/core/sx_function.cpp:77]
CasADi - 2026-10-04 13:16:21 MESSAGE("nlp_f::eval") [.../casadi/core/sx_function.cpp:77]
CasADi - 2026-10-04 13:16:21 MESSAGE("nlp_grad_f::eval") [.../casadi/core/sx_function.cpp:77]
CasADi - 2026-10-04 13:16:21 MESSAGE("nlp_jac_g::eval") [.../casadi/core/sx_function.cpp:77]
CasADi - 2026-10-04 13:16:21 MESSAGE("nlp_hess_l::eval") [.../casadi/core/sx_function.cpp:77]
 375  7.9207154e+00 2.01e-03 4.28e+00  -2.5 2.32e-02  -0.4 1.00e+00 1.00e+00h  1
CasADi - 2026-10-04 13:16:22 MESSAGE("nlp_g::eval") [.../casadi/core/sx_function.cpp:77]
CasADi - 2026-10-04 13:16:22 MESSAGE("nlp_f::eval") [.../casadi/core/sx_function.cpp:77]
CasADi - 2026-10-04 13:16:22 MESSAGE("nlp_grad_f::eval") [.../casadi/core/sx_function.cpp:77]
CasADi - 2026-10-04 13:16:22 MESSAGE("nlp_jac_g::eval") [.../casadi/core/sx_function.cpp:77]
CasADi - 2026-10-04 13:16:22 MESSAGE("nlp_hess_l::eval") [.../casadi/core/sx_function.cpp:77]
 376  7.9187967e+00 5.07e-05 1.21e+01  -2.5 5.95e-03   0.9 1.00e+00 1.00e+00h  1
CasADi - 2026-10-04 13:16:22 MESSAGE("nlp_g::eval") [.../casadi/core/sx_function.cpp:77]
CasADi - 2026-10-04 13:16:22 MESSAGE("nlp_f::eval") [.../casadi/core/sx_function.cpp:77]
CasADi - 2026-10-04 13:16:22 MESSAGE("nlp_grad_f::eval") [.../casadi/core/sx_function.cpp:77]
CasADi - 2026-10-04 13:16:22 MESSAGE("nlp_jac_g::eval") [.../casadi/core/sx_function.cpp:77]
CasADi - 2026-10-04 13:16:22 MESSAGE("nlp_hess_l::eval") [.../casadi/core/sx_function.cpp:77]
 377  7.9186955e+00 3.60e-05 6.30e+01  -2.5 2.70e-03   2.3 1.00e+00 1.00e+00h  1
CasADi - 2026-10-04 13:16:22 MESSAGE("nlp_g::eval") [.../casadi/core/sx_function.cpp:77]
CasADi - 2026-10-04 13:16:22 MESSAGE("nlp_f::eval") [.../casadi/core/sx_function.cpp:77]
CasADi - 2026-10-04 13:16:22 MESSAGE("nlp_grad_f::eval") [.../casadi/core/sx_function.cpp:77]
CasADi - 2026-10-04 13:16:22 MESSAGE("nlp_jac_g::eval") [.../casadi/core/sx_function.cpp:77]
CasADi - 2026-10-04 13:16:22 MESSAGE("nlp_hess_l::eval") [.../casadi/core/sx_function.cpp:77]
 378  7.9183369e+00 1.76e-06 6.87e+00  -2.5 3.10e-03   1.8 1.00e+00 1.00e+00h  1
CasADi - 2026-10-04 13:16:22 MESSAGE("nlp_g::eval") [.../casadi/core/sx_function.cpp:77]
CasADi - 2026-10-04 13:16:22 MESSAGE("nlp_f::eval") [.../casadi/core/sx_function.cpp:77]
CasADi - 2026-10-04 13:16:22 MESSAGE("nlp_grad_f::eval") [.../casadi/core/sx_function.cpp:77]
CasADi - 2026-10-04 13:16:22 MESSAGE("nlp_jac_g::eval") [.../casadi/core/sx_function.cpp:77]
CasADi - 2026-10-04 13:16:22 MESSAGE("nlp_hess_l::eval") [.../casadi/core/sx_function.cpp:77]
 379  7.9172088e+00 4.33e-05 8.38e+00  -2.5 4.93e-03   1.3 1.00e+00 1.00e+00h  1
CasADi - 2026-10-04 13:16:22 MESSAGE("nlp_g::eval") [.../casadi/core/sx_function.cpp:77]
CasADi - 2026-10-04 13:16:22 MESSAGE("nlp_f::eval") [.../casadi/core/sx_function.cpp:77]
CasADi - 2026-10-04 13:16:22 MESSAGE("nlp_grad_f::eval") [.../casadi/core/sx_function.cpp:77]
CasADi - 2026-10-04 13:16:22 MESSAGE("nlp_jac_g::eval") [.../casadi/core/sx_function.cpp:77]
CasADi - 2026-10-04 13:16:22 MESSAGE("nlp_hess_l::eval") [.../casadi/core/sx_function.cpp:77]
iter    objective    inf_pr   inf_du lg(mu)  ||d||  lg(rg) alpha_du alpha_pr  ls
 380  7.9143240e+00 6.12e-05 5.08e+00  -2.5 1.45e-02   0.8 1.00e+00 1.00e+00h  1
CasADi - 2026-10-04 13:16:22 MESSAGE("nlp_g::eval") [.../casadi/core/sx_function.cpp:77]
CasADi - 2026-10-04 13:16:22 MESSAGE("nlp_f::eval") [.../casadi/core/sx_function.cpp:77]
CasADi - 2026-10-04 13:16:22 MESSAGE("nlp_grad_f::eval") [.../casadi/core/sx_function.cpp:77]
CasADi - 2026-10-04 13:16:22 MESSAGE("nlp_jac_g::eval") [.../casadi/core/sx_function.cpp:77]
CasADi - 2026-10-04 13:16:22 MESSAGE("nlp_hess_l::eval") [.../casadi/core/sx_function.cpp:77]
 381  7.9075384e+00 6.69e-05 4.27e+00  -2.5 2.19e-02   0.4 1.00e+00 1.00e+00h  1
CasADi - 2026-10-04 13:16:22 MESSAGE("nlp_g::eval") [.../casadi/core/sx_function.cpp:77]
CasADi - 2026-10-04 13:16:22 MESSAGE("nlp_f::eval") [.../casadi/core/sx_function.cpp:77]
CasADi - 2026-10-04 13:16:22 MESSAGE("nlp_grad_f::eval") [.../casadi/core/sx_function.cpp:77]
CasADi - 2026-10-04 13:16:22 MESSAGE("nlp_jac_g::eval") [.../casadi/core/sx_function.cpp:77]
CasADi - 2026-10-04 13:16:22 MESSAGE("nlp_hess_l::eval") [.../casadi/core/sx_function.cpp:77]
 382  7.8907258e+00 4.89e-04 7.50e-01  -2.5 3.66e-02  -0.1 1.00e+00 1.00e+00h  1
CasADi - 2026-10-04 13:16:22 MESSAGE("nlp_g::eval") [.../casadi/core/sx_function.cpp:77]
CasADi - 2026-10-04 13:16:22 MESSAGE("nlp_f::eval") [.../casadi/core/sx_function.cpp:77]
CasADi - 2026-10-04 13:16:22 MESSAGE("nlp_grad_f::eval") [.../casadi/core/sx_function.cpp:77]
CasADi - 2026-10-04 13:16:22 MESSAGE("nlp_jac_g::eval") [.../casadi/core/sx_function.cpp:77]
CasADi - 2026-10-04 13:16:22 MESSAGE("nlp_hess_l::eval") [.../casadi/core/sx_function.cpp:77]
 383  7.8525698e+00 3.79e-03 1.62e+00  -2.5 5.70e-02  -0.6 1.00e+00 1.00e+00h  1
CasADi - 2026-10-04 13:16:22 MESSAGE("nlp_g::eval") [.../casadi/core/sx_function.cpp:77]
CasADi - 2026-10-04 13:16:22 MESSAGE("nlp_f::eval") [.../casadi/core/sx_function.cpp:77]
CasADi - 2026-10-04 13:16:22 MESSAGE("nlp_grad_f::eval") [.../casadi/core/sx_function.cpp:77]
CasADi - 2026-10-04 13:16:22 MESSAGE("nlp_jac_g::eval") [.../casadi/core/sx_function.cpp:77]
CasADi - 2026-10-04 13:16:22 MESSAGE("nlp_hess_l::eval") [.../casadi/core/sx_function.cpp:77]
 384  7.7863929e+00 2.14e-02 1.17e+00  -2.5 1.02e-01  -1.1 1.00e+00 1.00e+00h  1
CasADi - 2026-10-04 13:16:22 MESSAGE("nlp_g::eval") [.../casadi/core/sx_function.cpp:77]
CasADi - 2026-10-04 13:16:22 MESSAGE("nlp_f::eval") [.../casadi/core/sx_function.cpp:77]
CasADi - 2026-10-04 13:16:22 MESSAGE("nlp_grad_f::eval") [.../casadi/core/sx_function.cpp:77]
CasADi - 2026-10-04 13:16:22 MESSAGE("nlp_jac_g::eval") [.../casadi/core/sx_function.cpp:77]
CasADi - 2026-10-04 13:16:22 MESSAGE("nlp_hess_l::eval") [.../casadi/core/sx_function.cpp:77]
 385  7.7038161e+00 6.59e-02 1.07e+00  -2.5 2.60e-01  -1.5 1.00e+00 1.00e+00h  1
CasADi - 2026-10-04 13:16:22 MESSAGE("nlp_g::eval") [.../casadi/core/sx_function.cpp:77]
CasADi - 2026-10-04 13:16:22 MESSAGE("nlp_f::eval") [.../casadi/core/sx_function.cpp:77]
CasADi - 2026-10-04 13:16:22 MESSAGE("nlp_grad_f::eval") [.../casadi/core/sx_function.cpp:77]
CasADi - 2026-10-04 13:16:22 MESSAGE("nlp_jac_g::eval") [.../casadi/core/sx_function.cpp:77]
CasADi - 2026-10-04 13:16:22 MESSAGE("nlp_hess_l::eval") [.../casadi/core/sx_function.cpp:77]
 386  7.6266505e+00 8.11e-02 1.81e+03  -2.5 7.64e-01  -2.0 7.90e-01 1.00e+00h  1
CasADi - 2026-10-04 13:16:22 MESSAGE("nlp_g::eval") [.../casadi/core/sx_function.cpp:77]
CasADi - 2026-10-04 13:16:22 MESSAGE("nlp_f::eval") [.../casadi/core/sx_function.cpp:77]
CasADi - 2026-10-04 13:16:22 MESSAGE("nlp_grad_f::eval") [.../casadi/core/sx_function.cpp:77]
CasADi - 2026-10-04 13:16:22 MESSAGE("nlp_jac_g::eval") [.../casadi/core/sx_function.cpp:77]
CasADi - 2026-10-04 13:16:22 MESSAGE("nlp_hess_l::eval") [.../casadi/core/sx_function.cpp:77]
 387  7.5985484e+00 3.48e-02 2.38e+03  -2.5 6.67e-01  -2.5 7.38e-01 1.00e+00h  1
CasADi - 2026-10-04 13:16:22 MESSAGE("nlp_g::eval") [.../casadi/core/sx_function.cpp:77]
CasADi - 2026-10-04 13:16:22 MESSAGE("nlp_f::eval") [.../casadi/core/sx_function.cpp:77]
CasADi - 2026-10-04 13:16:22 MESSAGE("nlp_grad_f::eval") [.../casadi/core/sx_function.cpp:77]
CasADi - 2026-10-04 13:16:22 MESSAGE("nlp_jac_g::eval") [.../casadi/core/sx_function.cpp:77]
CasADi - 2026-10-04 13:16:22 MESSAGE("nlp_hess_l::eval") [.../casadi/core/sx_function.cpp:77]
 388  7.6075534e+00 1.51e-02 2.19e+00  -2.5 3.23e-01  -3.0 1.00e+00 1.00e+00h  1
CasADi - 2026-10-04 13:16:22 MESSAGE("nlp_g::eval") [.../casadi/core/sx_function.cpp:77]
CasADi - 2026-10-04 13:16:22 MESSAGE("nlp_f::eval") [.../casadi/core/sx_function.cpp:77]
CasADi - 2026-10-04 13:16:22 MESSAGE("nlp_grad_f::eval") [.../casadi/core/sx_function.cpp:77]
CasADi - 2026-10-04 13:16:22 MESSAGE("nlp_jac_g::eval") [.../casadi/core/sx_function.cpp:77]
CasADi - 2026-10-04 13:16:22 MESSAGE("nlp_hess_l::eval") [.../casadi/core/sx_function.cpp:77]
 389  7.6070314e+00 5.29e-02 4.01e-01  -2.5 5.05e-01  -3.5 1.00e+00 1.00e+00h  1
CasADi - 2026-10-04 13:16:22 MESSAGE("nlp_g::eval") [.../casadi/core/sx_function.cpp:77]
CasADi - 2026-10-04 13:16:22 MESSAGE("nlp_f::eval") [.../casadi/core/sx_function.cpp:77]
CasADi - 2026-10-04 13:16:22 MESSAGE("nlp_grad_f::eval") [.../casadi/core/sx_function.cpp:77]
CasADi - 2026-10-04 13:16:22 MESSAGE("nlp_jac_g::eval") [.../casadi/core/sx_function.cpp:77]
CasADi - 2026-10-04 13:16:22 MESSAGE("nlp_hess_l::eval") [.../casadi/core/sx_function.cpp:77]
iter    objective    inf_pr   inf_du lg(mu)  ||d||  lg(rg) alpha_du alpha_pr  ls
 390  7.6064721e+00 9.66e-03 8.81e-02  -2.5 1.85e-01    -  1.00e+00 1.00e+00h  1
CasADi - 2026-10-04 13:16:22 MESSAGE("nlp_g::eval") [.../casadi/core/sx_function.cpp:77]
CasADi - 2026-10-04 13:16:22 MESSAGE("nlp_f::eval") [.../casadi/core/sx_function.cpp:77]
CasADi - 2026-10-04 13:16:22 MESSAGE("nlp_g::eval") [.../casadi/core/sx_function.cpp:77]
CasADi - 2026-10-04 13:16:22 MESSAGE("nlp_f::eval") [.../casadi/core/sx_function.cpp:77]
CasADi - 2026-10-04 13:16:22 MESSAGE("nlp_g::eval") [.../casadi/core/sx_function.cpp:77]
CasADi - 2026-10-04 13:16:22 MESSAGE("/Users/emcphilliamy/Desktop/University_of_Illinois/SigRobotics/F1Tenth/raceline_optimization/tum_optimizer/venv/lib/python3.14/site-packages/casadi/casadi.py:913: FutureWarning: 
casadi: a numpy function was called on a casadi value (issue #2959).
This used legacy casadi 3.7.2 behaviour, where the result type follows
the input:
  - a numeric input (DM)       -> a plain numpy array
  - a symbolic input (SX / MX) -> a casadi value, or an error if the
                                  function has no casadi equivalent

For a shape-correct, type-preserving result, opt in to the
casadi-aware numpy support:

    try:
        ca.GlobalOptions.setNumpyMode(1)
    except AttributeError:
        pass

Or use setNumpyMode(-1) to keep legacy behaviour silently.
Shown once; run python with -W always to see every occurrence.

  _w.warn(_NUMPY_LEGACY_NOTICE, FutureWarning)
nlp_f::eval") [.../casadi/core/sx_function.cpp:77]
CasADi - 2026-10-04 13:16:22 MESSAGE("nlp_g::eval") [.../casadi/core/sx_function.cpp:77]
CasADi - 2026-10-04 13:16:22 MESSAGE("nlp_f::eval") [.../casadi/core/sx_function.cpp:77]
CasADi - 2026-10-04 13:16:22 MESSAGE("nlp_g::eval") [.../casadi/core/sx_function.cpp:77]
CasADi - 2026-10-04 13:16:22 MESSAGE("nlp_f::eval") [.../casadi/core/sx_function.cpp:77]
CasADi - 2026-10-04 13:16:22 MESSAGE("nlp_g::eval") [.../casadi/core/sx_function.cpp:77]
CasADi - 2026-10-04 13:16:22 MESSAGE("nlp_f::eval") [.../casadi/core/sx_function.cpp:77]
CasADi - 2026-10-04 13:16:22 MESSAGE("nlp_g::eval") [.../casadi/core/sx_function.cpp:77]
CasADi - 2026-10-04 13:16:22 MESSAGE("nlp_f::eval") [.../casadi/core/sx_function.cpp:77]
CasADi - 2026-10-04 13:16:22 MESSAGE("nlp_grad_f::eval") [.../casadi/core/sx_function.cpp:77]
CasADi - 2026-10-04 13:16:22 MESSAGE("nlp_jac_g::eval") [.../casadi/core/sx_function.cpp:77]
CasADi - 2026-10-04 13:16:22 MESSAGE("nlp_hess_l::eval") [.../casadi/core/sx_function.cpp:77]
 391  7.6064199e+00 9.86e-03 2.17e+03  -2.5 2.55e+00    -  5.72e-01 1.86e-02h  6
CasADi - 2026-10-04 13:16:22 MESSAGE("nlp_g::eval") [.../casadi/core/sx_function.cpp:77]
CasADi - 2026-10-04 13:16:22 MESSAGE("nlp_f::eval") [.../casadi/core/sx_function.cpp:77]
CasADi - 2026-10-04 13:16:22 MESSAGE("nlp_g::eval") [.../casadi/core/sx_function.cpp:77]
CasADi - 2026-10-04 13:16:22 MESSAGE("nlp_f::eval") [.../casadi/core/sx_function.cpp:77]
CasADi - 2026-10-04 13:16:22 MESSAGE("nlp_g::eval") [.../casadi/core/sx_function.cpp:77]
CasADi - 2026-10-04 13:16:22 MESSAGE("nlp_f::eval") [.../casadi/core/sx_function.cpp:77]
CasADi - 2026-10-04 13:16:22 MESSAGE("nlp_g::eval") [.../casadi/core/sx_function.cpp:77]
CasADi - 2026-10-04 13:16:22 MESSAGE("nlp_f::eval") [.../casadi/core/sx_function.cpp:77]
CasADi - 2026-10-04 13:16:22 MESSAGE("nlp_g::eval") [.../casadi/core/sx_function.cpp:77]
CasADi - 2026-10-04 13:16:22 MESSAGE("nlp_f::eval") [.../casadi/core/sx_function.cpp:77]
CasADi - 2026-10-04 13:16:22 MESSAGE("nlp_g::eval") [.../casadi/core/sx_function.cpp:77]
CasADi - 2026-10-04 13:16:22 MESSAGE("nlp_f::eval") [.../casadi/core/sx_function.cpp:77]
CasADi - 2026-10-04 13:16:22 MESSAGE("nlp_g::eval") [.../casadi/core/sx_function.cpp:77]
CasADi - 2026-10-04 13:16:22 MESSAGE("nlp_f::eval") [.../casadi/core/sx_function.cpp:77]
CasADi - 2026-10-04 13:16:22 MESSAGE("nlp_g::eval") [.../casadi/core/sx_function.cpp:77]
CasADi - 2026-10-04 13:16:22 MESSAGE("nlp_f::eval") [.../casadi/core/sx_function.cpp:77]
CasADi - 2026-10-04 13:16:22 MESSAGE("nlp_grad_f::eval") [.../casadi/core/sx_function.cpp:77]
CasADi - 2026-10-04 13:16:22 MESSAGE("nlp_jac_g::eval") [.../casadi/core/sx_function.cpp:77]
CasADi - 2026-10-04 13:16:22 MESSAGE("nlp_hess_l::eval") [.../casadi/core/sx_function.cpp:77]
 392  7.6065771e+00 1.03e-02 3.07e+03  -2.5 1.99e+00  -3.9 1.00e+00 2.64e-02h  6
CasADi - 2026-10-04 13:16:22 MESSAGE("nlp_g::eval") [.../casadi/core/sx_function.cpp:77]
CasADi - 2026-10-04 13:16:22 MESSAGE("nlp_f::eval") [.../casadi/core/sx_function.cpp:77]
CasADi - 2026-10-04 13:16:22 MESSAGE("nlp_grad_f::eval") [.../casadi/core/sx_function.cpp:77]
CasADi - 2026-10-04 13:16:22 MESSAGE("nlp_jac_g::eval") [.../casadi/core/sx_function.cpp:77]
CasADi - 2026-10-04 13:16:22 MESSAGE("nlp_hess_l::eval") [.../casadi/core/sx_function.cpp:77]
 393  7.6064433e+00 3.88e-04 4.67e-03  -2.5 7.22e-02    -  1.00e+00 1.00e+00h  1
CasADi - 2026-10-04 13:16:22 MESSAGE("nlp_g::eval") [.../casadi/core/sx_function.cpp:77]
CasADi - 2026-10-04 13:16:22 MESSAGE("nlp_f::eval") [.../casadi/core/sx_function.cpp:77]
CasADi - 2026-10-04 13:16:22 MESSAGE("nlp_grad_f::eval") [.../casadi/core/sx_function.cpp:77]
CasADi - 2026-10-04 13:16:22 MESSAGE("nlp_jac_g::eval") [.../casadi/core/sx_function.cpp:77]
CasADi - 2026-10-04 13:16:22 MESSAGE("nlp_hess_l::eval") [.../casadi/core/sx_function.cpp:77]
 394  7.2572801e+00 7.09e-02 8.68e+02  -3.8 7.36e-01    -  6.09e-01 6.91e-01f  1
CasADi - 2026-10-04 13:16:22 MESSAGE("nlp_g::eval") [.../casadi/core/sx_function.cpp:77]
CasADi - 2026-10-04 13:16:22 MESSAGE("nlp_f::eval") [.../casadi/core/sx_function.cpp:77]
CasADi - 2026-10-04 13:16:22 MESSAGE("nlp_grad_f::eval") [.../casadi/core/sx_function.cpp:77]
CasADi - 2026-10-04 13:16:22 MESSAGE("nlp_jac_g::eval") [.../casadi/core/sx_function.cpp:77]
CasADi - 2026-10-04 13:16:22 MESSAGE("nlp_hess_l::eval") [.../casadi/core/sx_function.cpp:77]
 395  7.0461807e+00 7.93e-02 1.74e+02  -3.8 9.29e-01    -  6.61e-01 6.01e-01h  1
CasADi - 2026-10-04 13:16:22 MESSAGE("nlp_g::eval") [.../casadi/core/sx_function.cpp:77]
CasADi - 2026-10-04 13:16:22 MESSAGE("nlp_f::eval") [.../casadi/core/sx_function.cpp:77]
CasADi - 2026-10-04 13:16:22 MESSAGE("nlp_grad_f::eval") [.../casadi/core/sx_function.cpp:77]
CasADi - 2026-10-04 13:16:22 MESSAGE("nlp_jac_g::eval") [.../casadi/core/sx_function.cpp:77]
CasADi - 2026-10-04 13:16:22 MESSAGE("nlp_hess_l::eval") [.../casadi/core/sx_function.cpp:77]
 396  7.0137804e+00 1.11e-01 9.51e+02  -3.8 1.60e+00    -  4.38e-01 8.69e-02h  1
CasADi - 2026-10-04 13:16:22 MESSAGE("nlp_g::eval") [.../casadi/core/sx_function.cpp:77]
CasADi - 2026-10-04 13:16:22 MESSAGE("nlp_f::eval") [.../casadi/core/sx_function.cpp:77]
CasADi - 2026-10-04 13:16:22 MESSAGE("nlp_grad_f::eval") [.../casadi/core/sx_function.cpp:77]
CasADi - 2026-10-04 13:16:22 MESSAGE("nlp_jac_g::eval") [.../casadi/core/sx_function.cpp:77]
CasADi - 2026-10-04 13:16:22 MESSAGE("nlp_hess_l::eval") [.../casadi/core/sx_function.cpp:77]
 397  6.9976269e+00 1.63e-01 9.47e+02  -3.8 4.60e+01    -  5.13e-03 4.88e-03h  1
CasADi - 2026-10-04 13:16:22 MESSAGE("nlp_g::eval") [.../casadi/core/sx_function.cpp:77]
CasADi - 2026-10-04 13:16:22 MESSAGE("nlp_f::eval") [.../casadi/core/sx_function.cpp:77]
CasADi - 2026-10-04 13:16:22 MESSAGE("nlp_grad_f::eval") [.../casadi/core/sx_function.cpp:77]
CasADi - 2026-10-04 13:16:22 MESSAGE("nlp_jac_g::eval") [.../casadi/core/sx_function.cpp:77]
CasADi - 2026-10-04 13:16:22 MESSAGE("nlp_hess_l::eval") [.../casadi/core/sx_function.cpp:77]
 398  6.9877083e+00 1.47e-01 7.60e+02  -3.8 5.25e+00    -  3.52e-02 1.04e-01h  1
CasADi - 2026-10-04 13:16:22 MESSAGE("nlp_g::eval") [.../casadi/core/sx_function.cpp:77]
CasADi - 2026-10-04 13:16:22 MESSAGE("nlp_f::eval") [.../casadi/core/sx_function.cpp:77]
CasADi - 2026-10-04 13:16:22 MESSAGE("nlp_grad_f::eval") [.../casadi/core/sx_function.cpp:77]
CasADi - 2026-10-04 13:16:22 MESSAGE("nlp_jac_g::eval") [.../casadi/core/sx_function.cpp:77]
CasADi - 2026-10-04 13:16:22 MESSAGE("nlp_hess_l::eval") [.../casadi/core/sx_function.cpp:77]
 399  6.9915669e+00 1.23e-01 6.58e+02  -3.8 9.38e-02   1.0 1.52e-02 1.64e-01h  1
CasADi - 2026-10-04 13:16:22 MESSAGE("nlp_g::eval") [.../casadi/core/sx_function.cpp:77]
CasADi - 2026-10-04 13:16:22 MESSAGE("nlp_f::eval") [.../casadi/core/sx_function.cpp:77]
CasADi - 2026-10-04 13:16:22 MESSAGE("nlp_grad_f::eval") [.../casadi/core/sx_function.cpp:77]
CasADi - 2026-10-04 13:16:22 MESSAGE("nlp_jac_g::eval") [.../casadi/core/sx_function.cpp:77]
CasADi - 2026-10-04 13:16:22 MESSAGE("nlp_hess_l::eval") [.../casadi/core/sx_function.cpp:77]
iter    objective    inf_pr   inf_du lg(mu)  ||d||  lg(rg) alpha_du alpha_pr  ls
 400  6.9923321e+00 1.19e-01 5.16e+02  -3.8 2.86e-01   1.4 1.37e-01 3.34e-02h  1
CasADi - 2026-10-04 13:16:22 MESSAGE("nlp_g::eval") [.../casadi/core/sx_function.cpp:77]
CasADi - 2026-10-04 13:16:22 MESSAGE("nlp_f::eval") [.../casadi/core/sx_function.cpp:77]
CasADi - 2026-10-04 13:16:22 MESSAGE("nlp_grad_f::eval") [.../casadi/core/sx_function.cpp:77]
CasADi - 2026-10-04 13:16:22 MESSAGE("nlp_jac_g::eval") [.../casadi/core/sx_function.cpp:77]
CasADi - 2026-10-04 13:16:22 MESSAGE("nlp_hess_l::eval") [.../casadi/core/sx_function.cpp:77]
 401  6.9950462e+00 1.07e-01 6.23e+02  -3.8 7.05e-02   1.9 1.26e-01 9.88e-02h  1
CasADi - 2026-10-04 13:16:22 MESSAGE("nlp_g::eval") [.../casadi/core/sx_function.cpp:77]
CasADi - 2026-10-04 13:16:22 MESSAGE("nlp_f::eval") [.../casadi/core/sx_function.cpp:77]
CasADi - 2026-10-04 13:16:22 MESSAGE("nlp_grad_f::eval") [.../casadi/core/sx_function.cpp:77]
CasADi - 2026-10-04 13:16:22 MESSAGE("nlp_jac_g::eval") [.../casadi/core/sx_function.cpp:77]
CasADi - 2026-10-04 13:16:22 MESSAGE("nlp_hess_l::eval") [.../casadi/core/sx_function.cpp:77]
 402  7.0020449e+00 7.82e-02 1.05e+03  -3.8 5.98e-02   2.3 3.89e-01 2.71e-01h  1
CasADi - 2026-10-04 13:16:22 MESSAGE("nlp_g::eval") [.../casadi/core/sx_function.cpp:77]
CasADi - 2026-10-04 13:16:22 MESSAGE("nlp_f::eval") [.../casadi/core/sx_function.cpp:77]
CasADi - 2026-10-04 13:16:22 MESSAGE("nlp_grad_f::eval") [.../casadi/core/sx_function.cpp:77]
CasADi - 2026-10-04 13:16:22 MESSAGE("nlp_jac_g::eval") [.../casadi/core/sx_function.cpp:77]
CasADi - 2026-10-04 13:16:22 MESSAGE("nlp_hess_l::eval") [.../casadi/core/sx_function.cpp:77]
 403  7.0065657e+00 6.02e-02 5.53e+03  -3.8 3.94e-02   2.7 8.40e-01 2.30e-01h  1
CasADi - 2026-10-04 13:16:22 MESSAGE("nlp_g::eval") [.../casadi/core/sx_function.cpp:77]
CasADi - 2026-10-04 13:16:22 MESSAGE("nlp_f::eval") [.../casadi/core/sx_function.cpp:77]
CasADi - 2026-10-04 13:16:22 MESSAGE("nlp_grad_f::eval") [.../casadi/core/sx_function.cpp:77]
CasADi - 2026-10-04 13:16:22 MESSAGE("nlp_jac_g::eval") [.../casadi/core/sx_function.cpp:77]
CasADi - 2026-10-04 13:16:22 MESSAGE("nlp_hess_l::eval") [.../casadi/core/sx_function.cpp:77]
 404  7.0126816e+00 3.64e-02 1.10e+04  -3.8 2.94e-02   3.1 1.00e+00 3.97e-01h  1
CasADi - 2026-10-04 13:16:22 MESSAGE("nlp_g::eval") [.../casadi/core/sx_function.cpp:77]
CasADi - 2026-10-04 13:16:22 MESSAGE("nlp_f::eval") [.../casadi/core/sx_function.cpp:77]
CasADi - 2026-10-04 13:16:22 MESSAGE("nlp_grad_f::eval") [.../casadi/core/sx_function.cpp:77]
CasADi - 2026-10-04 13:16:22 MESSAGE("nlp_jac_g::eval") [.../casadi/core/sx_function.cpp:77]
CasADi - 2026-10-04 13:16:22 MESSAGE("nlp_hess_l::eval") [.../casadi/core/sx_function.cpp:77]
 405  7.0161073e+00 2.34e-02 1.36e+04  -3.8 1.71e-02   3.6 1.00e+00 3.57e-01h  1
CasADi - 2026-10-04 13:16:22 MESSAGE("nlp_g::eval") [.../casadi/core/sx_function.cpp:77]
CasADi - 2026-10-04 13:16:22 MESSAGE("nlp_f::eval") [.../casadi/core/sx_function.cpp:77]
CasADi - 2026-10-04 13:16:22 MESSAGE("nlp_grad_f::eval") [.../casadi/core/sx_function.cpp:77]
CasADi - 2026-10-04 13:16:22 MESSAGE("nlp_jac_g::eval") [.../casadi/core/sx_function.cpp:77]
CasADi - 2026-10-04 13:16:22 MESSAGE("nlp_hess_l::eval") [.../casadi/core/sx_function.cpp:77]
 406  7.0162948e+00 2.27e-02 3.38e+04  -3.8 1.10e-02   4.0 1.00e+00 3.00e-02h  1
CasADi - 2026-10-04 13:16:22 MESSAGE("nlp_g::eval") [.../casadi/core/sx_function.cpp:77]
CasADi - 2026-10-04 13:16:22 MESSAGE("nlp_f::eval") [.../casadi/core/sx_function.cpp:77]
CasADi - 2026-10-04 13:16:22 MESSAGE("nlp_grad_f::eval") [.../casadi/core/sx_function.cpp:77]
CasADi - 2026-10-04 13:16:22 MESSAGE("nlp_jac_g::eval") [.../casadi/core/sx_function.cpp:77]
CasADi - 2026-10-04 13:16:22 MESSAGE("nlp_hess_l::eval") [.../casadi/core/sx_function.cpp:77]
 407  7.0183057e+00 1.50e-02 7.88e+04  -3.8 1.09e-02   3.5 1.00e+00 3.40e-01h  1
CasADi - 2026-10-04 13:16:22 MESSAGE("nlp_g::eval") [.../casadi/core/sx_function.cpp:77]
CasADi - 2026-10-04 13:16:22 MESSAGE("nlp_f::eval") [.../casadi/core/sx_function.cpp:77]
CasADi - 2026-10-04 13:16:22 MESSAGE("nlp_grad_f::eval") [.../casadi/core/sx_function.cpp:77]
CasADi - 2026-10-04 13:16:22 MESSAGE("nlp_jac_g::eval") [.../casadi/core/sx_function.cpp:77]
CasADi - 2026-10-04 13:16:22 MESSAGE("nlp_hess_l::eval") [.../casadi/core/sx_function.cpp:77]
 408  7.0200489e+00 7.58e-03 3.69e+06  -3.8 7.28e-03   3.9 1.00e+00 4.95e-01h  1
CasADi - 2026-10-04 13:16:22 MESSAGE("nlp_g::eval") [.../casadi/core/sx_function.cpp:77]
CasADi - 2026-10-04 13:16:22 MESSAGE("nlp_f::eval") [.../casadi/core/sx_function.cpp:77]
CasADi - 2026-10-04 13:16:22 MESSAGE("nlp_grad_f::eval") [.../casadi/core/sx_function.cpp:77]
CasADi - 2026-10-04 13:16:22 MESSAGE("nlp_jac_g::eval") [.../casadi/core/sx_function.cpp:77]
CasADi - 2026-10-04 13:16:22 MESSAGE("nlp_hess_l::eval") [.../casadi/core/sx_function.cpp:77]
 409  7.0216836e+00 4.55e-05 1.36e+08  -3.8 5.20e-03   3.5 5.12e-02 1.00e+00h  1
CasADi - 2026-10-04 13:16:22 MESSAGE("nlp_g::eval") [.../casadi/core/sx_function.cpp:77]
CasADi - 2026-10-04 13:16:22 MESSAGE("nlp_f::eval") [.../casadi/core/sx_function.cpp:77]
CasADi - 2026-10-04 13:16:22 MESSAGE("nlp_grad_f::eval") [.../casadi/core/sx_function.cpp:77]
CasADi - 2026-10-04 13:16:22 MESSAGE("nlp_jac_g::eval") [.../casadi/core/sx_function.cpp:77]
CasADi - 2026-10-04 13:16:22 MESSAGE("nlp_hess_l::eval") [.../casadi/core/sx_function.cpp:77]
iter    objective    inf_pr   inf_du lg(mu)  ||d||  lg(rg) alpha_du alpha_pr  ls
 410  7.0215619e+00 3.38e-07 2.93e+03  -3.8 1.81e-04   3.0 7.86e-01 1.00e+00h  1
CasADi - 2026-10-04 13:16:22 MESSAGE("nlp_g::eval") [.../casadi/core/sx_function.cpp:77]
CasADi - 2026-10-04 13:16:22 MESSAGE("nlp_f::eval") [.../casadi/core/sx_function.cpp:77]
CasADi - 2026-10-04 13:16:22 MESSAGE("nlp_grad_f::eval") [.../casadi/core/sx_function.cpp:77]
CasADi - 2026-10-04 13:16:22 MESSAGE("nlp_jac_g::eval") [.../casadi/core/sx_function.cpp:77]
CasADi - 2026-10-04 13:16:22 MESSAGE("nlp_hess_l::eval") [.../casadi/core/sx_function.cpp:77]
 411  7.0205765e+00 6.87e-05 2.33e+04  -3.8 3.19e-03   2.5 3.38e-01 1.00e+00f  1
CasADi - 2026-10-04 13:16:22 MESSAGE("nlp_g::eval") [.../casadi/core/sx_function.cpp:77]
CasADi - 2026-10-04 13:16:22 MESSAGE("nlp_f::eval") [.../casadi/core/sx_function.cpp:77]
CasADi - 2026-10-04 13:16:22 MESSAGE("nlp_grad_f::eval") [.../casadi/core/sx_function.cpp:77]
CasADi - 2026-10-04 13:16:22 MESSAGE("nlp_jac_g::eval") [.../casadi/core/sx_function.cpp:77]
CasADi - 2026-10-04 13:16:22 MESSAGE("nlp_hess_l::eval") [.../casadi/core/sx_function.cpp:77]
 412  7.0198442e+00 1.74e-06 2.65e+02  -3.8 2.09e-03   2.0 9.27e-01 1.00e+00h  1
CasADi - 2026-10-04 13:16:22 MESSAGE("nlp_g::eval") [.../casadi/core/sx_function.cpp:77]
CasADi - 2026-10-04 13:16:22 MESSAGE("nlp_f::eval") [.../casadi/core/sx_function.cpp:77]
CasADi - 2026-10-04 13:16:22 MESSAGE("nlp_grad_f::eval") [.../casadi/core/sx_function.cpp:77]
CasADi - 2026-10-04 13:16:22 MESSAGE("nlp_jac_g::eval") [.../casadi/core/sx_function.cpp:77]
CasADi - 2026-10-04 13:16:22 MESSAGE("nlp_hess_l::eval") [.../casadi/core/sx_function.cpp:77]
 413  7.0176013e+00 1.37e-05 3.10e+04  -3.8 1.19e-03   1.6 2.62e-01 1.00e+00h  1
CasADi - 2026-10-04 13:16:22 MESSAGE("nlp_g::eval") [.../casadi/core/sx_function.cpp:77]
CasADi - 2026-10-04 13:16:22 MESSAGE("nlp_f::eval") [.../casadi/core/sx_function.cpp:77]
CasADi - 2026-10-04 13:16:22 MESSAGE("nlp_grad_f::eval") [.../casadi/core/sx_function.cpp:77]
CasADi - 2026-10-04 13:16:22 MESSAGE("nlp_jac_g::eval") [.../casadi/core/sx_function.cpp:77]
CasADi - 2026-10-04 13:16:22 MESSAGE("nlp_hess_l::eval") [.../casadi/core/sx_function.cpp:77]
 414  7.0117213e+00 7.95e-05 2.81e+02  -3.8 1.79e-03   1.1 8.78e-01 1.00e+00h  1
CasADi - 2026-10-04 13:16:22 MESSAGE("nlp_g::eval") [.../casadi/core/sx_function.cpp:77]
CasADi - 2026-10-04 13:16:22 MESSAGE("nlp_f::eval") [.../casadi/core/sx_function.cpp:77]
CasADi - 2026-10-04 13:16:22 MESSAGE("nlp_grad_f::eval") [.../casadi/core/sx_function.cpp:77]
CasADi - 2026-10-04 13:16:22 MESSAGE("nlp_jac_g::eval") [.../casadi/core/sx_function.cpp:77]
CasADi - 2026-10-04 13:16:22 MESSAGE("nlp_hess_l::eval") [.../casadi/core/sx_function.cpp:77]
 415  6.9989387e+00 4.71e-04 6.76e+02  -3.8 5.35e-03   0.6 3.55e-01 9.16e-01h  1
CasADi - 2026-10-04 13:16:22 MESSAGE("nlp_g::eval") [.../casadi/core/sx_function.cpp:77]
CasADi - 2026-10-04 13:16:22 MESSAGE("nlp_f::eval") [.../casadi/core/sx_function.cpp:77]
CasADi - 2026-10-04 13:16:22 MESSAGE("nlp_grad_f::eval") [.../casadi/core/sx_function.cpp:77]
CasADi - 2026-10-04 13:16:22 MESSAGE("nlp_jac_g::eval") [.../casadi/core/sx_function.cpp:77]
CasADi - 2026-10-04 13:16:22 MESSAGE("nlp_hess_l::eval") [.../casadi/core/sx_function.cpp:77]
 416  6.9820794e+00 4.26e-04 5.09e+00  -3.8 1.37e-02   0.1 1.00e+00 1.00e+00f  1
CasADi - 2026-10-04 13:16:22 MESSAGE("nlp_g::eval") [.../casadi/core/sx_function.cpp:77]
CasADi - 2026-10-04 13:16:22 MESSAGE("nlp_f::eval") [.../casadi/core/sx_function.cpp:77]
CasADi - 2026-10-04 13:16:22 MESSAGE("nlp_grad_f::eval") [.../casadi/core/sx_function.cpp:77]
CasADi - 2026-10-04 13:16:22 MESSAGE("nlp_jac_g::eval") [.../casadi/core/sx_function.cpp:77]
CasADi - 2026-10-04 13:16:22 MESSAGE("nlp_hess_l::eval") [.../casadi/core/sx_function.cpp:77]
 417  6.9536793e+00 1.19e-03 1.74e+02  -3.8 2.12e-02  -0.4 1.00e+00 8.73e-01h  1
CasADi - 2026-10-04 13:16:22 MESSAGE("nlp_g::eval") [.../casadi/core/sx_function.cpp:77]
CasADi - 2026-10-04 13:16:22 MESSAGE("nlp_f::eval") [.../casadi/core/sx_function.cpp:77]
CasADi - 2026-10-04 13:16:22 MESSAGE("nlp_grad_f::eval") [.../casadi/core/sx_function.cpp:77]
CasADi - 2026-10-04 13:16:22 MESSAGE("nlp_jac_g::eval") [.../casadi/core/sx_function.cpp:77]
CasADi - 2026-10-04 13:16:22 MESSAGE("nlp_hess_l::eval") [.../casadi/core/sx_function.cpp:77]
 418  6.9141224e+00 5.83e-03 9.33e+01  -3.8 5.25e-02  -0.8 9.10e-01 1.00e+00f  1
CasADi - 2026-10-04 13:16:22 MESSAGE("nlp_g::eval") [.../casadi/core/sx_function.cpp:77]
CasADi - 2026-10-04 13:16:22 MESSAGE("nlp_f::eval") [.../casadi/core/sx_function.cpp:77]
CasADi - 2026-10-04 13:16:22 MESSAGE("nlp_grad_f::eval") [.../casadi/core/sx_function.cpp:77]
CasADi - 2026-10-04 13:16:22 MESSAGE("nlp_jac_g::eval") [.../casadi/core/sx_function.cpp:77]
CasADi - 2026-10-04 13:16:22 MESSAGE("nlp_hess_l::eval") [.../casadi/core/sx_function.cpp:77]
 419  6.9075577e+00 1.70e-03 5.56e+00  -3.8 3.10e-02  -0.4 1.00e+00 1.00e+00h  1
CasADi - 2026-10-04 13:16:22 MESSAGE("nlp_g::eval") [.../casadi/core/sx_function.cpp:77]
CasADi - 2026-10-04 13:16:22 MESSAGE("nlp_f::eval") [.../casadi/core/sx_function.cpp:77]
CasADi - 2026-10-04 13:16:22 MESSAGE("nlp_grad_f::eval") [.../casadi/core/sx_function.cpp:77]
CasADi - 2026-10-04 13:16:22 MESSAGE("nlp_jac_g::eval") [.../casadi/core/sx_function.cpp:77]
CasADi - 2026-10-04 13:16:22 MESSAGE("nlp_hess_l::eval") [.../casadi/core/sx_function.cpp:77]
iter    objective    inf_pr   inf_du lg(mu)  ||d||  lg(rg) alpha_du alpha_pr  ls
 420  6.8948451e+00 1.02e-01 1.83e+02  -3.8 3.39e+00    -  1.35e-01 6.11e-02h  1
CasADi - 2026-10-04 13:16:22 MESSAGE("nlp_g::eval") [.../casadi/core/sx_function.cpp:77]
CasADi - 2026-10-04 13:16:22 MESSAGE("nlp_f::eval") [.../casadi/core/sx_function.cpp:77]
CasADi - 2026-10-04 13:16:22 MESSAGE("nlp_grad_f::eval") [.../casadi/core/sx_function.cpp:77]
CasADi - 2026-10-04 13:16:22 MESSAGE("nlp_jac_g::eval") [.../casadi/core/sx_function.cpp:77]
CasADi - 2026-10-04 13:16:22 MESSAGE("nlp_hess_l::eval") [.../casadi/core/sx_function.cpp:77]
 421  6.8926974e+00 1.07e-01 1.70e+02  -3.8 1.13e+01    -  6.85e-03 1.04e-02h  1
CasADi - 2026-10-04 13:16:22 MESSAGE("nlp_g::eval") [.../casadi/core/sx_function.cpp:77]
CasADi - 2026-10-04 13:16:22 MESSAGE("nlp_f::eval") [.../casadi/core/sx_function.cpp:77]
CasADi - 2026-10-04 13:16:22 MESSAGE("nlp_grad_f::eval") [.../casadi/core/sx_function.cpp:77]
CasADi - 2026-10-04 13:16:22 MESSAGE("nlp_jac_g::eval") [.../casadi/core/sx_function.cpp:77]
CasADi - 2026-10-04 13:16:22 MESSAGE("nlp_hess_l::eval") [.../casadi/core/sx_function.cpp:77]
 422  6.8792863e+00 2.33e-02 3.76e+02  -3.8 6.33e-02  -0.9 1.14e-02 8.79e-01h  1
CasADi - 2026-10-04 13:16:22 MESSAGE("nlp_g::eval") [.../casadi/core/sx_function.cpp:77]
CasADi - 2026-10-04 13:16:22 MESSAGE("nlp_f::eval") [.../casadi/core/sx_function.cpp:77]
CasADi - 2026-10-04 13:16:22 MESSAGE("nlp_grad_f::eval") [.../casadi/core/sx_function.cpp:77]
CasADi - 2026-10-04 13:16:22 MESSAGE("nlp_jac_g::eval") [.../casadi/core/sx_function.cpp:77]
CasADi - 2026-10-04 13:16:22 MESSAGE("nlp_hess_l::eval") [.../casadi/core/sx_function.cpp:77]
 423  6.8793639e+00 1.97e-02 3.97e+02  -3.8 1.28e-01   0.5 3.95e-03 1.53e-01h  1
CasADi - 2026-10-04 13:16:22 MESSAGE("nlp_g::eval") [.../casadi/core/sx_function.cpp:77]
CasADi - 2026-10-04 13:16:22 MESSAGE("nlp_f::eval") [.../casadi/core/sx_function.cpp:77]
CasADi - 2026-10-04 13:16:22 MESSAGE("nlp_grad_f::eval") [.../casadi/core/sx_function.cpp:77]
CasADi - 2026-10-04 13:16:22 MESSAGE("nlp_jac_g::eval") [.../casadi/core/sx_function.cpp:77]
CasADi - 2026-10-04 13:16:22 MESSAGE("nlp_hess_l::eval") [.../casadi/core/sx_function.cpp:77]
 424  6.8800206e+00 1.01e-02 2.78e+02  -3.8 2.85e-02   0.9 3.35e-01 4.92e-01h  1
CasADi - 2026-10-04 13:16:22 MESSAGE("nlp_g::eval") [.../casadi/core/sx_function.cpp:77]
CasADi - 2026-10-04 13:16:22 MESSAGE("nlp_f::eval") [.../casadi/core/sx_function.cpp:77]
CasADi - 2026-10-04 13:16:22 MESSAGE("nlp_grad_f::eval") [.../casadi/core/sx_function.cpp:77]
CasADi - 2026-10-04 13:16:22 MESSAGE("nlp_jac_g::eval") [.../casadi/core/sx_function.cpp:77]
CasADi - 2026-10-04 13:16:22 MESSAGE("nlp_hess_l::eval") [.../casadi/core/sx_function.cpp:77]
 425  6.8811372e+00 8.03e-04 5.03e+01  -3.8 2.13e-02   1.3 1.00e+00 1.00e+00h  1
CasADi - 2026-10-04 13:16:22 MESSAGE("nlp_g::eval") [.../casadi/core/sx_function.cpp:77]
CasADi - 2026-10-04 13:16:22 MESSAGE("nlp_f::eval") [.../casadi/core/sx_function.cpp:77]
CasADi - 2026-10-04 13:16:22 MESSAGE("nlp_grad_f::eval") [.../casadi/core/sx_function.cpp:77]
CasADi - 2026-10-04 13:16:22 MESSAGE("nlp_jac_g::eval") [.../casadi/core/sx_function.cpp:77]
CasADi - 2026-10-04 13:16:22 MESSAGE("nlp_hess_l::eval") [.../casadi/core/sx_function.cpp:77]
 426  6.8808335e+00 1.62e-05 6.13e+00  -3.8 1.02e-02   0.8 1.00e+00 1.00e+00h  1
CasADi - 2026-10-04 13:16:22 MESSAGE("nlp_g::eval") [.../casadi/core/sx_function.cpp:77]
CasADi - 2026-10-04 13:16:22 MESSAGE("nlp_f::eval") [.../casadi/core/sx_function.cpp:77]
CasADi - 2026-10-04 13:16:22 MESSAGE("nlp_grad_f::eval") [.../casadi/core/sx_function.cpp:77]
CasADi - 2026-10-04 13:16:22 MESSAGE("nlp_jac_g::eval") [.../casadi/core/sx_function.cpp:77]
CasADi - 2026-10-04 13:16:22 MESSAGE("nlp_hess_l::eval") [.../casadi/core/sx_function.cpp:77]
 427  6.8781176e+00 1.09e-01 5.60e+01  -3.8 3.20e+01    -  1.93e-02 7.77e-03f  1
CasADi - 2026-10-04 13:16:22 MESSAGE("nlp_g::eval") [.../casadi/core/sx_function.cpp:77]
CasADi - 2026-10-04 13:16:22 MESSAGE("nlp_f::eval") [.../casadi/core/sx_function.cpp:77]
CasADi - 2026-10-04 13:16:22 MESSAGE("nlp_grad_f::eval") [.../casadi/core/sx_function.cpp:77]
CasADi - 2026-10-04 13:16:22 MESSAGE("nlp_jac_g::eval") [.../casadi/core/sx_function.cpp:77]
CasADi - 2026-10-04 13:16:22 MESSAGE("nlp_hess_l::eval") [.../casadi/core/sx_function.cpp:77]
 428  6.8778654e+00 9.07e-02 5.25e+01  -3.8 6.12e-02   0.3 4.31e-03 1.68e-01h  1
CasADi - 2026-10-04 13:16:22 MESSAGE("nlp_g::eval") [.../casadi/core/sx_function.cpp:77]
CasADi - 2026-10-04 13:16:22 MESSAGE("nlp_f::eval") [.../casadi/core/sx_function.cpp:77]
CasADi - 2026-10-04 13:16:22 MESSAGE("nlp_grad_f::eval") [.../casadi/core/sx_function.cpp:77]
CasADi - 2026-10-04 13:16:22 MESSAGE("nlp_jac_g::eval") [.../casadi/core/sx_function.cpp:77]
CasADi - 2026-10-04 13:16:22 MESSAGE("nlp_hess_l::eval") [.../casadi/core/sx_function.cpp:77]
 429  6.8778341e+00 1.81e-02 8.14e+01  -3.8 5.69e-02   0.8 3.25e-01 8.05e-01h  1
CasADi - 2026-10-04 13:16:22 MESSAGE("nlp_g::eval") [.../casadi/core/sx_function.cpp:77]
CasADi - 2026-10-04 13:16:22 MESSAGE("nlp_f::eval") [.../casadi/core/sx_function.cpp:77]
CasADi - 2026-10-04 13:16:22 MESSAGE("nlp_grad_f::eval") [.../casadi/core/sx_function.cpp:77]
CasADi - 2026-10-04 13:16:22 MESSAGE("nlp_jac_g::eval") [.../casadi/core/sx_function.cpp:77]
CasADi - 2026-10-04 13:16:22 MESSAGE("nlp_hess_l::eval") [.../casadi/core/sx_function.cpp:77]
iter    objective    inf_pr   inf_du lg(mu)  ||d||  lg(rg) alpha_du alpha_pr  ls
 430  6.8781134e+00 3.84e-04 2.09e+01  -3.8 1.49e-02   1.2 1.00e+00 1.00e+00f  1
CasADi - 2026-10-04 13:16:22 MESSAGE("nlp_g::eval") [.../casadi/core/sx_function.cpp:77]
CasADi - 2026-10-04 13:16:22 MESSAGE("nlp_f::eval") [.../casadi/core/sx_function.cpp:77]
CasADi - 2026-10-04 13:16:22 MESSAGE("nlp_grad_f::eval") [.../casadi/core/sx_function.cpp:77]
CasADi - 2026-10-04 13:16:22 MESSAGE("nlp_jac_g::eval") [.../casadi/core/sx_function.cpp:77]
CasADi - 2026-10-04 13:16:22 MESSAGE("nlp_hess_l::eval") [.../casadi/core/sx_function.cpp:77]
 431  6.8775975e+00 1.49e-05 3.36e+00  -3.8 2.16e-03   0.7 1.00e+00 1.00e+00h  1
CasADi - 2026-10-04 13:16:22 MESSAGE("nlp_g::eval") [.../casadi/core/sx_function.cpp:77]
CasADi - 2026-10-04 13:16:22 MESSAGE("nlp_f::eval") [.../casadi/core/sx_function.cpp:77]
CasADi - 2026-10-04 13:16:22 MESSAGE("nlp_grad_f::eval") [.../casadi/core/sx_function.cpp:77]
CasADi - 2026-10-04 13:16:22 MESSAGE("nlp_jac_g::eval") [.../casadi/core/sx_function.cpp:77]
CasADi - 2026-10-04 13:16:22 MESSAGE("nlp_hess_l::eval") [.../casadi/core/sx_function.cpp:77]
 432  6.8763593e+00 4.54e-05 1.65e-01  -3.8 4.63e-03   0.2 1.00e+00 1.00e+00h  1
CasADi - 2026-10-04 13:16:22 MESSAGE("nlp_g::eval") [.../casadi/core/sx_function.cpp:77]
CasADi - 2026-10-04 13:16:22 MESSAGE("nlp_f::eval") [.../casadi/core/sx_function.cpp:77]
CasADi - 2026-10-04 13:16:22 MESSAGE("nlp_grad_f::eval") [.../casadi/core/sx_function.cpp:77]
CasADi - 2026-10-04 13:16:22 MESSAGE("nlp_jac_g::eval") [.../casadi/core/sx_function.cpp:77]
CasADi - 2026-10-04 13:16:22 MESSAGE("nlp_hess_l::eval") [.../casadi/core/sx_function.cpp:77]
 433  6.8728808e+00 3.89e-04 7.13e-01  -3.8 1.07e-02  -0.2 1.00e+00 1.00e+00h  1
CasADi - 2026-10-04 13:16:22 MESSAGE("nlp_g::eval") [.../casadi/core/sx_function.cpp:77]
CasADi - 2026-10-04 13:16:22 MESSAGE("nlp_f::eval") [.../casadi/core/sx_function.cpp:77]
CasADi - 2026-10-04 13:16:22 MESSAGE("nlp_grad_f::eval") [.../casadi/core/sx_function.cpp:77]
CasADi - 2026-10-04 13:16:22 MESSAGE("nlp_jac_g::eval") [.../casadi/core/sx_function.cpp:77]
CasADi - 2026-10-04 13:16:22 MESSAGE("nlp_hess_l::eval") [.../casadi/core/sx_function.cpp:77]
 434  6.8530589e+00 1.14e-01 4.55e+02  -3.8 8.60e-01    -  4.69e-01 2.32e-01h  1
CasADi - 2026-10-04 13:16:22 MESSAGE("nlp_g::eval") [.../casadi/core/sx_function.cpp:77]
CasADi - 2026-10-04 13:16:22 MESSAGE("nlp_f::eval") [.../casadi/core/sx_function.cpp:77]
CasADi - 2026-10-04 13:16:22 MESSAGE("nlp_grad_f::eval") [.../casadi/core/sx_function.cpp:77]
CasADi - 2026-10-04 13:16:22 MESSAGE("nlp_jac_g::eval") [.../casadi/core/sx_function.cpp:77]
CasADi - 2026-10-04 13:16:22 MESSAGE("nlp_hess_l::eval") [.../casadi/core/sx_function.cpp:77]
 435  6.8506144e+00 4.47e-02 1.96e+02  -3.8 9.08e-02  -0.7 1.53e-02 6.61e-01h  1
CasADi - 2026-10-04 13:16:22 MESSAGE("nlp_g::eval") [.../casadi/core/sx_function.cpp:77]
CasADi - 2026-10-04 13:16:22 MESSAGE("nlp_f::eval") [.../casadi/core/sx_function.cpp:77]
CasADi - 2026-10-04 13:16:22 MESSAGE("nlp_grad_f::eval") [.../casadi/core/sx_function.cpp:77]
CasADi - 2026-10-04 13:16:22 MESSAGE("nlp_jac_g::eval") [.../casadi/core/sx_function.cpp:77]
CasADi - 2026-10-04 13:16:22 MESSAGE("nlp_hess_l::eval") [.../casadi/core/sx_function.cpp:77]
 436  6.8512040e+00 2.95e-04 9.50e+01  -3.8 2.47e-02   0.6 6.47e-01 1.00e+00h  1
CasADi - 2026-10-04 13:16:22 MESSAGE("nlp_g::eval") [.../casadi/core/sx_function.cpp:77]
CasADi - 2026-10-04 13:16:22 MESSAGE("nlp_f::eval") [.../casadi/core/sx_function.cpp:77]
CasADi - 2026-10-04 13:16:22 MESSAGE("nlp_grad_f::eval") [.../casadi/core/sx_function.cpp:77]
CasADi - 2026-10-04 13:16:22 MESSAGE("nlp_jac_g::eval") [.../casadi/core/sx_function.cpp:77]
CasADi - 2026-10-04 13:16:22 MESSAGE("nlp_hess_l::eval") [.../casadi/core/sx_function.cpp:77]
 437  6.8511916e+00 2.03e-06 9.68e-01  -3.8 1.27e-03   1.0 1.00e+00 1.00e+00h  1
CasADi - 2026-10-04 13:16:22 MESSAGE("nlp_g::eval") [.../casadi/core/sx_function.cpp:77]
CasADi - 2026-10-04 13:16:22 MESSAGE("nlp_f::eval") [.../casadi/core/sx_function.cpp:77]
CasADi - 2026-10-04 13:16:22 MESSAGE("nlp_grad_f::eval") [.../casadi/core/sx_function.cpp:77]
CasADi - 2026-10-04 13:16:22 MESSAGE("nlp_jac_g::eval") [.../casadi/core/sx_function.cpp:77]
CasADi - 2026-10-04 13:16:22 MESSAGE("nlp_hess_l::eval") [.../casadi/core/sx_function.cpp:77]
 438  6.8508801e+00 7.58e-06 3.67e-02  -3.8 1.52e-03   0.6 1.00e+00 1.00e+00h  1
CasADi - 2026-10-04 13:16:22 MESSAGE("nlp_g::eval") [.../casadi/core/sx_function.cpp:77]
CasADi - 2026-10-04 13:16:22 MESSAGE("nlp_f::eval") [.../casadi/core/sx_function.cpp:77]
CasADi - 2026-10-04 13:16:22 MESSAGE("nlp_grad_f::eval") [.../casadi/core/sx_function.cpp:77]
CasADi - 2026-10-04 13:16:22 MESSAGE("nlp_jac_g::eval") [.../casadi/core/sx_function.cpp:77]
CasADi - 2026-10-04 13:16:22 MESSAGE("nlp_hess_l::eval") [.../casadi/core/sx_function.cpp:77]
 439  6.8500214e+00 5.01e-05 8.75e-02  -3.8 3.69e-03   0.1 1.00e+00 1.00e+00h  1
CasADi - 2026-10-04 13:16:22 MESSAGE("nlp_g::eval") [.../casadi/core/sx_function.cpp:77]
CasADi - 2026-10-04 13:16:22 MESSAGE("nlp_f::eval") [.../casadi/core/sx_function.cpp:77]
CasADi - 2026-10-04 13:16:22 MESSAGE("nlp_g::eval") [.../casadi/core/sx_function.cpp:77]
CasADi - 2026-10-04 13:16:22 MESSAGE("nlp_f::eval") [.../casadi/core/sx_function.cpp:77]
CasADi - 2026-10-04 13:16:22 MESSAGE("nlp_g::eval") [.../casadi/core/sx_function.cpp:77]
CasADi - 2026-10-04 13:16:22 MESSAGE("nlp_f::eval") [.../casadi/core/sx_function.cpp:77]
CasADi - 2026-10-04 13:16:22 MESSAGE("nlp_grad_f::eval") [.../casadi/core/sx_function.cpp:77]
CasADi - 2026-10-04 13:16:22 MESSAGE("nlp_jac_g::eval") [.../casadi/core/sx_function.cpp:77]
CasADi - 2026-10-04 13:16:22 MESSAGE("nlp_hess_l::eval") [.../casadi/core/sx_function.cpp:77]
iter    objective    inf_pr   inf_du lg(mu)  ||d||  lg(rg) alpha_du alpha_pr  ls
 440  6.8487222e+00 2.73e-02 1.39e+02  -3.8 8.22e+00    -  8.00e-02 1.37e-02h  2
CasADi - 2026-10-04 13:16:22 MESSAGE("nlp_g::eval") [.../casadi/core/sx_function.cpp:77]
CasADi - 2026-10-04 13:16:22 MESSAGE("nlp_f::eval") [.../casadi/core/sx_function.cpp:77]
CasADi - 2026-10-04 13:16:22 MESSAGE("nlp_g::eval") [.../casadi/core/sx_function.cpp:77]
CasADi - 2026-10-04 13:16:22 MESSAGE("nlp_f::eval") [.../casadi/core/sx_function.cpp:77]
CasADi - 2026-10-04 13:16:22 MESSAGE("nlp_g::eval") [.../casadi/core/sx_function.cpp:77]
CasADi - 2026-10-04 13:16:22 MESSAGE("nlp_f::eval") [.../casadi/core/sx_function.cpp:77]
CasADi - 2026-10-04 13:16:22 MESSAGE("nlp_g::eval") [.../casadi/core/sx_function.cpp:77]
CasADi - 2026-10-04 13:16:22 MESSAGE("nlp_f::eval") [.../casadi/core/sx_function.cpp:77]
CasADi - 2026-10-04 13:16:22 MESSAGE("nlp_grad_f::eval") [.../casadi/core/sx_function.cpp:77]
CasADi - 2026-10-04 13:16:22 MESSAGE("nlp_jac_g::eval") [.../casadi/core/sx_function.cpp:77]
CasADi - 2026-10-04 13:16:22 MESSAGE("nlp_hess_l::eval") [.../casadi/core/sx_function.cpp:77]
 441  6.8473826e+00 6.89e-02 2.05e+02  -3.8 8.08e+00    -  5.13e-02 1.79e-02h  2
CasADi - 2026-10-04 13:16:22 MESSAGE("nlp_g::eval") [.../casadi/core/sx_function.cpp:77]
CasADi - 2026-10-04 13:16:22 MESSAGE("nlp_f::eval") [.../casadi/core/sx_function.cpp:77]
CasADi - 2026-10-04 13:16:22 MESSAGE("nlp_grad_f::eval") [.../casadi/core/sx_function.cpp:77]
CasADi - 2026-10-04 13:16:22 MESSAGE("nlp_jac_g::eval") [.../casadi/core/sx_function.cpp:77]
CasADi - 2026-10-04 13:16:22 MESSAGE("nlp_hess_l::eval") [.../casadi/core/sx_function.cpp:77]
 442  6.8447157e+00 1.94e-03 9.68e+01  -3.8 3.46e-02  -0.4 5.91e-01 1.00e+00h  1
CasADi - 2026-10-04 13:16:22 MESSAGE("nlp_g::eval") [.../casadi/core/sx_function.cpp:77]
CasADi - 2026-10-04 13:16:22 MESSAGE("nlp_f::eval") [.../casadi/core/sx_function.cpp:77]
CasADi - 2026-10-04 13:16:22 MESSAGE("nlp_grad_f::eval") [.../casadi/core/sx_function.cpp:77]
CasADi - 2026-10-04 13:16:22 MESSAGE("nlp_jac_g::eval") [.../casadi/core/sx_function.cpp:77]
CasADi - 2026-10-04 13:16:22 MESSAGE("nlp_hess_l::eval") [.../casadi/core/sx_function.cpp:77]
 443  6.8417629e+00 2.01e-03 5.76e+00  -3.8 4.75e-02  -0.9 1.00e+00 1.00e+00h  1
CasADi - 2026-10-04 13:16:22 MESSAGE("nlp_g::eval") [.../casadi/core/sx_function.cpp:77]
CasADi - 2026-10-04 13:16:22 MESSAGE("nlp_f::eval") [.../casadi/core/sx_function.cpp:77]
CasADi - 2026-10-04 13:16:22 MESSAGE("nlp_grad_f::eval") [.../casadi/core/sx_function.cpp:77]
CasADi - 2026-10-04 13:16:22 MESSAGE("nlp_jac_g::eval") [.../casadi/core/sx_function.cpp:77]
CasADi - 2026-10-04 13:16:22 MESSAGE("nlp_hess_l::eval") [.../casadi/core/sx_function.cpp:77]
 444  6.8376449e+00 2.29e-03 6.45e+01  -3.8 7.04e-02  -1.3 1.00e+00 6.81e-01h  1
CasADi - 2026-10-04 13:16:22 MESSAGE("nlp_g::eval") [.../casadi/core/sx_function.cpp:77]
CasADi - 2026-10-04 13:16:22 MESSAGE("nlp_f::eval") [.../casadi/core/sx_function.cpp:77]
CasADi - 2026-10-04 13:16:22 MESSAGE("nlp_grad_f::eval") [.../casadi/core/sx_function.cpp:77]
CasADi - 2026-10-04 13:16:22 MESSAGE("nlp_jac_g::eval") [.../casadi/core/sx_function.cpp:77]
CasADi - 2026-10-04 13:16:22 MESSAGE("nlp_hess_l::eval") [.../casadi/core/sx_function.cpp:77]
 445  6.8337370e+00 1.02e-01 1.57e+02  -3.8 2.25e+00    -  2.91e-01 1.10e-01h  1
CasADi - 2026-10-04 13:16:22 MESSAGE("nlp_g::eval") [.../casadi/core/sx_function.cpp:77]
CasADi - 2026-10-04 13:16:22 MESSAGE("nlp_f::eval") [.../casadi/core/sx_function.cpp:77]
CasADi - 2026-10-04 13:16:22 MESSAGE("nlp_grad_f::eval") [.../casadi/core/sx_function.cpp:77]
CasADi - 2026-10-04 13:16:22 MESSAGE("nlp_jac_g::eval") [.../casadi/core/sx_function.cpp:77]
CasADi - 2026-10-04 13:16:22 MESSAGE("nlp_hess_l::eval") [.../casadi/core/sx_function.cpp:77]
 446  6.8257325e+00 2.45e-02 5.63e+01  -3.8 8.43e-02  -1.8 7.51e-01 1.00e+00h  1
CasADi - 2026-10-04 13:16:22 MESSAGE("nlp_g::eval") [.../casadi/core/sx_function.cpp:77]
CasADi - 2026-10-04 13:16:22 MESSAGE("nlp_f::eval") [.../casadi/core/sx_function.cpp:77]
CasADi - 2026-10-04 13:16:22 MESSAGE("nlp_g::eval") [.../casadi/core/sx_function.cpp:77]
CasADi - 2026-10-04 13:16:22 MESSAGE("nlp_f::eval") [.../casadi/core/sx_function.cpp:77]
CasADi - 2026-10-04 13:16:22 MESSAGE("nlp_g::eval") [.../casadi/core/sx_function.cpp:77]
CasADi - 2026-10-04 13:16:22 MESSAGE("nlp_f::eval") [.../casadi/core/sx_function.cpp:77]
CasADi - 2026-10-04 13:16:22 MESSAGE("nlp_g::eval") [.../casadi/core/sx_function.cpp:77]
CasADi - 2026-10-04 13:16:22 MESSAGE("nlp_f::eval") [.../casadi/core/sx_function.cpp:77]
CasADi - 2026-10-04 13:16:22 MESSAGE("nlp_grad_f::eval") [.../casadi/core/sx_function.cpp:77]
CasADi - 2026-10-04 13:16:22 MESSAGE("nlp_jac_g::eval") [.../casadi/core/sx_function.cpp:77]
CasADi - 2026-10-04 13:16:22 MESSAGE("nlp_hess_l::eval") [.../casadi/core/sx_function.cpp:77]
 447  6.8248861e+00 2.66e-02 3.34e+02  -3.8 2.78e+00    -  2.33e-01 1.21e-02h  2
CasADi - 2026-10-04 13:16:23 MESSAGE("nlp_g::eval") [.../casadi/core/sx_function.cpp:77]
CasADi - 2026-10-04 13:16:23 MESSAGE("nlp_f::eval") [.../casadi/core/sx_function.cpp:77]
CasADi - 2026-10-04 13:16:23 MESSAGE("nlp_grad_f::eval") [.../casadi/core/sx_function.cpp:77]
CasADi - 2026-10-04 13:16:23 MESSAGE("nlp_jac_g::eval") [.../casadi/core/sx_function.cpp:77]
CasADi - 2026-10-04 13:16:23 MESSAGE("nlp_hess_l::eval") [.../casadi/core/sx_function.cpp:77]
 448  6.8210151e+00 1.08e-01 4.33e+02  -3.8 8.25e-01    -  7.84e-01 2.18e-01h  1
CasADi - 2026-10-04 13:16:23 MESSAGE("nlp_g::eval") [.../casadi/core/sx_function.cpp:77]
CasADi - 2026-10-04 13:16:23 MESSAGE("nlp_f::eval") [.../casadi/core/sx_function.cpp:77]
CasADi - 2026-10-04 13:16:23 MESSAGE("nlp_grad_f::eval") [.../casadi/core/sx_function.cpp:77]
CasADi - 2026-10-04 13:16:23 MESSAGE("nlp_jac_g::eval") [.../casadi/core/sx_function.cpp:77]
CasADi - 2026-10-04 13:16:23 MESSAGE("nlp_hess_l::eval") [.../casadi/core/sx_function.cpp:77]
 449  6.8191064e+00 1.59e-01 5.30e+02  -3.8 3.75e+00    -  9.79e-02 4.18e-02h  1
CasADi - 2026-10-04 13:16:23 MESSAGE("nlp_g::eval") [.../casadi/core/sx_function.cpp:77]
CasADi - 2026-10-04 13:16:23 MESSAGE("nlp_f::eval") [.../casadi/core/sx_function.cpp:77]
CasADi - 2026-10-04 13:16:23 MESSAGE("nlp_grad_f::eval") [.../casadi/core/sx_function.cpp:77]
CasADi - 2026-10-04 13:16:23 MESSAGE("nlp_jac_g::eval") [.../casadi/core/sx_function.cpp:77]
CasADi - 2026-10-04 13:16:23 MESSAGE("nlp_hess_l::eval") [.../casadi/core/sx_function.cpp:77]
iter    objective    inf_pr   inf_du lg(mu)  ||d||  lg(rg) alpha_du alpha_pr  ls
 450  6.8160831e+00 1.85e-01 5.00e+02  -3.8 1.73e+00    -  2.88e-01 1.47e-01h  1
CasADi - 2026-10-04 13:16:23 MESSAGE("nlp_g::eval") [.../casadi/core/sx_function.cpp:77]
CasADi - 2026-10-04 13:16:23 MESSAGE("nlp_f::eval") [.../casadi/core/sx_function.cpp:77]
CasADi - 2026-10-04 13:16:23 MESSAGE("nlp_g::eval") [.../casadi/core/sx_function.cpp:77]
CasADi - 2026-10-04 13:16:23 MESSAGE("nlp_f::eval") [.../casadi/core/sx_function.cpp:77]
CasADi - 2026-10-04 13:16:23 MESSAGE("nlp_g::eval") [.../casadi/core/sx_function.cpp:77]
CasADi - 2026-10-04 13:16:23 MESSAGE("nlp_f::eval") [.../casadi/core/sx_function.cpp:77]
CasADi - 2026-10-04 13:16:23 MESSAGE("nlp_grad_f::eval") [.../casadi/core/sx_function.cpp:77]
CasADi - 2026-10-04 13:16:23 MESSAGE("nlp_jac_g::eval") [.../casadi/core/sx_function.cpp:77]
CasADi - 2026-10-04 13:16:23 MESSAGE("nlp_hess_l::eval") [.../casadi/core/sx_function.cpp:77]
 451  6.8151974e+00 1.83e-01 6.07e+02  -3.8 8.47e+00    -  5.34e-02 1.49e-02h  2
CasADi - 2026-10-04 13:16:23 MESSAGE("nlp_g::eval") [.../casadi/core/sx_function.cpp:77]
CasADi - 2026-10-04 13:16:23 MESSAGE("nlp_f::eval") [.../casadi/core/sx_function.cpp:77]
CasADi - 2026-10-04 13:16:23 MESSAGE("nlp_grad_f::eval") [.../casadi/core/sx_function.cpp:77]
CasADi - 2026-10-04 13:16:23 MESSAGE("nlp_jac_g::eval") [.../casadi/core/sx_function.cpp:77]
CasADi - 2026-10-04 13:16:23 MESSAGE("nlp_hess_l::eval") [.../casadi/core/sx_function.cpp:77]
 452  6.8113237e+00 1.04e-01 6.16e+02  -3.8 2.55e-01  -2.3 1.52e-01 4.53e-01h  1
CasADi - 2026-10-04 13:16:23 MESSAGE("nlp_g::eval") [.../casadi/core/sx_function.cpp:77]
CasADi - 2026-10-04 13:16:23 MESSAGE("nlp_f::eval") [.../casadi/core/sx_function.cpp:77]
CasADi - 2026-10-04 13:16:23 MESSAGE("nlp_grad_f::eval") [.../casadi/core/sx_function.cpp:77]
CasADi - 2026-10-04 13:16:23 MESSAGE("nlp_jac_g::eval") [.../casadi/core/sx_function.cpp:77]
CasADi - 2026-10-04 13:16:23 MESSAGE("nlp_hess_l::eval") [.../casadi/core/sx_function.cpp:77]
 453  6.8099384e+00 2.18e-03 1.34e+02  -3.8 3.31e-02  -0.1 8.38e-01 1.00e+00h  1
CasADi - 2026-10-04 13:16:23 MESSAGE("nlp_g::eval") [.../casadi/core/sx_function.cpp:77]
CasADi - 2026-10-04 13:16:23 MESSAGE("nlp_f::eval") [.../casadi/core/sx_function.cpp:77]
CasADi - 2026-10-04 13:16:23 MESSAGE("nlp_grad_f::eval") [.../casadi/core/sx_function.cpp:77]
CasADi - 2026-10-04 13:16:23 MESSAGE("nlp_jac_g::eval") [.../casadi/core/sx_function.cpp:77]
CasADi - 2026-10-04 13:16:23 MESSAGE("nlp_hess_l::eval") [.../casadi/core/sx_function.cpp:77]
 454  6.8091345e+00 1.02e-03 4.52e+01  -3.8 2.70e-02  -0.5 1.00e+00 7.71e-01h  1
CasADi - 2026-10-04 13:16:23 MESSAGE("nlp_g::eval") [.../casadi/core/sx_function.cpp:77]
CasADi - 2026-10-04 13:16:23 MESSAGE("nlp_f::eval") [.../casadi/core/sx_function.cpp:77]
CasADi - 2026-10-04 13:16:23 MESSAGE("nlp_grad_f::eval") [.../casadi/core/sx_function.cpp:77]
CasADi - 2026-10-04 13:16:23 MESSAGE("nlp_jac_g::eval") [.../casadi/core/sx_function.cpp:77]
CasADi - 2026-10-04 13:16:23 MESSAGE("nlp_hess_l::eval") [.../casadi/core/sx_function.cpp:77]
 455  6.8079161e+00 1.67e-03 8.77e-01  -3.8 2.57e-02  -1.0 1.00e+00 1.00e+00f  1
CasADi - 2026-10-04 13:16:23 MESSAGE("nlp_g::eval") [.../casadi/core/sx_function.cpp:77]
CasADi - 2026-10-04 13:16:23 MESSAGE("nlp_f::eval") [.../casadi/core/sx_function.cpp:77]
CasADi - 2026-10-04 13:16:23 MESSAGE("nlp_grad_f::eval") [.../casadi/core/sx_function.cpp:77]
CasADi - 2026-10-04 13:16:23 MESSAGE("nlp_jac_g::eval") [.../casadi/core/sx_function.cpp:77]
CasADi - 2026-10-04 13:16:23 MESSAGE("nlp_hess_l::eval") [.../casadi/core/sx_function.cpp:77]
 456  6.8060917e+00 8.37e-03 2.99e-02  -3.8 6.46e-02  -1.5 1.00e+00 1.00e+00h  1
CasADi - 2026-10-04 13:16:23 MESSAGE("nlp_g::eval") [.../casadi/core/sx_function.cpp:77]
CasADi - 2026-10-04 13:16:23 MESSAGE("nlp_f::eval") [.../casadi/core/sx_function.cpp:77]
CasADi - 2026-10-04 13:16:23 MESSAGE("nlp_grad_f::eval") [.../casadi/core/sx_function.cpp:77]
CasADi - 2026-10-04 13:16:23 MESSAGE("nlp_jac_g::eval") [.../casadi/core/sx_function.cpp:77]
CasADi - 2026-10-04 13:16:23 MESSAGE("nlp_hess_l::eval") [.../casadi/core/sx_function.cpp:77]
 457  6.8028083e+00 7.79e-02 3.56e+00  -3.8 1.67e-01  -2.0 1.00e+00 9.66e-01h  1
CasADi - 2026-10-04 13:16:23 MESSAGE("nlp_g::eval") [.../casadi/core/sx_function.cpp:77]
CasADi - 2026-10-04 13:16:23 MESSAGE("nlp_f::eval") [.../casadi/core/sx_function.cpp:77]
CasADi - 2026-10-04 13:16:23 MESSAGE("nlp_grad_f::eval") [.../casadi/core/sx_function.cpp:77]
CasADi - 2026-10-04 13:16:23 MESSAGE("nlp_jac_g::eval") [.../casadi/core/sx_function.cpp:77]
CasADi - 2026-10-04 13:16:23 MESSAGE("nlp_hess_l::eval") [.../casadi/core/sx_function.cpp:77]
 458  6.8000245e+00 1.51e-01 5.95e+02  -3.8 1.11e+00  -2.4 7.55e-01 2.18e-01h  1
CasADi - 2026-10-04 13:16:23 MESSAGE("nlp_g::eval") [.../casadi/core/sx_function.cpp:77]
CasADi - 2026-10-04 13:16:23 MESSAGE("nlp_f::eval") [.../casadi/core/sx_function.cpp:77]
CasADi - 2026-10-04 13:16:23 MESSAGE("nlp_grad_f::eval") [.../casadi/core/sx_function.cpp:77]
CasADi - 2026-10-04 13:16:23 MESSAGE("nlp_jac_g::eval") [.../casadi/core/sx_function.cpp:77]
CasADi - 2026-10-04 13:16:23 MESSAGE("nlp_hess_l::eval") [.../casadi/core/sx_function.cpp:77]
 459  6.7963150e+00 1.82e-01 5.63e+02  -3.8 9.02e-01  -2.9 3.36e-01 2.23e-01h  1
CasADi - 2026-10-04 13:16:23 MESSAGE("nlp_g::eval") [.../casadi/core/sx_function.cpp:77]
CasADi - 2026-10-04 13:16:23 MESSAGE("nlp_f::eval") [.../casadi/core/sx_function.cpp:77]
CasADi - 2026-10-04 13:16:23 MESSAGE("nlp_grad_f::eval") [.../casadi/core/sx_function.cpp:77]
CasADi - 2026-10-04 13:16:23 MESSAGE("nlp_jac_g::eval") [.../casadi/core/sx_function.cpp:77]
CasADi - 2026-10-04 13:16:23 MESSAGE("nlp_hess_l::eval") [.../casadi/core/sx_function.cpp:77]
iter    objective    inf_pr   inf_du lg(mu)  ||d||  lg(rg) alpha_du alpha_pr  ls
 460  6.7917752e+00 3.17e-02 1.45e+03  -3.8 1.18e-01  -1.6 1.50e-01 1.00e+00h  1
CasADi - 2026-10-04 13:16:23 MESSAGE("nlp_g::eval") [.../casadi/core/sx_function.cpp:77]
CasADi - 2026-10-04 13:16:23 MESSAGE("nlp_f::eval") [.../casadi/core/sx_function.cpp:77]
CasADi - 2026-10-04 13:16:23 MESSAGE("nlp_grad_f::eval") [.../casadi/core/sx_function.cpp:77]
CasADi - 2026-10-04 13:16:23 MESSAGE("nlp_jac_g::eval") [.../casadi/core/sx_function.cpp:77]
CasADi - 2026-10-04 13:16:23 MESSAGE("nlp_hess_l::eval") [.../casadi/core/sx_function.cpp:77]
 461  6.7919571e+00 4.77e-04 1.68e+02  -3.8 3.16e-02   0.6 7.20e-01 1.00e+00h  1
CasADi - 2026-10-04 13:16:23 MESSAGE("nlp_g::eval") [.../casadi/core/sx_function.cpp:77]
CasADi - 2026-10-04 13:16:23 MESSAGE("nlp_f::eval") [.../casadi/core/sx_function.cpp:77]
CasADi - 2026-10-04 13:16:23 MESSAGE("nlp_grad_f::eval") [.../casadi/core/sx_function.cpp:77]
CasADi - 2026-10-04 13:16:23 MESSAGE("nlp_jac_g::eval") [.../casadi/core/sx_function.cpp:77]
CasADi - 2026-10-04 13:16:23 MESSAGE("nlp_hess_l::eval") [.../casadi/core/sx_function.cpp:77]
 462  6.7916425e+00 3.14e-05 1.58e+00  -3.8 4.53e-03   0.2 1.00e+00 1.00e+00h  1
CasADi - 2026-10-04 13:16:23 MESSAGE("nlp_g::eval") [.../casadi/core/sx_function.cpp:77]
CasADi - 2026-10-04 13:16:23 MESSAGE("nlp_f::eval") [.../casadi/core/sx_function.cpp:77]
CasADi - 2026-10-04 13:16:23 MESSAGE("nlp_grad_f::eval") [.../casadi/core/sx_function.cpp:77]
CasADi - 2026-10-04 13:16:23 MESSAGE("nlp_jac_g::eval") [.../casadi/core/sx_function.cpp:77]
CasADi - 2026-10-04 13:16:23 MESSAGE("nlp_hess_l::eval") [.../casadi/core/sx_function.cpp:77]
 463  6.7913487e+00 1.45e-04 6.01e-02  -3.8 5.65e-03  -0.3 1.00e+00 1.00e+00h  1
CasADi - 2026-10-04 13:16:23 MESSAGE("nlp_g::eval") [.../casadi/core/sx_function.cpp:77]
CasADi - 2026-10-04 13:16:23 MESSAGE("nlp_f::eval") [.../casadi/core/sx_function.cpp:77]
CasADi - 2026-10-04 13:16:23 MESSAGE("nlp_grad_f::eval") [.../casadi/core/sx_function.cpp:77]
CasADi - 2026-10-04 13:16:23 MESSAGE("nlp_jac_g::eval") [.../casadi/core/sx_function.cpp:77]
CasADi - 2026-10-04 13:16:23 MESSAGE("nlp_hess_l::eval") [.../casadi/core/sx_function.cpp:77]
 464  6.7908641e+00 8.72e-04 3.88e-02  -3.8 1.28e-02  -0.8 1.00e+00 1.00e+00h  1
CasADi - 2026-10-04 13:16:23 MESSAGE("nlp_g::eval") [.../casadi/core/sx_function.cpp:77]
CasADi - 2026-10-04 13:16:23 MESSAGE("nlp_f::eval") [.../casadi/core/sx_function.cpp:77]
CasADi - 2026-10-04 13:16:23 MESSAGE("nlp_grad_f::eval") [.../casadi/core/sx_function.cpp:77]
CasADi - 2026-10-04 13:16:23 MESSAGE("nlp_jac_g::eval") [.../casadi/core/sx_function.cpp:77]
CasADi - 2026-10-04 13:16:23 MESSAGE("nlp_hess_l::eval") [.../casadi/core/sx_function.cpp:77]
 465  6.7898096e+00 6.77e-03 2.48e-02  -3.8 4.36e-02  -1.3 1.00e+00 1.00e+00h  1
CasADi - 2026-10-04 13:16:23 MESSAGE("nlp_g::eval") [.../casadi/core/sx_function.cpp:77]
CasADi - 2026-10-04 13:16:23 MESSAGE("nlp_f::eval") [.../casadi/core/sx_function.cpp:77]
CasADi - 2026-10-04 13:16:23 MESSAGE("nlp_grad_f::eval") [.../casadi/core/sx_function.cpp:77]
CasADi - 2026-10-04 13:16:23 MESSAGE("nlp_jac_g::eval") [.../casadi/core/sx_function.cpp:77]
CasADi - 2026-10-04 13:16:23 MESSAGE("nlp_hess_l::eval") [.../casadi/core/sx_function.cpp:77]
 466  6.7869721e+00 6.67e-02 1.31e-01  -3.8 1.45e-01  -1.7 1.00e+00 1.00e+00h  1
CasADi - 2026-10-04 13:16:23 MESSAGE("nlp_g::eval") [.../casadi/core/sx_function.cpp:77]
CasADi - 2026-10-04 13:16:23 MESSAGE("nlp_f::eval") [.../casadi/core/sx_function.cpp:77]
CasADi - 2026-10-04 13:16:23 MESSAGE("nlp_grad_f::eval") [.../casadi/core/sx_function.cpp:77]
CasADi - 2026-10-04 13:16:23 MESSAGE("nlp_jac_g::eval") [.../casadi/core/sx_function.cpp:77]
CasADi - 2026-10-04 13:16:23 MESSAGE("nlp_hess_l::eval") [.../casadi/core/sx_function.cpp:77]
 467  6.7827513e+00 2.20e-01 7.97e+02  -3.8 6.32e-01  -2.2 9.57e-01 4.49e-01h  1
CasADi - 2026-10-04 13:16:23 MESSAGE("nlp_g::eval") [.../casadi/core/sx_function.cpp:77]
CasADi - 2026-10-04 13:16:23 MESSAGE("nlp_f::eval") [.../casadi/core/sx_function.cpp:77]
CasADi - 2026-10-04 13:16:23 MESSAGE("nlp_grad_f::eval") [.../casadi/core/sx_function.cpp:77]
CasADi - 2026-10-04 13:16:23 MESSAGE("nlp_jac_g::eval") [.../casadi/core/sx_function.cpp:77]
CasADi - 2026-10-04 13:16:23 MESSAGE("nlp_hess_l::eval") [.../casadi/core/sx_function.cpp:77]
 468  6.7818477e+00 2.18e-01 2.11e+03  -3.8 2.93e+00  -2.7 1.67e-01 1.59e-02h  1
CasADi - 2026-10-04 13:16:23 MESSAGE("nlp_g::eval") [.../casadi/core/sx_function.cpp:77]
CasADi - 2026-10-04 13:16:23 MESSAGE("nlp_f::eval") [.../casadi/core/sx_function.cpp:77]
CasADi - 2026-10-04 13:16:23 MESSAGE("nlp_grad_f::eval") [.../casadi/core/sx_function.cpp:77]
CasADi - 2026-10-04 13:16:23 MESSAGE("nlp_jac_g::eval") [.../casadi/core/sx_function.cpp:77]
CasADi - 2026-10-04 13:16:23 MESSAGE("nlp_hess_l::eval") [.../casadi/core/sx_function.cpp:77]
 469  6.7788255e+00 1.84e-01 1.50e+03  -3.8 1.46e+00  -3.2 4.11e-01 1.66e-01h  1
CasADi - 2026-10-04 13:16:23 MESSAGE("nlp_g::eval") [.../casadi/core/sx_function.cpp:77]
CasADi - 2026-10-04 13:16:23 MESSAGE("nlp_f::eval") [.../casadi/core/sx_function.cpp:77]
CasADi - 2026-10-04 13:16:23 MESSAGE("nlp_grad_f::eval") [.../casadi/core/sx_function.cpp:77]
CasADi - 2026-10-04 13:16:23 MESSAGE("nlp_jac_g::eval") [.../casadi/core/sx_function.cpp:77]
CasADi - 2026-10-04 13:16:23 MESSAGE("nlp_hess_l::eval") [.../casadi/core/sx_function.cpp:77]
iter    objective    inf_pr   inf_du lg(mu)  ||d||  lg(rg) alpha_du alpha_pr  ls
 470  6.7743670e+00 2.10e-01 2.10e+03  -3.8 5.32e-01  -2.8 7.18e-01 4.52e-01h  1
CasADi - 2026-10-04 13:16:23 MESSAGE("nlp_g::eval") [.../casadi/core/sx_function.cpp:77]
CasADi - 2026-10-04 13:16:23 MESSAGE("nlp_f::eval") [.../casadi/core/sx_function.cpp:77]
CasADi - 2026-10-04 13:16:23 MESSAGE("nlp_g::eval") [.../casadi/core/sx_function.cpp:77]
CasADi - 2026-10-04 13:16:23 MESSAGE("nlp_f::eval") [.../casadi/core/sx_function.cpp:77]
CasADi - 2026-10-04 13:16:23 MESSAGE("nlp_g::eval") [.../casadi/core/sx_function.cpp:77]
CasADi - 2026-10-04 13:16:23 MESSAGE("nlp_f::eval") [.../casadi/core/sx_function.cpp:77]
CasADi - 2026-10-04 13:16:23 MESSAGE("nlp_g::eval") [.../casadi/core/sx_function.cpp:77]
CasADi - 2026-10-04 13:16:23 MESSAGE("nlp_f::eval") [.../casadi/core/sx_function.cpp:77]
CasADi - 2026-10-04 13:16:23 MESSAGE("nlp_grad_f::eval") [.../casadi/core/sx_function.cpp:77]
CasADi - 2026-10-04 13:16:23 MESSAGE("nlp_jac_g::eval") [.../casadi/core/sx_function.cpp:77]
CasADi - 2026-10-04 13:16:23 MESSAGE("nlp_hess_l::eval") [.../casadi/core/sx_function.cpp:77]
 471  6.7751183e+00 1.95e-01 1.38e+03  -3.8 1.00e+00    -  2.73e-01 1.69e-01h  2
CasADi - 2026-10-04 13:16:23 MESSAGE("nlp_g::eval") [.../casadi/core/sx_function.cpp:77]
CasADi - 2026-10-04 13:16:23 MESSAGE("nlp_f::eval") [.../casadi/core/sx_function.cpp:77]
CasADi - 2026-10-04 13:16:23 MESSAGE("nlp_g::eval") [.../casadi/core/sx_function.cpp:77]
CasADi - 2026-10-04 13:16:23 MESSAGE("nlp_f::eval") [.../casadi/core/sx_function.cpp:77]
CasADi - 2026-10-04 13:16:23 MESSAGE("nlp_g::eval") [.../casadi/core/sx_function.cpp:77]
CasADi - 2026-10-04 13:16:23 MESSAGE("nlp_f::eval") [.../casadi/core/sx_function.cpp:77]
CasADi - 2026-10-04 13:16:23 MESSAGE("nlp_grad_f::eval") [.../casadi/core/sx_function.cpp:77]
CasADi - 2026-10-04 13:16:23 MESSAGE("nlp_jac_g::eval") [.../casadi/core/sx_function.cpp:77]
CasADi - 2026-10-04 13:16:23 MESSAGE("nlp_hess_l::eval") [.../casadi/core/sx_function.cpp:77]
 472  6.7739001e+00 1.92e-01 1.35e+04  -3.8 2.08e+00  -3.2 1.28e-01 1.82e-02h  2
CasADi - 2026-10-04 13:16:23 MESSAGE("nlp_g::eval") [.../casadi/core/sx_function.cpp:77]
CasADi - 2026-10-04 13:16:23 MESSAGE("nlp_f::eval") [.../casadi/core/sx_function.cpp:77]
CasADi - 2026-10-04 13:16:23 MESSAGE("nlp_g::eval") [.../casadi/core/sx_function.cpp:77]
CasADi - 2026-10-04 13:16:23 MESSAGE("nlp_f::eval") [.../casadi/core/sx_function.cpp:77]
CasADi - 2026-10-04 13:16:23 MESSAGE("nlp_g::eval") [.../casadi/core/sx_function.cpp:77]
CasADi - 2026-10-04 13:16:23 MESSAGE("nlp_f::eval") [.../casadi/core/sx_function.cpp:77]
CasADi - 2026-10-04 13:16:23 MESSAGE("nlp_grad_f::eval") [.../casadi/core/sx_function.cpp:77]
CasADi - 2026-10-04 13:16:23 MESSAGE("nlp_jac_g::eval") [.../casadi/core/sx_function.cpp:77]
CasADi - 2026-10-04 13:16:23 MESSAGE("nlp_hess_l::eval") [.../casadi/core/sx_function.cpp:77]
 473  6.7734074e+00 1.93e-01 5.30e+04  -3.8 5.54e+00  -2.8 2.44e-02 4.35e-03h  2
CasADi - 2026-10-04 13:16:23 MESSAGE("nlp_g::eval") [.../casadi/core/sx_function.cpp:77]
CasADi - 2026-10-04 13:16:23 MESSAGE("nlp_f::eval") [.../casadi/core/sx_function.cpp:77]
CasADi - 2026-10-04 13:16:23 MESSAGE("nlp_g::eval") [.../casadi/core/sx_function.cpp:77]
CasADi - 2026-10-04 13:16:23 MESSAGE("nlp_f::eval") [.../casadi/core/sx_function.cpp:77]
CasADi - 2026-10-04 13:16:23 MESSAGE("nlp_grad_f::eval") [.../casadi/core/sx_function.cpp:77]
CasADi - 2026-10-04 13:16:23 MESSAGE("nlp_jac_g::eval") [.../casadi/core/sx_function.cpp:77]
CasADi - 2026-10-04 13:16:23 MESSAGE("nlp_hess_l::eval") [.../casadi/core/sx_function.cpp:77]
 474  6.7735766e+00 1.92e-01 2.30e+05  -3.8 7.08e+00  -2.4 3.26e-02 1.53e-03h  2
CasADi - 2026-10-04 13:16:23 MESSAGE("nlp_g::eval") [.../casadi/core/sx_function.cpp:77]
CasADi - 2026-10-04 13:16:23 MESSAGE("nlp_f::eval") [.../casadi/core/sx_function.cpp:77]
CasADi - 2026-10-04 13:16:23 MESSAGE("nlp_g::eval") [.../casadi/core/sx_function.cpp:77]
CasADi - 2026-10-04 13:16:23 MESSAGE("nlp_f::eval") [.../casadi/core/sx_function.cpp:77]
CasADi - 2026-10-04 13:16:23 MESSAGE("nlp_g::eval") [.../casadi/core/sx_function.cpp:77]
CasADi - 2026-10-04 13:16:23 MESSAGE("nlp_f::eval") [.../casadi/core/sx_function.cpp:77]
CasADi - 2026-10-04 13:16:23 MESSAGE("nlp_g::eval") [.../casadi/core/sx_function.cpp:77]
CasADi - 2026-10-04 13:16:23 MESSAGE("nlp_f::eval") [.../casadi/core/sx_function.cpp:77]
CasADi - 2026-10-04 13:16:23 MESSAGE("nlp_g::eval") [.../casadi/core/sx_function.cpp:77]
CasADi - 2026-10-04 13:16:23 MESSAGE("nlp_f::eval") [.../casadi/core/sx_function.cpp:77]
CasADi - 2026-10-04 13:16:23 MESSAGE("nlp_g::eval") [.../casadi/core/sx_function.cpp:77]
CasADi - 2026-10-04 13:16:23 MESSAGE("nlp_f::eval") [.../casadi/core/sx_function.cpp:77]
CasADi - 2026-10-04 13:16:23 MESSAGE("nlp_grad_f::eval") [.../casadi/core/sx_function.cpp:77]
CasADi - 2026-10-04 13:16:23 MESSAGE("nlp_jac_g::eval") [.../casadi/core/sx_function.cpp:77]
CasADi - 2026-10-04 13:16:23 MESSAGE("nlp_hess_l::eval") [.../casadi/core/sx_function.cpp:77]
 475  6.7737080e+00 1.92e-01 3.59e+05  -3.8 3.64e+01  -1.1 8.82e-04 9.54e-05h  5
CasADi - 2026-10-04 13:16:23 MESSAGE("nlp_g::eval") [.../casadi/core/sx_function.cpp:77]
CasADi - 2026-10-04 13:16:23 MESSAGE("nlp_f::eval") [.../casadi/core/sx_function.cpp:77]
CasADi - 2026-10-04 13:16:23 MESSAGE("nlp_grad_f::eval") [.../casadi/core/sx_function.cpp:77]
CasADi - 2026-10-04 13:16:23 MESSAGE("nlp_jac_g::eval") [.../casadi/core/sx_function.cpp:77]
CasADi - 2026-10-04 13:16:23 MESSAGE("nlp_hess_l::eval") [.../casadi/core/sx_function.cpp:77]
 476  6.7733435e+00 1.91e-01 1.72e+06  -3.8 5.01e-01   1.2 1.88e-03 8.33e-03h  1
CasADi - 2026-10-04 13:16:23 MESSAGE("nlp_g::eval") [.../casadi/core/sx_function.cpp:77]
CasADi - 2026-10-04 13:16:23 MESSAGE("nlp_f::eval") [.../casadi/core/sx_function.cpp:77]
CasADi - 2026-10-04 13:16:23 MESSAGE("nlp_grad_f::eval") [.../casadi/core/sx_function.cpp:77]
CasADi - 2026-10-04 13:16:23 MESSAGE("nlp_jac_g::eval") [.../casadi/core/sx_function.cpp:77]
CasADi - 2026-10-04 13:16:23 MESSAGE("nlp_hess_l::eval") [.../casadi/core/sx_function.cpp:77]
 477  6.7736364e+00 1.59e-01 1.43e+06  -3.8 6.88e-02   4.3 2.60e-02 1.67e-01h  1
CasADi - 2026-10-04 13:16:23 MESSAGE("nlp_g::eval") [.../casadi/core/sx_function.cpp:77]
CasADi - 2026-10-04 13:16:23 MESSAGE("nlp_f::eval") [.../casadi/core/sx_function.cpp:77]
CasADi - 2026-10-04 13:16:23 MESSAGE("nlp_grad_f::eval") [.../casadi/core/sx_function.cpp:77]
CasADi - 2026-10-04 13:16:23 MESSAGE("nlp_jac_g::eval") [.../casadi/core/sx_function.cpp:77]
CasADi - 2026-10-04 13:16:23 MESSAGE("nlp_hess_l::eval") [.../casadi/core/sx_function.cpp:77]
 478  6.7736366e+00 1.59e-01 1.43e+06  -3.8 5.72e-02   4.7 3.29e-01 1.60e-04h  1
CasADi - 2026-10-04 13:16:23 MESSAGE("nlp_g::eval") [.../casadi/core/sx_function.cpp:77]
CasADi - 2026-10-04 13:16:23 MESSAGE("nlp_f::eval") [.../casadi/core/sx_function.cpp:77]
CasADi - 2026-10-04 13:16:23 MESSAGE("nlp_grad_f::eval") [.../casadi/core/sx_function.cpp:77]
CasADi - 2026-10-04 13:16:23 MESSAGE("nlp_jac_g::eval") [.../casadi/core/sx_function.cpp:77]
CasADi - 2026-10-04 13:16:23 MESSAGE("nlp_hess_l::eval") [.../casadi/core/sx_function.cpp:77]
 479  6.7736759e+00 1.51e-01 1.36e+06  -3.8 5.67e-02   4.3 3.73e-01 5.00e-02h  1
CasADi - 2026-10-04 13:16:23 MESSAGE("nlp_g::eval") [.../casadi/core/sx_function.cpp:77]
CasADi - 2026-10-04 13:16:23 MESSAGE("nlp_f::eval") [.../casadi/core/sx_function.cpp:77]
CasADi - 2026-10-04 13:16:23 MESSAGE("nlp_grad_f::eval") [.../casadi/core/sx_function.cpp:77]
CasADi - 2026-10-04 13:16:23 MESSAGE("nlp_jac_g::eval") [.../casadi/core/sx_function.cpp:77]
CasADi - 2026-10-04 13:16:23 MESSAGE("nlp_hess_l::eval") [.../casadi/core/sx_function.cpp:77]
iter    objective    inf_pr   inf_du lg(mu)  ||d||  lg(rg) alpha_du alpha_pr  ls
 480  6.7736767e+00 1.51e-01 1.36e+06  -3.8 5.48e-02   4.7 7.87e-01 5.09e-04h  1
CasADi - 2026-10-04 13:16:23 MESSAGE("nlp_g::eval") [.../casadi/core/sx_function.cpp:77]
CasADi - 2026-10-04 13:16:23 MESSAGE("nlp_f::eval") [.../casadi/core/sx_function.cpp:77]
CasADi - 2026-10-04 13:16:23 MESSAGE("nlp_grad_f::eval") [.../casadi/core/sx_function.cpp:77]
CasADi - 2026-10-04 13:16:23 MESSAGE("nlp_jac_g::eval") [.../casadi/core/sx_function.cpp:77]
CasADi - 2026-10-04 13:16:23 MESSAGE("nlp_hess_l::eval") [.../casadi/core/sx_function.cpp:77]
 481  6.7742212e+00 8.03e-02 7.30e+05  -3.8 5.47e-02   4.2 2.04e-01 4.65e-01h  1
CasADi - 2026-10-04 13:16:23 MESSAGE("nlp_g::eval") [.../casadi/core/sx_function.cpp:77]
CasADi - 2026-10-04 13:16:23 MESSAGE("nlp_f::eval") [.../casadi/core/sx_function.cpp:77]
CasADi - 2026-10-04 13:16:23 MESSAGE("nlp_grad_f::eval") [.../casadi/core/sx_function.cpp:77]
CasADi - 2026-10-04 13:16:23 MESSAGE("nlp_jac_g::eval") [.../casadi/core/sx_function.cpp:77]
CasADi - 2026-10-04 13:16:23 MESSAGE("nlp_hess_l::eval") [.../casadi/core/sx_function.cpp:77]
 482  6.7748255e+00 1.99e-02 1.84e+05  -3.8 2.98e-02   4.6 1.00e+00 7.48e-01h  1
CasADi - 2026-10-04 13:16:23 MESSAGE("nlp_g::eval") [.../casadi/core/sx_function.cpp:77]
CasADi - 2026-10-04 13:16:23 MESSAGE("nlp_f::eval") [.../casadi/core/sx_function.cpp:77]
CasADi - 2026-10-04 13:16:23 MESSAGE("nlp_grad_f::eval") [.../casadi/core/sx_function.cpp:77]
CasADi - 2026-10-04 13:16:23 MESSAGE("nlp_jac_g::eval") [.../casadi/core/sx_function.cpp:77]
CasADi - 2026-10-04 13:16:23 MESSAGE("nlp_hess_l::eval") [.../casadi/core/sx_function.cpp:77]
 483  6.7748272e+00 1.99e-02 1.83e+05  -3.8 7.78e-03   5.1 6.91e-01 4.63e-03h  1
CasADi - 2026-10-04 13:16:23 MESSAGE("nlp_g::eval") [.../casadi/core/sx_function.cpp:77]
CasADi - 2026-10-04 13:16:23 MESSAGE("nlp_f::eval") [.../casadi/core/sx_function.cpp:77]
CasADi - 2026-10-04 13:16:23 MESSAGE("nlp_grad_f::eval") [.../casadi/core/sx_function.cpp:77]
CasADi - 2026-10-04 13:16:23 MESSAGE("nlp_jac_g::eval") [.../casadi/core/sx_function.cpp:77]
CasADi - 2026-10-04 13:16:23 MESSAGE("nlp_hess_l::eval") [.../casadi/core/sx_function.cpp:77]
 484  6.7752489e+00 8.97e-05 2.72e+04  -3.8 8.06e-03   4.6 4.67e-02 1.00e+00f  1
CasADi - 2026-10-04 13:16:23 MESSAGE("nlp_g::eval") [.../casadi/core/sx_function.cpp:77]
CasADi - 2026-10-04 13:16:23 MESSAGE("nlp_f::eval") [.../casadi/core/sx_function.cpp:77]
CasADi - 2026-10-04 13:16:23 MESSAGE("nlp_grad_f::eval") [.../casadi/core/sx_function.cpp:77]
CasADi - 2026-10-04 13:16:23 MESSAGE("nlp_jac_g::eval") [.../casadi/core/sx_function.cpp:77]
CasADi - 2026-10-04 13:16:23 MESSAGE("nlp_hess_l::eval") [.../casadi/core/sx_function.cpp:77]
 485  6.7752619e+00 2.60e-07 6.80e+02  -3.8 4.71e-04   4.1 9.98e-01 1.00e+00h  1
CasADi - 2026-10-04 13:16:23 MESSAGE("nlp_g::eval") [.../casadi/core/sx_function.cpp:77]
CasADi - 2026-10-04 13:16:23 MESSAGE("nlp_f::eval") [.../casadi/core/sx_function.cpp:77]
CasADi - 2026-10-04 13:16:23 MESSAGE("nlp_grad_f::eval") [.../casadi/core/sx_function.cpp:77]
CasADi - 2026-10-04 13:16:23 MESSAGE("nlp_jac_g::eval") [.../casadi/core/sx_function.cpp:77]
CasADi - 2026-10-04 13:16:23 MESSAGE("nlp_hess_l::eval") [.../casadi/core/sx_function.cpp:77]
 486  6.7753342e+00 2.47e-05 1.48e+02  -3.8 2.52e-03   3.6 6.17e-01 1.00e+00f  1
CasADi - 2026-10-04 13:16:23 MESSAGE("nlp_g::eval") [.../casadi/core/sx_function.cpp:77]
CasADi - 2026-10-04 13:16:23 MESSAGE("nlp_f::eval") [.../casadi/core/sx_function.cpp:77]
CasADi - 2026-10-04 13:16:23 MESSAGE("nlp_grad_f::eval") [.../casadi/core/sx_function.cpp:77]
CasADi - 2026-10-04 13:16:23 MESSAGE("nlp_jac_g::eval") [.../casadi/core/sx_function.cpp:77]
CasADi - 2026-10-04 13:16:23 MESSAGE("nlp_hess_l::eval") [.../casadi/core/sx_function.cpp:77]
 487  6.7753334e+00 1.17e-07 3.58e+00  -3.8 1.03e-04   3.2 9.99e-01 1.00e+00h  1
CasADi - 2026-10-04 13:16:23 MESSAGE("nlp_g::eval") [.../casadi/core/sx_function.cpp:77]
CasADi - 2026-10-04 13:16:23 MESSAGE("nlp_f::eval") [.../casadi/core/sx_function.cpp:77]
CasADi - 2026-10-04 13:16:23 MESSAGE("nlp_grad_f::eval") [.../casadi/core/sx_function.cpp:77]
CasADi - 2026-10-04 13:16:23 MESSAGE("nlp_jac_g::eval") [.../casadi/core/sx_function.cpp:77]
CasADi - 2026-10-04 13:16:23 MESSAGE("nlp_hess_l::eval") [.../casadi/core/sx_function.cpp:77]
 488  6.7752990e+00 7.55e-08 1.09e-01  -3.8 7.78e-05   2.7 1.00e+00 1.00e+00h  1
CasADi - 2026-10-04 13:16:23 MESSAGE("nlp_g::eval") [.../casadi/core/sx_function.cpp:77]
CasADi - 2026-10-04 13:16:23 MESSAGE("nlp_f::eval") [.../casadi/core/sx_function.cpp:77]
CasADi - 2026-10-04 13:16:23 MESSAGE("nlp_grad_f::eval") [.../casadi/core/sx_function.cpp:77]
CasADi - 2026-10-04 13:16:23 MESSAGE("nlp_jac_g::eval") [.../casadi/core/sx_function.cpp:77]
CasADi - 2026-10-04 13:16:23 MESSAGE("nlp_hess_l::eval") [.../casadi/core/sx_function.cpp:77]
 489  6.7751897e+00 4.27e-07 6.68e-02  -3.8 2.03e-04   2.2 1.00e+00 1.00e+00h  1
CasADi - 2026-10-04 13:16:23 MESSAGE("nlp_g::eval") [.../casadi/core/sx_function.cpp:77]
CasADi - 2026-10-04 13:16:23 MESSAGE("nlp_f::eval") [.../casadi/core/sx_function.cpp:77]
CasADi - 2026-10-04 13:16:23 MESSAGE("nlp_grad_f::eval") [.../casadi/core/sx_function.cpp:77]
CasADi - 2026-10-04 13:16:23 MESSAGE("nlp_jac_g::eval") [.../casadi/core/sx_function.cpp:77]
CasADi - 2026-10-04 13:16:23 MESSAGE("nlp_hess_l::eval") [.../casadi/core/sx_function.cpp:77]
iter    objective    inf_pr   inf_du lg(mu)  ||d||  lg(rg) alpha_du alpha_pr  ls
 490  6.7748545e+00 1.57e-06 3.43e-02  -3.8 3.95e-04   1.7 1.00e+00 1.00e+00h  1
CasADi - 2026-10-04 13:16:23 MESSAGE("nlp_g::eval") [.../casadi/core/sx_function.cpp:77]
CasADi - 2026-10-04 13:16:23 MESSAGE("nlp_f::eval") [.../casadi/core/sx_function.cpp:77]
CasADi - 2026-10-04 13:16:23 MESSAGE("nlp_grad_f::eval") [.../casadi/core/sx_function.cpp:77]
CasADi - 2026-10-04 13:16:23 MESSAGE("nlp_jac_g::eval") [.../casadi/core/sx_function.cpp:77]
CasADi - 2026-10-04 13:16:23 MESSAGE("nlp_hess_l::eval") [.../casadi/core/sx_function.cpp:77]
 491  6.7689884e+00 7.48e-03 4.49e+02  -3.8 4.21e-01    -  4.89e-01 1.61e-01f  1
CasADi - 2026-10-04 13:16:23 MESSAGE("nlp_g::eval") [.../casadi/core/sx_function.cpp:77]
CasADi - 2026-10-04 13:16:23 MESSAGE("nlp_f::eval") [.../casadi/core/sx_function.cpp:77]
CasADi - 2026-10-04 13:16:23 MESSAGE("nlp_grad_f::eval") [.../casadi/core/sx_function.cpp:77]
CasADi - 2026-10-04 13:16:23 MESSAGE("nlp_jac_g::eval") [.../casadi/core/sx_function.cpp:77]
CasADi - 2026-10-04 13:16:23 MESSAGE("nlp_hess_l::eval") [.../casadi/core/sx_function.cpp:77]
 492  6.7638383e+00 5.37e-02 7.69e+02  -3.8 3.64e-01    -  1.00e+00 4.36e-01h  1
CasADi - 2026-10-04 13:16:23 MESSAGE("nlp_g::eval") [.../casadi/core/sx_function.cpp:77]
CasADi - 2026-10-04 13:16:23 MESSAGE("nlp_f::eval") [.../casadi/core/sx_function.cpp:77]
CasADi - 2026-10-04 13:16:23 MESSAGE("nlp_grad_f::eval") [.../casadi/core/sx_function.cpp:77]
CasADi - 2026-10-04 13:16:23 MESSAGE("nlp_jac_g::eval") [.../casadi/core/sx_function.cpp:77]
CasADi - 2026-10-04 13:16:23 MESSAGE("nlp_hess_l::eval") [.../casadi/core/sx_function.cpp:77]
 493  6.7559839e+00 1.96e-01 8.74e+02  -3.8 5.53e-01    -  1.00e+00 7.08e-01h  1
CasADi - 2026-10-04 13:16:23 MESSAGE("nlp_g::eval") [.../casadi/core/sx_function.cpp:77]
CasADi - 2026-10-04 13:16:23 MESSAGE("nlp_f::eval") [.../casadi/core/sx_function.cpp:77]
CasADi - 2026-10-04 13:16:23 MESSAGE("nlp_grad_f::eval") [.../casadi/core/sx_function.cpp:77]
CasADi - 2026-10-04 13:16:23 MESSAGE("nlp_jac_g::eval") [.../casadi/core/sx_function.cpp:77]
CasADi - 2026-10-04 13:16:23 MESSAGE("nlp_hess_l::eval") [.../casadi/core/sx_function.cpp:77]
 494  6.7590620e+00 6.31e-02 1.12e+04  -3.8 3.42e-02   1.2 1.87e-01 6.75e-01h  1
CasADi - 2026-10-04 13:16:23 MESSAGE("nlp_g::eval") [.../casadi/core/sx_function.cpp:77]
CasADi - 2026-10-04 13:16:23 MESSAGE("nlp_f::eval") [.../casadi/core/sx_function.cpp:77]
CasADi - 2026-10-04 13:16:23 MESSAGE("nlp_grad_f::eval") [.../casadi/core/sx_function.cpp:77]
CasADi - 2026-10-04 13:16:23 MESSAGE("nlp_jac_g::eval") [.../casadi/core/sx_function.cpp:77]
CasADi - 2026-10-04 13:16:23 MESSAGE("nlp_hess_l::eval") [.../casadi/core/sx_function.cpp:77]
 495  6.7606173e+00 1.67e-03 9.96e+03  -3.8 1.62e-02   0.8 1.68e-01 1.00e+00h  1
CasADi - 2026-10-04 13:16:23 MESSAGE("nlp_g::eval") [.../casadi/core/sx_function.cpp:77]
CasADi - 2026-10-04 13:16:23 MESSAGE("nlp_f::eval") [.../casadi/core/sx_function.cpp:77]
CasADi - 2026-10-04 13:16:23 MESSAGE("nlp_grad_f::eval") [.../casadi/core/sx_function.cpp:77]
CasADi - 2026-10-04 13:16:23 MESSAGE("nlp_jac_g::eval") [.../casadi/core/sx_function.cpp:77]
CasADi - 2026-10-04 13:16:23 MESSAGE("nlp_hess_l::eval") [.../casadi/core/sx_function.cpp:77]
 496  6.7588430e+00 1.68e-03 8.65e+02  -3.8 1.31e-02   0.3 5.68e-01 1.00e+00h  1
CasADi - 2026-10-04 13:16:23 MESSAGE("nlp_g::eval") [.../casadi/core/sx_function.cpp:77]
CasADi - 2026-10-04 13:16:23 MESSAGE("nlp_f::eval") [.../casadi/core/sx_function.cpp:77]
CasADi - 2026-10-04 13:16:23 MESSAGE("nlp_grad_f::eval") [.../casadi/core/sx_function.cpp:77]
CasADi - 2026-10-04 13:16:23 MESSAGE("nlp_jac_g::eval") [.../casadi/core/sx_function.cpp:77]
CasADi - 2026-10-04 13:16:23 MESSAGE("nlp_hess_l::eval") [.../casadi/core/sx_function.cpp:77]
 497  6.7562073e+00 5.63e-04 8.32e-01  -3.8 1.09e-02  -0.2 1.00e+00 1.00e+00h  1
CasADi - 2026-10-04 13:16:23 MESSAGE("nlp_g::eval") [.../casadi/core/sx_function.cpp:77]
CasADi - 2026-10-04 13:16:23 MESSAGE("nlp_f::eval") [.../casadi/core/sx_function.cpp:77]
CasADi - 2026-10-04 13:16:23 MESSAGE("nlp_grad_f::eval") [.../casadi/core/sx_function.cpp:77]
CasADi - 2026-10-04 13:16:23 MESSAGE("nlp_jac_g::eval") [.../casadi/core/sx_function.cpp:77]
CasADi - 2026-10-04 13:16:23 MESSAGE("nlp_hess_l::eval") [.../casadi/core/sx_function.cpp:77]
 498  6.7482155e+00 1.21e-01 5.40e+02  -3.8 1.53e+00    -  3.28e-01 1.71e-01h  1
CasADi - 2026-10-04 13:16:23 MESSAGE("nlp_g::eval") [.../casadi/core/sx_function.cpp:77]
CasADi - 2026-10-04 13:16:23 MESSAGE("nlp_f::eval") [.../casadi/core/sx_function.cpp:77]
CasADi - 2026-10-04 13:16:23 MESSAGE("nlp_grad_f::eval") [.../casadi/core/sx_function.cpp:77]
CasADi - 2026-10-04 13:16:23 MESSAGE("nlp_jac_g::eval") [.../casadi/core/sx_function.cpp:77]
CasADi - 2026-10-04 13:16:23 MESSAGE("nlp_hess_l::eval") [.../casadi/core/sx_function.cpp:77]
 499  6.7459160e+00 1.16e-01 7.47e+02  -3.8 2.18e+00    -  1.71e-01 5.21e-02h  1
CasADi - 2026-10-04 13:16:23 MESSAGE("nlp_g::eval") [.../casadi/core/sx_function.cpp:77]
CasADi - 2026-10-04 13:16:23 MESSAGE("nlp_f::eval") [.../casadi/core/sx_function.cpp:77]
CasADi - 2026-10-04 13:16:23 MESSAGE("nlp_grad_f::eval") [.../casadi/core/sx_function.cpp:77]
CasADi - 2026-10-04 13:16:23 MESSAGE("nlp_jac_g::eval") [.../casadi/core/sx_function.cpp:77]
CasADi - 2026-10-04 13:16:23 MESSAGE("nlp_hess_l::eval") [.../casadi/core/sx_function.cpp:77]
iter    objective    inf_pr   inf_du lg(mu)  ||d||  lg(rg) alpha_du alpha_pr  ls
 500  6.7398636e+00 3.15e-01 1.64e+03  -3.8 1.47e+00    -  5.37e-01 3.95e-01h  1
CasADi - 2026-10-04 13:16:23 MESSAGE("nlp_g::eval") [.../casadi/core/sx_function.cpp:77]
CasADi - 2026-10-04 13:16:23 MESSAGE("nlp_f::eval") [.../casadi/core/sx_function.cpp:77]
CasADi - 2026-10-04 13:16:23 MESSAGE("nlp_grad_f::eval") [.../casadi/core/sx_function.cpp:77]
CasADi - 2026-10-04 13:16:23 MESSAGE("nlp_jac_g::eval") [.../casadi/core/sx_function.cpp:77]
CasADi - 2026-10-04 13:16:23 MESSAGE("nlp_hess_l::eval") [.../casadi/core/sx_function.cpp:77]
 501  6.7401373e+00 2.97e-01 1.02e+03  -3.8 4.05e-01  -0.7 6.96e-04 5.59e-02h  1
CasADi - 2026-10-04 13:16:23 MESSAGE("nlp_g::eval") [.../casadi/core/sx_function.cpp:77]
CasADi - 2026-10-04 13:16:23 MESSAGE("nlp_f::eval") [.../casadi/core/sx_function.cpp:77]
CasADi - 2026-10-04 13:16:23 MESSAGE("nlp_grad_f::eval") [.../casadi/core/sx_function.cpp:77]
CasADi - 2026-10-04 13:16:23 MESSAGE("nlp_jac_g::eval") [.../casadi/core/sx_function.cpp:77]
CasADi - 2026-10-04 13:16:23 MESSAGE("nlp_hess_l::eval") [.../casadi/core/sx_function.cpp:77]
 502  6.7379247e+00 3.20e-01 1.13e+03  -3.8 6.54e+00    -  2.60e-02 1.60e-02h  1
CasADi - 2026-10-04 13:16:23 MESSAGE("nlp_g::eval") [.../casadi/core/sx_function.cpp:77]
CasADi - 2026-10-04 13:16:23 MESSAGE("nlp_f::eval") [.../casadi/core/sx_function.cpp:77]
CasADi - 2026-10-04 13:16:23 MESSAGE("nlp_grad_f::eval") [.../casadi/core/sx_function.cpp:77]
CasADi - 2026-10-04 13:16:23 MESSAGE("nlp_jac_g::eval") [.../casadi/core/sx_function.cpp:77]
CasADi - 2026-10-04 13:16:23 MESSAGE("nlp_hess_l::eval") [.../casadi/core/sx_function.cpp:77]
 503  6.7366675e+00 2.78e-01 1.05e+03  -3.8 2.26e-01  -1.1 3.44e-02 1.29e-01h  1
CasADi - 2026-10-04 13:16:23 MESSAGE("nlp_g::eval") [.../casadi/core/sx_function.cpp:77]
CasADi - 2026-10-04 13:16:23 MESSAGE("nlp_f::eval") [.../casadi/core/sx_function.cpp:77]
CasADi - 2026-10-04 13:16:23 MESSAGE("nlp_grad_f::eval") [.../casadi/core/sx_function.cpp:77]
CasADi - 2026-10-04 13:16:23 MESSAGE("nlp_jac_g::eval") [.../casadi/core/sx_function.cpp:77]
CasADi - 2026-10-04 13:16:23 MESSAGE("nlp_hess_l::eval") [.../casadi/core/sx_function.cpp:77]
 504  6.7362703e+00 1.94e-01 6.62e+02  -3.8 9.20e-02   0.2 3.10e-01 3.02e-01h  1
CasADi - 2026-10-04 13:16:23 MESSAGE("nlp_g::eval") [.../casadi/core/sx_function.cpp:77]
CasADi - 2026-10-04 13:16:23 MESSAGE("nlp_f::eval") [.../casadi/core/sx_function.cpp:77]
CasADi - 2026-10-04 13:16:23 MESSAGE("nlp_grad_f::eval") [.../casadi/core/sx_function.cpp:77]
CasADi - 2026-10-04 13:16:23 MESSAGE("nlp_jac_g::eval") [.../casadi/core/sx_function.cpp:77]
CasADi - 2026-10-04 13:16:23 MESSAGE("nlp_hess_l::eval") [.../casadi/core/sx_function.cpp:77]
 505  6.7380727e+00 6.47e-02 3.17e+04  -3.8 7.14e-02   0.6 5.84e-02 6.51e-01h  1
CasADi - 2026-10-04 13:16:23 MESSAGE("nlp_g::eval") [.../casadi/core/sx_function.cpp:77]
CasADi - 2026-10-04 13:16:23 MESSAGE("nlp_f::eval") [.../casadi/core/sx_function.cpp:77]
CasADi - 2026-10-04 13:16:23 MESSAGE("nlp_grad_f::eval") [.../casadi/core/sx_function.cpp:77]
CasADi - 2026-10-04 13:16:23 MESSAGE("nlp_jac_g::eval") [.../casadi/core/sx_function.cpp:77]
CasADi - 2026-10-04 13:16:23 MESSAGE("nlp_hess_l::eval") [.../casadi/core/sx_function.cpp:77]
 506  6.7382390e+00 1.47e-03 5.15e+03  -3.8 3.82e-02   0.1 5.79e-01 1.00e+00f  1
CasADi - 2026-10-04 13:16:23 MESSAGE("nlp_g::eval") [.../casadi/core/sx_function.cpp:77]
CasADi - 2026-10-04 13:16:23 MESSAGE("nlp_f::eval") [.../casadi/core/sx_function.cpp:77]
CasADi - 2026-10-04 13:16:23 MESSAGE("nlp_grad_f::eval") [.../casadi/core/sx_function.cpp:77]
CasADi - 2026-10-04 13:16:23 MESSAGE("nlp_jac_g::eval") [.../casadi/core/sx_function.cpp:77]
CasADi - 2026-10-04 13:16:23 MESSAGE("nlp_hess_l::eval") [.../casadi/core/sx_function.cpp:77]
 507  6.7377348e+00 3.66e-05 8.63e+00  -3.8 2.14e-02   0.6 1.00e+00 1.00e+00h  1
CasADi - 2026-10-04 13:16:23 MESSAGE("nlp_g::eval") [.../casadi/core/sx_function.cpp:77]
CasADi - 2026-10-04 13:16:23 MESSAGE("nlp_f::eval") [.../casadi/core/sx_function.cpp:77]
CasADi - 2026-10-04 13:16:23 MESSAGE("nlp_grad_f::eval") [.../casadi/core/sx_function.cpp:77]
CasADi - 2026-10-04 13:16:23 MESSAGE("nlp_jac_g::eval") [.../casadi/core/sx_function.cpp:77]
CasADi - 2026-10-04 13:16:23 MESSAGE("nlp_hess_l::eval") [.../casadi/core/sx_function.cpp:77]
 508  6.7362674e+00 1.27e-04 3.20e+00  -3.8 1.05e-02   0.1 1.00e+00 1.00e+00h  1
CasADi - 2026-10-04 13:16:23 MESSAGE("nlp_g::eval") [.../casadi/core/sx_function.cpp:77]
CasADi - 2026-10-04 13:16:23 MESSAGE("nlp_f::eval") [.../casadi/core/sx_function.cpp:77]
CasADi - 2026-10-04 13:16:23 MESSAGE("nlp_grad_f::eval") [.../casadi/core/sx_function.cpp:77]
CasADi - 2026-10-04 13:16:23 MESSAGE("nlp_jac_g::eval") [.../casadi/core/sx_function.cpp:77]
CasADi - 2026-10-04 13:16:23 MESSAGE("nlp_hess_l::eval") [.../casadi/core/sx_function.cpp:77]
 509  6.7302039e+00 2.71e-02 2.67e+03  -3.8 6.33e-01    -  8.58e-01 2.61e-01h  1
CasADi - 2026-10-04 13:16:23 MESSAGE("nlp_g::eval") [.../casadi/core/sx_function.cpp:77]
CasADi - 2026-10-04 13:16:23 MESSAGE("nlp_f::eval") [.../casadi/core/sx_function.cpp:77]
CasADi - 2026-10-04 13:16:23 MESSAGE("nlp_grad_f::eval") [.../casadi/core/sx_function.cpp:77]
CasADi - 2026-10-04 13:16:23 MESSAGE("nlp_jac_g::eval") [.../casadi/core/sx_function.cpp:77]
CasADi - 2026-10-04 13:16:23 MESSAGE("nlp_hess_l::eval") [.../casadi/core/sx_function.cpp:77]
iter    objective    inf_pr   inf_du lg(mu)  ||d||  lg(rg) alpha_du alpha_pr  ls
 510  6.7235370e+00 1.96e-01 9.62e+02  -3.8 7.06e-01    -  8.75e-01 5.86e-01h  1
CasADi - 2026-10-04 13:16:23 MESSAGE("nlp_g::eval") [.../casadi/core/sx_function.cpp:77]
CasADi - 2026-10-04 13:16:23 MESSAGE("nlp_f::eval") [.../casadi/core/sx_function.cpp:77]
CasADi - 2026-10-04 13:16:23 MESSAGE("nlp_grad_f::eval") [.../casadi/core/sx_function.cpp:77]
CasADi - 2026-10-04 13:16:23 MESSAGE("nlp_jac_g::eval") [.../casadi/core/sx_function.cpp:77]
CasADi - 2026-10-04 13:16:23 MESSAGE("nlp_hess_l::eval") [.../casadi/core/sx_function.cpp:77]
 511  6.7218166e+00 9.56e-02 1.14e+03  -3.8 6.49e-02  -0.4 4.26e-01 5.18e-01h  1
CasADi - 2026-10-04 13:16:23 MESSAGE("nlp_g::eval") [.../casadi/core/sx_function.cpp:77]
CasADi - 2026-10-04 13:16:23 MESSAGE("nlp_f::eval") [.../casadi/core/sx_function.cpp:77]
CasADi - 2026-10-04 13:16:23 MESSAGE("nlp_grad_f::eval") [.../casadi/core/sx_function.cpp:77]
CasADi - 2026-10-04 13:16:23 MESSAGE("nlp_jac_g::eval") [.../casadi/core/sx_function.cpp:77]
CasADi - 2026-10-04 13:16:23 MESSAGE("nlp_hess_l::eval") [.../casadi/core/sx_function.cpp:77]
 512  6.7206184e+00 5.46e-02 6.65e+02  -3.8 5.05e-02  -0.9 1.00e+00 4.40e-01h  1
CasADi - 2026-10-04 13:16:23 MESSAGE("nlp_g::eval") [.../casadi/core/sx_function.cpp:77]
CasADi - 2026-10-04 13:16:23 MESSAGE("nlp_f::eval") [.../casadi/core/sx_function.cpp:77]
CasADi - 2026-10-04 13:16:23 MESSAGE("nlp_grad_f::eval") [.../casadi/core/sx_function.cpp:77]
CasADi - 2026-10-04 13:16:23 MESSAGE("nlp_jac_g::eval") [.../casadi/core/sx_function.cpp:77]
CasADi - 2026-10-04 13:16:23 MESSAGE("nlp_hess_l::eval") [.../casadi/core/sx_function.cpp:77]
 513  6.7162838e+00 7.46e-02 1.24e+03  -3.8 2.99e-01    -  1.00e+00 5.04e-01h  1
CasADi - 2026-10-04 13:16:23 MESSAGE("nlp_g::eval") [.../casadi/core/sx_function.cpp:77]
CasADi - 2026-10-04 13:16:23 MESSAGE("nlp_f::eval") [.../casadi/core/sx_function.cpp:77]
CasADi - 2026-10-04 13:16:23 MESSAGE("nlp_grad_f::eval") [.../casadi/core/sx_function.cpp:77]
CasADi - 2026-10-04 13:16:23 MESSAGE("nlp_jac_g::eval") [.../casadi/core/sx_function.cpp:77]
CasADi - 2026-10-04 13:16:23 MESSAGE("nlp_hess_l::eval") [.../casadi/core/sx_function.cpp:77]
 514  6.7133627e+00 2.59e-01 5.99e+02  -3.8 9.26e-01    -  4.96e-01 7.44e-01h  1
CasADi - 2026-10-04 13:16:23 MESSAGE("nlp_g::eval") [.../casadi/core/sx_function.cpp:77]
CasADi - 2026-10-04 13:16:23 MESSAGE("nlp_f::eval") [.../casadi/core/sx_function.cpp:77]
CasADi - 2026-10-04 13:16:23 MESSAGE("nlp_grad_f::eval") [.../casadi/core/sx_function.cpp:77]
CasADi - 2026-10-04 13:16:23 MESSAGE("nlp_jac_g::eval") [.../casadi/core/sx_function.cpp:77]
CasADi - 2026-10-04 13:16:23 MESSAGE("nlp_hess_l::eval") [.../casadi/core/sx_function.cpp:77]
 515  6.7101987e+00 1.33e-01 3.68e+02  -3.8 1.32e-01  -1.3 2.90e-01 5.13e-01h  1
CasADi - 2026-10-04 13:16:23 MESSAGE("nlp_g::eval") [.../casadi/core/sx_function.cpp:77]
CasADi - 2026-10-04 13:16:23 MESSAGE("nlp_f::eval") [.../casadi/core/sx_function.cpp:77]
CasADi - 2026-10-04 13:16:23 MESSAGE("nlp_grad_f::eval") [.../casadi/core/sx_function.cpp:77]
CasADi - 2026-10-04 13:16:23 MESSAGE("nlp_jac_g::eval") [.../casadi/core/sx_function.cpp:77]
CasADi - 2026-10-04 13:16:23 MESSAGE("nlp_hess_l::eval") [.../casadi/core/sx_function.cpp:77]
 516  6.7111264e+00 8.15e-02 5.16e+02  -3.8 2.00e-01  -0.9 5.98e-01 4.16e-01f  1
CasADi - 2026-10-04 13:16:23 MESSAGE("nlp_g::eval") [.../casadi/core/sx_function.cpp:77]
CasADi - 2026-10-04 13:16:23 MESSAGE("nlp_f::eval") [.../casadi/core/sx_function.cpp:77]
CasADi - 2026-10-04 13:16:23 MESSAGE("nlp_grad_f::eval") [.../casadi/core/sx_function.cpp:77]
CasADi - 2026-10-04 13:16:23 MESSAGE("nlp_jac_g::eval") [.../casadi/core/sx_function.cpp:77]
CasADi - 2026-10-04 13:16:23 MESSAGE("nlp_hess_l::eval") [.../casadi/core/sx_function.cpp:77]
 517  6.7100631e+00 7.88e-02 1.23e+03  -3.8 1.64e+00    -  4.68e-02 3.35e-02h  1
CasADi - 2026-10-04 13:16:24 MESSAGE("nlp_g::eval") [.../casadi/core/sx_function.cpp:77]
CasADi - 2026-10-04 13:16:24 MESSAGE("nlp_f::eval") [.../casadi/core/sx_function.cpp:77]
CasADi - 2026-10-04 13:16:24 MESSAGE("nlp_grad_f::eval") [.../casadi/core/sx_function.cpp:77]
CasADi - 2026-10-04 13:16:24 MESSAGE("nlp_jac_g::eval") [.../casadi/core/sx_function.cpp:77]
CasADi - 2026-10-04 13:16:24 MESSAGE("nlp_hess_l::eval") [.../casadi/core/sx_function.cpp:77]
 518  6.7079392e+00 4.79e-02 1.06e+03  -3.8 2.47e-01    -  1.00e+00 5.12e-01h  1
CasADi - 2026-10-04 13:16:24 MESSAGE("nlp_g::eval") [.../casadi/core/sx_function.cpp:77]
CasADi - 2026-10-04 13:16:24 MESSAGE("nlp_f::eval") [.../casadi/core/sx_function.cpp:77]
CasADi - 2026-10-04 13:16:24 MESSAGE("nlp_grad_f::eval") [.../casadi/core/sx_function.cpp:77]
CasADi - 2026-10-04 13:16:24 MESSAGE("nlp_jac_g::eval") [.../casadi/core/sx_function.cpp:77]
CasADi - 2026-10-04 13:16:24 MESSAGE("nlp_hess_l::eval") [.../casadi/core/sx_function.cpp:77]
 519  6.7050302e+00 1.31e-01 1.31e+03  -3.8 4.51e-01    -  1.00e+00 5.86e-01h  1
CasADi - 2026-10-04 13:16:24 MESSAGE("nlp_g::eval") [.../casadi/core/sx_function.cpp:77]
CasADi - 2026-10-04 13:16:24 MESSAGE("nlp_f::eval") [.../casadi/core/sx_function.cpp:77]
CasADi - 2026-10-04 13:16:24 MESSAGE("nlp_g::eval") [.../casadi/core/sx_function.cpp:77]
CasADi - 2026-10-04 13:16:24 MESSAGE("nlp_f::eval") [.../casadi/core/sx_function.cpp:77]
CasADi - 2026-10-04 13:16:24 MESSAGE("nlp_g::eval") [.../casadi/core/sx_function.cpp:77]
CasADi - 2026-10-04 13:16:24 MESSAGE("nlp_f::eval") [.../casadi/core/sx_function.cpp:77]
CasADi - 2026-10-04 13:16:24 MESSAGE("nlp_grad_f::eval") [.../casadi/core/sx_function.cpp:77]
CasADi - 2026-10-04 13:16:24 MESSAGE("nlp_jac_g::eval") [.../casadi/core/sx_function.cpp:77]
CasADi - 2026-10-04 13:16:24 MESSAGE("nlp_hess_l::eval") [.../casadi/core/sx_function.cpp:77]
iter    objective    inf_pr   inf_du lg(mu)  ||d||  lg(rg) alpha_du alpha_pr  ls
 520  6.7035602e+00 1.44e-01 3.31e+03  -3.8 1.46e+00    -  5.73e-01 1.72e-01h  2
CasADi - 2026-10-04 13:16:24 MESSAGE("nlp_g::eval") [.../casadi/core/sx_function.cpp:77]
CasADi - 2026-10-04 13:16:24 MESSAGE("nlp_f::eval") [.../casadi/core/sx_function.cpp:77]
CasADi - 2026-10-04 13:16:24 MESSAGE("nlp_grad_f::eval") [.../casadi/core/sx_function.cpp:77]
CasADi - 2026-10-04 13:16:24 MESSAGE("nlp_jac_g::eval") [.../casadi/core/sx_function.cpp:77]
CasADi - 2026-10-04 13:16:24 MESSAGE("nlp_hess_l::eval") [.../casadi/core/sx_function.cpp:77]
 521  6.7007469e+00 5.46e-02 1.89e+00  -3.8 8.60e-02  -1.4 1.00e+00 1.00e+00h  1
CasADi - 2026-10-04 13:16:24 MESSAGE("nlp_g::eval") [.../casadi/core/sx_function.cpp:77]
CasADi - 2026-10-04 13:16:24 MESSAGE("nlp_f::eval") [.../casadi/core/sx_function.cpp:77]
CasADi - 2026-10-04 13:16:24 MESSAGE("nlp_g::eval") [.../casadi/core/sx_function.cpp:77]
CasADi - 2026-10-04 13:16:24 MESSAGE("nlp_f::eval") [.../casadi/core/sx_function.cpp:77]
CasADi - 2026-10-04 13:16:24 MESSAGE("nlp_g::eval") [.../casadi/core/sx_function.cpp:77]
CasADi - 2026-10-04 13:16:24 MESSAGE("nlp_f::eval") [.../casadi/core/sx_function.cpp:77]
CasADi - 2026-10-04 13:16:24 MESSAGE("nlp_g::eval") [.../casadi/core/sx_function.cpp:77]
CasADi - 2026-10-04 13:16:24 MESSAGE("nlp_f::eval") [.../casadi/core/sx_function.cpp:77]
CasADi - 2026-10-04 13:16:24 MESSAGE("nlp_grad_f::eval") [.../casadi/core/sx_function.cpp:77]
CasADi - 2026-10-04 13:16:24 MESSAGE("nlp_jac_g::eval") [.../casadi/core/sx_function.cpp:77]
CasADi - 2026-10-04 13:16:24 MESSAGE("nlp_hess_l::eval") [.../casadi/core/sx_function.cpp:77]
 522  6.6993512e+00 6.63e-02 1.17e+03  -3.8 9.52e-01    -  6.06e-01 1.80e-01h  2
CasADi - 2026-10-04 13:16:24 MESSAGE("nlp_g::eval") [.../casadi/core/sx_function.cpp:77]
CasADi - 2026-10-04 13:16:24 MESSAGE("nlp_f::eval") [.../casadi/core/sx_function.cpp:77]
CasADi - 2026-10-04 13:16:24 MESSAGE("nlp_g::eval") [.../casadi/core/sx_function.cpp:77]
CasADi - 2026-10-04 13:16:24 MESSAGE("nlp_f::eval") [.../casadi/core/sx_function.cpp:77]
CasADi - 2026-10-04 13:16:24 MESSAGE("nlp_g::eval") [.../casadi/core/sx_function.cpp:77]
CasADi - 2026-10-04 13:16:24 MESSAGE("nlp_f::eval") [.../casadi/core/sx_function.cpp:77]
CasADi - 2026-10-04 13:16:24 MESSAGE("nlp_g::eval") [.../casadi/core/sx_function.cpp:77]
CasADi - 2026-10-04 13:16:24 MESSAGE("nlp_f::eval") [.../casadi/core/sx_function.cpp:77]
CasADi - 2026-10-04 13:16:24 MESSAGE("nlp_grad_f::eval") [.../casadi/core/sx_function.cpp:77]
CasADi - 2026-10-04 13:16:24 MESSAGE("nlp_jac_g::eval") [.../casadi/core/sx_function.cpp:77]
CasADi - 2026-10-04 13:16:24 MESSAGE("nlp_hess_l::eval") [.../casadi/core/sx_function.cpp:77]
 523  6.6979969e+00 8.22e-02 1.97e+03  -3.8 5.71e-01    -  1.00e+00 4.14e-01h  2
CasADi - 2026-10-04 13:16:24 MESSAGE("nlp_g::eval") [.../casadi/core/sx_function.cpp:77]
CasADi - 2026-10-04 13:16:24 MESSAGE("nlp_f::eval") [.../casadi/core/sx_function.cpp:77]
CasADi - 2026-10-04 13:16:24 MESSAGE("nlp_grad_f::eval") [.../casadi/core/sx_function.cpp:77]
CasADi - 2026-10-04 13:16:24 MESSAGE("nlp_jac_g::eval") [.../casadi/core/sx_function.cpp:77]
CasADi - 2026-10-04 13:16:24 MESSAGE("nlp_hess_l::eval") [.../casadi/core/sx_function.cpp:77]
 524  6.6962426e+00 9.85e-02 5.37e-01  -3.8 2.76e-01    -  1.00e+00 1.00e+00h  1
CasADi - 2026-10-04 13:16:24 MESSAGE("nlp_g::eval") [.../casadi/core/sx_function.cpp:77]
CasADi - 2026-10-04 13:16:24 MESSAGE("nlp_f::eval") [.../casadi/core/sx_function.cpp:77]
CasADi - 2026-10-04 13:16:24 MESSAGE("nlp_grad_f::eval") [.../casadi/core/sx_function.cpp:77]
CasADi - 2026-10-04 13:16:24 MESSAGE("nlp_jac_g::eval") [.../casadi/core/sx_function.cpp:77]
CasADi - 2026-10-04 13:16:24 MESSAGE("nlp_hess_l::eval") [.../casadi/core/sx_function.cpp:77]
 525  6.6945909e+00 2.10e-02 3.29e-01  -3.8 4.80e-02  -1.9 1.00e+00 1.00e+00h  1
CasADi - 2026-10-04 13:16:24 MESSAGE("nlp_g::eval") [.../casadi/core/sx_function.cpp:77]
CasADi - 2026-10-04 13:16:24 MESSAGE("nlp_f::eval") [.../casadi/core/sx_function.cpp:77]
CasADi - 2026-10-04 13:16:24 MESSAGE("nlp_grad_f::eval") [.../casadi/core/sx_function.cpp:77]
CasADi - 2026-10-04 13:16:24 MESSAGE("nlp_jac_g::eval") [.../casadi/core/sx_function.cpp:77]
CasADi - 2026-10-04 13:16:24 MESSAGE("nlp_hess_l::eval") [.../casadi/core/sx_function.cpp:77]
 526  6.6945393e+00 1.05e-03 1.29e-02  -3.8 5.70e-02  -2.3 1.00e+00 1.00e+00h  1
CasADi - 2026-10-04 13:16:24 MESSAGE("nlp_g::eval") [.../casadi/core/sx_function.cpp:77]
CasADi - 2026-10-04 13:16:24 MESSAGE("nlp_f::eval") [.../casadi/core/sx_function.cpp:77]
CasADi - 2026-10-04 13:16:24 MESSAGE("nlp_grad_f::eval") [.../casadi/core/sx_function.cpp:77]
CasADi - 2026-10-04 13:16:24 MESSAGE("nlp_jac_g::eval") [.../casadi/core/sx_function.cpp:77]
CasADi - 2026-10-04 13:16:24 MESSAGE("nlp_hess_l::eval") [.../casadi/core/sx_function.cpp:77]
 527  6.6943465e+00 1.91e-03 2.95e-02  -3.8 3.55e-02  -2.8 1.00e+00 1.00e+00h  1
CasADi - 2026-10-04 13:16:24 MESSAGE("nlp_g::eval") [.../casadi/core/sx_function.cpp:77]
CasADi - 2026-10-04 13:16:24 MESSAGE("nlp_f::eval") [.../casadi/core/sx_function.cpp:77]
CasADi - 2026-10-04 13:16:24 MESSAGE("nlp_g::eval") [.../casadi/core/sx_function.cpp:77]
CasADi - 2026-10-04 13:16:24 MESSAGE("nlp_f::eval") [.../casadi/core/sx_function.cpp:77]
CasADi - 2026-10-04 13:16:24 MESSAGE("nlp_grad_f::eval") [.../casadi/core/sx_function.cpp:77]
CasADi - 2026-10-04 13:16:24 MESSAGE("nlp_jac_g::eval") [.../casadi/core/sx_function.cpp:77]
CasADi - 2026-10-04 13:16:24 MESSAGE("nlp_hess_l::eval") [.../casadi/core/sx_function.cpp:77]
 528  6.6938458e+00 3.36e-03 1.53e+00  -3.8 1.72e-01  -3.3 1.00e+00 1.00e+00H  1
CasADi - 2026-10-04 13:16:24 MESSAGE("nlp_g::eval") [.../casadi/core/sx_function.cpp:77]
CasADi - 2026-10-04 13:16:24 MESSAGE("nlp_f::eval") [.../casadi/core/sx_function.cpp:77]
CasADi - 2026-10-04 13:16:24 MESSAGE("nlp_grad_f::eval") [.../casadi/core/sx_function.cpp:77]
CasADi - 2026-10-04 13:16:24 MESSAGE("nlp_jac_g::eval") [.../casadi/core/sx_function.cpp:77]
CasADi - 2026-10-04 13:16:24 MESSAGE("nlp_hess_l::eval") [.../casadi/core/sx_function.cpp:77]
 529  6.6940616e+00 3.97e-05 9.07e-01  -3.8 1.47e-02    -  1.00e+00 1.00e+00h  1
CasADi - 2026-10-04 13:16:24 MESSAGE("nlp_g::eval") [.../casadi/core/sx_function.cpp:77]
CasADi - 2026-10-04 13:16:24 MESSAGE("nlp_f::eval") [.../casadi/core/sx_function.cpp:77]
CasADi - 2026-10-04 13:16:24 MESSAGE("nlp_grad_f::eval") [.../casadi/core/sx_function.cpp:77]
CasADi - 2026-10-04 13:16:24 MESSAGE("nlp_jac_g::eval") [.../casadi/core/sx_function.cpp:77]
CasADi - 2026-10-04 13:16:24 MESSAGE("nlp_hess_l::eval") [.../casadi/core/sx_function.cpp:77]
iter    objective    inf_pr   inf_du lg(mu)  ||d||  lg(rg) alpha_du alpha_pr  ls
 530  6.6942096e+00 4.75e-05 1.19e-02  -3.8 3.26e-02  -2.9 1.00e+00 1.00e+00h  1
CasADi - 2026-10-04 13:16:24 MESSAGE("nlp_g::eval") [.../casadi/core/sx_function.cpp:77]
CasADi - 2026-10-04 13:16:24 MESSAGE("nlp_f::eval") [.../casadi/core/sx_function.cpp:77]
CasADi - 2026-10-04 13:16:24 MESSAGE("nlp_g::eval") [.../casadi/core/sx_function.cpp:77]
CasADi - 2026-10-04 13:16:24 MESSAGE("nlp_f::eval") [.../casadi/core/sx_function.cpp:77]
CasADi - 2026-10-04 13:16:24 MESSAGE("nlp_g::eval") [.../casadi/core/sx_function.cpp:77]
CasADi - 2026-10-04 13:16:24 MESSAGE("nlp_f::eval") [.../casadi/core/sx_function.cpp:77]
CasADi - 2026-10-04 13:16:24 MESSAGE("nlp_g::eval") [.../casadi/core/sx_function.cpp:77]
CasADi - 2026-10-04 13:16:24 MESSAGE("nlp_f::eval") [.../casadi/core/sx_function.cpp:77]
CasADi - 2026-10-04 13:16:24 MESSAGE("nlp_g::eval") [.../casadi/core/sx_function.cpp:77]
CasADi - 2026-10-04 13:16:24 MESSAGE("nlp_f::eval") [.../casadi/core/sx_function.cpp:77]
CasADi - 2026-10-04 13:16:24 MESSAGE("nlp_g::eval") [.../casadi/core/sx_function.cpp:77]
CasADi - 2026-10-04 13:16:24 MESSAGE("nlp_f::eval") [.../casadi/core/sx_function.cpp:77]
CasADi - 2026-10-04 13:16:24 MESSAGE("nlp_g::eval") [.../casadi/core/sx_function.cpp:77]
CasADi - 2026-10-04 13:16:24 MESSAGE("nlp_f::eval") [.../casadi/core/sx_function.cpp:77]
CasADi - 2026-10-04 13:16:24 MESSAGE("nlp_grad_f::eval") [.../casadi/core/sx_function.cpp:77]
CasADi - 2026-10-04 13:16:24 MESSAGE("nlp_jac_g::eval") [.../casadi/core/sx_function.cpp:77]
CasADi - 2026-10-04 13:16:24 MESSAGE("nlp_hess_l::eval") [.../casadi/core/sx_function.cpp:77]
 531  6.6941884e+00 4.73e-05 2.84e+03  -3.8 5.65e+00  -3.4 7.48e-02 1.55e-03h  6
CasADi - 2026-10-04 13:16:24 MESSAGE("nlp_g::eval") [.../casadi/core/sx_function.cpp:77]
CasADi - 2026-10-04 13:16:24 MESSAGE("nlp_f::eval") [.../casadi/core/sx_function.cpp:77]
CasADi - 2026-10-04 13:16:24 MESSAGE("nlp_grad_f::eval") [.../casadi/core/sx_function.cpp:77]
CasADi - 2026-10-04 13:16:24 MESSAGE("nlp_jac_g::eval") [.../casadi/core/sx_function.cpp:77]
CasADi - 2026-10-04 13:16:24 MESSAGE("nlp_hess_l::eval") [.../casadi/core/sx_function.cpp:77]
 532  6.6942112e+00 1.40e-04 5.02e-03  -3.8 3.66e-02  -2.9 1.00e+00 1.00e+00h  1
CasADi - 2026-10-04 13:16:24 MESSAGE("nlp_g::eval") [.../casadi/core/sx_function.cpp:77]
CasADi - 2026-10-04 13:16:24 MESSAGE("nlp_f::eval") [.../casadi/core/sx_function.cpp:77]
CasADi - 2026-10-04 13:16:24 MESSAGE("nlp_grad_f::eval") [.../casadi/core/sx_function.cpp:77]
CasADi - 2026-10-04 13:16:24 MESSAGE("nlp_jac_g::eval") [.../casadi/core/sx_function.cpp:77]
CasADi - 2026-10-04 13:16:24 MESSAGE("nlp_hess_l::eval") [.../casadi/core/sx_function.cpp:77]
 533  6.6941043e+00 3.17e-06 2.09e-02  -3.8 9.96e-03    -  1.00e+00 1.00e+00h  1
CasADi - 2026-10-04 13:16:24 MESSAGE("nlp_g::eval") [.../casadi/core/sx_function.cpp:77]
CasADi - 2026-10-04 13:16:24 MESSAGE("nlp_f::eval") [.../casadi/core/sx_function.cpp:77]
CasADi - 2026-10-04 13:16:24 MESSAGE("nlp_grad_f::eval") [.../casadi/core/sx_function.cpp:77]
CasADi - 2026-10-04 13:16:24 MESSAGE("nlp_jac_g::eval") [.../casadi/core/sx_function.cpp:77]
CasADi - 2026-10-04 13:16:24 MESSAGE("nlp_hess_l::eval") [.../casadi/core/sx_function.cpp:77]
 534  6.6941094e+00 2.97e-07 1.11e-04  -3.8 1.21e-03    -  1.00e+00 1.00e+00h  1
CasADi - 2026-10-04 13:16:24 MESSAGE("nlp_g::eval") [.../casadi/core/sx_function.cpp:77]
CasADi - 2026-10-04 13:16:24 MESSAGE("nlp_f::eval") [.../casadi/core/sx_function.cpp:77]
CasADi - 2026-10-04 13:16:24 MESSAGE("nlp_grad_f::eval") [.../casadi/core/sx_function.cpp:77]
CasADi - 2026-10-04 13:16:24 MESSAGE("nlp_jac_g::eval") [.../casadi/core/sx_function.cpp:77]
CasADi - 2026-10-04 13:16:24 MESSAGE("nlp_hess_l::eval") [.../casadi/core/sx_function.cpp:77]
 535  6.6704672e+00 4.35e-02 2.10e+01  -5.7 5.15e-01    -  4.18e-01 4.26e-01f  1
CasADi - 2026-10-04 13:16:24 MESSAGE("nlp_g::eval") [.../casadi/core/sx_function.cpp:77]
CasADi - 2026-10-04 13:16:24 MESSAGE("nlp_f::eval") [.../casadi/core/sx_function.cpp:77]
CasADi - 2026-10-04 13:16:24 MESSAGE("nlp_grad_f::eval") [.../casadi/core/sx_function.cpp:77]
CasADi - 2026-10-04 13:16:24 MESSAGE("nlp_jac_g::eval") [.../casadi/core/sx_function.cpp:77]
CasADi - 2026-10-04 13:16:24 MESSAGE("nlp_hess_l::eval") [.../casadi/core/sx_function.cpp:77]
 536  6.6638205e+00 1.19e-01 1.82e+02  -5.7 1.05e+00    -  2.16e-01 1.73e-01h  1
CasADi - 2026-10-04 13:16:24 MESSAGE("nlp_g::eval") [.../casadi/core/sx_function.cpp:77]
CasADi - 2026-10-04 13:16:24 MESSAGE("nlp_f::eval") [.../casadi/core/sx_function.cpp:77]
CasADi - 2026-10-04 13:16:24 MESSAGE("nlp_grad_f::eval") [.../casadi/core/sx_function.cpp:77]
CasADi - 2026-10-04 13:16:24 MESSAGE("nlp_jac_g::eval") [.../casadi/core/sx_function.cpp:77]
CasADi - 2026-10-04 13:16:24 MESSAGE("nlp_hess_l::eval") [.../casadi/core/sx_function.cpp:77]
 537  6.6541481e+00 9.57e-02 4.09e+02  -5.7 4.48e-01    -  4.16e-01 3.21e-01h  1
CasADi - 2026-10-04 13:16:24 MESSAGE("nlp_g::eval") [.../casadi/core/sx_function.cpp:77]
CasADi - 2026-10-04 13:16:24 MESSAGE("nlp_f::eval") [.../casadi/core/sx_function.cpp:77]
CasADi - 2026-10-04 13:16:24 MESSAGE("nlp_grad_f::eval") [.../casadi/core/sx_function.cpp:77]
CasADi - 2026-10-04 13:16:24 MESSAGE("nlp_jac_g::eval") [.../casadi/core/sx_function.cpp:77]
CasADi - 2026-10-04 13:16:24 MESSAGE("nlp_hess_l::eval") [.../casadi/core/sx_function.cpp:77]
 538  6.6514611e+00 8.43e-02 1.09e+03  -5.7 6.29e-01    -  4.26e-01 1.19e-01h  1
CasADi - 2026-10-04 13:16:24 MESSAGE("nlp_g::eval") [.../casadi/core/sx_function.cpp:77]
CasADi - 2026-10-04 13:16:24 MESSAGE("nlp_f::eval") [.../casadi/core/sx_function.cpp:77]
CasADi - 2026-10-04 13:16:24 MESSAGE("nlp_grad_f::eval") [.../casadi/core/sx_function.cpp:77]
CasADi - 2026-10-04 13:16:24 MESSAGE("nlp_jac_g::eval") [.../casadi/core/sx_function.cpp:77]
CasADi - 2026-10-04 13:16:24 MESSAGE("nlp_hess_l::eval") [.../casadi/core/sx_function.cpp:77]
 539  6.6434530e+00 4.81e-02 6.16e+02  -5.7 2.87e-01    -  4.34e-01 4.36e-01h  1
CasADi - 2026-10-04 13:16:24 MESSAGE("nlp_g::eval") [.../casadi/core/sx_function.cpp:77]
CasADi - 2026-10-04 13:16:24 MESSAGE("nlp_f::eval") [.../casadi/core/sx_function.cpp:77]
CasADi - 2026-10-04 13:16:24 MESSAGE("nlp_grad_f::eval") [.../casadi/core/sx_function.cpp:77]
CasADi - 2026-10-04 13:16:24 MESSAGE("nlp_jac_g::eval") [.../casadi/core/sx_function.cpp:77]
CasADi - 2026-10-04 13:16:24 MESSAGE("nlp_hess_l::eval") [.../casadi/core/sx_function.cpp:77]
iter    objective    inf_pr   inf_du lg(mu)  ||d||  lg(rg) alpha_du alpha_pr  ls
 540  6.6403827e+00 3.49e-02 7.32e+02  -5.7 1.46e-01    -  5.08e-01 2.70e-01h  1
CasADi - 2026-10-04 13:16:24 MESSAGE("nlp_g::eval") [.../casadi/core/sx_function.cpp:77]
CasADi - 2026-10-04 13:16:24 MESSAGE("nlp_f::eval") [.../casadi/core/sx_function.cpp:77]
CasADi - 2026-10-04 13:16:24 MESSAGE("nlp_grad_f::eval") [.../casadi/core/sx_function.cpp:77]
CasADi - 2026-10-04 13:16:24 MESSAGE("nlp_jac_g::eval") [.../casadi/core/sx_function.cpp:77]
CasADi - 2026-10-04 13:16:24 MESSAGE("nlp_hess_l::eval") [.../casadi/core/sx_function.cpp:77]
 541  6.6359925e+00 1.56e-02 3.68e+02  -5.7 1.45e-01    -  6.03e-01 5.54e-01h  1
CasADi - 2026-10-04 13:16:24 MESSAGE("nlp_g::eval") [.../casadi/core/sx_function.cpp:77]
CasADi - 2026-10-04 13:16:24 MESSAGE("nlp_f::eval") [.../casadi/core/sx_function.cpp:77]
CasADi - 2026-10-04 13:16:24 MESSAGE("nlp_grad_f::eval") [.../casadi/core/sx_function.cpp:77]
CasADi - 2026-10-04 13:16:24 MESSAGE("nlp_jac_g::eval") [.../casadi/core/sx_function.cpp:77]
CasADi - 2026-10-04 13:16:24 MESSAGE("nlp_hess_l::eval") [.../casadi/core/sx_function.cpp:77]
 542  6.6333207e+00 6.10e-03 2.47e+03  -5.7 8.73e-02    -  3.01e-01 7.79e-01h  1
CasADi - 2026-10-04 13:16:24 MESSAGE("nlp_g::eval") [.../casadi/core/sx_function.cpp:77]
CasADi - 2026-10-04 13:16:24 MESSAGE("nlp_f::eval") [.../casadi/core/sx_function.cpp:77]
CasADi - 2026-10-04 13:16:24 MESSAGE("nlp_grad_f::eval") [.../casadi/core/sx_function.cpp:77]
CasADi - 2026-10-04 13:16:24 MESSAGE("nlp_jac_g::eval") [.../casadi/core/sx_function.cpp:77]
CasADi - 2026-10-04 13:16:24 MESSAGE("nlp_hess_l::eval") [.../casadi/core/sx_function.cpp:77]
 543  6.6326487e+00 1.48e-03 4.33e+02  -5.7 2.33e-02  -3.4 2.32e-01 7.76e-01h  1
CasADi - 2026-10-04 13:16:24 MESSAGE("nlp_g::eval") [.../casadi/core/sx_function.cpp:77]
CasADi - 2026-10-04 13:16:24 MESSAGE("nlp_f::eval") [.../casadi/core/sx_function.cpp:77]
CasADi - 2026-10-04 13:16:24 MESSAGE("nlp_grad_f::eval") [.../casadi/core/sx_function.cpp:77]
CasADi - 2026-10-04 13:16:24 MESSAGE("nlp_jac_g::eval") [.../casadi/core/sx_function.cpp:77]
CasADi - 2026-10-04 13:16:24 MESSAGE("nlp_hess_l::eval") [.../casadi/core/sx_function.cpp:77]
 544  6.6325542e+00 6.87e-04 3.05e+02  -5.7 2.22e-02    -  2.49e-01 5.37e-01f  1
CasADi - 2026-10-04 13:16:24 MESSAGE("nlp_g::eval") [.../casadi/core/sx_function.cpp:77]
CasADi - 2026-10-04 13:16:24 MESSAGE("nlp_f::eval") [.../casadi/core/sx_function.cpp:77]
CasADi - 2026-10-04 13:16:24 MESSAGE("nlp_grad_f::eval") [.../casadi/core/sx_function.cpp:77]
CasADi - 2026-10-04 13:16:24 MESSAGE("nlp_jac_g::eval") [.../casadi/core/sx_function.cpp:77]
CasADi - 2026-10-04 13:16:24 MESSAGE("nlp_hess_l::eval") [.../casadi/core/sx_function.cpp:77]
 545  6.6324925e+00 3.80e-05 9.70e-03  -5.7 1.54e-02    -  1.00e+00 1.00e+00f  1
CasADi - 2026-10-04 13:16:24 MESSAGE("nlp_g::eval") [.../casadi/core/sx_function.cpp:77]
CasADi - 2026-10-04 13:16:24 MESSAGE("nlp_f::eval") [.../casadi/core/sx_function.cpp:77]
CasADi - 2026-10-04 13:16:24 MESSAGE("nlp_g::eval") [.../casadi/core/sx_function.cpp:77]
CasADi - 2026-10-04 13:16:24 MESSAGE("nlp_f::eval") [.../casadi/core/sx_function.cpp:77]
CasADi - 2026-10-04 13:16:24 MESSAGE("nlp_grad_f::eval") [.../casadi/core/sx_function.cpp:77]
CasADi - 2026-10-04 13:16:24 MESSAGE("nlp_jac_g::eval") [.../casadi/core/sx_function.cpp:77]
CasADi - 2026-10-04 13:16:24 MESSAGE("nlp_hess_l::eval") [.../casadi/core/sx_function.cpp:77]
 546  6.6324853e+00 6.42e-05 2.16e-03  -5.7 1.90e-02    -  1.00e+00 1.00e+00H  1
CasADi - 2026-10-04 13:16:24 MESSAGE("nlp_g::eval") [.../casadi/core/sx_function.cpp:77]
CasADi - 2026-10-04 13:16:24 MESSAGE("nlp_f::eval") [.../casadi/core/sx_function.cpp:77]
CasADi - 2026-10-04 13:16:24 MESSAGE("nlp_g::eval") [.../casadi/core/sx_function.cpp:77]
CasADi - 2026-10-04 13:16:24 MESSAGE("nlp_f::eval") [.../casadi/core/sx_function.cpp:77]
CasADi - 2026-10-04 13:16:24 MESSAGE("nlp_grad_f::eval") [.../casadi/core/sx_function.cpp:77]
CasADi - 2026-10-04 13:16:24 MESSAGE("nlp_jac_g::eval") [.../casadi/core/sx_function.cpp:77]
CasADi - 2026-10-04 13:16:24 MESSAGE("nlp_hess_l::eval") [.../casadi/core/sx_function.cpp:77]
 547  6.6324866e+00 3.38e-06 1.37e-04  -5.7 6.96e-03    -  1.00e+00 1.00e+00H  1
CasADi - 2026-10-04 13:16:24 MESSAGE("nlp_g::eval") [.../casadi/core/sx_function.cpp:77]
CasADi - 2026-10-04 13:16:24 MESSAGE("nlp_f::eval") [.../casadi/core/sx_function.cpp:77]
CasADi - 2026-10-04 13:16:24 MESSAGE("nlp_grad_f::eval") [.../casadi/core/sx_function.cpp:77]
CasADi - 2026-10-04 13:16:24 MESSAGE("nlp_jac_g::eval") [.../casadi/core/sx_function.cpp:77]
CasADi - 2026-10-04 13:16:24 MESSAGE("nlp_hess_l::eval") [.../casadi/core/sx_function.cpp:77]
 548  6.6324867e+00 1.96e-07 8.24e-07  -5.7 3.18e-04    -  1.00e+00 1.00e+00h  1
CasADi - 2026-10-04 13:16:24 MESSAGE("nlp_g::eval") [.../casadi/core/sx_function.cpp:77]
CasADi - 2026-10-04 13:16:24 MESSAGE("nlp_f::eval") [.../casadi/core/sx_function.cpp:77]
CasADi - 2026-10-04 13:16:24 MESSAGE("nlp_grad_f::eval") [.../casadi/core/sx_function.cpp:77]
CasADi - 2026-10-04 13:16:24 MESSAGE("nlp_jac_g::eval") [.../casadi/core/sx_function.cpp:77]
CasADi - 2026-10-04 13:16:24 MESSAGE("nlp_hess_l::eval") [.../casadi/core/sx_function.cpp:77]
 549  6.6320034e+00 7.35e-05 1.18e+01  -8.0 5.48e-02    -  7.46e-01 6.81e-01h  1
CasADi - 2026-10-04 13:16:24 MESSAGE("nlp_g::eval") [.../casadi/core/sx_function.cpp:77]
CasADi - 2026-10-04 13:16:24 MESSAGE("nlp_f::eval") [.../casadi/core/sx_function.cpp:77]
CasADi - 2026-10-04 13:16:24 MESSAGE("nlp_grad_f::eval") [.../casadi/core/sx_function.cpp:77]
CasADi - 2026-10-04 13:16:24 MESSAGE("nlp_jac_g::eval") [.../casadi/core/sx_function.cpp:77]
CasADi - 2026-10-04 13:16:24 MESSAGE("nlp_hess_l::eval") [.../casadi/core/sx_function.cpp:77]
iter    objective    inf_pr   inf_du lg(mu)  ||d||  lg(rg) alpha_du alpha_pr  ls
 550  6.6318769e+00 5.30e-05 7.69e+00  -8.0 8.18e-02    -  6.58e-01 5.98e-01h  1
CasADi - 2026-10-04 13:16:24 MESSAGE("nlp_g::eval") [.../casadi/core/sx_function.cpp:77]
CasADi - 2026-10-04 13:16:24 MESSAGE("nlp_f::eval") [.../casadi/core/sx_function.cpp:77]
CasADi - 2026-10-04 13:16:24 MESSAGE("nlp_grad_f::eval") [.../casadi/core/sx_function.cpp:77]
CasADi - 2026-10-04 13:16:24 MESSAGE("nlp_jac_g::eval") [.../casadi/core/sx_function.cpp:77]
CasADi - 2026-10-04 13:16:24 MESSAGE("nlp_hess_l::eval") [.../casadi/core/sx_function.cpp:77]
 551  6.6318262e+00 2.46e-05 5.50e+00  -8.0 4.83e-02    -  7.17e-01 6.07e-01h  1
CasADi - 2026-10-04 13:16:24 MESSAGE("nlp_g::eval") [.../casadi/core/sx_function.cpp:77]
CasADi - 2026-10-04 13:16:24 MESSAGE("nlp_f::eval") [.../casadi/core/sx_function.cpp:77]
CasADi - 2026-10-04 13:16:24 MESSAGE("nlp_grad_f::eval") [.../casadi/core/sx_function.cpp:77]
CasADi - 2026-10-04 13:16:24 MESSAGE("nlp_jac_g::eval") [.../casadi/core/sx_function.cpp:77]
CasADi - 2026-10-04 13:16:24 MESSAGE("nlp_hess_l::eval") [.../casadi/core/sx_function.cpp:77]
 552  6.6318017e+00 6.92e-06 1.14e+00  -8.0 5.19e-02    -  7.28e-01 7.58e-01h  1
CasADi - 2026-10-04 13:16:24 MESSAGE("nlp_g::eval") [.../casadi/core/sx_function.cpp:77]
CasADi - 2026-10-04 13:16:24 MESSAGE("nlp_f::eval") [.../casadi/core/sx_function.cpp:77]
CasADi - 2026-10-04 13:16:24 MESSAGE("nlp_grad_f::eval") [.../casadi/core/sx_function.cpp:77]
CasADi - 2026-10-04 13:16:24 MESSAGE("nlp_jac_g::eval") [.../casadi/core/sx_function.cpp:77]
CasADi - 2026-10-04 13:16:24 MESSAGE("nlp_hess_l::eval") [.../casadi/core/sx_function.cpp:77]
 553  6.6317941e+00 4.99e-07 3.10e+00  -8.0 1.78e-02    -  6.35e-01 1.00e+00h  1
CasADi - 2026-10-04 13:16:24 MESSAGE("nlp_g::eval") [.../casadi/core/sx_function.cpp:77]
CasADi - 2026-10-04 13:16:24 MESSAGE("nlp_f::eval") [.../casadi/core/sx_function.cpp:77]
CasADi - 2026-10-04 13:16:24 MESSAGE("nlp_grad_f::eval") [.../casadi/core/sx_function.cpp:77]
CasADi - 2026-10-04 13:16:24 MESSAGE("nlp_jac_g::eval") [.../casadi/core/sx_function.cpp:77]
CasADi - 2026-10-04 13:16:24 MESSAGE("nlp_hess_l::eval") [.../casadi/core/sx_function.cpp:77]
 554  6.6317941e+00 1.33e-08 4.69e-06  -8.0 3.38e-03    -  1.00e+00 1.00e+00h  1
CasADi - 2026-10-04 13:16:24 MESSAGE("nlp_g::eval") [.../casadi/core/sx_function.cpp:77]
CasADi - 2026-10-04 13:16:24 MESSAGE("nlp_f::eval") [.../casadi/core/sx_function.cpp:77]
CasADi - 2026-10-04 13:16:24 MESSAGE("nlp_grad_f::eval") [.../casadi/core/sx_function.cpp:77]
CasADi - 2026-10-04 13:16:24 MESSAGE("nlp_jac_g::eval") [.../casadi/core/sx_function.cpp:77]
 555  6.6317941e+00 5.44e-10 7.28e-08  -8.0 4.40e-04    -  1.00e+00 1.00e+00h  1

Number of Iterations....: 555

                                   (scaled)                 (unscaled)
Objective...............:   6.6317940718983355e+00    6.6317940718983355e+00
Dual infeasibility......:   7.2806637043884570e-08    7.2806637043884570e-08
Constraint violation....:   5.4401719240537716e-10    5.4401719240537716e-10
Variable bound violation:   9.5714176696940918e-09    9.5714176696940918e-09
Complementarity.........:   9.1202540263812248e-09    9.1202540263812248e-09
Overall NLP error.......:   7.2806637043884570e-08    7.2806637043884570e-08


Number of objective function evaluations             = 717
Number of objective gradient evaluations             = 514
Number of equality constraint evaluations            = 717
Number of inequality constraint evaluations          = 717
Number of equality constraint Jacobian evaluations   = 567
Number of inequality constraint Jacobian evaluations = 567
Number of Lagrangian Hessian evaluations             = 555
Total seconds in IPOPT                               = 23.044

EXIT: Optimal Solution Found.
      solver  :   t_proc      (avg)   t_wall      (avg)    n_eval
       nlp_f  |  11.22ms ( 15.65us)  11.23ms ( 15.67us)       717
       nlp_g  | 234.56ms (327.15us) 236.32ms (329.59us)       717
  nlp_grad_f  |  12.61ms ( 24.50us)  12.64ms ( 24.54us)       515
  nlp_hess_l  |   2.03 s (  3.73ms)   2.06 s (  3.79ms)       544
   nlp_jac_g  | 488.13ms (859.39us) 504.54ms (888.27us)       568
       total  |  22.47 s ( 22.47 s)  23.04 s ( 23.04 s)         1
INFO: Laptime: 6.320s
INFO: NLP solving time: 23.045s
INFO: Maximum abs(ay): 7.61m/s2
INFO: Maximum ax: 3.23m/s2
INFO: Minimum ax: -4.58m/s2
INFO: Maximum total acc: 7.83m/s2
INFO: Energy consumption: 0.055Wh
INFO: Estimated laptime: 6.25s
INFO: Runtime from import to final trajectory was 25.11s
WARNING: Minimum distance to boundaries is estimated to 0.35m. Keep in mind that the distance can also lie on the outside of the track!
WARNING: Since ggv-diagram was not given the according checks cannot be performed!
INFO: Finished export of trajectory: 13:16:24
