t_s,lap,x,y,yaw,speed_mps,cmd_speed_mps,cmd_steer_rad,min_wall_dist_m
0.034,0,0.8,3.158,-1.5707,0.0,0.0,0.0,0.441
0.085,0,0.8,3.158,-1.5707,0.0,0.0,0.0,0.441
0.134,0,0.8,3.158,-1.5707,0.0,0.0,0.0,0.441
0.185,0,0.8,3.158,-1.5707,0.0,0.0,0.0,0.441
0.236,0,0.8,3.158,-1.5707,0.0,0.0,0.0,0.441
0.286,0,0.8,3.158,-1.5707,0.0,0.0,0.0,0.441
0.334,0,0.8,3.158,-1.5707,0.0,0.0,0.0,0.441
0.384,0,0.8,3.158,-1.5707,0.0,0.0,0.0,0.441
0.434,0,0.8,3.158,-1.5707,0.0,0.0,0.0,0.441
0.484,0,0.8,3.158,-1.5707,0.0,0.0,0.0,0.441
0.534,0,0.8,3.158,-1.5707,0.0,0.0,0.0,0.441
0.584,0,0.8,3.158,-1.5707,0.0,0.0,0.0,0.441
0.634,0,0.8,3.158,-1.5707,0.0,0.0,0.0,0.441
0.684,0,0.8,3.158,-1.5707,0.0,0.0,0.0,0.441
0.734,0,0.8,3.158,-1.5707,0.0,0.0,0.0,0.441
0.784,0,0.8,3.158,-1.5707,0.0,0.0,0.0,0.441
0.834,0,0.8,3.158,-1.5707,0.0,0.0,0.0,0.441
0.884,0,0.8,3.158,-1.5707,0.0,0.0,0.0,0.441
0.935,0,0.8,3.158,-1.5707,0.0,0.0,0.0,0.441
0.985,0,0.8,3.158,-1.5707,0.0,0.0,0.0,0.441
1.034,0,0.8,3.158,-1.5707,0.0,0.0,0.0,0.441
1.084,0,0.8,3.158,-1.5707,0.0,0.0,0.0,0.441
1.134,0,0.8,3.158,-1.5707,0.0,0.0,0.0,0.441
1.187,0,0.8,3.158,-1.5707,0.0,0.0,0.0,0.441
1.234,0,0.8,3.158,-1.5707,0.0,0.0,0.0,0.441
1.284,0,0.8,3.158,-1.5707,0.0,0.0,0.0,0.441
1.334,0,0.8,3.158,-1.5707,0.0,0.0,0.0,0.441
1.384,0,0.8,3.158,-1.5707,0.0,0.0,0.0,0.441
1.434,0,0.8,3.158,-1.5707,0.0,0.0,0.0,0.441
1.484,0,0.8,3.158,-1.5707,0.0,0.0,0.0,0.441
1.534,0,0.8,3.158,-1.5707,0.0,0.0,0.0,0.441
1.584,0,0.8,3.158,-1.5707,0.0,0.0,0.0,0.441
1.634,0,0.8,3.158,-1.5707,0.0,0.0,0.0,0.441
1.685,0,0.8,3.158,-1.5707,0.0,0.0,0.0,0.441
1.736,0,0.8,3.158,-1.5707,0.0,0.0,0.0,0.441
1.785,0,0.8,3.158,-1.5707,0.0,0.0,0.0,0.441
1.835,0,0.8,3.158,-1.5707,0.0,0.0,0.0,0.441
1.886,0,0.8,3.158,-1.5707,0.0,0.0,0.0,0.441
1.936,0,0.8,3.158,-1.5707,0.0,0.0,0.0,0.441
1.984,0,0.8,3.158,-1.5707,0.0,0.0,0.0,0.441
2.034,0,0.8,3.158,-1.5707,0.0,0.0,0.0,0.441
2.084,0,0.8,3.158,-1.5707,0.0,0.0,0.0,0.441
2.134,0,0.8,3.158,-1.5707,0.0,0.0,0.0,0.441
2.184,0,0.8,3.158,-1.5707,0.0,0.0,0.0,0.441
2.234,0,0.8,3.158,-1.5707,0.0,0.0,0.0,0.441
2.284,0,0.8,3.158,-1.5707,0.0,0.0,0.0,0.441
2.336,0,0.8,3.158,-1.5707,0.0,0.0,0.0,0.441
2.385,0,0.8,3.158,-1.5707,0.0,0.0,0.0,0.441
2.434,0,0.8,3.158,-1.5707,0.0,0.0,0.0,0.441
2.485,0,0.8,3.158,-1.5707,0.0,0.0,0.0,0.441
2.537,0,0.8,3.158,-1.5707,0.0,0.0,0.0,0.441
2.585,0,0.8,3.158,-1.5707,0.0,0.0,0.0,0.441
2.634,0,0.8,3.158,-1.5707,0.0,0.0,0.0,0.441
2.684,0,0.8,3.158,-1.5707,0.0,0.0,0.0,0.441
2.737,0,0.8,3.158,-1.5707,0.0,0.0,0.0,0.441
2.785,0,0.8,3.158,-1.5707,0.0,0.0,0.0,0.441
2.835,0,0.8,3.158,-1.5707,0.0,0.0,0.0,0.441
2.886,0,0.8,3.158,-1.5707,0.0,0.0,0.0,0.441
2.937,0,0.8,3.158,-1.5707,0.0,0.0,0.0,0.441
2.984,0,0.8,3.158,-1.5707,0.0,0.0,0.0,0.441
3.034,0,0.8,3.158,-1.5707,0.0,0.0,0.0,0.441
3.085,0,0.8,3.158,-1.5707,0.0,0.0,0.0,0.441
3.135,0,0.8,3.158,-1.5707,0.0,0.0,0.0,0.441
3.185,0,0.8,3.158,-1.5707,0.0,0.0,0.0,0.441
3.238,0,0.8,3.158,-1.5707,0.0,0.0,0.0,0.441
3.286,0,0.8,3.158,-1.5707,0.0,0.0,0.0,0.441
3.335,0,0.8,3.158,-1.5707,0.0,0.0,0.0,0.441
3.384,0,0.8,3.158,-1.5707,0.0,0.0,0.0,0.441
3.434,0,0.8,3.158,-1.5707,0.0,0.0,0.0,0.441
3.484,0,0.8,3.158,-1.5707,0.0,0.0,0.0,0.441
3.534,0,0.8,3.158,-1.5707,0.0,0.0,0.0,0.441
3.586,0,0.8,3.158,-1.5707,0.0,0.0,0.0,0.441
3.635,0,0.8,3.158,-1.5707,0.0,0.0,0.0,0.441
3.684,0,0.8,3.158,-1.5707,0.0,0.0,0.0,0.441
3.736,0,0.8,3.158,-1.5707,0.0,0.0,0.0,0.441
3.786,0,0.8,3.158,-1.5707,0.0,0.0,0.0,0.441
3.837,0,0.8,3.158,-1.5707,0.0,0.0,0.0,0.441
3.886,0,0.8,3.158,-1.5707,0.0,0.0,0.0,0.441
3.935,0,0.8,3.158,-1.5707,0.0,0.0,0.0,0.441
3.985,0,0.8,3.158,-1.5707,0.0,0.0,0.0,0.441
4.034,0,0.8,3.158,-1.5707,0.0,0.0,0.0,0.441
4.084,0,0.801,3.158,-1.5707,0.0,0.0,0.0,0.441
4.134,0,0.801,3.158,-1.5707,0.0,0.0,0.0,0.441
4.187,0,0.801,3.158,-1.5707,0.0,0.0,0.0,0.441
4.234,0,0.801,3.158,-1.5707,0.0,0.0,0.0,0.441
4.284,0,0.801,3.158,-1.5707,0.0,0.0,0.0,0.441
4.337,0,0.801,3.158,-1.5707,0.0,0.0,0.0,0.441
4.385,0,0.801,3.158,-1.5707,0.0,0.0,0.0,0.441
4.434,0,0.801,3.158,-1.5707,0.0,0.0,0.0,0.441
4.484,0,0.801,3.158,-1.5707,0.0,0.0,0.0,0.441
4.534,0,0.801,3.158,-1.5707,0.0,0.0,0.0,0.441
4.585,0,0.801,3.158,-1.5707,0.0,0.0,0.0,0.441
4.634,0,0.801,3.158,-1.5707,0.0,0.0,0.0,0.441
4.685,0,0.801,3.158,-1.5707,0.0,0.0,0.0,0.441
4.734,0,0.801,3.158,-1.5707,0.0,0.0,0.0,0.441
4.784,0,0.801,3.158,-1.5707,0.0,0.0,0.0,0.441
4.834,0,0.801,3.158,-1.5707,0.0,0.0,0.0,0.441
4.886,0,0.801,3.158,-1.5707,0.0,0.0,0.0,0.441
4.936,0,0.801,3.158,-1.5707,0.0,0.0,0.0,0.441
4.984,0,0.801,3.158,-1.5707,0.0,0.0,0.0,0.441
5.034,0,0.801,3.158,-1.5707,0.0,0.0,0.0,0.441
5.084,0,0.801,3.158,-1.5707,0.0,0.0,0.0,0.441
5.134,0,0.801,3.158,-1.5707,0.0,0.0,0.0,0.441
5.185,0,0.801,3.158,-1.5707,0.0,0.0,0.0,0.441
5.234,0,0.801,3.158,-1.5707,0.0,0.0,0.0,0.441
5.284,0,0.801,3.158,-1.5707,0.0,0.0,0.0,0.441
5.336,0,0.801,3.158,-1.5707,0.0,0.0,0.0,0.441
5.386,0,0.801,3.158,-1.5707,0.0,0.0,0.0,0.441
5.435,0,0.801,3.158,-1.5707,0.0,0.0,0.0,0.441
5.484,0,0.801,3.158,-1.5707,0.0,0.0,0.0,0.441
5.535,0,0.801,3.158,-1.5707,0.0,0.0,0.0,0.441
5.584,0,0.801,3.158,-1.5707,0.0,0.0,0.0,0.441
5.635,0,0.801,3.158,-1.5707,0.0,0.0,0.0,0.441
5.684,0,0.801,3.158,-1.5707,0.0,0.0,0.0,0.441
5.737,0,0.801,3.158,-1.5707,0.0,0.0,0.0,0.441
5.784,0,0.801,3.158,-1.5707,0.0,0.0,0.0,0.441
5.834,0,0.801,3.158,-1.5707,0.0,0.0,0.0,0.441
5.884,0,0.801,3.158,-1.5707,0.0,0.0,0.0,0.441
5.935,0,0.801,3.158,-1.5707,0.0,0.0,0.0,0.441
5.986,0,0.801,3.158,-1.5707,0.0,0.0,0.0,0.441
6.035,0,0.801,3.158,-1.5707,0.0,0.0,0.0,0.441
6.085,0,0.801,3.158,-1.5707,0.0,0.0,0.0,0.441
6.135,0,0.801,3.158,-1.5707,0.0,0.0,0.0,0.441
6.184,0,0.801,3.158,-1.5707,0.0,0.0,0.0,0.441
6.234,0,0.801,3.158,-1.5707,0.0,0.0,0.0,0.441
6.284,0,0.801,3.158,-1.5707,0.0,2.282,0.1422,0.441
6.334,1,0.801,3.151,-1.5696,0.212,2.282,0.1426,0.441
6.384,1,0.801,3.138,-1.5661,0.36,2.282,0.1469,0.441
6.434,1,0.801,3.111,-1.5545,0.632,2.282,0.1393,0.441
6.484,1,0.802,3.071,-1.5383,0.88,2.282,0.1436,0.441
6.534,1,0.806,3.002,-1.5109,1.191,2.314,0.1262,0.442
6.585,1,0.812,2.928,-1.4841,1.442,2.345,0.1018,0.446
6.634,1,0.821,2.847,-1.4561,1.7,2.345,0.0899,0.433
6.685,1,0.832,2.761,-1.4307,1.936,2.377,0.0532,0.404
6.735,1,0.851,2.645,-1.4065,2.295,2.41,0.0171,0.37
6.785,1,0.865,2.562,-1.3979,2.375,2.441,-0.0043,0.334
6.835,1,0.893,2.412,-1.3934,2.489,2.504,-0.0531,0.301
6.884,1,0.915,2.285,-1.3979,2.519,2.535,-0.0735,0.27
6.934,1,0.929,2.2,-1.4123,2.553,2.565,-0.0776,0.246
6.984,1,0.951,2.027,-1.4538,2.607,2.625,-0.0784,0.227
7.034,1,0.963,1.896,-1.4832,2.65,2.655,-0.0647,0.214
7.084,1,0.97,1.803,-1.5045,2.675,2.685,-0.0474,0.203
7.134,1,0.977,1.638,-1.5346,2.719,2.743,-0.0433,0.194
7.184,1,0.98,1.509,-1.5527,2.749,2.772,-0.0216,0.194
7.234,1,0.98,1.353,-1.5705,2.793,2.801,-0.0133,0.198
7.286,1,0.979,1.22,-1.5784,2.832,2.858,-0.0,0.201
7.334,1,0.977,1.059,-1.5815,2.875,2.886,0.0048,0.202
7.385,1,0.976,0.922,-1.5815,2.918,2.942,0.0086,0.202
7.434,1,0.975,0.786,-1.5797,2.955,2.969,0.0129,0.201
7.486,1,0.974,0.646,-1.5758,2.993,3.023,0.022,0.198
7.537,1,0.974,0.476,-1.5672,3.036,3.049,0.0275,0.194
7.585,1,0.975,0.369,-1.5616,3.058,3.102,0.0259,0.187
7.636,1,0.979,0.18,-1.5459,3.104,3.128,0.0216,0.177
7.684,1,0.985,0.004,-1.5336,3.144,3.179,0.0221,0.166
7.735,1,0.992,-0.155,-1.5233,3.191,3.204,0.0129,0.153
7.784,1,1.001,-0.319,-1.5134,3.222,3.254,0.0098,0.139
7.834,1,1.011,-0.475,-1.5079,3.271,3.303,0.0,0.125
7.884,1,1.022,-0.64,-1.5049,3.301,3.328,0.0,0.11
7.934,1,1.032,-0.796,-1.5038,3.347,3.376,-0.0043,0.097
7.984,1,1.046,-0.995,-1.5041,3.387,3.424,-0.0129,0.083
8.035,1,1.056,-1.152,-1.5077,3.426,3.448,-0.0172,0.071
8.084,1,1.065,-1.308,-1.5146,3.465,3.495,-0.0267,0.062
8.136,1,1.072,-1.465,-1.5242,3.497,3.541,-0.0259,0.055
8.185,1,1.079,-1.662,-1.5393,3.531,3.563,-0.0307,0.052
8.234,1,1.083,-1.83,-1.5535,3.577,3.629,-0.0361,0.052
8.285,1,1.083,-2.025,-1.5719,3.616,3.635,-0.0361,0.055
8.334,1,1.081,-2.208,-1.5904,3.656,3.613,-0.0363,0.059
8.385,1,1.075,-2.398,-1.6056,3.672,3.553,-0.0388,0.062
8.434,1,1.067,-2.545,-1.625,3.65,3.495,-0.0436,0.08
8.485,1,1.053,-2.747,-1.6485,3.61,3.467,-0.0451,0.102
8.535,1,1.037,-2.913,-1.6713,3.559,3.377,-0.0448,0.126
8.584,1,1.013,-3.116,-1.6999,3.505,3.346,-0.0345,0.154
8.634,1,0.984,-3.312,-1.7222,3.44,3.281,-0.0388,0.183
8.684,1,0.959,-3.463,-1.7376,3.396,3.211,-0.0437,0.216
8.734,1,0.942,-3.559,-1.7479,3.362,3.175,-0.0388,0.26
8.784,1,0.899,-3.775,-1.7765,3.276,3.1,-0.0302,0.309
8.834,1,0.862,-3.939,-1.7957,3.206,3.022,-0.0353,0.362
8.885,1,0.826,-4.093,-1.8078,3.163,2.981,-0.0389,0.398
8.934,1,0.801,-4.189,-1.8206,3.104,2.896,-0.0388,0.428
8.989,1,0.747,-4.386,-1.8436,3.032,2.852,-0.0394,0.461
9.034,1,0.709,-4.515,-1.8551,2.985,2.807,-0.0388,0.495
9.084,1,0.669,-4.643,-1.8757,2.912,2.713,-0.0356,0.525
9.134,1,0.621,-4.79,-1.8937,2.839,2.615,-0.0487,0.549
9.184,1,0.577,-4.916,-1.9078,2.778,2.565,-0.0474,0.575
9.234,1,0.535,-5.03,-1.9259,2.701,2.459,-0.0603,0.602
9.284,1,0.474,-5.188,-1.9485,2.616,2.403,-0.0655,0.631
9.334,1,0.425,-5.304,-1.9723,2.513,2.345,-0.0706,0.664
9.384,1,0.378,-5.41,-1.9961,2.444,2.286,-0.0692,0.708
9.434,1,0.318,-5.534,-2.0278,2.361,2.224,-0.074,0.735
9.484,1,0.269,-5.629,-2.051,2.308,2.092,-0.0893,0.727
9.534,1,0.217,-5.725,-2.0792,2.203,2.029,-0.099,0.717
9.585,1,0.17,-5.805,-2.1007,2.157,1.974,-0.1007,0.708
9.634,1,0.12,-5.886,-2.1296,2.06,1.923,-0.1081,0.7
9.685,1,0.07,-5.962,-2.161,2.018,1.878,-0.1132,0.684
9.734,1,-0.003,-6.065,-2.1988,1.955,1.834,-0.1197,0.666
9.785,1,-0.052,-6.129,-2.2282,1.93,1.794,-0.1365,0.652
9.834,1,-0.125,-6.218,-2.2694,1.86,1.756,-0.1602,0.639
9.885,1,-0.187,-6.287,-2.311,1.816,1.719,-0.1723,0.628
9.934,1,-0.245,-6.345,-2.349,1.782,1.684,-0.1667,0.618
9.984,1,-0.315,-6.411,-2.4038,1.738,1.65,-0.1903,0.599
10.034,1,-0.376,-6.463,-2.4399,1.707,1.619,-0.2021,0.577
10.085,1,-0.434,-6.508,-2.4828,1.689,1.619,-0.1773,0.558
10.134,1,-0.516,-6.566,-2.5415,1.661,1.558,-0.241,0.54
10.184,1,-0.567,-6.598,-2.5761,1.639,1.558,-0.2126,0.526
10.234,1,-0.634,-6.638,-2.6232,1.599,1.53,-0.2239,0.512
10.284,1,-0.721,-6.681,-2.6943,1.569,1.504,-0.2233,0.5
10.334,1,-0.772,-6.704,-2.7316,1.552,1.48,-0.2229,0.483
10.385,1,-0.859,-6.737,-2.7891,1.538,1.46,-0.2709,0.457
10.434,1,-0.93,-6.76,-2.8417,1.497,1.46,-0.2459,0.427
10.484,1,-0.995,-6.776,-2.8964,1.49,1.444,-0.2454,0.396
10.537,1,-1.06,-6.789,-2.9475,1.478,1.432,-0.2484,0.365
10.584,1,-1.137,-6.8,-3.0071,1.474,1.424,-0.2609,0.332
10.634,1,-1.222,-6.808,-3.0728,1.457,1.419,-0.2449,0.301
10.684,1,-1.286,-6.81,-3.1146,1.456,1.419,-0.2372,0.277
10.734,1,-1.351,-6.809,3.1207,1.452,1.417,-0.2377,0.258
10.784,1,-1.438,-6.802,3.0569,1.449,1.422,-0.2327,0.241
10.834,1,-1.516,-6.792,2.9988,1.453,1.429,-0.2497,0.217
10.884,1,-1.562,-6.784,2.9715,1.454,1.429,-0.233,0.208
10.934,1,-1.649,-6.765,2.9062,1.46,1.442,-0.233,0.192
10.984,1,-1.72,-6.744,2.8539,1.466,1.46,-0.2448,0.179
11.034,1,-1.783,-6.723,2.8054,1.483,1.46,-0.2214,0.168
11.084,1,-1.846,-6.697,2.756,1.491,1.481,-0.198,0.16
11.134,1,-1.923,-6.662,2.6969,1.511,1.503,-0.2102,0.156
11.184,1,-1.997,-6.623,2.6535,1.526,1.525,-0.2342,0.155
11.234,1,-2.045,-6.595,2.6073,1.544,1.546,-0.2494,0.155
11.284,1,-2.103,-6.557,2.5591,1.557,1.546,-0.2376,0.149
11.334,1,-2.175,-6.505,2.4996,1.57,1.567,-0.2147,0.147
11.384,1,-2.247,-6.445,2.4372,1.588,1.586,-0.2394,0.15
11.434,1,-2.295,-6.4,2.3839,1.605,1.604,-0.2399,0.155
11.484,1,-2.362,-6.33,2.3196,1.623,1.622,-0.2539,0.153
11.534,1,-2.409,-6.275,2.2664,1.634,1.622,-0.2244,0.151
11.584,1,-2.462,-6.204,2.1963,1.649,1.638,-0.2385,0.155
11.634,1,-2.496,-6.152,2.1512,1.657,1.652,-0.2402,0.16
11.684,1,-2.553,-6.055,2.0692,1.671,1.665,-0.2491,0.16
11.734,1,-2.578,-6.004,2.0303,1.681,1.674,-0.2148,0.161
11.784,1,-2.608,-5.933,1.9674,1.696,1.684,-0.2015,0.166
11.834,1,-2.647,-5.824,1.8949,1.713,1.699,-0.2017,0.157
11.884,1,-2.67,-5.747,1.8491,1.718,1.726,-0.2157,0.153
11.935,1,-2.688,-5.673,1.8061,1.737,1.726,-0.1955,0.149
11.984,1,-2.704,-5.591,1.7556,1.755,1.764,-0.1903,0.148
12.034,1,-2.715,-5.512,1.7053,1.784,1.803,-0.1704,0.164
12.084,1,-2.725,-5.405,1.6505,1.798,1.842,-0.1808,0.178
12.134,1,-2.728,-5.316,1.5996,1.854,1.879,-0.1576,0.191
12.184,1,-2.727,-5.226,1.5559,1.889,1.914,-0.1556,0.201
12.234,1,-2.722,-5.142,1.5133,1.934,1.946,-0.1467,0.218
12.284,1,-2.709,-5.014,1.4512,1.962,1.977,-0.1377,0.269
12.334,1,-2.696,-4.927,1.4144,2.0,2.006,-0.1199,0.287
12.384,1,-2.679,-4.838,1.3817,2.023,2.034,-0.1201,0.324
12.435,1,-2.659,-4.746,1.3477,2.056,2.062,-0.1142,0.367
12.484,1,-2.639,-4.668,1.324,2.067,2.09,-0.104,0.388
12.534,1,-2.6,-4.535,1.2757,2.111,2.119,-0.1021,0.451
12.584,1,-2.566,-4.434,1.2399,2.139,2.149,-0.0878,0.486
12.634,1,-2.532,-4.343,1.2115,2.17,2.214,-0.0755,0.474
12.686,1,-2.488,-4.233,1.1798,2.19,2.214,-0.069,0.464
12.734,1,-2.438,-4.119,1.1563,2.237,2.282,-0.059,0.454
12.784,1,-2.395,-4.026,1.1354,2.266,2.315,-0.0485,0.447
12.834,1,-2.333,-3.9,1.1143,2.324,2.348,-0.0382,0.439
12.884,1,-2.299,-3.83,1.1054,2.341,2.381,-0.0213,0.432
12.934,1,-2.225,-3.689,1.0895,2.391,2.413,-0.0144,0.422
12.984,1,-2.172,-3.588,1.0834,2.43,2.477,0.0092,0.42
13.034,1,-2.116,-3.484,1.0839,2.48,2.509,0.0172,0.412
13.084,1,-2.059,-3.375,1.0877,2.514,2.54,0.0302,0.403
13.134,1,-2.006,-3.271,1.095,2.546,2.571,0.0431,0.391
13.184,1,-1.938,-3.138,1.1131,2.591,2.632,0.0653,0.375
13.234,1,-1.898,-3.053,1.1296,2.627,2.662,0.0647,0.353
13.284,1,-1.838,-2.92,1.1537,2.656,2.692,0.069,0.327
13.334,1,-1.784,-2.791,1.182,2.693,2.721,0.0711,0.297
13.385,1,-1.735,-2.664,1.2086,2.725,2.771,0.0862,0.263
13.434,1,-1.684,-2.515,1.2498,2.771,2.789,0.0733,0.223
13.484,1,-1.644,-2.384,1.2828,2.802,2.818,0.0824,0.182
13.534,1,-1.623,-2.308,1.2983,2.814,2.829,0.0819,0.139
13.585,1,-1.588,-2.171,1.3358,2.839,2.838,0.075,0.1
13.634,1,-1.55,-1.987,1.3728,2.857,2.851,0.0905,0.089
13.684,1,-1.527,-1.848,1.4085,2.866,2.856,0.0776,0.082
13.734,1,-1.507,-1.697,1.4482,2.879,2.864,0.084,0.084
13.784,1,-1.495,-1.58,1.4781,2.885,2.868,0.0733,0.091
13.834,1,-1.484,-1.407,1.5133,2.892,2.876,0.0963,0.093
13.884,1,-1.48,-1.259,1.5519,2.896,2.88,0.0819,0.12
13.934,1,-1.481,-1.123,1.5866,2.903,2.889,0.0819,0.141
13.985,1,-1.487,-0.992,1.6174,2.908,2.894,0.078,0.159
14.034,1,-1.498,-0.847,1.6519,2.916,2.899,0.069,0.173
14.084,1,-1.518,-0.667,1.6949,2.924,2.91,0.0823,0.211
14.134,1,-1.54,-0.522,1.7272,2.931,2.921,0.0784,0.242
14.184,1,-1.564,-0.386,1.7555,2.938,2.928,0.0733,0.257
14.234,1,-1.593,-0.251,1.7864,2.948,2.934,0.0647,0.285
14.284,1,-1.626,-0.116,1.816,2.956,2.946,0.0665,0.308
14.334,1,-1.673,0.053,1.8512,2.966,2.952,0.0517,0.327
14.385,1,-1.702,0.149,1.8669,2.972,2.962,0.0302,0.342
14.434,1,-1.758,0.319,1.8912,2.981,2.967,0.0172,0.353
14.485,1,-1.806,0.458,1.9031,2.99,2.976,-0.0044,0.361
14.534,1,-1.856,0.602,1.9052,2.999,3.0,-0.0129,0.362
14.584,1,-1.903,0.739,1.9017,3.012,3.051,-0.0388,0.362
14.634,1,-1.952,0.883,1.8902,3.041,3.077,-0.0487,0.363
14.684,1,-1.999,1.035,1.8715,3.073,3.115,-0.0517,0.365
14.735,1,-2.03,1.139,1.8544,3.098,3.084,-0.061,0.37
14.784,1,-2.087,1.353,1.8156,3.121,3.052,-0.0571,0.389
14.834,1,-2.11,1.453,1.8023,3.116,2.986,-0.0517,0.408
14.884,1,-2.152,1.652,1.7707,3.074,2.952,-0.0539,0.402
14.934,1,-2.168,1.739,1.7553,3.038,2.878,-0.0517,0.397
14.984,1,-2.199,1.925,1.728,2.978,2.838,-0.0474,0.391
15.034,1,-2.218,2.061,1.7047,2.909,2.756,-0.0431,0.379
15.084,1,-2.236,2.218,1.6869,2.87,2.713,-0.0399,0.367
15.135,1,-2.251,2.358,1.6708,2.804,2.622,-0.0474,0.354
15.184,1,-2.262,2.484,1.6547,2.744,2.573,-0.0517,0.339
15.234,1,-2.271,2.61,1.6377,2.68,2.474,-0.0603,0.33
15.284,1,-2.277,2.751,1.6158,2.603,2.423,-0.0654,0.317
15.334,1,-2.281,2.865,1.5968,2.535,2.369,-0.0603,0.301
15.384,1,-2.281,3.011,1.5678,2.451,2.316,-0.0559,0.283
15.434,1,-2.28,3.119,1.5504,2.389,2.259,-0.0642,0.262
15.484,1,-2.275,3.245,1.5275,2.328,2.141,-0.0851,0.24
15.534,1,-2.267,3.362,1.4981,2.223,2.08,-0.0901,0.216
15.584,1,-2.258,3.458,1.4766,2.182,2.015,-0.1058,0.202
15.634,1,-2.248,3.553,1.4532,2.125,1.95,-0.1212,0.186
15.684,1,-2.231,3.669,1.4197,2.054,1.888,-0.1207,0.172
15.734,1,-2.215,3.757,1.388,1.989,1.828,-0.1479,0.161
15.784,1,-2.19,3.868,1.3398,1.879,1.775,-0.1435,0.153
15.834,1,-2.169,3.946,1.3063,1.823,1.725,-0.1673,0.147
15.886,1,-2.154,3.996,1.2838,1.802,1.725,-0.1547,0.145
15.934,1,-2.114,4.113,1.2193,1.749,1.64,-0.1904,0.143
15.985,1,-2.08,4.198,1.1789,1.72,1.603,-0.2022,0.138
16.035,1,-2.044,4.274,1.1299,1.642,1.567,-0.2137,0.136
16.084,1,-2.001,4.355,1.0712,1.605,1.567,-0.1939,0.141
16.134,1,-1.964,4.418,1.0315,1.588,1.533,-0.2117,0.146
16.184,1,-1.923,4.482,0.9838,1.559,1.501,-0.2236,0.149
16.234,1,-1.883,4.536,0.9411,1.527,1.472,-0.2226,0.143
16.284,1,-1.835,4.597,0.8869,1.496,1.445,-0.2576,0.139
16.334,1,-1.788,4.65,0.8378,1.467,1.445,-0.2453,0.137
16.384,1,-1.73,4.708,0.7693,1.457,1.423,-0.2447,0.14
16.434,1,-1.679,4.753,0.7277,1.444,1.405,-0.2564,0.136
16.484,1,-1.631,4.792,0.6765,1.424,1.391,-0.2679,0.129
16.534,1,-1.58,4.83,0.6288,1.417,1.381,-0.2849,0.125
16.584,1,-1.503,4.879,0.5498,1.395,1.381,-0.2553,0.124
16.634,1,-1.453,4.907,0.5083,1.393,1.376,-0.2669,0.129
16.684,1,-1.389,4.939,0.457,1.394,1.376,-0.2925,0.132
16.734,1,-1.316,4.97,0.3844,1.38,1.381,-0.2902,0.119
16.784,1,-1.258,4.991,0.3323,1.383,1.381,-0.281,0.113
16.834,1,-1.196,5.009,0.2753,1.388,1.392,-0.2785,0.105
16.884,1,-1.135,5.023,0.2303,1.393,1.408,-0.2905,0.101
16.934,1,-1.055,5.038,0.1622,1.4,1.408,-0.267,0.103
16.984,1,-0.989,5.045,0.1078,1.41,1.425,-0.279,0.109
17.034,1,-0.913,5.049,0.0476,1.427,1.442,-0.2924,0.112
17.084,1,-0.849,5.048,-0.0149,1.439,1.455,-0.2796,0.112
17.134,1,-0.789,5.045,-0.0693,1.454,1.455,-0.2446,0.114
17.184,1,-0.707,5.035,-0.1382,1.465,1.459,-0.2478,0.11
17.235,1,-0.632,5.021,-0.1924,1.47,1.456,-0.2331,0.104
17.284,1,-0.556,5.002,-0.2515,1.473,1.45,-0.2214,0.102
17.335,1,-0.494,4.984,-0.2917,1.47,1.45,-0.2095,0.104
17.384,1,-0.417,4.957,-0.3492,1.468,1.449,-0.2128,0.101
17.434,1,-0.366,4.936,-0.3844,1.467,1.486,-0.1857,0.098
17.484,1,-0.288,4.901,-0.4349,1.469,1.486,-0.1765,0.116
17.535,1,-0.223,4.868,-0.4737,1.501,1.533,-0.1862,0.133
17.584,1,-0.163,4.835,-0.5118,1.526,1.583,-0.1885,0.149
17.634,1,-0.086,4.787,-0.5658,1.59,1.634,-0.2039,0.164
17.684,1,-0.026,4.747,-0.6002,1.603,1.634,-0.1913,0.178
17.734,1,0.033,4.703,-0.6463,1.643,1.736,-0.2006,0.19
17.785,1,0.119,4.631,-0.7097,1.706,1.736,-0.1887,0.201
17.834,1,0.17,4.585,-0.7463,1.741,1.785,-0.1658,0.208
17.884,1,0.232,4.522,-0.7942,1.779,1.831,-0.1839,0.203
17.934,1,0.288,4.46,-0.8391,1.825,1.871,-0.181,0.195
17.984,1,0.349,4.386,-0.888,1.846,1.909,-0.1707,0.191
18.034,1,0.405,4.311,-0.9379,1.882,1.943,-0.1555,0.191
18.085,1,0.436,4.266,-0.9676,1.911,1.975,-0.1466,0.192
18.134,1,0.505,4.156,-1.0122,1.942,1.975,-0.1193,0.226
18.185,1,0.56,4.058,-1.0697,1.989,2.033,-0.133,0.248
18.234,1,0.598,3.984,-1.1032,2.02,2.06,-0.1202,0.269
18.284,1,0.651,3.869,-1.1474,2.057,2.084,-0.108,0.288
18.334,1,0.684,3.791,-1.179,2.089,2.108,-0.1016,0.303
18.384,1,0.724,3.689,-1.2107,2.106,2.131,-0.1049,0.331
18.434,1,0.756,3.596,-1.2385,2.126,2.154,-0.0931,0.368
18.484,1,0.791,3.484,-1.2754,2.151,2.177,-0.0853,0.403
18.534,1,0.816,3.396,-1.2974,2.172,2.201,-0.0731,0.428
18.584,1,0.847,3.272,-1.3284,2.208,2.222,-0.0719,0.4
18.634,1,0.87,3.172,-1.3511,2.233,2.282,-0.0679,0.374
18.684,2,0.898,3.031,-1.3795,2.25,2.282,-0.0634,0.349
18.734,2,0.911,2.955,-1.3956,2.284,2.345,-0.0593,0.327
18.784,2,0.931,2.832,-1.4189,2.317,2.377,-0.0652,0.306
18.834,2,0.945,2.724,-1.4366,2.355,2.41,-0.0511,0.287
18.885,2,0.961,2.591,-1.4598,2.393,2.441,-0.0557,0.27
18.934,2,0.972,2.475,-1.4801,2.442,2.473,-0.0471,0.255
18.984,2,0.982,2.34,-1.5013,2.473,2.535,-0.0477,0.241
19.034,2,0.989,2.21,-1.5202,2.519,2.565,-0.0388,0.229
19.084,2,0.993,2.09,-1.5346,2.547,2.595,-0.0364,0.219
19.134,2,0.997,1.95,-1.5474,2.595,2.625,-0.0321,0.214
19.184,2,0.998,1.859,-1.5589,2.612,2.685,-0.0261,0.201
19.234,2,0.998,1.692,-1.5742,2.655,2.714,-0.0172,0.193
19.284,2,0.996,1.568,-1.5832,2.69,2.743,-0.0086,0.19
19.334,2,0.994,1.437,-1.5889,2.74,2.801,-0.0055,0.191
19.384,2,0.991,1.301,-1.592,2.766,2.83,-0.0,0.192
19.434,2,0.988,1.147,-1.5923,2.804,2.858,0.0,0.192
19.484,2,0.985,1.005,-1.5923,2.849,2.914,0.0106,0.193
19.534,2,0.982,0.864,-1.5897,2.896,2.942,0.0129,0.195
19.584,2,0.98,0.761,-1.5866,2.919,2.996,0.0172,0.196
19.634,2,0.978,0.599,-1.5789,2.968,3.023,0.0172,0.195
19.684,2,0.978,0.392,-1.5684,3.013,3.076,0.0302,0.19
19.734,2,0.979,0.288,-1.563,3.038,3.128,0.0302,0.184
19.784,2,0.982,0.116,-1.5467,3.089,3.153,0.0305,0.174
19.834,2,0.987,-0.031,-1.5355,3.125,3.179,0.0231,0.162
19.884,2,0.996,-0.224,-1.5198,3.172,3.229,0.014,0.148
19.934,2,1.005,-0.374,-1.5126,3.206,3.279,0.0091,0.134
19.984,2,1.014,-0.516,-1.5071,3.24,3.303,0.0,0.12
20.035,2,1.024,-0.667,-1.5049,3.288,3.352,-0.0,0.106
20.084,2,1.038,-0.882,-1.5049,3.334,3.376,-0.0046,0.093
20.134,2,1.045,-0.993,-1.506,3.359,3.424,-0.0144,0.081
20.187,2,1.057,-1.182,-1.5099,3.39,3.472,-0.0232,0.069
20.234,2,1.064,-1.308,-1.5154,3.421,3.518,-0.0259,0.061
20.284,2,1.074,-1.526,-1.5301,3.475,3.541,-0.0259,0.055
20.335,2,1.08,-1.733,-1.5465,3.52,3.586,-0.0309,0.053
20.385,2,1.082,-1.903,-1.5589,3.547,3.629,-0.0357,0.052
20.435,2,1.082,-2.072,-1.5761,3.595,3.64,-0.0394,0.056
20.495,2,1.081,-2.177,-1.5861,3.613,3.613,-0.0345,0.059
20.534,2,1.074,-2.394,-1.5995,3.625,3.582,-0.0396,0.066
20.584,2,1.061,-2.619,-1.6305,3.624,3.495,-0.044,0.085
20.634,2,1.047,-2.801,-1.6558,3.569,3.437,-0.0436,0.108
20.684,2,1.034,-2.931,-1.6746,3.527,3.377,-0.0388,0.133
20.734,2,1.007,-3.151,-1.6999,3.453,3.313,-0.0388,0.16
20.785,2,0.985,-3.304,-1.7185,3.416,3.281,-0.0388,0.189
20.834,2,0.958,-3.466,-1.7373,3.354,3.211,-0.0437,0.223
20.885,2,0.932,-3.61,-1.7542,3.311,3.138,-0.0345,0.267
20.934,2,0.892,-3.804,-1.7784,3.23,3.1,-0.032,0.317
20.984,2,0.859,-3.954,-1.7931,3.185,3.022,-0.0345,0.369
21.034,2,0.816,-4.13,-1.8137,3.092,2.981,-0.0345,0.401
21.084,2,0.792,-4.224,-1.8225,3.059,2.896,-0.0388,0.431
21.134,2,0.739,-4.418,-1.8468,2.975,2.852,-0.0431,0.48
21.184,2,0.71,-4.514,-1.8572,2.935,2.761,-0.0404,0.497
21.235,2,0.66,-4.676,-1.8797,2.851,2.713,-0.0365,0.526
21.284,2,0.613,-4.816,-1.895,2.786,2.615,-0.0481,0.549
21.334,2,0.584,-4.899,-1.9075,2.727,2.565,-0.0474,0.575
21.384,2,0.522,-5.066,-1.9325,2.632,2.512,-0.0479,0.601
21.434,2,0.482,-5.167,-1.9499,2.573,2.403,-0.0608,0.63
21.484,2,0.428,-5.297,-1.9693,2.516,2.345,-0.0733,0.663
21.534,2,0.383,-5.4,-1.9909,2.43,2.286,-0.0736,0.707
21.584,2,0.324,-5.524,-2.0233,2.341,2.16,-0.094,0.747
21.634,2,0.273,-5.622,-2.0477,2.246,2.092,-0.094,0.727
21.684,2,0.226,-5.708,-2.0769,2.19,2.029,-0.0975,0.716
21.734,2,0.166,-5.81,-2.106,2.099,1.974,-0.0962,0.707
21.784,2,0.117,-5.889,-2.1322,2.056,1.923,-0.1124,0.698
21.834,2,0.062,-5.97,-2.164,1.988,1.878,-0.1119,0.683
21.884,2,0.023,-6.026,-2.192,1.935,1.834,-0.1193,0.664
21.934,2,-0.038,-6.106,-2.2258,1.884,1.794,-0.132,0.649
21.985,2,-0.112,-6.197,-2.2634,1.853,1.756,-0.1574,0.637
22.034,2,-0.171,-6.264,-2.3001,1.793,1.719,-0.1695,0.626
22.084,2,-0.241,-6.336,-2.35,1.753,1.684,-0.1723,0.616
22.134,2,-0.285,-6.379,-2.3803,1.718,1.65,-0.1898,0.602
22.185,2,-0.356,-6.442,-2.4238,1.697,1.65,-0.1775,0.58
22.234,2,-0.425,-6.497,-2.4727,1.664,1.619,-0.1769,0.56
22.284,2,-0.47,-6.531,-2.5011,1.656,1.588,-0.1888,0.543
22.334,2,-0.562,-6.593,-2.5649,1.607,1.558,-0.2242,0.529
22.384,2,-0.611,-6.623,-2.6015,1.597,1.53,-0.2238,0.516
22.434,2,-0.699,-6.67,-2.6648,1.545,1.504,-0.2349,0.504
22.484,2,-0.755,-6.696,-2.7008,1.535,1.504,-0.2227,0.493
22.534,2,-0.829,-6.726,-2.7608,1.515,1.48,-0.2272,0.469
22.585,2,-0.895,-6.75,-2.8074,1.496,1.46,-0.2576,0.442
22.634,2,-0.976,-6.773,-2.8684,1.468,1.444,-0.2691,0.413
22.684,2,-1.029,-6.786,-2.9171,1.462,1.432,-0.2567,0.384
22.734,2,-1.111,-6.8,-2.9825,1.439,1.432,-0.2326,0.352
22.784,2,-1.178,-6.808,-3.0292,1.435,1.424,-0.2324,0.319
22.834,2,-1.241,-6.812,-3.0824,1.43,1.419,-0.2467,0.293
22.884,2,-1.326,-6.814,-3.1402,1.423,1.417,-0.244,0.273
22.934,2,-1.397,-6.811,3.0913,1.422,1.417,-0.2372,0.255
22.984,2,-1.477,-6.803,3.0287,1.422,1.422,-0.2451,0.233
23.034,2,-1.541,-6.793,2.982,1.424,1.429,-0.2478,0.223
23.085,2,-1.619,-6.777,2.9255,1.431,1.442,-0.2595,0.206
23.134,2,-1.663,-6.766,2.8985,1.433,1.442,-0.2353,0.191
23.184,2,-1.735,-6.744,2.8387,1.443,1.46,-0.2326,0.178
23.234,2,-1.816,-6.714,2.7745,1.462,1.481,-0.2092,0.169
23.284,2,-1.887,-6.683,2.7198,1.475,1.503,-0.227,0.162
23.334,2,-1.947,-6.654,2.6812,1.496,1.503,-0.2098,0.159
23.384,2,-2.009,-6.62,2.6368,1.51,1.525,-0.2221,0.159
23.434,2,-2.066,-6.585,2.5878,1.525,1.546,-0.2343,0.155
23.484,2,-2.149,-6.528,2.5166,1.539,1.567,-0.2375,0.15
23.534,2,-2.202,-6.486,2.4685,1.556,1.586,-0.2347,0.149
23.584,2,-2.255,-6.44,2.4266,1.572,1.586,-0.2282,0.153
23.634,2,-2.307,-6.391,2.3792,1.587,1.604,-0.2407,0.157
23.684,2,-2.367,-6.328,2.3175,1.596,1.622,-0.2642,0.155
23.734,2,-2.419,-6.266,2.2595,1.607,1.638,-0.2654,0.153
23.784,2,-2.477,-6.186,2.1801,1.627,1.638,-0.2415,0.158
23.834,2,-2.519,-6.12,2.1224,1.638,1.652,-0.242,0.163
23.884,2,-2.554,-6.056,2.0692,1.648,1.665,-0.2367,0.162
23.934,2,-2.586,-5.991,2.0213,1.661,1.674,-0.2128,0.164
23.984,2,-2.623,-5.904,1.9502,1.677,1.684,-0.2011,0.169
24.034,2,-2.649,-5.829,1.9073,1.687,1.699,-0.2182,0.164
24.084,2,-2.672,-5.755,1.8604,1.695,1.726,-0.2135,0.157
24.134,2,-2.693,-5.671,1.8039,1.713,1.764,-0.2138,0.152
24.184,2,-2.709,-5.586,1.7528,1.733,1.764,-0.19,0.152
24.234,2,-2.72,-5.506,1.7065,1.762,1.842,-0.1905,0.168
24.284,2,-2.73,-5.391,1.6349,1.804,1.842,-0.1785,0.189
24.334,2,-2.732,-5.309,1.5904,1.842,1.879,-0.1557,0.195
24.384,2,-2.731,-5.225,1.5514,1.87,1.914,-0.156,0.205
24.434,2,-2.726,-5.138,1.5103,1.91,1.946,-0.1478,0.22
24.484,2,-2.715,-5.029,1.4558,1.944,1.977,-0.1193,0.253
24.534,2,-2.698,-4.918,1.4102,1.985,2.006,-0.1196,0.289
24.585,2,-2.682,-4.831,1.377,2.008,2.034,-0.1199,0.325
24.635,2,-2.663,-4.744,1.3485,2.033,2.062,-0.1202,0.367
24.687,2,-2.639,-4.653,1.3151,2.056,2.09,-0.1045,0.41
24.735,2,-2.606,-4.541,1.2765,2.088,2.119,-0.1058,0.452
24.784,2,-2.576,-4.449,1.2468,2.112,2.149,-0.0877,0.483
24.835,2,-2.533,-4.334,1.2072,2.157,2.181,-0.0712,0.471
24.884,2,-2.486,-4.219,1.1772,2.192,2.214,-0.0722,0.46
24.934,2,-2.458,-4.154,1.1637,2.214,2.282,-0.059,0.451
24.984,2,-2.407,-4.043,1.1382,2.233,2.282,-0.0506,0.444
25.034,2,-2.353,-3.93,1.1191,2.284,2.348,-0.0423,0.437
25.084,2,-2.301,-3.827,1.1017,2.312,2.381,-0.0269,0.431
25.134,2,-2.247,-3.722,1.09,2.366,2.413,-0.0141,0.425
25.184,2,-2.182,-3.601,1.0816,2.417,2.445,-0.0,0.419
25.234,2,-2.129,-3.502,1.0816,2.449,2.509,0.0172,0.412
25.284,2,-2.078,-3.406,1.0828,2.471,2.54,0.0301,0.403
25.334,2,-2.025,-3.304,1.0886,2.51,2.571,0.0431,0.392
25.384,2,-1.958,-3.172,1.1039,2.556,2.601,0.0534,0.378
25.434,2,-1.909,-3.073,1.1194,2.589,2.662,0.0753,0.358
25.484,2,-1.848,-2.942,1.1432,2.621,2.692,0.0776,0.335
25.534,2,-1.804,-2.84,1.1654,2.655,2.721,0.0776,0.306
25.584,2,-1.739,-2.675,1.2065,2.704,2.746,0.0776,0.273
25.634,2,-1.716,-2.61,1.2255,2.728,2.789,0.0835,0.233
25.684,2,-1.666,-2.462,1.2622,2.76,2.805,0.0733,0.194
25.734,2,-1.626,-2.323,1.2926,2.79,2.829,0.0862,0.153
25.785,2,-1.585,-2.162,1.3315,2.815,2.838,0.092,0.108
25.834,2,-1.555,-2.021,1.3635,2.831,2.845,0.0823,0.093
25.884,2,-1.53,-1.881,1.4062,2.846,2.856,0.0819,0.085
25.934,2,-1.51,-1.731,1.4378,2.857,2.86,0.0788,0.082
25.985,2,-1.497,-1.603,1.4743,2.865,2.868,0.0832,0.089
26.034,2,-1.488,-1.483,1.5064,2.872,2.872,0.069,0.093
26.084,2,-1.482,-1.31,1.5429,2.878,2.88,0.0862,0.111
26.134,2,-1.482,-1.218,1.5668,2.882,2.885,0.0788,0.133
26.184,2,-1.486,-1.059,1.6079,2.888,2.894,0.0733,0.151
26.234,2,-1.497,-0.889,1.6442,2.895,2.899,0.0786,0.166
26.284,2,-1.512,-0.745,1.6783,2.903,2.904,0.0661,0.183
26.334,2,-1.535,-0.575,1.7158,2.913,2.916,0.0704,0.213
26.384,2,-1.554,-0.457,1.737,2.917,2.921,0.0647,0.243
26.434,2,-1.584,-0.304,1.7658,2.926,2.934,0.0788,0.272
26.484,2,-1.614,-0.167,1.795,2.931,2.94,0.0749,0.298
26.534,2,-1.653,-0.016,1.8261,2.942,2.952,0.0647,0.32
26.584,2,-1.698,0.134,1.8656,2.951,2.962,0.0388,0.337
26.634,2,-1.739,0.263,1.8851,2.963,2.967,0.0219,0.349
26.684,2,-1.785,0.398,1.8994,2.972,2.971,0.0052,0.358
26.734,2,-1.831,0.531,1.9035,2.979,3.0,-0.0086,0.362
26.785,2,-1.875,0.658,1.9052,2.983,3.051,-0.0302,0.362
26.834,2,-1.929,0.814,1.9,3.004,3.077,-0.0443,0.363
26.884,2,-1.973,0.946,1.8882,3.039,3.115,-0.0603,0.364
26.934,2,-2.022,1.104,1.8658,3.076,3.1,-0.0647,0.366
26.984,2,-2.067,1.263,1.8362,3.107,3.084,-0.0566,0.373
27.034,2,-2.092,1.365,1.8169,3.104,3.02,-0.0563,0.414
27.085,2,-2.137,1.564,1.7825,3.086,2.952,-0.0568,0.407
27.135,2,-2.167,1.716,1.7581,3.027,2.915,-0.0519,0.403
27.184,2,-2.19,1.851,1.7348,2.976,2.878,-0.0345,0.395
27.235,2,-2.213,2.011,1.713,2.919,2.798,-0.0345,0.386
27.284,2,-2.231,2.148,1.6981,2.884,2.713,-0.0495,0.377
27.335,2,-2.246,2.277,1.6824,2.816,2.667,-0.0474,0.364
27.384,2,-2.258,2.398,1.663,2.755,2.573,-0.0581,0.348
27.435,2,-2.27,2.562,1.6394,2.659,2.525,-0.0517,0.336
27.485,2,-2.276,2.677,1.6187,2.609,2.474,-0.0474,0.323
27.534,2,-2.281,2.83,1.596,2.531,2.423,-0.0491,0.308
27.585,2,-2.282,2.944,1.5786,2.48,2.316,-0.0652,0.292
27.635,2,-2.281,3.067,1.5582,2.395,2.259,-0.0733,0.272
27.684,2,-2.277,3.2,1.53,2.309,2.202,-0.0735,0.238
27.734,2,-2.271,3.301,1.5099,2.246,2.141,-0.0761,0.225
27.784,2,-2.263,3.402,1.4861,2.194,2.08,-0.08,0.207
27.835,2,-2.249,3.527,1.4521,2.108,1.95,-0.1179,0.183
27.884,2,-2.24,3.591,1.4375,2.077,1.888,-0.1208,0.175
27.934,2,-2.222,3.702,1.3964,1.954,1.828,-0.1443,0.162
27.985,2,-2.205,3.784,1.3655,1.895,1.775,-0.1435,0.152
28.034,2,-2.181,3.886,1.3197,1.814,1.775,-0.1347,0.144
28.085,2,-2.158,3.965,1.2895,1.79,1.725,-0.156,0.14
28.134,2,-2.125,4.066,1.2411,1.751,1.682,-0.1541,0.138
28.185,2,-2.095,4.146,1.2023,1.711,1.64,-0.191,0.135
28.235,2,-2.072,4.199,1.1647,1.661,1.603,-0.1902,0.13
28.285,2,-2.025,4.296,1.104,1.629,1.567,-0.1941,0.13
28.335,2,-1.991,4.359,1.0675,1.593,1.533,-0.2284,0.136
28.385,2,-1.949,4.429,1.0202,1.574,1.533,-0.1995,0.14
28.434,2,-1.914,4.482,0.9787,1.543,1.501,-0.1989,0.141
28.484,2,-1.86,4.555,0.9247,1.517,1.472,-0.2104,0.135
28.534,2,-1.821,4.604,0.8838,1.487,1.445,-0.2606,0.131
28.584,2,-1.758,4.673,0.8208,1.447,1.423,-0.2822,0.134
28.635,2,-1.726,4.705,0.7857,1.443,1.423,-0.2444,0.135
28.685,2,-1.663,4.761,0.7123,1.424,1.405,-0.2576,0.13
28.734,2,-1.6,4.811,0.6499,1.406,1.391,-0.2555,0.124
28.784,2,-1.546,4.849,0.5971,1.393,1.381,-0.2669,0.121
28.834,2,-1.493,4.881,0.5541,1.383,1.381,-0.255,0.123
28.885,2,-1.432,4.915,0.4967,1.381,1.376,-0.2718,0.128
28.935,2,-1.382,4.94,0.4494,1.374,1.376,-0.2823,0.13
28.984,2,-1.301,4.973,0.3801,1.371,1.381,-0.2899,0.12
29.035,2,-1.244,4.993,0.3295,1.372,1.381,-0.2793,0.11
29.084,2,-1.186,5.01,0.2759,1.376,1.392,-0.2839,0.103
29.135,2,-1.111,5.027,0.2041,1.383,1.408,-0.2919,0.099
29.184,2,-1.052,5.037,0.1594,1.39,1.425,-0.2904,0.104
29.235,2,-0.971,5.045,0.0852,1.408,1.425,-0.2671,0.108
29.284,2,-0.919,5.047,0.0406,1.417,1.442,-0.2674,0.111
29.335,2,-0.849,5.047,-0.0114,1.43,1.455,-0.2818,0.111
29.384,2,-0.753,5.04,-0.0983,1.444,1.459,-0.2721,0.113
29.434,2,-0.692,5.031,-0.1432,1.452,1.459,-0.248,0.108
29.485,2,-0.612,5.015,-0.2104,1.46,1.456,-0.2361,0.103
29.534,2,-0.549,4.999,-0.2527,1.46,1.45,-0.2353,0.101
29.585,2,-0.48,4.978,-0.3032,1.463,1.45,-0.1975,0.103
29.635,2,-0.426,4.959,-0.3427,1.46,1.449,-0.1975,0.1
29.684,2,-0.348,4.928,-0.3928,1.457,1.486,-0.1975,0.101
29.734,2,-0.279,4.897,-0.4347,1.469,1.533,-0.2146,0.119
29.785,2,-0.225,4.869,-0.4714,1.49,1.533,-0.1861,0.135
29.835,2,-0.146,4.825,-0.5228,1.536,1.583,-0.1875,0.151
29.884,2,-0.081,4.784,-0.5645,1.567,1.634,-0.199,0.166
29.935,2,-0.024,4.745,-0.6094,1.622,1.685,-0.1908,0.179
29.985,2,0.048,4.69,-0.6619,1.643,1.685,-0.178,0.191
30.035,2,0.107,4.641,-0.7018,1.684,1.736,-0.1808,0.201
30.085,2,0.178,4.575,-0.7587,1.723,1.785,-0.1687,0.207
30.135,2,0.248,4.503,-0.8109,1.78,1.831,-0.1823,0.197
30.184,2,0.288,4.459,-0.8358,1.802,1.871,-0.1825,0.193
30.235,2,0.358,4.374,-0.8984,1.856,1.909,-0.1612,0.19
30.285,2,0.413,4.298,-0.9449,1.876,1.943,-0.1603,0.19
30.335,2,0.466,4.218,-0.9957,1.934,1.975,-0.1365,0.205
30.385,2,0.51,4.145,-1.0307,1.952,2.005,-0.1195,0.227
30.434,2,0.554,4.067,-1.0667,1.983,2.033,-0.1198,0.249
30.484,2,0.607,3.964,-1.1072,2.019,2.06,-0.1201,0.27
30.534,2,0.644,3.885,-1.136,2.039,2.084,-0.1137,0.288
30.584,2,0.698,3.757,-1.187,2.073,2.108,-0.1122,0.304
30.635,2,0.722,3.695,-1.2056,2.089,2.131,-0.1009,0.334
30.685,2,0.754,3.601,-1.2403,2.117,2.154,-0.0877,0.371
30.735,2,0.787,3.498,-1.2694,2.142,2.177,-0.0754,0.406
30.784,2,0.828,3.352,-1.3097,2.177,2.201,-0.0755,0.425
30.834,2,0.846,3.281,-1.3251,2.197,2.222,-0.0682,0.397
30.887,3,0.876,3.147,-1.3552,2.222,2.222,-0.059,0.371
30.934,3,0.894,3.06,-1.3727,2.232,2.314,-0.0677,0.346
30.985,3,0.916,2.94,-1.3948,2.263,2.345,-0.0718,0.323
31.035,3,0.933,2.833,-1.415,2.311,2.377,-0.0651,0.302
31.085,3,0.947,2.726,-1.4393,2.349,2.41,-0.0511,0.284
31.135,3,0.964,2.584,-1.4623,2.395,2.441,-0.0524,0.267
31.185,3,0.972,2.5,-1.4747,2.413,2.473,-0.0524,0.252
31.235,3,0.984,2.339,-1.5005,2.462,2.535,-0.0472,0.238
31.284,3,0.991,2.212,-1.5191,2.495,2.565,-0.043,0.227
31.334,3,0.995,2.127,-1.5305,2.527,2.595,-0.0345,0.217
31.385,3,0.999,1.96,-1.5508,2.57,2.625,-0.0311,0.208
31.434,3,1.0,1.827,-1.5643,2.615,2.685,-0.0265,0.2
31.484,3,1.0,1.703,-1.5747,2.644,2.714,-0.0172,0.192
31.534,3,0.998,1.577,-1.5815,2.682,2.743,-0.0129,0.187
31.584,3,0.996,1.452,-1.5875,2.72,2.801,-0.0043,0.189
31.635,3,0.993,1.298,-1.5923,2.76,2.83,-0.0,0.19
31.684,3,0.99,1.155,-1.5946,2.798,2.858,0.0,0.19
31.734,3,0.986,0.999,-1.5946,2.839,2.914,0.0086,0.192
31.785,3,0.983,0.867,-1.594,2.871,2.942,0.0173,0.194
31.834,3,0.98,0.716,-1.5888,2.918,2.996,0.0216,0.195
31.885,3,0.978,0.578,-1.5811,2.951,3.023,0.0216,0.196
31.934,3,0.978,0.443,-1.5712,3.001,3.076,0.0309,0.19
31.984,3,0.979,0.282,-1.5596,3.034,3.102,0.0259,0.183
32.034,3,0.981,0.172,-1.5515,3.061,3.153,0.0259,0.174
32.084,3,0.988,-0.032,-1.5347,3.103,3.179,0.0218,0.163
32.135,3,0.995,-0.192,-1.5244,3.15,3.229,0.0175,0.15
32.185,3,1.004,-0.354,-1.5156,3.182,3.254,0.0086,0.136
32.234,3,1.01,-0.457,-1.5101,3.22,3.303,0.0051,0.122
32.285,3,1.024,-0.671,-1.5055,3.262,3.352,-0.0,0.108
32.334,3,1.035,-0.836,-1.5046,3.313,3.376,-0.0044,0.095
32.384,3,1.046,-1.01,-1.5049,3.353,3.424,-0.0148,0.082
32.434,3,1.057,-1.179,-1.5091,3.392,3.472,-0.0216,0.07
32.485,3,1.064,-1.312,-1.516,3.421,3.518,-0.0259,0.061
32.535,3,1.074,-1.523,-1.5303,3.474,3.541,-0.0274,0.055
32.584,3,1.079,-1.68,-1.5415,3.501,3.586,-0.0302,0.052
32.635,3,1.082,-1.821,-1.5513,3.532,3.629,-0.0345,0.052
32.684,3,1.083,-2.043,-1.5719,3.573,3.635,-0.0366,0.055
32.735,3,1.081,-2.194,-1.5867,3.605,3.613,-0.0345,0.059
32.784,3,1.075,-2.368,-1.609,3.629,3.553,-0.0345,0.064
32.835,3,1.063,-2.591,-1.6314,3.601,3.495,-0.0388,0.083
32.885,3,1.05,-2.77,-1.6505,3.566,3.437,-0.0431,0.105
32.935,3,1.032,-2.948,-1.6722,3.505,3.408,-0.0404,0.129
32.985,3,1.012,-3.12,-1.6938,3.466,3.346,-0.0388,0.155
33.034,3,0.998,-3.222,-1.7066,3.428,3.281,-0.0431,0.169
33.085,3,0.963,-3.449,-1.733,3.364,3.211,-0.0431,0.216
33.134,3,0.933,-3.612,-1.7541,3.29,3.175,-0.0345,0.26
33.184,3,0.903,-3.761,-1.7743,3.237,3.1,-0.0345,0.308
33.234,3,0.878,-3.877,-1.7864,3.195,3.061,-0.0349,0.36
33.284,3,0.831,-4.076,-1.8089,3.126,2.981,-0.0345,0.396
33.334,3,0.791,-4.23,-1.8248,3.056,2.896,-0.0434,0.426
33.394,3,0.754,-4.367,-1.8402,2.999,2.852,-0.0431,0.458
33.434,3,0.709,-4.521,-1.8519,2.945,2.807,-0.0366,0.491
33.485,3,0.667,-4.655,-1.878,2.858,2.713,-0.039,0.522
33.534,3,0.633,-4.756,-1.892,2.792,2.615,-0.0431,0.545
33.585,3,0.578,-4.915,-1.9101,2.726,2.565,-0.0474,0.571
33.634,3,0.548,-4.997,-1.9224,2.658,2.512,-0.0474,0.597
33.684,3,0.499,-5.126,-1.9414,2.591,2.403,-0.0659,0.625
33.735,3,0.441,-5.266,-1.9639,2.515,2.345,-0.069,0.656
33.785,3,0.39,-5.383,-1.9891,2.436,2.286,-0.0746,0.699
33.835,3,0.345,-5.479,-2.012,2.34,2.224,-0.0743,0.744
33.884,3,0.297,-5.575,-2.0391,2.282,2.092,-0.0889,0.73
33.935,3,0.23,-5.702,-2.0729,2.165,2.029,-0.1029,0.719
33.984,3,0.192,-5.768,-2.0948,2.116,1.974,-0.1005,0.709
34.034,3,0.12,-5.885,-2.1347,2.027,1.923,-0.1185,0.695
34.085,3,0.085,-5.938,-2.1508,2.002,1.878,-0.1173,0.688
34.134,3,0.014,-6.038,-2.1921,1.919,1.834,-0.1318,0.67
34.185,3,-0.023,-6.088,-2.2137,1.896,1.794,-0.1312,0.653
34.235,3,-0.097,-6.181,-2.2586,1.832,1.756,-0.1612,0.64
34.285,3,-0.156,-6.249,-2.2932,1.804,1.756,-0.1467,0.628
34.334,3,-0.21,-6.306,-2.3276,1.77,1.684,-0.1663,0.619
34.384,3,-0.274,-6.37,-2.3684,1.759,1.684,-0.1541,0.607
34.434,3,-0.331,-6.421,-2.4069,1.702,1.65,-0.1775,0.586
34.484,3,-0.416,-6.492,-2.463,1.666,1.619,-0.1893,0.568
34.535,3,-0.473,-6.535,-2.5008,1.631,1.588,-0.2006,0.55
34.584,3,-0.538,-6.58,-2.542,1.605,1.558,-0.2363,0.535
34.635,3,-0.606,-6.622,-2.6035,1.564,1.53,-0.241,0.521
34.684,3,-0.685,-6.664,-2.6646,1.547,1.53,-0.2237,0.507
34.735,3,-0.749,-6.694,-2.7115,1.531,1.504,-0.2106,0.497
34.784,3,-0.797,-6.714,-2.748,1.518,1.48,-0.2236,0.474
34.835,3,-0.883,-6.746,-2.8026,1.489,1.46,-0.2575,0.449
34.885,3,-0.952,-6.767,-2.8497,1.481,1.444,-0.2749,0.421
34.934,3,-1.015,-6.783,-2.8976,1.458,1.432,-0.2684,0.394
34.984,3,-1.09,-6.797,-2.9614,1.437,1.432,-0.2598,0.362
35.035,3,-1.141,-6.804,-3.0071,1.429,1.424,-0.2441,0.328
35.084,3,-1.219,-6.811,-3.065,1.426,1.419,-0.2441,0.3
35.135,3,-1.306,-6.814,-3.1254,1.419,1.419,-0.2335,0.278
35.185,3,-1.362,-6.812,3.1107,1.417,1.417,-0.2354,0.259
35.235,3,-1.447,-6.806,3.0529,1.417,1.422,-0.2447,0.243
35.284,3,-1.492,-6.801,3.0217,1.419,1.429,-0.2566,0.229
35.335,3,-1.585,-6.784,2.9541,1.421,1.429,-0.2203,0.211
35.385,3,-1.653,-6.768,2.9018,1.428,1.442,-0.2323,0.194
35.435,3,-1.733,-6.745,2.839,1.439,1.46,-0.2442,0.182
35.484,3,-1.788,-6.725,2.8029,1.446,1.481,-0.2381,0.172
35.535,3,-1.849,-6.7,2.7547,1.46,1.481,-0.1974,0.164
35.584,3,-1.909,-6.673,2.7057,1.483,1.503,-0.2097,0.16
35.634,3,-1.987,-6.633,2.6549,1.498,1.525,-0.2367,0.159
35.684,3,-2.053,-6.594,2.6077,1.505,1.546,-0.26,0.159
35.735,3,-2.125,-6.547,2.5445,1.526,1.567,-0.2342,0.154
35.784,3,-2.161,-6.521,2.5176,1.535,1.567,-0.2253,0.151
35.835,3,-2.238,-6.459,2.4482,1.563,1.586,-0.2378,0.153
35.884,3,-2.296,-6.406,2.3981,1.57,1.604,-0.2472,0.158
35.935,3,-2.346,-6.356,2.3484,1.582,1.622,-0.2594,0.16
35.985,3,-2.406,-6.288,2.2768,1.602,1.622,-0.2357,0.157
36.035,3,-2.454,-6.226,2.2167,1.617,1.638,-0.2489,0.159
36.084,3,-2.499,-6.16,2.169,1.622,1.652,-0.2657,0.165
36.134,3,-2.539,-6.093,2.1009,1.637,1.665,-0.2638,0.167
36.184,3,-2.573,-6.028,2.0441,1.646,1.674,-0.2126,0.166
36.234,3,-2.611,-5.942,1.9699,1.668,1.684,-0.2175,0.171
36.284,3,-2.644,-5.852,1.9105,1.68,1.684,-0.2016,0.165
36.335,3,-2.668,-5.776,1.8614,1.686,1.699,-0.1928,0.161
36.384,3,-2.688,-5.697,1.8204,1.695,1.726,-0.2029,0.155
36.434,3,-2.699,-5.644,1.7824,1.711,1.764,-0.2056,0.153
36.487,3,-2.717,-5.538,1.7141,1.747,1.803,-0.1827,0.161
36.535,3,-2.727,-5.436,1.6561,1.783,1.842,-0.1809,0.176
36.585,3,-2.731,-5.354,1.612,1.814,1.879,-0.1546,0.189
36.634,3,-2.732,-5.25,1.564,1.869,1.914,-0.1553,0.2
36.684,3,-2.728,-5.16,1.5238,1.896,1.946,-0.1618,0.209
36.734,3,-2.722,-5.076,1.4885,1.929,1.977,-0.1437,0.24
36.785,3,-2.712,-4.989,1.4483,1.951,2.006,-0.1318,0.275
36.835,3,-2.694,-4.877,1.3989,1.993,2.034,-0.1358,0.311
36.885,3,-2.675,-4.783,1.3605,2.018,2.062,-0.1201,0.35
36.934,3,-2.653,-4.694,1.3309,2.039,2.09,-0.1121,0.393
36.984,3,-2.626,-4.594,1.2945,2.071,2.09,-0.0998,0.435
37.035,3,-2.59,-4.483,1.2611,2.096,2.149,-0.1086,0.475
37.084,3,-2.565,-4.411,1.2325,2.105,2.181,-0.0878,0.473
37.135,3,-2.516,-4.284,1.1963,2.15,2.214,-0.0856,0.463
37.185,3,-2.474,-4.185,1.1668,2.187,2.248,-0.0672,0.455
37.235,3,-2.44,-4.108,1.147,2.215,2.282,-0.0523,0.447
37.284,3,-2.387,-3.997,1.1238,2.251,2.315,-0.038,0.441
37.334,3,-2.324,-3.87,1.104,2.3,2.348,-0.0307,0.434
37.384,3,-2.284,-3.793,1.0937,2.335,2.413,-0.0148,0.428
37.435,3,-2.232,-3.695,1.0846,2.368,2.445,-0.0,0.422
37.485,3,-2.155,-3.55,1.0802,2.431,2.477,0.009,0.416
37.535,3,-2.103,-3.452,1.0819,2.465,2.509,0.0172,0.408
37.584,3,-2.049,-3.351,1.0861,2.496,2.54,0.0301,0.398
37.634,3,-1.988,-3.232,1.0947,2.531,2.571,0.0451,0.385
37.684,3,-1.94,-3.136,1.1079,2.556,2.632,0.0656,0.369
37.734,3,-1.889,-3.032,1.1246,2.584,2.662,0.0739,0.349
37.784,3,-1.822,-2.884,1.1539,2.629,2.692,0.069,0.324
37.834,3,-1.768,-2.754,1.1822,2.674,2.746,0.0914,0.293
37.884,3,-1.724,-2.64,1.2096,2.703,2.771,0.0905,0.258
37.935,3,-1.677,-2.503,1.2458,2.75,2.789,0.0837,0.216
37.985,3,-1.636,-2.367,1.2853,2.778,2.818,0.0819,0.175
38.035,3,-1.604,-2.243,1.3178,2.802,2.829,0.0776,0.131
38.084,3,-1.573,-2.111,1.3496,2.821,2.845,0.0831,0.098
38.134,3,-1.544,-1.961,1.386,2.838,2.851,0.0791,0.088
38.184,3,-1.521,-1.817,1.4201,2.849,2.86,0.0862,0.082
38.234,3,-1.508,-1.716,1.445,2.855,2.864,0.0825,0.086
38.284,3,-1.491,-1.527,1.4914,2.864,2.868,0.069,0.092
38.335,3,-1.484,-1.401,1.5235,2.872,2.876,0.0776,0.099
38.385,3,-1.481,-1.235,1.5614,2.877,2.885,0.0918,0.122
38.435,3,-1.483,-1.094,1.5969,2.883,2.889,0.0733,0.143
38.485,3,-1.49,-0.967,1.627,2.889,2.894,0.069,0.16
38.535,3,-1.5,-0.84,1.6545,2.897,2.904,0.0733,0.174
38.584,3,-1.517,-0.681,1.6873,2.902,2.91,0.0776,0.199
38.634,3,-1.539,-0.529,1.7204,2.909,2.921,0.0824,0.229
38.685,3,-1.566,-0.379,1.7583,2.917,2.928,0.069,0.26
38.734,3,-1.593,-0.251,1.7848,2.927,2.934,0.0647,0.287
38.785,3,-1.619,-0.142,1.805,2.931,2.94,0.0647,0.31
38.834,3,-1.664,0.025,1.8449,2.942,2.957,0.0474,0.329
38.884,3,-1.715,0.192,1.8723,2.95,2.962,0.04,0.344
38.935,3,-1.762,0.332,1.8933,2.964,2.971,0.0086,0.355
38.984,3,-1.798,0.436,1.9049,2.971,2.976,-0.0043,0.362
39.035,3,-1.858,0.608,1.9062,2.98,3.025,-0.0216,0.362
39.085,3,-1.908,0.755,1.9003,3.001,3.051,-0.0302,0.363
39.134,3,-1.954,0.889,1.8903,3.031,3.077,-0.0484,0.363
39.185,3,-1.995,1.02,1.876,3.054,3.115,-0.0517,0.366
39.234,3,-2.042,1.18,1.8518,3.087,3.084,-0.0647,0.37
39.285,3,-2.084,1.336,1.8263,3.103,3.052,-0.0574,0.389
39.335,3,-2.121,1.492,1.7953,3.081,2.986,-0.0572,0.41
39.384,3,-2.156,1.659,1.7669,3.032,2.952,-0.0517,0.405
39.434,3,-2.174,1.757,1.7525,3.0,2.878,-0.0431,0.4
39.484,3,-2.2,1.915,1.728,2.959,2.838,-0.0442,0.393
39.535,3,-2.221,2.067,1.706,2.886,2.756,-0.0431,0.383
39.584,3,-2.239,2.208,1.6887,2.846,2.713,-0.0443,0.371
39.635,3,-2.251,2.33,1.6713,2.771,2.622,-0.0474,0.356
39.685,3,-2.264,2.485,1.6485,2.71,2.573,-0.0474,0.34
39.735,3,-2.273,2.623,1.6309,2.642,2.525,-0.0492,0.331
39.785,3,-2.279,2.752,1.6127,2.581,2.423,-0.0619,0.318
39.834,3,-2.282,2.868,1.5934,2.505,2.369,-0.0664,0.303
39.885,3,-2.282,3.01,1.5667,2.437,2.316,-0.0607,0.284
39.935,3,-2.28,3.113,1.5487,2.376,2.259,-0.0641,0.264
39.984,3,-2.276,3.222,1.5278,2.318,2.202,-0.0699,0.241
40.034,3,-2.27,3.328,1.5069,2.246,2.08,-0.0887,0.216
40.085,3,-2.259,3.455,1.475,2.16,2.015,-0.1008,0.203
40.135,3,-2.248,3.545,1.4538,2.108,1.95,-0.1211,0.187
40.184,3,-2.232,3.658,1.4205,2.036,1.888,-0.1332,0.172
40.234,3,-2.213,3.76,1.3831,1.95,1.828,-0.1474,0.161
40.284,3,-2.201,3.818,1.3593,1.915,1.775,-0.1438,0.152
40.335,3,-2.176,3.917,1.3187,1.831,1.725,-0.1672,0.146
40.385,3,-2.144,4.024,1.2686,1.778,1.682,-0.1665,0.143
40.435,3,-2.122,4.09,1.2316,1.717,1.64,-0.1898,0.143
40.484,3,-2.08,4.193,1.1757,1.685,1.64,-0.1946,0.136
40.535,3,-2.056,4.247,1.1421,1.652,1.603,-0.1767,0.135
40.584,3,-2.008,4.341,1.0812,1.601,1.567,-0.2012,0.139
40.635,3,-1.973,4.402,1.0391,1.573,1.533,-0.2115,0.145
40.684,3,-1.927,4.473,0.9833,1.541,1.501,-0.2231,0.148
40.735,3,-1.888,4.527,0.9449,1.508,1.472,-0.2222,0.143
40.784,3,-1.837,4.591,0.8849,1.487,1.472,-0.2153,0.137
40.835,3,-1.804,4.63,0.86,1.477,1.445,-0.2452,0.135
40.885,3,-1.74,4.697,0.7882,1.447,1.423,-0.2606,0.138
40.934,3,-1.703,4.731,0.7497,1.427,1.405,-0.2684,0.139
40.984,3,-1.643,4.782,0.6869,1.406,1.391,-0.2673,0.13
41.035,3,-1.594,4.819,0.6433,1.401,1.391,-0.2592,0.125
41.084,3,-1.519,4.869,0.5656,1.382,1.381,-0.2667,0.123
41.135,3,-1.466,4.899,0.5141,1.376,1.376,-0.2796,0.128
41.185,3,-1.411,4.927,0.4706,1.377,1.376,-0.2548,0.131
41.234,3,-1.36,4.951,0.4305,1.374,1.376,-0.2665,0.127
41.285,3,-1.273,4.984,0.3472,1.37,1.381,-0.2781,0.111
41.334,3,-1.232,4.998,0.3174,1.371,1.392,-0.2899,0.107
41.384,3,-1.155,5.018,0.2497,1.376,1.392,-0.2665,0.102
41.434,3,-1.1,5.03,0.1991,1.385,1.408,-0.2785,0.101
41.484,3,-1.036,5.04,0.1495,1.388,1.425,-0.2903,0.107
41.534,3,-0.944,5.048,0.0698,1.409,1.442,-0.2907,0.111
41.585,3,-0.873,5.049,0.0102,1.415,1.442,-0.2673,0.113
41.634,3,-0.824,5.048,-0.04,1.434,1.455,-0.256,0.114
41.685,3,-0.736,5.04,-0.1069,1.444,1.459,-0.2561,0.115
41.734,3,-0.664,5.029,-0.1614,1.454,1.459,-0.2328,0.108
41.785,3,-0.601,5.015,-0.2106,1.459,1.456,-0.2211,0.104
41.834,3,-0.539,4.999,-0.2592,1.46,1.45,-0.2268,0.105
41.885,3,-0.461,4.975,-0.3142,1.454,1.449,-0.2242,0.106
41.934,3,-0.402,4.954,-0.3574,1.453,1.449,-0.2031,0.102
41.984,3,-0.322,4.92,-0.4093,1.454,1.486,-0.1911,0.11
42.035,3,-0.251,4.886,-0.4506,1.48,1.533,-0.2104,0.127
42.084,3,-0.184,4.85,-0.5052,1.519,1.583,-0.1864,0.143
42.134,3,-0.125,4.815,-0.5398,1.56,1.583,-0.175,0.158
42.185,3,-0.05,4.766,-0.592,1.588,1.634,-0.1877,0.173
42.235,3,-0.003,4.732,-0.6233,1.615,1.685,-0.1761,0.186
42.284,3,0.085,4.664,-0.6835,1.662,1.736,-0.2004,0.197
42.334,3,0.127,4.628,-0.7071,1.682,1.785,-0.1928,0.206
42.384,3,0.203,4.556,-0.7691,1.733,1.831,-0.1954,0.211
42.435,3,0.254,4.502,-0.8144,1.792,1.871,-0.194,0.201
42.485,3,0.305,4.444,-0.8437,1.817,1.871,-0.179,0.195
42.536,3,0.369,4.363,-0.9151,1.866,1.909,-0.1469,0.192
42.584,3,0.429,4.278,-0.967,1.878,1.943,-0.1432,0.193
42.635,3,0.478,4.202,-1.0055,1.927,1.975,-0.1192,0.213
42.684,3,0.53,4.112,-1.0503,1.965,2.005,-0.1194,0.235
42.734,3,0.571,4.035,-1.0844,2.002,2.033,-0.12,0.257
42.785,3,0.612,3.952,-1.1215,2.025,2.06,-0.1135,0.276
42.835,3,0.664,3.836,-1.1622,2.056,2.084,-0.1002,0.293
42.884,3,0.702,3.74,-1.1961,2.08,2.108,-0.096,0.309
42.934,3,0.735,3.651,-1.2241,2.108,2.154,-0.096,0.344
42.985,3,0.77,3.544,-1.256,2.129,2.154,-0.0884,0.38
43.035,3,0.806,3.424,-1.2908,2.16,2.201,-0.0808,0.414
43.085,3,0.831,3.328,-1.3152,2.176,2.222,-0.0713,0.419
43.134,3,0.853,3.235,-1.3368,2.211,2.222,-0.0674,0.391
43.186,4,0.879,3.118,-1.3611,2.23,2.282,-0.0632,0.365
43.235,4,0.899,3.017,-1.3797,2.235,2.314,-0.0591,0.341
43.285,4,0.917,2.914,-1.3997,2.276,2.345,-0.0606,0.318
43.334,4,0.936,2.791,-1.4194,2.315,2.377,-0.0636,0.297
43.385,4,0.951,2.684,-1.4396,2.354,2.441,-0.0645,0.278
43.435,4,0.964,2.57,-1.4625,2.393,2.473,-0.0556,0.262
43.484,4,0.977,2.417,-1.489,2.448,2.504,-0.0472,0.248
43.534,4,0.983,2.333,-1.5021,2.477,2.535,-0.043,0.236
43.584,4,0.99,2.206,-1.5208,2.512,2.565,-0.0401,0.224
43.635,4,0.996,2.048,-1.5396,2.555,2.625,-0.0345,0.214
43.684,4,0.998,1.961,-1.55,2.572,2.655,-0.032,0.206
43.736,4,0.999,1.807,-1.5662,2.621,2.685,-0.0172,0.198
43.785,4,0.998,1.647,-1.5784,2.656,2.714,-0.0175,0.191
43.835,4,0.996,1.526,-1.5852,2.699,2.772,-0.0104,0.19
43.885,4,0.994,1.39,-1.5909,2.729,2.801,-0.0,0.191
43.934,4,0.991,1.262,-1.5932,2.782,2.858,0.0,0.192
43.984,4,0.987,1.108,-1.5932,2.807,2.886,0.0043,0.192
44.035,4,0.984,0.971,-1.5931,2.85,2.914,0.0086,0.194
44.084,4,0.981,0.798,-1.5897,2.9,2.969,0.0172,0.195
44.134,4,0.979,0.663,-1.5848,2.937,2.996,0.0228,0.197
44.186,4,0.977,0.524,-1.5769,2.973,3.049,0.0259,0.194
44.234,4,0.978,0.346,-1.5633,3.028,3.076,0.0306,0.185
44.284,4,0.979,0.246,-1.5571,3.042,3.128,0.0259,0.181
44.335,4,0.984,0.061,-1.5414,3.091,3.153,0.0235,0.17
44.384,4,0.988,-0.042,-1.5336,3.114,3.204,0.0172,0.158
44.435,4,0.998,-0.256,-1.5198,3.167,3.229,0.0132,0.145
44.484,4,1.004,-0.358,-1.5142,3.193,3.279,0.0091,0.131
44.535,4,1.015,-0.545,-1.5074,3.242,3.328,0.0,0.117
44.584,4,1.03,-0.761,-1.5038,3.296,3.376,-0.0049,0.103
44.634,4,1.037,-0.87,-1.5038,3.314,3.4,-0.0043,0.09
44.684,4,1.05,-1.074,-1.5069,3.364,3.448,-0.0183,0.078
44.734,4,1.057,-1.183,-1.5096,3.394,3.472,-0.0224,0.067
44.785,4,1.069,-1.405,-1.5223,3.444,3.518,-0.0216,0.059
44.834,4,1.076,-1.583,-1.534,3.482,3.563,-0.031,0.055
44.885,4,1.08,-1.74,-1.5454,3.512,3.607,-0.0302,0.052
44.934,4,1.083,-1.903,-1.5611,3.552,3.635,-0.0345,0.053
44.984,4,1.082,-2.115,-1.5801,3.599,3.64,-0.0358,0.058
45.034,4,1.078,-2.296,-1.5987,3.624,3.582,-0.0403,0.061
45.085,4,1.069,-2.488,-1.6177,3.626,3.524,-0.0437,0.07
45.134,4,1.059,-2.65,-1.6376,3.586,3.495,-0.0406,0.091
45.185,4,1.046,-2.805,-1.657,3.548,3.408,-0.044,0.113
45.234,4,1.022,-3.035,-1.6863,3.482,3.377,-0.045,0.139
45.284,4,1.008,-3.145,-1.6981,3.454,3.313,-0.0388,0.166
45.334,4,0.977,-3.354,-1.7243,3.384,3.246,-0.0442,0.195
45.384,4,0.959,-3.466,-1.7376,3.347,3.211,-0.0407,0.233
45.435,4,0.919,-3.676,-1.7655,3.266,3.138,-0.0302,0.278
45.485,4,0.885,-3.837,-1.7832,3.222,3.061,-0.0345,0.328
45.534,4,0.865,-3.927,-1.7918,3.179,3.022,-0.0364,0.355
45.584,4,0.823,-4.1,-1.8095,3.096,2.939,-0.0388,0.408
45.635,4,0.774,-4.288,-1.8317,3.012,2.896,-0.0345,0.438
45.684,4,0.747,-4.386,-1.8429,2.978,2.807,-0.0345,0.471
45.735,4,0.693,-4.571,-1.8618,2.911,2.761,-0.0388,0.505
45.784,4,0.664,-4.661,-1.8726,2.858,2.665,-0.0474,0.531
45.835,4,0.617,-4.807,-1.8902,2.784,2.615,-0.0474,0.554
45.884,4,0.571,-4.938,-1.9123,2.701,2.512,-0.0581,0.579
45.934,4,0.519,-5.076,-1.9333,2.622,2.459,-0.0647,0.606
45.994,4,0.476,-5.186,-1.9528,2.554,2.459,-0.0517,0.635
46.035,4,0.422,-5.312,-1.9679,2.517,2.345,-0.069,0.671
46.084,4,0.373,-5.422,-1.9964,2.439,2.286,-0.0644,0.715
46.135,4,0.328,-5.516,-2.0176,2.348,2.16,-0.0938,0.744
46.185,4,0.265,-5.64,-2.0468,2.275,2.092,-0.0933,0.729
46.235,4,0.213,-5.736,-2.0764,2.159,2.029,-0.1009,0.719
46.285,4,0.161,-5.824,-2.1096,2.074,1.974,-0.1004,0.71
46.334,4,0.1,-5.922,-2.1454,2.001,1.923,-0.1163,0.694
46.384,4,0.056,-5.987,-2.1691,1.96,1.878,-0.1115,0.685
46.434,4,-0.001,-6.065,-2.2017,1.913,1.834,-0.1333,0.665
46.484,4,-0.065,-6.147,-2.2433,1.858,1.794,-0.1348,0.651
46.535,4,-0.118,-6.21,-2.2732,1.82,1.756,-0.1592,0.638
46.584,4,-0.186,-6.285,-2.3206,1.772,1.719,-0.1544,0.627
46.634,4,-0.24,-6.34,-2.3523,1.742,1.684,-0.1705,0.617
46.685,4,-0.312,-6.407,-2.404,1.699,1.65,-0.1899,0.589
46.734,4,-0.358,-6.447,-2.4333,1.673,1.619,-0.1891,0.578
46.784,4,-0.415,-6.492,-2.4751,1.655,1.619,-0.1812,0.558
46.834,4,-0.503,-6.556,-2.5338,1.624,1.588,-0.1888,0.541
46.885,4,-0.566,-6.597,-2.5777,1.599,1.558,-0.2119,0.526
46.934,4,-0.626,-6.631,-2.6174,1.567,1.53,-0.2234,0.513
46.985,4,-0.688,-6.664,-2.6655,1.54,1.504,-0.2227,0.501
47.035,4,-0.771,-6.702,-2.727,1.512,1.48,-0.2223,0.486
47.086,4,-0.829,-6.725,-2.7731,1.501,1.48,-0.2112,0.462
47.134,4,-0.892,-6.746,-2.8168,1.482,1.46,-0.2508,0.435
47.185,4,-0.981,-6.772,-2.8767,1.46,1.444,-0.2616,0.407
47.234,4,-1.06,-6.789,-2.9455,1.439,1.432,-0.2563,0.378
47.284,4,-1.105,-6.796,-2.975,1.44,1.424,-0.2562,0.346
47.335,4,-1.198,-6.807,-3.0486,1.423,1.424,-0.2323,0.313
47.385,4,-1.266,-6.81,-3.1022,1.422,1.419,-0.2321,0.287
47.435,4,-1.328,-6.81,3.141,1.418,1.417,-0.2439,0.267
47.484,4,-1.39,-6.808,3.0976,1.418,1.422,-0.2583,0.25
47.535,4,-1.47,-6.8,3.0343,1.413,1.422,-0.2358,0.236
47.585,4,-1.549,-6.788,2.9754,1.42,1.429,-0.2321,0.218
47.635,4,-1.61,-6.775,2.9362,1.426,1.442,-0.2441,0.201
47.685,4,-1.689,-6.755,2.8753,1.433,1.442,-0.237,0.181
47.736,4,-1.734,-6.741,2.8485,1.438,1.46,-0.2445,0.176
47.784,4,-1.816,-6.712,2.7843,1.45,1.481,-0.2215,0.167
47.835,4,-1.882,-6.684,2.7343,1.469,1.503,-0.2361,0.161
47.884,4,-1.942,-6.655,2.6914,1.481,1.503,-0.2097,0.158
47.934,4,-2.018,-6.614,2.6346,1.501,1.525,-0.2219,0.158
47.984,4,-2.077,-6.578,2.5885,1.515,1.546,-0.2458,0.156
48.035,4,-2.133,-6.54,2.5425,1.532,1.567,-0.2348,0.151
48.084,4,-2.197,-6.491,2.4823,1.544,1.567,-0.2107,0.15
48.135,4,-2.263,-6.435,2.4211,1.566,1.586,-0.2276,0.154
48.184,4,-2.313,-6.388,2.3797,1.573,1.604,-0.2496,0.158
48.234,4,-2.369,-6.328,2.3178,1.592,1.622,-0.2475,0.157
48.284,4,-2.42,-6.267,2.2622,1.603,1.638,-0.2598,0.155
48.334,4,-2.463,-6.211,2.211,1.615,1.652,-0.2739,0.16
48.384,4,-2.504,-6.149,2.1475,1.627,1.652,-0.2423,0.165
48.434,4,-2.554,-6.063,2.0763,1.644,1.665,-0.2366,0.164
48.484,4,-2.59,-5.989,2.0174,1.65,1.674,-0.2126,0.166
48.534,4,-2.622,-5.913,1.9659,1.67,1.684,-0.213,0.171
48.584,4,-2.64,-5.861,1.9258,1.675,1.699,-0.2132,0.166
48.635,4,-2.675,-5.749,1.8528,1.69,1.726,-0.2177,0.158
48.685,4,-2.693,-5.673,1.8023,1.701,1.764,-0.2137,0.154
48.735,4,-2.71,-5.586,1.7484,1.723,1.764,-0.1898,0.153
48.784,4,-2.72,-5.507,1.6995,1.748,1.803,-0.1783,0.167
48.835,4,-2.728,-5.427,1.6555,1.792,1.842,-0.1666,0.181
48.884,4,-2.732,-5.326,1.603,1.825,1.879,-0.1546,0.194
48.935,4,-2.731,-5.238,1.5587,1.871,1.914,-0.1432,0.204
48.984,4,-2.727,-5.152,1.5164,1.9,1.946,-0.1436,0.218
49.035,4,-2.717,-5.037,1.4736,1.932,1.977,-0.1468,0.252
49.085,4,-2.704,-4.942,1.4292,1.952,2.006,-0.1376,0.288
49.134,4,-2.683,-4.828,1.3794,2.005,2.034,-0.136,0.324
49.185,4,-2.669,-4.761,1.3564,2.013,2.062,-0.1201,0.365
49.234,4,-2.643,-4.661,1.3184,2.035,2.09,-0.114,0.408
49.285,4,-2.609,-4.544,1.2773,2.068,2.119,-0.1039,0.449
49.334,4,-2.576,-4.445,1.2438,2.106,2.149,-0.0965,0.483
49.385,4,-2.538,-4.343,1.2125,2.127,2.181,-0.0807,0.471
49.434,4,-2.507,-4.265,1.1919,2.16,2.214,-0.0753,0.461
49.485,4,-2.456,-4.146,1.159,2.205,2.248,-0.0589,0.452
49.534,4,-2.425,-4.079,1.1423,2.232,2.282,-0.0464,0.445
49.585,4,-2.361,-3.944,1.1191,2.273,2.315,-0.043,0.438
49.634,4,-2.322,-3.868,1.1054,2.31,2.381,-0.0262,0.432
49.684,4,-2.255,-3.738,1.0886,2.334,2.413,-0.0131,0.426
49.734,4,-2.198,-3.631,1.082,2.391,2.445,-0.0,0.42
49.784,4,-2.139,-3.521,1.0799,2.432,2.477,0.0086,0.414
49.835,4,-2.081,-3.413,1.0821,2.47,2.54,0.0301,0.405
49.884,4,-2.038,-3.331,1.0858,2.492,2.571,0.0487,0.395
49.934,4,-1.968,-3.194,1.1013,2.546,2.601,0.0517,0.381
49.985,4,-1.913,-3.083,1.119,2.572,2.632,0.0624,0.362
50.035,4,-1.865,-2.979,1.1403,2.614,2.692,0.0743,0.337
50.085,4,-1.802,-2.833,1.1733,2.66,2.721,0.0747,0.309
50.135,4,-1.753,-2.711,1.2021,2.7,2.746,0.0743,0.276
50.184,4,-1.714,-2.603,1.2265,2.724,2.789,0.0822,0.238
50.234,4,-1.665,-2.455,1.2652,2.763,2.805,0.0787,0.198
50.284,4,-1.626,-2.318,1.2908,2.783,2.818,0.0797,0.158
50.334,4,-1.599,-2.216,1.3221,2.804,2.838,0.0819,0.113
50.385,4,-1.561,-2.048,1.3596,2.824,2.845,0.0776,0.095
50.434,4,-1.535,-1.908,1.3923,2.84,2.856,0.0905,0.086
50.485,4,-1.511,-1.748,1.4341,2.852,2.86,0.0819,0.082
50.534,4,-1.496,-1.623,1.4608,2.859,2.868,0.0948,0.09
50.585,4,-1.485,-1.48,1.4979,2.865,2.872,0.0876,0.096
50.634,4,-1.479,-1.363,1.5312,2.871,2.88,0.091,0.111
50.684,4,-1.478,-1.196,1.5744,2.877,2.885,0.0819,0.133
50.735,4,-1.483,-1.044,1.6093,2.884,2.889,0.0698,0.152
50.784,4,-1.492,-0.902,1.6434,2.891,2.899,0.0782,0.168
50.835,4,-1.505,-0.77,1.6718,2.897,2.904,0.0742,0.181
50.885,4,-1.524,-0.62,1.7082,2.905,2.916,0.0733,0.211
50.934,4,-1.548,-0.474,1.7392,2.913,2.921,0.069,0.241
50.984,4,-1.573,-0.348,1.768,2.92,2.934,0.069,0.27
51.035,4,-1.611,-0.182,1.806,2.931,2.94,0.0608,0.295
51.084,4,-1.645,-0.049,1.8304,2.937,2.952,0.0623,0.316
51.135,4,-1.693,0.116,1.8628,2.95,2.957,0.0484,0.34
51.185,4,-1.731,0.237,1.8813,2.956,2.967,0.0261,0.346
51.234,4,-1.785,0.397,1.8994,2.968,2.971,0.0043,0.356
51.284,4,-1.817,0.487,1.9042,2.971,3.0,-0.0147,0.361
51.334,4,-1.883,0.678,1.9048,2.987,3.025,-0.0274,0.361
51.384,4,-1.914,0.766,1.9017,2.996,3.077,-0.0441,0.362
51.435,4,-1.972,0.941,1.8845,3.04,3.096,-0.0517,0.363
51.485,4,-2.018,1.091,1.8635,3.067,3.1,-0.0616,0.365
51.535,4,-2.06,1.242,1.8365,3.095,3.084,-0.0517,0.371
51.584,4,-2.091,1.366,1.8133,3.1,3.02,-0.0524,0.405
51.634,4,-2.136,1.564,1.7818,3.065,2.986,-0.0572,0.407
51.685,4,-2.155,1.659,1.7691,3.048,2.915,-0.0536,0.404
51.735,4,-2.188,1.84,1.7403,2.981,2.878,-0.0405,0.397
51.785,4,-2.212,1.997,1.7157,2.93,2.798,-0.0404,0.39
51.834,4,-2.23,2.131,1.699,2.864,2.756,-0.0388,0.38
51.884,4,-2.245,2.265,1.6827,2.808,2.667,-0.0525,0.368
51.934,4,-2.26,2.419,1.6612,2.733,2.622,-0.0517,0.353
51.985,4,-2.27,2.54,1.6462,2.697,2.573,-0.0533,0.34
52.034,4,-2.278,2.687,1.6208,2.613,2.474,-0.0603,0.328
52.084,4,-2.282,2.803,1.6026,2.562,2.423,-0.056,0.314
52.134,4,-2.284,2.913,1.5851,2.493,2.369,-0.0625,0.298
52.185,4,-2.284,3.045,1.5622,2.423,2.259,-0.0729,0.279
52.235,4,-2.281,3.142,1.5403,2.341,2.202,-0.0681,0.256
52.285,4,-2.274,3.28,1.5126,2.258,2.141,-0.0762,0.232
52.335,4,-2.267,3.371,1.4913,2.197,2.08,-0.0799,0.211
52.384,4,-2.253,3.509,1.4567,2.097,2.015,-0.1023,0.197
52.435,4,-2.241,3.598,1.43,2.041,1.95,-0.108,0.178
52.485,4,-2.226,3.689,1.4021,1.995,1.888,-0.1202,0.165
52.535,4,-2.207,3.785,1.3706,1.917,1.828,-0.1317,0.155
52.584,4,-2.19,3.858,1.3358,1.871,1.775,-0.131,0.148
52.635,4,-2.166,3.946,1.3028,1.819,1.725,-0.1548,0.143
52.685,4,-2.135,4.044,1.2587,1.754,1.682,-0.1797,0.141
52.735,4,-2.104,4.128,1.2106,1.692,1.64,-0.1945,0.139
52.784,4,-2.072,4.206,1.1695,1.685,1.603,-0.2016,0.134
52.834,4,-2.032,4.29,1.1141,1.626,1.567,-0.2009,0.132
52.885,4,-1.999,4.352,1.0722,1.6,1.533,-0.2241,0.138
52.935,4,-1.961,4.416,1.0257,1.549,1.533,-0.2112,0.143
52.985,4,-1.913,4.489,0.969,1.533,1.501,-0.2147,0.145
53.035,4,-1.869,4.547,0.9222,1.508,1.472,-0.2103,0.138
53.084,4,-1.836,4.588,0.8855,1.485,1.445,-0.2581,0.134
53.135,4,-1.779,4.652,0.831,1.45,1.445,-0.2329,0.132
53.184,4,-1.728,4.703,0.7788,1.442,1.423,-0.2444,0.135
53.234,4,-1.667,4.758,0.7106,1.421,1.405,-0.2581,0.132
53.284,4,-1.632,4.786,0.6803,1.408,1.391,-0.2696,0.125
53.334,4,-1.565,4.835,0.6161,1.39,1.391,-0.2482,0.12
53.384,4,-1.519,4.864,0.5668,1.387,1.381,-0.257,0.121
53.435,4,-1.445,4.907,0.5066,1.379,1.376,-0.2714,0.126
53.488,4,-1.396,4.931,0.4599,1.378,1.376,-0.284,0.128
53.534,4,-1.334,4.959,0.4144,1.372,1.376,-0.2712,0.121
53.585,4,-1.26,4.986,0.3401,1.368,1.381,-0.2788,0.111
53.635,4,-1.189,5.008,0.2757,1.372,1.392,-0.29,0.103
53.684,4,-1.129,5.022,0.2305,1.376,1.408,-0.3046,0.098
53.734,4,-1.049,5.036,0.1567,1.386,1.408,-0.2802,0.101
53.785,4,-0.99,5.043,0.105,1.399,1.425,-0.2787,0.107
53.835,4,-0.93,5.046,0.0578,1.41,1.442,-0.279,0.11
53.884,4,-0.846,5.047,-0.013,1.423,1.455,-0.2793,0.11
53.935,4,-0.784,5.043,-0.0655,1.44,1.455,-0.256,0.113
53.984,4,-0.725,5.036,-0.1201,1.446,1.459,-0.2499,0.111
54.034,4,-0.642,5.022,-0.1813,1.455,1.456,-0.2475,0.104
54.085,4,-0.572,5.006,-0.233,1.459,1.456,-0.225,0.101
54.135,4,-0.491,4.983,-0.2939,1.458,1.45,-0.2092,0.103
54.184,4,-0.443,4.966,-0.3297,1.455,1.449,-0.2143,0.102
54.234,4,-0.371,4.939,-0.3755,1.452,1.486,-0.2005,0.099
54.284,4,-0.3,4.907,-0.4253,1.456,1.486,-0.1888,0.114
54.335,4,-0.231,4.873,-0.4683,1.486,1.533,-0.198,0.131
54.384,4,-0.165,4.837,-0.5114,1.515,1.583,-0.1863,0.147
54.435,4,-0.096,4.794,-0.5591,1.573,1.634,-0.1992,0.162
54.485,4,-0.027,4.747,-0.6082,1.6,1.685,-0.1877,0.176
54.534,4,0.032,4.703,-0.6435,1.652,1.685,-0.1764,0.188
54.584,4,0.088,4.657,-0.6835,1.684,1.736,-0.1916,0.199
54.634,4,0.163,4.591,-0.7429,1.73,1.785,-0.1785,0.207
54.684,4,0.233,4.521,-0.7983,1.774,1.831,-0.1905,0.2
54.735,4,0.286,4.463,-0.8351,1.8,1.871,-0.1787,0.196
54.784,4,0.33,4.411,-0.8789,1.84,1.909,-0.1551,0.191
54.834,4,0.407,4.308,-0.943,1.894,1.943,-0.1592,0.19
54.884,4,0.443,4.256,-0.9687,1.907,1.975,-0.1474,0.2
54.935,4,0.505,4.157,-1.0231,1.959,2.005,-0.1318,0.222
54.985,4,0.553,4.072,-1.0623,1.981,2.033,-0.1321,0.244
55.034,4,0.595,3.991,-1.0966,2.016,2.033,-0.12,0.266
55.084,4,0.635,3.907,-1.1329,2.037,2.084,-0.112,0.285
55.134,4,0.688,3.782,-1.1807,2.071,2.084,-0.0996,0.301
55.184,4,0.722,3.692,-1.2129,2.091,2.131,-0.1018,0.324
55.234,4,0.753,3.603,-1.2378,2.114,2.154,-0.0959,0.361
55.285,4,0.783,3.511,-1.2654,2.136,2.177,-0.0807,0.396
55.334,4,0.81,3.416,-1.2931,2.158,2.201,-0.0713,0.429
55.384,4,0.843,3.292,-1.3208,2.183,2.222,-0.0733,0.404
55.434,4,0.868,3.184,-1.3432,2.213,2.222,-0.0718,0.376
55.484,5,0.892,3.071,-1.3696,2.23,2.282,-0.059,0.352
55.534,5,0.909,2.98,-1.3893,2.266,2.345,-0.0688,0.329
55.584,5,0.928,2.863,-1.4084,2.289,2.377,-0.0696,0.307
55.635,5,0.947,2.736,-1.4324,2.341,2.41,-0.0638,0.287
55.684,5,0.96,2.623,-1.4548,2.375,2.441,-0.0608,0.271
55.734,5,0.971,2.513,-1.4733,2.404,2.473,-0.0513,0.255
55.784,5,0.982,2.381,-1.4953,2.443,2.504,-0.0488,0.242
55.834,5,0.988,2.27,-1.5123,2.489,2.565,-0.0431,0.23
55.885,5,0.994,2.152,-1.5307,2.523,2.595,-0.0345,0.22
55.934,5,0.998,1.993,-1.5477,2.577,2.625,-0.0322,0.21
55.985,5,0.999,1.884,-1.5595,2.598,2.685,-0.0266,0.202
56.034,5,0.999,1.712,-1.5753,2.656,2.714,-0.0237,0.194
56.084,5,0.999,1.627,-1.5804,2.675,2.743,-0.0139,0.187
56.134,5,0.996,1.464,-1.5898,2.724,2.772,-0.0043,0.19
56.184,5,0.993,1.338,-1.5935,2.752,2.83,-0.0,0.191
56.234,5,0.99,1.21,-1.594,2.79,2.858,0.0,0.191
56.287,5,0.986,1.057,-1.594,2.827,2.886,0.0043,0.192
56.334,5,0.983,0.922,-1.5923,2.873,2.942,0.0129,0.194
56.384,5,0.98,0.766,-1.5897,2.899,2.969,0.0172,0.196
56.435,5,0.978,0.634,-1.5834,2.947,3.023,0.0216,0.197
56.484,5,0.978,0.476,-1.5746,2.979,3.049,0.0275,0.192
56.534,5,0.978,0.337,-1.5633,3.029,3.102,0.0259,0.186
56.584,5,0.982,0.148,-1.5489,3.062,3.128,0.0216,0.177
56.634,5,0.984,0.046,-1.5414,3.092,3.179,0.0216,0.166
56.684,5,0.993,-0.164,-1.5264,3.139,3.229,0.0172,0.154
56.734,5,1.0,-0.31,-1.5178,3.188,3.254,0.0136,0.141
56.784,5,1.01,-0.47,-1.5107,3.22,3.303,0.0043,0.126
56.834,5,1.019,-0.62,-1.506,3.259,3.352,-0.0,0.112
56.884,5,1.029,-0.768,-1.5044,3.299,3.376,-0.0,0.099
56.935,5,1.043,-0.971,-1.5044,3.349,3.424,-0.0141,0.085
56.985,5,1.054,-1.143,-1.5055,3.378,3.448,-0.0172,0.072
57.034,5,1.063,-1.293,-1.5124,3.417,3.495,-0.0268,0.063
57.084,5,1.072,-1.471,-1.5231,3.448,3.541,-0.0302,0.055
57.134,5,1.078,-1.625,-1.5345,3.489,3.586,-0.0365,0.051
57.185,5,1.083,-1.84,-1.5518,3.527,3.607,-0.036,0.051
57.235,5,1.084,-2.007,-1.5713,3.573,3.635,-0.036,0.054
57.285,5,1.081,-2.169,-1.5872,3.6,3.613,-0.0357,0.059
57.335,5,1.075,-2.379,-1.6102,3.622,3.553,-0.0345,0.062
57.385,5,1.064,-2.581,-1.6329,3.599,3.495,-0.0388,0.089
57.434,5,1.056,-2.691,-1.6434,3.576,3.467,-0.0389,0.1
57.485,5,1.037,-2.902,-1.6674,3.524,3.408,-0.0409,0.123
57.535,5,1.017,-3.075,-1.6872,3.47,3.346,-0.0431,0.149
57.585,5,0.995,-3.242,-1.7106,3.42,3.281,-0.0474,0.177
57.635,5,0.976,-3.369,-1.7234,3.384,3.246,-0.0437,0.207
57.685,5,0.939,-3.575,-1.7522,3.317,3.175,-0.0431,0.249
57.735,5,0.904,-3.748,-1.7755,3.249,3.138,-0.0259,0.297
57.785,5,0.869,-3.9,-1.795,3.19,3.061,-0.0259,0.349
57.835,5,0.828,-4.071,-1.8114,3.115,2.981,-0.0302,0.407
57.885,5,0.803,-4.17,-1.8179,3.085,2.896,-0.0388,0.422
57.934,5,0.751,-4.365,-1.8392,2.975,2.852,-0.0475,0.469
57.985,5,0.724,-4.461,-1.8488,2.942,2.761,-0.0439,0.486
58.035,5,0.679,-4.607,-1.8679,2.87,2.713,-0.0407,0.519
58.084,5,0.633,-4.751,-1.8865,2.798,2.665,-0.0431,0.541
58.135,5,0.593,-4.867,-1.9037,2.719,2.565,-0.0474,0.566
58.185,5,0.538,-5.018,-1.923,2.664,2.512,-0.0517,0.592
58.235,5,0.509,-5.093,-1.9368,2.602,2.459,-0.0517,0.619
58.285,5,0.447,-5.249,-1.9603,2.533,2.403,-0.056,0.649
58.335,5,0.395,-5.368,-1.9839,2.449,2.286,-0.0742,0.69
58.385,5,0.36,-5.443,-1.9986,2.414,2.224,-0.0824,0.734
58.435,5,0.296,-5.575,-2.027,2.322,2.16,-0.0939,0.735
58.485,5,0.248,-5.668,-2.058,2.223,2.092,-0.0891,0.722
58.535,5,0.202,-5.75,-2.0852,2.134,1.974,-0.1063,0.712
58.585,5,0.13,-5.869,-2.1269,2.039,1.974,-0.096,0.7
58.636,5,0.095,-5.923,-2.1433,2.004,1.878,-0.12,0.693
58.685,5,0.027,-6.022,-2.1795,1.958,1.834,-0.1321,0.677
58.735,5,-0.031,-6.101,-2.2195,1.866,1.794,-0.131,0.658
58.785,5,-0.088,-6.171,-2.2492,1.843,1.794,-0.1185,0.644
58.835,5,-0.144,-6.237,-2.2843,1.807,1.756,-0.1425,0.633
58.885,5,-0.213,-6.312,-2.3279,1.771,1.719,-0.1545,0.62
58.934,5,-0.268,-6.367,-2.3637,1.735,1.684,-0.1702,0.616
58.984,5,-0.339,-6.433,-2.4115,1.687,1.65,-0.2027,0.597
59.035,5,-0.397,-6.48,-2.4571,1.653,1.619,-0.2029,0.574
59.084,5,-0.469,-6.535,-2.5079,1.638,1.588,-0.2008,0.555
59.135,5,-0.511,-6.564,-2.5311,1.625,1.558,-0.2418,0.54
59.185,5,-0.588,-6.614,-2.5893,1.586,1.558,-0.2117,0.526
59.235,5,-0.659,-6.653,-2.6384,1.56,1.53,-0.2245,0.513
59.285,5,-0.725,-6.686,-2.6879,1.536,1.504,-0.2228,0.502
59.335,5,-0.785,-6.712,-2.7346,1.508,1.48,-0.222,0.483
59.385,5,-0.876,-6.746,-2.8024,1.49,1.46,-0.2695,0.445
59.435,5,-0.922,-6.761,-2.8285,1.481,1.444,-0.269,0.43
59.485,5,-1.011,-6.784,-2.9095,1.446,1.444,-0.2502,0.4
59.535,5,-1.075,-6.796,-2.9541,1.44,1.432,-0.2444,0.37
59.585,5,-1.153,-6.806,-3.0211,1.43,1.424,-0.2441,0.32
59.635,5,-1.199,-6.811,-3.0508,1.428,1.419,-0.2604,0.306
59.685,5,-1.285,-6.814,-3.1142,1.419,1.419,-0.2376,0.283
59.734,5,-1.354,-6.813,3.119,1.416,1.417,-0.246,0.263
59.784,5,-1.425,-6.808,3.0661,1.414,1.422,-0.2484,0.247
59.835,5,-1.49,-6.8,3.0281,1.417,1.422,-0.2321,0.233
59.885,5,-1.549,-6.791,2.9846,1.415,1.429,-0.232,0.215
59.935,5,-1.628,-6.774,2.9219,1.42,1.442,-0.2439,0.198
59.984,5,-1.713,-6.75,2.8549,1.432,1.46,-0.2442,0.185
60.035,5,-1.759,-6.735,2.8277,1.437,1.46,-0.2357,0.174
60.085,5,-1.847,-6.701,2.7531,1.457,1.481,-0.2118,0.163
60.135,5,-1.867,-6.692,2.7399,1.461,1.481,-0.1974,0.163
60.186,5,-1.97,-6.642,2.6675,1.484,1.525,-0.2483,0.159
60.235,5,-2.033,-6.606,2.6142,1.501,1.525,-0.2099,0.16
60.285,5,-2.108,-6.558,2.5543,1.525,1.546,-0.2341,0.152
60.335,5,-2.164,-6.518,2.5123,1.535,1.567,-0.2225,0.151
60.385,5,-2.224,-6.469,2.4637,1.555,1.586,-0.2347,0.15
60.435,5,-2.276,-6.423,2.4114,1.572,1.586,-0.2234,0.156
60.485,5,-2.326,-6.375,2.3683,1.582,1.604,-0.2506,0.159
60.534,5,-2.368,-6.33,2.3303,1.585,1.622,-0.2619,0.157
60.585,5,-2.438,-6.245,2.238,1.602,1.638,-0.2477,0.156
60.635,5,-2.485,-6.178,2.1768,1.623,1.652,-0.2601,0.162
60.685,5,-2.526,-6.112,2.1233,1.633,1.652,-0.2399,0.165
60.735,5,-2.571,-6.027,2.0448,1.646,1.674,-0.2247,0.164
60.785,5,-2.603,-5.957,1.9915,1.659,1.674,-0.2007,0.168
60.835,5,-2.62,-5.915,1.9642,1.67,1.684,-0.2011,0.172
60.884,5,-2.654,-5.823,1.9063,1.677,1.699,-0.2012,0.165
60.935,5,-2.682,-5.726,1.8444,1.69,1.726,-0.2134,0.158
60.985,5,-2.7,-5.649,1.7952,1.7,1.764,-0.2136,0.155
61.035,5,-2.714,-5.573,1.7499,1.723,1.803,-0.1899,0.158
61.084,5,-2.726,-5.479,1.6893,1.759,1.842,-0.2069,0.174
61.135,5,-2.732,-5.413,1.6484,1.799,1.842,-0.1725,0.188
61.185,5,-2.735,-5.311,1.5879,1.838,1.914,-0.1675,0.2
61.235,5,-2.733,-5.204,1.5402,1.867,1.914,-0.156,0.21
61.285,5,-2.726,-5.113,1.4944,1.91,1.946,-0.1488,0.229
61.335,5,-2.712,-4.995,1.4398,1.947,1.977,-0.1194,0.281
61.385,5,-2.704,-4.941,1.4191,1.96,2.006,-0.1196,0.298
61.435,5,-2.68,-4.816,1.376,1.998,2.034,-0.1198,0.335
61.485,5,-2.661,-4.734,1.339,2.022,2.062,-0.1122,0.377
61.534,5,-2.632,-4.623,1.2983,2.057,2.09,-0.0955,0.419
61.585,5,-2.597,-4.51,1.2604,2.088,2.119,-0.0927,0.46
61.634,5,-2.572,-4.438,1.2384,2.112,2.181,-0.0887,0.48
61.685,5,-2.527,-4.316,1.2052,2.142,2.181,-0.0711,0.468
61.735,5,-2.484,-4.212,1.1772,2.183,2.248,-0.0735,0.457
61.785,5,-2.441,-4.113,1.1549,2.216,2.282,-0.061,0.448
61.835,5,-2.396,-4.015,1.133,2.259,2.315,-0.0465,0.44
61.885,5,-2.339,-3.898,1.1122,2.295,2.348,-0.0399,0.431
61.935,5,-2.291,-3.804,1.0989,2.331,2.381,-0.027,0.427
61.985,5,-2.236,-3.698,1.0888,2.351,2.413,-0.0128,0.422
62.035,5,-2.177,-3.588,1.0809,2.406,2.477,0.0043,0.416
62.085,5,-2.126,-3.492,1.0793,2.436,2.509,0.0171,0.41
62.135,5,-2.059,-3.367,1.0839,2.488,2.54,0.0301,0.396
62.185,5,-2.008,-3.269,1.09,2.515,2.571,0.0431,0.39
62.234,5,-1.942,-3.14,1.1048,2.552,2.601,0.0562,0.368
62.285,5,-1.897,-3.048,1.1183,2.581,2.662,0.0776,0.358
62.334,5,-1.842,-2.929,1.1425,2.623,2.692,0.0822,0.334
62.385,5,-1.788,-2.805,1.1748,2.658,2.721,0.0733,0.304
62.435,5,-1.739,-2.677,1.2045,2.698,2.771,0.0905,0.269
62.485,5,-1.714,-2.608,1.2215,2.715,2.789,0.0862,0.251
62.535,5,-1.653,-2.425,1.2639,2.757,2.805,0.0907,0.192
62.585,5,-1.613,-2.281,1.3041,2.786,2.829,0.088,0.149
62.635,5,-1.58,-2.144,1.3389,2.813,2.838,0.0833,0.105
62.685,5,-1.548,-1.989,1.3842,2.835,2.851,0.0838,0.088
62.735,5,-1.527,-1.86,1.4151,2.847,2.856,0.0791,0.084
62.785,5,-1.508,-1.722,1.4426,2.854,2.86,0.0733,0.083
62.836,5,-1.494,-1.582,1.4764,2.862,2.868,0.0819,0.091
62.885,5,-1.485,-1.437,1.5127,2.867,2.872,0.0733,0.095
62.935,5,-1.481,-1.342,1.5348,2.873,2.88,0.0871,0.115
62.985,5,-1.48,-1.141,1.5821,2.878,2.889,0.0862,0.137
63.036,5,-1.485,-1.008,1.6125,2.885,2.894,0.0819,0.156
63.085,5,-1.495,-0.864,1.6489,2.893,2.899,0.069,0.171
63.135,5,-1.512,-0.705,1.6858,2.902,2.91,0.0777,0.19
63.185,5,-1.53,-0.573,1.7107,2.905,2.916,0.0795,0.22
63.234,5,-1.558,-0.412,1.7511,2.915,2.928,0.0776,0.266
63.285,5,-1.584,-0.284,1.7836,2.923,2.934,0.069,0.279
63.334,5,-1.615,-0.152,1.8095,2.932,2.946,0.069,0.304
63.385,5,-1.659,0.009,1.8452,2.941,2.952,0.0517,0.323
63.435,5,-1.696,0.134,1.8635,2.95,2.957,0.0388,0.339
63.485,5,-1.748,0.294,1.8895,2.96,2.967,0.0172,0.356
63.535,5,-1.78,0.387,1.898,2.965,2.976,-0.0,0.36
63.585,5,-1.845,0.575,1.9066,2.976,3.0,-0.0129,0.363
63.635,5,-1.891,0.708,1.9034,2.991,3.051,-0.0302,0.363
63.684,5,-1.934,0.833,1.8975,3.01,3.077,-0.0474,0.364
63.735,5,-1.987,0.995,1.879,3.051,3.115,-0.0606,0.365
63.785,5,-2.028,1.13,1.8601,3.076,3.1,-0.056,0.368
63.835,5,-2.073,1.294,1.8266,3.099,3.052,-0.056,0.376
63.885,5,-2.108,1.438,1.8023,3.09,3.02,-0.0488,0.412
63.935,5,-2.139,1.582,1.7796,3.055,2.952,-0.0517,0.405
63.984,5,-2.173,1.757,1.7528,3.011,2.915,-0.053,0.402
64.035,5,-2.195,1.886,1.7323,2.957,2.838,-0.0431,0.395
64.084,5,-2.217,2.042,1.7114,2.916,2.798,-0.0388,0.387
64.135,5,-2.23,2.142,1.6981,2.877,2.713,-0.0431,0.376
64.184,5,-2.249,2.311,1.677,2.811,2.667,-0.0494,0.363
64.235,5,-2.262,2.448,1.658,2.735,2.573,-0.056,0.348
64.285,5,-2.272,2.595,1.6347,2.663,2.525,-0.056,0.33
64.335,5,-2.279,2.722,1.6138,2.583,2.474,-0.0517,0.317
64.385,5,-2.282,2.836,1.598,2.53,2.423,-0.0517,0.309
64.434,5,-2.283,2.975,1.5737,2.459,2.316,-0.0646,0.283
64.485,5,-2.283,3.067,1.5624,2.428,2.259,-0.073,0.273
64.535,5,-2.279,3.197,1.5356,2.34,2.202,-0.0739,0.251
64.585,5,-2.273,3.303,1.5118,2.262,2.141,-0.0805,0.226
64.634,5,-2.264,3.413,1.4867,2.187,2.08,-0.0857,0.209
64.685,5,-2.251,3.536,1.453,2.117,1.95,-0.1214,0.193
64.735,5,-2.238,3.627,1.4284,2.037,1.888,-0.1337,0.176
64.785,5,-2.219,3.736,1.3852,1.949,1.828,-0.1481,0.159
64.835,5,-2.205,3.801,1.3585,1.894,1.775,-0.1435,0.154
64.885,5,-2.178,3.906,1.3144,1.837,1.775,-0.1335,0.146
64.935,5,-2.158,3.975,1.2813,1.793,1.682,-0.1667,0.142
64.985,5,-2.121,4.085,1.2304,1.723,1.682,-0.1539,0.14
65.034,5,-2.091,4.162,1.1936,1.691,1.64,-0.1774,0.137
65.085,5,-2.062,4.229,1.1573,1.662,1.603,-0.1891,0.134
65.135,5,-2.033,4.29,1.1163,1.619,1.567,-0.1882,0.134
65.185,5,-1.983,4.381,1.0571,1.588,1.533,-0.2239,0.143
65.235,5,-1.944,4.445,1.0118,1.548,1.501,-0.223,0.145
65.285,5,-1.904,4.504,0.9645,1.522,1.501,-0.2128,0.145
65.335,5,-1.853,4.571,0.9107,1.501,1.472,-0.2101,0.137
65.385,5,-1.81,4.623,0.8681,1.481,1.445,-0.2573,0.136
65.435,5,-1.768,4.669,0.824,1.447,1.423,-0.2739,0.136
65.485,5,-1.711,4.724,0.7663,1.421,1.423,-0.2441,0.139
65.535,5,-1.66,4.768,0.7095,1.42,1.405,-0.2596,0.133
65.584,5,-1.607,4.81,0.6543,1.405,1.391,-0.2555,0.127
65.635,5,-1.544,4.854,0.5929,1.388,1.381,-0.2668,0.124
65.685,5,-1.488,4.888,0.5502,1.385,1.381,-0.255,0.126
65.736,5,-1.44,4.915,0.4978,1.377,1.376,-0.2688,0.131
65.785,5,-1.36,4.953,0.4283,1.371,1.376,-0.2782,0.129
65.834,5,-1.318,4.97,0.3973,1.371,1.381,-0.2899,0.123
65.885,5,-1.243,4.997,0.3297,1.37,1.381,-0.279,0.114
65.934,5,-1.171,5.018,0.2656,1.372,1.392,-0.2781,0.107
65.985,5,-1.113,5.031,0.2152,1.376,1.408,-0.2899,0.103
66.035,5,-1.039,5.043,0.1467,1.393,1.425,-0.304,0.107
66.085,5,-0.963,5.05,0.079,1.404,1.425,-0.281,0.114
66.134,5,-0.918,5.052,0.0458,1.412,1.442,-0.2791,0.115
66.185,5,-0.835,5.051,-0.0271,1.424,1.455,-0.2809,0.115
66.234,5,-0.756,5.044,-0.0961,1.442,1.455,-0.249,0.117
66.285,5,-0.695,5.035,-0.1478,1.452,1.459,-0.2457,0.112
66.335,5,-0.611,5.019,-0.2133,1.456,1.456,-0.2363,0.105
66.385,5,-0.547,5.002,-0.26,1.456,1.45,-0.2347,0.105
66.434,5,-0.468,4.978,-0.317,1.452,1.45,-0.2136,0.106
66.485,5,-0.408,4.955,-0.3598,1.454,1.449,-0.1974,0.103
66.534,5,-0.348,4.931,-0.3952,1.454,1.486,-0.1855,0.101
66.585,5,-0.282,4.9,-0.44,1.475,1.533,-0.2108,0.119
66.635,5,-0.21,4.863,-0.4875,1.515,1.533,-0.1898,0.135
66.685,5,-0.168,4.838,-0.5168,1.53,1.583,-0.1748,0.151
66.735,5,-0.08,4.783,-0.5745,1.572,1.634,-0.1873,0.165
66.785,5,-0.026,4.746,-0.6111,1.589,1.685,-0.1883,0.178
66.835,5,0.05,4.688,-0.6627,1.652,1.685,-0.1644,0.19
66.885,5,0.1,4.646,-0.7015,1.683,1.736,-0.1793,0.201
66.934,5,0.172,4.581,-0.7499,1.719,1.785,-0.1655,0.207
66.985,5,0.241,4.512,-0.8024,1.77,1.831,-0.1795,0.202
67.035,5,0.294,4.453,-0.8395,1.809,1.871,-0.1788,0.195
67.084,5,0.36,4.372,-0.9004,1.854,1.909,-0.1603,0.191
67.135,5,0.414,4.299,-0.9451,1.898,1.943,-0.1587,0.191
67.184,5,0.474,4.208,-0.9983,1.935,1.975,-0.1483,0.205
67.235,5,0.507,4.155,-1.022,1.946,2.005,-0.1318,0.227
67.285,5,0.569,4.043,-1.0803,1.991,2.033,-0.1197,0.26
67.335,5,0.609,3.962,-1.114,2.021,2.06,-0.12,0.27
67.384,5,0.657,3.858,-1.155,2.043,2.084,-0.1099,0.288
67.44,5,0.684,3.794,-1.174,2.059,2.108,-0.1056,0.303
67.485,5,0.732,3.667,-1.2199,2.093,2.131,-0.1097,0.35
67.534,5,0.754,3.602,-1.2383,2.103,2.154,-0.0931,0.368
67.584,5,0.797,3.463,-1.2848,2.145,2.177,-0.0766,0.419
67.635,5,0.816,3.394,-1.2991,2.157,2.201,-0.0718,0.429
67.685,5,0.845,3.28,-1.3256,2.184,2.222,-0.063,0.4
67.737,6,0.876,3.142,-1.3588,2.227,2.222,-0.0674,0.374
67.785,6,0.891,3.072,-1.3704,2.231,2.314,-0.0682,0.349
67.835,6,0.915,2.939,-1.3977,2.278,2.345,-0.0651,0.327
67.885,6,0.927,2.863,-1.4129,2.307,2.377,-0.0641,0.306
67.935,6,0.946,2.727,-1.4377,2.345,2.41,-0.0511,0.287
67.985,6,0.962,2.585,-1.4641,2.388,2.441,-0.0469,0.271
68.035,6,0.973,2.467,-1.4798,2.423,2.473,-0.0471,0.255
68.085,6,0.983,2.337,-1.4983,2.459,2.535,-0.0522,0.241
68.134,6,0.988,2.253,-1.5117,2.487,2.565,-0.0431,0.228
68.185,6,0.995,2.081,-1.5368,2.537,2.595,-0.0345,0.214
68.235,6,0.997,1.963,-1.5514,2.575,2.625,-0.0259,0.21
68.285,6,0.999,1.843,-1.5623,2.606,2.655,-0.0216,0.201
68.335,6,0.999,1.722,-1.5719,2.643,2.714,-0.019,0.193
68.385,6,0.997,1.578,-1.5807,2.672,2.743,-0.0129,0.188
68.435,6,0.996,1.456,-1.5855,2.725,2.801,-0.0043,0.19
68.485,6,0.993,1.326,-1.59,2.758,2.83,-0.0,0.191
68.534,6,0.989,1.15,-1.5917,2.805,2.858,0.0,0.191
68.585,6,0.987,1.02,-1.5917,2.839,2.914,0.0043,0.192
68.634,6,0.985,0.922,-1.5914,2.863,2.942,0.0137,0.193
68.685,6,0.981,0.728,-1.5877,2.92,2.996,0.0218,0.195
68.735,6,0.979,0.589,-1.5803,2.963,3.023,0.0233,0.194
68.785,6,0.979,0.466,-1.5715,2.998,3.076,0.0216,0.189
68.835,6,0.981,0.266,-1.559,3.046,3.102,0.0273,0.183
68.885,6,0.983,0.125,-1.5498,3.069,3.153,0.0259,0.175
68.935,6,0.989,-0.052,-1.5344,3.123,3.179,0.0216,0.158
68.985,6,0.993,-0.153,-1.5275,3.146,3.229,0.0129,0.151
69.035,6,1.002,-0.327,-1.517,3.183,3.279,0.0086,0.137
69.085,6,1.011,-0.472,-1.5109,3.225,3.303,0.0059,0.124
69.135,6,1.022,-0.644,-1.5066,3.264,3.352,-0.0,0.11
69.184,6,1.036,-0.861,-1.5036,3.313,3.376,-0.0,0.096
69.235,6,1.044,-0.971,-1.5036,3.333,3.424,-0.0086,0.082
69.285,6,1.055,-1.146,-1.5036,3.367,3.472,-0.0275,0.069
69.334,6,1.065,-1.295,-1.5091,3.412,3.495,-0.031,0.058
69.385,6,1.076,-1.505,-1.5248,3.454,3.541,-0.0302,0.052
69.435,6,1.082,-1.694,-1.5429,3.505,3.586,-0.0347,0.049
69.485,6,1.085,-1.874,-1.5603,3.543,3.629,-0.0359,0.05
69.535,6,1.085,-2.049,-1.5781,3.586,3.64,-0.0345,0.054
69.584,6,1.08,-2.251,-1.5992,3.619,3.613,-0.0354,0.058
69.635,6,1.075,-2.396,-1.6122,3.625,3.553,-0.0345,0.063
69.684,6,1.067,-2.544,-1.6282,3.609,3.495,-0.0409,0.081
69.735,6,1.052,-2.754,-1.6499,3.555,3.437,-0.0444,0.102
69.785,6,1.041,-2.87,-1.6636,3.527,3.408,-0.0388,0.126
69.835,6,1.021,-3.047,-1.6887,3.468,3.346,-0.0388,0.153
69.884,6,0.989,-3.284,-1.7151,3.403,3.281,-0.0435,0.181
69.935,6,0.965,-3.433,-1.7339,3.348,3.246,-0.0399,0.213
69.984,6,0.928,-3.631,-1.7601,3.281,3.175,-0.0365,0.28
70.035,6,0.908,-3.733,-1.7686,3.253,3.1,-0.0345,0.304
70.084,6,0.863,-3.939,-1.7928,3.163,3.022,-0.0408,0.379
70.135,6,0.84,-4.04,-1.803,3.121,2.981,-0.0404,0.393
70.185,6,0.792,-4.227,-1.8251,3.051,2.896,-0.0388,0.423
70.235,6,0.757,-4.354,-1.8412,2.979,2.852,-0.0388,0.454
70.285,6,0.711,-4.511,-1.8585,2.914,2.807,-0.0302,0.487
70.335,6,0.671,-4.642,-1.8743,2.853,2.713,-0.04,0.52
70.384,6,0.62,-4.796,-1.8926,2.769,2.665,-0.0431,0.543
70.435,6,0.592,-4.879,-1.9026,2.722,2.565,-0.0517,0.567
70.484,6,0.531,-5.047,-1.9284,2.648,2.512,-0.056,0.593
70.535,6,0.5,-5.128,-1.9393,2.61,2.403,-0.069,0.621
70.585,6,0.449,-5.253,-1.9628,2.536,2.345,-0.069,0.651
70.634,6,0.395,-5.376,-1.9894,2.437,2.286,-0.0731,0.693
70.685,6,0.35,-5.471,-2.0101,2.38,2.224,-0.0726,0.738
70.735,6,0.289,-5.593,-2.0374,2.291,2.16,-0.0851,0.733
70.785,6,0.24,-5.685,-2.0654,2.213,2.092,-0.0852,0.721
70.835,6,0.177,-5.795,-2.0999,2.125,1.974,-0.105,0.708
70.885,6,0.142,-5.854,-2.1169,2.087,1.923,-0.1208,0.705
70.935,6,0.076,-5.954,-2.157,1.973,1.878,-0.1199,0.691
70.984,6,0.04,-6.007,-2.1799,1.943,1.834,-0.1358,0.673
71.034,6,-0.044,-6.118,-2.2336,1.857,1.794,-0.1309,0.655
71.085,6,-0.097,-6.182,-2.2665,1.834,1.756,-0.1585,0.64
71.134,6,-0.149,-6.242,-2.2928,1.807,1.756,-0.1459,0.629
71.185,6,-0.217,-6.314,-2.3401,1.763,1.684,-0.1663,0.619
71.235,6,-0.288,-6.382,-2.3865,1.714,1.684,-0.1539,0.607
71.285,6,-0.331,-6.42,-2.4091,1.697,1.65,-0.1774,0.586
71.335,6,-0.406,-6.483,-2.4644,1.656,1.619,-0.1768,0.564
71.385,6,-0.458,-6.522,-2.5043,1.631,1.588,-0.1931,0.546
71.435,6,-0.534,-6.573,-2.555,1.599,1.558,-0.2283,0.531
71.485,6,-0.61,-6.62,-2.6072,1.576,1.53,-0.2371,0.511
71.535,6,-0.677,-6.656,-2.6582,1.538,1.53,-0.1989,0.504
71.585,6,-0.74,-6.686,-2.7078,1.53,1.504,-0.2105,0.493
71.635,6,-0.797,-6.71,-2.739,1.512,1.48,-0.2224,0.472
71.685,6,-0.856,-6.732,-2.7786,1.504,1.46,-0.2702,0.448
71.734,6,-0.951,-6.763,-2.8461,1.469,1.444,-0.2723,0.421
71.785,6,-1.028,-6.781,-2.9149,1.445,1.444,-0.248,0.392
71.835,6,-1.091,-6.793,-2.9676,1.44,1.432,-0.2482,0.361
71.885,6,-1.153,-6.801,-3.0089,1.432,1.424,-0.2443,0.327
71.934,6,-1.239,-6.808,-3.0776,1.421,1.419,-0.256,0.298
71.985,6,-1.286,-6.809,-3.109,1.422,1.419,-0.2341,0.276
72.035,6,-1.366,-6.808,3.116,1.416,1.417,-0.2481,0.257
72.085,6,-1.448,-6.802,3.0499,1.413,1.422,-0.2468,0.234
72.135,6,-1.493,-6.796,3.0229,1.416,1.429,-0.2439,0.227
72.186,6,-1.578,-6.782,2.9647,1.418,1.429,-0.2321,0.208
72.234,6,-1.652,-6.764,2.9097,1.425,1.442,-0.2451,0.193
72.285,6,-1.693,-6.753,2.8717,1.428,1.46,-0.2441,0.18
72.335,6,-1.784,-6.723,2.8029,1.446,1.481,-0.2207,0.17
72.384,6,-1.862,-6.691,2.7421,1.47,1.481,-0.2132,0.162
72.435,6,-1.906,-6.671,2.7154,1.479,1.503,-0.2221,0.157
72.485,6,-1.955,-6.647,2.6844,1.481,1.525,-0.2464,0.156
72.535,6,-2.025,-6.608,2.6359,1.495,1.546,-0.2575,0.157
72.585,6,-2.108,-6.556,2.5577,1.518,1.546,-0.234,0.151
72.635,6,-2.161,-6.517,2.5043,1.54,1.567,-0.2141,0.148
72.684,6,-2.228,-6.463,2.4504,1.546,1.586,-0.2346,0.149
72.734,6,-2.298,-6.399,2.3862,1.571,1.604,-0.2471,0.154
72.785,6,-2.336,-6.361,2.3536,1.582,1.622,-0.2594,0.156
72.835,6,-2.397,-6.292,2.2827,1.599,1.622,-0.2357,0.153
72.884,6,-2.442,-6.234,2.2303,1.612,1.638,-0.2479,0.154
72.935,6,-2.496,-6.156,2.1557,1.626,1.652,-0.2482,0.16
72.985,6,-2.534,-6.094,2.1071,1.635,1.665,-0.2613,0.162
73.035,6,-2.578,-6.009,2.0299,1.647,1.674,-0.2263,0.164
73.085,6,-2.609,-5.938,1.9725,1.665,1.684,-0.2183,0.167
73.135,6,-2.638,-5.862,1.9205,1.678,1.699,-0.2132,0.169
73.184,6,-2.66,-5.792,1.8789,1.684,1.699,-0.2035,0.159
73.235,6,-2.685,-5.699,1.8139,1.699,1.726,-0.1894,0.153
73.285,6,-2.701,-5.624,1.772,1.716,1.764,-0.2017,0.15
73.334,6,-2.717,-5.521,1.7062,1.756,1.803,-0.1781,0.159
73.385,6,-2.724,-5.443,1.66,1.792,1.842,-0.1836,0.174
73.435,6,-2.729,-5.362,1.6236,1.82,1.879,-0.1689,0.187
73.485,6,-2.73,-5.259,1.564,1.853,1.914,-0.161,0.198
73.535,6,-2.726,-5.166,1.5294,1.891,1.946,-0.1555,0.207
73.585,6,-2.717,-5.063,1.4752,1.925,1.977,-0.1314,0.252
73.635,6,-2.709,-4.996,1.4435,1.956,2.006,-0.1337,0.27
73.685,6,-2.69,-4.881,1.401,1.989,2.034,-0.1344,0.306
73.735,6,-2.669,-4.774,1.3724,2.009,2.034,-0.12,0.345
73.785,6,-2.651,-4.701,1.3324,2.037,2.09,-0.1131,0.388
73.835,6,-2.619,-4.584,1.293,2.067,2.119,-0.109,0.43
73.885,6,-2.594,-4.505,1.2621,2.093,2.149,-0.0959,0.471
73.935,6,-2.552,-4.383,1.2257,2.135,2.181,-0.0836,0.476
73.985,6,-2.51,-4.274,1.1916,2.164,2.214,-0.0756,0.46
74.035,6,-2.471,-4.183,1.169,2.197,2.248,-0.0672,0.455
74.085,6,-2.425,-4.08,1.1499,2.218,2.282,-0.0592,0.446
74.135,6,-2.378,-3.98,1.1285,2.269,2.315,-0.0486,0.439
74.185,6,-2.32,-3.862,1.1052,2.315,2.348,-0.0339,0.43
74.235,6,-2.278,-3.781,1.0963,2.343,2.381,-0.0226,0.427
74.285,6,-2.212,-3.655,1.0849,2.382,2.445,-0.0043,0.417
74.335,6,-2.162,-3.561,1.0818,2.423,2.477,0.0043,0.414
74.385,6,-2.104,-3.453,1.0814,2.446,2.509,0.0172,0.407
74.435,6,-2.057,-3.363,1.0859,2.494,2.54,0.0317,0.397
74.485,6,-1.99,-3.234,1.0945,2.523,2.601,0.0566,0.386
74.535,6,-1.924,-3.103,1.1131,2.573,2.632,0.0647,0.36
74.585,6,-1.885,-3.022,1.1275,2.596,2.662,0.069,0.349
74.635,6,-1.824,-2.887,1.1565,2.642,2.692,0.0703,0.323
74.685,6,-1.771,-2.759,1.1794,2.668,2.746,0.0923,0.292
74.734,6,-1.72,-2.623,1.2218,2.72,2.771,0.0776,0.256
74.785,6,-1.681,-2.505,1.2538,2.75,2.789,0.0707,0.213
74.835,6,-1.648,-2.399,1.2818,2.777,2.818,0.0778,0.174
74.886,6,-1.609,-2.254,1.3109,2.791,2.838,0.0917,0.131
74.934,6,-1.568,-2.079,1.3591,2.824,2.845,0.0835,0.098
74.985,6,-1.544,-1.951,1.3912,2.838,2.851,0.0733,0.087
75.035,6,-1.524,-1.824,1.4185,2.849,2.86,0.0862,0.081
75.085,6,-1.503,-1.657,1.4584,2.859,2.864,0.0776,0.089
75.135,6,-1.494,-1.563,1.4759,2.863,2.872,0.095,0.092
75.185,6,-1.482,-1.388,1.5171,2.868,2.876,0.0862,0.1
75.235,6,-1.479,-1.236,1.5594,2.876,2.885,0.0905,0.123
75.285,6,-1.481,-1.112,1.5898,2.88,2.889,0.0819,0.144
75.335,6,-1.489,-0.948,1.6319,2.889,2.899,0.0863,0.161
75.385,6,-1.501,-0.81,1.6664,2.895,2.904,0.0733,0.175
75.435,6,-1.516,-0.68,1.6937,2.902,2.91,0.0744,0.199
75.485,6,-1.539,-0.528,1.7281,2.909,2.921,0.0733,0.229
75.535,6,-1.56,-0.41,1.7567,2.918,2.928,0.0659,0.259
75.585,6,-1.601,-0.225,1.797,2.928,2.94,0.069,0.297
75.635,6,-1.624,-0.131,1.8151,2.933,2.946,0.056,0.308
75.685,6,-1.673,0.045,1.8522,2.944,2.957,0.0431,0.327
75.735,6,-1.709,0.164,1.8712,2.955,2.962,0.0259,0.341
75.785,6,-1.76,0.321,1.8902,2.962,2.967,0.0188,0.352
75.835,6,-1.815,0.481,1.9028,2.972,2.976,-0.0053,0.361
75.885,6,-1.858,0.605,1.9062,2.976,3.025,-0.0216,0.361
75.935,6,-1.913,0.764,1.8992,3.004,3.051,-0.035,0.361
75.985,6,-1.948,0.867,1.8913,3.02,3.096,-0.0538,0.362
76.034,6,-2.003,1.041,1.8695,3.06,3.115,-0.0517,0.364
76.085,6,-2.042,1.177,1.8471,3.085,3.084,-0.0608,0.369
76.135,6,-2.081,1.324,1.8221,3.094,3.052,-0.0517,0.387
76.185,6,-2.121,1.498,1.7879,3.076,2.986,-0.053,0.408
76.235,6,-2.149,1.633,1.7685,3.04,2.952,-0.0486,0.403
76.285,6,-2.179,1.801,1.7416,2.982,2.878,-0.0447,0.394
76.335,6,-2.198,1.917,1.7274,2.942,2.838,-0.0345,0.391
76.385,6,-2.221,2.078,1.7075,2.885,2.756,-0.0431,0.382
76.435,6,-2.235,2.191,1.693,2.828,2.713,-0.0439,0.372
76.484,6,-2.254,2.37,1.6684,2.752,2.667,-0.0474,0.35
76.535,6,-2.262,2.457,1.6574,2.717,2.573,-0.0517,0.342
76.585,6,-2.274,2.633,1.6298,2.643,2.474,-0.0603,0.326
76.635,6,-2.279,2.746,1.6103,2.555,2.423,-0.0615,0.319
76.685,6,-2.282,2.872,1.5928,2.51,2.369,-0.0603,0.303
76.735,6,-2.282,2.994,1.5689,2.436,2.316,-0.0617,0.284
76.785,6,-2.279,3.129,1.5411,2.353,2.202,-0.0725,0.252
76.835,6,-2.274,3.23,1.5198,2.274,2.141,-0.0806,0.24
76.885,6,-2.266,3.355,1.4935,2.211,2.08,-0.085,0.207
76.934,6,-2.259,3.424,1.481,2.177,2.015,-0.0966,0.201
76.986,6,-2.245,3.547,1.4492,2.103,1.95,-0.1127,0.184
77.035,6,-2.23,3.649,1.4176,1.998,1.888,-0.1202,0.168
77.085,6,-2.215,3.734,1.388,1.965,1.828,-0.132,0.157
77.135,6,-2.192,3.838,1.3468,1.882,1.775,-0.1479,0.149
77.185,6,-2.168,3.933,1.3112,1.836,1.725,-0.1714,0.143
77.235,6,-2.146,4.008,1.2745,1.761,1.682,-0.1792,0.14
77.285,6,-2.111,4.107,1.2191,1.709,1.682,-0.1537,0.136
77.335,6,-2.091,4.157,1.1963,1.693,1.64,-0.1833,0.134
77.385,6,-2.051,4.249,1.1463,1.664,1.603,-0.1912,0.131
77.435,6,-2.014,4.323,1.1009,1.617,1.567,-0.1884,0.134
77.485,6,-1.981,4.382,1.0606,1.587,1.533,-0.2246,0.141
77.535,6,-1.932,4.461,1.0013,1.541,1.501,-0.2282,0.144
77.585,6,-1.893,4.516,0.9582,1.533,1.472,-0.2226,0.141
77.635,6,-1.838,4.587,0.8938,1.487,1.445,-0.2735,0.134
77.685,6,-1.797,4.634,0.856,1.47,1.445,-0.2452,0.134
77.735,6,-1.754,4.68,0.8081,1.443,1.423,-0.2608,0.136
77.784,6,-1.693,4.738,0.7416,1.423,1.405,-0.2677,0.137
77.835,6,-1.646,4.777,0.6931,1.406,1.405,-0.249,0.129
77.885,6,-1.586,4.822,0.64,1.401,1.391,-0.2553,0.123
77.934,6,-1.541,4.852,0.5883,1.39,1.381,-0.2551,0.121
77.985,6,-1.472,4.894,0.5288,1.379,1.376,-0.2812,0.126
78.035,6,-1.414,4.924,0.4761,1.369,1.376,-0.2546,0.129
78.085,6,-1.342,4.957,0.4073,1.372,1.376,-0.2722,0.127
78.135,6,-1.281,4.98,0.3543,1.369,1.381,-0.2832,0.115
78.184,6,-1.236,4.995,0.3129,1.369,1.392,-0.2945,0.106
78.236,6,-1.157,5.016,0.247,1.376,1.392,-0.2664,0.1
78.285,6,-1.086,5.03,0.1887,1.384,1.408,-0.2783,0.098
78.335,6,-1.015,5.04,0.1197,1.397,1.425,-0.2787,0.104
78.384,6,-0.965,5.044,0.0792,1.401,1.442,-0.2933,0.108
78.435,6,-0.896,5.046,0.0262,1.417,1.442,-0.2717,0.109
78.485,6,-0.801,5.042,-0.0619,1.435,1.455,-0.256,0.11
78.534,6,-0.733,5.035,-0.1071,1.447,1.459,-0.2562,0.111
78.585,6,-0.67,5.025,-0.1606,1.453,1.459,-0.2345,0.104
78.635,6,-0.597,5.01,-0.2197,1.458,1.456,-0.2256,0.1
78.685,6,-0.522,4.99,-0.2743,1.458,1.45,-0.2244,0.101
78.734,6,-0.458,4.969,-0.3127,1.453,1.449,-0.221,0.101
78.785,6,-0.389,4.943,-0.3657,1.453,1.449,-0.201,0.097
78.835,6,-0.319,4.913,-0.416,1.454,1.486,-0.1737,0.106
78.885,6,-0.245,4.878,-0.4628,1.495,1.533,-0.1975,0.123
78.935,6,-0.203,4.855,-0.4883,1.521,1.583,-0.1866,0.139
78.985,6,-0.115,4.803,-0.5498,1.546,1.583,-0.1759,0.161
79.034,6,-0.073,4.776,-0.5743,1.572,1.634,-0.1875,0.168
79.085,6,0.007,4.719,-0.6288,1.612,1.685,-0.1759,0.181
79.135,6,0.059,4.678,-0.6688,1.659,1.736,-0.1944,0.193
79.185,6,0.137,4.612,-0.7182,1.692,1.785,-0.1772,0.202
79.235,6,0.199,4.553,-0.7641,1.757,1.831,-0.1901,0.207
79.285,6,0.269,4.48,-0.8214,1.803,1.871,-0.1909,0.195
79.335,6,0.322,4.419,-0.8652,1.841,1.871,-0.1671,0.192
79.384,6,0.387,4.335,-0.9227,1.884,1.909,-0.1614,0.19
79.435,6,0.423,4.286,-0.9462,1.902,1.943,-0.1436,0.192
79.485,6,0.492,4.18,-1.0096,1.936,1.975,-0.1354,0.225
79.535,6,0.523,4.128,-1.0319,1.962,2.005,-0.1353,0.236
79.585,6,0.583,4.019,-1.0833,1.995,2.033,-0.1198,0.259
79.635,6,0.626,3.932,-1.1199,2.025,2.06,-0.1201,0.279
79.685,6,0.663,3.848,-1.1539,2.047,2.084,-0.1057,0.297
79.735,6,0.71,3.733,-1.1978,2.082,2.108,-0.0974,0.313
79.785,6,0.742,3.644,-1.227,2.103,2.131,-0.0931,0.348
79.835,6,0.775,3.543,-1.2575,2.131,2.154,-0.0891,0.384
79.885,6,0.802,3.453,-1.2826,2.147,2.201,-0.0796,0.418
79.934,6,0.839,3.314,-1.321,2.188,2.201,-0.0733,0.401
79.985,6,0.856,3.244,-1.3348,2.202,2.222,-0.0724,0.388
80.034,7,0.887,3.1,-1.3686,2.225,2.282,-0.0644,0.351
80.085,7,0.901,3.028,-1.3807,2.231,2.314,-0.0633,0.339
80.136,7,0.924,2.893,-1.4068,2.292,2.345,-0.061,0.317
80.185,7,0.942,2.77,-1.4268,2.319,2.377,-0.0611,0.297
80.236,7,0.955,2.667,-1.4475,2.362,2.41,-0.0532,0.278
80.284,7,0.969,2.538,-1.4682,2.396,2.441,-0.047,0.262
80.335,7,0.979,2.413,-1.4904,2.436,2.504,-0.0471,0.248
80.385,7,0.987,2.295,-1.5057,2.461,2.535,-0.0488,0.235
80.435,7,0.993,2.182,-1.5233,2.515,2.565,-0.0388,0.223
80.485,7,0.997,2.052,-1.5399,2.549,2.595,-0.035,0.214
80.535,7,1.0,1.902,-1.5586,2.593,2.655,-0.0302,0.201
80.585,7,1.0,1.798,-1.5682,2.614,2.685,-0.0227,0.197
80.634,7,0.999,1.633,-1.5804,2.675,2.714,-0.0177,0.19
80.685,7,0.998,1.547,-1.5849,2.694,2.772,-0.0103,0.189
80.734,7,0.995,1.397,-1.5918,2.729,2.801,-0.005,0.191
80.785,7,0.992,1.27,-1.5949,2.765,2.858,0.0046,0.191
80.835,7,0.988,1.116,-1.5963,2.808,2.886,0.0099,0.191
80.884,7,0.984,0.939,-1.5931,2.86,2.914,0.0132,0.193
80.935,7,0.982,0.847,-1.5906,2.885,2.969,0.0172,0.195
80.985,7,0.979,0.687,-1.584,2.916,2.996,0.0172,0.196
81.035,7,0.978,0.506,-1.5743,2.97,3.049,0.0216,0.191
81.085,7,0.978,0.411,-1.5692,2.993,3.076,0.0259,0.188
81.135,7,0.981,0.204,-1.5545,3.05,3.128,0.0259,0.177
81.185,7,0.983,0.103,-1.5473,3.072,3.153,0.0261,0.172
81.234,7,0.99,-0.112,-1.5292,3.128,3.204,0.0216,0.16
81.285,7,0.995,-0.216,-1.5222,3.15,3.254,0.0151,0.146
81.335,7,1.006,-0.391,-1.5109,3.199,3.279,0.0096,0.132
81.385,7,1.015,-0.542,-1.5052,3.238,3.303,0.0,0.117
81.435,7,1.028,-0.725,-1.5019,3.279,3.352,-0.0048,0.102
81.485,7,1.039,-0.887,-1.5019,3.308,3.4,-0.0101,0.089
81.535,7,1.05,-1.044,-1.5047,3.357,3.424,-0.0175,0.076
81.585,7,1.061,-1.23,-1.5107,3.396,3.472,-0.0216,0.066
81.634,7,1.069,-1.385,-1.5187,3.43,3.518,-0.0259,0.058
81.685,7,1.077,-1.544,-1.5298,3.463,3.563,-0.0302,0.052
81.734,7,1.081,-1.704,-1.544,3.505,3.607,-0.0358,0.05
81.784,7,1.085,-1.927,-1.5628,3.55,3.629,-0.0302,0.051
81.835,7,1.084,-2.103,-1.5789,3.592,3.64,-0.0345,0.056
81.885,7,1.08,-2.269,-1.5938,3.617,3.582,-0.0439,0.059
81.935,7,1.072,-2.479,-1.6137,3.616,3.524,-0.0431,0.067
81.985,7,1.061,-2.658,-1.6379,3.586,3.495,-0.0388,0.086
82.034,7,1.046,-2.835,-1.6585,3.542,3.437,-0.0388,0.109
82.085,7,1.029,-2.991,-1.68,3.498,3.377,-0.0436,0.134
82.134,7,1.008,-3.159,-1.7008,3.441,3.313,-0.0431,0.162
82.185,7,0.987,-3.304,-1.7204,3.4,3.246,-0.0447,0.191
82.235,7,0.953,-3.502,-1.7463,3.327,3.211,-0.0345,0.227
82.285,7,0.92,-3.673,-1.7664,3.28,3.138,-0.0302,0.273
82.335,7,0.899,-3.771,-1.7778,3.237,3.1,-0.0259,0.323
82.385,7,0.855,-3.969,-1.7966,3.155,3.022,-0.0352,0.375
82.435,7,0.816,-4.129,-1.8111,3.096,2.981,-0.0345,0.405
82.486,7,0.792,-4.224,-1.8228,3.053,2.896,-0.0388,0.435
82.535,7,0.744,-4.4,-1.8442,2.975,2.807,-0.0345,0.467
82.585,7,0.7,-4.549,-1.8632,2.909,2.761,-0.0388,0.501
82.635,7,0.654,-4.693,-1.878,2.843,2.713,-0.04,0.529
82.685,7,0.605,-4.84,-1.8998,2.75,2.615,-0.0431,0.564
82.734,7,0.575,-4.925,-1.9092,2.713,2.565,-0.0474,0.577
82.785,7,0.521,-5.071,-1.9315,2.624,2.459,-0.0603,0.604
82.835,7,0.473,-5.192,-1.9517,2.541,2.403,-0.066,0.632
82.885,7,0.418,-5.323,-1.9799,2.454,2.345,-0.0665,0.688
82.935,7,0.379,-5.408,-1.9942,2.401,2.286,-0.0705,0.71
82.985,7,0.316,-5.538,-2.0293,2.31,2.16,-0.0901,0.734
83.035,7,0.284,-5.601,-2.0437,2.268,2.092,-0.0906,0.726
83.085,7,0.229,-5.703,-2.0749,2.177,2.029,-0.1026,0.715
83.135,7,0.171,-5.802,-2.1048,2.114,1.974,-0.0962,0.707
83.184,7,0.108,-5.902,-2.1388,2.049,1.923,-0.1082,0.697
83.236,7,0.06,-5.973,-2.1688,1.967,1.878,-0.1074,0.682
83.285,7,-0.004,-6.062,-2.2057,1.908,1.834,-0.1192,0.663
83.335,7,-0.036,-6.104,-2.2218,1.88,1.794,-0.1347,0.648
83.386,7,-0.114,-6.199,-2.2623,1.839,1.756,-0.1552,0.636
83.435,7,-0.176,-6.269,-2.3087,1.778,1.719,-0.1544,0.625
83.484,7,-0.232,-6.327,-2.3414,1.762,1.684,-0.1663,0.615
83.535,7,-0.296,-6.389,-2.3774,1.728,1.684,-0.1598,0.601
83.585,7,-0.348,-6.435,-2.4174,1.694,1.619,-0.2015,0.581
83.635,7,-0.426,-6.499,-2.469,1.642,1.619,-0.1913,0.562
83.684,7,-0.469,-6.531,-2.5014,1.622,1.588,-0.1882,0.544
83.735,7,-0.545,-6.582,-2.5542,1.605,1.558,-0.2287,0.528
83.785,7,-0.6,-6.616,-2.5882,1.592,1.53,-0.2357,0.516
83.835,7,-0.679,-6.66,-2.6526,1.56,1.504,-0.2393,0.504
83.885,7,-0.773,-6.704,-2.7248,1.513,1.48,-0.2343,0.48
83.935,7,-0.817,-6.721,-2.755,1.504,1.48,-0.2223,0.468
83.984,7,-0.914,-6.755,-2.832,1.477,1.46,-0.2572,0.44
84.035,7,-0.971,-6.771,-2.8627,1.457,1.444,-0.2567,0.41
84.084,7,-1.049,-6.788,-2.9266,1.454,1.432,-0.2565,0.382
84.135,7,-1.111,-6.798,-2.9827,1.433,1.432,-0.2325,0.35
84.185,7,-1.167,-6.804,-3.0192,1.426,1.424,-0.2441,0.316
84.235,7,-1.242,-6.81,-3.0814,1.423,1.419,-0.2454,0.29
84.285,7,-1.319,-6.811,-3.1378,1.421,1.417,-0.2594,0.269
84.335,7,-1.383,-6.808,3.0988,1.416,1.417,-0.2203,0.251
84.385,7,-1.468,-6.8,3.0329,1.418,1.422,-0.2324,0.236
84.435,7,-1.532,-6.79,2.9918,1.418,1.429,-0.2483,0.22
84.485,7,-1.599,-6.777,2.9444,1.422,1.429,-0.2203,0.203
84.535,7,-1.681,-6.757,2.8804,1.429,1.442,-0.2323,0.182
84.585,7,-1.728,-6.743,2.8523,1.433,1.46,-0.2454,0.177
84.635,7,-1.809,-6.714,2.7881,1.449,1.481,-0.2225,0.167
84.685,7,-1.876,-6.686,2.7378,1.459,1.503,-0.2378,0.161
84.735,7,-1.95,-6.65,2.6788,1.486,1.503,-0.2138,0.157
84.785,7,-2.011,-6.616,2.6343,1.502,1.525,-0.2219,0.157
84.835,7,-2.066,-6.583,2.5919,1.516,1.546,-0.2472,0.155
84.885,7,-2.135,-6.537,2.5402,1.53,1.567,-0.2391,0.15
84.935,7,-2.194,-6.491,2.4836,1.551,1.567,-0.2141,0.148
84.985,7,-2.26,-6.434,2.4187,1.567,1.586,-0.2248,0.154
85.035,7,-2.301,-6.395,2.3806,1.575,1.604,-0.2394,0.156
85.085,7,-2.359,-6.335,2.3254,1.589,1.622,-0.2594,0.154
85.134,7,-2.419,-6.265,2.2547,1.603,1.638,-0.2598,0.153
85.184,7,-2.461,-6.208,2.2083,1.616,1.638,-0.236,0.157
85.235,7,-2.513,-6.13,2.1332,1.632,1.652,-0.2364,0.162
85.285,7,-2.542,-6.079,2.0905,1.638,1.665,-0.2365,0.162
85.335,7,-2.589,-5.987,2.0159,1.656,1.674,-0.2127,0.163
85.385,7,-2.612,-5.932,1.9735,1.66,1.684,-0.2147,0.169
85.434,7,-2.651,-5.826,1.8991,1.681,1.699,-0.2187,0.167
85.485,7,-2.668,-5.771,1.8712,1.685,1.726,-0.2134,0.158
85.534,7,-2.695,-5.665,1.7975,1.711,1.726,-0.2041,0.153
85.585,7,-2.709,-5.589,1.749,1.725,1.764,-0.1899,0.153
85.634,7,-2.722,-5.491,1.6902,1.758,1.803,-0.182,0.166
85.685,7,-2.729,-5.413,1.647,1.791,1.842,-0.1665,0.18
85.735,7,-2.732,-5.331,1.6094,1.829,1.879,-0.1548,0.193
85.785,7,-2.732,-5.248,1.5671,1.859,1.914,-0.1588,0.204
85.835,7,-2.728,-5.142,1.5136,1.902,1.946,-0.1568,0.216
85.885,7,-2.722,-5.074,1.4817,1.917,1.977,-0.1315,0.249
85.935,7,-2.705,-4.945,1.427,1.965,2.006,-0.1359,0.285
85.984,7,-2.686,-4.835,1.3846,1.994,2.034,-0.1321,0.341
86.035,7,-2.668,-4.749,1.3505,2.021,2.062,-0.12,0.362
86.084,7,-2.645,-4.658,1.3209,2.039,2.09,-0.1175,0.405
86.135,7,-2.62,-4.571,1.2885,2.064,2.119,-0.104,0.447
86.185,7,-2.578,-4.444,1.2431,2.103,2.149,-0.0959,0.475
86.235,7,-2.555,-4.38,1.2249,2.121,2.181,-0.0855,0.469
86.285,7,-2.507,-4.258,1.1875,2.156,2.214,-0.076,0.458
86.335,7,-2.465,-4.159,1.163,2.201,2.248,-0.0693,0.449
86.385,7,-2.417,-4.054,1.1373,2.238,2.282,-0.0523,0.442
86.435,7,-2.366,-3.949,1.1186,2.275,2.315,-0.044,0.436
86.485,7,-2.307,-3.832,1.0984,2.318,2.348,-0.034,0.427
86.535,7,-2.266,-3.753,1.0902,2.344,2.413,-0.0128,0.424
86.584,7,-2.197,-3.623,1.0797,2.389,2.445,-0.0,0.416
86.635,7,-2.145,-3.527,1.0779,2.426,2.477,0.0086,0.413
86.685,7,-2.087,-3.419,1.0797,2.465,2.509,0.0218,0.405
86.735,7,-2.032,-3.316,1.0853,2.498,2.571,0.0483,0.395
86.785,7,-1.979,-3.213,1.0947,2.526,2.601,0.057,0.382
86.835,7,-1.916,-3.087,1.115,2.572,2.632,0.0603,0.365
86.885,7,-1.862,-2.971,1.1375,2.611,2.662,0.0698,0.342
86.935,7,-1.807,-2.845,1.1671,2.651,2.721,0.079,0.314
86.985,7,-1.762,-2.734,1.1912,2.675,2.746,0.0776,0.282
87.035,7,-1.713,-2.601,1.2267,2.728,2.789,0.0819,0.245
87.085,7,-1.667,-2.463,1.2592,2.756,2.805,0.0835,0.205
87.136,7,-1.632,-2.343,1.2901,2.786,2.818,0.0776,0.164
87.185,7,-1.596,-2.205,1.3228,2.807,2.838,0.0907,0.119
87.235,7,-1.565,-2.064,1.355,2.824,2.845,0.0819,0.095
87.284,7,-1.536,-1.902,1.4038,2.843,2.851,0.0753,0.085
87.335,7,-1.521,-1.806,1.4269,2.851,2.86,0.0733,0.08
87.384,7,-1.499,-1.619,1.4694,2.86,2.864,0.0825,0.087
87.435,7,-1.489,-1.488,1.5045,2.867,2.872,0.0783,0.092
87.485,7,-1.485,-1.405,1.521,2.869,2.876,0.0783,0.104
87.535,7,-1.482,-1.215,1.5648,2.877,2.885,0.0819,0.127
87.585,7,-1.484,-1.091,1.5975,2.881,2.889,0.07,0.147
87.634,7,-1.492,-0.935,1.6316,2.889,2.894,0.0744,0.163
87.685,7,-1.505,-0.788,1.6652,2.895,2.904,0.0733,0.177
87.735,7,-1.524,-0.633,1.7018,2.905,2.916,0.0776,0.206
87.784,7,-1.549,-0.472,1.7389,2.913,2.921,0.0776,0.236
87.835,7,-1.567,-0.377,1.7554,2.917,2.934,0.0776,0.266
87.885,7,-1.605,-0.203,1.7963,2.927,2.94,0.0696,0.293
87.935,7,-1.628,-0.112,1.8183,2.935,2.946,0.056,0.314
87.984,7,-1.678,0.066,1.8572,2.946,2.957,0.0433,0.332
88.035,7,-1.717,0.193,1.876,2.953,2.967,0.0216,0.345
88.085,7,-1.774,0.362,1.8977,2.965,2.971,0.0056,0.355
88.135,7,-1.813,0.477,1.9031,2.973,3.0,-0.0139,0.36
88.185,7,-1.867,0.632,1.9035,2.979,3.025,-0.0216,0.361
88.235,7,-1.91,0.757,1.8985,2.997,3.077,-0.0403,0.362
88.284,7,-1.964,0.92,1.8845,3.034,3.096,-0.0474,0.363
88.335,7,-2.011,1.073,1.8648,3.069,3.115,-0.0474,0.366
88.385,7,-2.042,1.182,1.8481,3.088,3.084,-0.0579,0.372
88.435,7,-2.097,1.392,1.8117,3.097,3.02,-0.056,0.411
88.485,7,-2.127,1.521,1.7876,3.075,2.986,-0.0517,0.407
88.535,7,-2.161,1.692,1.7619,3.033,2.915,-0.0532,0.401
88.585,7,-2.184,1.821,1.7416,2.987,2.878,-0.0524,0.397
88.634,7,-2.204,1.95,1.7234,2.94,2.838,-0.0394,0.39
88.685,7,-2.227,2.113,1.6993,2.881,2.756,-0.0388,0.38
88.735,7,-2.241,2.237,1.6863,2.829,2.713,-0.0434,0.368
88.784,7,-2.258,2.403,1.6645,2.757,2.622,-0.0474,0.354
88.835,7,-2.268,2.533,1.6465,2.686,2.525,-0.056,0.34
88.885,7,-2.276,2.651,1.6301,2.631,2.474,-0.0651,0.33
88.935,7,-2.281,2.792,1.6043,2.539,2.423,-0.056,0.316
88.984,7,-2.283,2.88,1.5885,2.504,2.369,-0.056,0.299
89.035,7,-2.283,3.024,1.5653,2.424,2.316,-0.0558,0.281
89.084,7,-2.28,3.152,1.5445,2.367,2.202,-0.0769,0.26
89.135,7,-2.275,3.269,1.5201,2.274,2.141,-0.0849,0.237
89.185,7,-2.268,3.366,1.4973,2.222,2.08,-0.0886,0.215
89.235,7,-2.258,3.47,1.4664,2.118,2.015,-0.0979,0.199
89.285,7,-2.246,3.565,1.4417,2.068,1.95,-0.1128,0.181
89.334,7,-2.228,3.682,1.4026,1.989,1.888,-0.1175,0.167
89.385,7,-2.212,3.763,1.3725,1.935,1.828,-0.1341,0.156
89.435,7,-2.188,3.865,1.3322,1.862,1.775,-0.131,0.149
89.485,7,-2.163,3.957,1.2961,1.808,1.725,-0.1548,0.143
89.535,7,-2.138,4.035,1.2599,1.75,1.682,-0.1663,0.141
89.585,7,-2.113,4.106,1.223,1.71,1.64,-0.1897,0.139
89.635,7,-2.08,4.187,1.1801,1.685,1.603,-0.2014,0.134
89.685,7,-2.041,4.272,1.124,1.626,1.567,-0.2028,0.132
89.734,7,-1.999,4.352,1.0705,1.587,1.567,-0.1904,0.137
89.785,7,-1.964,4.411,1.0335,1.571,1.533,-0.2159,0.142
89.834,7,-1.927,4.468,0.9905,1.541,1.501,-0.2245,0.145
89.885,7,-1.884,4.527,0.9382,1.512,1.472,-0.2102,0.138
89.934,7,-1.825,4.601,0.8772,1.488,1.445,-0.2717,0.134
89.985,7,-1.786,4.645,0.8437,1.472,1.445,-0.2472,0.132
90.035,7,-1.736,4.697,0.7838,1.441,1.423,-0.2444,0.135
90.085,7,-1.691,4.738,0.7426,1.429,1.405,-0.2559,0.134
90.134,7,-1.625,4.793,0.6786,1.406,1.391,-0.2673,0.126
90.185,7,-1.565,4.836,0.6166,1.392,1.391,-0.2435,0.122
90.235,7,-1.526,4.862,0.5787,1.39,1.381,-0.2551,0.122
90.285,7,-1.448,4.908,0.5122,1.381,1.376,-0.2813,0.127
90.335,7,-1.395,4.935,0.4689,1.369,1.376,-0.2899,0.131
90.384,7,-1.335,4.961,0.4089,1.369,1.376,-0.2663,0.126
90.437,7,-1.276,4.984,0.3547,1.37,1.381,-0.2817,0.115
90.484,7,-1.212,5.004,0.3036,1.367,1.392,-0.3052,0.107
90.535,7,-1.149,5.021,0.249,1.373,1.408,-0.3016,0.102
90.585,7,-1.069,5.036,0.1724,1.385,1.408,-0.2813,0.103
90.635,7,-1.003,5.044,0.114,1.399,1.425,-0.2908,0.108
90.684,7,-0.923,5.049,0.0412,1.414,1.442,-0.2789,0.112
90.736,7,-0.873,5.049,-0.0018,1.425,1.442,-0.2593,0.112
90.784,7,-0.78,5.044,-0.0775,1.439,1.455,-0.2733,0.114
90.835,7,-0.733,5.038,-0.1101,1.445,1.459,-0.2564,0.112
90.885,7,-0.648,5.024,-0.1799,1.452,1.456,-0.2473,0.105
90.935,7,-0.581,5.008,-0.2312,1.454,1.456,-0.2245,0.102
90.984,7,-0.5,4.985,-0.2959,1.456,1.45,-0.2132,0.103
91.035,7,-0.452,4.969,-0.3297,1.454,1.449,-0.2119,0.102
91.085,7,-0.382,4.942,-0.3732,1.453,1.486,-0.1994,0.098
91.135,7,-0.31,4.91,-0.4214,1.456,1.486,-0.1879,0.11
91.185,7,-0.236,4.874,-0.4732,1.488,1.533,-0.1861,0.127
91.235,7,-0.175,4.84,-0.5114,1.522,1.583,-0.1918,0.143
91.285,7,-0.107,4.799,-0.5524,1.538,1.634,-0.1988,0.158
91.335,7,-0.043,4.756,-0.5944,1.602,1.634,-0.191,0.172
91.385,7,0.015,4.713,-0.6365,1.632,1.685,-0.1778,0.185
91.434,7,0.07,4.669,-0.6801,1.661,1.736,-0.1768,0.196
91.485,7,0.146,4.603,-0.7332,1.708,1.785,-0.1797,0.203
91.535,7,0.198,4.553,-0.7747,1.755,1.831,-0.1825,0.203
91.585,7,0.271,4.476,-0.8268,1.787,1.871,-0.1787,0.194
91.635,7,0.318,4.42,-0.8694,1.838,1.909,-0.1683,0.189
91.685,7,0.387,4.332,-0.9222,1.871,1.909,-0.1474,0.188
91.735,7,0.443,4.253,-0.9658,1.908,1.943,-0.1496,0.195
91.786,7,0.49,4.179,-1.0035,1.926,1.975,-0.1361,0.217
91.835,7,0.545,4.086,-1.0535,1.973,2.033,-0.132,0.24
91.884,7,0.598,3.985,-1.0975,2.012,2.033,-0.1198,0.272
91.935,7,0.628,3.921,-1.1258,2.033,2.084,-0.1203,0.282
91.984,7,0.665,3.839,-1.157,2.05,2.108,-0.1122,0.298
92.035,7,0.717,3.71,-1.2043,2.096,2.131,-0.1084,0.319
92.085,7,0.748,3.623,-1.2312,2.113,2.131,-0.0922,0.356
92.135,7,0.782,3.517,-1.2642,2.137,2.177,-0.0837,0.392
92.185,7,0.812,3.414,-1.2911,2.153,2.201,-0.0796,0.425
92.235,7,0.845,3.291,-1.3228,2.192,2.222,-0.0805,0.393
92.285,7,0.861,3.223,-1.3363,2.204,2.222,-0.0726,0.38
92.335,8,0.889,3.09,-1.3665,2.227,2.282,-0.0651,0.355
92.385,8,0.906,3.002,-1.387,2.233,2.314,-0.0599,0.332
92.434,8,0.929,2.865,-1.4113,2.297,2.345,-0.0596,0.311
92.485,8,0.946,2.745,-1.4329,2.333,2.377,-0.0595,0.291
92.535,8,0.955,2.673,-1.4462,2.357,2.441,-0.0616,0.274
92.584,8,0.972,2.511,-1.4746,2.396,2.473,-0.0556,0.258
92.635,8,0.981,2.4,-1.4936,2.448,2.504,-0.0481,0.244
92.684,8,0.986,2.316,-1.5065,2.469,2.535,-0.0441,0.233
92.735,8,0.994,2.148,-1.5305,2.52,2.565,-0.0366,0.222
92.785,8,0.996,2.059,-1.5419,2.537,2.625,-0.0302,0.213
92.835,8,0.999,1.889,-1.56,2.597,2.655,-0.0263,0.204
92.885,8,0.999,1.758,-1.5713,2.626,2.685,-0.0172,0.197
92.934,8,0.998,1.606,-1.5824,2.676,2.743,-0.0129,0.189
92.985,8,0.996,1.484,-1.5875,2.708,2.772,-0.0091,0.19
93.035,8,0.993,1.358,-1.5909,2.747,2.801,-0.0,0.191
93.085,8,0.99,1.211,-1.594,2.784,2.858,0.0,0.192
93.135,8,0.987,1.084,-1.594,2.823,2.886,0.0043,0.192
93.185,8,0.984,0.953,-1.5934,2.861,2.942,0.0129,0.194
93.234,8,0.981,0.8,-1.5903,2.902,2.969,0.0172,0.196
93.285,8,0.979,0.668,-1.5854,2.933,3.023,0.0265,0.197
93.335,8,0.977,0.495,-1.5743,2.987,3.049,0.0266,0.194
93.384,8,0.978,0.381,-1.5664,3.011,3.102,0.0307,0.187
93.435,8,0.98,0.192,-1.5517,3.063,3.128,0.0277,0.179
93.485,8,0.985,0.028,-1.538,3.096,3.179,0.0216,0.168
93.535,8,0.991,-0.106,-1.5289,3.133,3.204,0.0187,0.156
93.585,8,0.999,-0.28,-1.5187,3.17,3.254,0.0129,0.142
93.634,8,1.009,-0.447,-1.5112,3.215,3.279,0.0043,0.129
93.685,8,1.019,-0.608,-1.5057,3.251,3.328,0.0,0.114
93.735,8,1.029,-0.749,-1.5033,3.284,3.376,-0.0056,0.1
93.785,8,1.037,-0.872,-1.503,3.308,3.4,-0.0091,0.093
93.835,8,1.053,-1.116,-1.5069,3.372,3.448,-0.0172,0.075
93.885,8,1.06,-1.231,-1.5099,3.39,3.495,-0.0259,0.064
93.935,8,1.068,-1.368,-1.5151,3.416,3.518,-0.0306,0.059
93.985,8,1.077,-1.583,-1.5326,3.478,3.563,-0.0317,0.052
94.035,8,1.082,-1.758,-1.5493,3.514,3.607,-0.0323,0.051
94.085,8,1.084,-1.974,-1.569,3.565,3.635,-0.0359,0.053
94.135,8,1.082,-2.147,-1.5866,3.603,3.64,-0.0302,0.059
94.185,8,1.077,-2.314,-1.6036,3.624,3.582,-0.0345,0.062
94.235,8,1.069,-2.484,-1.6197,3.622,3.524,-0.0345,0.074
94.284,8,1.054,-2.717,-1.6452,3.579,3.467,-0.0431,0.095
94.335,8,1.044,-2.83,-1.6567,3.547,3.408,-0.0451,0.118
94.385,8,1.021,-3.046,-1.6848,3.476,3.377,-0.0407,0.143
94.436,8,1.003,-3.185,-1.7045,3.43,3.313,-0.0392,0.171
94.485,8,0.974,-3.38,-1.7253,3.38,3.246,-0.0479,0.2
94.534,8,0.956,-3.485,-1.7395,3.34,3.211,-0.0404,0.239
94.585,8,0.915,-3.698,-1.7699,3.263,3.138,-0.0314,0.286
94.635,8,0.882,-3.852,-1.7864,3.208,3.061,-0.035,0.337
94.685,8,0.846,-4.006,-1.7995,3.161,3.022,-0.0302,0.384
94.734,8,0.81,-4.151,-1.8153,3.088,2.939,-0.0402,0.414
94.786,8,0.776,-4.283,-1.828,3.042,2.852,-0.048,0.444
94.835,8,0.729,-4.449,-1.8508,2.939,2.807,-0.0345,0.477
94.885,8,0.692,-4.574,-1.8672,2.892,2.761,-0.0345,0.511
94.936,8,0.649,-4.707,-1.8844,2.833,2.665,-0.0431,0.535
94.984,8,0.613,-4.813,-1.8943,2.798,2.615,-0.0479,0.547
95.035,8,0.566,-4.946,-1.914,2.7,2.512,-0.0517,0.586
95.084,8,0.502,-5.117,-1.9368,2.63,2.459,-0.0603,0.599
95.134,8,0.451,-5.243,-1.9642,2.511,2.403,-0.056,0.642
95.185,8,0.405,-5.347,-1.985,2.45,2.286,-0.0731,0.68
95.235,8,0.361,-5.445,-2.0049,2.376,2.224,-0.0824,0.725
95.285,8,0.323,-5.522,-2.0222,2.326,2.16,-0.085,0.737
95.334,8,0.254,-5.656,-2.0589,2.221,2.092,-0.0844,0.722
95.385,8,0.198,-5.755,-2.0863,2.175,2.029,-0.0944,0.712
95.435,8,0.15,-5.836,-2.1128,2.081,1.974,-0.0968,0.705
95.485,8,0.11,-5.899,-2.1309,2.046,1.923,-0.1131,0.695
95.535,8,0.042,-6.0,-2.1709,1.962,1.878,-0.1116,0.679
95.585,8,-0.015,-6.079,-2.2036,1.913,1.834,-0.1193,0.66
95.635,8,-0.065,-6.143,-2.2378,1.855,1.794,-0.1185,0.646
95.685,8,-0.135,-6.226,-2.2731,1.822,1.756,-0.1601,0.634
95.736,8,-0.177,-6.273,-2.3065,1.779,1.719,-0.1543,0.624
95.785,8,-0.258,-6.355,-2.3569,1.757,1.684,-0.1662,0.614
95.835,8,-0.316,-6.409,-2.399,1.717,1.65,-0.1902,0.596
95.885,8,-0.381,-6.465,-2.4376,1.692,1.619,-0.2038,0.575
95.934,8,-0.423,-6.499,-2.466,1.658,1.588,-0.2158,0.557
95.985,8,-0.488,-6.547,-2.5205,1.618,1.588,-0.1903,0.54
96.034,8,-0.563,-6.596,-2.5727,1.594,1.558,-0.2118,0.525
96.085,8,-0.653,-6.647,-2.6341,1.564,1.53,-0.2233,0.512
96.135,8,-0.717,-6.68,-2.6803,1.536,1.504,-0.2358,0.501
96.185,8,-0.78,-6.708,-2.7282,1.512,1.48,-0.2343,0.485
96.235,8,-0.843,-6.732,-2.7724,1.502,1.46,-0.2753,0.461
96.285,8,-0.927,-6.76,-2.8277,1.478,1.46,-0.2609,0.432
96.335,8,-0.984,-6.775,-2.8867,1.453,1.444,-0.2566,0.403
96.384,8,-1.069,-6.793,-2.9541,1.442,1.432,-0.2445,0.373
96.435,8,-1.118,-6.8,-2.9853,1.44,1.424,-0.2619,0.341
96.485,8,-1.212,-6.81,-3.0556,1.425,1.424,-0.2323,0.31
96.535,8,-1.274,-6.813,-3.102,1.422,1.419,-0.2456,0.286
96.585,8,-1.356,-6.812,3.1174,1.413,1.417,-0.2477,0.257
96.635,8,-1.42,-6.808,3.0669,1.413,1.422,-0.2438,0.249
96.686,8,-1.484,-6.801,3.0267,1.417,1.422,-0.2351,0.234
96.735,8,-1.556,-6.789,2.975,1.418,1.429,-0.2321,0.217
96.785,8,-1.612,-6.777,2.9304,1.421,1.442,-0.2467,0.201
96.835,8,-1.701,-6.754,2.8679,1.433,1.46,-0.2609,0.187
96.885,8,-1.748,-6.739,2.8279,1.439,1.46,-0.2331,0.176
96.935,8,-1.825,-6.71,2.7688,1.456,1.481,-0.2092,0.167
96.985,8,-1.873,-6.69,2.7327,1.467,1.503,-0.2213,0.161
97.035,8,-1.959,-6.648,2.6714,1.493,1.525,-0.2336,0.159
97.085,8,-2.027,-6.61,2.6232,1.503,1.525,-0.2248,0.159
97.135,8,-2.095,-6.567,2.5651,1.522,1.546,-0.2374,0.155
97.185,8,-2.156,-6.523,2.5233,1.53,1.567,-0.2224,0.151
97.235,8,-2.213,-6.478,2.4648,1.558,1.586,-0.2348,0.15
97.285,8,-2.266,-6.431,2.4188,1.566,1.586,-0.2266,0.155
97.335,8,-2.316,-6.384,2.3679,1.581,1.604,-0.2358,0.158
97.385,8,-2.379,-6.316,2.3055,1.588,1.622,-0.2521,0.155
97.435,8,-2.422,-6.264,2.2523,1.606,1.638,-0.2479,0.155
97.484,8,-2.476,-6.19,2.1805,1.619,1.652,-0.265,0.161
97.535,8,-2.515,-6.129,2.1328,1.629,1.665,-0.2649,0.165
97.584,8,-2.565,-6.036,2.0432,1.648,1.665,-0.2365,0.162
97.635,8,-2.596,-5.968,1.9896,1.659,1.674,-0.2046,0.165
97.685,8,-2.618,-5.913,1.9473,1.667,1.684,-0.189,0.169
97.735,8,-2.651,-5.817,1.8902,1.683,1.699,-0.2027,0.16
97.785,8,-2.676,-5.729,1.8358,1.689,1.726,-0.2045,0.153
97.835,8,-2.693,-5.657,1.7936,1.713,1.764,-0.2162,0.15
97.885,8,-2.709,-5.569,1.7394,1.726,1.803,-0.1914,0.152
97.935,8,-2.72,-5.478,1.689,1.777,1.803,-0.171,0.168
97.985,8,-2.726,-5.395,1.6414,1.803,1.842,-0.1686,0.182
98.034,8,-2.729,-5.286,1.579,1.839,1.879,-0.1557,0.199
98.085,8,-2.728,-5.223,1.555,1.858,1.914,-0.1431,0.203
98.135,8,-2.722,-5.118,1.5007,1.905,1.946,-0.1465,0.224
98.185,8,-2.714,-5.034,1.4682,1.927,1.977,-0.1192,0.258
98.235,8,-2.701,-4.939,1.4294,1.963,2.006,-0.1196,0.293
98.285,8,-2.679,-4.817,1.3882,1.995,2.034,-0.1351,0.331
98.335,8,-2.662,-4.739,1.3492,2.027,2.062,-0.1202,0.374
98.386,8,-2.633,-4.628,1.3046,2.055,2.09,-0.1039,0.417
98.435,8,-2.606,-4.537,1.2743,2.082,2.119,-0.096,0.458
98.484,8,-2.572,-4.437,1.2426,2.108,2.149,-0.0961,0.48
98.535,8,-2.538,-4.343,1.2125,2.136,2.214,-0.0843,0.468
98.585,8,-2.491,-4.227,1.1772,2.182,2.248,-0.0713,0.459
98.635,8,-2.453,-4.14,1.1568,2.213,2.282,-0.0547,0.451
98.685,8,-2.402,-4.029,1.1326,2.251,2.315,-0.0522,0.443
98.735,8,-2.345,-3.913,1.1113,2.297,2.348,-0.0339,0.437
98.785,8,-2.297,-3.819,1.0986,2.319,2.381,-0.0212,0.431
98.835,8,-2.248,-3.725,1.09,2.369,2.413,-0.0085,0.424
98.885,8,-2.185,-3.607,1.0827,2.405,2.445,-0.0,0.418
98.935,8,-2.135,-3.512,1.0821,2.433,2.509,0.0171,0.411
98.984,8,-2.084,-3.417,1.0832,2.463,2.54,0.0301,0.402
99.035,8,-2.013,-3.281,1.0919,2.517,2.571,0.0431,0.39
99.085,8,-1.95,-3.157,1.1058,2.55,2.601,0.0519,0.376
99.135,8,-1.901,-3.057,1.1211,2.584,2.662,0.078,0.357
99.185,8,-1.845,-2.934,1.1406,2.613,2.692,0.0776,0.334
99.234,8,-1.783,-2.79,1.1801,2.67,2.721,0.0823,0.305
99.285,8,-1.744,-2.689,1.204,2.697,2.771,0.0923,0.27
99.335,8,-1.698,-2.561,1.238,2.739,2.789,0.0819,0.229
99.385,8,-1.662,-2.445,1.2694,2.764,2.818,0.0819,0.188
99.434,8,-1.62,-2.295,1.3057,2.792,2.829,0.0862,0.145
99.485,8,-1.59,-2.175,1.3361,2.813,2.838,0.0734,0.1
99.534,8,-1.559,-2.026,1.372,2.829,2.845,0.0736,0.088
99.585,8,-1.531,-1.866,1.4108,2.844,2.856,0.0733,0.081
99.635,8,-1.514,-1.739,1.4362,2.853,2.86,0.0733,0.08
99.685,8,-1.497,-1.588,1.4699,2.861,2.868,0.0819,0.088
99.735,8,-1.488,-1.474,1.4993,2.867,2.876,0.0905,0.093
99.784,8,-1.48,-1.282,1.5493,2.874,2.88,0.0862,0.114
99.835,8,-1.48,-1.167,1.5758,2.878,2.885,0.0776,0.136
99.885,8,-1.485,-1.023,1.6093,2.884,2.894,0.0819,0.154
99.935,8,-1.494,-0.893,1.6387,2.89,2.899,0.0733,0.17
99.985,8,-1.506,-0.764,1.6732,2.897,2.91,0.0776,0.188
100.034,8,-1.533,-0.559,1.7195,2.908,2.916,0.0733,0.218
100.085,8,-1.548,-0.468,1.7371,2.912,2.928,0.0776,0.249
100.135,8,-1.579,-0.313,1.7721,2.919,2.934,0.0776,0.278
100.185,8,-1.614,-0.162,1.8079,2.929,2.94,0.0647,0.302
100.237,8,-1.649,-0.031,1.837,2.939,2.952,0.0474,0.322
100.285,8,-1.694,0.121,1.8659,2.947,2.957,0.0388,0.338
100.335,8,-1.736,0.251,1.8827,2.958,2.967,0.0191,0.349
100.385,8,-1.786,0.4,1.8991,2.965,2.971,0.0057,0.358
100.435,8,-1.842,0.56,1.9048,2.976,3.0,-0.0147,0.361
100.485,8,-1.886,0.687,1.9048,2.98,3.025,-0.0216,0.362
100.534,8,-1.932,0.823,1.8951,3.014,3.077,-0.0489,0.362
100.585,8,-1.985,0.985,1.8811,3.041,3.115,-0.062,0.364
100.634,8,-2.025,1.117,1.8608,3.076,3.1,-0.0615,0.367
100.685,8,-2.067,1.269,1.8329,3.104,3.084,-0.0527,0.375
100.734,8,-2.108,1.435,1.8042,3.097,3.02,-0.0474,0.412
100.785,8,-2.14,1.582,1.7821,3.08,2.952,-0.0569,0.406
100.835,8,-2.169,1.728,1.7563,3.011,2.915,-0.0493,0.403
100.884,8,-2.191,1.857,1.7363,2.969,2.838,-0.0482,0.395
100.935,8,-2.211,1.987,1.7185,2.919,2.798,-0.0409,0.388
100.985,8,-2.232,2.152,1.696,2.863,2.713,-0.0483,0.377
101.034,8,-2.246,2.273,1.6812,2.811,2.713,-0.0441,0.371
101.085,8,-2.261,2.44,1.6577,2.742,2.573,-0.056,0.348
101.134,8,-2.27,2.558,1.6409,2.677,2.525,-0.0579,0.336
101.185,8,-2.276,2.673,1.6222,2.615,2.474,-0.0517,0.323
101.235,8,-2.281,2.804,1.6011,2.556,2.423,-0.0517,0.308
101.285,8,-2.283,2.924,1.5797,2.483,2.316,-0.0603,0.291
101.335,8,-2.281,3.072,1.5571,2.392,2.259,-0.0685,0.272
101.384,8,-2.277,3.196,1.5367,2.34,2.202,-0.0739,0.251
101.435,8,-2.274,3.268,1.5181,2.273,2.141,-0.081,0.226
101.484,8,-2.264,3.401,1.4842,2.183,2.08,-0.082,0.208
101.535,8,-2.254,3.496,1.4613,2.123,1.95,-0.1212,0.191
101.585,8,-2.238,3.613,1.4263,2.031,1.888,-0.1206,0.175
101.635,8,-2.221,3.712,1.393,1.948,1.888,-0.1123,0.162
101.685,8,-2.201,3.805,1.3601,1.903,1.828,-0.133,0.152
101.734,8,-2.18,3.893,1.3213,1.845,1.775,-0.1308,0.145
101.785,8,-2.152,3.989,1.2803,1.802,1.725,-0.1601,0.141
101.834,8,-2.121,4.082,1.2345,1.74,1.682,-0.1704,0.14
101.885,8,-2.098,4.144,1.2043,1.706,1.64,-0.1926,0.137
101.935,8,-2.064,4.223,1.1532,1.651,1.603,-0.1929,0.133
101.984,8,-2.021,4.309,1.0958,1.614,1.567,-0.1883,0.132
102.035,8,-1.988,4.37,1.0576,1.589,1.533,-0.2283,0.139
102.084,8,-1.951,4.43,1.025,1.573,1.533,-0.2124,0.143
102.135,8,-1.915,4.485,0.9815,1.536,1.501,-0.2151,0.143
102.185,8,-1.861,4.558,0.9213,1.515,1.472,-0.2104,0.137
102.235,8,-1.812,4.616,0.8741,1.481,1.445,-0.2574,0.133
102.284,8,-1.758,4.676,0.8123,1.445,1.423,-0.2688,0.136
102.335,8,-1.724,4.709,0.784,1.439,1.405,-0.2839,0.137
102.385,8,-1.673,4.755,0.7264,1.418,1.405,-0.26,0.132
102.435,8,-1.608,4.807,0.6518,1.4,1.391,-0.2553,0.125
102.485,8,-1.554,4.844,0.6065,1.387,1.381,-0.2818,0.122
102.534,8,-1.483,4.888,0.5325,1.376,1.376,-0.2785,0.127
102.585,8,-1.429,4.917,0.4837,1.373,1.376,-0.269,0.128
102.635,8,-1.371,4.944,0.4312,1.37,1.376,-0.2663,0.13
102.684,8,-1.306,4.971,0.3773,1.369,1.381,-0.2909,0.118
102.735,8,-1.254,4.989,0.3273,1.368,1.381,-0.2675,0.108
102.785,8,-1.185,5.008,0.2694,1.374,1.392,-0.2785,0.101
102.835,8,-1.116,5.024,0.21,1.378,1.408,-0.29,0.097
102.885,8,-1.039,5.036,0.1399,1.386,1.425,-0.2902,0.102
102.935,8,-0.977,5.042,0.0914,1.404,1.425,-0.2669,0.106
102.984,8,-0.909,5.045,0.0272,1.418,1.442,-0.2673,0.108
103.035,8,-0.847,5.044,-0.02,1.43,1.455,-0.2734,0.108
103.085,8,-0.763,5.037,-0.0879,1.438,1.455,-0.2474,0.109
103.135,8,-0.689,5.027,-0.1498,1.451,1.459,-0.2327,0.105
103.185,8,-0.627,5.015,-0.1903,1.456,1.456,-0.2328,0.1
103.235,8,-0.565,5.001,-0.2422,1.454,1.45,-0.221,0.099
103.284,8,-0.48,4.976,-0.2996,1.457,1.45,-0.1974,0.1
103.335,8,-0.41,4.951,-0.3448,1.456,1.449,-0.2123,0.098
103.384,8,-0.335,4.92,-0.3993,1.462,1.486,-0.1973,0.1
103.435,8,-0.288,4.899,-0.4304,1.482,1.533,-0.211,0.118
103.485,8,-0.21,4.86,-0.471,1.494,1.533,-0.2038,0.135
103.535,8,-0.146,4.824,-0.5176,1.529,1.583,-0.1922,0.151
103.585,8,-0.079,4.782,-0.5651,1.565,1.634,-0.2026,0.165
103.635,8,-0.011,4.734,-0.6195,1.62,1.685,-0.1917,0.179
103.684,8,0.061,4.678,-0.6708,1.659,1.685,-0.1766,0.191
103.734,8,0.119,4.63,-0.7092,1.684,1.736,-0.1771,0.201
103.785,8,0.18,4.573,-0.7473,1.711,1.785,-0.1784,0.207
103.835,8,0.229,4.525,-0.7927,1.765,1.831,-0.1663,0.202
103.885,8,0.298,4.448,-0.8443,1.803,1.871,-0.1832,0.195
103.935,8,0.357,4.377,-0.8909,1.852,1.909,-0.1694,0.191
103.984,8,0.421,4.289,-0.9502,1.901,1.943,-0.1687,0.195
104.036,8,0.462,4.229,-0.973,1.913,1.975,-0.1437,0.206
104.085,8,0.514,4.145,-1.0234,1.945,2.005,-0.1459,0.229
104.135,8,0.567,4.05,-1.0684,1.984,2.033,-0.1371,0.251
104.185,8,0.613,3.959,-1.1095,2.011,2.06,-0.12,0.272
104.234,8,0.649,3.879,-1.1448,2.049,2.084,-0.112,0.291
104.285,8,0.694,3.77,-1.1872,2.07,2.108,-0.1047,0.305
104.335,8,0.735,3.661,-1.2243,2.104,2.131,-0.1015,0.353
104.385,8,0.76,3.588,-1.2474,2.124,2.154,-0.0836,0.371
104.434,8,0.793,3.48,-1.2774,2.154,2.177,-0.0796,0.406
104.485,8,0.826,3.36,-1.3099,2.177,2.201,-0.0716,0.426
104.535,8,0.85,3.262,-1.3299,2.199,2.222,-0.0692,0.398
104.586,9,0.878,3.139,-1.3593,2.224,2.222,-0.0631,0.371
104.635,9,0.892,3.069,-1.3725,2.23,2.314,-0.0633,0.347
104.685,9,0.916,2.934,-1.3974,2.263,2.345,-0.0633,0.324
104.735,9,0.928,2.859,-1.4115,2.304,2.377,-0.0636,0.303
104.785,9,0.95,2.708,-1.4401,2.35,2.41,-0.0573,0.284
104.835,9,0.963,2.59,-1.4598,2.39,2.441,-0.056,0.268
104.885,9,0.973,2.482,-1.479,2.422,2.504,-0.0514,0.253
104.935,9,0.984,2.342,-1.5021,2.468,2.535,-0.0525,0.24
104.985,9,0.99,2.224,-1.5191,2.501,2.565,-0.0452,0.229
105.035,9,0.994,2.106,-1.5338,2.529,2.595,-0.0348,0.218
105.085,9,0.997,1.967,-1.5514,2.566,2.625,-0.0313,0.21
105.134,9,0.999,1.813,-1.5679,2.621,2.655,-0.0216,0.201
105.185,9,0.998,1.724,-1.5742,2.637,2.714,-0.0129,0.194
105.234,9,0.997,1.601,-1.5832,2.668,2.743,-0.0101,0.19
105.285,9,0.995,1.469,-1.5881,2.707,2.801,-0.0047,0.192
105.334,9,0.991,1.287,-1.5929,2.77,2.83,0.0,0.192
105.385,9,0.989,1.195,-1.5937,2.792,2.858,0.0051,0.192
105.434,9,0.985,1.054,-1.5931,2.831,2.914,0.0086,0.194
105.485,9,0.982,0.911,-1.5911,2.861,2.942,0.0129,0.195
105.535,9,0.979,0.723,-1.586,2.919,2.996,0.0217,0.197
105.585,9,0.978,0.625,-1.582,2.94,3.023,0.0216,0.196
105.635,9,0.977,0.465,-1.5723,2.989,3.076,0.0259,0.191
105.685,9,0.979,0.286,-1.561,3.023,3.102,0.0312,0.185
105.735,9,0.981,0.143,-1.5478,3.063,3.153,0.0262,0.175
105.785,9,0.986,-0.002,-1.5344,3.1,3.179,0.0193,0.163
105.835,9,0.993,-0.162,-1.5233,3.146,3.229,0.0175,0.15
105.884,9,1.0,-0.295,-1.5164,3.17,3.254,0.0102,0.136
105.935,9,1.013,-0.504,-1.5066,3.229,3.303,0.0,0.121
105.984,9,1.025,-0.683,-1.503,3.259,3.352,-0.0,0.107
106.035,9,1.036,-0.831,-1.5027,3.31,3.376,-0.0043,0.093
106.085,9,1.048,-1.011,-1.503,3.342,3.424,-0.0129,0.08
106.135,9,1.057,-1.146,-1.5069,3.382,3.472,-0.0216,0.068
106.185,9,1.068,-1.333,-1.5132,3.414,3.495,-0.0259,0.058
106.235,9,1.076,-1.491,-1.5231,3.451,3.541,-0.0302,0.051
106.285,9,1.082,-1.679,-1.5387,3.49,3.586,-0.0404,0.048
106.335,9,1.086,-1.867,-1.5589,3.541,3.629,-0.0345,0.049
106.384,9,1.086,-1.981,-1.5722,3.565,3.635,-0.0302,0.055
106.435,9,1.081,-2.229,-1.5964,3.614,3.613,-0.0302,0.058
106.485,9,1.075,-2.396,-1.6122,3.629,3.553,-0.0345,0.063
106.535,9,1.066,-2.562,-1.6294,3.606,3.495,-0.0441,0.081
106.585,9,1.054,-2.726,-1.6478,3.569,3.437,-0.0432,0.103
106.635,9,1.038,-2.901,-1.668,3.518,3.377,-0.0431,0.127
106.685,9,1.015,-3.098,-1.6929,3.466,3.346,-0.044,0.154
106.735,9,0.998,-3.22,-1.7057,3.431,3.281,-0.0431,0.182
106.784,9,0.96,-3.457,-1.7361,3.361,3.246,-0.0409,0.215
106.835,9,0.931,-3.612,-1.7588,3.294,3.175,-0.0302,0.259
106.885,9,0.9,-3.762,-1.7762,3.244,3.1,-0.0302,0.307
106.934,9,0.868,-3.909,-1.7902,3.184,3.061,-0.0302,0.359
106.986,9,0.83,-4.071,-1.806,3.12,2.981,-0.0389,0.396
107.034,9,0.801,-4.186,-1.8202,3.055,2.896,-0.0388,0.426
107.085,9,0.751,-4.372,-1.8416,2.989,2.852,-0.0388,0.457
107.134,9,0.705,-4.53,-1.8622,2.908,2.807,-0.032,0.491
107.185,9,0.676,-4.62,-1.8709,2.875,2.713,-0.0392,0.522
107.235,9,0.636,-4.744,-1.8855,2.82,2.615,-0.0474,0.545
107.285,9,0.583,-4.901,-1.9057,2.731,2.565,-0.0517,0.57
107.335,9,0.539,-5.021,-1.9207,2.665,2.512,-0.0569,0.596
107.385,9,0.5,-5.123,-1.9385,2.605,2.403,-0.0647,0.624
107.435,9,0.439,-5.274,-1.9661,2.519,2.345,-0.069,0.654
107.485,9,0.406,-5.349,-1.9817,2.459,2.286,-0.0737,0.697
107.535,9,0.339,-5.493,-2.0154,2.343,2.224,-0.0725,0.742
107.584,9,0.285,-5.601,-2.0414,2.277,2.16,-0.0806,0.731
107.635,9,0.239,-5.687,-2.0674,2.207,2.092,-0.0819,0.72
107.685,9,0.182,-5.786,-2.0934,2.146,1.974,-0.1049,0.711
107.735,9,0.13,-5.872,-2.1226,2.041,1.923,-0.1208,0.704
107.786,9,0.078,-5.95,-2.153,1.99,1.878,-0.12,0.69
107.835,9,0.018,-6.036,-2.1835,1.938,1.834,-0.1319,0.673
107.885,9,-0.038,-6.111,-2.2204,1.888,1.794,-0.1438,0.656
107.935,9,-0.083,-6.168,-2.2483,1.848,1.756,-0.1552,0.643
107.985,9,-0.143,-6.238,-2.2847,1.808,1.719,-0.1727,0.631
108.035,9,-0.212,-6.311,-2.331,1.763,1.719,-0.1543,0.621
108.085,9,-0.269,-6.367,-2.3699,1.728,1.684,-0.1579,0.607
108.135,9,-0.327,-6.42,-2.413,1.705,1.65,-0.1828,0.587
108.185,9,-0.397,-6.478,-2.4526,1.687,1.619,-0.1949,0.568
108.234,9,-0.447,-6.517,-2.4839,1.642,1.588,-0.2006,0.549
108.285,9,-0.533,-6.576,-2.5466,1.613,1.558,-0.2363,0.532
108.335,9,-0.602,-6.618,-2.6054,1.569,1.53,-0.2379,0.517
108.384,9,-0.677,-6.658,-2.658,1.553,1.53,-0.2133,0.504
108.435,9,-0.739,-6.687,-2.7096,1.531,1.504,-0.2134,0.492
108.485,9,-0.81,-6.716,-2.7599,1.512,1.48,-0.2232,0.469
108.535,9,-0.865,-6.735,-2.7934,1.49,1.46,-0.2608,0.442
108.584,9,-0.956,-6.763,-2.8577,1.473,1.444,-0.2711,0.414
108.635,9,-1.021,-6.779,-2.916,1.442,1.444,-0.2327,0.385
108.685,9,-1.079,-6.789,-2.9604,1.435,1.432,-0.2324,0.353
108.735,9,-1.157,-6.799,-3.0217,1.432,1.424,-0.2444,0.32
108.785,9,-1.233,-6.805,-3.0778,1.421,1.419,-0.2473,0.291
108.835,9,-1.278,-6.806,-3.11,1.42,1.419,-0.2203,0.269
108.885,9,-1.375,-6.804,3.1026,1.416,1.417,-0.2202,0.25
108.935,9,-1.434,-6.799,3.0579,1.417,1.422,-0.2357,0.235
108.985,9,-1.518,-6.788,3.0033,1.417,1.429,-0.2466,0.221
109.035,9,-1.58,-6.777,2.9575,1.421,1.429,-0.2203,0.203
109.085,9,-1.653,-6.76,2.9,1.429,1.442,-0.2337,0.188
109.135,9,-1.73,-6.738,2.8434,1.437,1.46,-0.2442,0.17
109.185,9,-1.791,-6.716,2.7966,1.449,1.481,-0.2207,0.165
109.235,9,-1.85,-6.692,2.7511,1.469,1.481,-0.1974,0.158
109.285,9,-1.917,-6.662,2.7129,1.481,1.503,-0.224,0.154
109.334,9,-1.983,-6.628,2.656,1.493,1.525,-0.2354,0.153
109.385,9,-2.049,-6.59,2.6065,1.509,1.546,-0.2457,0.153
109.434,9,-2.12,-6.543,2.546,1.532,1.546,-0.2257,0.148
109.485,9,-2.175,-6.502,2.4963,1.543,1.567,-0.2167,0.145
109.535,9,-2.236,-6.452,2.4475,1.56,1.586,-0.2352,0.148
109.585,9,-2.3,-6.394,2.3817,1.575,1.604,-0.2482,0.153
109.635,9,-2.352,-6.34,2.3289,1.59,1.622,-0.2475,0.153
109.684,9,-2.399,-6.285,2.2844,1.601,1.622,-0.2357,0.15
109.735,9,-2.45,-6.22,2.2243,1.615,1.638,-0.2485,0.153
109.785,9,-2.487,-6.167,2.1719,1.622,1.652,-0.2522,0.159
109.835,9,-2.537,-6.085,2.1034,1.637,1.665,-0.2485,0.161
109.886,9,-2.577,-6.009,2.0368,1.648,1.674,-0.2255,0.161
109.935,9,-2.61,-5.936,1.9844,1.664,1.684,-0.2289,0.167
109.985,9,-2.641,-5.854,1.9212,1.674,1.699,-0.2132,0.169
110.034,9,-2.66,-5.796,1.8817,1.688,1.699,-0.1893,0.159
110.085,9,-2.687,-5.697,1.8228,1.699,1.726,-0.2019,0.154
110.135,9,-2.705,-5.612,1.7656,1.719,1.764,-0.2029,0.152
110.185,9,-2.717,-5.537,1.7239,1.738,1.803,-0.1839,0.163
110.235,9,-2.727,-5.442,1.6689,1.791,1.842,-0.1944,0.177
110.285,9,-2.732,-5.335,1.6088,1.817,1.879,-0.1669,0.197
110.335,9,-2.733,-5.256,1.5688,1.854,1.914,-0.1675,0.202
110.384,9,-2.73,-5.172,1.5327,1.878,1.946,-0.1699,0.211
110.435,9,-2.722,-5.062,1.4795,1.925,1.977,-0.1494,0.243
110.484,9,-2.711,-4.977,1.4435,1.947,2.006,-0.1464,0.278
110.535,9,-2.693,-4.866,1.3945,1.989,2.034,-0.1321,0.314
110.585,9,-2.673,-4.773,1.3567,2.017,2.062,-0.1201,0.353
110.635,9,-2.652,-4.688,1.3275,2.046,2.09,-0.1204,0.396
110.685,9,-2.623,-4.583,1.2887,2.068,2.119,-0.1123,0.438
110.735,9,-2.594,-4.493,1.2601,2.093,2.149,-0.1021,0.478
110.785,9,-2.555,-4.381,1.2181,2.133,2.181,-0.0794,0.473
110.835,9,-2.519,-4.291,1.1941,2.154,2.214,-0.0712,0.463
110.885,9,-2.47,-4.175,1.1635,2.196,2.248,-0.063,0.453
110.935,9,-2.419,-4.061,1.1387,2.232,2.282,-0.0526,0.442
110.985,9,-2.375,-3.97,1.1207,2.271,2.315,-0.0423,0.438
111.035,9,-2.324,-3.869,1.1054,2.308,2.348,-0.0297,0.432
111.084,9,-2.275,-3.773,1.0953,2.333,2.381,-0.0212,0.426
111.135,9,-2.219,-3.666,1.0867,2.377,2.445,-0.0043,0.418
111.185,9,-2.162,-3.558,1.0809,2.403,2.477,0.0043,0.413
111.235,9,-2.096,-3.435,1.0811,2.457,2.509,0.0172,0.406
111.285,9,-2.046,-3.341,1.0846,2.491,2.54,0.0301,0.397
111.335,9,-1.98,-3.213,1.0971,2.536,2.601,0.0517,0.384
111.385,9,-1.939,-3.133,1.1076,2.559,2.632,0.0648,0.368
111.434,9,-1.871,-2.99,1.131,2.604,2.662,0.069,0.347
111.485,9,-1.821,-2.88,1.1561,2.637,2.692,0.0709,0.32
111.535,9,-1.768,-2.751,1.1875,2.679,2.746,0.0819,0.289
111.585,9,-1.726,-2.641,1.2106,2.7,2.771,0.0819,0.254
111.635,9,-1.686,-2.524,1.2458,2.749,2.805,0.0873,0.213
111.685,9,-1.636,-2.36,1.2856,2.776,2.818,0.0819,0.173
111.735,9,-1.606,-2.249,1.3163,2.802,2.838,0.0883,0.128
111.785,9,-1.573,-2.107,1.3496,2.817,2.845,0.0829,0.098
111.835,9,-1.542,-1.948,1.3928,2.838,2.851,0.074,0.087
111.885,9,-1.523,-1.825,1.4211,2.847,2.86,0.0878,0.081
111.935,9,-1.503,-1.66,1.4621,2.858,2.864,0.0778,0.085
111.985,9,-1.491,-1.523,1.4946,2.865,2.872,0.0819,0.091
112.035,9,-1.484,-1.383,1.5271,2.871,2.876,0.0796,0.1
112.084,9,-1.481,-1.219,1.5656,2.877,2.88,0.0794,0.123
112.135,9,-1.484,-1.092,1.5972,2.882,2.889,0.0778,0.143
112.184,9,-1.488,-0.986,1.622,2.886,2.894,0.0694,0.16
112.235,9,-1.502,-0.813,1.6578,2.895,2.904,0.0776,0.174
112.285,9,-1.518,-0.669,1.6885,2.899,2.91,0.0784,0.201
112.335,9,-1.543,-0.502,1.7294,2.91,2.916,0.069,0.231
112.385,9,-1.568,-0.367,1.762,2.917,2.928,0.0647,0.261
112.435,9,-1.59,-0.265,1.7835,2.924,2.94,0.0737,0.288
112.484,9,-1.632,-0.091,1.8157,2.933,2.946,0.0647,0.312
112.536,9,-1.673,0.057,1.8505,2.944,2.957,0.0517,0.331
112.584,9,-1.704,0.161,1.8709,2.95,2.962,0.0322,0.345
112.635,9,-1.759,0.327,1.8923,2.963,2.971,0.0086,0.356
112.685,9,-1.808,0.47,1.9046,2.969,2.976,-0.0,0.363
112.735,9,-1.856,0.608,1.9049,2.979,3.025,-0.0216,0.364
112.785,9,-1.891,0.707,1.9048,2.984,3.051,-0.0302,0.364
112.836,9,-1.954,0.895,1.892,3.028,3.096,-0.0517,0.365
112.885,9,-2.001,1.041,1.876,3.056,3.115,-0.056,0.367
112.935,9,-2.04,1.174,1.8524,3.091,3.084,-0.0615,0.371
112.985,9,-2.083,1.336,1.8244,3.104,3.052,-0.056,0.392
113.035,9,-2.115,1.468,1.802,3.096,2.986,-0.058,0.41
113.084,9,-2.15,1.63,1.7742,3.067,2.952,-0.0567,0.404
113.135,9,-2.175,1.766,1.7506,3.003,2.878,-0.053,0.398
113.185,9,-2.202,1.937,1.7228,2.968,2.838,-0.0409,0.39
113.235,9,-2.222,2.083,1.6993,2.886,2.756,-0.0345,0.379
113.285,9,-2.237,2.211,1.6863,2.849,2.713,-0.0402,0.368
113.335,9,-2.252,2.354,1.6716,2.773,2.667,-0.044,0.354
113.384,9,-2.265,2.517,1.6476,2.695,2.573,-0.0517,0.339
113.435,9,-2.273,2.639,1.6309,2.638,2.474,-0.0603,0.33
113.485,9,-2.278,2.745,1.6164,2.588,2.423,-0.0603,0.317
113.535,9,-2.281,2.868,1.5951,2.511,2.369,-0.0603,0.302
113.585,9,-2.282,3.008,1.5687,2.428,2.316,-0.0605,0.284
113.634,9,-2.28,3.115,1.5501,2.365,2.259,-0.0697,0.263
113.685,9,-2.276,3.231,1.5314,2.32,2.202,-0.0681,0.24
113.735,9,-2.268,3.348,1.5016,2.246,2.08,-0.0888,0.216
113.785,9,-2.257,3.471,1.4739,2.169,2.015,-0.1068,0.204
113.835,9,-2.247,3.562,1.4508,2.084,1.95,-0.1212,0.187
113.885,9,-2.23,3.671,1.4082,1.987,1.888,-0.12,0.171
113.935,9,-2.214,3.757,1.3826,1.94,1.828,-0.1467,0.16
113.985,9,-2.193,3.849,1.3493,1.876,1.775,-0.1437,0.151
114.034,9,-2.171,3.934,1.3076,1.813,1.725,-0.1733,0.145
114.085,9,-2.142,4.029,1.2626,1.773,1.682,-0.1666,0.142
114.134,9,-2.11,4.119,1.215,1.702,1.64,-0.2076,0.142
114.185,9,-2.09,4.169,1.1931,1.69,1.603,-0.2015,0.137
114.234,9,-2.044,4.27,1.1219,1.614,1.603,-0.1764,0.134
114.285,9,-2.009,4.337,1.0782,1.606,1.567,-0.176,0.137
114.335,9,-1.98,4.386,1.0485,1.585,1.533,-0.2174,0.143
114.386,9,-1.943,4.447,1.0113,1.557,1.501,-0.2234,0.146
114.435,9,-1.894,4.518,0.9548,1.515,1.472,-0.2222,0.142
114.485,9,-1.845,4.58,0.9013,1.498,1.472,-0.2101,0.137
114.535,9,-1.802,4.631,0.8578,1.475,1.445,-0.2452,0.134
114.584,9,-1.736,4.699,0.7851,1.444,1.423,-0.2565,0.137
114.636,9,-1.703,4.73,0.7555,1.424,1.405,-0.2719,0.138
114.684,9,-1.631,4.791,0.6769,1.408,1.405,-0.2578,0.127
114.735,9,-1.583,4.827,0.6359,1.4,1.391,-0.2553,0.125
114.785,9,-1.52,4.869,0.5727,1.389,1.381,-0.2717,0.123
114.834,9,-1.488,4.888,0.5464,1.38,1.376,-0.2783,0.129
114.885,9,-1.409,4.93,0.4734,1.376,1.376,-0.2547,0.132
114.935,9,-1.358,4.953,0.4232,1.369,1.376,-0.2663,0.129
114.985,9,-1.282,4.983,0.3636,1.368,1.381,-0.278,0.118
115.035,9,-1.219,5.004,0.3086,1.371,1.392,-0.3051,0.11
115.085,9,-1.145,5.023,0.2359,1.375,1.392,-0.2805,0.104
115.135,9,-1.097,5.033,0.1933,1.382,1.408,-0.2784,0.103
115.184,9,-1.005,5.045,0.114,1.395,1.425,-0.2945,0.109
115.234,9,-0.961,5.049,0.0822,1.398,1.442,-0.2905,0.113
115.285,9,-0.877,5.051,0.0072,1.415,1.442,-0.2725,0.114
115.335,9,-0.819,5.049,-0.0451,1.432,1.455,-0.256,0.115
115.385,9,-0.75,5.042,-0.0967,1.436,1.459,-0.256,0.116
115.435,9,-0.666,5.029,-0.1711,1.452,1.459,-0.2209,0.108
115.485,9,-0.588,5.012,-0.2306,1.459,1.456,-0.2266,0.104
115.535,9,-0.539,4.999,-0.2658,1.458,1.45,-0.2212,0.105
115.585,9,-0.455,4.972,-0.3214,1.454,1.449,-0.2239,0.105
115.635,9,-0.402,4.952,-0.3612,1.451,1.449,-0.1991,0.101
115.686,9,-0.321,4.918,-0.4157,1.452,1.486,-0.1858,0.108
115.735,9,-0.253,4.884,-0.4634,1.484,1.533,-0.1993,0.125
115.784,9,-0.193,4.852,-0.4984,1.511,1.583,-0.1992,0.141
115.835,9,-0.134,4.817,-0.5369,1.536,1.583,-0.1763,0.156
115.885,9,-0.055,4.766,-0.5923,1.584,1.634,-0.1889,0.17
115.935,9,0.014,4.715,-0.642,1.625,1.685,-0.1787,0.183
115.985,9,0.07,4.67,-0.6782,1.661,1.736,-0.1886,0.194
116.035,9,0.135,4.614,-0.7242,1.702,1.785,-0.1772,0.203
116.085,9,0.202,4.55,-0.7762,1.748,1.831,-0.1779,0.205
116.134,9,0.27,4.478,-0.8279,1.803,1.831,-0.1664,0.197
116.185,9,0.308,4.434,-0.8529,1.824,1.871,-0.1729,0.191
116.235,9,0.377,4.348,-0.9104,1.858,1.909,-0.1557,0.189
116.285,9,0.414,4.298,-0.9419,1.878,1.943,-0.1557,0.191
116.335,9,0.484,4.191,-1.0016,1.932,1.975,-0.1355,0.213
116.385,9,0.535,4.105,-1.0448,1.965,2.005,-0.1349,0.235
116.435,9,0.584,4.013,-1.0863,2.002,2.033,-0.1199,0.257
116.485,9,0.627,3.925,-1.1251,2.026,2.06,-0.1201,0.278
116.534,9,0.664,3.84,-1.1632,2.057,2.084,-0.1041,0.295
116.585,9,0.708,3.73,-1.2043,2.088,2.108,-0.0916,0.311
116.635,9,0.734,3.659,-1.2268,2.109,2.131,-0.0853,0.346
116.685,9,0.773,3.54,-1.259,2.129,2.154,-0.0794,0.382
116.735,9,0.804,3.437,-1.2856,2.154,2.177,-0.0712,0.415
116.785,9,0.833,3.329,-1.3084,2.173,2.201,-0.0715,0.416
116.835,9,0.858,3.226,-1.333,2.2,2.222,-0.0771,0.387
116.885,10,0.879,3.131,-1.3534,2.217,2.282,-0.0692,0.361
116.935,10,0.904,3.008,-1.38,2.233,2.314,-0.0675,0.338
116.984,10,0.922,2.905,-1.4005,2.277,2.345,-0.0634,0.316
117.035,10,0.942,2.77,-1.425,2.324,2.377,-0.0637,0.295
117.085,10,0.955,2.672,-1.4449,2.366,2.41,-0.0572,0.277
117.135,10,0.966,2.567,-1.4623,2.402,2.473,-0.0616,0.26
117.184,10,0.98,2.42,-1.4868,2.433,2.504,-0.0529,0.246
117.234,10,0.987,2.316,-1.5059,2.48,2.535,-0.043,0.233
117.284,10,0.994,2.181,-1.5255,2.519,2.565,-0.0431,0.223
117.334,10,0.998,2.048,-1.5438,2.559,2.625,-0.0355,0.214
117.384,10,1.0,1.921,-1.5581,2.584,2.655,-0.0259,0.206
117.434,10,1.0,1.801,-1.5676,2.62,2.685,-0.0172,0.197
117.484,10,0.999,1.66,-1.5778,2.666,2.714,-0.0181,0.189
117.534,10,0.998,1.536,-1.5841,2.704,2.772,-0.0131,0.188
117.584,10,0.996,1.422,-1.5889,2.717,2.801,-0.0059,0.19
117.634,10,0.992,1.267,-1.5946,2.772,2.83,0.0,0.191
117.684,10,0.988,1.104,-1.5963,2.813,2.886,0.0096,0.191
117.734,10,0.985,1.005,-1.5954,2.838,2.914,0.0135,0.193
117.784,10,0.982,0.826,-1.5903,2.892,2.969,0.0172,0.195
117.834,10,0.98,0.721,-1.5851,2.921,2.996,0.0172,0.196
117.884,10,0.979,0.57,-1.5766,2.96,3.049,0.0216,0.193
117.934,10,0.979,0.406,-1.5669,3.009,3.076,0.0272,0.187
117.984,10,0.98,0.248,-1.5582,3.04,3.102,0.0269,0.18
118.035,10,0.985,0.058,-1.545,3.077,3.153,0.0274,0.17
118.084,10,0.991,-0.101,-1.5308,3.12,3.204,0.0172,0.158
118.134,10,0.999,-0.272,-1.5187,3.172,3.254,0.0145,0.138
118.184,10,1.008,-0.418,-1.5104,3.203,3.279,0.0043,0.131
118.234,10,1.017,-0.557,-1.5071,3.242,3.328,0.0,0.117
118.284,10,1.026,-0.701,-1.5057,3.274,3.352,-0.0,0.103
118.334,10,1.039,-0.903,-1.5057,3.322,3.4,-0.0043,0.091
118.384,10,1.051,-1.08,-1.506,3.353,3.448,-0.0187,0.078
118.434,10,1.057,-1.185,-1.5085,3.387,3.472,-0.0235,0.067
118.484,10,1.067,-1.359,-1.5184,3.431,3.518,-0.0271,0.058
118.534,10,1.076,-1.581,-1.5331,3.478,3.563,-0.0319,0.054
118.584,10,1.081,-1.76,-1.5488,3.515,3.586,-0.0307,0.052
118.634,10,1.083,-1.891,-1.562,3.55,3.629,-0.0304,0.054
118.684,10,1.081,-2.113,-1.5821,3.59,3.64,-0.0347,0.059
118.734,10,1.077,-2.294,-1.5995,3.619,3.582,-0.0393,0.061
118.784,10,1.07,-2.46,-1.6166,3.624,3.553,-0.036,0.07
118.834,10,1.06,-2.625,-1.6346,3.592,3.467,-0.0435,0.091
118.884,10,1.045,-2.813,-1.6558,3.551,3.437,-0.0436,0.113
118.934,10,1.029,-2.97,-1.6752,3.504,3.377,-0.0388,0.138
118.984,10,1.01,-3.132,-1.6975,3.457,3.313,-0.0388,0.165
119.034,10,0.977,-3.355,-1.7228,3.379,3.246,-0.0431,0.194
119.084,10,0.958,-3.474,-1.7382,3.345,3.211,-0.0434,0.231
119.134,10,0.93,-3.626,-1.7507,3.305,3.175,-0.0399,0.276
119.184,10,0.897,-3.785,-1.7733,3.245,3.061,-0.0388,0.326
119.234,10,0.861,-3.947,-1.7972,3.185,3.022,-0.0302,0.378
119.284,10,0.815,-4.132,-1.8189,3.099,2.939,-0.0345,0.407
119.334,10,0.776,-4.279,-1.8313,3.04,2.896,-0.0345,0.438
119.384,10,0.744,-4.394,-1.8472,2.966,2.807,-0.0302,0.471
119.434,10,0.699,-4.547,-1.8632,2.887,2.761,-0.0362,0.505
119.484,10,0.656,-4.683,-1.8749,2.841,2.713,-0.0405,0.531
119.534,10,0.617,-4.803,-1.8882,2.784,2.615,-0.0474,0.554
119.584,10,0.567,-4.95,-1.9081,2.716,2.565,-0.0578,0.579
119.635,10,0.533,-5.041,-1.9269,2.63,2.459,-0.0648,0.605
119.684,10,0.467,-5.209,-1.9574,2.535,2.403,-0.0607,0.634
119.734,10,0.42,-5.318,-1.9795,2.461,2.345,-0.0656,0.669
119.784,10,0.408,-5.344,-1.9865,2.443,2.286,-0.069,0.691
119.834,10,0.328,-5.514,-2.0205,2.361,2.224,-0.0812,0.742
119.884,10,0.283,-5.603,-2.0407,2.313,2.092,-0.0935,0.726
119.934,10,0.233,-5.697,-2.0612,2.27,2.029,-0.1058,0.716
119.984,10,0.168,-5.809,-2.1024,2.127,1.974,-0.0962,0.708
120.034,10,0.108,-5.905,-2.1342,2.055,1.923,-0.1182,0.7
120.085,10,0.054,-5.986,-2.1644,1.972,1.878,-0.1201,0.684
120.135,10,0.001,-6.061,-2.1977,1.904,1.834,-0.1348,0.665
120.184,10,-0.053,-6.13,-2.2309,1.866,1.794,-0.134,0.65
120.234,10,-0.108,-6.197,-2.2683,1.823,1.756,-0.1427,0.637
120.284,10,-0.163,-6.26,-2.3021,1.79,1.719,-0.1544,0.626
120.334,10,-0.244,-6.343,-2.3517,1.739,1.684,-0.1721,0.617
120.384,10,-0.3,-6.396,-2.3871,1.72,1.65,-0.2033,0.601
120.434,10,-0.348,-6.439,-2.4148,1.697,1.619,-0.2016,0.58
120.484,10,-0.42,-6.497,-2.4669,1.655,1.588,-0.215,0.561
120.535,10,-0.494,-6.552,-2.5241,1.619,1.588,-0.2008,0.543
120.584,10,-0.543,-6.584,-2.5579,1.595,1.558,-0.2271,0.526
120.634,10,-0.626,-6.632,-2.6219,1.565,1.53,-0.2368,0.513
120.685,10,-0.706,-6.673,-2.6854,1.547,1.504,-0.223,0.501
120.734,10,-0.766,-6.7,-2.7268,1.519,1.48,-0.2378,0.485
120.784,10,-0.837,-6.728,-2.7712,1.502,1.48,-0.2101,0.461
120.834,10,-0.904,-6.75,-2.8247,1.48,1.46,-0.2453,0.433
120.884,10,-0.955,-6.765,-2.8562,1.477,1.444,-0.2571,0.405
120.934,10,-1.046,-6.786,-2.926,1.442,1.432,-0.2731,0.377
120.984,10,-1.121,-6.798,-2.9804,1.438,1.432,-0.2325,0.345
121.034,10,-1.193,-6.806,-3.0382,1.431,1.424,-0.2456,0.313
121.084,10,-1.257,-6.81,-3.0858,1.422,1.419,-0.2441,0.289
121.134,10,-1.328,-6.811,3.1402,1.415,1.417,-0.2438,0.268
121.184,10,-1.39,-6.808,3.0992,1.415,1.422,-0.2597,0.251
121.235,10,-1.468,-6.801,3.0419,1.414,1.422,-0.2464,0.236
121.284,10,-1.538,-6.791,2.9938,1.416,1.429,-0.2438,0.219
121.334,10,-1.614,-6.775,2.9316,1.423,1.442,-0.244,0.202
121.384,10,-1.659,-6.764,2.8987,1.426,1.442,-0.2324,0.187
121.434,10,-1.757,-6.734,2.8202,1.438,1.46,-0.2325,0.175
121.484,10,-1.8,-6.718,2.7917,1.442,1.481,-0.2089,0.166
121.534,10,-1.881,-6.684,2.7323,1.472,1.503,-0.2213,0.16
121.584,10,-1.935,-6.658,2.6906,1.48,1.503,-0.2113,0.157
121.634,10,-2.013,-6.616,2.6366,1.5,1.525,-0.2219,0.157
121.684,10,-2.078,-6.577,2.5869,1.513,1.546,-0.2458,0.155
121.734,10,-2.135,-6.538,2.5431,1.522,1.567,-0.2342,0.151
121.784,10,-2.188,-6.498,2.4878,1.539,1.586,-0.2472,0.15
121.834,10,-2.258,-6.439,2.4271,1.567,1.586,-0.2279,0.154
121.884,10,-2.319,-6.38,2.3618,1.582,1.604,-0.2376,0.158
121.934,10,-2.375,-6.32,2.3089,1.594,1.622,-0.2519,0.156
121.984,10,-2.42,-6.266,2.2569,1.602,1.638,-0.2639,0.154
122.034,10,-2.465,-6.204,2.1977,1.617,1.638,-0.2401,0.159
122.084,10,-2.504,-6.145,2.1424,1.628,1.652,-0.2372,0.163
122.134,10,-2.553,-6.058,2.0692,1.642,1.665,-0.2379,0.161
122.185,10,-2.582,-5.999,2.0156,1.651,1.674,-0.206,0.163
122.234,10,-2.62,-5.908,1.9538,1.67,1.684,-0.201,0.168
122.285,10,-2.646,-5.834,1.9091,1.674,1.699,-0.2133,0.163
122.334,10,-2.675,-5.739,1.8415,1.693,1.726,-0.2134,0.152
122.384,10,-2.693,-5.66,1.792,1.708,1.764,-0.2145,0.151
122.434,10,-2.707,-5.583,1.7515,1.736,1.764,-0.1899,0.15
122.484,10,-2.717,-5.514,1.7056,1.757,1.803,-0.1661,0.166
122.534,10,-2.725,-5.422,1.6532,1.783,1.842,-0.1698,0.18
122.584,10,-2.729,-5.327,1.6048,1.822,1.879,-0.1546,0.192
122.634,10,-2.729,-5.241,1.5632,1.865,1.914,-0.1431,0.202
122.684,10,-2.724,-5.134,1.5098,1.903,1.946,-0.1435,0.218
122.734,10,-2.715,-5.032,1.4679,1.938,1.977,-0.1373,0.252
122.784,10,-2.701,-4.938,1.4286,1.964,2.006,-0.1358,0.287
122.834,10,-2.684,-4.837,1.3861,2.002,2.034,-0.1199,0.323
122.884,10,-2.668,-4.765,1.3561,2.012,2.062,-0.1201,0.366
122.934,10,-2.635,-4.636,1.3103,2.052,2.09,-0.1038,0.408
122.984,10,-2.615,-4.567,1.2805,2.069,2.119,-0.0976,0.449
123.034,10,-2.575,-4.446,1.2448,2.11,2.149,-0.0918,0.483
123.084,10,-2.535,-4.337,1.2101,2.143,2.181,-0.0753,0.47
123.134,10,-2.5,-4.249,1.1892,2.174,2.214,-0.0713,0.459
123.184,10,-2.455,-4.144,1.1625,2.204,2.248,-0.0631,0.45
123.234,10,-2.409,-4.042,1.1406,2.24,2.282,-0.0506,0.442
123.284,10,-2.354,-3.928,1.1174,2.279,2.348,-0.0434,0.435
123.334,10,-2.305,-3.83,1.1033,2.33,2.381,-0.0255,0.429
123.384,10,-2.257,-3.738,1.0928,2.35,2.413,-0.0187,0.423
123.434,10,-2.206,-3.642,1.0848,2.383,2.445,-0.0,0.416
123.484,10,-2.154,-3.543,1.0809,2.422,2.477,0.0043,0.41
123.534,10,-2.087,-3.418,1.0814,2.465,2.509,0.0172,0.403
123.584,10,-2.028,-3.306,1.0849,2.495,2.571,0.048,0.393
123.634,10,-1.958,-3.171,1.1023,2.552,2.601,0.056,0.38
123.684,10,-1.906,-3.064,1.1202,2.586,2.632,0.0603,0.361
123.734,10,-1.857,-2.96,1.1387,2.615,2.692,0.0776,0.338
123.784,10,-1.797,-2.822,1.1702,2.653,2.721,0.0776,0.311
123.834,10,-1.751,-2.707,1.1953,2.692,2.746,0.0833,0.278
123.884,10,-1.717,-2.616,1.2218,2.72,2.789,0.0867,0.24
123.934,10,-1.662,-2.449,1.2634,2.76,2.805,0.0836,0.199
123.984,10,-1.627,-2.328,1.2956,2.787,2.818,0.0793,0.157
124.034,10,-1.592,-2.19,1.331,2.808,2.838,0.0874,0.11
124.084,10,-1.562,-2.049,1.3632,2.822,2.845,0.0776,0.092
124.134,10,-1.539,-1.924,1.3959,2.84,2.856,0.0776,0.084
124.184,10,-1.512,-1.738,1.4423,2.853,2.86,0.0836,0.08
124.234,10,-1.499,-1.613,1.4713,2.859,2.868,0.088,0.088
124.284,10,-1.491,-1.513,1.4965,2.863,2.872,0.0784,0.092
124.334,10,-1.483,-1.349,1.5357,2.872,2.88,0.084,0.108
124.384,10,-1.481,-1.22,1.5668,2.876,2.885,0.0793,0.13
124.434,10,-1.485,-1.056,1.6064,2.884,2.889,0.0705,0.149
124.484,10,-1.494,-0.906,1.6401,2.889,2.899,0.0733,0.166
124.534,10,-1.508,-0.765,1.6694,2.897,2.904,0.074,0.18
124.584,10,-1.527,-0.612,1.7043,2.903,2.916,0.079,0.211
124.634,10,-1.546,-0.492,1.734,2.911,2.928,0.0776,0.241
124.684,10,-1.582,-0.306,1.7781,2.923,2.934,0.0776,0.284
124.734,10,-1.606,-0.2,1.8015,2.929,2.946,0.0647,0.296
124.784,10,-1.639,-0.075,1.8304,2.937,2.952,0.0535,0.317
124.834,10,-1.69,0.1,1.8605,2.95,2.957,0.039,0.333
124.884,10,-1.725,0.213,1.8807,2.955,2.967,0.0189,0.346
124.934,10,-1.782,0.382,1.8957,2.966,2.971,0.0045,0.355
124.984,10,-1.822,0.5,1.9021,2.971,3.0,-0.0139,0.36
125.034,10,-1.879,0.663,1.9024,2.978,3.025,-0.0236,0.361
125.084,10,-1.926,0.802,1.8958,2.999,3.077,-0.0401,0.362
125.134,10,-1.972,0.943,1.8817,3.039,3.096,-0.0474,0.363
125.184,10,-2.013,1.075,1.8672,3.063,3.1,-0.056,0.366
125.234,10,-2.066,1.265,1.8342,3.098,3.084,-0.0603,0.372
125.284,10,-2.103,1.41,1.8107,3.099,3.02,-0.0566,0.407
125.334,10,-2.133,1.542,1.7904,3.069,2.986,-0.0571,0.409
125.384,10,-2.163,1.693,1.7638,3.026,2.915,-0.0517,0.405
125.434,10,-2.189,1.84,1.7413,2.977,2.878,-0.0438,0.398
125.484,10,-2.214,2.002,1.7139,2.912,2.798,-0.0388,0.39
125.535,10,-2.227,2.102,1.702,2.864,2.713,-0.0474,0.381
125.584,10,-2.246,2.262,1.6827,2.798,2.667,-0.0517,0.369
125.634,10,-2.262,2.425,1.658,2.721,2.622,-0.0474,0.353
125.684,10,-2.271,2.544,1.6426,2.692,2.525,-0.056,0.339
125.734,10,-2.278,2.685,1.6176,2.589,2.474,-0.0577,0.327
125.784,10,-2.282,2.802,1.6029,2.554,2.423,-0.057,0.314
125.834,10,-2.284,2.912,1.582,2.471,2.369,-0.056,0.297
125.884,10,-2.283,3.05,1.5571,2.409,2.259,-0.0731,0.278
125.935,10,-2.28,3.163,1.5347,2.323,2.202,-0.0681,0.256
125.985,10,-2.274,3.265,1.5151,2.283,2.141,-0.0825,0.231
126.034,10,-2.266,3.381,1.491,2.209,2.08,-0.085,0.211
126.084,10,-2.255,3.484,1.4669,2.162,2.015,-0.0965,0.197
126.134,10,-2.24,3.601,1.4311,2.052,1.95,-0.1127,0.178
126.184,10,-2.226,3.69,1.4058,1.999,1.888,-0.1203,0.166
126.234,10,-2.203,3.801,1.3616,1.906,1.828,-0.1331,0.152
126.284,10,-2.19,3.86,1.3408,1.872,1.775,-0.1443,0.148
126.334,10,-2.161,3.965,1.2941,1.803,1.725,-0.1548,0.143
126.384,10,-2.14,4.032,1.2594,1.758,1.682,-0.1688,0.141
126.434,10,-2.104,4.13,1.2125,1.703,1.64,-0.1956,0.139
126.484,10,-2.071,4.211,1.1662,1.669,1.603,-0.1893,0.135
126.534,10,-2.032,4.293,1.1148,1.617,1.567,-0.2007,0.133
126.584,10,-2.0,4.354,1.0745,1.597,1.533,-0.2376,0.14
126.634,10,-1.96,4.421,1.0308,1.55,1.533,-0.2114,0.145
126.684,10,-1.915,4.488,0.9713,1.532,1.501,-0.2136,0.147
126.734,10,-1.883,4.532,0.9361,1.513,1.472,-0.2103,0.14
126.784,10,-1.821,4.609,0.8708,1.479,1.445,-0.2574,0.135
126.834,10,-1.79,4.644,0.8459,1.472,1.423,-0.2688,0.134
126.884,10,-1.73,4.704,0.7823,1.442,1.423,-0.2444,0.138
126.934,10,-1.678,4.752,0.7287,1.421,1.405,-0.2558,0.134
126.986,10,-1.63,4.791,0.6807,1.406,1.391,-0.2727,0.128
127.034,10,-1.567,4.837,0.6244,1.397,1.391,-0.2554,0.123
127.084,10,-1.502,4.879,0.5531,1.381,1.381,-0.2549,0.124
127.134,10,-1.449,4.908,0.5122,1.378,1.376,-0.279,0.129
127.184,10,-1.396,4.935,0.4634,1.369,1.376,-0.278,0.132
127.234,10,-1.321,4.968,0.3991,1.367,1.376,-0.2695,0.125
127.284,10,-1.255,4.992,0.335,1.369,1.381,-0.2781,0.114
127.334,10,-1.22,5.003,0.3078,1.369,1.392,-0.2898,0.107
127.384,10,-1.134,5.024,0.2311,1.377,1.392,-0.2664,0.102
127.434,10,-1.067,5.037,0.1742,1.386,1.408,-0.2784,0.104
127.484,10,-1.005,5.045,0.1253,1.387,1.425,-0.2907,0.11
127.534,10,-0.915,5.05,0.0408,1.41,1.442,-0.3035,0.114
127.584,10,-0.855,5.05,-0.0074,1.417,1.442,-0.2683,0.113
127.634,10,-0.792,5.047,-0.0605,1.433,1.455,-0.2605,0.115
127.684,10,-0.711,5.037,-0.1305,1.446,1.459,-0.2444,0.114
127.734,10,-0.632,5.023,-0.1956,1.456,1.456,-0.2445,0.105
127.784,10,-0.569,5.008,-0.241,1.457,1.456,-0.2244,0.104
127.834,10,-0.507,4.99,-0.2796,1.457,1.45,-0.224,0.106
127.884,10,-0.448,4.971,-0.3233,1.455,1.449,-0.2092,0.105
127.934,10,-0.366,4.939,-0.3793,1.453,1.486,-0.2029,0.101
127.984,10,-0.297,4.908,-0.43,1.465,1.486,-0.1737,0.114
128.034,10,-0.235,4.877,-0.4661,1.488,1.533,-0.2021,0.131
128.084,10,-0.166,4.84,-0.5131,1.518,1.583,-0.1864,0.147
128.134,10,-0.092,4.794,-0.5618,1.574,1.634,-0.1992,0.17
128.184,10,-0.034,4.755,-0.5998,1.593,1.634,-0.1934,0.176
128.234,10,0.024,4.712,-0.6384,1.626,1.685,-0.1762,0.189
128.284,10,0.079,4.668,-0.679,1.653,1.736,-0.194,0.2
128.334,10,0.154,4.602,-0.7343,1.713,1.785,-0.1824,0.208
128.384,10,0.205,4.553,-0.7775,1.739,1.831,-0.178,0.207
128.434,10,0.277,4.476,-0.8306,1.804,1.871,-0.1917,0.199
128.484,10,0.327,4.418,-0.8731,1.828,1.909,-0.1698,0.193
128.534,10,0.383,4.344,-0.9197,1.876,1.943,-0.1683,0.192
128.584,10,0.436,4.27,-0.9692,1.91,1.975,-0.1461,0.199
128.634,10,0.498,4.171,-1.0209,1.959,1.975,-0.1194,0.221
128.684,10,0.546,4.087,-1.0591,1.98,2.005,-0.1197,0.243
128.734,10,0.598,3.986,-1.1029,2.009,2.06,-0.1346,0.264
128.786,10,0.636,3.905,-1.131,2.026,2.06,-0.1201,0.283
128.834,10,0.673,3.821,-1.1644,2.058,2.108,-0.1081,0.3
128.884,10,0.713,3.719,-1.2039,2.071,2.108,-0.0957,0.32
128.934,10,0.744,3.632,-1.2312,2.106,2.154,-0.0967,0.357
128.984,10,0.784,3.508,-1.2682,2.138,2.177,-0.0794,0.393
129.034,10,0.814,3.404,-1.2946,2.17,2.201,-0.0797,0.426
129.084,10,0.84,3.305,-1.317,2.186,2.222,-0.0777,0.407
129.134,10,0.867,3.193,-1.3419,2.212,2.222,-0.0673,0.379
129.184,11,0.884,3.111,-1.3578,2.225,2.282,-0.0674,0.354
129.234,11,0.906,2.996,-1.3831,2.25,2.314,-0.0591,0.33
129.284,11,0.93,2.859,-1.4102,2.299,2.345,-0.0605,0.309
129.334,11,0.945,2.75,-1.43,2.335,2.377,-0.0603,0.289
129.384,11,0.96,2.633,-1.4524,2.365,2.441,-0.0596,0.272
129.434,11,0.971,2.521,-1.4709,2.401,2.473,-0.0605,0.256
129.484,11,0.981,2.407,-1.4898,2.437,2.504,-0.0489,0.242
129.534,11,0.989,2.287,-1.5095,2.469,2.535,-0.0478,0.23
129.584,11,0.994,2.164,-1.5274,2.51,2.595,-0.0405,0.22
129.634,11,0.998,2.037,-1.5449,2.553,2.625,-0.0302,0.211
129.684,11,1.0,1.887,-1.5617,2.595,2.655,-0.0259,0.204
129.734,11,1.0,1.752,-1.5725,2.641,2.685,-0.0172,0.196
129.784,11,0.999,1.667,-1.5801,2.661,2.743,-0.0136,0.192
129.834,11,0.996,1.489,-1.5889,2.7,2.772,-0.0043,0.19
129.884,11,0.994,1.38,-1.5932,2.745,2.83,0.0,0.192
129.934,11,0.99,1.213,-1.5943,2.797,2.858,0.0046,0.192
129.984,11,0.986,1.066,-1.5943,2.827,2.886,0.0087,0.192
130.034,11,0.983,0.94,-1.5926,2.87,2.942,0.0129,0.194
130.084,11,0.98,0.781,-1.5886,2.9,2.969,0.0172,0.196
130.134,11,0.979,0.645,-1.5823,2.947,2.996,0.0172,0.196
130.184,11,0.978,0.509,-1.5752,2.976,3.049,0.0216,0.193
130.234,11,0.978,0.371,-1.5669,3.007,3.102,0.0313,0.187
130.284,11,0.98,0.179,-1.5548,3.052,3.128,0.0259,0.18
130.334,11,0.984,0.025,-1.5422,3.097,3.179,0.0259,0.169
130.384,11,0.991,-0.138,-1.5314,3.129,3.204,0.0224,0.157
130.435,11,0.998,-0.293,-1.5192,3.18,3.254,0.0129,0.144
130.484,11,1.009,-0.476,-1.5085,3.227,3.279,0.0095,0.129
130.535,11,1.016,-0.583,-1.506,3.252,3.328,0.0,0.114
130.584,11,1.029,-0.767,-1.5019,3.283,3.376,-0.0047,0.1
130.634,11,1.039,-0.919,-1.5019,3.327,3.424,-0.0086,0.086
130.684,11,1.051,-1.094,-1.5052,3.372,3.448,-0.0172,0.074
130.734,11,1.06,-1.247,-1.5104,3.405,3.495,-0.0276,0.064
130.784,11,1.07,-1.432,-1.5201,3.439,3.541,-0.0302,0.056
130.834,11,1.077,-1.588,-1.5331,3.478,3.563,-0.0308,0.052
130.884,11,1.082,-1.802,-1.5516,3.523,3.607,-0.0302,0.051
130.934,11,1.083,-1.991,-1.5699,3.572,3.635,-0.0348,0.053
130.984,11,1.082,-2.146,-1.5832,3.597,3.64,-0.0357,0.058
131.034,11,1.078,-2.308,-1.5992,3.621,3.553,-0.0433,0.061
131.084,11,1.067,-2.54,-1.6244,3.623,3.524,-0.039,0.074
131.134,11,1.056,-2.697,-1.6426,3.579,3.467,-0.0435,0.095
131.184,11,1.042,-2.86,-1.6618,3.542,3.408,-0.0431,0.119
131.234,11,1.02,-3.065,-1.6881,3.469,3.346,-0.0431,0.144
131.284,11,1.0,-3.214,-1.7051,3.431,3.313,-0.0432,0.172
131.334,11,0.977,-3.368,-1.7253,3.367,3.246,-0.0431,0.201
131.384,11,0.952,-3.512,-1.7398,3.343,3.211,-0.044,0.242
131.434,11,0.917,-3.69,-1.768,3.27,3.1,-0.0362,0.289
131.484,11,0.88,-3.86,-1.7895,3.22,3.061,-0.0353,0.34
131.534,11,0.848,-3.999,-1.8037,3.152,2.981,-0.0345,0.386
131.585,11,0.834,-4.053,-1.8089,3.13,2.981,-0.0302,0.401
131.634,11,0.761,-4.329,-1.8376,3.04,2.852,-0.0441,0.448
131.684,11,0.722,-4.467,-1.8525,2.979,2.807,-0.0388,0.481
131.734,11,0.674,-4.624,-1.876,2.855,2.761,-0.0302,0.516
131.784,11,0.645,-4.713,-1.8844,2.825,2.665,-0.0403,0.539
131.834,11,0.591,-4.872,-1.9025,2.739,2.615,-0.0388,0.564
131.884,11,0.556,-4.969,-1.9147,2.695,2.512,-0.0517,0.59
131.934,11,0.499,-5.121,-1.9368,2.592,2.459,-0.0604,0.617
131.984,11,0.469,-5.197,-1.9499,2.551,2.403,-0.0618,0.646
132.034,11,0.422,-5.31,-1.9726,2.477,2.286,-0.0776,0.684
132.084,11,0.367,-5.432,-1.9974,2.411,2.224,-0.0813,0.729
132.134,11,0.306,-5.559,-2.0282,2.29,2.16,-0.0901,0.738
132.184,11,0.253,-5.661,-2.0553,2.241,2.092,-0.0902,0.725
132.234,11,0.192,-5.77,-2.0919,2.129,2.029,-0.0966,0.714
132.284,11,0.158,-5.827,-2.108,2.092,1.974,-0.0972,0.707
132.334,11,0.09,-5.933,-2.1455,2.01,1.923,-0.1036,0.696
132.384,11,0.035,-6.014,-2.1769,1.957,1.878,-0.1115,0.68
132.434,11,-0.007,-6.072,-2.2027,1.911,1.834,-0.1191,0.663
132.484,11,-0.077,-6.163,-2.2341,1.883,1.794,-0.1312,0.65
132.549,11,-0.123,-6.217,-2.2624,1.832,1.756,-0.1553,0.644
132.584,11,-0.186,-6.288,-2.2804,1.811,1.719,-0.1792,0.628
132.634,11,-0.258,-6.362,-2.3583,1.743,1.684,-0.1662,0.62
132.684,11,-0.316,-6.416,-2.3959,1.708,1.65,-0.2045,0.599
132.734,11,-0.38,-6.471,-2.4402,1.66,1.619,-0.2012,0.576
132.784,11,-0.444,-6.519,-2.4924,1.649,1.588,-0.2007,0.557
132.834,11,-0.504,-6.561,-2.5348,1.622,1.558,-0.2384,0.54
132.885,11,-0.579,-6.608,-2.587,1.588,1.558,-0.2259,0.525
132.934,11,-0.641,-6.643,-2.6348,1.556,1.53,-0.211,0.511
132.984,11,-0.715,-6.68,-2.6919,1.539,1.504,-0.2229,0.5
133.034,11,-0.778,-6.707,-2.739,1.505,1.48,-0.2258,0.479
133.084,11,-0.862,-6.738,-2.7932,1.499,1.46,-0.2722,0.467
133.134,11,-0.907,-6.753,-2.8303,1.477,1.46,-0.2454,0.425
133.184,11,-0.977,-6.771,-2.8903,1.452,1.444,-0.2328,0.394
133.234,11,-1.053,-6.787,-2.9507,1.445,1.432,-0.2327,0.365
133.284,11,-1.132,-6.799,-3.0029,1.44,1.424,-0.2609,0.333
133.334,11,-1.197,-6.805,-3.0478,1.429,1.424,-0.2205,0.303
133.384,11,-1.28,-6.809,-3.1082,1.419,1.419,-0.2321,0.278
133.434,11,-1.329,-6.808,3.1336,1.417,1.417,-0.2321,0.259
133.484,11,-1.422,-6.803,3.0747,1.415,1.422,-0.2611,0.243
133.534,11,-1.488,-6.796,3.0241,1.412,1.422,-0.232,0.229
133.584,11,-1.557,-6.784,2.9697,1.418,1.429,-0.237,0.209
133.634,11,-1.632,-6.767,2.9151,1.424,1.442,-0.2322,0.193
133.684,11,-1.675,-6.756,2.8839,1.429,1.46,-0.2442,0.18
133.734,11,-1.764,-6.728,2.8188,1.442,1.46,-0.2207,0.17
133.784,11,-1.842,-6.697,2.7579,1.462,1.481,-0.2091,0.159
133.834,11,-1.885,-6.679,2.7304,1.475,1.503,-0.227,0.156
133.884,11,-1.966,-6.639,2.6756,1.483,1.525,-0.2335,0.154
133.934,11,-2.021,-6.609,2.6312,1.505,1.525,-0.2222,0.156
133.984,11,-2.092,-6.565,2.5709,1.521,1.546,-0.2381,0.151
134.034,11,-2.16,-6.517,2.5114,1.537,1.567,-0.2269,0.148
134.084,11,-2.227,-6.463,2.4525,1.555,1.586,-0.2346,0.147
134.134,11,-2.264,-6.431,2.4256,1.563,1.604,-0.2602,0.153
134.184,11,-2.329,-6.368,2.3579,1.582,1.604,-0.238,0.157
134.234,11,-2.385,-6.308,2.3034,1.595,1.622,-0.2502,0.154
134.284,11,-2.439,-6.241,2.2358,1.607,1.638,-0.2478,0.154
134.334,11,-2.48,-6.183,2.1862,1.623,1.652,-0.2601,0.16
134.384,11,-2.528,-6.106,2.113,1.631,1.665,-0.2661,0.164
134.434,11,-2.564,-6.039,2.0513,1.646,1.674,-0.2246,0.163
134.484,11,-2.604,-5.954,1.9838,1.666,1.674,-0.2032,0.169
134.534,11,-2.623,-5.904,1.9545,1.672,1.684,-0.2069,0.171
134.584,11,-2.656,-5.809,1.8912,1.678,1.699,-0.2011,0.162
134.634,11,-2.679,-5.729,1.8405,1.694,1.726,-0.2141,0.156
134.684,11,-2.699,-5.644,1.7949,1.707,1.764,-0.2137,0.152
134.734,11,-2.712,-5.564,1.7375,1.739,1.803,-0.1899,0.156
134.784,11,-2.724,-5.465,1.6725,1.764,1.842,-0.1783,0.171
134.834,11,-2.729,-5.399,1.6364,1.808,1.879,-0.1678,0.185
134.884,11,-2.732,-5.287,1.5839,1.85,1.879,-0.1475,0.197
134.934,11,-2.731,-5.227,1.5548,1.874,1.914,-0.1433,0.206
134.984,11,-2.724,-5.106,1.5013,1.9,1.946,-0.1435,0.229
135.034,11,-2.714,-5.011,1.4604,1.937,1.977,-0.137,0.263
135.084,11,-2.699,-4.91,1.4207,1.964,2.006,-0.133,0.299
135.134,11,-2.685,-4.834,1.3835,1.992,2.034,-0.1199,0.336
135.184,11,-2.66,-4.72,1.338,2.024,2.062,-0.1201,0.379
135.234,11,-2.63,-4.612,1.2947,2.06,2.09,-0.1013,0.422
135.284,11,-2.596,-4.502,1.2569,2.095,2.119,-0.0976,0.462
135.334,11,-2.565,-4.412,1.2293,2.12,2.181,-0.0877,0.479
135.384,11,-2.538,-4.343,1.2067,2.138,2.214,-0.0799,0.468
135.434,11,-2.48,-4.201,1.1705,2.203,2.248,-0.0673,0.453
135.484,11,-2.456,-4.147,1.158,2.214,2.282,-0.0547,0.45
135.534,11,-2.395,-4.014,1.1304,2.265,2.315,-0.0475,0.442
135.584,11,-2.344,-3.911,1.1127,2.288,2.348,-0.0385,0.436
135.634,11,-2.293,-3.81,1.0967,2.337,2.381,-0.0226,0.43
135.684,11,-2.242,-3.714,1.0874,2.364,2.445,-0.0044,0.424
135.734,11,-2.178,-3.592,1.0821,2.425,2.477,0.0043,0.417
135.785,11,-2.121,-3.486,1.0821,2.458,2.509,0.0172,0.41
135.834,11,-2.068,-3.386,1.0844,2.479,2.54,0.0301,0.401
135.884,11,-2.002,-3.259,1.0926,2.516,2.571,0.0431,0.39
135.934,11,-1.951,-3.159,1.1053,2.554,2.601,0.0538,0.375
135.984,11,-1.892,-3.038,1.1227,2.584,2.662,0.0733,0.355
136.034,11,-1.839,-2.922,1.1465,2.627,2.692,0.0784,0.331
136.084,11,-1.785,-2.794,1.1779,2.668,2.721,0.0747,0.3
136.134,11,-1.746,-2.694,1.206,2.702,2.771,0.0819,0.265
136.184,11,-1.692,-2.54,1.2407,2.729,2.789,0.0793,0.226
136.234,11,-1.651,-2.411,1.2719,2.767,2.805,0.0783,0.187
136.285,11,-1.616,-2.288,1.3024,2.792,2.829,0.0862,0.145
136.334,11,-1.585,-2.165,1.3307,2.812,2.838,0.0776,0.104
136.384,11,-1.552,-2.007,1.3759,2.832,2.851,0.0874,0.092
136.434,11,-1.53,-1.882,1.4038,2.841,2.856,0.0793,0.084
136.484,11,-1.51,-1.735,1.4405,2.853,2.864,0.0819,0.084
136.534,11,-1.497,-1.61,1.4737,2.861,2.868,0.079,0.091
136.584,11,-1.485,-1.433,1.5135,2.867,2.876,0.0862,0.094
136.634,11,-1.481,-1.315,1.5454,2.873,2.88,0.0788,0.117
136.684,11,-1.481,-1.142,1.5855,2.88,2.885,0.069,0.137
136.734,11,-1.487,-1.001,1.6177,2.887,2.894,0.0782,0.155
136.784,11,-1.496,-0.871,1.6436,2.891,2.899,0.0733,0.17
136.834,11,-1.509,-0.742,1.6741,2.898,2.91,0.0776,0.191
136.884,11,-1.532,-0.566,1.714,2.905,2.916,0.075,0.221
136.934,11,-1.556,-0.423,1.7455,2.914,2.928,0.0827,0.251
136.984,11,-1.589,-0.263,1.7854,2.924,2.934,0.0733,0.28
137.034,11,-1.612,-0.169,1.8041,2.93,2.946,0.0695,0.305
137.084,11,-1.658,0.004,1.8433,2.939,2.952,0.0519,0.325
137.134,11,-1.687,0.101,1.8622,2.948,2.962,0.0345,0.34
137.184,11,-1.742,0.272,1.8896,2.959,2.967,0.0177,0.351
137.234,11,-1.785,0.398,1.9015,2.966,2.976,-0.0055,0.359
137.284,11,-1.85,0.584,1.909,2.975,3.0,-0.0129,0.362
137.334,11,-1.894,0.708,1.9062,2.987,3.051,-0.0345,0.362
137.384,11,-1.947,0.864,1.8947,3.02,3.077,-0.0517,0.362
137.434,11,-1.99,0.995,1.8794,3.049,3.115,-0.0603,0.363
137.486,11,-2.029,1.127,1.8578,3.075,3.1,-0.056,0.366
137.534,11,-2.072,1.285,1.8323,3.103,3.052,-0.0653,0.376
137.584,11,-2.106,1.421,1.8078,3.099,2.986,-0.0621,0.413
137.634,11,-2.135,1.556,1.7799,3.062,2.952,-0.0474,0.406
137.684,11,-2.169,1.734,1.7503,3.012,2.915,-0.0436,0.4
137.734,11,-2.195,1.889,1.7277,2.958,2.838,-0.0345,0.394
137.784,11,-2.213,2.014,1.7142,2.925,2.798,-0.0392,0.386
137.834,11,-2.235,2.178,1.6942,2.841,2.713,-0.0486,0.376
137.884,11,-2.246,2.279,1.6812,2.803,2.667,-0.0494,0.363
137.934,11,-2.263,2.464,1.6541,2.712,2.573,-0.056,0.347
137.984,11,-2.272,2.592,1.6344,2.645,2.525,-0.0528,0.335
138.034,11,-2.278,2.711,1.615,2.571,2.474,-0.053,0.323
138.084,11,-2.281,2.822,1.5994,2.53,2.423,-0.0517,0.308
138.134,11,-2.283,2.916,1.586,2.481,2.316,-0.0646,0.291
138.184,11,-2.282,3.077,1.5568,2.415,2.259,-0.0686,0.271
138.234,11,-2.278,3.189,1.5345,2.326,2.202,-0.0734,0.249
138.284,11,-2.27,3.322,1.5041,2.242,2.08,-0.0888,0.224
138.334,11,-2.262,3.415,1.4823,2.153,2.08,-0.0812,0.206
138.384,11,-2.25,3.522,1.4535,2.1,1.95,-0.121,0.19
138.435,11,-2.239,3.607,1.4258,2.021,1.888,-0.1202,0.173
138.484,11,-2.217,3.73,1.3813,1.939,1.888,-0.1114,0.16
138.534,11,-2.199,3.812,1.3557,1.907,1.828,-0.1191,0.151
138.584,11,-2.176,3.905,1.3264,1.869,1.775,-0.1312,0.145
138.634,11,-2.151,3.994,1.284,1.797,1.725,-0.1547,0.141
138.684,11,-2.126,4.069,1.2542,1.757,1.682,-0.1665,0.14
138.734,11,-2.091,4.164,1.1977,1.69,1.64,-0.1896,0.138
138.784,11,-2.061,4.233,1.157,1.652,1.603,-0.202,0.135
138.834,11,-2.031,4.295,1.1188,1.618,1.567,-0.2004,0.135
138.884,11,-1.998,4.359,1.0752,1.59,1.533,-0.2237,0.142
138.935,11,-1.952,4.434,1.0158,1.544,1.501,-0.2229,0.146
138.984,11,-1.909,4.497,0.9747,1.531,1.501,-0.2106,0.145
139.034,11,-1.864,4.558,0.9219,1.51,1.472,-0.2225,0.139
139.084,11,-1.816,4.616,0.8696,1.483,1.445,-0.2596,0.135
139.134,11,-1.768,4.668,0.8186,1.446,1.423,-0.2714,0.136
139.184,11,-1.709,4.724,0.7502,1.432,1.405,-0.268,0.138
139.235,11,-1.671,4.757,0.7097,1.41,1.405,-0.2489,0.131
139.284,11,-1.606,4.807,0.6484,1.399,1.391,-0.2598,0.124
139.334,11,-1.552,4.845,0.5977,1.389,1.381,-0.2669,0.121
139.385,11,-1.493,4.881,0.5431,1.388,1.381,-0.2433,0.123
139.434,11,-1.43,4.915,0.485,1.379,1.376,-0.2549,0.127
139.484,11,-1.361,4.948,0.426,1.369,1.376,-0.28,0.129
139.535,11,-1.309,4.969,0.3848,1.367,1.376,-0.2545,0.118
139.584,11,-1.234,4.995,0.3143,1.37,1.381,-0.2712,0.108
139.634,11,-1.175,5.011,0.2698,1.374,1.392,-0.2781,0.101
139.684,11,-1.099,5.028,0.1959,1.381,1.408,-0.293,0.097
139.734,11,-1.041,5.037,0.1515,1.388,1.408,-0.2667,0.103
139.784,11,-0.979,5.043,0.0994,1.401,1.425,-0.2671,0.107
139.834,11,-0.917,5.046,0.0444,1.413,1.442,-0.2805,0.11
139.884,11,-0.831,5.046,-0.0252,1.423,1.455,-0.2832,0.111
139.934,11,-0.759,5.04,-0.0913,1.441,1.459,-0.2713,0.113
139.984,11,-0.679,5.029,-0.1554,1.452,1.459,-0.2445,0.105
140.034,11,-0.658,5.025,-0.1689,1.453,1.456,-0.2446,0.105
140.084,11,-0.551,5.0,-0.2505,1.456,1.45,-0.2337,0.102
140.134,11,-0.483,4.98,-0.3008,1.453,1.45,-0.2121,0.103
140.184,11,-0.423,4.958,-0.3446,1.452,1.449,-0.1973,0.1
140.234,11,-0.335,4.922,-0.4081,1.454,1.486,-0.2004,0.1
140.284,11,-0.292,4.902,-0.4312,1.454,1.533,-0.2097,0.118
140.334,11,-0.219,4.865,-0.4846,1.507,1.533,-0.1745,0.134
140.384,11,-0.146,4.823,-0.535,1.537,1.583,-0.1781,0.149
140.435,11,-0.088,4.786,-0.5685,1.569,1.634,-0.1874,0.164
140.484,11,-0.011,4.732,-0.6216,1.617,1.685,-0.176,0.177
140.534,11,0.05,4.685,-0.6627,1.658,1.685,-0.1644,0.189
140.584,11,0.113,4.632,-0.7048,1.686,1.736,-0.1771,0.199
140.634,11,0.177,4.573,-0.7525,1.726,1.785,-0.1704,0.205
140.684,11,0.237,4.512,-0.7961,1.762,1.831,-0.1809,0.199
140.734,11,0.301,4.442,-0.847,1.815,1.871,-0.1799,0.192
140.785,11,0.358,4.372,-0.8955,1.849,1.909,-0.155,0.189
140.834,11,0.408,4.304,-0.9365,1.893,1.943,-0.1556,0.189
140.884,11,0.465,4.22,-0.9866,1.927,1.975,-0.1314,0.205
140.934,11,0.506,4.153,-1.0231,1.957,2.005,-0.1369,0.227
140.984,11,0.561,4.056,-1.0658,1.982,2.033,-0.1373,0.249
141.035,11,0.603,3.976,-1.0966,2.003,2.06,-0.1336,0.271
141.084,11,0.65,3.874,-1.1426,2.036,2.084,-0.1202,0.29
141.134,11,0.685,3.791,-1.1754,2.062,2.108,-0.1051,0.305
141.184,11,0.727,3.68,-1.2175,2.092,2.131,-0.0965,0.334
141.234,11,0.758,3.592,-1.242,2.112,2.154,-0.0877,0.371
141.284,11,0.794,3.474,-1.2786,2.148,2.177,-0.0766,0.405
141.334,11,0.819,3.384,-1.3009,2.162,2.201,-0.0714,0.425
141.384,11,0.854,3.246,-1.3335,2.202,2.222,-0.0714,0.397
