t_s,lap,x,y,yaw,speed_mps,cmd_speed_mps,cmd_steer_rad,min_wall_dist_m
0.029,0,0.8,3.158,-1.5707,0.0,0.0,0.0,0.441
0.08,0,0.8,3.158,-1.5707,0.0,0.0,0.0,0.441
0.13,0,0.8,3.158,-1.5707,0.0,0.0,0.0,0.441
0.18,0,0.8,3.158,-1.5707,0.0,0.0,0.0,0.441
0.229,0,0.8,3.158,-1.5707,0.0,0.0,0.0,0.441
0.279,0,0.8,3.158,-1.5707,0.0,0.0,0.0,0.441
0.329,0,0.8,3.158,-1.5707,0.0,0.0,0.0,0.441
0.379,0,0.8,3.158,-1.5707,0.0,0.0,0.0,0.441
0.435,0,0.8,3.158,-1.5707,0.0,0.0,0.0,0.441
0.479,0,0.8,3.158,-1.5707,0.0,0.0,0.0,0.441
0.53,0,0.8,3.158,-1.5707,0.0,0.0,0.0,0.441
0.58,0,0.8,3.158,-1.5707,0.0,0.0,0.0,0.441
0.63,0,0.8,3.158,-1.5707,0.0,0.0,0.0,0.441
0.679,0,0.8,3.158,-1.5707,0.0,0.0,0.0,0.441
0.729,0,0.8,3.158,-1.5707,0.0,0.0,0.0,0.441
0.78,0,0.8,3.158,-1.5707,0.0,0.0,0.0,0.441
0.829,0,0.8,3.158,-1.5707,0.0,0.0,0.0,0.441
0.879,0,0.8,3.158,-1.5707,0.0,0.0,0.0,0.441
0.93,0,0.8,3.158,-1.5707,0.0,0.0,0.0,0.441
0.979,0,0.8,3.158,-1.5707,0.0,0.0,0.0,0.441
1.029,0,0.8,3.158,-1.5707,0.0,0.0,0.0,0.441
1.081,0,0.8,3.158,-1.5707,0.0,0.0,0.0,0.441
1.13,0,0.8,3.158,-1.5707,0.0,0.0,0.0,0.441
1.18,0,0.8,3.158,-1.5707,0.0,0.0,0.0,0.441
1.23,0,0.8,3.158,-1.5707,0.0,0.0,0.0,0.441
1.28,0,0.8,3.158,-1.5707,0.0,0.0,0.0,0.441
1.33,0,0.8,3.158,-1.5707,0.0,0.0,0.0,0.441
1.379,0,0.8,3.158,-1.5707,0.0,0.0,0.0,0.441
1.43,0,0.8,3.158,-1.5707,0.0,0.0,0.0,0.441
1.48,0,0.8,3.158,-1.5707,0.0,0.0,0.0,0.441
1.53,0,0.8,3.158,-1.5707,0.0,0.0,0.0,0.441
1.579,0,0.8,3.158,-1.5707,0.0,0.0,0.0,0.441
1.63,0,0.8,3.158,-1.5707,0.0,0.0,0.0,0.441
1.679,0,0.8,3.158,-1.5707,0.0,0.0,0.0,0.441
1.731,0,0.8,3.158,-1.5707,0.0,0.0,0.0,0.441
1.779,0,0.8,3.158,-1.5707,0.0,0.0,0.0,0.441
1.829,0,0.8,3.158,-1.5707,0.0,0.0,0.0,0.441
1.879,0,0.8,3.158,-1.5707,0.0,0.0,0.0,0.441
1.929,0,0.8,3.158,-1.5707,0.0,0.0,0.0,0.441
1.98,0,0.8,3.158,-1.5707,0.0,0.0,0.0,0.441
2.029,0,0.8,3.158,-1.5707,0.0,0.0,0.0,0.441
2.08,0,0.8,3.158,-1.5707,0.0,0.0,0.0,0.441
2.13,0,0.8,3.158,-1.5707,0.0,0.0,0.0,0.441
2.18,0,0.8,3.158,-1.5707,0.0,0.0,0.0,0.441
2.23,0,0.8,3.158,-1.5707,0.0,0.0,0.0,0.441
2.279,0,0.8,3.158,-1.5707,0.0,0.0,0.0,0.441
2.33,0,0.8,3.158,-1.5707,0.0,0.0,0.0,0.441
2.379,0,0.8,3.158,-1.5707,0.0,0.0,0.0,0.441
2.43,0,0.8,3.158,-1.5707,0.0,0.0,0.0,0.441
2.48,0,0.8,3.158,-1.5707,0.0,0.0,0.0,0.441
2.531,0,0.8,3.158,-1.5707,0.0,0.0,0.0,0.441
2.579,0,0.8,3.158,-1.5707,0.0,0.0,0.0,0.441
2.629,0,0.8,3.158,-1.5707,0.0,0.0,0.0,0.441
2.68,0,0.8,3.158,-1.5707,0.0,0.0,0.0,0.441
2.73,0,0.8,3.158,-1.5707,0.0,0.0,0.0,0.441
2.779,0,0.8,3.158,-1.5707,0.0,0.0,0.0,0.441
2.829,0,0.8,3.158,-1.5707,0.0,0.0,0.0,0.441
2.879,0,0.8,3.158,-1.5707,0.0,0.0,0.0,0.441
2.929,0,0.8,3.158,-1.5707,0.0,0.0,0.0,0.441
2.979,0,0.8,3.158,-1.5707,0.0,0.0,0.0,0.441
3.029,0,0.8,3.158,-1.5707,0.0,0.0,0.0,0.441
3.082,0,0.8,3.158,-1.5707,0.0,0.0,0.0,0.441
3.131,0,0.8,3.158,-1.5707,0.0,0.0,0.0,0.441
3.181,0,0.8,3.158,-1.5707,0.0,0.0,0.0,0.441
3.23,0,0.8,3.158,-1.5707,0.0,0.0,0.0,0.441
3.28,0,0.8,3.158,-1.5707,0.0,0.0,0.0,0.441
3.33,0,0.8,3.158,-1.5707,0.0,0.0,0.0,0.441
3.381,0,0.8,3.158,-1.5707,0.0,0.0,0.0,0.441
3.43,0,0.8,3.158,-1.5707,0.0,0.0,0.0,0.441
3.48,0,0.801,3.158,-1.5707,0.0,0.0,0.0,0.441
3.529,0,0.801,3.158,-1.5707,0.0,0.0,0.0,0.441
3.579,0,0.801,3.158,-1.5707,0.0,0.0,0.0,0.441
3.633,0,0.801,3.158,-1.5707,0.0,0.0,0.0,0.441
3.68,0,0.801,3.158,-1.5707,0.0,0.0,0.0,0.441
3.729,0,0.801,3.158,-1.5707,0.0,0.0,0.0,0.441
3.779,0,0.801,3.158,-1.5707,0.0,0.0,0.0,0.441
3.83,0,0.801,3.158,-1.5707,0.0,0.0,0.0,0.441
3.882,0,0.801,3.158,-1.5707,0.0,0.0,0.0,0.441
3.93,0,0.801,3.158,-1.5707,0.0,0.0,0.0,0.441
3.98,0,0.801,3.158,-1.5707,0.0,0.0,0.0,0.441
4.03,0,0.801,3.158,-1.5707,0.0,0.0,0.0,0.441
4.08,0,0.801,3.158,-1.5707,0.0,0.0,0.0,0.441
4.129,0,0.801,3.158,-1.5707,0.0,0.0,0.0,0.441
4.18,0,0.801,3.158,-1.5707,0.0,0.0,0.0,0.441
4.23,0,0.801,3.158,-1.5707,0.0,0.0,0.0,0.441
4.28,0,0.801,3.158,-1.5707,0.0,0.0,0.0,0.441
4.33,0,0.801,3.158,-1.5707,0.0,0.0,0.0,0.441
4.38,0,0.801,3.158,-1.5707,0.0,0.0,0.0,0.441
4.429,0,0.801,3.158,-1.5707,0.0,0.0,0.0,0.441
4.481,0,0.801,3.158,-1.5707,0.0,0.0,0.0,0.441
4.529,0,0.801,3.158,-1.5707,0.0,0.0,0.0,0.441
4.581,0,0.801,3.158,-1.5707,0.0,0.0,0.0,0.441
4.629,0,0.801,3.158,-1.5707,0.0,0.0,0.0,0.441
4.68,0,0.801,3.158,-1.5707,0.0,0.0,0.0,0.441
4.729,0,0.801,3.158,-1.5707,0.0,0.0,0.0,0.441
4.78,0,0.801,3.158,-1.5707,0.0,0.0,0.0,0.441
4.831,0,0.801,3.158,-1.5707,0.0,0.0,0.0,0.441
4.88,0,0.801,3.158,-1.5707,0.0,0.0,0.0,0.441
4.929,0,0.801,3.158,-1.5707,0.0,0.0,0.0,0.441
4.98,0,0.801,3.158,-1.5707,0.0,0.0,0.0,0.441
5.03,0,0.801,3.158,-1.5707,0.0,0.0,0.0,0.441
5.081,0,0.801,3.158,-1.5707,0.0,0.0,0.0,0.441
5.131,0,0.801,3.158,-1.5707,0.0,0.0,0.0,0.441
5.18,0,0.801,3.158,-1.5707,0.0,0.0,0.0,0.441
5.229,0,0.801,3.158,-1.5707,0.0,0.0,0.0,0.441
5.278,0,0.801,3.158,-1.5707,0.0,0.0,0.0,0.441
5.328,0,0.801,3.158,-1.5707,0.0,0.0,0.0,0.441
5.38,0,0.801,3.158,-1.5707,0.0,0.0,0.0,0.441
5.429,0,0.801,3.158,-1.5707,0.0,2.271,0.0869,0.441
5.479,0,0.801,3.152,-1.5701,0.175,2.271,0.0879,0.441
5.529,1,0.801,3.135,-1.567,0.398,2.271,0.086,0.441
5.58,1,0.801,3.103,-1.5604,0.644,2.271,0.0873,0.441
5.631,1,0.802,3.072,-1.5525,0.846,2.308,0.0757,0.441
5.679,1,0.804,3.006,-1.5363,1.162,2.308,0.0698,0.443
5.728,1,0.808,2.922,-1.5172,1.489,2.345,0.055,0.445
5.779,1,0.813,2.842,-1.5018,1.722,2.38,0.0361,0.449
5.831,1,0.818,2.777,-1.4928,1.874,2.416,0.0205,0.439
5.88,1,0.826,2.688,-1.4838,2.103,2.416,0.0183,0.416
5.928,1,0.842,2.519,-1.4714,2.436,2.485,-0.0046,0.391
5.979,1,0.85,2.442,-1.4665,2.485,2.519,-0.0172,0.365
6.029,1,0.866,2.293,-1.4693,2.549,2.552,-0.0303,0.342
6.079,1,0.882,2.124,-1.4806,2.596,2.618,-0.0345,0.32
6.128,1,0.889,2.032,-1.488,2.627,2.65,-0.0345,0.301
6.179,1,0.897,1.926,-1.5003,2.662,2.681,-0.0357,0.284
6.229,1,0.908,1.74,-1.5176,2.718,2.744,-0.0302,0.269
6.279,1,0.914,1.605,-1.5303,2.751,2.775,-0.0259,0.255
6.334,1,0.917,1.519,-1.539,2.783,2.805,-0.0225,0.251
6.38,1,0.921,1.316,-1.5493,2.818,2.835,-0.0217,0.25
6.429,1,0.923,1.17,-1.5622,2.878,2.894,-0.0129,0.251
6.48,1,0.923,1.028,-1.571,2.913,2.952,-0.0148,0.252
6.529,1,0.922,0.883,-1.5766,2.962,2.98,-0.0086,0.253
6.58,1,0.921,0.733,-1.582,3.001,3.037,-0.0086,0.255
6.629,1,0.919,0.624,-1.5843,3.028,3.064,-0.014,0.255
6.679,1,0.916,0.44,-1.5891,3.079,3.119,-0.0146,0.255
6.73,1,0.913,0.287,-1.5954,3.122,3.173,-0.0142,0.256
6.778,1,0.907,0.117,-1.6026,3.161,3.199,-0.0086,0.258
6.83,1,0.903,0.002,-1.6064,3.197,3.226,-0.0096,0.261
6.879,1,0.896,-0.182,-1.6113,3.238,3.278,-0.0086,0.265
6.93,1,0.888,-0.355,-1.6165,3.277,3.329,-0.0097,0.27
6.978,1,0.882,-0.484,-1.6196,3.301,3.354,-0.0093,0.276
7.031,1,0.872,-0.674,-1.6249,3.351,3.404,-0.0103,0.282
7.08,1,0.862,-0.844,-1.6292,3.395,3.453,-0.0086,0.289
7.129,1,0.85,-1.042,-1.6342,3.443,3.478,-0.0101,0.297
7.18,1,0.838,-1.209,-1.6389,3.489,3.526,-0.0096,0.306
7.23,1,0.826,-1.378,-1.6436,3.525,3.574,-0.0096,0.316
7.279,1,0.813,-1.552,-1.6483,3.562,3.597,-0.0043,0.326
7.329,1,0.797,-1.749,-1.6539,3.614,3.644,-0.0043,0.338
7.38,1,0.785,-1.88,-1.6565,3.633,3.597,-0.0043,0.351
7.429,1,0.764,-2.117,-1.6601,3.655,3.529,-0.0043,0.364
7.478,1,0.746,-2.316,-1.6631,3.628,3.46,-0.01,0.378
7.53,1,0.73,-2.487,-1.6679,3.576,3.388,-0.0104,0.4
7.58,1,0.715,-2.635,-1.672,3.529,3.351,-0.0088,0.412
7.63,1,0.697,-2.801,-1.6768,3.462,3.238,-0.0043,0.441
7.679,1,0.684,-2.923,-1.6799,3.425,3.199,-0.0043,0.47
7.729,1,0.66,-3.137,-1.6835,3.335,3.119,-0.0043,0.499
7.778,1,0.637,-3.335,-1.6865,3.249,3.037,-0.0094,0.527
7.829,1,0.619,-3.491,-1.6898,3.188,2.995,-0.0103,0.573
7.881,1,0.605,-3.603,-1.6922,3.144,2.908,-0.0143,0.592
7.93,1,0.59,-3.72,-1.6956,3.094,2.908,-0.0135,0.629
7.979,1,0.561,-3.942,-1.7028,3.003,2.771,-0.0216,0.684
8.03,1,0.547,-4.045,-1.7062,2.969,2.725,-0.0232,0.693
8.08,1,0.523,-4.217,-1.7156,2.875,2.679,-0.0259,0.706
8.13,1,0.501,-4.355,-1.7264,2.78,2.591,-0.0302,0.72
8.18,1,0.479,-4.487,-1.7378,2.727,2.507,-0.0431,0.735
8.231,1,0.457,-4.61,-1.7509,2.649,2.466,-0.0474,0.744
8.28,1,0.43,-4.747,-1.7689,2.581,2.425,-0.0474,0.743
8.328,1,0.399,-4.891,-1.7905,2.526,2.386,-0.0528,0.731
8.379,1,0.372,-5.004,-1.8091,2.467,2.309,-0.0691,0.699
8.429,1,0.352,-5.084,-1.8215,2.435,2.271,-0.0772,0.694
8.479,1,0.307,-5.242,-1.8565,2.353,2.234,-0.0725,0.684
8.53,1,0.284,-5.318,-1.8706,2.333,2.197,-0.0723,0.681
8.579,1,0.247,-5.429,-1.8957,2.297,2.161,-0.0806,0.678
8.63,1,0.208,-5.537,-1.9223,2.241,2.089,-0.0971,0.677
8.68,1,0.165,-5.646,-1.9524,2.198,2.054,-0.1093,0.668
8.73,1,0.12,-5.751,-1.9854,2.146,2.019,-0.1136,0.661
8.779,1,0.073,-5.85,-2.0156,2.114,1.983,-0.1212,0.656
8.83,1,0.025,-5.942,-2.051,2.073,1.947,-0.1359,0.654
8.88,1,-0.02,-6.022,-2.0834,2.043,1.912,-0.1329,0.654
8.93,1,-0.071,-6.108,-2.1202,2.0,1.877,-0.1474,0.657
8.98,1,-0.129,-6.195,-2.1609,1.965,1.843,-0.1714,0.649
9.03,1,-0.186,-6.274,-2.1991,1.927,1.81,-0.181,0.64
9.08,1,-0.243,-6.347,-2.2427,1.893,1.778,-0.1967,0.634
9.129,1,-0.305,-6.418,-2.291,1.854,1.748,-0.2165,0.63
9.18,1,-0.363,-6.479,-2.3387,1.821,1.721,-0.2281,0.628
9.228,1,-0.442,-6.553,-2.4122,1.768,1.697,-0.2447,0.616
9.28,1,-0.507,-6.606,-2.4674,1.751,1.676,-0.2525,0.591
9.329,1,-0.575,-6.655,-2.5269,1.718,1.676,-0.2278,0.577
9.379,1,-0.642,-6.698,-2.5873,1.706,1.647,-0.2742,0.571
9.429,1,-0.709,-6.735,-2.639,1.686,1.647,-0.2496,0.56
9.478,1,-0.784,-6.771,-2.7046,1.669,1.639,-0.2492,0.551
9.529,1,-0.879,-6.808,-2.7986,1.66,1.634,-0.2537,0.52
9.58,1,-0.905,-6.816,-2.8138,1.661,1.632,-0.2611,0.503
9.63,1,-1.022,-6.847,-2.9107,1.659,1.632,-0.2546,0.456
9.679,1,-1.1,-6.861,-2.9679,1.653,1.632,-0.2489,0.42
9.73,1,-1.183,-6.871,-3.0352,1.658,1.639,-0.2541,0.384
9.779,1,-1.269,-6.876,-3.0875,1.659,1.639,-0.2413,0.355
9.829,1,-1.355,-6.875,3.1271,1.665,1.651,-0.239,0.332
9.88,1,-1.431,-6.871,3.0725,1.672,1.669,-0.2011,0.312
9.93,1,-1.528,-6.859,3.0036,1.698,1.69,-0.2151,0.287
9.98,1,-1.607,-6.845,2.9532,1.712,1.714,-0.2137,0.269
10.031,1,-1.688,-6.825,2.9045,1.72,1.74,-0.2261,0.261
10.079,1,-1.76,-6.805,2.8575,1.738,1.767,-0.2265,0.249
10.129,1,-1.847,-6.774,2.7986,1.762,1.793,-0.2179,0.239
10.179,1,-1.945,-6.733,2.7195,1.803,1.819,-0.2152,0.232
10.23,1,-1.966,-6.723,2.7062,1.81,1.819,-0.2048,0.23
10.279,1,-2.096,-6.653,2.6216,1.826,1.844,-0.2088,0.231
10.329,1,-2.161,-6.611,2.5634,1.848,1.868,-0.1918,0.228
10.379,1,-2.251,-6.545,2.4898,1.889,1.89,-0.1801,0.226
10.429,1,-2.323,-6.486,2.4371,1.912,1.909,-0.1928,0.231
10.479,1,-2.389,-6.425,2.3882,1.926,1.925,-0.2108,0.236
10.53,1,-2.46,-6.351,2.336,1.937,1.914,-0.2056,0.239
10.58,1,-2.518,-6.284,2.2727,1.943,1.908,-0.2085,0.24
10.63,1,-2.584,-6.196,2.1968,1.933,1.906,-0.198,0.254
10.68,1,-2.63,-6.127,2.1483,1.933,1.906,-0.1932,0.259
10.73,1,-2.684,-6.034,2.077,1.931,1.906,-0.1935,0.266
10.78,1,-2.725,-5.951,2.0239,1.934,1.906,-0.1966,0.278
10.83,1,-2.762,-5.867,1.9659,1.931,1.908,-0.1939,0.283
10.879,1,-2.78,-5.818,1.9352,1.932,1.911,-0.1809,0.285
10.93,1,-2.822,-5.686,1.8514,1.94,1.917,-0.1714,0.282
10.98,1,-2.844,-5.597,1.8075,1.941,1.925,-0.1836,0.283
11.03,1,-2.859,-5.521,1.7631,1.95,1.935,-0.1689,0.292
11.079,1,-2.873,-5.429,1.7089,1.954,1.948,-0.1694,0.316
11.129,1,-2.884,-5.302,1.6467,1.973,1.963,-0.1604,0.338
11.179,1,-2.888,-5.209,1.6027,1.986,1.979,-0.1454,0.357
11.229,1,-2.886,-5.087,1.5416,2.01,1.997,-0.1324,0.371
11.28,1,-2.882,-5.016,1.5155,2.02,2.017,-0.1326,0.398
11.33,1,-2.871,-4.901,1.4671,2.033,2.059,-0.1452,0.441
11.38,1,-2.858,-4.806,1.4273,2.055,2.081,-0.133,0.402
11.429,1,-2.838,-4.696,1.3799,2.085,2.081,-0.1207,0.368
11.479,1,-2.815,-4.597,1.34,2.107,2.103,-0.1132,0.337
11.53,1,-2.791,-4.507,1.3118,2.123,2.147,-0.1212,0.313
11.58,1,-2.758,-4.399,1.2676,2.144,2.171,-0.1047,0.297
11.631,1,-2.72,-4.29,1.2301,2.175,2.196,-0.0887,0.284
11.679,1,-2.673,-4.172,1.1928,2.203,2.223,-0.0841,0.273
11.73,1,-2.641,-4.096,1.1724,2.225,2.252,-0.0729,0.264
11.779,1,-2.588,-3.977,1.1413,2.255,2.283,-0.0594,0.256
11.829,1,-2.538,-3.874,1.1191,2.299,2.315,-0.0522,0.251
11.879,1,-2.506,-3.809,1.1042,2.319,2.349,-0.044,0.246
11.929,1,-2.444,-3.691,1.0864,2.356,2.42,-0.0341,0.243
11.979,1,-2.382,-3.578,1.0703,2.396,2.455,-0.027,0.239
12.03,1,-2.315,-3.458,1.0583,2.443,2.489,-0.0171,0.238
12.079,1,-2.276,-3.39,1.0514,2.466,2.523,-0.0103,0.238
12.131,1,-2.192,-3.244,1.0454,2.526,2.556,-0.0,0.236
12.179,1,-2.127,-3.134,1.0424,2.565,2.622,0.0086,0.234
12.23,1,-2.054,-3.008,1.0424,2.599,2.654,0.0172,0.23
12.28,1,-2.02,-2.949,1.0449,2.634,2.617,0.0308,0.227
12.33,1,-1.996,-2.908,1.0466,2.648,2.572,0.0388,0.227
12.38,1,-1.881,-2.704,1.0663,2.657,2.49,0.0517,0.208
12.429,1,-1.819,-2.589,1.0836,2.593,2.452,0.0658,0.194
12.479,1,-1.753,-2.46,1.1038,2.537,2.382,0.088,0.178
12.529,1,-1.699,-2.345,1.1312,2.494,2.351,0.0948,0.161
12.58,1,-1.644,-2.221,1.1593,2.444,2.322,0.1031,0.141
12.629,1,-1.602,-2.117,1.1923,2.402,2.297,0.107,0.125
12.679,1,-1.561,-2.003,1.229,2.355,2.274,0.1237,0.114
12.73,1,-1.527,-1.897,1.267,2.321,2.254,0.1233,0.107
12.78,1,-1.492,-1.771,1.3194,2.292,2.224,0.1384,0.109
12.829,1,-1.469,-1.667,1.359,2.272,2.213,0.1227,0.117
12.879,1,-1.457,-1.602,1.383,2.259,2.206,0.1394,0.131
12.929,1,-1.435,-1.45,1.4473,2.236,2.2,0.1392,0.141
12.979,1,-1.424,-1.33,1.4918,2.23,2.2,0.1223,0.157
13.029,1,-1.42,-1.232,1.5366,2.228,2.2,0.1188,0.177
13.079,1,-1.42,-1.107,1.5779,2.228,2.205,0.1151,0.195
13.129,1,-1.425,-0.985,1.6212,2.23,2.215,0.1027,0.218
13.18,1,-1.432,-0.887,1.6504,2.238,2.231,0.0976,0.225
13.229,1,-1.443,-0.784,1.6834,2.253,2.251,0.0814,0.237
13.28,1,-1.462,-0.651,1.7204,2.279,2.275,0.0726,0.264
13.33,1,-1.479,-0.552,1.7417,2.297,2.303,0.0597,0.276
13.379,1,-1.499,-0.448,1.7651,2.317,2.334,0.0484,0.3
13.43,1,-1.523,-0.336,1.784,2.34,2.403,0.034,0.321
13.479,1,-1.554,-0.202,1.8006,2.376,2.438,0.0256,0.348
13.53,1,-1.585,-0.077,1.8145,2.431,2.473,0.0188,0.365
13.58,1,-1.615,0.04,1.8229,2.466,2.54,0.0043,0.381
13.629,1,-1.636,0.122,1.8265,2.497,2.573,0.0,0.389
13.679,1,-1.677,0.277,1.8291,2.555,2.606,-0.0,0.404
13.729,1,-1.709,0.398,1.829,2.591,2.638,-0.0043,0.419
13.78,1,-1.742,0.524,1.8281,2.632,2.67,-0.0086,0.427
13.83,1,-1.775,0.648,1.8254,2.675,2.733,-0.0129,0.408
13.88,1,-1.813,0.798,1.8199,2.719,2.764,-0.0129,0.378
13.93,1,-1.837,0.891,1.8166,2.742,2.824,-0.0129,0.367
13.979,1,-1.876,1.053,1.8105,2.782,2.854,-0.0129,0.34
14.03,1,-1.913,1.208,1.8033,2.845,2.913,-0.0138,0.295
14.079,1,-1.945,1.342,1.7981,2.89,2.942,-0.0086,0.271
14.129,1,-1.967,1.442,1.7949,2.915,2.97,-0.0088,0.27
14.179,1,-2.007,1.617,1.7901,2.954,2.926,-0.0043,0.269
14.229,1,-2.038,1.76,1.7873,2.984,2.883,-0.0043,0.268
14.279,1,-2.058,1.85,1.786,2.969,2.79,-0.01,0.269
14.33,1,-2.102,2.053,1.7831,2.894,2.741,-0.014,0.272
14.379,1,-2.132,2.197,1.7794,2.848,2.691,-0.0174,0.278
14.432,1,-2.15,2.28,1.7746,2.799,2.591,-0.0266,0.282
14.479,1,-2.187,2.468,1.7658,2.729,2.541,-0.0358,0.288
14.53,1,-2.211,2.593,1.756,2.65,2.447,-0.0487,0.294
14.579,1,-2.232,2.713,1.7436,2.574,2.402,-0.0533,0.298
14.629,1,-2.252,2.843,1.7244,2.476,2.359,-0.0614,0.3
14.679,1,-2.268,2.957,1.7048,2.427,2.276,-0.0771,0.301
14.73,1,-2.283,3.082,1.6822,2.371,2.237,-0.0859,0.306
14.78,1,-2.293,3.193,1.6559,2.321,2.2,-0.0851,0.31
14.83,1,-2.299,3.301,1.6272,2.255,2.165,-0.0931,0.296
14.879,1,-2.303,3.43,1.5945,2.211,2.131,-0.1016,0.285
14.934,1,-2.303,3.528,1.561,2.172,2.099,-0.0966,0.275
14.979,1,-2.298,3.639,1.5269,2.144,2.069,-0.1132,0.269
15.03,1,-2.294,3.703,1.5065,2.118,2.042,-0.1211,0.262
15.079,1,-2.282,3.825,1.4639,2.083,1.994,-0.1462,0.254
15.128,1,-2.264,3.951,1.4099,2.044,1.974,-0.1511,0.246
15.179,1,-2.251,4.019,1.3859,2.026,1.956,-0.1727,0.246
15.23,1,-2.226,4.128,1.3354,1.998,1.937,-0.1736,0.247
15.279,1,-2.193,4.242,1.2757,1.971,1.919,-0.1693,0.259
15.329,1,-2.166,4.323,1.2411,1.959,1.9,-0.1868,0.262
15.38,1,-2.13,4.415,1.1931,1.942,1.881,-0.1951,0.267
15.429,1,-2.104,4.473,1.1563,1.921,1.863,-0.2219,0.284
15.479,1,-2.047,4.586,1.085,1.889,1.845,-0.2174,0.3
15.53,1,-2.004,4.66,1.0305,1.875,1.828,-0.2169,0.311
15.579,1,-1.951,4.738,0.9712,1.857,1.812,-0.2165,0.317
15.628,1,-1.891,4.817,0.9075,1.839,1.797,-0.2285,0.319
15.679,1,-1.836,4.882,0.8553,1.826,1.797,-0.2038,0.33
15.729,1,-1.772,4.948,0.7926,1.808,1.785,-0.2204,0.341
15.779,1,-1.708,5.006,0.7368,1.798,1.767,-0.2788,0.345
15.829,1,-1.629,5.07,0.6563,1.773,1.767,-0.2395,0.348
15.88,1,-1.57,5.111,0.6161,1.766,1.761,-0.264,0.352
15.93,1,-1.508,5.149,0.5428,1.763,1.757,-0.239,0.365
15.98,1,-1.417,5.197,0.4626,1.764,1.755,-0.227,0.376
16.029,1,-1.335,5.233,0.3986,1.761,1.754,-0.2269,0.375
16.079,1,-1.261,5.26,0.3464,1.76,1.754,-0.2422,0.369
16.13,1,-1.181,5.284,0.2891,1.762,1.754,-0.2438,0.366
16.179,1,-1.081,5.308,0.2083,1.759,1.76,-0.2268,0.367
16.229,1,-1.015,5.319,0.1611,1.762,1.77,-0.2026,0.372
16.279,1,-0.912,5.33,0.0923,1.776,1.785,-0.2029,0.385
16.329,1,-0.818,5.335,0.0419,1.785,1.802,-0.2152,0.394
16.379,1,-0.725,5.335,-0.0103,1.797,1.821,-0.2276,0.4
16.429,1,-0.658,5.331,-0.0571,1.809,1.842,-0.2279,0.409
16.479,1,-0.572,5.323,-0.1136,1.824,1.842,-0.2037,0.414
16.53,1,-0.465,5.304,-0.1866,1.848,1.883,-0.2221,0.414
16.579,1,-0.37,5.282,-0.246,1.858,1.883,-0.1919,0.419
16.63,1,-0.282,5.255,-0.3043,1.886,1.876,-0.1924,0.427
16.679,1,-0.192,5.222,-0.3621,1.891,1.856,-0.2217,0.428
16.729,1,-0.142,5.201,-0.3937,1.889,1.836,-0.2294,0.429
16.78,1,-0.034,5.148,-0.4685,1.858,1.816,-0.2307,0.443
16.829,1,0.052,5.098,-0.5462,1.844,1.799,-0.2188,0.463
16.879,1,0.139,5.039,-0.6182,1.817,1.783,-0.2215,0.487
16.929,1,0.198,4.992,-0.6654,1.8,1.771,-0.2156,0.505
16.979,1,0.264,4.935,-0.7222,1.789,1.764,-0.2427,0.519
17.03,1,0.33,4.871,-0.7796,1.784,1.764,-0.2438,0.522
17.079,1,0.386,4.809,-0.8375,1.771,1.764,-0.2393,0.5
17.129,1,0.438,4.745,-0.8995,1.769,1.763,-0.2288,0.481
17.179,1,0.495,4.663,-0.9696,1.774,1.766,-0.215,0.466
17.23,1,0.54,4.591,-1.0254,1.774,1.773,-0.1811,0.454
17.28,1,0.578,4.521,-1.0757,1.782,1.785,-0.1665,0.446
17.33,1,0.613,4.449,-1.1094,1.788,1.785,-0.1588,0.442
17.379,1,0.656,4.348,-1.1777,1.801,1.824,-0.1424,0.441
17.429,1,0.689,4.262,-1.2171,1.819,1.824,-0.1303,0.443
17.479,1,0.717,4.179,-1.249,1.838,1.85,-0.1324,0.449
17.529,1,0.742,4.094,-1.2829,1.846,1.881,-0.1184,0.453
17.579,1,0.761,4.022,-1.3113,1.866,1.915,-0.1064,0.447
17.629,1,0.781,3.939,-1.3404,1.896,1.953,-0.104,0.445
17.679,1,0.801,3.84,-1.3704,1.929,1.993,-0.0864,0.442
17.729,1,0.822,3.709,-1.4166,1.97,2.035,-0.0717,0.444
17.779,1,0.835,3.614,-1.4409,2.005,2.076,-0.0455,0.457
17.828,1,0.847,3.506,-1.4615,2.05,2.117,-0.0423,0.467
17.879,1,0.854,3.433,-1.4722,2.083,2.156,-0.0333,0.453
17.929,1,0.865,3.305,-1.4884,2.152,2.195,-0.0259,0.44
17.98,1,0.873,3.201,-1.4982,2.176,2.234,-0.0223,0.426
18.029,2,0.881,3.069,-1.5092,2.228,2.271,-0.0168,0.412
18.079,2,0.885,3.001,-1.513,2.255,2.308,-0.0127,0.398
18.13,2,0.892,2.862,-1.5204,2.292,2.38,-0.014,0.384
18.18,2,0.897,2.767,-1.5237,2.32,2.416,-0.0142,0.37
18.23,2,0.903,2.624,-1.5298,2.386,2.45,-0.0085,0.356
18.278,2,0.908,2.479,-1.5354,2.439,2.485,-0.0106,0.342
18.329,2,0.911,2.395,-1.537,2.459,2.519,-0.0086,0.328
18.379,2,0.914,2.293,-1.5395,2.483,2.552,-0.0086,0.314
18.429,2,0.919,2.118,-1.5445,2.548,2.618,-0.0086,0.301
18.479,2,0.921,2.031,-1.5465,2.57,2.65,-0.0133,0.287
18.529,2,0.924,1.892,-1.551,2.63,2.681,-0.0086,0.274
18.579,2,0.926,1.727,-1.5571,2.671,2.744,-0.0086,0.262
18.629,2,0.928,1.598,-1.5602,2.707,2.775,-0.0086,0.25
18.679,2,0.929,1.466,-1.5639,2.754,2.835,-0.0131,0.249
18.73,2,0.929,1.352,-1.5673,2.791,2.865,-0.0131,0.248
18.779,2,0.929,1.164,-1.5735,2.852,2.894,-0.0086,0.249
18.829,2,0.928,1.02,-1.5778,2.89,2.952,-0.0086,0.25
18.881,2,0.927,0.933,-1.5806,2.91,2.98,-0.0086,0.251
18.93,2,0.925,0.786,-1.5832,2.935,3.037,-0.0131,0.251
18.979,2,0.923,0.631,-1.5889,2.991,3.064,-0.0086,0.251
19.03,2,0.919,0.464,-1.5937,3.043,3.119,-0.0086,0.253
19.079,2,0.916,0.329,-1.5969,3.068,3.146,-0.0086,0.254
19.129,2,0.909,0.127,-1.6026,3.122,3.199,-0.0086,0.257
19.179,2,0.904,-0.025,-1.6063,3.157,3.252,-0.0132,0.26
19.229,2,0.898,-0.181,-1.6101,3.196,3.278,-0.013,0.264
19.279,2,0.891,-0.339,-1.6147,3.239,3.329,-0.0086,0.268
19.329,2,0.883,-0.5,-1.6208,3.275,3.354,-0.0104,0.274
19.379,2,0.875,-0.658,-1.6252,3.317,3.404,-0.0102,0.28
19.429,2,0.867,-0.796,-1.6287,3.35,3.429,-0.0086,0.287
19.479,2,0.853,-1.022,-1.6365,3.405,3.478,-0.0093,0.295
19.529,2,0.841,-1.187,-1.6401,3.435,3.526,-0.0089,0.304
19.579,2,0.829,-1.353,-1.6445,3.476,3.574,-0.0089,0.314
19.629,2,0.816,-1.518,-1.6489,3.516,3.621,-0.0043,0.325
19.679,2,0.802,-1.694,-1.653,3.557,3.644,-0.0043,0.337
19.728,2,0.79,-1.838,-1.6545,3.587,3.597,-0.0094,0.349
19.779,2,0.769,-2.083,-1.6577,3.628,3.529,-0.0104,0.363
19.829,2,0.752,-2.263,-1.6625,3.608,3.495,-0.0102,0.376
19.879,2,0.737,-2.423,-1.6676,3.561,3.388,-0.0097,0.39
19.929,2,0.723,-2.563,-1.6711,3.52,3.351,-0.0086,0.409
19.979,2,0.7,-2.776,-1.6777,3.44,3.276,-0.0043,0.438
20.03,2,0.686,-2.911,-1.6808,3.391,3.199,-0.0043,0.466
20.079,2,0.668,-3.07,-1.6829,3.328,3.16,-0.006,0.495
20.128,2,0.641,-3.3,-1.6856,3.227,3.078,-0.0043,0.524
20.179,2,0.629,-3.405,-1.6874,3.191,2.995,-0.0086,0.552
20.229,2,0.608,-3.579,-1.6898,3.128,2.952,-0.014,0.586
20.279,2,0.59,-3.728,-1.6934,3.058,2.863,-0.0172,0.622
20.328,2,0.57,-3.888,-1.6992,2.978,2.818,-0.0224,0.658
20.378,2,0.55,-4.033,-1.7053,2.926,2.771,-0.0219,0.676
20.429,2,0.529,-4.181,-1.7163,2.848,2.679,-0.027,0.702
20.479,2,0.513,-4.283,-1.7227,2.802,2.591,-0.0352,0.716
20.529,2,0.491,-4.421,-1.7353,2.724,2.549,-0.0345,0.731
20.578,2,0.464,-4.57,-1.7484,2.644,2.507,-0.0395,0.743
20.629,2,0.442,-4.69,-1.761,2.591,2.425,-0.0517,0.743
20.679,2,0.417,-4.807,-1.7771,2.53,2.386,-0.0562,0.738
20.729,2,0.392,-4.921,-1.7953,2.468,2.347,-0.0613,0.712
20.779,2,0.355,-5.071,-1.8212,2.4,2.309,-0.0619,0.696
20.829,2,0.325,-5.18,-1.8422,2.352,2.271,-0.0639,0.688
20.879,2,0.29,-5.298,-1.8662,2.313,2.197,-0.0823,0.682
20.929,2,0.259,-5.394,-1.8838,2.293,2.161,-0.089,0.678
20.979,2,0.22,-5.504,-1.916,2.226,2.125,-0.0843,0.677
21.029,2,0.174,-5.623,-1.951,2.158,2.089,-0.0885,0.671
21.079,2,0.146,-5.69,-1.9672,2.135,2.054,-0.1004,0.663
21.129,2,0.097,-5.798,-1.9979,2.109,2.019,-0.1044,0.658
21.179,2,0.052,-5.891,-2.027,2.066,1.983,-0.1183,0.655
21.229,2,0.006,-5.979,-2.0631,2.023,1.947,-0.1202,0.654
21.279,2,-0.04,-6.058,-2.0975,1.985,1.912,-0.1344,0.656
21.329,2,-0.098,-6.151,-2.1371,1.961,1.843,-0.1833,0.655
21.379,2,-0.15,-6.227,-2.1761,1.914,1.843,-0.1561,0.645
21.429,2,-0.21,-6.306,-2.2291,1.859,1.81,-0.171,0.636
21.479,2,-0.274,-6.383,-2.2755,1.833,1.778,-0.1838,0.631
21.529,2,-0.309,-6.422,-2.3042,1.807,1.748,-0.2035,0.627
21.579,2,-0.396,-6.508,-2.3754,1.762,1.721,-0.2191,0.621
21.629,2,-0.457,-6.561,-2.4292,1.73,1.697,-0.2277,0.603
21.679,2,-0.529,-6.618,-2.4901,1.706,1.676,-0.226,0.587
21.729,2,-0.597,-6.665,-2.5453,1.701,1.659,-0.2621,0.573
21.779,2,-0.664,-6.706,-2.596,1.684,1.647,-0.2761,0.562
21.83,2,-0.718,-6.735,-2.6495,1.659,1.647,-0.249,0.553
21.878,2,-0.818,-6.781,-2.7291,1.645,1.639,-0.2517,0.538
21.929,2,-0.895,-6.81,-2.7963,1.637,1.634,-0.2485,0.508
21.979,2,-0.968,-6.832,-2.8539,1.633,1.632,-0.2526,0.477
22.03,2,-1.036,-6.848,-2.9045,1.63,1.632,-0.2605,0.446
22.079,2,-1.138,-6.866,-2.993,1.628,1.632,-0.2483,0.411
22.13,2,-1.194,-6.872,-3.031,1.63,1.639,-0.2484,0.376
22.179,2,-1.272,-6.876,-3.0945,1.633,1.651,-0.2485,0.351
22.23,2,-1.364,-6.876,3.1241,1.636,1.669,-0.2245,0.328
22.279,2,-1.443,-6.87,3.0665,1.649,1.669,-0.206,0.309
22.33,2,-1.527,-6.86,3.0048,1.672,1.69,-0.2071,0.293
22.38,2,-1.609,-6.845,2.9524,1.685,1.714,-0.2148,0.275
22.429,2,-1.696,-6.824,2.8955,1.708,1.74,-0.2261,0.259
22.479,2,-1.756,-6.807,2.8588,1.72,1.767,-0.2261,0.246
22.529,2,-1.852,-6.773,2.7874,1.741,1.793,-0.2023,0.237
22.579,2,-1.947,-6.732,2.7243,1.768,1.819,-0.2286,0.231
22.63,2,-2.022,-6.694,2.6717,1.797,1.819,-0.1968,0.229
22.68,2,-2.085,-6.659,2.6202,1.818,1.844,-0.1957,0.231
22.73,2,-2.173,-6.603,2.5657,1.836,1.89,-0.2194,0.227
22.779,2,-2.252,-6.546,2.505,1.856,1.89,-0.1966,0.226
22.829,2,-2.327,-6.484,2.4476,1.889,1.909,-0.2058,0.229
22.879,2,-2.379,-6.437,2.3997,1.898,1.925,-0.2077,0.238
22.929,2,-2.442,-6.374,2.3447,1.909,1.914,-0.209,0.242
22.979,2,-2.523,-6.282,2.2725,1.917,1.908,-0.2088,0.243
23.029,2,-2.571,-6.221,2.216,1.911,1.906,-0.1929,0.252
23.079,2,-2.622,-6.145,2.1572,1.907,1.906,-0.1928,0.262
23.129,2,-2.669,-6.067,2.1063,1.91,1.906,-0.1929,0.266
23.179,2,-2.725,-5.961,2.0375,1.91,1.906,-0.1929,0.276
23.23,2,-2.75,-5.906,2.0007,1.909,1.908,-0.1929,0.287
23.28,2,-2.795,-5.791,1.9209,1.911,1.911,-0.1806,0.291
23.329,2,-2.823,-5.704,1.8735,1.912,1.917,-0.1806,0.288
23.378,2,-2.84,-5.641,1.8345,1.918,1.925,-0.193,0.288
23.429,2,-2.866,-5.515,1.765,1.924,1.935,-0.1834,0.297
23.479,2,-2.881,-5.414,1.6989,1.934,1.948,-0.1685,0.321
23.529,2,-2.889,-5.322,1.6529,1.949,1.963,-0.1565,0.343
23.579,2,-2.893,-5.226,1.6033,1.962,1.979,-0.1475,0.361
23.629,2,-2.892,-5.13,1.5584,1.973,1.997,-0.1451,0.375
23.68,2,-2.886,-5.024,1.5144,1.993,2.017,-0.1501,0.398
23.729,2,-2.876,-4.923,1.4655,2.009,2.037,-0.1324,0.437
23.779,2,-2.862,-4.829,1.4217,2.034,2.059,-0.1203,0.411
23.829,2,-2.845,-4.736,1.3856,2.062,2.081,-0.1123,0.376
23.88,2,-2.824,-4.638,1.3479,2.079,2.103,-0.1095,0.344
23.929,2,-2.793,-4.522,1.3053,2.109,2.147,-0.1139,0.32
23.979,2,-2.765,-4.429,1.2738,2.124,2.171,-0.1045,0.303
24.03,2,-2.73,-4.325,1.2369,2.154,2.196,-0.0893,0.29
24.079,2,-2.7,-4.246,1.2122,2.174,2.196,-0.0713,0.279
24.129,2,-2.649,-4.122,1.1731,2.205,2.252,-0.0687,0.27
24.179,2,-2.607,-4.027,1.1501,2.222,2.283,-0.0548,0.262
24.23,2,-2.554,-3.915,1.1248,2.255,2.315,-0.0481,0.257
24.279,2,-2.505,-3.817,1.1073,2.288,2.349,-0.0427,0.251
24.329,2,-2.454,-3.718,1.0921,2.321,2.385,-0.0345,0.246
24.38,2,-2.389,-3.597,1.075,2.371,2.42,-0.0306,0.243
24.429,2,-2.332,-3.494,1.0624,2.409,2.489,-0.0171,0.241
24.48,2,-2.29,-3.42,1.0558,2.429,2.523,-0.0086,0.24
24.529,2,-2.207,-3.276,1.0481,2.486,2.556,-0.0046,0.239
24.58,2,-2.161,-3.196,1.0449,2.513,2.589,0.0053,0.237
24.63,2,-2.094,-3.081,1.0428,2.569,2.654,0.0224,0.234
24.679,2,-2.018,-2.951,1.0454,2.612,2.617,0.0318,0.23
24.729,2,-1.952,-2.836,1.0537,2.653,2.53,0.0474,0.223
24.779,2,-1.891,-2.725,1.0665,2.625,2.49,0.0561,0.212
24.829,2,-1.819,-2.589,1.0908,2.555,2.452,0.0603,0.188
24.88,2,-1.779,-2.51,1.1028,2.53,2.416,0.069,0.179
24.929,2,-1.716,-2.38,1.1304,2.478,2.382,0.0732,0.164
24.98,2,-1.67,-2.277,1.1514,2.437,2.322,0.1042,0.146
25.029,2,-1.615,-2.143,1.1927,2.37,2.297,0.1081,0.118
25.079,2,-1.587,-2.068,1.2139,2.351,2.274,0.121,0.113
25.129,2,-1.544,-1.941,1.2586,2.315,2.254,0.1146,0.105
25.179,2,-1.514,-1.84,1.2924,2.285,2.224,0.1355,0.1
25.23,2,-1.488,-1.734,1.3303,2.268,2.213,0.1353,0.108
25.279,2,-1.463,-1.616,1.376,2.239,2.206,0.1399,0.122
25.329,2,-1.446,-1.506,1.4223,2.225,2.201,0.1222,0.134
25.379,2,-1.432,-1.378,1.4773,2.217,2.2,0.1222,0.144
25.429,2,-1.426,-1.279,1.5103,2.213,2.2,0.1221,0.165
25.479,2,-1.423,-1.173,1.548,2.211,2.2,0.1094,0.185
25.53,2,-1.424,-1.069,1.5855,2.211,2.215,0.1137,0.202
25.579,2,-1.43,-0.946,1.6279,2.215,2.215,0.0979,0.217
25.629,2,-1.438,-0.842,1.6604,2.225,2.231,0.0902,0.23
25.679,2,-1.453,-0.717,1.6988,2.238,2.275,0.0858,0.24
25.729,2,-1.463,-0.653,1.713,2.25,2.303,0.0734,0.263
25.778,2,-1.49,-0.498,1.7516,2.286,2.334,0.055,0.288
25.832,2,-1.503,-0.43,1.7685,2.317,2.368,0.0525,0.31
25.879,2,-1.53,-0.304,1.7821,2.336,2.403,0.0383,0.33
25.929,2,-1.557,-0.194,1.8045,2.363,2.438,0.0222,0.348
25.979,2,-1.593,-0.052,1.8217,2.41,2.507,0.0064,0.364
26.029,2,-1.626,0.074,1.8275,2.469,2.54,0.0,0.379
26.079,2,-1.66,0.203,1.8287,2.522,2.573,-0.0,0.394
26.129,2,-1.69,0.319,1.8287,2.557,2.638,-0.0091,0.409
26.179,2,-1.722,0.439,1.8277,2.592,2.67,-0.0086,0.424
26.229,2,-1.756,0.571,1.8238,2.639,2.702,-0.0086,0.419
26.28,2,-1.792,0.709,1.8202,2.688,2.733,-0.0132,0.399
26.329,2,-1.825,0.843,1.8163,2.718,2.794,-0.0129,0.379
26.379,2,-1.855,0.963,1.8107,2.751,2.824,-0.0134,0.355
26.429,2,-1.888,1.102,1.8049,2.812,2.883,-0.0086,0.325
26.48,2,-1.92,1.238,1.8001,2.84,2.913,-0.0101,0.295
26.528,2,-1.959,1.406,1.7953,2.89,2.97,-0.0094,0.27
26.579,2,-1.985,1.523,1.792,2.923,2.968,-0.0043,0.268
26.629,2,-2.02,1.679,1.7892,2.964,2.926,-0.006,0.268
26.679,2,-2.05,1.815,1.7873,2.96,2.837,-0.0088,0.268
26.73,2,-2.072,1.918,1.7857,2.948,2.79,-0.0103,0.27
26.779,2,-2.111,2.096,1.7809,2.862,2.691,-0.0129,0.274
26.83,2,-2.138,2.228,1.7765,2.805,2.642,-0.0172,0.278
26.879,2,-2.167,2.368,1.7715,2.742,2.591,-0.0216,0.284
26.929,2,-2.184,2.455,1.7661,2.69,2.493,-0.0397,0.29
26.978,2,-2.219,2.638,1.7523,2.595,2.447,-0.048,0.295
27.029,2,-2.238,2.752,1.7367,2.51,2.402,-0.0474,0.299
27.079,2,-2.257,2.879,1.7186,2.453,2.317,-0.0694,0.3
27.13,2,-2.272,2.991,1.6984,2.397,2.276,-0.0727,0.302
27.179,2,-2.284,3.101,1.6768,2.349,2.237,-0.0788,0.307
27.23,2,-2.293,3.208,1.6515,2.278,2.2,-0.081,0.305
27.28,2,-2.3,3.32,1.6228,2.239,2.131,-0.1055,0.292
27.329,2,-2.303,3.426,1.5968,2.212,2.099,-0.1137,0.283
27.379,2,-2.302,3.575,1.5495,2.137,2.069,-0.1215,0.275
27.43,2,-2.299,3.647,1.5278,2.118,2.042,-0.1341,0.269
27.479,2,-2.29,3.767,1.4847,2.083,2.016,-0.1334,0.261
27.529,2,-2.278,3.865,1.4454,2.057,1.994,-0.1371,0.253
27.578,2,-2.264,3.958,1.4115,2.035,1.974,-0.1455,0.248
27.63,2,-2.245,4.052,1.374,2.008,1.956,-0.1573,0.247
27.681,2,-2.22,4.158,1.3276,1.984,1.937,-0.1733,0.249
27.729,2,-2.199,4.232,1.288,1.964,1.919,-0.1691,0.26
27.779,2,-2.16,4.346,1.2279,1.932,1.9,-0.183,0.266
27.829,2,-2.122,4.439,1.175,1.907,1.881,-0.1806,0.273
27.879,2,-2.084,4.519,1.1226,1.892,1.863,-0.1926,0.291
27.929,2,-2.037,4.607,1.0684,1.885,1.845,-0.2048,0.305
27.979,2,-1.99,4.684,1.0156,1.852,1.828,-0.2166,0.315
28.03,2,-1.948,4.745,0.9624,1.845,1.812,-0.2222,0.318
28.079,2,-1.873,4.841,0.8859,1.818,1.797,-0.2313,0.322
28.13,2,-1.834,4.886,0.8511,1.811,1.785,-0.2279,0.334
28.179,2,-1.765,4.956,0.7846,1.796,1.775,-0.2401,0.344
28.228,2,-1.685,5.027,0.7062,1.777,1.767,-0.2639,0.346
28.28,2,-1.626,5.073,0.6565,1.77,1.767,-0.2393,0.348
28.329,2,-1.55,5.125,0.5893,1.758,1.761,-0.2514,0.355
28.379,2,-1.481,5.166,0.5254,1.755,1.755,-0.2632,0.369
28.43,2,-1.402,5.206,0.4592,1.752,1.755,-0.2389,0.379
28.479,2,-1.322,5.24,0.3929,1.748,1.754,-0.2266,0.375
28.529,2,-1.225,5.273,0.3181,1.75,1.754,-0.2404,0.37
28.579,2,-1.168,5.289,0.2774,1.749,1.754,-0.2267,0.368
28.629,2,-1.076,5.31,0.2045,1.746,1.76,-0.2288,0.369
28.679,2,-0.987,5.324,0.1406,1.754,1.77,-0.2034,0.375
28.728,2,-0.919,5.33,0.0967,1.764,1.785,-0.2027,0.387
28.779,2,-0.793,5.336,0.0169,1.781,1.802,-0.2029,0.396
28.83,2,-0.733,5.335,-0.0143,1.786,1.821,-0.2153,0.401
28.879,2,-0.631,5.328,-0.0765,1.799,1.842,-0.2284,0.41
28.929,2,-0.549,5.318,-0.1288,1.815,1.862,-0.228,0.413
28.979,2,-0.468,5.303,-0.1834,1.832,1.883,-0.2161,0.413
29.03,2,-0.357,5.276,-0.2645,1.859,1.883,-0.1797,0.417
29.08,2,-0.276,5.25,-0.3124,1.879,1.856,-0.2292,0.425
29.129,2,-0.181,5.214,-0.3713,1.88,1.856,-0.2179,0.425
29.179,2,-0.098,5.177,-0.4307,1.858,1.836,-0.2166,0.429
29.229,2,-0.04,5.147,-0.4767,1.843,1.816,-0.2196,0.44
29.285,2,-0.013,5.131,-0.4969,1.84,1.799,-0.2284,0.44
29.329,2,0.106,5.057,-0.5493,1.832,1.783,-0.2405,0.473
29.379,2,0.188,4.995,-0.6631,1.796,1.771,-0.2032,0.502
29.429,2,0.273,4.92,-0.7392,1.777,1.764,-0.2272,0.515
29.479,2,0.331,4.862,-0.792,1.764,1.764,-0.2271,0.513
29.53,2,0.372,4.817,-0.8344,1.761,1.764,-0.2269,0.492
29.578,2,0.453,4.715,-0.9291,1.762,1.763,-0.2171,0.474
29.629,2,0.492,4.657,-0.9736,1.764,1.766,-0.2026,0.459
29.679,2,0.525,4.605,-1.0128,1.767,1.773,-0.1831,0.448
29.73,2,0.574,4.517,-1.0704,1.77,1.785,-0.1663,0.441
29.779,2,0.62,4.421,-1.1252,1.782,1.802,-0.1543,0.437
29.829,2,0.649,4.354,-1.1578,1.791,1.802,-0.1483,0.437
29.879,2,0.69,4.248,-1.2183,1.814,1.824,-0.1302,0.439
29.929,2,0.708,4.198,-1.2376,1.826,1.85,-0.1364,0.446
29.979,2,0.742,4.086,-1.2839,1.837,1.881,-0.1102,0.45
30.028,2,0.769,3.978,-1.3315,1.874,1.915,-0.103,0.444
30.079,2,0.788,3.891,-1.3617,1.913,1.953,-0.0962,0.441
30.129,2,0.805,3.806,-1.3842,1.926,1.993,-0.0801,0.44
30.179,2,0.817,3.732,-1.4029,1.954,2.035,-0.0701,0.442
30.23,2,0.835,3.606,-1.4343,2.005,2.076,-0.0588,0.456
30.279,2,0.846,3.513,-1.4539,2.051,2.117,-0.0416,0.464
30.329,2,0.856,3.421,-1.4679,2.104,2.156,-0.0376,0.45
30.38,2,0.864,3.33,-1.4792,2.128,2.195,-0.0341,0.436
30.429,2,0.873,3.215,-1.4941,2.173,2.234,-0.0272,0.422
30.479,3,0.88,3.11,-1.5048,2.212,2.271,-0.0225,0.409
30.53,3,0.888,2.986,-1.513,2.255,2.345,-0.0169,0.395
30.579,3,0.893,2.888,-1.5188,2.28,2.345,-0.0127,0.382
30.629,3,0.899,2.753,-1.5262,2.34,2.416,-0.0138,0.368
30.679,3,0.905,2.597,-1.5332,2.393,2.45,-0.0085,0.354
30.73,3,0.908,2.515,-1.5348,2.414,2.485,-0.0086,0.341
30.779,3,0.913,2.37,-1.5384,2.454,2.519,-0.0086,0.327
30.83,3,0.916,2.246,-1.5415,2.497,2.552,-0.0086,0.313
30.879,3,0.919,2.165,-1.5437,2.522,2.618,-0.0135,0.299
30.929,3,0.922,2.024,-1.5473,2.565,2.65,-0.0137,0.286
30.979,3,0.925,1.899,-1.5521,2.611,2.681,-0.0086,0.273
31.03,3,0.927,1.751,-1.5577,2.664,2.744,-0.0086,0.261
31.079,3,0.928,1.6,-1.5628,2.701,2.775,-0.0102,0.251
31.129,3,0.929,1.433,-1.5676,2.747,2.835,-0.0086,0.25
31.18,3,0.929,1.341,-1.5701,2.776,2.865,-0.0104,0.249
31.229,3,0.929,1.172,-1.5752,2.833,2.894,-0.0091,0.25
31.28,3,0.928,1.038,-1.5786,2.861,2.952,-0.0098,0.251
31.329,3,0.926,0.899,-1.5823,2.892,2.98,-0.0093,0.252
31.379,3,0.924,0.761,-1.5863,2.937,3.037,-0.0097,0.252
31.429,3,0.922,0.642,-1.5889,2.964,3.064,-0.01,0.252
31.479,3,0.918,0.453,-1.5946,3.017,3.119,-0.0086,0.254
31.53,3,0.914,0.328,-1.5986,3.069,3.146,-0.0099,0.255
31.579,3,0.91,0.179,-1.6026,3.109,3.199,-0.0102,0.258
31.629,3,0.902,-0.029,-1.6084,3.156,3.226,-0.0092,0.261
31.68,3,0.898,-0.137,-1.6115,3.183,3.278,-0.0096,0.265
31.729,3,0.89,-0.304,-1.6165,3.227,3.303,-0.0043,0.27
31.779,3,0.88,-0.509,-1.6211,3.276,3.354,-0.0043,0.276
31.83,3,0.874,-0.625,-1.6228,3.301,3.404,-0.0102,0.282
31.879,3,0.865,-0.792,-1.6272,3.35,3.429,-0.0106,0.289
31.929,3,0.855,-0.954,-1.6307,3.383,3.478,-0.0086,0.297
31.98,3,0.844,-1.138,-1.6365,3.426,3.526,-0.0108,0.305
32.03,3,0.832,-1.311,-1.6412,3.469,3.574,-0.0086,0.314
32.08,3,0.817,-1.506,-1.6474,3.512,3.621,-0.0093,0.325
32.13,3,0.803,-1.676,-1.6503,3.545,3.644,-0.0092,0.336
32.18,3,0.786,-1.883,-1.6571,3.588,3.597,-0.0087,0.349
32.229,3,0.774,-2.009,-1.6604,3.617,3.529,-0.0043,0.362
32.279,3,0.756,-2.204,-1.664,3.616,3.46,-0.0043,0.376
32.329,3,0.74,-2.372,-1.6667,3.572,3.424,-0.0043,0.391
32.378,3,0.718,-2.603,-1.6696,3.499,3.351,-0.0093,0.409
32.429,3,0.701,-2.764,-1.6733,3.429,3.276,-0.0106,0.436
32.479,3,0.689,-2.879,-1.6766,3.393,3.238,-0.009,0.464
32.529,3,0.665,-3.094,-1.6835,3.303,3.119,-0.0043,0.493
32.579,3,0.649,-3.236,-1.6868,3.258,3.078,-0.0043,0.521
32.629,3,0.627,-3.417,-1.6901,3.172,2.995,-0.0043,0.55
32.679,3,0.605,-3.602,-1.6928,3.083,2.952,-0.0086,0.583
32.73,3,0.592,-3.702,-1.6937,3.047,2.863,-0.0185,0.62
32.779,3,0.575,-3.842,-1.698,2.984,2.818,-0.0129,0.656
32.83,3,0.554,-3.992,-1.7062,2.899,2.725,-0.0222,0.689
32.88,3,0.531,-4.155,-1.7144,2.828,2.679,-0.0216,0.702
32.929,3,0.507,-4.317,-1.724,2.752,2.591,-0.0353,0.723
32.979,3,0.492,-4.405,-1.7295,2.712,2.549,-0.0388,0.73
33.028,3,0.472,-4.528,-1.7422,2.638,2.507,-0.0432,0.744
33.079,3,0.442,-4.689,-1.7597,2.565,2.466,-0.0484,0.743
33.13,3,0.415,-4.817,-1.778,2.508,2.386,-0.056,0.742
33.179,3,0.39,-4.928,-1.7962,2.466,2.347,-0.0606,0.715
33.23,3,0.363,-5.038,-1.815,2.418,2.309,-0.0616,0.697
33.28,3,0.338,-5.135,-1.8277,2.388,2.271,-0.0743,0.689
33.329,3,0.301,-5.262,-1.8579,2.313,2.197,-0.0823,0.683
33.38,3,0.275,-5.345,-1.8739,2.293,2.197,-0.0721,0.678
33.429,3,0.227,-5.482,-1.9126,2.221,2.125,-0.0843,0.676
33.48,3,0.191,-5.577,-1.9357,2.197,2.089,-0.0927,0.671
33.529,3,0.152,-5.673,-1.9631,2.152,2.054,-0.1006,0.663
33.579,3,0.099,-5.793,-1.9971,2.095,2.019,-0.11,0.658
33.63,3,0.068,-5.857,-2.0187,2.059,1.983,-0.1122,0.654
33.679,3,0.011,-5.967,-2.0615,2.012,1.947,-0.1201,0.653
33.729,3,-0.035,-6.048,-2.0922,1.992,1.912,-0.1364,0.654
33.779,3,-0.085,-6.128,-2.1284,1.946,1.877,-0.1318,0.655
33.829,3,-0.144,-6.217,-2.173,1.917,1.843,-0.1561,0.645
33.879,3,-0.209,-6.303,-2.226,1.848,1.81,-0.1678,0.637
33.93,3,-0.248,-6.351,-2.2553,1.821,1.778,-0.1833,0.631
33.979,3,-0.317,-6.428,-2.3054,1.812,1.748,-0.2036,0.627
34.029,3,-0.376,-6.489,-2.3484,1.786,1.721,-0.2307,0.626
34.079,3,-0.442,-6.55,-2.3958,1.752,1.697,-0.2391,0.611
34.129,3,-0.515,-6.61,-2.4594,1.724,1.676,-0.2544,0.595
34.179,3,-0.576,-6.655,-2.5169,1.699,1.676,-0.2283,0.582
34.229,3,-0.646,-6.7,-2.5742,1.676,1.647,-0.2914,0.57
34.279,3,-0.713,-6.739,-2.629,1.653,1.647,-0.2609,0.561
34.329,3,-0.768,-6.766,-2.6935,1.63,1.639,-0.2657,0.552
34.38,3,-0.866,-6.806,-2.7742,1.63,1.634,-0.2604,0.522
34.43,3,-0.945,-6.831,-2.8389,1.623,1.632,-0.2603,0.489
34.479,3,-1.022,-6.851,-2.9017,1.622,1.632,-0.2635,0.457
34.534,3,-1.081,-6.862,-2.9554,1.626,1.632,-0.2363,0.423
34.579,3,-1.162,-6.873,-2.9908,1.622,1.639,-0.2853,0.387
34.629,3,-1.26,-6.88,-3.0935,1.625,1.651,-0.2483,0.359
34.679,3,-1.355,-6.879,3.1157,1.635,1.651,-0.2243,0.324
34.729,3,-1.401,-6.877,3.0837,1.641,1.669,-0.2005,0.314
34.779,3,-1.489,-6.867,3.0216,1.66,1.69,-0.213,0.298
34.829,3,-1.584,-6.851,2.962,1.669,1.714,-0.2175,0.279
34.88,3,-1.657,-6.835,2.9174,1.691,1.74,-0.2295,0.262
34.929,3,-1.73,-6.815,2.8662,1.712,1.767,-0.226,0.25
34.979,3,-1.812,-6.788,2.8114,1.73,1.767,-0.2021,0.239
35.029,3,-1.917,-6.746,2.7422,1.76,1.793,-0.1948,0.233
35.079,3,-1.971,-6.72,2.7069,1.771,1.819,-0.2058,0.23
35.129,3,-2.072,-6.667,2.6326,1.801,1.844,-0.1911,0.231
35.178,3,-2.156,-6.615,2.581,1.826,1.868,-0.2157,0.229
35.229,3,-2.223,-6.568,2.5258,1.845,1.89,-0.2075,0.227
35.279,3,-2.299,-6.508,2.4629,1.874,1.909,-0.2044,0.228
35.329,3,-2.354,-6.46,2.4121,1.89,1.925,-0.2103,0.236
35.379,3,-2.434,-6.381,2.3511,1.908,1.914,-0.2107,0.241
35.429,3,-2.494,-6.314,2.2938,1.919,1.908,-0.2099,0.24
35.479,3,-2.554,-6.238,2.2362,1.915,1.906,-0.2107,0.245
35.529,3,-2.62,-6.143,2.158,1.905,1.906,-0.2086,0.256
35.579,3,-2.663,-6.072,2.1122,1.906,1.906,-0.2092,0.262
35.629,3,-2.707,-5.991,2.0594,1.909,1.906,-0.2052,0.268
35.679,3,-2.736,-5.932,2.0227,1.906,1.908,-0.2051,0.281
35.73,3,-2.779,-5.828,1.957,1.905,1.911,-0.2075,0.288
35.779,3,-2.814,-5.726,1.8899,1.906,1.917,-0.2067,0.286
35.829,3,-2.841,-5.629,1.8276,1.911,1.925,-0.199,0.286
35.879,3,-2.856,-5.56,1.7862,1.915,1.935,-0.1807,0.29
35.93,3,-2.875,-5.443,1.7135,1.928,1.948,-0.1828,0.31
35.979,3,-2.884,-5.353,1.6698,1.936,1.963,-0.1841,0.334
36.03,3,-2.889,-5.26,1.6221,1.952,1.979,-0.1442,0.353
36.079,3,-2.89,-5.14,1.5604,1.975,1.997,-0.1443,0.367
36.13,3,-2.887,-5.073,1.5341,1.984,2.017,-0.1446,0.386
36.179,3,-2.878,-4.957,1.4912,2.004,2.037,-0.1447,0.421
36.229,3,-2.866,-4.857,1.4384,2.027,2.059,-0.1379,0.422
36.279,3,-2.85,-4.76,1.4026,2.042,2.081,-0.1204,0.386
36.329,3,-2.831,-4.67,1.3631,2.062,2.103,-0.1206,0.354
36.379,3,-2.807,-4.571,1.3291,2.083,2.125,-0.1125,0.325
36.429,3,-2.785,-4.49,1.3043,2.099,2.147,-0.1172,0.305
36.479,3,-2.752,-4.383,1.2626,2.122,2.171,-0.1047,0.289
36.529,3,-2.704,-4.249,1.2184,2.162,2.196,-0.0838,0.277
36.579,3,-2.665,-4.15,1.1875,2.191,2.223,-0.0774,0.268
36.63,3,-2.627,-4.062,1.1604,2.216,2.252,-0.0649,0.26
36.679,3,-2.571,-3.941,1.1311,2.25,2.315,-0.0595,0.254
36.729,3,-2.537,-3.869,1.1174,2.262,2.349,-0.0507,0.248
36.778,3,-2.464,-3.728,1.0892,2.33,2.385,-0.0388,0.243
36.829,3,-2.419,-3.645,1.0764,2.352,2.42,-0.0256,0.241
36.879,3,-2.364,-3.544,1.0648,2.398,2.455,-0.023,0.239
36.929,3,-2.306,-3.441,1.0571,2.423,2.523,-0.0129,0.238
36.979,3,-2.236,-3.319,1.0477,2.466,2.523,-0.0095,0.237
37.029,3,-2.171,-3.208,1.043,2.52,2.589,0.0,0.236
37.079,3,-2.122,-3.125,1.0415,2.547,2.622,0.0086,0.234
37.129,3,-2.058,-3.016,1.0415,2.586,2.654,0.0232,0.231
37.18,3,-1.98,-2.882,1.0468,2.637,2.572,0.0431,0.226
37.228,3,-1.91,-2.758,1.0568,2.646,2.53,0.0474,0.218
37.279,3,-1.85,-2.648,1.0733,2.59,2.49,0.0562,0.205
37.329,3,-1.785,-2.524,1.0967,2.532,2.416,0.0733,0.189
37.379,3,-1.733,-2.419,1.116,2.492,2.382,0.0819,0.173
37.429,3,-1.682,-2.308,1.144,2.441,2.351,0.0946,0.155
37.479,3,-1.638,-2.204,1.1742,2.39,2.322,0.0962,0.132
37.529,3,-1.595,-2.092,1.2097,2.349,2.274,0.1235,0.118
37.579,3,-1.557,-1.983,1.2504,2.31,2.254,0.1206,0.108
37.629,3,-1.525,-1.877,1.2832,2.29,2.237,0.1229,0.101
37.679,3,-1.498,-1.772,1.3199,2.269,2.224,0.1227,0.1
37.729,3,-1.469,-1.638,1.3729,2.243,2.213,0.1225,0.122
37.779,3,-1.456,-1.566,1.396,2.231,2.206,0.1223,0.128
37.83,3,-1.439,-1.438,1.4443,2.221,2.201,0.1222,0.138
37.879,3,-1.429,-1.333,1.4849,2.212,2.2,0.1221,0.157
37.93,3,-1.423,-1.229,1.5232,2.209,2.2,0.1221,0.177
37.979,3,-1.422,-1.123,1.5648,2.207,2.205,0.1136,0.195
38.03,3,-1.426,-0.991,1.6116,2.208,2.215,0.101,0.212
38.08,3,-1.433,-0.878,1.6489,2.219,2.231,0.0974,0.226
38.128,3,-1.445,-0.768,1.6813,2.232,2.251,0.0885,0.237
38.179,3,-1.462,-0.643,1.7191,2.251,2.303,0.0718,0.254
38.23,3,-1.475,-0.57,1.7361,2.258,2.334,0.0634,0.28
38.279,3,-1.501,-0.434,1.7654,2.302,2.368,0.0571,0.303
38.329,3,-1.528,-0.309,1.7904,2.344,2.403,0.0359,0.323
38.38,3,-1.551,-0.212,1.8029,2.367,2.438,0.0274,0.342
38.432,3,-1.57,-0.133,1.8106,2.406,2.473,0.0221,0.359
38.479,3,-1.609,0.019,1.8213,2.446,2.54,0.0043,0.375
38.529,3,-1.639,0.132,1.8295,2.479,2.573,-0.0,0.39
38.579,3,-1.675,0.268,1.8311,2.532,2.606,-0.0064,0.405
38.629,3,-1.706,0.385,1.8311,2.569,2.638,-0.0102,0.419
38.679,3,-1.739,0.508,1.8287,2.611,2.702,-0.0144,0.426
38.73,3,-1.77,0.628,1.8248,2.64,2.733,-0.0129,0.407
38.78,3,-1.806,0.769,1.8189,2.692,2.764,-0.0141,0.387
38.829,3,-1.846,0.93,1.8117,2.738,2.824,-0.0145,0.352
38.879,3,-1.868,1.019,1.8085,2.765,2.854,-0.013,0.337
38.929,3,-1.907,1.186,1.8007,2.821,2.883,-0.01,0.307
38.98,3,-1.938,1.322,1.7969,2.848,2.942,-0.0043,0.276
39.029,3,-1.964,1.434,1.7934,2.876,2.97,-0.0057,0.268
39.079,3,-2.001,1.599,1.7911,2.936,2.926,-0.006,0.267
39.129,3,-2.038,1.767,1.7879,2.96,2.883,-0.0064,0.267
39.179,3,-2.07,1.913,1.7854,2.933,2.79,-0.0093,0.269
39.229,3,-2.096,2.032,1.7841,2.888,2.741,-0.0131,0.271
39.279,3,-2.116,2.124,1.7813,2.839,2.691,-0.0129,0.274
39.329,3,-2.148,2.279,1.7756,2.768,2.591,-0.0263,0.28
39.379,3,-2.179,2.433,1.7686,2.699,2.493,-0.0407,0.287
39.428,3,-2.209,2.588,1.7539,2.597,2.447,-0.0483,0.292
39.48,3,-2.226,2.688,1.742,2.539,2.402,-0.049,0.297
39.529,3,-2.248,2.826,1.7244,2.476,2.359,-0.0575,0.298
39.579,3,-2.264,2.934,1.7076,2.414,2.317,-0.0611,0.299
39.629,3,-2.273,3.014,1.6927,2.371,2.276,-0.0701,0.304
39.679,3,-2.289,3.171,1.661,2.312,2.2,-0.085,0.308
39.73,3,-2.295,3.251,1.6439,2.28,2.165,-0.1026,0.299
39.78,3,-2.301,3.372,1.6135,2.219,2.131,-0.1059,0.287
39.829,3,-2.303,3.509,1.5734,2.176,2.099,-0.105,0.278
39.879,3,-2.3,3.611,1.5414,2.132,2.069,-0.1214,0.271
39.93,3,-2.296,3.697,1.5076,2.093,2.042,-0.1209,0.266
39.979,3,-2.282,3.835,1.4559,2.058,2.016,-0.1206,0.256
40.03,3,-2.273,3.904,1.4353,2.05,1.994,-0.1339,0.25
40.08,3,-2.253,4.017,1.3906,2.014,1.956,-0.1698,0.248
40.13,3,-2.235,4.099,1.3554,1.988,1.937,-0.1869,0.248
40.179,3,-2.211,4.192,1.3051,1.962,1.937,-0.1603,0.256
40.23,3,-2.184,4.279,1.2539,1.94,1.919,-0.1599,0.264
40.279,3,-2.143,4.389,1.1979,1.933,1.881,-0.181,0.267
40.329,3,-2.107,4.471,1.1601,1.913,1.863,-0.2176,0.282
40.379,3,-2.074,4.539,1.1209,1.89,1.863,-0.2077,0.299
40.429,3,-2.015,4.644,1.0374,1.86,1.828,-0.2166,0.311
40.479,3,-1.97,4.714,0.9907,1.85,1.828,-0.2052,0.318
40.53,3,-1.939,4.758,0.9549,1.831,1.812,-0.2162,0.319
40.579,3,-1.846,4.872,0.8628,1.822,1.797,-0.2452,0.328
40.63,3,-1.8,4.921,0.8155,1.812,1.785,-0.2218,0.339
40.68,3,-1.742,4.979,0.7604,1.789,1.775,-0.2296,0.347
40.729,3,-1.663,5.046,0.6883,1.77,1.767,-0.2556,0.347
40.778,3,-1.595,5.096,0.6253,1.756,1.761,-0.251,0.351
40.83,3,-1.53,5.139,0.57,1.754,1.757,-0.2645,0.363
40.879,3,-1.448,5.185,0.5043,1.749,1.755,-0.2653,0.376
40.928,3,-1.369,5.222,0.4319,1.746,1.754,-0.2508,0.381
40.978,3,-1.268,5.261,0.3412,1.745,1.754,-0.2388,0.374
41.029,3,-1.213,5.278,0.3059,1.746,1.754,-0.2518,0.37
41.079,3,-1.119,5.302,0.2365,1.746,1.76,-0.2387,0.369
41.129,3,-1.03,5.318,0.1675,1.746,1.76,-0.2151,0.372
41.179,3,-0.942,5.329,0.1082,1.757,1.785,-0.2163,0.381
41.229,3,-0.859,5.334,0.0579,1.763,1.785,-0.1939,0.392
41.279,3,-0.757,5.334,-0.0123,1.785,1.802,-0.1908,0.398
41.33,3,-0.673,5.33,-0.0567,1.797,1.821,-0.2089,0.405
41.38,3,-0.592,5.321,-0.107,1.81,1.842,-0.2035,0.411
41.429,3,-0.484,5.304,-0.1826,1.836,1.862,-0.2164,0.41
41.48,3,-0.414,5.288,-0.2242,1.843,1.883,-0.1918,0.412
41.53,3,-0.329,5.265,-0.2748,1.854,1.876,-0.2072,0.419
41.579,3,-0.23,5.231,-0.3359,1.878,1.856,-0.2306,0.423
41.629,3,-0.152,5.2,-0.3857,1.878,1.836,-0.2292,0.425
41.68,3,-0.06,5.157,-0.451,1.855,1.816,-0.2288,0.432
41.729,3,0.017,5.115,-0.5107,1.837,1.799,-0.2344,0.449
41.779,3,0.089,5.069,-0.5665,1.818,1.783,-0.228,0.473
41.83,3,0.163,5.016,-0.6323,1.799,1.771,-0.2312,0.494
41.879,3,0.23,4.963,-0.6841,1.786,1.764,-0.2518,0.511
41.929,3,0.28,4.918,-0.7252,1.773,1.764,-0.2437,0.522
41.979,3,0.367,4.83,-0.8161,1.757,1.764,-0.2318,0.51
42.029,3,0.417,4.77,-0.8767,1.756,1.764,-0.2146,0.489
42.08,3,0.472,4.697,-0.9383,1.761,1.763,-0.2178,0.473
42.129,3,0.522,4.621,-0.9984,1.76,1.766,-0.2078,0.46
42.179,3,0.562,4.552,-1.0526,1.763,1.773,-0.1662,0.451
42.229,3,0.598,4.483,-1.0984,1.776,1.785,-0.1542,0.445
42.28,3,0.638,4.396,-1.1425,1.786,1.802,-0.1589,0.443
42.329,3,0.677,4.3,-1.1895,1.793,1.824,-0.1544,0.443
42.379,3,0.706,4.222,-1.2263,1.805,1.85,-0.1474,0.447
42.429,3,0.731,4.143,-1.2591,1.828,1.881,-0.1182,0.454
42.479,3,0.759,4.045,-1.2949,1.851,1.881,-0.1184,0.454
42.53,3,0.775,3.983,-1.3231,1.873,1.915,-0.1078,0.449
42.579,3,0.802,3.857,-1.3686,1.906,1.953,-0.0946,0.447
42.629,3,0.818,3.768,-1.3964,1.946,1.993,-0.0741,0.447
42.679,3,0.824,3.733,-1.4061,1.954,2.035,-0.0782,0.448
42.729,3,0.848,3.554,-1.451,2.027,2.117,-0.0538,0.468
42.779,3,0.855,3.485,-1.4655,2.042,2.156,-0.0415,0.456
42.829,3,0.864,3.387,-1.4841,2.105,2.156,-0.0292,0.444
42.879,3,0.874,3.246,-1.4996,2.158,2.234,-0.0256,0.431
42.929,4,0.881,3.143,-1.5078,2.19,2.271,-0.0223,0.417
42.979,4,0.887,3.034,-1.5152,2.236,2.308,-0.0176,0.404
43.029,4,0.892,2.92,-1.5221,2.274,2.345,-0.0137,0.391
43.08,4,0.897,2.81,-1.5273,2.31,2.38,-0.0085,0.377
43.129,4,0.902,2.697,-1.5318,2.345,2.416,-0.0098,0.364
43.179,4,0.905,2.607,-1.534,2.374,2.45,-0.0103,0.35
43.228,4,0.91,2.44,-1.5384,2.437,2.519,-0.0086,0.336
43.279,4,0.914,2.321,-1.542,2.47,2.552,-0.0107,0.323
43.328,4,0.917,2.186,-1.5454,2.515,2.585,-0.0098,0.309
43.379,4,0.919,2.099,-1.5482,2.558,2.618,-0.0093,0.296
43.429,4,0.922,1.944,-1.5527,2.591,2.681,-0.0086,0.283
43.48,4,0.924,1.817,-1.556,2.63,2.713,-0.0093,0.271
43.529,4,0.926,1.657,-1.5605,2.687,2.744,-0.0091,0.258
43.58,4,0.927,1.562,-1.563,2.715,2.805,-0.01,0.251
43.629,4,0.928,1.411,-1.567,2.747,2.835,-0.0095,0.251
43.679,4,0.928,1.277,-1.5707,2.792,2.894,-0.0104,0.25
43.73,4,0.927,1.164,-1.5738,2.823,2.923,-0.0104,0.251
43.779,4,0.926,0.987,-1.5792,2.874,2.98,-0.0105,0.252
43.83,4,0.925,0.862,-1.5826,2.908,3.009,-0.0096,0.253
43.879,4,0.923,0.735,-1.586,2.946,3.037,-0.0093,0.253
43.929,4,0.919,0.537,-1.5911,3.002,3.092,-0.0096,0.254
43.979,4,0.916,0.431,-1.5937,3.027,3.119,-0.0086,0.255
44.029,4,0.911,0.238,-1.5992,3.089,3.173,-0.0086,0.257
44.08,4,0.907,0.119,-1.6017,3.11,3.199,-0.0086,0.26
44.129,4,0.9,-0.079,-1.6072,3.163,3.252,-0.0086,0.263
44.179,4,0.894,-0.232,-1.6112,3.196,3.303,-0.0086,0.267
44.229,4,0.887,-0.411,-1.6153,3.25,3.329,-0.0086,0.269
44.279,4,0.88,-0.539,-1.6191,3.283,3.379,-0.0086,0.277
44.33,4,0.871,-0.731,-1.624,3.32,3.429,-0.013,0.283
44.379,4,0.864,-0.851,-1.6272,3.345,3.453,-0.0141,0.29
44.43,4,0.852,-1.034,-1.6345,3.404,3.502,-0.0086,0.298
44.479,4,0.837,-1.254,-1.6415,3.459,3.526,-0.0093,0.307
44.53,4,0.828,-1.379,-1.6448,3.489,3.574,-0.0094,0.317
44.579,4,0.816,-1.537,-1.6489,3.515,3.621,-0.009,0.328
44.63,4,0.799,-1.739,-1.6551,3.562,3.63,-0.0043,0.34
44.679,4,0.78,-1.954,-1.6601,3.61,3.563,-0.0064,0.353
44.729,4,0.764,-2.131,-1.6622,3.615,3.495,-0.0043,0.367
44.78,4,0.748,-2.303,-1.6651,3.595,3.424,-0.0087,0.381
44.83,4,0.735,-2.437,-1.6667,3.553,3.388,-0.0098,0.396
44.879,4,0.714,-2.646,-1.6714,3.479,3.314,-0.0094,0.418
44.931,4,0.7,-2.779,-1.676,3.418,3.276,-0.0087,0.432
44.979,4,0.68,-2.963,-1.6814,3.36,3.199,-0.0064,0.475
45.029,4,0.66,-3.138,-1.6853,3.316,3.119,-0.0052,0.504
45.079,4,0.638,-3.319,-1.688,3.249,3.078,-0.006,0.532
45.129,4,0.618,-3.492,-1.691,3.153,2.995,-0.0043,0.561
45.179,4,0.6,-3.64,-1.6937,3.093,2.908,-0.0086,0.598
45.229,4,0.582,-3.775,-1.6965,3.027,2.863,-0.0129,0.634
45.279,4,0.568,-3.89,-1.6995,2.978,2.771,-0.0172,0.671
45.329,4,0.543,-4.072,-1.708,2.883,2.725,-0.0219,0.695
45.379,4,0.52,-4.228,-1.7157,2.815,2.679,-0.0276,0.708
45.429,4,0.501,-4.357,-1.7255,2.752,2.591,-0.0365,0.722
45.48,4,0.485,-4.453,-1.7313,2.72,2.549,-0.0388,0.736
45.529,4,0.455,-4.625,-1.7503,2.626,2.466,-0.0517,0.743
45.579,4,0.432,-4.738,-1.7663,2.561,2.425,-0.0517,0.743
45.629,4,0.405,-4.866,-1.7853,2.499,2.386,-0.0525,0.731
45.679,4,0.38,-4.976,-1.803,2.446,2.309,-0.0692,0.706
45.73,4,0.352,-5.086,-1.8208,2.407,2.271,-0.0782,0.695
45.779,4,0.328,-5.172,-1.8366,2.359,2.234,-0.0824,0.691
45.829,4,0.282,-5.326,-1.8736,2.291,2.197,-0.077,0.682
45.879,4,0.258,-5.399,-1.8924,2.253,2.161,-0.0803,0.678
45.929,4,0.218,-5.509,-1.9234,2.204,2.125,-0.0817,0.676
45.979,4,0.168,-5.637,-1.956,2.157,2.089,-0.0852,0.667
46.029,4,0.13,-5.724,-1.9824,2.117,2.019,-0.1086,0.66
46.079,4,0.088,-5.816,-2.0064,2.088,1.983,-0.1209,0.655
46.129,4,0.052,-5.887,-2.0297,2.049,1.983,-0.108,0.653
46.179,4,-0.013,-6.008,-2.0784,2.004,1.947,-0.1201,0.652
46.23,4,-0.05,-6.071,-2.1014,1.978,1.877,-0.1445,0.655
46.278,4,-0.117,-6.177,-2.1475,1.932,1.877,-0.1447,0.65
46.329,4,-0.168,-6.248,-2.189,1.888,1.843,-0.1607,0.641
46.379,4,-0.206,-6.298,-2.2179,1.873,1.81,-0.1724,0.634
46.429,4,-0.265,-6.371,-2.2666,1.838,1.778,-0.1796,0.629
46.479,4,-0.345,-6.459,-2.3241,1.794,1.748,-0.2034,0.627
46.529,4,-0.409,-6.522,-2.377,1.754,1.721,-0.2149,0.62
46.58,4,-0.47,-6.575,-2.4301,1.728,1.697,-0.2265,0.603
46.629,4,-0.537,-6.627,-2.4871,1.706,1.676,-0.2425,0.589
46.679,4,-0.609,-6.677,-2.5469,1.678,1.659,-0.2615,0.576
46.729,4,-0.679,-6.719,-2.6158,1.651,1.647,-0.2608,0.564
46.785,4,-0.746,-6.753,-2.6724,1.64,1.647,-0.2488,0.559
46.829,4,-0.836,-6.792,-2.7522,1.638,1.634,-0.2973,0.537
46.88,4,-0.892,-6.813,-2.7998,1.625,1.632,-0.2772,0.505
46.929,4,-0.983,-6.839,-2.8731,1.618,1.632,-0.248,0.471
46.98,4,-1.047,-6.853,-2.9347,1.622,1.632,-0.2421,0.438
47.029,4,-1.138,-6.867,-2.9975,1.625,1.632,-0.2363,0.402
47.079,4,-1.217,-6.874,-3.0629,1.625,1.639,-0.2401,0.369
47.129,4,-1.31,-6.877,-3.1325,1.63,1.651,-0.2363,0.332
47.179,4,-1.364,-6.875,3.1177,1.635,1.669,-0.2266,0.323
47.229,4,-1.465,-6.867,3.0455,1.645,1.669,-0.1885,0.305
47.279,4,-1.555,-6.854,2.9846,1.669,1.69,-0.2011,0.28
47.33,4,-1.613,-6.843,2.9583,1.671,1.714,-0.219,0.272
47.379,4,-1.717,-6.818,2.8969,1.696,1.74,-0.2255,0.264
47.429,4,-1.769,-6.802,2.8535,1.708,1.767,-0.2259,0.245
47.479,4,-1.868,-6.766,2.7801,1.743,1.793,-0.2141,0.236
47.529,4,-1.955,-6.728,2.7207,1.762,1.819,-0.2147,0.231
47.579,4,-2.027,-6.691,2.6671,1.785,1.844,-0.2151,0.229
47.63,4,-2.107,-6.646,2.6135,1.813,1.868,-0.2306,0.232
47.679,4,-2.178,-6.6,2.5639,1.832,1.89,-0.2194,0.228
47.73,4,-2.246,-6.551,2.5072,1.852,1.89,-0.1919,0.227
47.779,4,-2.335,-6.476,2.4317,1.885,1.909,-0.1924,0.23
47.829,4,-2.394,-6.421,2.3817,1.9,1.925,-0.1967,0.238
47.879,4,-2.446,-6.368,2.3396,1.909,1.914,-0.2053,0.24
47.929,4,-2.529,-6.273,2.2677,1.914,1.908,-0.2063,0.242
47.979,4,-2.567,-6.223,2.228,1.911,1.906,-0.2092,0.252
48.029,4,-2.632,-6.128,2.1566,1.904,1.906,-0.1928,0.261
48.079,4,-2.686,-6.036,2.0902,1.903,1.906,-0.1927,0.266
48.129,4,-2.726,-5.959,2.0348,1.901,1.906,-0.1927,0.277
48.179,4,-2.765,-5.87,1.9771,1.904,1.908,-0.1805,0.287
48.229,4,-2.795,-5.791,1.9268,1.904,1.911,-0.1928,0.29
48.279,4,-2.83,-5.678,1.8547,1.908,1.917,-0.1806,0.287
48.329,4,-2.843,-5.627,1.825,1.91,1.925,-0.1806,0.289
48.38,4,-2.867,-5.511,1.7543,1.921,1.935,-0.1684,0.298
48.429,4,-2.882,-5.392,1.6859,1.933,1.948,-0.1713,0.322
48.48,4,-2.889,-5.315,1.657,1.939,1.963,-0.1687,0.344
48.529,4,-2.892,-5.214,1.5967,1.955,1.979,-0.1318,0.361
48.579,4,-2.89,-5.112,1.5447,1.98,1.997,-0.1321,0.375
48.63,4,-2.887,-5.048,1.5227,1.989,2.017,-0.1461,0.399
48.679,4,-2.873,-4.901,1.4531,2.017,2.037,-0.1351,0.439
48.73,4,-2.863,-4.835,1.4276,2.022,2.059,-0.1202,0.408
48.779,4,-2.842,-4.721,1.3786,2.051,2.081,-0.11,0.375
48.829,4,-2.816,-4.608,1.3441,2.072,2.103,-0.1141,0.343
48.879,4,-2.792,-4.519,1.3061,2.089,2.125,-0.1053,0.319
48.929,4,-2.772,-4.45,1.2832,2.111,2.147,-0.1022,0.301
48.979,4,-2.725,-4.311,1.2367,2.14,2.171,-0.0921,0.287
49.03,4,-2.7,-4.242,1.2152,2.161,2.223,-0.0888,0.275
49.079,4,-2.65,-4.118,1.1791,2.193,2.252,-0.0763,0.265
49.129,4,-2.608,-4.023,1.153,2.224,2.283,-0.059,0.259
49.179,4,-2.554,-3.909,1.1285,2.253,2.315,-0.0549,0.253
49.229,4,-2.521,-3.842,1.1115,2.274,2.349,-0.0479,0.248
49.279,4,-2.458,-3.719,1.0902,2.31,2.385,-0.0351,0.245
49.33,4,-2.41,-3.63,1.0757,2.346,2.42,-0.0255,0.243
49.379,4,-2.337,-3.501,1.0581,2.401,2.489,-0.0145,0.242
49.429,4,-2.265,-3.375,1.0472,2.448,2.523,-0.0064,0.241
49.479,4,-2.217,-3.293,1.0447,2.477,2.556,0.0,0.24
49.53,4,-2.165,-3.204,1.0426,2.51,2.589,0.0043,0.238
49.579,4,-2.086,-3.068,1.042,2.561,2.654,0.0216,0.235
49.629,4,-2.022,-2.958,1.0436,2.592,2.617,0.0302,0.231
49.679,4,-1.943,-2.821,1.0547,2.642,2.572,0.0388,0.224
49.729,4,-1.898,-2.74,1.0616,2.637,2.49,0.0604,0.215
49.779,4,-1.823,-2.602,1.0841,2.561,2.452,0.0695,0.201
49.829,4,-1.77,-2.498,1.1026,2.523,2.416,0.0751,0.183
49.878,4,-1.719,-2.391,1.1279,2.467,2.351,0.0946,0.166
49.929,4,-1.673,-2.289,1.1519,2.438,2.322,0.1041,0.147
49.979,4,-1.631,-2.188,1.1869,2.373,2.297,0.1024,0.124
50.029,4,-1.582,-2.056,1.2278,2.338,2.274,0.1063,0.112
50.079,4,-1.544,-1.937,1.267,2.299,2.254,0.1164,0.103
50.13,4,-1.516,-1.839,1.3025,2.273,2.237,0.1143,0.098
50.179,4,-1.489,-1.727,1.3426,2.255,2.213,0.1225,0.104
50.23,4,-1.468,-1.617,1.3858,2.238,2.206,0.1223,0.118
50.279,4,-1.448,-1.487,1.4323,2.221,2.201,0.1222,0.134
50.329,4,-1.442,-1.435,1.4526,2.216,2.2,0.1221,0.14
50.379,4,-1.43,-1.289,1.4974,2.211,2.2,0.1354,0.161
50.429,4,-1.426,-1.177,1.543,2.207,2.2,0.1094,0.181
50.479,4,-1.426,-1.065,1.5855,2.208,2.215,0.1155,0.198
50.529,4,-1.431,-0.961,1.6168,2.208,2.231,0.1107,0.214
50.579,4,-1.438,-0.857,1.6504,2.218,2.251,0.1016,0.227
50.629,4,-1.453,-0.731,1.6918,2.234,2.275,0.0801,0.238
50.68,4,-1.468,-0.628,1.7219,2.254,2.303,0.0634,0.26
50.728,4,-1.487,-0.521,1.7476,2.278,2.334,0.0553,0.285
50.779,4,-1.511,-0.399,1.7717,2.306,2.368,0.0424,0.307
50.829,4,-1.537,-0.28,1.7891,2.356,2.403,0.0361,0.327
50.879,4,-1.563,-0.171,1.8029,2.389,2.438,0.0271,0.346
50.929,4,-1.592,-0.054,1.8162,2.41,2.507,0.0086,0.363
50.979,4,-1.623,0.065,1.8233,2.449,2.54,0.0045,0.379
51.029,4,-1.642,0.14,1.8255,2.49,2.573,0.0,0.386
51.08,4,-1.687,0.31,1.8294,2.534,2.606,-0.0054,0.409
51.13,4,-1.72,0.435,1.8294,2.588,2.67,-0.0086,0.424
51.178,4,-1.76,0.585,1.8264,2.639,2.702,-0.0146,0.421
51.229,4,-1.782,0.67,1.8234,2.66,2.733,-0.015,0.401
51.279,4,-1.813,0.795,1.8176,2.706,2.794,-0.0129,0.38
51.329,4,-1.851,0.949,1.811,2.748,2.824,-0.0133,0.357
51.379,4,-1.889,1.104,1.8049,2.805,2.883,-0.0142,0.328
51.429,4,-1.912,1.203,1.802,2.823,2.913,-0.0086,0.297
51.479,4,-1.946,1.354,1.7959,2.867,2.942,-0.0043,0.27
51.529,4,-1.972,1.464,1.7936,2.896,2.968,-0.0043,0.268
51.579,4,-2.012,1.647,1.7892,2.943,2.926,-0.0051,0.267
51.629,4,-2.046,1.799,1.7867,2.941,2.837,-0.0043,0.267
51.679,4,-2.077,1.942,1.7844,2.921,2.741,-0.0086,0.269
51.729,4,-2.105,2.071,1.7825,2.875,2.691,-0.0129,0.272
51.779,4,-2.132,2.2,1.7791,2.8,2.642,-0.0223,0.276
51.829,4,-2.16,2.335,1.774,2.736,2.541,-0.0354,0.283
51.879,4,-2.184,2.456,1.7652,2.663,2.493,-0.0388,0.289
51.93,4,-2.207,2.576,1.752,2.588,2.447,-0.0431,0.294
51.979,4,-2.236,2.751,1.7324,2.502,2.402,-0.0431,0.297
52.03,4,-2.25,2.841,1.7186,2.455,2.317,-0.0601,0.298
52.08,4,-2.268,2.975,1.7012,2.403,2.276,-0.0747,0.299
52.128,4,-2.283,3.11,1.6741,2.33,2.237,-0.0766,0.307
52.179,4,-2.293,3.222,1.6491,2.284,2.2,-0.0822,0.307
52.229,4,-2.297,3.285,1.6356,2.249,2.165,-0.0977,0.294
52.279,4,-2.302,3.435,1.5968,2.201,2.131,-0.1015,0.284
52.329,4,-2.303,3.505,1.5751,2.169,2.099,-0.1055,0.275
52.379,4,-2.299,3.648,1.5317,2.131,2.069,-0.1177,0.27
52.43,4,-2.294,3.721,1.5085,2.106,2.016,-0.1487,0.264
52.479,4,-2.281,3.849,1.4609,2.062,1.994,-0.1484,0.256
52.529,4,-2.268,3.943,1.421,2.027,1.974,-0.1451,0.25
52.579,4,-2.248,4.047,1.375,2.003,1.956,-0.1697,0.248
52.628,4,-2.22,4.16,1.322,1.975,1.937,-0.1694,0.25
52.679,4,-2.203,4.223,1.294,1.963,1.919,-0.1841,0.26
52.729,4,-2.169,4.324,1.2394,1.942,1.9,-0.1848,0.267
52.779,4,-2.136,4.41,1.1928,1.924,1.881,-0.1808,0.272
52.83,4,-2.106,4.477,1.1553,1.907,1.863,-0.2175,0.289
52.879,4,-2.062,4.565,1.0969,1.891,1.845,-0.2172,0.304
52.93,4,-2.015,4.648,1.0457,1.867,1.828,-0.2345,0.315
52.979,4,-1.953,4.744,0.9785,1.846,1.812,-0.2286,0.321
53.03,4,-1.911,4.799,0.9325,1.823,1.797,-0.2462,0.324
53.079,4,-1.853,4.87,0.8753,1.819,1.785,-0.253,0.335
53.129,4,-1.78,4.946,0.7931,1.793,1.775,-0.2446,0.346
53.18,4,-1.712,5.008,0.7344,1.778,1.775,-0.2274,0.349
53.229,4,-1.649,5.058,0.6754,1.771,1.767,-0.2648,0.349
53.279,4,-1.562,5.119,0.596,1.767,1.761,-0.2558,0.354
53.33,4,-1.51,5.15,0.5495,1.751,1.757,-0.253,0.368
53.379,4,-1.42,5.198,0.4651,1.746,1.755,-0.2401,0.379
53.428,4,-1.324,5.238,0.3815,1.746,1.754,-0.2399,0.376
53.479,4,-1.267,5.259,0.3444,1.745,1.754,-0.2396,0.369
53.529,4,-1.179,5.285,0.2732,1.748,1.754,-0.2307,0.366
53.579,4,-1.089,5.305,0.2192,1.751,1.76,-0.2436,0.366
53.629,4,-1.005,5.319,0.1547,1.751,1.77,-0.2084,0.37
53.679,4,-0.925,5.327,0.1013,1.753,1.785,-0.2025,0.382
53.729,4,-0.83,5.332,0.0405,1.768,1.802,-0.2028,0.392
53.779,4,-0.766,5.332,0.0101,1.776,1.802,-0.2032,0.397
53.829,4,-0.642,5.326,-0.0679,1.798,1.821,-0.2032,0.405
53.879,4,-0.56,5.316,-0.1234,1.805,1.842,-0.2076,0.409
53.929,4,-0.499,5.306,-0.1635,1.822,1.862,-0.2169,0.409
53.979,4,-0.379,5.279,-0.2411,1.842,1.883,-0.1976,0.413
54.029,4,-0.308,5.258,-0.2821,1.863,1.876,-0.2059,0.421
54.079,4,-0.203,5.221,-0.3514,1.876,1.856,-0.2333,0.423
54.129,4,-0.148,5.198,-0.3943,1.869,1.836,-0.2305,0.426
54.179,4,-0.036,5.142,-0.4839,1.844,1.816,-0.2204,0.435
54.229,4,0.022,5.108,-0.5271,1.826,1.799,-0.2211,0.454
54.279,4,0.087,5.066,-0.5749,1.816,1.783,-0.2158,0.466
54.33,4,0.182,4.995,-0.6546,1.8,1.771,-0.2155,0.495
54.379,4,0.241,4.944,-0.7041,1.789,1.764,-0.2455,0.509
54.429,4,0.297,4.892,-0.7507,1.776,1.764,-0.2517,0.516
54.478,4,0.377,4.807,-0.8288,1.757,1.764,-0.2276,0.495
54.53,4,0.425,4.749,-0.8841,1.754,1.763,-0.2324,0.476
54.58,4,0.469,4.688,-0.9394,1.76,1.763,-0.1904,0.46
54.629,4,0.528,4.595,-1.018,1.76,1.766,-0.1949,0.448
54.68,4,0.558,4.543,-1.0565,1.766,1.773,-0.1595,0.44
54.73,4,0.602,4.456,-1.1087,1.775,1.785,-0.142,0.436
54.779,4,0.639,4.373,-1.1566,1.787,1.802,-0.1441,0.434
54.829,4,0.68,4.268,-1.203,1.802,1.824,-0.1429,0.435
54.879,4,0.709,4.188,-1.2401,1.821,1.85,-0.1303,0.442
54.93,4,0.731,4.114,-1.276,1.84,1.881,-0.1102,0.447
54.979,4,0.759,4.014,-1.3128,1.861,1.915,-0.1022,0.444
55.03,4,0.779,3.926,-1.3401,1.887,1.953,-0.0984,0.44
55.08,4,0.801,3.823,-1.3722,1.921,1.993,-0.0836,0.439
55.131,4,0.81,3.769,-1.3888,1.947,1.993,-0.0741,0.439
55.179,4,0.831,3.637,-1.4229,1.987,2.076,-0.0702,0.452
55.229,4,0.844,3.537,-1.4457,2.021,2.117,-0.0497,0.465
55.279,4,0.857,3.413,-1.4693,2.082,2.156,-0.0416,0.452
55.329,4,0.866,3.321,-1.4808,2.115,2.195,-0.0334,0.438
55.379,4,0.874,3.209,-1.4944,2.154,2.234,-0.0302,0.425
55.429,5,0.882,3.094,-1.5045,2.221,2.271,-0.0255,0.411
55.479,5,0.889,2.98,-1.5141,2.262,2.308,-0.0169,0.398
55.529,5,0.892,2.913,-1.5191,2.28,2.345,-0.0127,0.385
55.581,5,0.898,2.775,-1.5271,2.316,2.416,-0.013,0.372
55.628,5,0.903,2.659,-1.5312,2.37,2.45,-0.0085,0.358
55.68,5,0.907,2.544,-1.5354,2.41,2.485,-0.0107,0.344
55.729,5,0.911,2.429,-1.5384,2.448,2.519,-0.0086,0.33
55.779,5,0.916,2.27,-1.5426,2.496,2.552,-0.0107,0.317
55.829,5,0.919,2.151,-1.5457,2.538,2.585,-0.0101,0.303
55.879,5,0.921,2.062,-1.5482,2.56,2.65,-0.0086,0.29
55.929,5,0.924,1.875,-1.5527,2.591,2.681,-0.0086,0.278
55.979,5,0.925,1.801,-1.5555,2.627,2.713,-0.0107,0.265
56.029,5,0.927,1.625,-1.56,2.692,2.775,-0.0086,0.252
56.079,5,0.928,1.532,-1.5625,2.716,2.805,-0.0086,0.249
56.13,5,0.929,1.361,-1.567,2.78,2.865,-0.0131,0.249
56.179,5,0.929,1.189,-1.5727,2.828,2.894,-0.0086,0.248
56.229,5,0.928,1.046,-1.5772,2.864,2.923,-0.0105,0.25
56.28,5,0.927,0.951,-1.5797,2.892,2.98,-0.0086,0.25
56.329,5,0.926,0.808,-1.5837,2.931,3.009,-0.0107,0.251
56.379,5,0.923,0.666,-1.5874,2.968,3.064,-0.0086,0.251
56.429,5,0.92,0.476,-1.5926,3.018,3.092,-0.0086,0.252
56.479,5,0.917,0.369,-1.5951,3.051,3.146,-0.0139,0.254
56.53,5,0.911,0.175,-1.6009,3.098,3.199,-0.0133,0.256
56.579,5,0.905,-0.013,-1.6089,3.156,3.226,-0.0086,0.258
56.63,5,0.9,-0.125,-1.6124,3.18,3.278,-0.0101,0.262
56.679,5,0.894,-0.25,-1.6153,3.205,3.303,-0.0094,0.267
56.729,5,0.884,-0.464,-1.6222,3.266,3.354,-0.0043,0.273
56.779,5,0.875,-0.622,-1.6257,3.301,3.404,-0.0043,0.28
56.829,5,0.868,-0.749,-1.6269,3.336,3.429,-0.0086,0.287
56.879,5,0.856,-0.965,-1.6298,3.385,3.478,-0.0134,0.294
56.929,5,0.845,-1.128,-1.6339,3.416,3.526,-0.0138,0.302
56.979,5,0.834,-1.297,-1.64,3.461,3.55,-0.0086,0.311
57.029,5,0.822,-1.461,-1.6468,3.502,3.597,-0.0094,0.321
57.079,5,0.806,-1.655,-1.6518,3.544,3.644,-0.0043,0.332
57.129,5,0.787,-1.873,-1.6583,3.596,3.597,-0.0043,0.345
57.18,5,0.777,-1.992,-1.6604,3.614,3.563,-0.0043,0.358
57.23,5,0.758,-2.193,-1.6634,3.61,3.495,-0.0043,0.372
57.279,5,0.742,-2.361,-1.6655,3.58,3.424,-0.0091,0.386
57.329,5,0.729,-2.498,-1.667,3.544,3.351,-0.0086,0.401
57.379,5,0.707,-2.724,-1.6718,3.454,3.276,-0.0086,0.429
57.429,5,0.686,-2.922,-1.6769,3.363,3.238,-0.0086,0.47
57.478,5,0.68,-2.976,-1.6781,3.346,3.199,-0.0105,0.47
57.529,5,0.652,-3.227,-1.6844,3.259,3.119,-0.009,0.513
57.579,5,0.632,-3.393,-1.6889,3.197,3.037,-0.0099,0.541
57.629,5,0.614,-3.54,-1.6931,3.143,2.952,-0.0086,0.572
57.679,5,0.592,-3.716,-1.6989,3.04,2.908,-0.0086,0.628
57.729,5,0.576,-3.841,-1.7022,2.996,2.818,-0.0183,0.647
57.779,5,0.559,-3.964,-1.7065,2.934,2.771,-0.0129,0.684
57.83,5,0.536,-4.123,-1.7144,2.861,2.679,-0.0216,0.699
57.879,5,0.514,-4.27,-1.7203,2.795,2.635,-0.0303,0.713
57.929,5,0.493,-4.405,-1.7304,2.717,2.549,-0.0388,0.727
57.98,5,0.472,-4.526,-1.7403,2.658,2.507,-0.0451,0.742
58.03,5,0.451,-4.643,-1.7544,2.591,2.466,-0.0474,0.743
58.079,5,0.429,-4.756,-1.7701,2.539,2.425,-0.0474,0.744
58.129,5,0.395,-4.909,-1.7921,2.467,2.347,-0.0662,0.722
58.179,5,0.368,-5.022,-1.8101,2.427,2.309,-0.0643,0.701
58.229,5,0.335,-5.149,-1.832,2.374,2.271,-0.0726,0.692
58.279,5,0.305,-5.252,-1.8552,2.322,2.234,-0.0723,0.685
58.329,5,0.282,-5.326,-1.8726,2.281,2.197,-0.072,0.68
58.379,5,0.239,-5.454,-1.9019,2.238,2.125,-0.0928,0.677
58.43,5,0.201,-5.557,-1.928,2.198,2.089,-0.0984,0.675
58.479,5,0.158,-5.663,-1.9585,2.148,2.054,-0.1047,0.666
58.529,5,0.106,-5.78,-1.9986,2.094,2.019,-0.1085,0.66
58.578,5,0.06,-5.875,-2.0319,2.056,1.983,-0.1129,0.654
58.63,5,0.03,-5.933,-2.0491,2.039,1.947,-0.1337,0.654
58.679,5,-0.025,-6.031,-2.0843,2.001,1.912,-0.1324,0.654
58.729,5,-0.085,-6.13,-2.1292,1.949,1.877,-0.1443,0.658
58.779,5,-0.116,-6.178,-2.1483,1.93,1.843,-0.1686,0.65
58.829,5,-0.188,-6.279,-2.2063,1.861,1.81,-0.184,0.641
58.879,5,-0.242,-6.346,-2.2522,1.827,1.778,-0.1795,0.634
58.929,5,-0.304,-6.417,-2.2993,1.813,1.748,-0.2176,0.629
58.978,5,-0.376,-6.49,-2.3609,1.763,1.721,-0.2306,0.627
59.03,5,-0.417,-6.528,-2.3938,1.748,1.697,-0.2267,0.611
59.079,5,-0.505,-6.601,-2.4764,1.705,1.676,-0.2414,0.586
59.129,5,-0.55,-6.633,-2.5075,1.695,1.676,-0.2136,0.579
59.179,5,-0.618,-6.678,-2.547,1.678,1.659,-0.2615,0.566
59.229,5,-0.705,-6.728,-2.6391,1.653,1.647,-0.249,0.556
59.279,5,-0.779,-6.764,-2.701,1.642,1.639,-0.2486,0.547
59.329,5,-0.849,-6.792,-2.7626,1.626,1.634,-0.2483,0.519
59.379,5,-0.94,-6.822,-2.8411,1.629,1.632,-0.2648,0.487
59.429,5,-0.985,-6.835,-2.871,1.629,1.632,-0.2604,0.459
59.479,5,-1.09,-6.857,-2.947,1.627,1.632,-0.2364,0.427
59.529,5,-1.142,-6.865,-2.9879,1.623,1.632,-0.2496,0.392
59.579,5,-1.245,-6.875,-3.0683,1.624,1.639,-0.2413,0.364
59.628,5,-1.343,-6.876,3.1385,1.629,1.651,-0.2363,0.34
59.679,5,-1.394,-6.874,3.1061,1.635,1.669,-0.2246,0.319
59.729,5,-1.486,-6.866,3.035,1.648,1.69,-0.2127,0.303
59.779,5,-1.583,-6.851,2.9691,1.679,1.714,-0.2252,0.285
59.829,5,-1.657,-6.835,2.9245,1.686,1.714,-0.2013,0.267
59.879,5,-1.75,-6.81,2.8577,1.712,1.767,-0.2379,0.253
59.929,5,-1.815,-6.788,2.8158,1.728,1.767,-0.2141,0.243
59.979,5,-1.898,-6.755,2.7573,1.752,1.793,-0.1903,0.235
60.029,5,-1.976,-6.719,2.6997,1.774,1.819,-0.2027,0.231
60.079,5,-2.053,-6.678,2.6464,1.799,1.844,-0.2033,0.231
60.129,5,-2.123,-6.636,2.5972,1.816,1.868,-0.2214,0.23
60.179,5,-2.221,-6.569,2.5182,1.846,1.89,-0.2053,0.226
60.229,5,-2.281,-6.522,2.475,1.86,1.909,-0.2042,0.227
60.279,5,-2.353,-6.46,2.4211,1.884,1.925,-0.2171,0.233
60.331,5,-2.404,-6.412,2.3743,1.9,1.914,-0.2207,0.241
60.379,5,-2.487,-6.323,2.3041,1.919,1.908,-0.2213,0.241
60.429,5,-2.527,-6.274,2.2636,1.913,1.906,-0.2176,0.244
60.479,5,-2.603,-6.172,2.1846,1.907,1.906,-0.2199,0.256
60.529,5,-2.638,-6.118,2.1454,1.907,1.906,-0.2216,0.263
60.578,5,-2.701,-6.006,2.068,1.899,1.906,-0.2178,0.268
60.63,5,-2.744,-5.917,2.0118,1.905,1.908,-0.2051,0.281
60.679,5,-2.775,-5.842,1.9584,1.905,1.911,-0.2072,0.289
60.73,5,-2.804,-5.76,1.906,1.905,1.917,-0.2053,0.288
60.779,5,-2.829,-5.678,1.8484,1.909,1.925,-0.1978,0.286
60.829,5,-2.856,-5.561,1.7837,1.917,1.925,-0.1708,0.289
60.88,5,-2.868,-5.491,1.7456,1.921,1.948,-0.1808,0.305
60.929,5,-2.879,-5.409,1.705,1.928,1.948,-0.1724,0.317
60.979,5,-2.889,-5.278,1.6376,1.942,1.963,-0.1699,0.349
61.03,5,-2.891,-5.198,1.5864,1.951,1.997,-0.1442,0.365
61.079,5,-2.888,-5.082,1.5307,1.986,2.017,-0.1472,0.38
61.129,5,-2.881,-4.987,1.4964,2.002,2.037,-0.1448,0.411
61.179,5,-2.869,-4.878,1.451,2.021,2.037,-0.1201,0.43
61.23,5,-2.859,-4.81,1.4241,2.035,2.081,-0.1367,0.393
61.278,5,-2.833,-4.675,1.3716,2.053,2.103,-0.1204,0.359
61.329,5,-2.812,-4.584,1.3341,2.082,2.125,-0.1208,0.329
61.38,5,-2.787,-4.491,1.3018,2.102,2.147,-0.1126,0.308
61.429,5,-2.763,-4.412,1.2765,2.116,2.171,-0.1128,0.293
61.479,5,-2.714,-4.273,1.2232,2.147,2.196,-0.0897,0.281
61.53,5,-2.7,-4.237,1.211,2.16,2.223,-0.0838,0.276
61.579,5,-2.631,-4.072,1.1628,2.195,2.252,-0.0714,0.263
61.63,5,-2.6,-4.003,1.143,2.229,2.283,-0.0559,0.258
61.679,5,-2.538,-3.877,1.1085,2.273,2.349,-0.0431,0.255
61.73,5,-2.489,-3.783,1.0911,2.291,2.385,-0.0297,0.252
61.779,5,-2.423,-3.659,1.0748,2.346,2.42,-0.0271,0.248
61.829,5,-2.369,-3.561,1.065,2.385,2.455,-0.0171,0.244
61.879,5,-2.312,-3.46,1.0574,2.42,2.489,-0.0136,0.243
61.929,5,-2.267,-3.381,1.0535,2.452,2.523,-0.0043,0.241
61.979,5,-2.2,-3.264,1.0488,2.503,2.589,0.0,0.238
62.029,5,-2.123,-3.133,1.0477,2.549,2.622,0.0094,0.235
62.079,5,-2.073,-3.046,1.0477,2.581,2.654,0.0185,0.231
62.128,5,-1.99,-2.9,1.0537,2.637,2.617,0.0216,0.225
62.179,5,-1.928,-2.789,1.0621,2.643,2.53,0.0443,0.216
62.23,5,-1.872,-2.688,1.0721,2.618,2.49,0.0519,0.206
62.279,5,-1.818,-2.586,1.0887,2.555,2.452,0.0608,0.19
62.329,5,-1.748,-2.447,1.1134,2.494,2.382,0.0776,0.174
62.38,5,-1.695,-2.333,1.1376,2.453,2.351,0.0961,0.158
62.429,5,-1.651,-2.231,1.1624,2.411,2.322,0.0985,0.137
62.479,5,-1.608,-2.126,1.1942,2.361,2.297,0.098,0.12
62.529,5,-1.565,-2.007,1.2337,2.328,2.274,0.1106,0.11
62.579,5,-1.531,-1.898,1.2697,2.298,2.237,0.1229,0.103
62.629,5,-1.496,-1.77,1.3176,2.27,2.224,0.1401,0.1
62.679,5,-1.475,-1.678,1.3492,2.251,2.213,0.1406,0.114
62.729,5,-1.454,-1.567,1.3932,2.227,2.206,0.1391,0.128
62.779,5,-1.437,-1.442,1.4515,2.213,2.201,0.1221,0.142
62.829,5,-1.429,-1.349,1.4844,2.21,2.2,0.1221,0.153
62.88,5,-1.424,-1.261,1.5213,2.209,2.2,0.1221,0.173
62.929,5,-1.422,-1.133,1.5685,2.207,2.205,0.1094,0.192
62.98,5,-1.424,-1.032,1.5995,2.208,2.215,0.1095,0.208
63.029,5,-1.432,-0.904,1.6434,2.214,2.231,0.0968,0.222
63.079,5,-1.44,-0.822,1.6691,2.221,2.251,0.09,0.234
63.129,5,-1.457,-0.685,1.7051,2.238,2.275,0.0812,0.247
63.179,5,-1.473,-0.582,1.7333,2.265,2.303,0.0634,0.273
63.229,5,-1.494,-0.47,1.7585,2.292,2.368,0.0509,0.297
63.279,5,-1.516,-0.368,1.7783,2.319,2.403,0.0403,0.318
63.329,5,-1.539,-0.262,1.7965,2.361,2.438,0.0256,0.337
63.379,5,-1.575,-0.115,1.8109,2.416,2.473,0.0171,0.355
63.429,5,-1.594,-0.039,1.8167,2.448,2.507,0.0086,0.371
63.48,5,-1.635,0.117,1.8265,2.495,2.573,0.0,0.387
63.529,5,-1.664,0.229,1.8284,2.527,2.606,-0.0,0.402
63.579,5,-1.695,0.345,1.8288,2.57,2.638,-0.0043,0.417
63.629,5,-1.736,0.501,1.8288,2.608,2.67,-0.0086,0.429
63.679,5,-1.759,0.588,1.8274,2.636,2.733,-0.0129,0.411
63.729,5,-1.802,0.754,1.8215,2.686,2.764,-0.0129,0.391
63.779,5,-1.834,0.883,1.8163,2.726,2.824,-0.0129,0.37
63.829,5,-1.867,1.017,1.8107,2.767,2.854,-0.015,0.344
63.879,5,-1.905,1.176,1.804,2.825,2.883,-0.0139,0.299
63.928,5,-1.937,1.312,1.7978,2.857,2.942,-0.0101,0.284
63.979,5,-1.966,1.442,1.7936,2.899,2.97,-0.0043,0.269
64.029,5,-1.995,1.57,1.7904,2.929,2.926,-0.0059,0.268
64.08,5,-2.023,1.697,1.7879,2.954,2.883,-0.0058,0.267
64.133,5,-2.052,1.829,1.786,2.943,2.837,-0.0043,0.267
64.179,5,-2.086,1.983,1.7838,2.91,2.741,-0.0086,0.27
64.229,5,-2.122,2.151,1.7809,2.851,2.691,-0.0129,0.274
64.279,5,-2.142,2.247,1.7784,2.792,2.591,-0.0259,0.279
64.329,5,-2.18,2.436,1.7689,2.692,2.541,-0.0359,0.289
64.38,5,-2.194,2.506,1.7639,2.653,2.493,-0.0398,0.292
64.429,5,-2.224,2.667,1.7457,2.552,2.402,-0.052,0.297
64.48,5,-2.242,2.78,1.7327,2.503,2.359,-0.0616,0.299
64.529,5,-2.261,2.909,1.7121,2.433,2.317,-0.06,0.3
64.579,5,-2.277,3.037,1.6897,2.382,2.276,-0.0684,0.304
64.629,5,-2.289,3.152,1.6678,2.322,2.2,-0.091,0.308
64.679,5,-2.299,3.282,1.6348,2.253,2.165,-0.1016,0.303
64.729,5,-2.303,3.371,1.6138,2.223,2.131,-0.1054,0.291
64.779,5,-2.305,3.491,1.5834,2.187,2.099,-0.1135,0.281
64.83,5,-2.303,3.586,1.5503,2.148,2.069,-0.1215,0.274
64.879,5,-2.298,3.691,1.5148,2.102,2.042,-0.121,0.27
64.929,5,-2.288,3.8,1.4728,2.067,2.016,-0.1349,0.26
64.979,5,-2.275,3.903,1.4345,2.036,1.994,-0.1347,0.253
65.029,5,-2.254,4.019,1.3838,2.013,1.974,-0.1326,0.25
65.079,5,-2.241,4.079,1.3582,1.993,1.956,-0.1609,0.249
65.129,5,-2.208,4.209,1.298,1.966,1.937,-0.1568,0.255
65.179,5,-2.182,4.292,1.2539,1.939,1.919,-0.1689,0.264
65.229,5,-2.152,4.371,1.2132,1.922,1.9,-0.173,0.269
65.279,5,-2.119,4.45,1.1683,1.911,1.881,-0.1683,0.281
65.329,5,-2.072,4.547,1.1037,1.886,1.863,-0.1966,0.298
65.38,5,-2.032,4.621,1.0647,1.87,1.845,-0.2045,0.311
65.429,5,-1.976,4.71,0.9962,1.852,1.828,-0.2042,0.319
65.48,5,-1.925,4.783,0.9401,1.831,1.812,-0.2171,0.322
65.528,5,-1.859,4.864,0.87,1.807,1.797,-0.2156,0.329
65.58,5,-1.807,4.921,0.8198,1.793,1.785,-0.2276,0.342
65.629,5,-1.743,4.982,0.7578,1.78,1.775,-0.2273,0.35
65.679,5,-1.698,5.022,0.7175,1.773,1.767,-0.2636,0.35
65.729,5,-1.597,5.098,0.6243,1.762,1.761,-0.2679,0.356
65.779,5,-1.557,5.126,0.5939,1.758,1.757,-0.2785,0.362
65.83,5,-1.476,5.174,0.5237,1.75,1.755,-0.2758,0.376
65.879,5,-1.371,5.225,0.4227,1.739,1.754,-0.267,0.382
65.929,5,-1.305,5.251,0.37,1.74,1.754,-0.2264,0.378
65.979,5,-1.219,5.279,0.3045,1.747,1.754,-0.2388,0.372
66.03,5,-1.145,5.298,0.25,1.749,1.754,-0.2145,0.371
66.079,5,-1.056,5.315,0.1854,1.75,1.76,-0.2196,0.372
66.13,5,-0.958,5.328,0.1102,1.754,1.77,-0.1902,0.38
66.179,5,-0.877,5.334,0.0637,1.764,1.785,-0.1956,0.391
66.23,5,-0.8,5.335,0.0195,1.772,1.802,-0.2063,0.398
66.279,5,-0.691,5.332,-0.0455,1.789,1.821,-0.2031,0.403
66.329,5,-0.616,5.326,-0.0925,1.801,1.842,-0.2181,0.411
66.379,5,-0.523,5.313,-0.1493,1.82,1.862,-0.2334,0.412
66.429,5,-0.434,5.295,-0.2031,1.837,1.883,-0.2039,0.413
66.479,5,-0.339,5.27,-0.2689,1.855,1.876,-0.2041,0.419
66.529,5,-0.252,5.242,-0.3233,1.878,1.856,-0.2292,0.425
66.579,5,-0.154,5.203,-0.3935,1.862,1.836,-0.2425,0.428
66.629,5,-0.1,5.178,-0.4278,1.854,1.816,-0.2442,0.431
66.679,5,-0.004,5.127,-0.507,1.82,1.816,-0.2037,0.445
66.729,5,0.079,5.075,-0.5692,1.815,1.799,-0.2036,0.467
66.78,5,0.146,5.027,-0.625,1.805,1.783,-0.2035,0.488
66.829,5,0.191,4.992,-0.6614,1.796,1.771,-0.216,0.497
66.879,5,0.282,4.913,-0.7382,1.781,1.764,-0.2324,0.517
66.929,5,0.346,4.849,-0.7952,1.771,1.764,-0.2272,0.514
66.979,5,0.387,4.804,-0.8355,1.759,1.764,-0.2394,0.494
67.029,5,0.458,4.715,-0.917,1.757,1.763,-0.2147,0.477
67.079,5,0.508,4.641,-0.9759,1.76,1.766,-0.2026,0.463
67.129,5,0.56,4.556,-1.047,1.765,1.773,-0.1813,0.453
67.179,5,0.588,4.503,-1.076,1.768,1.785,-0.1663,0.447
67.229,5,0.63,4.415,-1.1295,1.778,1.802,-0.1665,0.443
67.279,5,0.671,4.32,-1.1837,1.796,1.824,-0.1544,0.444
67.33,5,0.7,4.24,-1.2196,1.806,1.824,-0.1439,0.446
67.379,5,0.729,4.152,-1.2586,1.824,1.85,-0.1361,0.453
67.43,5,0.746,4.092,-1.2874,1.839,1.881,-0.1102,0.455
67.479,5,0.778,3.966,-1.3379,1.882,1.915,-0.103,0.449
67.529,5,0.791,3.905,-1.3558,1.891,1.953,-0.0943,0.446
67.579,5,0.814,3.785,-1.3925,1.945,1.993,-0.0785,0.446
67.63,5,0.825,3.717,-1.4097,1.976,2.035,-0.072,0.449
67.679,5,0.841,3.599,-1.4369,2.021,2.076,-0.0557,0.463
67.729,5,0.852,3.507,-1.455,2.07,2.117,-0.0458,0.457
67.779,5,0.862,3.409,-1.4736,2.102,2.156,-0.0376,0.444
67.829,5,0.87,3.312,-1.4865,2.134,2.195,-0.0293,0.43
67.879,5,0.88,3.173,-1.5015,2.182,2.234,-0.0252,0.417
67.929,6,0.885,3.096,-1.5078,2.212,2.271,-0.0211,0.404
67.979,6,0.893,2.946,-1.5205,2.261,2.345,-0.0185,0.391
68.029,6,0.898,2.838,-1.5265,2.299,2.38,-0.0144,0.378
68.079,6,0.903,2.709,-1.532,2.339,2.416,-0.0085,0.365
68.129,6,0.907,2.6,-1.5362,2.38,2.45,-0.0104,0.352
68.179,6,0.911,2.475,-1.5393,2.427,2.485,-0.0098,0.339
68.229,6,0.914,2.361,-1.5429,2.466,2.552,-0.0101,0.325
68.28,6,0.917,2.242,-1.5462,2.501,2.585,-0.009,0.312
68.329,6,0.92,2.12,-1.5496,2.546,2.618,-0.0086,0.299
68.379,6,0.922,1.98,-1.5527,2.582,2.681,-0.0104,0.286
68.43,6,0.924,1.847,-1.556,2.633,2.713,-0.0095,0.274
68.48,6,0.926,1.721,-1.5597,2.674,2.744,-0.009,0.261
68.529,6,0.927,1.594,-1.5633,2.708,2.775,-0.0043,0.252
68.579,6,0.928,1.415,-1.5676,2.762,2.835,-0.0095,0.25
68.629,6,0.928,1.324,-1.5684,2.775,2.865,-0.0086,0.25
68.678,6,0.928,1.135,-1.5738,2.84,2.923,-0.0086,0.25
68.73,6,0.927,1.037,-1.5758,2.858,2.952,-0.0086,0.25
68.78,6,0.926,0.878,-1.58,2.911,3.009,-0.0086,0.251
68.829,6,0.924,0.722,-1.5837,2.947,3.037,-0.0134,0.252
68.879,6,0.922,0.62,-1.5871,2.979,3.064,-0.0086,0.252
68.929,6,0.919,0.46,-1.5931,3.032,3.119,-0.013,0.253
68.978,6,0.914,0.267,-1.5992,3.072,3.146,-0.0086,0.254
69.029,6,0.908,0.099,-1.6055,3.124,3.199,-0.0086,0.257
69.079,6,0.903,-0.046,-1.6092,3.154,3.226,-0.0098,0.26
69.128,6,0.896,-0.211,-1.6136,3.198,3.278,-0.0104,0.265
69.179,6,0.889,-0.363,-1.6179,3.239,3.329,-0.01,0.27
69.229,6,0.881,-0.53,-1.6225,3.281,3.379,-0.0096,0.275
69.279,6,0.87,-0.722,-1.6284,3.337,3.404,-0.0043,0.286
69.329,6,0.863,-0.829,-1.631,3.358,3.429,-0.0096,0.289
69.38,6,0.851,-1.036,-1.6342,3.396,3.478,-0.0107,0.298
69.429,6,0.84,-1.193,-1.6383,3.43,3.526,-0.0099,0.306
69.48,6,0.829,-1.352,-1.643,3.466,3.574,-0.0098,0.316
69.53,6,0.814,-1.548,-1.6489,3.522,3.621,-0.0043,0.326
69.58,6,0.8,-1.708,-1.6536,3.56,3.63,-0.0043,0.338
69.629,6,0.787,-1.869,-1.6565,3.598,3.597,-0.0043,0.351
69.679,6,0.767,-2.095,-1.6592,3.613,3.529,-0.0089,0.364
69.729,6,0.756,-2.21,-1.6607,3.605,3.46,-0.0086,0.378
69.779,6,0.734,-2.452,-1.6655,3.55,3.388,-0.0086,0.392
69.829,6,0.718,-2.616,-1.6697,3.488,3.351,-0.0086,0.411
69.879,6,0.7,-2.787,-1.6742,3.424,3.276,-0.0106,0.439
69.93,6,0.684,-2.941,-1.6787,3.371,3.199,-0.0097,0.467
69.979,6,0.669,-3.074,-1.682,3.334,3.16,-0.0093,0.495
70.029,6,0.645,-3.277,-1.6892,3.225,3.078,-0.0058,0.523
70.079,6,0.625,-3.447,-1.6925,3.158,2.995,-0.0043,0.552
70.129,6,0.612,-3.549,-1.6943,3.111,2.952,-0.0096,0.587
70.179,6,0.586,-3.752,-1.698,3.033,2.863,-0.0129,0.624
70.23,6,0.573,-3.853,-1.7007,2.99,2.818,-0.0144,0.661
70.28,6,0.549,-4.028,-1.7062,2.916,2.725,-0.0229,0.691
70.329,6,0.53,-4.164,-1.712,2.857,2.679,-0.0259,0.704
70.379,6,0.512,-4.285,-1.7187,2.792,2.591,-0.0345,0.717
70.429,6,0.483,-4.466,-1.7332,2.711,2.549,-0.0449,0.732
70.48,6,0.47,-4.542,-1.74,2.677,2.507,-0.0431,0.745
70.53,6,0.445,-4.678,-1.7584,2.59,2.425,-0.0578,0.744
70.579,6,0.409,-4.854,-1.7831,2.504,2.386,-0.056,0.739
70.63,6,0.39,-4.936,-1.7966,2.463,2.347,-0.0602,0.712
70.679,6,0.358,-5.065,-1.8179,2.412,2.271,-0.077,0.698
70.729,6,0.332,-5.16,-1.8379,2.349,2.234,-0.0766,0.689
70.779,6,0.293,-5.29,-1.8679,2.294,2.197,-0.0769,0.683
70.83,6,0.261,-5.389,-1.891,2.255,2.161,-0.0851,0.679
70.879,6,0.226,-5.488,-1.9158,2.219,2.125,-0.0843,0.677
70.928,6,0.178,-5.614,-1.9471,2.176,2.089,-0.0895,0.67
70.979,6,0.137,-5.71,-1.974,2.125,2.054,-0.1005,0.662
71.029,6,0.109,-5.771,-1.9937,2.099,2.019,-0.1043,0.657
71.079,6,0.049,-5.895,-2.0372,2.045,1.983,-0.1092,0.654
71.129,6,0.0,-5.986,-2.0701,2.005,1.912,-0.145,0.653
71.179,6,-0.045,-6.064,-2.1014,1.972,1.912,-0.1197,0.654
71.229,6,-0.108,-6.161,-2.1547,1.922,1.877,-0.1192,0.646
71.278,6,-0.162,-6.239,-2.1894,1.895,1.843,-0.1575,0.642
71.329,6,-0.18,-6.263,-2.1976,1.89,1.81,-0.1823,0.639
71.379,6,-0.27,-6.377,-2.2647,1.822,1.778,-0.1795,0.63
71.429,6,-0.329,-6.442,-2.3144,1.786,1.748,-0.2185,0.627
71.479,6,-0.385,-6.498,-2.3618,1.756,1.721,-0.2147,0.623
71.53,6,-0.443,-6.55,-2.4147,1.72,1.697,-0.2288,0.604
71.579,6,-0.52,-6.612,-2.4851,1.701,1.676,-0.2287,0.589
71.63,6,-0.582,-6.655,-2.5326,1.677,1.659,-0.2615,0.575
71.68,6,-0.647,-6.696,-2.5876,1.672,1.647,-0.2776,0.564
71.729,6,-0.734,-6.744,-2.6598,1.649,1.647,-0.2506,0.554
71.779,6,-0.781,-6.766,-2.705,1.637,1.639,-0.2485,0.54
71.829,6,-0.878,-6.804,-2.7896,1.631,1.634,-0.2364,0.51
71.878,6,-0.969,-6.832,-2.8615,1.628,1.632,-0.2483,0.479
71.929,6,-1.035,-6.848,-2.9057,1.62,1.632,-0.2644,0.45
71.979,6,-1.114,-6.862,-2.9693,1.62,1.632,-0.2482,0.415
72.03,6,-1.194,-6.872,-3.0344,1.624,1.639,-0.2661,0.38
72.08,6,-1.276,-6.876,-3.0925,1.624,1.651,-0.2603,0.353
72.129,6,-1.347,-6.876,3.1287,1.629,1.651,-0.2277,0.33
72.179,6,-1.441,-6.87,3.0605,1.644,1.669,-0.2005,0.31
72.229,6,-1.52,-6.86,3.0072,1.661,1.69,-0.2068,0.295
72.279,6,-1.613,-6.843,2.9484,1.682,1.714,-0.2132,0.268
72.329,6,-1.666,-6.831,2.9182,1.688,1.74,-0.2311,0.26
72.379,6,-1.78,-6.798,2.8343,1.725,1.767,-0.2291,0.247
72.429,6,-1.834,-6.779,2.8029,1.733,1.793,-0.2178,0.238
72.479,6,-1.94,-6.735,2.7228,1.77,1.819,-0.2147,0.231
72.529,6,-1.993,-6.709,2.6892,1.784,1.819,-0.1961,0.229
72.578,6,-2.092,-6.654,2.621,1.814,1.844,-0.1913,0.23
72.629,6,-2.16,-6.611,2.571,1.831,1.868,-0.2038,0.227
72.679,6,-2.236,-6.557,2.5128,1.852,1.89,-0.1931,0.225
72.729,6,-2.29,-6.514,2.4653,1.866,1.909,-0.1922,0.227
72.779,6,-2.361,-6.452,2.413,1.888,1.925,-0.2048,0.236
72.829,6,-2.448,-6.366,2.3437,1.907,1.914,-0.2051,0.24
72.879,6,-2.501,-6.306,2.2891,1.913,1.908,-0.2086,0.241
72.929,6,-2.567,-6.222,2.2267,1.91,1.906,-0.2222,0.248
72.979,6,-2.62,-6.146,2.172,1.908,1.906,-0.2102,0.259
73.029,6,-2.667,-6.07,2.1184,1.905,1.906,-0.2051,0.264
73.079,6,-2.715,-5.982,2.0629,1.903,1.906,-0.2205,0.273
73.129,6,-2.755,-5.896,2.0007,1.904,1.908,-0.207,0.285
73.179,6,-2.787,-5.815,1.9459,1.903,1.911,-0.1928,0.292
73.229,6,-2.821,-5.716,1.8834,1.906,1.917,-0.1974,0.289
73.279,6,-2.849,-5.608,1.8133,1.911,1.925,-0.1962,0.289
73.329,6,-2.866,-5.529,1.7741,1.917,1.935,-0.1943,0.296
73.379,6,-2.882,-5.427,1.719,1.926,1.948,-0.1932,0.318
73.43,6,-2.889,-5.358,1.679,1.936,1.963,-0.1864,0.341
73.479,6,-2.896,-5.248,1.616,1.95,1.979,-0.157,0.361
73.529,6,-2.896,-5.156,1.566,1.962,1.997,-0.1499,0.375
73.579,6,-2.89,-5.047,1.5205,1.981,2.017,-0.1445,0.394
73.629,6,-2.88,-4.94,1.4722,1.999,2.037,-0.1469,0.429
73.678,6,-2.868,-4.846,1.4305,2.016,2.059,-0.1325,0.417
73.73,6,-2.856,-4.778,1.3994,2.038,2.081,-0.1203,0.383
73.779,6,-2.829,-4.652,1.3464,2.066,2.103,-0.104,0.353
73.829,6,-2.8,-4.543,1.3048,2.09,2.125,-0.1,0.326
73.879,6,-2.772,-4.448,1.2762,2.116,2.147,-0.0966,0.308
73.929,6,-2.741,-4.355,1.2473,2.132,2.171,-0.1003,0.292
73.979,6,-2.704,-4.254,1.2208,2.155,2.196,-0.0879,0.28
74.029,6,-2.659,-4.143,1.182,2.179,2.252,-0.0761,0.271
74.079,6,-2.607,-4.023,1.1473,2.23,2.283,-0.059,0.263
74.13,6,-2.575,-3.956,1.1323,2.25,2.315,-0.0507,0.257
74.179,6,-2.518,-3.84,1.1101,2.286,2.349,-0.0424,0.252
74.229,6,-2.464,-3.735,1.0925,2.318,2.385,-0.0383,0.247
74.279,6,-2.422,-3.656,1.0825,2.343,2.42,-0.0316,0.243
74.329,6,-2.348,-3.522,1.0648,2.404,2.455,-0.0227,0.241
74.379,6,-2.287,-3.414,1.0546,2.441,2.489,-0.0142,0.24
74.429,6,-2.232,-3.317,1.0493,2.478,2.556,-0.0,0.239
74.479,6,-2.166,-3.205,1.0456,2.51,2.589,0.0,0.237
74.529,6,-2.105,-3.099,1.0456,2.56,2.622,0.0086,0.233
74.579,6,-2.028,-2.966,1.0482,2.611,2.617,0.0277,0.229
74.629,6,-1.969,-2.863,1.0524,2.638,2.572,0.0397,0.224
74.679,6,-1.91,-2.757,1.0605,2.639,2.53,0.0431,0.215
74.73,6,-1.854,-2.654,1.0745,2.603,2.452,0.0697,0.202
74.779,6,-1.79,-2.532,1.0944,2.539,2.416,0.075,0.186
74.83,6,-1.743,-2.438,1.1142,2.488,2.382,0.0775,0.17
74.878,6,-1.692,-2.328,1.1435,2.432,2.351,0.0876,0.151
74.929,6,-1.635,-2.196,1.1771,2.383,2.322,0.0897,0.129
74.979,6,-1.609,-2.13,1.1983,2.361,2.297,0.0938,0.122
75.03,6,-1.562,-1.998,1.2349,2.329,2.254,0.1233,0.108
75.079,6,-1.514,-1.844,1.2892,2.282,2.237,0.1229,0.101
75.13,6,-1.496,-1.774,1.3126,2.268,2.224,0.1356,0.104
75.18,6,-1.468,-1.647,1.3659,2.24,2.206,0.135,0.12
75.229,6,-1.446,-1.518,1.4181,2.22,2.201,0.1349,0.137
75.279,6,-1.437,-1.445,1.4433,2.213,2.2,0.1409,0.141
75.329,6,-1.425,-1.312,1.5007,2.206,2.2,0.122,0.161
75.379,6,-1.422,-1.237,1.5294,2.206,2.2,0.122,0.18
75.428,6,-1.422,-1.078,1.5907,2.206,2.205,0.1052,0.198
75.479,6,-1.426,-0.988,1.6189,2.207,2.215,0.1016,0.213
75.53,6,-1.433,-0.893,1.6513,2.217,2.231,0.0889,0.226
75.579,6,-1.45,-0.745,1.6951,2.234,2.275,0.0843,0.237
75.629,6,-1.466,-0.636,1.7244,2.248,2.303,0.0688,0.267
75.679,6,-1.483,-0.535,1.7457,2.274,2.334,0.0592,0.28
75.729,6,-1.504,-0.431,1.7663,2.302,2.368,0.0477,0.302
75.779,6,-1.529,-0.313,1.7865,2.333,2.403,0.034,0.323
75.829,6,-1.559,-0.183,1.8032,2.392,2.438,0.0261,0.342
75.879,6,-1.581,-0.096,1.8119,2.423,2.473,0.0174,0.359
75.929,6,-1.614,0.036,1.8213,2.444,2.54,0.0043,0.375
75.979,6,-1.651,0.176,1.8278,2.5,2.573,0.0,0.398
76.029,6,-1.671,0.254,1.8287,2.527,2.606,-0.0044,0.406
76.078,6,-1.716,0.423,1.8284,2.591,2.67,-0.0086,0.42
76.13,6,-1.744,0.527,1.8274,2.625,2.702,-0.0086,0.424
76.18,6,-1.776,0.653,1.8247,2.659,2.733,-0.0129,0.406
76.229,6,-1.815,0.804,1.8198,2.699,2.764,-0.0129,0.386
76.279,6,-1.845,0.924,1.8153,2.744,2.824,-0.0129,0.365
76.329,6,-1.876,1.05,1.8107,2.764,2.854,-0.0129,0.337
76.379,6,-1.913,1.203,1.8036,2.824,2.913,-0.015,0.307
76.43,6,-1.942,1.329,1.7994,2.864,2.942,-0.0086,0.276
76.479,6,-1.976,1.478,1.794,2.903,2.97,-0.0092,0.27
76.53,6,-1.997,1.57,1.7914,2.931,2.926,-0.0043,0.269
76.579,6,-2.036,1.746,1.7876,2.965,2.883,-0.0043,0.269
76.63,6,-2.067,1.888,1.7857,2.955,2.79,-0.0107,0.269
76.679,6,-2.102,2.05,1.7825,2.882,2.691,-0.0177,0.273
76.729,6,-2.13,2.186,1.7781,2.823,2.642,-0.0224,0.276
76.78,6,-2.155,2.307,1.773,2.754,2.591,-0.0261,0.283
76.829,6,-2.18,2.429,1.7655,2.683,2.541,-0.0314,0.289
76.879,6,-2.209,2.584,1.7542,2.605,2.447,-0.0431,0.294
76.929,6,-2.231,2.709,1.7414,2.541,2.402,-0.0474,0.298
76.978,6,-2.252,2.846,1.7207,2.451,2.359,-0.0578,0.299
77.029,6,-2.267,2.947,1.7066,2.409,2.317,-0.06,0.3
77.079,6,-2.283,3.088,1.6789,2.349,2.237,-0.081,0.308
77.13,6,-2.291,3.171,1.6631,2.323,2.2,-0.085,0.309
77.18,6,-2.3,3.298,1.633,2.248,2.165,-0.099,0.3
77.23,6,-2.304,3.393,1.6072,2.198,2.131,-0.1009,0.288
77.279,6,-2.305,3.492,1.5737,2.163,2.099,-0.1006,0.278
77.329,6,-2.302,3.618,1.535,2.122,2.042,-0.1376,0.272
77.379,6,-2.296,3.714,1.5005,2.092,2.016,-0.1334,0.266
77.429,6,-2.287,3.807,1.4669,2.058,2.016,-0.1205,0.257
77.479,6,-2.271,3.925,1.4231,2.028,1.974,-0.1513,0.251
77.529,6,-2.256,4.011,1.3935,2.022,1.956,-0.1699,0.249
77.579,6,-2.231,4.121,1.3456,1.983,1.956,-0.1571,0.25
77.629,6,-2.211,4.199,1.3078,1.96,1.919,-0.1814,0.258
77.679,6,-2.175,4.308,1.2472,1.944,1.9,-0.1811,0.266
77.729,6,-2.134,4.413,1.1841,1.915,1.881,-0.1936,0.276
77.779,6,-2.11,4.469,1.1565,1.906,1.863,-0.223,0.285
77.829,6,-2.061,4.566,1.0913,1.882,1.845,-0.2208,0.301
77.879,6,-2.011,4.652,1.0319,1.852,1.845,-0.1977,0.313
77.929,6,-1.978,4.703,0.9934,1.844,1.828,-0.2048,0.318
77.978,6,-1.897,4.811,0.9046,1.827,1.797,-0.2332,0.32
78.029,6,-1.861,4.854,0.8745,1.823,1.797,-0.2037,0.329
78.078,6,-1.778,4.943,0.789,1.789,1.785,-0.2178,0.344
78.13,6,-1.731,4.986,0.7453,1.78,1.775,-0.2203,0.346
78.179,6,-1.641,5.061,0.6669,1.771,1.767,-0.2523,0.346
78.23,6,-1.595,5.095,0.6354,1.768,1.761,-0.2652,0.349
78.279,6,-1.506,5.152,0.5501,1.746,1.757,-0.2508,0.363
78.329,6,-1.435,5.19,0.4878,1.744,1.755,-0.2508,0.375
78.379,6,-1.36,5.224,0.4227,1.743,1.754,-0.2512,0.379
78.429,6,-1.266,5.26,0.3473,1.745,1.754,-0.2525,0.372
78.479,6,-1.21,5.278,0.3041,1.748,1.754,-0.2388,0.368
78.529,6,-1.126,5.299,0.2435,1.745,1.76,-0.2387,0.368
78.578,6,-1.008,5.32,0.1631,1.748,1.77,-0.232,0.375
78.629,6,-0.923,5.329,0.0933,1.754,1.785,-0.2025,0.387
78.68,6,-0.844,5.333,0.0435,1.77,1.785,-0.1936,0.391
78.729,6,-0.762,5.334,-0.0011,1.779,1.802,-0.1965,0.398
78.779,6,-0.68,5.33,-0.0495,1.79,1.821,-0.2057,0.405
78.829,6,-0.6,5.322,-0.1058,1.809,1.842,-0.2034,0.411
78.879,6,-0.496,5.306,-0.1738,1.825,1.862,-0.2095,0.41
78.93,6,-0.403,5.285,-0.2288,1.84,1.883,-0.2041,0.412
78.979,6,-0.318,5.261,-0.2855,1.866,1.876,-0.1922,0.419
79.029,6,-0.238,5.234,-0.3312,1.882,1.856,-0.2324,0.423
79.079,6,-0.141,5.195,-0.3972,1.866,1.836,-0.2302,0.425
79.129,6,-0.07,5.162,-0.4492,1.836,1.816,-0.2333,0.433
79.179,6,0.021,5.111,-0.5271,1.82,1.799,-0.2219,0.45
79.229,6,0.11,5.053,-0.5968,1.808,1.783,-0.2158,0.484
79.279,6,0.173,5.006,-0.6475,1.796,1.771,-0.2318,0.494
79.329,6,0.235,4.956,-0.6926,1.784,1.764,-0.2555,0.51
79.38,6,0.293,4.902,-0.7462,1.772,1.764,-0.2569,0.521
79.429,6,0.367,4.825,-0.8257,1.755,1.764,-0.2147,0.505
79.48,6,0.407,4.779,-0.8674,1.758,1.764,-0.2194,0.485
79.529,6,0.459,4.71,-0.9318,1.759,1.763,-0.2073,0.469
79.579,6,0.517,4.623,-1.0007,1.761,1.766,-0.1921,0.456
79.629,6,0.568,4.535,-1.0625,1.768,1.773,-0.1708,0.448
79.68,6,0.605,4.462,-1.1028,1.775,1.785,-0.1601,0.442
79.728,6,0.647,4.368,-1.1602,1.79,1.802,-0.1562,0.44
79.779,6,0.67,4.313,-1.1834,1.794,1.824,-0.1423,0.441
79.83,6,0.703,4.224,-1.2283,1.806,1.85,-0.1435,0.446
79.879,6,0.732,4.132,-1.2687,1.83,1.881,-0.1183,0.452
79.929,6,0.757,4.043,-1.3047,1.855,1.915,-0.1103,0.45
79.979,6,0.78,3.946,-1.3404,1.884,1.953,-0.1074,0.445
80.03,6,0.799,3.854,-1.3699,1.918,1.993,-0.0865,0.443
80.08,6,0.815,3.768,-1.3956,1.948,2.035,-0.0787,0.444
80.13,6,0.831,3.662,-1.4223,1.996,2.076,-0.0625,0.451
80.18,6,0.843,3.571,-1.4428,2.034,2.117,-0.055,0.467
80.229,6,0.857,3.437,-1.469,2.09,2.156,-0.0417,0.454
80.28,6,0.864,3.368,-1.4781,2.112,2.195,-0.0334,0.441
80.329,6,0.873,3.25,-1.4931,2.156,2.234,-0.0294,0.428
80.379,6,0.878,3.173,-1.4999,2.181,2.271,-0.0252,0.421
80.429,7,0.887,3.034,-1.513,2.235,2.308,-0.0186,0.401
80.481,7,0.892,2.943,-1.5185,2.26,2.345,-0.017,0.388
80.529,7,0.898,2.791,-1.526,2.305,2.38,-0.0132,0.375
80.579,7,0.903,2.682,-1.5315,2.341,2.45,-0.0085,0.361
80.629,7,0.908,2.538,-1.537,2.403,2.485,-0.0103,0.348
80.68,7,0.911,2.451,-1.5387,2.436,2.519,-0.0106,0.334
80.729,7,0.914,2.314,-1.5426,2.481,2.552,-0.01,0.321
80.779,7,0.918,2.184,-1.5465,2.514,2.585,-0.0092,0.308
80.83,7,0.92,2.1,-1.549,2.553,2.618,-0.0087,0.295
80.879,7,0.923,1.937,-1.5535,2.592,2.681,-0.0095,0.282
80.93,7,0.925,1.782,-1.558,2.639,2.713,-0.0087,0.27
80.979,7,0.926,1.664,-1.56,2.673,2.744,-0.0089,0.257
81.029,7,0.927,1.534,-1.563,2.708,2.805,-0.0102,0.251
81.079,7,0.928,1.405,-1.5667,2.751,2.835,-0.0099,0.25
81.129,7,0.928,1.249,-1.5712,2.799,2.894,-0.0103,0.25
81.179,7,0.927,1.085,-1.576,2.856,2.923,-0.0102,0.251
81.229,7,0.926,0.989,-1.5786,2.879,2.98,-0.0086,0.251
81.279,7,0.925,0.832,-1.5834,2.917,3.009,-0.0094,0.253
81.329,7,0.922,0.696,-1.5869,2.964,3.037,-0.0092,0.253
81.379,7,0.92,0.555,-1.5906,2.999,3.092,-0.0101,0.253
81.43,7,0.915,0.351,-1.596,3.062,3.119,-0.0086,0.255
81.479,7,0.913,0.262,-1.5983,3.086,3.173,-0.0086,0.257
81.529,7,0.908,0.1,-1.6029,3.121,3.199,-0.0086,0.259
81.579,7,0.9,-0.102,-1.6075,3.172,3.252,-0.0086,0.262
81.629,7,0.896,-0.214,-1.6112,3.206,3.303,-0.0086,0.266
81.679,7,0.888,-0.38,-1.6182,3.255,3.329,-0.0094,0.271
81.729,7,0.878,-0.59,-1.6228,3.305,3.379,-0.0104,0.277
81.779,7,0.872,-0.703,-1.626,3.324,3.404,-0.0092,0.284
81.83,7,0.861,-0.887,-1.6316,3.367,3.453,-0.01,0.291
81.879,7,0.848,-1.084,-1.6371,3.414,3.502,-0.009,0.3
81.93,7,0.837,-1.246,-1.6415,3.442,3.55,-0.009,0.309
81.98,7,0.825,-1.402,-1.6462,3.489,3.597,-0.0087,0.319
82.029,7,0.808,-1.62,-1.6503,3.533,3.621,-0.0043,0.331
82.08,7,0.798,-1.741,-1.653,3.568,3.63,-0.0043,0.342
82.128,7,0.777,-1.982,-1.6559,3.619,3.563,-0.0101,0.355
82.18,7,0.761,-2.169,-1.6598,3.615,3.495,-0.0086,0.368
82.229,7,0.744,-2.347,-1.6649,3.575,3.46,-0.0101,0.382
82.279,7,0.729,-2.505,-1.6703,3.526,3.388,-0.0043,0.396
82.328,7,0.713,-2.655,-1.6744,3.491,3.314,-0.0043,0.421
82.379,7,0.695,-2.822,-1.6784,3.424,3.238,-0.0043,0.45
82.429,7,0.67,-3.045,-1.682,3.32,3.16,-0.0043,0.493
82.479,7,0.659,-3.149,-1.6835,3.288,3.119,-0.0043,0.507
82.53,7,0.644,-3.275,-1.685,3.241,3.078,-0.0043,0.521
82.579,7,0.617,-3.505,-1.6883,3.158,2.995,-0.0086,0.564
82.63,7,0.605,-3.607,-1.6901,3.115,2.908,-0.0129,0.6
82.679,7,0.578,-3.825,-1.697,3.008,2.818,-0.0235,0.655
82.73,7,0.565,-3.922,-1.7001,2.967,2.771,-0.0228,0.673
82.779,7,0.543,-4.086,-1.7102,2.873,2.679,-0.0259,0.694
82.83,7,0.524,-4.214,-1.7184,2.814,2.635,-0.031,0.707
82.879,7,0.501,-4.358,-1.7301,2.731,2.591,-0.031,0.722
82.929,7,0.484,-4.458,-1.7403,2.676,2.549,-0.0346,0.737
82.979,7,0.451,-4.642,-1.7578,2.601,2.466,-0.0486,0.743
83.029,7,0.432,-4.735,-1.7685,2.56,2.425,-0.0474,0.743
83.079,7,0.4,-4.885,-1.786,2.499,2.386,-0.0563,0.728
83.129,7,0.374,-4.994,-1.8046,2.435,2.347,-0.0558,0.705
83.179,7,0.354,-5.073,-1.8182,2.403,2.271,-0.077,0.694
83.229,7,0.313,-5.226,-1.8465,2.346,2.234,-0.0767,0.687
83.279,7,0.279,-5.337,-1.8736,2.277,2.197,-0.0809,0.682
83.329,7,0.239,-5.453,-1.9054,2.22,2.161,-0.0863,0.678
83.379,7,0.202,-5.552,-1.9298,2.187,2.125,-0.0852,0.676
83.429,7,0.165,-5.644,-1.9563,2.156,2.089,-0.0846,0.667
83.479,7,0.122,-5.743,-1.9842,2.12,2.019,-0.1129,0.66
83.529,7,0.073,-5.847,-2.0161,2.079,1.983,-0.121,0.656
83.58,7,0.048,-5.898,-2.0356,2.047,1.947,-0.1329,0.654
83.629,7,-0.015,-6.015,-2.08,1.998,1.912,-0.1324,0.653
83.679,7,-0.049,-6.07,-2.1044,1.968,1.877,-0.1444,0.656
83.729,7,-0.116,-6.176,-2.1542,1.923,1.843,-0.1686,0.65
83.779,7,-0.175,-6.259,-2.1924,1.888,1.843,-0.1613,0.641
83.829,7,-0.231,-6.33,-2.2377,1.85,1.778,-0.1927,0.634
83.879,7,-0.298,-6.409,-2.2962,1.803,1.748,-0.216,0.628
83.929,7,-0.338,-6.452,-2.3227,1.785,1.748,-0.2077,0.627
83.979,7,-0.412,-6.523,-2.3818,1.749,1.721,-0.2147,0.616
84.03,7,-0.475,-6.577,-2.4413,1.725,1.697,-0.218,0.599
84.079,7,-0.554,-6.636,-2.4945,1.706,1.676,-0.2261,0.591
84.129,7,-0.623,-6.683,-2.5695,1.676,1.659,-0.2495,0.572
84.18,7,-0.684,-6.719,-2.6179,1.655,1.647,-0.2654,0.561
84.23,7,-0.75,-6.752,-2.6722,1.649,1.639,-0.2735,0.552
84.279,7,-0.835,-6.789,-2.7508,1.63,1.634,-0.2604,0.532
84.329,7,-0.908,-6.815,-2.8093,1.629,1.632,-0.2604,0.5
84.38,7,-0.995,-6.84,-2.8825,1.623,1.632,-0.251,0.47
84.429,7,-1.062,-6.855,-2.9335,1.621,1.632,-0.2362,0.437
84.479,7,-1.137,-6.867,-2.9887,1.623,1.632,-0.2495,0.401
84.529,7,-1.216,-6.875,-3.0532,1.621,1.639,-0.2362,0.371
84.579,7,-1.308,-6.878,-3.1233,1.63,1.651,-0.2364,0.345
84.629,7,-1.391,-6.876,3.1049,1.633,1.669,-0.2278,0.325
84.679,7,-1.444,-6.872,3.0673,1.643,1.69,-0.237,0.308
84.729,7,-1.55,-6.858,2.9958,1.664,1.69,-0.2009,0.291
84.778,7,-1.637,-6.84,2.9409,1.685,1.714,-0.2192,0.272
84.829,7,-1.726,-6.818,2.8737,1.701,1.74,-0.2184,0.252
84.879,7,-1.801,-6.794,2.8224,1.725,1.767,-0.2306,0.246
84.93,7,-1.856,-6.774,2.7876,1.735,1.793,-0.2022,0.238
84.98,7,-1.936,-6.74,2.7439,1.747,1.819,-0.2281,0.233
85.029,7,-2.032,-6.691,2.6588,1.787,1.844,-0.2152,0.232
85.079,7,-2.121,-6.639,2.6096,1.813,1.844,-0.1911,0.233
85.13,7,-2.167,-6.609,2.5655,1.831,1.868,-0.2066,0.228
85.18,7,-2.262,-6.54,2.4882,1.851,1.89,-0.1796,0.228
85.229,7,-2.333,-6.48,2.434,1.881,1.925,-0.2229,0.231
85.279,7,-2.398,-6.42,2.3892,1.896,1.914,-0.2319,0.24
85.329,7,-2.461,-6.356,2.3336,1.911,1.914,-0.206,0.243
85.379,7,-2.526,-6.279,2.2632,1.911,1.908,-0.1969,0.244
85.429,7,-2.574,-6.216,2.214,1.905,1.906,-0.1928,0.254
85.479,7,-2.626,-6.139,2.1495,1.905,1.906,-0.1946,0.263
85.528,7,-2.687,-6.034,2.0827,1.903,1.906,-0.1961,0.266
85.58,7,-2.717,-5.975,2.0436,1.903,1.906,-0.1983,0.277
85.629,7,-2.763,-5.871,1.9743,1.902,1.908,-0.1804,0.287
85.681,7,-2.776,-5.837,1.9548,1.904,1.911,-0.1928,0.29
85.73,7,-2.819,-5.711,1.9094,1.906,1.917,-0.2052,0.285
85.779,7,-2.848,-5.599,1.8123,1.909,1.925,-0.1823,0.287
85.83,7,-2.865,-5.513,1.7584,1.912,1.935,-0.1683,0.298
85.88,7,-2.876,-5.435,1.7206,1.923,1.948,-0.1814,0.322
85.929,7,-2.887,-5.327,1.6573,1.941,1.963,-0.1564,0.344
85.979,7,-2.891,-5.213,1.5967,1.958,1.979,-0.1441,0.361
86.028,7,-2.889,-5.106,1.5475,1.974,1.997,-0.1447,0.374
86.08,7,-2.885,-5.037,1.5166,1.987,2.017,-0.1322,0.4
86.13,7,-2.875,-4.932,1.466,2.004,2.037,-0.1325,0.441
86.179,7,-2.86,-4.82,1.4246,2.022,2.059,-0.1202,0.406
86.23,7,-2.842,-4.723,1.3846,2.052,2.081,-0.1141,0.373
86.279,7,-2.825,-4.647,1.3556,2.066,2.103,-0.1144,0.341
86.33,7,-2.786,-4.497,1.2988,2.101,2.125,-0.1059,0.318
86.379,7,-2.758,-4.406,1.2675,2.122,2.171,-0.1054,0.301
86.428,7,-2.721,-4.299,1.2372,2.146,2.171,-0.0921,0.286
86.48,7,-2.684,-4.202,1.2023,2.171,2.223,-0.0839,0.275
86.529,7,-2.651,-4.121,1.1822,2.181,2.252,-0.0756,0.265
86.579,7,-2.596,-3.997,1.1466,2.231,2.283,-0.0636,0.257
86.63,7,-2.551,-3.902,1.1276,2.254,2.315,-0.0507,0.251
86.68,7,-2.506,-3.81,1.109,2.282,2.349,-0.0477,0.246
86.729,7,-2.458,-3.717,1.0916,2.322,2.385,-0.034,0.242
86.779,7,-2.387,-3.586,1.0734,2.374,2.42,-0.0311,0.238
86.83,7,-2.334,-3.489,1.0625,2.409,2.489,-0.0222,0.237
86.879,7,-2.271,-3.379,1.0516,2.443,2.523,-0.0086,0.237
86.929,7,-2.198,-3.255,1.0428,2.499,2.556,-0.0,0.237
86.979,7,-2.142,-3.158,1.041,2.547,2.589,0.0058,0.235
87.03,7,-2.082,-3.056,1.041,2.582,2.654,0.0222,0.232
87.079,7,-2.016,-2.943,1.0447,2.618,2.617,0.0304,0.228
87.13,7,-1.948,-2.824,1.0554,2.63,2.572,0.0345,0.22
87.179,7,-1.886,-2.712,1.0686,2.611,2.49,0.053,0.209
87.229,7,-1.823,-2.594,1.0838,2.573,2.452,0.0653,0.196
87.279,7,-1.767,-2.484,1.1054,2.505,2.416,0.069,0.178
87.33,7,-1.717,-2.379,1.1276,2.465,2.351,0.0959,0.162
87.379,7,-1.689,-2.317,1.1433,2.443,2.351,0.0874,0.153
87.429,7,-1.631,-2.18,1.1831,2.382,2.297,0.1025,0.123
87.479,7,-1.578,-2.042,1.2217,2.336,2.274,0.1196,0.112
87.529,7,-1.542,-1.93,1.2608,2.298,2.254,0.1231,0.104
87.579,7,-1.511,-1.821,1.3063,2.272,2.237,0.1143,0.099
87.629,7,-1.486,-1.72,1.3403,2.254,2.213,0.1362,0.106
87.679,7,-1.461,-1.588,1.3937,2.23,2.206,0.1223,0.121
87.729,7,-1.447,-1.498,1.4239,2.223,2.201,0.1354,0.132
87.779,7,-1.434,-1.39,1.4617,2.214,2.2,0.1221,0.144
87.83,7,-1.427,-1.289,1.5015,2.207,2.2,0.122,0.165
87.879,7,-1.423,-1.164,1.5508,2.206,2.205,0.122,0.185
87.928,7,-1.425,-1.038,1.5964,2.207,2.215,0.1136,0.21
87.979,7,-1.428,-0.965,1.6191,2.209,2.231,0.1102,0.217
88.029,7,-1.439,-0.831,1.6655,2.221,2.251,0.0927,0.23
88.079,7,-1.452,-0.731,1.6963,2.235,2.275,0.0852,0.24
88.129,7,-1.469,-0.613,1.7259,2.254,2.303,0.0644,0.263
88.179,7,-1.493,-0.485,1.7578,2.288,2.334,0.0508,0.299
88.228,7,-1.516,-0.372,1.7777,2.309,2.368,0.0436,0.31
88.279,7,-1.534,-0.292,1.7872,2.337,2.403,0.0298,0.33
88.33,7,-1.565,-0.158,1.8058,2.39,2.473,0.0213,0.348
88.379,7,-1.592,-0.048,1.8155,2.421,2.507,0.0132,0.365
88.43,7,-1.62,0.061,1.8219,2.462,2.54,0.0043,0.381
88.479,7,-1.658,0.207,1.8268,2.503,2.573,0.0,0.396
88.529,7,-1.684,0.305,1.8278,2.55,2.638,-0.0058,0.411
88.58,7,-1.721,0.445,1.8278,2.59,2.67,-0.0097,0.426
88.629,7,-1.76,0.593,1.8248,2.643,2.702,-0.0086,0.407
88.679,7,-1.787,0.699,1.8221,2.671,2.733,-0.0086,0.398
88.729,7,-1.823,0.843,1.8182,2.71,2.794,-0.0129,0.378
88.78,7,-1.845,0.927,1.8156,2.732,2.824,-0.0129,0.355
88.829,7,-1.894,1.128,1.8072,2.809,2.883,-0.0129,0.326
88.879,7,-1.921,1.244,1.8033,2.835,2.913,-0.0134,0.296
88.929,7,-1.953,1.38,1.7978,2.873,2.942,-0.0086,0.27
88.979,7,-1.982,1.511,1.7933,2.911,2.968,-0.0043,0.269
89.03,7,-2.016,1.663,1.7892,2.945,2.926,-0.0063,0.268
89.079,7,-2.047,1.804,1.7867,2.952,2.837,-0.0043,0.268
89.13,7,-2.076,1.936,1.7841,2.941,2.79,-0.0089,0.27
89.178,7,-2.109,2.089,1.7822,2.881,2.691,-0.0129,0.273
89.229,7,-2.139,2.23,1.7781,2.813,2.642,-0.0225,0.277
89.279,7,-2.164,2.354,1.7743,2.752,2.541,-0.0345,0.284
89.329,7,-2.197,2.522,1.761,2.652,2.493,-0.0403,0.29
89.38,7,-2.213,2.606,1.7535,2.604,2.447,-0.0431,0.295
89.428,7,-2.233,2.722,1.7398,2.535,2.402,-0.0524,0.299
89.479,7,-2.254,2.85,1.7284,2.491,2.317,-0.0743,0.3
89.529,7,-2.273,2.991,1.6997,2.401,2.276,-0.0775,0.303
89.579,7,-2.287,3.115,1.6732,2.325,2.237,-0.0766,0.309
89.63,7,-2.296,3.228,1.6465,2.271,2.2,-0.0805,0.306
89.679,7,-2.301,3.329,1.6213,2.235,2.131,-0.1099,0.293
89.73,7,-2.304,3.428,1.5974,2.213,2.099,-0.1181,0.284
89.779,7,-2.303,3.559,1.5534,2.134,2.069,-0.1214,0.275
89.829,7,-2.299,3.661,1.5217,2.11,2.042,-0.1342,0.269
89.879,7,-2.29,3.768,1.4833,2.079,2.016,-0.1394,0.261
89.929,7,-2.279,3.86,1.4473,2.054,1.994,-0.1379,0.253
89.979,7,-2.262,3.964,1.4055,2.027,1.974,-0.1327,0.248
90.029,7,-2.243,4.059,1.3644,1.989,1.956,-0.1607,0.246
90.079,7,-2.215,4.17,1.3126,1.968,1.937,-0.17,0.248
90.13,7,-2.197,4.232,1.2847,1.96,1.919,-0.169,0.258
90.179,7,-2.154,4.357,1.2159,1.931,1.9,-0.1687,0.266
90.229,7,-2.131,4.414,1.1897,1.923,1.881,-0.1808,0.271
90.279,7,-2.076,4.532,1.1173,1.889,1.863,-0.2094,0.289
90.329,7,-2.045,4.591,1.0742,1.861,1.845,-0.2043,0.304
90.379,7,-1.99,4.681,1.0158,1.849,1.828,-0.2304,0.314
90.429,7,-1.939,4.755,0.9572,1.842,1.812,-0.2163,0.317
90.479,7,-1.882,4.828,0.9006,1.827,1.797,-0.2283,0.32
90.529,7,-1.824,4.894,0.8399,1.807,1.785,-0.2279,0.332
90.579,7,-1.753,4.966,0.7725,1.786,1.775,-0.2444,0.342
90.629,7,-1.711,5.005,0.7374,1.781,1.767,-0.2789,0.345
90.679,7,-1.626,5.073,0.658,1.754,1.767,-0.2391,0.347
90.729,7,-1.554,5.122,0.5909,1.755,1.761,-0.2389,0.354
90.779,7,-1.476,5.168,0.5225,1.754,1.757,-0.2439,0.368
90.829,7,-1.407,5.203,0.4653,1.747,1.755,-0.2388,0.378
90.88,7,-1.326,5.239,0.4002,1.746,1.754,-0.2419,0.376
90.929,7,-1.232,5.271,0.3223,1.745,1.754,-0.2437,0.371
90.98,7,-1.186,5.285,0.2901,1.743,1.754,-0.2387,0.369
91.03,7,-1.075,5.311,0.2045,1.744,1.76,-0.2265,0.37
91.079,7,-1.006,5.322,0.1484,1.748,1.76,-0.2194,0.375
91.129,7,-0.889,5.332,0.0727,1.756,1.785,-0.2064,0.392
91.179,7,-0.823,5.335,0.0423,1.767,1.802,-0.2192,0.395
91.229,7,-0.723,5.334,-0.0191,1.782,1.821,-0.2152,0.4
91.279,7,-0.636,5.328,-0.0741,1.799,1.821,-0.2044,0.409
91.329,7,-0.553,5.318,-0.1252,1.815,1.862,-0.228,0.412
91.38,7,-0.462,5.302,-0.1848,1.827,1.862,-0.2161,0.413
91.429,7,-0.375,5.282,-0.2435,1.851,1.883,-0.1954,0.417
91.48,7,-0.309,5.262,-0.2918,1.865,1.876,-0.1922,0.425
91.529,7,-0.191,5.22,-0.3678,1.875,1.856,-0.2169,0.427
91.579,7,-0.095,5.178,-0.434,1.857,1.836,-0.2166,0.43
91.63,7,-0.04,5.15,-0.4676,1.851,1.816,-0.2164,0.441
91.678,7,0.061,5.09,-0.5536,1.82,1.799,-0.2159,0.461
91.73,7,0.13,5.044,-0.6048,1.8,1.783,-0.2155,0.485
91.779,7,0.193,4.995,-0.6582,1.788,1.771,-0.221,0.504
91.829,7,0.261,4.938,-0.7197,1.783,1.764,-0.2435,0.518
91.88,7,0.328,4.873,-0.7818,1.758,1.764,-0.239,0.523
91.928,7,0.368,4.83,-0.8242,1.757,1.764,-0.2438,0.5
91.979,7,0.441,4.74,-0.9077,1.758,1.763,-0.2311,0.482
92.029,7,0.492,4.667,-0.9651,1.761,1.766,-0.2026,0.467
92.078,7,0.544,4.582,-1.0373,1.765,1.773,-0.1784,0.455
92.13,7,0.58,4.517,-1.0757,1.769,1.773,-0.1541,0.447
92.179,7,0.619,4.437,-1.1198,1.778,1.802,-0.1694,0.443
92.229,7,0.654,4.357,-1.1616,1.786,1.802,-0.1555,0.442
92.279,7,0.687,4.272,-1.2025,1.802,1.824,-0.1423,0.443
92.329,7,0.715,4.194,-1.2411,1.815,1.85,-0.1303,0.45
92.379,7,0.739,4.113,-1.2789,1.84,1.881,-0.1184,0.455
92.429,7,0.767,4.007,-1.3161,1.86,1.915,-0.1164,0.449
92.48,7,0.781,3.945,-1.3404,1.875,1.953,-0.1023,0.446
92.529,7,0.801,3.848,-1.3748,1.914,1.993,-0.084,0.445
92.579,7,0.822,3.727,-1.4084,1.973,2.035,-0.075,0.446
92.629,7,0.832,3.66,-1.4237,1.995,2.076,-0.0624,0.457
92.679,7,0.849,3.526,-1.4526,2.032,2.117,-0.0497,0.463
92.736,7,0.856,3.462,-1.4644,2.068,2.117,-0.0461,0.449
92.779,7,0.869,3.311,-1.4847,2.115,2.195,-0.0375,0.436
92.829,7,0.877,3.213,-1.498,2.15,2.234,-0.0251,0.424
92.879,8,0.884,3.101,-1.5097,2.207,2.271,-0.0226,0.411
92.929,8,0.89,2.982,-1.5174,2.251,2.308,-0.0176,0.405
92.979,8,0.894,2.904,-1.5235,2.283,2.345,-0.0133,0.385
93.029,8,0.898,2.791,-1.5301,2.314,2.38,-0.0092,0.372
93.079,8,0.904,2.641,-1.5351,2.365,2.45,-0.0096,0.359
93.129,8,0.908,2.516,-1.5381,2.407,2.485,-0.009,0.345
93.18,8,0.912,2.396,-1.5409,2.45,2.519,-0.0043,0.332
93.229,8,0.914,2.314,-1.5434,2.481,2.552,-0.0043,0.318
93.279,8,0.918,2.148,-1.5465,2.534,2.585,-0.0088,0.305
93.329,8,0.921,2.017,-1.5493,2.571,2.65,-0.0086,0.291
93.378,8,0.924,1.873,-1.5529,2.608,2.681,-0.0086,0.272
93.43,8,0.925,1.786,-1.5555,2.641,2.744,-0.0086,0.265
93.479,8,0.927,1.619,-1.5597,2.708,2.775,-0.0086,0.253
93.529,8,0.928,1.491,-1.5628,2.74,2.805,-0.0086,0.25
93.579,8,0.929,1.338,-1.5664,2.783,2.835,-0.0086,0.249
93.629,8,0.929,1.209,-1.5707,2.817,2.894,-0.0132,0.248
93.679,8,0.929,1.109,-1.5732,2.838,2.923,-0.013,0.248
93.729,8,0.927,0.931,-1.5792,2.895,2.98,-0.013,0.25
93.78,8,0.926,0.796,-1.5849,2.928,3.009,-0.0099,0.251
93.83,8,0.923,0.63,-1.5894,2.971,3.064,-0.0086,0.251
93.88,8,0.919,0.483,-1.5937,3.007,3.119,-0.0086,0.252
93.928,8,0.915,0.302,-1.5989,3.071,3.146,-0.0086,0.255
93.979,8,0.911,0.191,-1.6012,3.097,3.199,-0.0086,0.256
94.028,8,0.907,0.075,-1.604,3.124,3.226,-0.0086,0.258
94.079,8,0.899,-0.142,-1.6098,3.172,3.252,-0.0086,0.263
94.129,8,0.895,-0.248,-1.6127,3.21,3.303,-0.0086,0.267
94.179,8,0.885,-0.472,-1.6182,3.256,3.354,-0.0086,0.272
94.23,8,0.879,-0.584,-1.6208,3.284,3.379,-0.0086,0.278
94.279,8,0.867,-0.806,-1.6275,3.344,3.429,-0.0086,0.285
94.33,8,0.857,-0.969,-1.633,3.391,3.478,-0.0086,0.292
94.38,8,0.849,-1.085,-1.6368,3.416,3.502,-0.0086,0.301
94.429,8,0.833,-1.323,-1.643,3.476,3.55,-0.01,0.31
94.479,8,0.82,-1.491,-1.6474,3.513,3.597,-0.0103,0.32
94.53,8,0.805,-1.671,-1.6524,3.55,3.644,-0.0096,0.332
94.579,8,0.795,-1.796,-1.656,3.576,3.63,-0.0043,0.344
94.629,8,0.778,-1.983,-1.6604,3.614,3.563,-0.0043,0.358
94.68,8,0.758,-2.195,-1.6631,3.608,3.495,-0.0043,0.372
94.729,8,0.739,-2.405,-1.6661,3.568,3.424,-0.0097,0.386
94.779,8,0.727,-2.525,-1.6679,3.534,3.351,-0.0086,0.401
94.829,8,0.708,-2.715,-1.6739,3.452,3.276,-0.0099,0.428
94.88,8,0.691,-2.871,-1.6784,3.401,3.238,-0.0043,0.456
94.929,8,0.67,-3.054,-1.6838,3.332,3.16,-0.0057,0.485
94.979,8,0.647,-3.252,-1.6871,3.236,3.078,-0.0043,0.514
95.029,8,0.635,-3.359,-1.6886,3.19,3.037,-0.0043,0.542
95.079,8,0.61,-3.564,-1.6919,3.1,2.952,-0.0086,0.573
95.129,8,0.597,-3.668,-1.6928,3.075,2.908,-0.0151,0.61
95.179,8,0.576,-3.832,-1.6973,3.0,2.818,-0.022,0.647
95.228,8,0.553,-4.007,-1.7068,2.914,2.771,-0.0172,0.692
95.279,8,0.54,-4.101,-1.711,2.875,2.679,-0.0279,0.698
95.329,8,0.521,-4.232,-1.7187,2.801,2.635,-0.0307,0.712
95.379,8,0.494,-4.4,-1.7316,2.72,2.591,-0.0321,0.726
95.428,8,0.469,-4.544,-1.745,2.651,2.507,-0.044,0.741
95.479,8,0.448,-4.66,-1.7569,2.601,2.466,-0.0474,0.743
95.529,8,0.431,-4.744,-1.7685,2.543,2.425,-0.0474,0.744
95.579,8,0.394,-4.909,-1.795,2.466,2.347,-0.0602,0.72
95.63,8,0.375,-4.99,-1.8069,2.439,2.309,-0.0658,0.699
95.679,8,0.335,-5.144,-1.8352,2.36,2.271,-0.0683,0.69
95.73,8,0.313,-5.22,-1.8505,2.321,2.234,-0.068,0.683
95.779,8,0.273,-5.347,-1.8797,2.283,2.161,-0.0903,0.678
95.829,8,0.241,-5.441,-1.9016,2.25,2.125,-0.094,0.676
95.879,8,0.197,-5.562,-1.9343,2.185,2.089,-0.0882,0.672
95.93,8,0.159,-5.656,-1.9589,2.148,2.054,-0.106,0.664
95.979,8,0.114,-5.758,-1.9889,2.108,2.019,-0.1094,0.658
96.03,8,0.075,-5.841,-2.018,2.072,1.983,-0.1138,0.653
96.079,8,0.023,-5.941,-2.0526,2.034,1.983,-0.1096,0.651
96.129,8,-0.026,-6.03,-2.0717,2.007,1.912,-0.1495,0.652
96.179,8,-0.082,-6.121,-2.1268,1.942,1.877,-0.146,0.655
96.229,8,-0.119,-6.177,-2.1546,1.909,1.843,-0.1711,0.645
96.28,8,-0.182,-6.266,-2.2025,1.881,1.81,-0.1679,0.637
96.329,8,-0.248,-6.348,-2.2575,1.842,1.778,-0.1839,0.63
96.379,8,-0.3,-6.408,-2.2942,1.816,1.748,-0.2171,0.626
96.429,8,-0.356,-6.466,-2.3351,1.787,1.721,-0.2326,0.624
96.479,8,-0.439,-6.544,-2.4111,1.73,1.697,-0.2389,0.611
96.53,8,-0.484,-6.582,-2.4459,1.718,1.697,-0.2148,0.593
96.579,8,-0.556,-6.635,-2.5073,1.697,1.676,-0.2136,0.579
96.63,8,-0.637,-6.689,-2.5755,1.684,1.659,-0.2497,0.567
96.679,8,-0.7,-6.726,-2.6257,1.659,1.647,-0.2627,0.558
96.73,8,-0.767,-6.76,-2.6777,1.649,1.639,-0.2736,0.55
96.779,8,-0.836,-6.79,-2.7416,1.638,1.634,-0.275,0.528
96.829,8,-0.93,-6.823,-2.816,1.627,1.632,-0.2776,0.496
96.88,8,-1.009,-6.845,-2.8807,1.624,1.632,-0.2743,0.466
96.929,8,-1.089,-6.862,-2.9528,1.619,1.632,-0.2361,0.431
96.979,8,-1.163,-6.872,-3.0108,1.623,1.632,-0.2362,0.394
97.029,8,-1.243,-6.878,-3.0661,1.627,1.639,-0.2363,0.366
97.079,8,-1.314,-6.88,-3.1195,1.624,1.651,-0.2505,0.343
97.129,8,-1.408,-6.877,3.0839,1.639,1.669,-0.2137,0.321
97.179,8,-1.478,-6.869,3.039,1.653,1.69,-0.2128,0.303
97.23,8,-1.551,-6.859,2.9954,1.666,1.714,-0.2251,0.285
97.279,8,-1.647,-6.839,2.9299,1.678,1.74,-0.2383,0.268
97.329,8,-1.737,-6.815,2.8656,1.705,1.74,-0.2016,0.254
97.38,8,-1.804,-6.792,2.8116,1.732,1.767,-0.2021,0.242
97.429,8,-1.893,-6.757,2.7534,1.753,1.793,-0.1933,0.234
97.48,8,-1.968,-6.722,2.7027,1.773,1.819,-0.1907,0.23
97.529,8,-2.029,-6.69,2.6666,1.789,1.844,-0.2205,0.23
97.58,8,-2.133,-6.629,2.5901,1.815,1.868,-0.2208,0.229
97.629,8,-2.183,-6.595,2.5501,1.83,1.89,-0.2093,0.225
97.679,8,-2.219,-6.569,2.5287,1.842,1.89,-0.1917,0.225
97.73,8,-2.34,-6.468,2.42,1.883,1.925,-0.2108,0.231
97.779,8,-2.416,-6.394,2.3537,1.895,1.914,-0.205,0.237
97.829,8,-2.476,-6.327,2.2975,1.916,1.908,-0.193,0.235
97.88,8,-2.539,-6.249,2.244,1.915,1.908,-0.1806,0.238
97.928,8,-2.597,-6.167,2.1781,1.91,1.906,-0.2112,0.249
97.98,8,-2.632,-6.112,2.144,1.907,1.906,-0.2052,0.255
98.03,8,-2.69,-6.01,2.0712,1.902,1.906,-0.2056,0.26
98.079,8,-2.733,-5.921,2.0167,1.902,1.906,-0.1805,0.273
98.129,8,-2.769,-5.834,1.9541,1.905,1.908,-0.1823,0.281
98.18,8,-2.8,-5.748,1.9046,1.909,1.917,-0.1929,0.279
98.229,8,-2.829,-5.647,1.8457,1.91,1.925,-0.1929,0.278
98.279,8,-2.851,-5.554,1.7948,1.916,1.925,-0.1683,0.282
98.33,8,-2.862,-5.492,1.7565,1.922,1.948,-0.1973,0.3
98.379,8,-2.878,-5.374,1.6908,1.932,1.963,-0.1858,0.325
98.429,8,-2.886,-5.27,1.6294,1.946,1.963,-0.1441,0.346
98.48,8,-2.887,-5.198,1.5953,1.961,1.997,-0.161,0.362
98.529,8,-2.885,-5.078,1.5363,1.975,2.017,-0.15,0.378
98.58,8,-2.879,-4.988,1.4996,1.998,2.037,-0.1448,0.411
98.63,8,-2.869,-4.898,1.4561,2.018,2.059,-0.1457,0.431
98.679,8,-2.851,-4.776,1.4089,2.04,2.081,-0.1203,0.394
98.73,8,-2.832,-4.679,1.368,2.06,2.103,-0.1206,0.361
98.779,8,-2.803,-4.56,1.3204,2.093,2.125,-0.1171,0.32
98.83,8,-2.784,-4.493,1.2995,2.104,2.147,-0.1085,0.311
98.879,8,-2.744,-4.365,1.2539,2.139,2.171,-0.1019,0.295
98.929,8,-2.71,-4.272,1.2225,2.165,2.196,-0.0838,0.283
98.978,8,-2.666,-4.16,1.1912,2.192,2.223,-0.0756,0.272
99.029,8,-2.626,-4.066,1.1635,2.216,2.252,-0.0693,0.264
99.079,8,-2.597,-4.001,1.1473,2.233,2.283,-0.0548,0.257
99.13,8,-2.53,-3.862,1.1174,2.275,2.315,-0.0465,0.251
99.179,8,-2.475,-3.754,1.0975,2.31,2.385,-0.0382,0.246
99.232,8,-2.435,-3.677,1.0855,2.336,2.42,-0.034,0.242
99.279,8,-2.366,-3.55,1.0703,2.385,2.455,-0.0317,0.238
99.329,8,-2.306,-3.442,1.059,2.421,2.489,-0.0171,0.238
99.379,8,-2.252,-3.349,1.05,2.463,2.556,-0.0061,0.237
99.429,8,-2.178,-3.221,1.0433,2.513,2.589,0.0,0.237
99.48,8,-2.119,-3.12,1.0417,2.551,2.622,0.0131,0.234
99.529,8,-2.061,-3.022,1.0417,2.584,2.654,0.0231,0.231
99.579,8,-1.99,-2.899,1.0468,2.628,2.617,0.031,0.226
99.629,8,-1.928,-2.789,1.0575,2.643,2.53,0.048,0.217
99.679,8,-1.871,-2.686,1.0696,2.621,2.49,0.0517,0.206
99.729,8,-1.806,-2.563,1.0873,2.566,2.416,0.0787,0.191
99.78,8,-1.753,-2.459,1.1061,2.511,2.382,0.0819,0.175
99.829,8,-1.694,-2.333,1.1411,2.442,2.351,0.0858,0.157
99.879,8,-1.639,-2.205,1.1746,2.391,2.322,0.0941,0.127
99.93,8,-1.614,-2.143,1.1898,2.376,2.297,0.1044,0.121
99.978,8,-1.556,-1.982,1.241,2.323,2.254,0.1387,0.112
100.03,8,-1.528,-1.897,1.2678,2.302,2.237,0.1358,0.105
100.079,8,-1.498,-1.787,1.3091,2.27,2.224,0.1381,0.102
100.129,8,-1.475,-1.689,1.3508,2.248,2.213,0.1224,0.116
100.179,8,-1.453,-1.568,1.3973,2.233,2.206,0.1223,0.129
100.23,8,-1.439,-1.469,1.4337,2.223,2.201,0.1222,0.139
100.279,8,-1.428,-1.368,1.4765,2.211,2.2,0.1221,0.156
100.329,8,-1.42,-1.218,1.5316,2.205,2.2,0.1346,0.177
100.379,8,-1.419,-1.155,1.5539,2.206,2.205,0.122,0.195
100.429,8,-1.422,-1.016,1.6059,2.206,2.215,0.1052,0.211
100.479,8,-1.429,-0.91,1.6407,2.209,2.231,0.0988,0.226
100.53,8,-1.439,-0.808,1.6723,2.221,2.251,0.0901,0.237
100.579,8,-1.456,-0.68,1.7115,2.242,2.275,0.0737,0.25
100.628,8,-1.477,-0.55,1.7435,2.274,2.334,0.0634,0.288
100.679,8,-1.491,-0.476,1.7563,2.29,2.368,0.0551,0.3
100.729,8,-1.513,-0.369,1.7786,2.328,2.403,0.0383,0.321
100.779,8,-1.546,-0.227,1.8,2.367,2.438,0.0309,0.34
100.829,8,-1.575,-0.11,1.8129,2.401,2.473,0.0186,0.358
100.879,8,-1.602,-0.004,1.822,2.441,2.507,0.0094,0.374
100.929,8,-1.627,0.092,1.8278,2.47,2.54,0.0,0.389
100.979,8,-1.67,0.252,1.8327,2.523,2.606,-0.0061,0.403
101.029,8,-1.702,0.373,1.8327,2.565,2.638,-0.0104,0.418
101.079,8,-1.736,0.501,1.83,2.612,2.702,-0.0149,0.429
101.129,8,-1.766,0.616,1.8264,2.638,2.733,-0.0129,0.411
101.179,8,-1.797,0.736,1.8211,2.685,2.764,-0.0129,0.39
101.228,8,-1.84,0.907,1.8133,2.736,2.824,-0.0151,0.369
101.279,8,-1.862,0.996,1.8098,2.755,2.854,-0.0137,0.342
101.329,8,-1.902,1.165,1.8024,2.813,2.883,-0.0086,0.312
101.379,8,-1.931,1.292,1.7981,2.856,2.913,-0.0043,0.281
101.429,8,-1.963,1.43,1.7946,2.895,2.97,-0.0043,0.268
101.479,8,-1.992,1.558,1.7924,2.921,2.926,-0.0043,0.267
101.53,8,-2.03,1.728,1.7901,2.959,2.883,-0.0043,0.267
101.579,8,-2.067,1.895,1.7879,2.922,2.79,-0.0086,0.267
101.629,8,-2.091,2.005,1.7863,2.897,2.741,-0.0129,0.271
101.679,8,-2.12,2.141,1.7826,2.835,2.642,-0.0216,0.275
101.729,8,-2.155,2.305,1.7727,2.726,2.591,-0.0266,0.28
101.78,8,-2.175,2.408,1.7664,2.684,2.541,-0.0317,0.287
101.829,8,-2.2,2.54,1.7557,2.61,2.447,-0.0451,0.292
101.879,8,-2.22,2.653,1.7445,2.555,2.402,-0.0493,0.296
101.929,8,-2.244,2.801,1.7259,2.479,2.359,-0.056,0.298
101.979,8,-2.26,2.914,1.71,2.438,2.317,-0.0602,0.298
102.029,8,-2.271,3.004,1.6936,2.375,2.276,-0.0693,0.302
102.08,8,-2.286,3.146,1.6672,2.318,2.237,-0.0732,0.306
102.129,8,-2.294,3.257,1.6427,2.27,2.165,-0.0973,0.3
102.179,8,-2.3,3.371,1.6158,2.233,2.131,-0.1055,0.289
102.229,8,-2.302,3.458,1.5891,2.189,2.099,-0.1093,0.28
102.279,8,-2.301,3.59,1.5512,2.145,2.069,-0.1215,0.272
102.329,8,-2.296,3.697,1.5148,2.095,2.042,-0.1358,0.268
102.379,8,-2.288,3.789,1.4777,2.064,2.016,-0.1206,0.258
102.429,8,-2.271,3.913,1.4237,2.034,1.994,-0.1204,0.249
102.48,8,-2.258,3.988,1.3961,2.014,1.974,-0.1373,0.247
102.529,8,-2.236,4.098,1.3552,1.994,1.956,-0.1572,0.247
102.579,8,-2.212,4.191,1.3156,1.969,1.937,-0.1693,0.253
102.63,8,-2.184,4.284,1.2675,1.944,1.919,-0.1735,0.263
102.679,8,-2.146,4.387,1.204,1.925,1.9,-0.1686,0.269
102.729,8,-2.121,4.447,1.1762,1.919,1.881,-0.1861,0.281
102.779,8,-2.091,4.513,1.143,1.907,1.863,-0.2229,0.29
102.829,8,-2.03,4.626,1.0545,1.858,1.845,-0.2062,0.312
102.879,8,-1.98,4.705,0.9939,1.842,1.828,-0.204,0.321
102.929,8,-1.926,4.781,0.937,1.83,1.812,-0.2038,0.323
102.979,8,-1.867,4.852,0.8749,1.811,1.797,-0.2216,0.328
103.029,8,-1.808,4.917,0.817,1.794,1.785,-0.2154,0.341
103.079,8,-1.735,4.987,0.7443,1.783,1.775,-0.2298,0.348
103.13,8,-1.673,5.039,0.6905,1.777,1.767,-0.2517,0.348
103.179,8,-1.607,5.089,0.6357,1.763,1.761,-0.264,0.35
103.229,8,-1.53,5.141,0.5757,1.756,1.757,-0.2633,0.36
103.28,8,-1.456,5.183,0.5128,1.752,1.755,-0.2786,0.374
103.329,8,-1.375,5.222,0.4417,1.744,1.754,-0.263,0.384
103.379,8,-1.29,5.256,0.3656,1.743,1.754,-0.2509,0.375
103.429,8,-1.219,5.279,0.3075,1.743,1.754,-0.254,0.374
103.48,8,-1.147,5.299,0.275,1.745,1.754,-0.2387,0.372
103.529,8,-1.05,5.318,0.1844,1.746,1.76,-0.2319,0.374
103.58,8,-0.994,5.327,0.1428,1.745,1.77,-0.2064,0.382
103.629,8,-0.877,5.336,0.0615,1.762,1.785,-0.1904,0.393
103.68,8,-0.789,5.337,0.0077,1.778,1.802,-0.2084,0.4
103.73,8,-0.7,5.334,-0.0451,1.787,1.821,-0.2171,0.405
103.779,8,-0.643,5.329,-0.0811,1.798,1.842,-0.2155,0.412
103.829,8,-0.521,5.313,-0.1551,1.818,1.862,-0.2158,0.412
103.879,8,-0.432,5.294,-0.2087,1.837,1.883,-0.2096,0.413
103.929,8,-0.352,5.273,-0.2617,1.852,1.876,-0.2042,0.418
103.979,8,-0.258,5.243,-0.3233,1.875,1.856,-0.2292,0.425
104.03,8,-0.18,5.213,-0.3711,1.874,1.836,-0.243,0.425
104.079,8,-0.092,5.173,-0.4377,1.852,1.816,-0.2287,0.43
104.129,8,-0.018,5.134,-0.4988,1.831,1.816,-0.2064,0.443
104.18,8,0.065,5.083,-0.5635,1.819,1.799,-0.2041,0.465
104.229,8,0.131,5.036,-0.6201,1.801,1.783,-0.2041,0.486
104.278,8,0.216,4.969,-0.6862,1.788,1.771,-0.2084,0.503
104.329,8,0.265,4.925,-0.7291,1.775,1.764,-0.2331,0.515
104.379,8,0.325,4.867,-0.7712,1.774,1.764,-0.2449,0.511
104.429,8,0.399,4.786,-0.8518,1.759,1.764,-0.2269,0.492
104.479,8,0.453,4.717,-0.9126,1.757,1.763,-0.2203,0.475
104.529,8,0.505,4.641,-0.9777,1.761,1.766,-0.2026,0.461
104.579,8,0.551,4.566,-1.0339,1.764,1.773,-0.1783,0.451
104.629,8,0.588,4.496,-1.08,1.769,1.785,-0.172,0.444
104.68,8,0.625,4.421,-1.1228,1.777,1.802,-0.1685,0.441
104.729,8,0.657,4.348,-1.1681,1.787,1.824,-0.1603,0.441
104.78,8,0.696,4.244,-1.2183,1.805,1.824,-0.1302,0.444
104.829,8,0.725,4.155,-1.2593,1.828,1.85,-0.1334,0.451
104.878,8,0.754,4.054,-1.3055,1.851,1.881,-0.1062,0.452
104.93,8,0.768,3.995,-1.3252,1.859,1.915,-0.0981,0.446
104.979,8,0.792,3.889,-1.3609,1.904,1.953,-0.0913,0.444
105.029,8,0.808,3.802,-1.3865,1.925,1.993,-0.074,0.443
105.08,8,0.823,3.709,-1.4118,1.97,2.035,-0.066,0.446
105.129,8,0.838,3.601,-1.4369,2.03,2.076,-0.0498,0.461
105.18,8,0.85,3.506,-1.4553,2.06,2.117,-0.0468,0.46
105.23,8,0.861,3.39,-1.4719,2.111,2.156,-0.0418,0.445
105.279,8,0.871,3.282,-1.4874,2.142,2.195,-0.0336,0.432
105.331,8,0.879,3.169,-1.4993,2.187,2.234,-0.0252,0.418
105.379,9,0.885,3.07,-1.5089,2.218,2.308,-0.0218,0.405
105.431,9,0.891,2.968,-1.5163,2.263,2.345,-0.0189,0.392
105.48,9,0.897,2.841,-1.524,2.308,2.38,-0.0144,0.379
105.529,9,0.9,2.755,-1.5282,2.338,2.416,-0.0133,0.366
105.58,9,0.906,2.597,-1.5362,2.375,2.45,-0.0101,0.353
105.63,9,0.909,2.517,-1.5387,2.417,2.485,-0.0043,0.339
105.679,9,0.913,2.352,-1.5432,2.469,2.519,-0.0043,0.326
105.731,9,0.916,2.265,-1.5448,2.499,2.585,-0.0093,0.312
105.779,9,0.919,2.116,-1.5487,2.54,2.618,-0.0088,0.299
105.829,9,0.921,2.018,-1.551,2.571,2.65,-0.0093,0.287
105.879,9,0.924,1.843,-1.556,2.624,2.713,-0.0094,0.274
105.93,9,0.925,1.748,-1.5585,2.657,2.744,-0.0093,0.262
105.979,9,0.926,1.608,-1.5628,2.7,2.775,-0.0043,0.252
106.029,9,0.927,1.438,-1.567,2.757,2.835,-0.0094,0.251
106.081,9,0.927,1.343,-1.569,2.778,2.865,-0.0102,0.25
106.129,9,0.927,1.196,-1.5724,2.828,2.894,-0.0094,0.25
106.179,9,0.927,1.045,-1.5769,2.874,2.952,-0.0103,0.251
106.229,9,0.925,0.847,-1.5823,2.914,2.98,-0.0097,0.252
106.279,9,0.923,0.765,-1.5849,2.945,3.037,-0.0103,0.253
106.329,9,0.92,0.565,-1.59,2.993,3.064,-0.0095,0.253
106.379,9,0.918,0.465,-1.5931,3.024,3.119,-0.0086,0.254
106.429,9,0.912,0.26,-1.5989,3.076,3.146,-0.0108,0.256
106.48,9,0.907,0.101,-1.6026,3.119,3.199,-0.0086,0.259
106.53,9,0.904,0.004,-1.6055,3.142,3.226,-0.0086,0.262
106.579,9,0.896,-0.209,-1.611,3.195,3.278,-0.0086,0.265
106.631,9,0.891,-0.319,-1.6138,3.23,3.329,-0.0086,0.27
106.68,9,0.882,-0.518,-1.6188,3.274,3.379,-0.0132,0.275
106.73,9,0.873,-0.697,-1.6234,3.315,3.404,-0.0086,0.281
106.779,9,0.866,-0.81,-1.6275,3.353,3.453,-0.0135,0.288
106.828,9,0.852,-1.044,-1.633,3.406,3.478,-0.0086,0.296
106.88,9,0.844,-1.157,-1.6377,3.435,3.526,-0.0086,0.304
106.93,9,0.832,-1.337,-1.6433,3.474,3.574,-0.0106,0.314
106.979,9,0.814,-1.561,-1.6486,3.52,3.621,-0.0102,0.325
107.03,9,0.8,-1.738,-1.6542,3.567,3.644,-0.0087,0.336
107.079,9,0.785,-1.907,-1.6592,3.609,3.563,-0.0043,0.349
107.129,9,0.77,-2.073,-1.6622,3.627,3.529,-0.0043,0.363
107.18,9,0.754,-2.242,-1.6643,3.598,3.46,-0.0087,0.377
107.229,9,0.739,-2.401,-1.6667,3.545,3.388,-0.0102,0.392
107.28,9,0.717,-2.621,-1.6714,3.486,3.351,-0.0094,0.411
107.329,9,0.698,-2.805,-1.6771,3.41,3.276,-0.0088,0.439
107.379,9,0.68,-2.962,-1.6817,3.354,3.199,-0.0043,0.468
107.43,9,0.668,-3.074,-1.6838,3.311,3.16,-0.0056,0.496
107.479,9,0.642,-3.293,-1.6868,3.228,3.078,-0.0043,0.525
107.53,9,0.63,-3.401,-1.6883,3.176,2.995,-0.0102,0.553
107.579,9,0.606,-3.601,-1.6916,3.079,2.952,-0.0131,0.587
107.629,9,0.592,-3.709,-1.6953,3.03,2.863,-0.0179,0.624
107.679,9,0.573,-3.858,-1.7016,2.979,2.818,-0.0141,0.66
107.73,9,0.548,-4.04,-1.7092,2.904,2.725,-0.0172,0.691
107.778,9,0.534,-4.133,-1.7132,2.865,2.679,-0.026,0.704
107.83,9,0.507,-4.315,-1.7242,2.747,2.635,-0.0259,0.718
107.88,9,0.485,-4.451,-1.7357,2.688,2.549,-0.0403,0.732
107.942,9,0.47,-4.537,-1.7434,2.649,2.507,-0.0444,0.743
107.979,9,0.462,-4.581,-1.7475,2.634,2.466,-0.0525,0.743
108.029,9,0.412,-4.83,-1.778,2.538,2.386,-0.0573,0.739
108.079,9,0.394,-4.913,-1.7898,2.5,2.347,-0.066,0.713
108.13,9,0.356,-5.071,-1.8179,2.396,2.309,-0.0645,0.698
108.18,9,0.335,-5.148,-1.8343,2.363,2.271,-0.07,0.689
108.229,9,0.291,-5.298,-1.8665,2.305,2.197,-0.0808,0.683
108.279,9,0.255,-5.408,-1.8906,2.265,2.161,-0.0889,0.679
108.33,9,0.221,-5.504,-1.914,2.221,2.125,-0.0902,0.677
108.38,9,0.186,-5.594,-1.9368,2.189,2.089,-0.0925,0.672
108.43,9,0.141,-5.706,-1.9672,2.145,2.054,-0.1067,0.665
108.479,9,0.093,-5.811,-2.0008,2.09,2.019,-0.1085,0.66
108.529,9,0.054,-5.892,-2.0331,2.044,1.983,-0.1122,0.657
108.579,9,0.0,-5.992,-2.0682,2.009,1.947,-0.134,0.656
108.63,9,-0.035,-6.053,-2.0943,1.977,1.912,-0.1374,0.658
108.68,9,-0.1,-6.155,-2.1413,1.936,1.877,-0.1468,0.654
108.729,9,-0.153,-6.231,-2.1858,1.893,1.843,-0.1558,0.644
108.779,9,-0.202,-6.296,-2.2236,1.863,1.81,-0.1685,0.637
108.829,9,-0.27,-6.378,-2.2778,1.83,1.778,-0.1673,0.631
108.879,9,-0.325,-6.438,-2.3151,1.799,1.748,-0.2033,0.628
108.93,9,-0.39,-6.503,-2.3638,1.765,1.721,-0.2152,0.625
108.978,9,-0.46,-6.566,-2.4208,1.727,1.697,-0.2389,0.607
109.029,9,-0.52,-6.614,-2.4772,1.699,1.676,-0.2402,0.591
109.079,9,-0.593,-6.665,-2.5456,1.68,1.659,-0.2618,0.577
109.129,9,-0.672,-6.713,-2.6112,1.662,1.647,-0.2782,0.565
109.18,9,-0.717,-6.737,-2.6451,1.653,1.647,-0.2545,0.556
109.23,9,-0.807,-6.779,-2.724,1.636,1.639,-0.2544,0.543
109.279,9,-0.855,-6.798,-2.7655,1.633,1.634,-0.2626,0.512
109.33,9,-0.967,-6.834,-2.8577,1.622,1.632,-0.2643,0.481
109.379,9,-1.038,-6.851,-2.9138,1.619,1.632,-0.2481,0.449
109.43,9,-1.111,-6.863,-2.9735,1.621,1.632,-0.2653,0.413
109.48,9,-1.178,-6.872,-3.0284,1.626,1.639,-0.2483,0.379
109.529,9,-1.282,-6.877,-3.0991,1.626,1.639,-0.2362,0.352
109.58,9,-1.359,-6.876,3.1237,1.628,1.651,-0.2372,0.329
109.629,9,-1.443,-6.87,3.0673,1.634,1.669,-0.2157,0.311
109.68,9,-1.496,-6.864,3.0252,1.65,1.69,-0.2158,0.295
109.73,9,-1.603,-6.846,2.9542,1.679,1.714,-0.2132,0.276
109.779,9,-1.67,-6.83,2.916,1.687,1.74,-0.2305,0.26
109.83,9,-1.753,-6.807,2.8535,1.715,1.767,-0.2314,0.246
109.879,9,-1.841,-6.775,2.7896,1.735,1.793,-0.2022,0.236
109.93,9,-1.913,-6.745,2.7342,1.755,1.819,-0.2025,0.229
109.979,9,-2.003,-6.701,2.6759,1.789,1.844,-0.22,0.227
110.028,9,-2.075,-6.661,2.6244,1.811,1.844,-0.2033,0.228
110.079,9,-2.153,-6.611,2.5871,1.826,1.868,-0.2168,0.223
110.129,9,-2.248,-6.542,2.4924,1.849,1.89,-0.1796,0.221
110.179,9,-2.304,-6.495,2.4571,1.867,1.909,-0.192,0.223
110.229,9,-2.374,-6.432,2.3917,1.896,1.925,-0.1948,0.231
110.279,9,-2.441,-6.362,2.3279,1.914,1.914,-0.1806,0.233
110.33,9,-2.487,-6.311,2.2937,1.916,1.908,-0.193,0.233
110.38,9,-2.561,-6.217,2.2316,1.916,1.906,-0.2053,0.235
110.43,9,-2.605,-6.154,2.1811,1.908,1.906,-0.2081,0.251
110.479,9,-2.669,-6.051,2.1086,1.902,1.906,-0.207,0.257
110.529,9,-2.714,-5.966,2.0402,1.9,1.906,-0.1927,0.267
110.579,9,-2.739,-5.913,2.0111,1.904,1.908,-0.1928,0.278
110.63,9,-2.776,-5.822,1.947,1.902,1.911,-0.1969,0.285
110.679,9,-2.807,-5.732,1.8888,1.905,1.917,-0.1805,0.281
110.729,9,-2.837,-5.624,1.8227,1.914,1.925,-0.1825,0.282
110.78,9,-2.858,-5.527,1.7723,1.919,1.935,-0.1807,0.289
110.829,9,-2.874,-5.424,1.7147,1.928,1.948,-0.1685,0.313
110.879,9,-2.882,-5.351,1.6752,1.938,1.963,-0.1687,0.336
110.93,9,-2.89,-5.235,1.6227,1.951,1.979,-0.1626,0.355
110.98,9,-2.891,-5.135,1.5756,1.967,1.997,-0.1573,0.37
111.03,9,-2.888,-5.048,1.5246,1.992,2.017,-0.1484,0.394
111.079,9,-2.881,-4.956,1.4836,2.009,2.037,-0.1463,0.433
111.13,9,-2.865,-4.834,1.4347,2.023,2.059,-0.1326,0.411
111.179,9,-2.852,-4.754,1.3971,2.043,2.081,-0.1204,0.375
111.229,9,-2.826,-4.631,1.3495,2.075,2.103,-0.1206,0.344
111.28,9,-2.808,-4.562,1.325,2.09,2.125,-0.1125,0.317
111.329,9,-2.771,-4.434,1.2753,2.121,2.147,-0.1004,0.3
111.379,9,-2.732,-4.319,1.2347,2.149,2.171,-0.0966,0.286
111.429,9,-2.698,-4.228,1.2074,2.171,2.196,-0.0797,0.275
111.48,9,-2.659,-4.133,1.1794,2.191,2.252,-0.0757,0.266
111.529,9,-2.618,-4.039,1.1559,2.219,2.283,-0.0632,0.257
111.579,9,-2.573,-3.941,1.1311,2.255,2.315,-0.057,0.251
111.63,9,-2.515,-3.825,1.1073,2.287,2.349,-0.0473,0.246
111.679,9,-2.453,-3.705,1.0867,2.338,2.385,-0.034,0.242
111.729,9,-2.413,-3.631,1.0755,2.353,2.42,-0.0303,0.239
111.779,9,-2.349,-3.516,1.0629,2.398,2.489,-0.0171,0.237
111.83,9,-2.295,-3.42,1.0544,2.445,2.523,-0.014,0.236
111.879,9,-2.22,-3.289,1.0463,2.499,2.556,-0.0056,0.235
111.928,9,-2.153,-3.175,1.0436,2.544,2.589,0.0,0.233
111.979,9,-2.11,-3.101,1.0428,2.569,2.622,0.0103,0.231
112.029,9,-2.032,-2.967,1.0447,2.61,2.617,0.028,0.227
112.08,9,-1.962,-2.846,1.0498,2.64,2.572,0.0394,0.221
112.13,9,-1.911,-2.755,1.0619,2.612,2.53,0.0439,0.211
112.178,9,-1.83,-2.605,1.0845,2.556,2.452,0.0656,0.19
112.229,9,-1.792,-2.531,1.0953,2.528,2.416,0.069,0.181
112.28,9,-1.726,-2.397,1.1233,2.476,2.382,0.0732,0.166
112.33,9,-1.673,-2.28,1.1504,2.418,2.351,0.0857,0.147
112.381,9,-1.631,-2.178,1.1766,2.384,2.297,0.1067,0.126
112.43,9,-1.587,-2.065,1.2139,2.335,2.274,0.1235,0.114
112.48,9,-1.55,-1.955,1.2472,2.312,2.254,0.1232,0.105
112.53,9,-1.531,-1.894,1.2725,2.283,2.237,0.1228,0.102
112.579,9,-1.489,-1.732,1.3352,2.257,2.224,0.1226,0.103
112.63,9,-1.47,-1.641,1.3752,2.235,2.206,0.1356,0.118
112.68,9,-1.451,-1.522,1.418,2.225,2.201,0.1222,0.129
112.729,9,-1.438,-1.417,1.4609,2.214,2.2,0.1221,0.138
112.779,9,-1.429,-1.302,1.4988,2.209,2.2,0.1221,0.16
112.83,9,-1.425,-1.21,1.5343,2.207,2.2,0.1184,0.18
112.88,9,-1.424,-1.077,1.5787,2.205,2.205,0.1136,0.198
112.93,9,-1.427,-1.005,1.6047,2.207,2.215,0.1064,0.213
112.978,9,-1.434,-0.892,1.6478,2.212,2.231,0.0884,0.227
113.029,9,-1.449,-0.753,1.6876,2.231,2.251,0.0817,0.237
113.079,9,-1.467,-0.631,1.7182,2.247,2.303,0.0717,0.257
113.13,9,-1.484,-0.53,1.7451,2.27,2.334,0.0592,0.282
113.181,9,-1.507,-0.416,1.7685,2.3,2.368,0.0424,0.305
113.228,9,-1.533,-0.295,1.7882,2.336,2.403,0.0356,0.325
113.281,9,-1.556,-0.198,1.8006,2.379,2.438,0.0257,0.344
113.329,9,-1.577,-0.109,1.8074,2.408,2.473,0.0216,0.361
113.379,9,-1.617,0.048,1.822,2.46,2.54,0.0043,0.377
113.429,9,-1.65,0.176,1.8265,2.497,2.573,0.0,0.393
113.479,9,-1.674,0.266,1.8284,2.527,2.606,-0.0,0.408
113.528,9,-1.718,0.43,1.8284,2.587,2.638,-0.0043,0.423
113.579,9,-1.748,0.546,1.8278,2.62,2.702,-0.0134,0.422
113.629,9,-1.771,0.634,1.8261,2.647,2.733,-0.0129,0.404
113.679,9,-1.816,0.808,1.8205,2.705,2.764,-0.0129,0.384
113.729,9,-1.849,0.938,1.814,2.747,2.824,-0.0174,0.362
113.779,9,-1.881,1.073,1.8075,2.786,2.854,-0.0144,0.333
113.828,9,-1.918,1.23,1.8007,2.839,2.913,-0.0086,0.287
113.879,9,-1.939,1.319,1.7975,2.858,2.942,-0.0092,0.272
113.929,9,-1.976,1.483,1.792,2.904,2.968,-0.0064,0.268
113.98,9,-2.004,1.609,1.7895,2.938,2.926,-0.0054,0.268
114.03,9,-2.046,1.8,1.786,2.963,2.837,-0.0043,0.267
114.08,9,-2.067,1.895,1.7844,2.942,2.79,-0.0043,0.268
114.129,9,-2.102,2.058,1.7819,2.873,2.691,-0.0129,0.272
114.179,9,-2.132,2.199,1.7794,2.804,2.642,-0.0225,0.275
114.23,9,-2.159,2.333,1.7743,2.738,2.541,-0.0355,0.282
114.28,9,-2.182,2.446,1.7661,2.669,2.493,-0.0391,0.289
114.33,9,-2.21,2.597,1.7498,2.573,2.447,-0.0432,0.293
114.378,9,-2.229,2.709,1.7383,2.528,2.402,-0.0431,0.297
114.43,9,-2.249,2.835,1.7192,2.445,2.359,-0.0519,0.297
114.48,9,-2.265,2.957,1.7021,2.402,2.276,-0.0737,0.298
114.53,9,-2.279,3.076,1.6807,2.348,2.237,-0.0767,0.303
114.579,9,-2.286,3.155,1.6645,2.311,2.2,-0.0858,0.307
114.63,9,-2.297,3.306,1.6318,2.257,2.165,-0.0975,0.295
114.679,9,-2.3,3.377,1.6129,2.22,2.131,-0.1011,0.284
114.73,9,-2.301,3.523,1.5678,2.157,2.099,-0.1007,0.275
114.779,9,-2.298,3.629,1.5353,2.125,2.042,-0.1369,0.269
114.83,9,-2.291,3.736,1.4975,2.085,2.042,-0.1209,0.263
114.879,9,-2.285,3.803,1.4706,2.06,2.016,-0.1206,0.254
114.929,9,-2.271,3.904,1.4313,2.037,1.994,-0.1203,0.248
114.979,9,-2.252,4.016,1.3932,2.017,1.956,-0.1698,0.246
115.029,9,-2.227,4.133,1.3421,1.986,1.937,-0.1866,0.247
115.079,9,-2.197,4.24,1.286,1.948,1.919,-0.1814,0.262
115.129,9,-2.17,4.322,1.2374,1.934,1.9,-0.181,0.265
115.179,9,-2.138,4.403,1.1972,1.922,1.881,-0.1808,0.27
115.23,9,-2.102,4.486,1.1434,1.904,1.863,-0.2051,0.286
115.278,9,-2.065,4.56,1.0992,1.883,1.845,-0.217,0.302
115.329,9,-2.004,4.666,1.0298,1.857,1.828,-0.2289,0.314
115.381,9,-1.957,4.736,0.9791,1.843,1.828,-0.2041,0.32
115.428,9,-1.908,4.802,0.9193,1.826,1.797,-0.2282,0.322
115.48,9,-1.848,4.874,0.8634,1.813,1.797,-0.2186,0.332
115.529,9,-1.786,4.939,0.8045,1.795,1.775,-0.2398,0.343
115.579,9,-1.722,5.0,0.7398,1.776,1.775,-0.215,0.349
115.63,9,-1.651,5.058,0.68,1.769,1.767,-0.2514,0.35
115.679,9,-1.581,5.11,0.6201,1.755,1.761,-0.2511,0.354
115.729,9,-1.497,5.162,0.5364,1.749,1.757,-0.2644,0.375
115.779,9,-1.454,5.185,0.5034,1.741,1.755,-0.2655,0.381
115.83,9,-1.359,5.23,0.4127,1.742,1.754,-0.2386,0.383
115.879,9,-1.272,5.262,0.3444,1.742,1.754,-0.2428,0.375
115.929,9,-1.192,5.286,0.2778,1.746,1.754,-0.2266,0.372
115.979,9,-1.104,5.307,0.2206,1.751,1.76,-0.2432,0.371
116.031,9,-1.021,5.321,0.1649,1.75,1.77,-0.2164,0.374
116.079,9,-0.944,5.331,0.1112,1.753,1.785,-0.2197,0.385
116.129,9,-0.863,5.336,0.0569,1.766,1.785,-0.1944,0.395
116.179,9,-0.755,5.337,-0.0077,1.781,1.802,-0.1908,0.401
116.23,9,-0.668,5.332,-0.0599,1.794,1.821,-0.191,0.408
116.278,9,-0.586,5.323,-0.1114,1.807,1.842,-0.2034,0.414
116.33,9,-0.503,5.31,-0.1617,1.827,1.862,-0.2204,0.413
116.379,9,-0.392,5.286,-0.2369,1.847,1.883,-0.1918,0.415
116.43,9,-0.317,5.264,-0.2867,1.858,1.876,-0.192,0.423
116.479,9,-0.221,5.231,-0.3491,1.874,1.856,-0.2169,0.426
116.529,9,-0.144,5.2,-0.3917,1.875,1.836,-0.2292,0.428
116.579,9,-0.054,5.157,-0.4559,1.854,1.816,-0.234,0.436
116.628,9,0.041,5.103,-0.5343,1.825,1.799,-0.2306,0.454
116.679,9,0.108,5.059,-0.5912,1.801,1.783,-0.2278,0.478
116.73,9,0.172,5.013,-0.6382,1.798,1.771,-0.2302,0.498
116.78,9,0.235,4.961,-0.6928,1.783,1.764,-0.2573,0.514
116.83,9,0.307,4.894,-0.7572,1.77,1.764,-0.2543,0.525
116.881,9,0.362,4.836,-0.8246,1.754,1.764,-0.2302,0.507
116.929,9,0.414,4.774,-0.8829,1.756,1.764,-0.2025,0.486
116.979,9,0.483,4.679,-0.9635,1.762,1.763,-0.1904,0.47
117.029,9,0.514,4.631,-0.9952,1.762,1.766,-0.1905,0.457
117.079,9,0.568,4.538,-1.0616,1.768,1.773,-0.1674,0.449
117.129,9,0.607,4.461,-1.1054,1.777,1.785,-0.1542,0.444
117.179,9,0.641,4.386,-1.1449,1.785,1.802,-0.1579,0.442
117.231,9,0.672,4.314,-1.181,1.792,1.824,-0.1562,0.442
117.279,9,0.706,4.221,-1.2257,1.805,1.85,-0.1479,0.448
117.331,9,0.732,4.139,-1.2643,1.826,1.881,-0.1182,0.454
117.379,9,0.759,4.041,-1.308,1.856,1.915,-0.1104,0.452
117.43,9,0.778,3.961,-1.3376,1.884,1.953,-0.1024,0.447
117.479,9,0.799,3.86,-1.3712,1.921,1.993,-0.0822,0.445
117.529,9,0.815,3.775,-1.3964,1.954,2.035,-0.0786,0.445
117.579,9,0.833,3.655,-1.4258,2.011,2.035,-0.062,0.452
117.631,9,0.846,3.556,-1.4465,2.041,2.117,-0.0498,0.467
117.679,9,0.856,3.461,-1.4628,2.066,2.156,-0.0472,0.453
117.731,9,0.865,3.365,-1.4773,2.114,2.195,-0.0378,0.439
117.779,9,0.875,3.245,-1.4931,2.158,2.234,-0.0305,0.426
117.829,10,0.883,3.113,-1.5078,2.208,2.271,-0.0258,0.413
117.88,10,0.888,3.037,-1.5127,2.229,2.308,-0.0169,0.4
117.929,10,0.894,2.915,-1.5213,2.269,2.345,-0.0127,0.387
117.981,10,0.899,2.807,-1.5268,2.306,2.38,-0.0129,0.374
118.03,10,0.904,2.673,-1.5323,2.368,2.416,-0.0085,0.36
118.08,10,0.908,2.558,-1.5365,2.399,2.485,-0.0086,0.347
118.13,10,0.913,2.415,-1.5406,2.437,2.519,-0.0106,0.327
118.179,10,0.915,2.333,-1.5423,2.467,2.552,-0.0086,0.32
118.228,10,0.919,2.175,-1.5471,2.517,2.585,-0.0093,0.307
118.279,10,0.921,2.063,-1.5504,2.563,2.618,-0.0092,0.294
118.331,10,0.923,1.933,-1.5538,2.604,2.681,-0.01,0.281
118.379,10,0.926,1.775,-1.5585,2.653,2.713,-0.0091,0.269
118.43,10,0.926,1.686,-1.5605,2.674,2.775,-0.0106,0.257
118.479,10,0.927,1.537,-1.5647,2.72,2.805,-0.009,0.251
118.53,10,0.928,1.41,-1.5687,2.764,2.835,-0.0043,0.251
118.579,10,0.928,1.296,-1.5712,2.789,2.865,-0.0043,0.25
118.63,10,0.927,1.106,-1.5752,2.846,2.923,-0.0104,0.25
118.68,10,0.927,1.008,-1.5769,2.872,2.952,-0.0086,0.251
118.729,10,0.925,0.81,-1.5823,2.934,3.009,-0.0086,0.252
118.779,10,0.923,0.671,-1.5857,2.963,3.037,-0.0086,0.252
118.829,10,0.92,0.512,-1.5894,3.014,3.092,-0.0086,0.253
118.88,10,0.917,0.369,-1.5931,3.046,3.146,-0.0129,0.254
118.931,10,0.914,0.245,-1.596,3.076,3.173,-0.0129,0.255
118.979,10,0.908,0.068,-1.604,3.131,3.226,-0.0133,0.257
119.03,10,0.903,-0.075,-1.6101,3.175,3.252,-0.0106,0.261
119.079,10,0.897,-0.2,-1.6147,3.201,3.278,-0.009,0.263
119.129,10,0.888,-0.381,-1.6205,3.24,3.329,-0.0043,0.271
119.179,10,0.879,-0.564,-1.6257,3.273,3.379,-0.0043,0.278
119.23,10,0.87,-0.726,-1.6278,3.325,3.429,-0.0088,0.285
119.28,10,0.862,-0.86,-1.6292,3.356,3.429,-0.0098,0.289
119.329,10,0.851,-1.04,-1.6336,3.408,3.502,-0.0086,0.3
119.379,10,0.837,-1.249,-1.6401,3.447,3.55,-0.0105,0.309
119.43,10,0.824,-1.416,-1.6442,3.494,3.597,-0.0086,0.319
119.479,10,0.81,-1.603,-1.6498,3.534,3.644,-0.0096,0.33
119.53,10,0.796,-1.766,-1.6542,3.572,3.63,-0.0043,0.342
119.579,10,0.778,-1.978,-1.6598,3.618,3.563,-0.0043,0.355
119.63,10,0.763,-2.144,-1.6616,3.615,3.495,-0.0088,0.369
119.679,10,0.747,-2.308,-1.6637,3.583,3.424,-0.0102,0.383
119.73,10,0.729,-2.499,-1.6681,3.535,3.351,-0.0104,0.397
119.781,10,0.713,-2.659,-1.6721,3.483,3.314,-0.0094,0.422
119.829,10,0.693,-2.846,-1.6778,3.409,3.238,-0.0043,0.45
119.879,10,0.676,-3.0,-1.6823,3.352,3.16,-0.0043,0.478
119.929,10,0.654,-3.196,-1.6853,3.284,3.119,-0.0043,0.507
119.979,10,0.636,-3.344,-1.6874,3.222,3.037,-0.0087,0.536
120.029,10,0.617,-3.504,-1.6895,3.143,2.995,-0.0101,0.565
120.079,10,0.6,-3.648,-1.6928,3.077,2.908,-0.0149,0.602
120.131,10,0.582,-3.786,-1.6977,3.009,2.818,-0.0172,0.638
120.18,10,0.561,-3.944,-1.7047,2.946,2.771,-0.018,0.674
120.231,10,0.543,-4.075,-1.7098,2.872,2.725,-0.0172,0.696
120.279,10,0.52,-4.231,-1.7172,2.808,2.635,-0.0316,0.709
120.331,10,0.501,-4.356,-1.7258,2.738,2.591,-0.0302,0.723
120.379,10,0.485,-4.455,-1.7332,2.696,2.549,-0.0388,0.738
120.429,10,0.455,-4.621,-1.7512,2.621,2.466,-0.0474,0.743
120.48,10,0.432,-4.739,-1.7654,2.564,2.425,-0.0538,0.743
120.529,10,0.412,-4.835,-1.7783,2.512,2.386,-0.057,0.729
120.579,10,0.375,-4.994,-1.8062,2.436,2.309,-0.0643,0.705
120.631,10,0.348,-5.1,-1.8241,2.388,2.271,-0.0726,0.694
120.679,10,0.314,-5.222,-1.8478,2.334,2.234,-0.0723,0.687
120.729,10,0.289,-5.303,-1.8645,2.3,2.197,-0.0806,0.682
120.779,10,0.237,-5.459,-1.9061,2.216,2.161,-0.0802,0.679
120.831,10,0.212,-5.526,-1.9231,2.187,2.125,-0.0841,0.676
120.879,10,0.159,-5.66,-1.9646,2.138,2.054,-0.1048,0.667
120.931,10,0.128,-5.732,-1.9813,2.114,2.019,-0.1143,0.66
120.979,10,0.083,-5.826,-2.0145,2.073,1.983,-0.1124,0.655
121.03,10,0.042,-5.908,-2.0431,2.036,1.947,-0.1345,0.653
121.079,10,-0.019,-6.018,-2.0807,1.999,1.947,-0.1201,0.652
121.13,10,-0.035,-6.045,-2.0986,1.973,1.912,-0.1197,0.653
121.18,10,-0.103,-6.153,-2.1209,1.959,1.843,-0.195,0.648
121.229,10,-0.179,-6.262,-2.1948,1.894,1.81,-0.1852,0.64
121.28,10,-0.226,-6.322,-2.2386,1.853,1.778,-0.1798,0.632
121.33,10,-0.288,-6.395,-2.2851,1.816,1.778,-0.1805,0.627
121.379,10,-0.362,-6.473,-2.347,1.774,1.721,-0.2275,0.625
121.429,10,-0.402,-6.511,-2.377,1.754,1.721,-0.2025,0.614
121.479,10,-0.479,-6.577,-2.4443,1.72,1.697,-0.2193,0.597
121.529,10,-0.524,-6.613,-2.4794,1.703,1.676,-0.2258,0.582
121.579,10,-0.615,-6.676,-2.5578,1.677,1.659,-0.263,0.57
121.63,10,-0.686,-6.717,-2.6179,1.651,1.647,-0.264,0.558
121.679,10,-0.762,-6.756,-2.6838,1.648,1.639,-0.2608,0.549
121.729,10,-0.837,-6.788,-2.7454,1.641,1.634,-0.2728,0.53
121.779,10,-0.885,-6.806,-2.7816,1.632,1.634,-0.2484,0.5
121.83,10,-0.989,-6.837,-2.8695,1.623,1.632,-0.251,0.469
121.879,10,-1.045,-6.85,-2.911,1.622,1.632,-0.2482,0.437
121.93,10,-1.134,-6.865,-2.9799,1.621,1.632,-0.2482,0.402
121.979,10,-1.227,-6.875,-3.0579,1.618,1.639,-0.2523,0.37
122.029,10,-1.285,-6.877,-3.1013,1.624,1.651,-0.2482,0.344
122.08,10,-1.384,-6.875,3.1043,1.635,1.669,-0.2124,0.322
122.13,10,-1.444,-6.87,3.0667,1.643,1.669,-0.2061,0.304
122.179,10,-1.553,-6.855,2.987,1.662,1.69,-0.203,0.286
122.231,10,-1.61,-6.844,2.9526,1.677,1.714,-0.2144,0.269
122.28,10,-1.715,-6.818,2.8864,1.699,1.74,-0.2276,0.255
122.33,10,-1.77,-6.801,2.846,1.713,1.767,-0.2292,0.243
122.379,10,-1.871,-6.764,2.7719,1.735,1.793,-0.19,0.234
122.43,10,-1.943,-6.733,2.7212,1.758,1.819,-0.2026,0.229
122.479,10,-2.033,-6.687,2.6633,1.788,1.844,-0.2179,0.228
122.529,10,-2.125,-6.633,2.5938,1.819,1.868,-0.2295,0.23
122.579,10,-2.186,-6.593,2.5613,1.832,1.868,-0.2037,0.226
122.629,10,-2.25,-6.546,2.5075,1.85,1.909,-0.2164,0.225
122.679,10,-2.34,-6.471,2.4334,1.876,1.909,-0.1921,0.229
122.728,10,-2.403,-6.411,2.3757,1.9,1.925,-0.1979,0.238
122.78,10,-2.454,-6.357,2.3305,1.908,1.914,-0.1929,0.239
122.83,10,-2.518,-6.282,2.2716,1.911,1.908,-0.1989,0.241
122.88,10,-2.569,-6.216,2.2272,1.913,1.906,-0.2079,0.251
122.942,10,-2.631,-6.125,2.1553,1.904,1.906,-0.2079,0.256
122.979,10,-2.688,-6.027,2.0847,1.902,1.906,-0.2219,0.264
123.03,10,-2.729,-5.943,2.0273,1.905,1.906,-0.1962,0.275
123.08,10,-2.767,-5.856,1.9681,1.904,1.908,-0.1932,0.285
123.129,10,-2.799,-5.767,1.9111,1.906,1.911,-0.1805,0.286
123.18,10,-2.818,-5.707,1.8759,1.908,1.917,-0.1805,0.284
123.229,10,-2.85,-5.584,1.8032,1.914,1.925,-0.1821,0.285
123.28,10,-2.862,-5.522,1.7688,1.917,1.935,-0.1827,0.297
123.329,10,-2.88,-5.396,1.6989,1.932,1.948,-0.1686,0.323
123.379,10,-2.886,-5.331,1.6641,1.937,1.963,-0.1739,0.345
123.429,10,-2.892,-5.191,1.5847,1.958,1.979,-0.1318,0.362
123.48,10,-2.89,-5.099,1.5452,1.976,1.997,-0.1456,0.376
123.529,10,-2.884,-5.007,1.5051,1.995,2.017,-0.1371,0.403
123.58,10,-2.875,-4.918,1.4655,2.01,2.037,-0.1352,0.44
123.629,10,-2.863,-4.828,1.4249,2.023,2.059,-0.1202,0.402
123.679,10,-2.837,-4.689,1.3675,2.058,2.103,-0.1205,0.353
123.73,10,-2.818,-4.608,1.3403,2.079,2.103,-0.1082,0.338
123.779,10,-2.79,-4.505,1.304,2.102,2.147,-0.1126,0.314
123.83,10,-2.76,-4.406,1.2663,2.128,2.171,-0.1063,0.297
123.88,10,-2.72,-4.29,1.2279,2.16,2.196,-0.0939,0.283
123.93,10,-2.685,-4.199,1.2006,2.175,2.223,-0.0813,0.272
123.979,10,-2.654,-4.124,1.1772,2.195,2.252,-0.0715,0.263
124.03,10,-2.598,-3.997,1.1468,2.242,2.283,-0.0591,0.256
124.079,10,-2.549,-3.893,1.1233,2.273,2.315,-0.0521,0.25
124.13,10,-2.5,-3.796,1.1056,2.308,2.349,-0.0467,0.245
124.179,10,-2.436,-3.674,1.0818,2.344,2.42,-0.0383,0.242
124.23,10,-2.385,-3.581,1.0699,2.371,2.42,-0.0256,0.239
124.278,10,-2.324,-3.471,1.0574,2.413,2.489,-0.0178,0.238
124.33,10,-2.269,-3.376,1.05,2.445,2.523,-0.0086,0.238
124.379,10,-2.204,-3.264,1.0438,2.494,2.589,0.0,0.237
124.429,10,-2.132,-3.142,1.0415,2.555,2.622,0.0086,0.235
124.481,10,-2.085,-3.062,1.0422,2.585,2.654,0.0172,0.232
124.528,10,-2.005,-2.924,1.0461,2.624,2.617,0.0259,0.227
124.579,10,-1.935,-2.8,1.0565,2.63,2.53,0.0489,0.215
124.63,10,-1.892,-2.722,1.0647,2.61,2.49,0.056,0.209
124.679,10,-1.823,-2.594,1.0878,2.548,2.452,0.0606,0.194
124.729,10,-1.765,-2.479,1.1096,2.492,2.416,0.0658,0.176
124.78,10,-1.712,-2.366,1.1333,2.454,2.351,0.0914,0.16
124.831,10,-1.669,-2.271,1.1483,2.429,2.322,0.1029,0.14
124.88,10,-1.626,-2.166,1.1891,2.37,2.297,0.0999,0.12
124.931,10,-1.586,-2.058,1.2192,2.343,2.274,0.1106,0.109
124.979,10,-1.544,-1.931,1.2606,2.302,2.237,0.1368,0.101
125.03,10,-1.516,-1.834,1.2937,2.285,2.224,0.1409,0.097
125.079,10,-1.49,-1.732,1.3385,2.249,2.213,0.1352,0.107
125.13,10,-1.464,-1.598,1.39,2.232,2.206,0.1223,0.12
125.18,10,-1.45,-1.508,1.4276,2.222,2.201,0.1222,0.131
125.228,10,-1.436,-1.374,1.4738,2.213,2.2,0.1221,0.143
125.279,10,-1.429,-1.273,1.5089,2.208,2.2,0.1221,0.164
125.33,10,-1.426,-1.163,1.5488,2.206,2.205,0.122,0.184
125.379,10,-1.427,-1.063,1.585,2.206,2.215,0.1136,0.201
125.429,10,-1.433,-0.942,1.6267,2.211,2.231,0.101,0.215
125.479,10,-1.444,-0.809,1.6714,2.227,2.251,0.0942,0.228
125.53,10,-1.453,-0.736,1.6906,2.234,2.275,0.0801,0.238
125.579,10,-1.474,-0.6,1.7281,2.266,2.303,0.0652,0.263
125.63,10,-1.49,-0.508,1.7503,2.294,2.334,0.0528,0.288
125.679,10,-1.516,-0.378,1.7745,2.327,2.368,0.0443,0.31
125.729,10,-1.545,-0.247,1.7942,2.364,2.438,0.0298,0.33
125.78,10,-1.571,-0.138,1.8067,2.4,2.473,0.0213,0.348
125.829,10,-1.6,-0.02,1.8155,2.441,2.507,0.0144,0.365
125.881,10,-1.629,0.092,1.8213,2.468,2.54,0.0043,0.382
125.929,10,-1.665,0.229,1.8268,2.526,2.606,-0.0,0.405
125.98,10,-1.683,0.3,1.8271,2.545,2.638,-0.0055,0.412
126.029,10,-1.728,0.468,1.8271,2.601,2.67,-0.0092,0.428
126.079,10,-1.759,0.591,1.8244,2.647,2.702,-0.0086,0.415
126.129,10,-1.789,0.707,1.8212,2.685,2.764,-0.0144,0.396
126.179,10,-1.828,0.86,1.8166,2.726,2.794,-0.0149,0.375
126.23,10,-1.858,0.98,1.8121,2.755,2.854,-0.0129,0.351
126.28,10,-1.89,1.116,1.8062,2.799,2.883,-0.0145,0.322
126.33,10,-1.924,1.257,1.8007,2.843,2.913,-0.01,0.291
126.378,10,-1.961,1.419,1.7946,2.888,2.97,-0.0043,0.269
126.43,10,-1.981,1.51,1.7924,2.904,2.968,-0.0061,0.267
126.48,10,-2.024,1.703,1.7889,2.961,2.883,-0.0043,0.267
126.53,10,-2.041,1.781,1.7876,2.968,2.837,-0.0043,0.267
126.579,10,-2.083,1.973,1.7841,2.914,2.79,-0.0087,0.269
126.63,10,-2.104,2.068,1.7825,2.867,2.691,-0.0129,0.273
126.679,10,-2.142,2.247,1.7775,2.792,2.642,-0.0172,0.277
126.729,10,-2.163,2.354,1.7708,2.712,2.541,-0.0302,0.284
126.779,10,-2.195,2.513,1.7611,2.63,2.493,-0.0345,0.29
126.832,10,-2.217,2.637,1.7476,2.549,2.402,-0.0474,0.295
126.878,10,-2.24,2.777,1.7284,2.47,2.359,-0.056,0.297
126.931,10,-2.253,2.861,1.7158,2.434,2.317,-0.0613,0.298
126.984,10,-2.27,2.992,1.6966,2.384,2.276,-0.0683,0.3
127.031,10,-2.281,3.09,1.6846,2.354,2.237,-0.0829,0.305
127.079,10,-2.294,3.235,1.6509,2.302,2.2,-0.0807,0.305
127.129,10,-2.299,3.327,1.6254,2.24,2.131,-0.1117,0.293
127.18,10,-2.303,3.446,1.596,2.193,2.099,-0.1135,0.283
127.228,10,-2.302,3.577,1.5515,2.133,2.069,-0.1214,0.272
127.279,10,-2.298,3.67,1.5217,2.107,2.042,-0.1382,0.27
127.329,10,-2.291,3.769,1.4855,2.078,2.016,-0.1361,0.262
127.38,10,-2.277,3.885,1.4401,2.041,1.994,-0.133,0.252
127.429,10,-2.267,3.949,1.4197,2.029,1.974,-0.1451,0.25
127.479,10,-2.244,4.071,1.3701,2.0,1.956,-0.1733,0.249
127.53,10,-2.224,4.151,1.3253,1.963,1.937,-0.1721,0.253
127.579,10,-2.194,4.254,1.2755,1.945,1.919,-0.1688,0.263
127.631,10,-2.166,4.334,1.2288,1.938,1.9,-0.1687,0.268
127.678,10,-2.118,4.451,1.1625,1.913,1.881,-0.184,0.275
127.73,10,-2.093,4.506,1.1375,1.905,1.863,-0.2052,0.293
127.779,10,-2.041,4.606,1.0773,1.885,1.845,-0.2229,0.307
127.829,10,-1.993,4.685,1.0169,1.841,1.828,-0.2209,0.318
127.879,10,-1.933,4.772,0.9442,1.829,1.812,-0.2162,0.323
127.931,10,-1.883,4.834,0.892,1.819,1.797,-0.2281,0.325
127.979,10,-1.83,4.895,0.8449,1.807,1.785,-0.2278,0.338
128.03,10,-1.758,4.967,0.7706,1.788,1.775,-0.2444,0.347
128.08,10,-1.7,5.019,0.7237,1.781,1.767,-0.2638,0.349
128.129,10,-1.64,5.068,0.6701,1.768,1.761,-0.2757,0.351
128.18,10,-1.559,5.124,0.5851,1.745,1.757,-0.2629,0.358
128.23,10,-1.481,5.17,0.5181,1.746,1.757,-0.2387,0.372
128.28,10,-1.407,5.207,0.4559,1.746,1.755,-0.2389,0.382
128.33,10,-1.341,5.235,0.4045,1.747,1.754,-0.2442,0.378
128.379,10,-1.232,5.274,0.3116,1.743,1.754,-0.2266,0.371
128.43,10,-1.158,5.294,0.2548,1.747,1.754,-0.2265,0.37
128.479,10,-1.064,5.314,0.1944,1.749,1.76,-0.2267,0.371
128.529,10,-0.989,5.325,0.1428,1.748,1.77,-0.206,0.376
128.579,10,-0.903,5.333,0.0811,1.764,1.785,-0.2047,0.388
128.63,10,-0.826,5.337,0.0361,1.773,1.802,-0.2028,0.397
128.679,10,-0.732,5.335,-0.0183,1.785,1.821,-0.2152,0.402
128.73,10,-0.639,5.329,-0.0769,1.797,1.821,-0.191,0.41
128.778,10,-0.542,5.317,-0.1334,1.816,1.842,-0.209,0.413
128.83,10,-0.448,5.299,-0.2009,1.831,1.862,-0.2053,0.413
128.879,10,-0.373,5.281,-0.2455,1.847,1.876,-0.2164,0.417
128.93,10,-0.295,5.257,-0.2966,1.858,1.876,-0.192,0.425
128.978,10,-0.18,5.215,-0.3788,1.862,1.856,-0.2206,0.428
129.03,10,-0.123,5.19,-0.4147,1.85,1.836,-0.2218,0.43
129.08,10,-0.026,5.14,-0.4907,1.839,1.816,-0.2167,0.44
129.129,10,0.05,5.094,-0.5501,1.818,1.799,-0.2036,0.459
129.179,10,0.124,5.043,-0.605,1.805,1.783,-0.2217,0.482
129.229,10,0.196,4.988,-0.6718,1.79,1.771,-0.209,0.5
129.281,10,0.255,4.937,-0.7184,1.784,1.764,-0.2397,0.513
129.329,10,0.314,4.88,-0.7686,1.776,1.764,-0.2445,0.519
129.379,10,0.385,4.804,-0.8382,1.757,1.764,-0.2432,0.499
129.43,10,0.421,4.761,-0.878,1.757,1.763,-0.2268,0.481
129.479,10,0.499,4.653,-0.9702,1.759,1.766,-0.2148,0.466
129.529,10,0.53,4.604,-1.0047,1.759,1.773,-0.1926,0.455
129.578,10,0.586,4.503,-1.0823,1.772,1.785,-0.1787,0.447
129.63,10,0.612,4.451,-1.1101,1.776,1.785,-0.1578,0.443
129.679,10,0.657,4.349,-1.1673,1.79,1.802,-0.1422,0.442
129.729,10,0.686,4.272,-1.2072,1.802,1.824,-0.1458,0.443
129.78,10,0.717,4.185,-1.2462,1.82,1.85,-0.1349,0.449
129.829,10,0.744,4.092,-1.2874,1.849,1.881,-0.1184,0.454
129.879,10,0.766,4.007,-1.3198,1.874,1.915,-0.1104,0.449
129.93,10,0.787,3.914,-1.353,1.91,1.953,-0.0944,0.445
129.979,10,0.806,3.816,-1.3849,1.937,1.993,-0.0801,0.444
130.029,10,0.823,3.718,-1.4095,1.984,2.035,-0.0748,0.445
130.079,10,0.837,3.617,-1.4332,2.007,2.076,-0.0579,0.457
130.129,10,0.849,3.523,-1.4513,2.061,2.117,-0.0498,0.462
130.179,10,0.86,3.415,-1.469,2.103,2.156,-0.0432,0.448
130.229,10,0.869,3.318,-1.483,2.124,2.195,-0.0341,0.435
130.28,10,0.877,3.208,-1.4953,2.152,2.234,-0.0313,0.422
130.33,11,0.884,3.104,-1.507,2.19,2.271,-0.021,0.409
130.379,11,0.89,2.983,-1.5161,2.239,2.308,-0.0168,0.396
130.428,11,0.896,2.853,-1.5248,2.305,2.38,-0.0127,0.383
130.479,11,0.901,2.752,-1.529,2.333,2.38,-0.0085,0.369
130.529,11,0.904,2.669,-1.5315,2.369,2.45,-0.0131,0.356
130.578,11,0.908,2.547,-1.5351,2.4,2.485,-0.0086,0.342
130.63,11,0.913,2.391,-1.5406,2.467,2.519,-0.0086,0.328
130.68,11,0.916,2.304,-1.5429,2.492,2.552,-0.0107,0.315
130.729,11,0.92,2.147,-1.5468,2.539,2.618,-0.0086,0.302
130.779,11,0.922,2.029,-1.5499,2.567,2.65,-0.0086,0.289
130.83,11,0.925,1.881,-1.5543,2.612,2.713,-0.0086,0.276
130.88,11,0.926,1.756,-1.5577,2.654,2.744,-0.0086,0.263
130.929,11,0.928,1.61,-1.5614,2.706,2.775,-0.0086,0.251
130.994,11,0.929,1.517,-1.5636,2.733,2.805,-0.0086,0.249
131.029,11,0.929,1.401,-1.5664,2.76,2.835,-0.0086,0.249
131.08,11,0.929,1.18,-1.5727,2.823,2.894,-0.0086,0.248
131.13,11,0.929,1.06,-1.5769,2.853,2.923,-0.0086,0.249
131.181,11,0.927,0.916,-1.5812,2.893,2.98,-0.0086,0.25
131.23,11,0.925,0.778,-1.5851,2.936,3.037,-0.0086,0.251
131.28,11,0.923,0.635,-1.5889,2.977,3.064,-0.0086,0.251
131.33,11,0.92,0.497,-1.5929,3.021,3.092,-0.0086,0.252
131.379,11,0.915,0.304,-1.5977,3.066,3.146,-0.0086,0.254
131.43,11,0.911,0.159,-1.6026,3.114,3.173,-0.0086,0.256
131.48,11,0.907,0.049,-1.6063,3.139,3.226,-0.0086,0.259
131.529,11,0.9,-0.122,-1.6121,3.176,3.278,-0.0101,0.263
131.579,11,0.891,-0.321,-1.6173,3.224,3.303,-0.0087,0.268
131.63,11,0.885,-0.432,-1.6205,3.261,3.354,-0.009,0.274
131.68,11,0.873,-0.656,-1.6266,3.309,3.379,-0.0043,0.28
131.73,11,0.867,-0.766,-1.6286,3.342,3.429,-0.0095,0.288
131.778,11,0.853,-0.996,-1.6321,3.397,3.478,-0.0086,0.295
131.83,11,0.842,-1.16,-1.6368,3.431,3.502,-0.0101,0.304
131.88,11,0.83,-1.333,-1.6415,3.472,3.55,-0.0105,0.313
131.929,11,0.818,-1.494,-1.6462,3.515,3.597,-0.0096,0.323
131.98,11,0.807,-1.638,-1.6495,3.534,3.644,-0.0101,0.334
132.029,11,0.788,-1.859,-1.6568,3.592,3.597,-0.0043,0.346
132.079,11,0.774,-2.021,-1.6604,3.618,3.529,-0.0043,0.36
132.129,11,0.754,-2.233,-1.6628,3.608,3.495,-0.0087,0.374
132.18,11,0.744,-2.347,-1.6646,3.58,3.424,-0.0098,0.388
132.229,11,0.721,-2.579,-1.6699,3.517,3.351,-0.0101,0.404
132.281,11,0.709,-2.693,-1.6733,3.472,3.276,-0.01,0.432
132.329,11,0.685,-2.924,-1.6801,3.379,3.238,-0.0043,0.46
132.379,11,0.673,-3.03,-1.6829,3.33,3.16,-0.0061,0.489
132.429,11,0.647,-3.251,-1.6856,3.251,3.078,-0.0043,0.517
132.479,11,0.635,-3.353,-1.6877,3.205,3.037,-0.0043,0.546
132.529,11,0.608,-3.579,-1.6922,3.096,2.952,-0.0086,0.578
132.579,11,0.596,-3.68,-1.694,3.061,2.908,-0.0142,0.614
132.63,11,0.574,-3.847,-1.6986,2.997,2.818,-0.0129,0.651
132.68,11,0.557,-3.981,-1.7041,2.938,2.771,-0.0172,0.687
132.729,11,0.535,-4.138,-1.7104,2.857,2.679,-0.0259,0.7
132.778,11,0.51,-4.303,-1.7209,2.763,2.635,-0.0302,0.72
132.829,11,0.496,-4.392,-1.7273,2.725,2.549,-0.0451,0.727
132.879,11,0.467,-4.568,-1.7463,2.623,2.507,-0.0431,0.742
132.931,11,0.451,-4.652,-1.7563,2.588,2.466,-0.0474,0.745
132.979,11,0.417,-4.818,-1.7802,2.517,2.386,-0.056,0.733
133.029,11,0.399,-4.896,-1.7905,2.493,2.347,-0.0658,0.72
133.079,11,0.36,-5.059,-1.8192,2.398,2.309,-0.0654,0.7
133.131,11,0.34,-5.132,-1.831,2.374,2.271,-0.0728,0.692
133.178,11,0.296,-5.284,-1.8631,2.314,2.197,-0.0857,0.686
133.229,11,0.275,-5.352,-1.8776,2.292,2.161,-0.0952,0.681
133.279,11,0.23,-5.482,-1.914,2.206,2.125,-0.0934,0.678
133.329,11,0.193,-5.578,-1.94,2.178,2.089,-0.093,0.673
133.379,11,0.151,-5.679,-1.9678,2.146,2.054,-0.1025,0.665
133.43,11,0.116,-5.759,-1.9904,2.112,2.019,-0.1098,0.659
133.481,11,0.077,-5.841,-2.0119,2.082,2.019,-0.1043,0.655
133.529,11,0.013,-5.964,-2.0591,2.028,1.947,-0.1328,0.653
133.578,11,-0.019,-6.022,-2.0811,2.024,1.912,-0.1326,0.654
133.63,11,-0.084,-6.128,-2.1333,1.939,1.877,-0.1317,0.657
133.681,11,-0.131,-6.199,-2.1644,1.907,1.843,-0.1688,0.647
133.729,11,-0.193,-6.284,-2.21,1.879,1.81,-0.1679,0.639
133.779,11,-0.258,-6.364,-2.263,1.825,1.778,-0.1795,0.633
133.829,11,-0.293,-6.405,-2.2862,1.815,1.748,-0.2158,0.629
133.879,11,-0.376,-6.491,-2.3427,1.783,1.721,-0.2432,0.628
133.93,11,-0.419,-6.532,-2.3858,1.747,1.697,-0.2388,0.613
133.979,11,-0.514,-6.611,-2.4728,1.719,1.676,-0.2384,0.597
134.031,11,-0.555,-6.641,-2.5029,1.698,1.676,-0.228,0.583
134.079,11,-0.624,-6.687,-2.5693,1.675,1.659,-0.2494,0.57
134.129,11,-0.713,-6.738,-2.6425,1.648,1.647,-0.2661,0.561
134.18,11,-0.762,-6.762,-2.6835,1.644,1.639,-0.2607,0.552
134.229,11,-0.861,-6.803,-2.771,1.628,1.634,-0.2604,0.523
134.279,11,-0.915,-6.821,-2.8148,1.625,1.632,-0.2725,0.49
134.33,11,-1.002,-6.845,-2.8848,1.624,1.632,-0.2603,0.46
134.38,11,-1.092,-6.863,-2.959,1.621,1.632,-0.2635,0.425
134.429,11,-1.189,-6.874,-3.039,1.621,1.639,-0.2659,0.388
134.48,11,-1.24,-6.878,-3.0767,1.623,1.639,-0.2363,0.359
134.529,11,-1.331,-6.878,3.1363,1.628,1.651,-0.2243,0.334
134.579,11,-1.409,-6.874,3.0787,1.638,1.669,-0.2005,0.313
134.631,11,-1.488,-6.865,3.0298,1.661,1.69,-0.2175,0.298
134.679,11,-1.575,-6.851,2.9747,1.671,1.714,-0.2132,0.28
134.73,11,-1.647,-6.836,2.9283,1.683,1.74,-0.2254,0.263
134.78,11,-1.746,-6.809,2.8687,1.706,1.74,-0.2136,0.25
134.829,11,-1.82,-6.784,2.8081,1.73,1.767,-0.2021,0.239
134.881,11,-1.881,-6.76,2.7777,1.736,1.793,-0.208,0.232
134.93,11,-1.981,-6.714,2.6987,1.765,1.819,-0.2026,0.229
134.979,11,-2.049,-6.678,2.6561,1.785,1.844,-0.2158,0.229
135.029,11,-2.116,-6.639,2.6092,1.811,1.868,-0.2284,0.228
135.079,11,-2.194,-6.586,2.5488,1.833,1.89,-0.2039,0.224
135.129,11,-2.299,-6.504,2.4529,1.864,1.909,-0.192,0.225
135.179,11,-2.359,-6.45,2.4048,1.891,1.925,-0.2092,0.231
135.229,11,-2.409,-6.401,2.3625,1.906,1.914,-0.2104,0.237
135.279,11,-2.491,-6.311,2.2922,1.912,1.908,-0.2102,0.236
135.329,11,-2.532,-6.26,2.2505,1.914,1.906,-0.2053,0.24
135.379,11,-2.607,-6.155,2.172,1.904,1.906,-0.2087,0.251
135.43,11,-2.653,-6.081,2.1217,1.908,1.906,-0.2052,0.258
135.479,11,-2.699,-5.998,2.0676,1.904,1.906,-0.2073,0.263
135.528,11,-2.746,-5.899,1.9947,1.902,1.908,-0.2076,0.281
135.579,11,-2.778,-5.82,1.9434,1.903,1.911,-0.206,0.284
135.63,11,-2.799,-5.759,1.9094,1.905,1.917,-0.1928,0.282
135.679,11,-2.824,-5.679,1.8624,1.906,1.917,-0.1966,0.282
135.73,11,-2.848,-5.579,1.8188,1.912,1.935,-0.2111,0.285
135.779,11,-2.866,-5.476,1.7344,1.922,1.948,-0.1827,0.304
135.829,11,-2.878,-5.375,1.679,1.932,1.963,-0.1686,0.328
135.879,11,-2.885,-5.266,1.6273,1.949,1.963,-0.144,0.347
135.93,11,-2.886,-5.168,1.5728,1.966,1.997,-0.1456,0.362
135.979,11,-2.883,-5.076,1.5349,1.978,2.017,-0.1474,0.379
136.029,11,-2.875,-4.97,1.489,1.999,2.037,-0.1471,0.412
136.079,11,-2.863,-4.869,1.4504,2.018,2.059,-0.1326,0.428
136.13,11,-2.852,-4.798,1.4141,2.036,2.081,-0.1203,0.392
136.18,11,-2.827,-4.669,1.3703,2.059,2.103,-0.1334,0.359
136.229,11,-2.803,-4.568,1.3301,2.085,2.125,-0.1141,0.329
136.279,11,-2.777,-4.473,1.2955,2.104,2.147,-0.1085,0.31
136.329,11,-2.736,-4.348,1.2485,2.136,2.171,-0.1016,0.294
136.38,11,-2.703,-4.255,1.2188,2.156,2.196,-0.0838,0.281
136.429,11,-2.677,-4.188,1.1989,2.171,2.223,-0.0755,0.271
136.479,11,-2.637,-4.093,1.1709,2.203,2.252,-0.0673,0.262
136.529,11,-2.579,-3.962,1.1432,2.231,2.283,-0.0643,0.255
136.579,11,-2.526,-3.854,1.1139,2.275,2.349,-0.0522,0.25
136.629,11,-2.471,-3.746,1.0988,2.308,2.385,-0.0444,0.245
136.679,11,-2.436,-3.68,1.0871,2.332,2.42,-0.034,0.241
136.729,11,-2.378,-3.571,1.0704,2.378,2.455,-0.0264,0.239
136.778,11,-2.322,-3.472,1.059,2.423,2.489,-0.0129,0.239
136.83,11,-2.242,-3.331,1.0493,2.478,2.523,-0.0094,0.238
136.879,11,-2.2,-3.26,1.0463,2.498,2.589,0.0,0.236
136.929,11,-2.114,-3.111,1.0438,2.546,2.622,0.0086,0.233
136.979,11,-2.069,-3.035,1.0443,2.582,2.654,0.0172,0.23
137.029,11,-2.001,-2.917,1.0496,2.633,2.572,0.0345,0.224
137.079,11,-1.923,-2.779,1.06,2.627,2.53,0.0431,0.215
137.13,11,-1.86,-2.663,1.0712,2.599,2.49,0.0517,0.204
137.179,11,-1.799,-2.547,1.0906,2.556,2.416,0.0733,0.189
137.229,11,-1.738,-2.426,1.1099,2.505,2.382,0.0864,0.173
137.28,11,-1.706,-2.357,1.1297,2.464,2.351,0.0945,0.156
137.329,11,-1.643,-2.213,1.1713,2.393,2.297,0.1124,0.134
137.379,11,-1.605,-2.117,1.1993,2.358,2.274,0.1236,0.118
137.429,11,-1.558,-1.984,1.2428,2.313,2.274,0.1149,0.107
137.48,11,-1.538,-1.918,1.2715,2.296,2.237,0.1229,0.1
137.529,11,-1.51,-1.819,1.3017,2.285,2.224,0.1369,0.098
137.579,11,-1.485,-1.711,1.3385,2.268,2.213,0.1389,0.106
137.629,11,-1.455,-1.546,1.4057,2.232,2.206,0.1223,0.12
137.679,11,-1.448,-1.5,1.4244,2.228,2.201,0.1222,0.131
137.73,11,-1.434,-1.359,1.4811,2.214,2.2,0.1221,0.152
137.779,11,-1.428,-1.231,1.5302,2.208,2.2,0.1136,0.172
137.829,11,-1.427,-1.134,1.566,2.206,2.205,0.1111,0.19
137.879,11,-1.43,-1.008,1.6073,2.208,2.215,0.0968,0.206
137.93,11,-1.437,-0.907,1.6407,2.211,2.231,0.0884,0.219
137.979,11,-1.449,-0.788,1.6747,2.223,2.251,0.0801,0.231
138.031,11,-1.46,-0.695,1.6945,2.233,2.275,0.0843,0.247
138.079,11,-1.479,-0.572,1.7188,2.247,2.334,0.0765,0.272
138.13,11,-1.499,-0.465,1.7563,2.28,2.368,0.0508,0.296
138.179,11,-1.528,-0.329,1.7834,2.327,2.403,0.0382,0.318
138.23,11,-1.545,-0.255,1.7958,2.359,2.438,0.0265,0.336
138.279,11,-1.582,-0.102,1.8135,2.407,2.473,0.0147,0.354
138.33,11,-1.603,-0.019,1.8197,2.434,2.507,0.0043,0.37
138.379,11,-1.644,0.139,1.8262,2.488,2.573,-0.0,0.385
138.429,11,-1.677,0.264,1.8268,2.529,2.606,-0.0051,0.4
138.479,11,-1.702,0.358,1.8265,2.568,2.638,-0.0043,0.415
138.528,11,-1.742,0.514,1.8245,2.619,2.67,-0.0106,0.429
138.579,11,-1.768,0.614,1.8231,2.64,2.733,-0.0148,0.41
138.63,11,-1.802,0.749,1.8182,2.672,2.764,-0.0145,0.39
138.68,11,-1.837,0.886,1.813,2.718,2.824,-0.0149,0.368
138.73,11,-1.868,1.014,1.8075,2.757,2.854,-0.013,0.341
138.779,11,-1.898,1.142,1.8017,2.805,2.883,-0.0102,0.31
138.829,11,-1.938,1.314,1.7956,2.85,2.942,-0.0043,0.279
138.879,11,-1.967,1.446,1.7924,2.886,2.97,-0.0058,0.268
138.931,11,-2.001,1.598,1.7901,2.944,2.926,-0.006,0.267
138.979,11,-2.031,1.731,1.7882,2.963,2.883,-0.0062,0.267
139.03,11,-2.063,1.88,1.7854,2.945,2.837,-0.0043,0.267
139.079,11,-2.095,2.025,1.7832,2.895,2.741,-0.0086,0.271
139.129,11,-2.129,2.187,1.7794,2.83,2.642,-0.0223,0.274
139.179,11,-2.142,2.249,1.7772,2.787,2.591,-0.0272,0.28
139.229,11,-2.18,2.435,1.7664,2.682,2.541,-0.0323,0.287
139.28,11,-2.202,2.554,1.7554,2.609,2.493,-0.0354,0.292
139.329,11,-2.227,2.693,1.7408,2.545,2.402,-0.049,0.296
139.379,11,-2.242,2.784,1.7296,2.5,2.359,-0.0577,0.298
139.43,11,-2.263,2.929,1.7103,2.432,2.317,-0.0601,0.298
139.479,11,-2.277,3.047,1.6897,2.367,2.237,-0.0853,0.303
139.528,11,-2.291,3.179,1.6616,2.306,2.2,-0.0893,0.308
139.579,11,-2.299,3.292,1.6336,2.249,2.165,-0.1021,0.295
139.629,11,-2.303,3.392,1.6106,2.221,2.131,-0.1099,0.289
139.679,11,-2.304,3.49,1.5834,2.187,2.099,-0.1092,0.281
139.73,11,-2.303,3.585,1.5517,2.147,2.069,-0.1214,0.273
139.778,11,-2.295,3.723,1.4983,2.087,2.042,-0.1209,0.263
139.829,11,-2.288,3.806,1.4706,2.068,2.016,-0.1207,0.259
139.879,11,-2.27,3.931,1.4197,2.032,1.994,-0.1203,0.252
139.929,11,-2.259,3.997,1.4,2.024,1.974,-0.1326,0.249
139.979,11,-2.236,4.104,1.3559,1.991,1.937,-0.1819,0.25
140.03,11,-2.217,4.182,1.3161,1.961,1.937,-0.1699,0.257
140.079,11,-2.179,4.302,1.2505,1.94,1.919,-0.1564,0.266
140.129,11,-2.149,4.381,1.2066,1.927,1.9,-0.1686,0.27
140.179,11,-2.119,4.453,1.1647,1.912,1.881,-0.1683,0.284
140.23,11,-2.069,4.557,1.1077,1.888,1.863,-0.2086,0.301
140.281,11,-2.026,4.636,1.0596,1.866,1.845,-0.2044,0.314
140.329,11,-1.982,4.706,1.0074,1.856,1.828,-0.2202,0.322
140.38,11,-1.936,4.772,0.9682,1.845,1.812,-0.2286,0.325
140.429,11,-1.867,4.858,0.8793,1.818,1.797,-0.2158,0.333
140.48,11,-1.812,4.918,0.8244,1.798,1.785,-0.2307,0.345
140.528,11,-1.757,4.972,0.7606,1.778,1.775,-0.2303,0.353
140.579,11,-1.661,5.053,0.6728,1.77,1.767,-0.2543,0.353
140.63,11,-1.599,5.098,0.6151,1.758,1.761,-0.2658,0.355
140.679,11,-1.531,5.141,0.563,1.757,1.757,-0.2511,0.364
140.73,11,-1.464,5.178,0.4995,1.749,1.755,-0.2509,0.377
140.779,11,-1.378,5.219,0.4331,1.749,1.754,-0.2509,0.383
140.829,11,-1.293,5.253,0.3939,1.745,1.754,-0.2433,0.375
140.879,11,-1.215,5.278,0.2994,1.744,1.754,-0.2387,0.37
140.929,11,-1.138,5.297,0.2423,1.747,1.76,-0.2388,0.369
140.978,11,-1.025,5.318,0.1571,1.749,1.76,-0.2024,0.371
141.029,11,-0.97,5.324,0.1222,1.752,1.77,-0.192,0.379
141.08,11,-0.875,5.331,0.0623,1.761,1.785,-0.1929,0.389
141.129,11,-0.771,5.333,0.0057,1.77,1.802,-0.2028,0.396
141.18,11,-0.714,5.331,-0.0317,1.781,1.821,-0.203,0.402
141.229,11,-0.595,5.32,-0.1046,1.803,1.842,-0.2033,0.409
141.279,11,-0.536,5.312,-0.1434,1.818,1.862,-0.2158,0.409
141.33,11,-0.435,5.292,-0.2059,1.838,1.883,-0.2089,0.41
141.379,11,-0.334,5.265,-0.2762,1.866,1.876,-0.1922,0.417
141.429,11,-0.245,5.235,-0.3327,1.881,1.856,-0.2332,0.421
141.479,11,-0.156,5.2,-0.3829,1.878,1.836,-0.2292,0.422
141.529,11,-0.058,5.153,-0.4635,1.851,1.816,-0.2318,0.429
141.58,11,-0.007,5.125,-0.4979,1.84,1.799,-0.2285,0.444
141.63,11,0.075,5.075,-0.5639,1.816,1.783,-0.2327,0.468
141.679,11,0.169,5.007,-0.6486,1.788,1.771,-0.229,0.489
141.729,11,0.236,4.952,-0.7082,1.777,1.764,-0.2395,0.512
141.779,11,0.289,4.903,-0.7484,1.774,1.764,-0.229,0.517
141.829,11,0.35,4.84,-0.8074,1.76,1.764,-0.2147,0.506
141.88,11,0.402,4.781,-0.8615,1.756,1.764,-0.2146,0.486
141.929,11,0.461,4.703,-0.9336,1.761,1.763,-0.2054,0.47
141.979,11,0.515,4.623,-0.9863,1.763,1.766,-0.2171,0.457
142.029,11,0.557,4.552,-1.041,1.762,1.773,-0.1662,0.448
142.079,11,0.593,4.483,-1.09,1.774,1.785,-0.1542,0.442
142.13,11,0.628,4.41,-1.1302,1.78,1.802,-0.1543,0.439
142.179,11,0.675,4.299,-1.1887,1.798,1.824,-0.1578,0.44
142.23,11,0.696,4.244,-1.211,1.805,1.85,-0.1553,0.444
142.28,11,0.726,4.152,-1.2578,1.826,1.881,-0.1182,0.451
142.329,11,0.75,4.071,-1.3002,1.852,1.915,-0.1148,0.451
142.379,11,0.777,3.957,-1.3391,1.898,1.915,-0.0942,0.446
142.429,11,0.795,3.871,-1.3668,1.921,1.953,-0.0922,0.443
142.479,11,0.815,3.766,-1.394,1.945,1.993,-0.074,0.443
142.529,11,0.828,3.678,-1.4195,1.98,2.035,-0.068,0.448
142.578,11,0.837,3.611,-1.4343,2.001,2.076,-0.0552,0.464
142.63,11,0.853,3.475,-1.4623,2.057,2.117,-0.0415,0.457
142.679,11,0.863,3.368,-1.4781,2.102,2.195,-0.0334,0.444
142.729,11,0.872,3.264,-1.4914,2.14,2.195,-0.0306,0.43
142.779,11,0.877,3.19,-1.4982,2.18,2.234,-0.0261,0.417
