t_s,lap,x,y,yaw,speed_mps,cmd_speed_mps,cmd_steer_rad,min_wall_dist_m
0.029,0,0.8,3.158,-1.5707,0.0,0.0,0.0,0.44
0.079,0,0.8,3.158,-1.5707,0.0,0.0,0.0,0.44
0.129,0,0.8,3.158,-1.5707,0.0,0.0,0.0,0.44
0.179,0,0.8,3.158,-1.5707,0.0,0.0,0.0,0.44
0.229,0,0.8,3.158,-1.5707,0.0,0.0,0.0,0.44
0.28,0,0.8,3.158,-1.5707,0.0,0.0,0.0,0.44
0.329,0,0.8,3.158,-1.5707,0.0,0.0,0.0,0.44
0.38,0,0.8,3.158,-1.5707,0.0,0.0,0.0,0.44
0.43,0,0.8,3.158,-1.5707,0.0,0.0,0.0,0.44
0.48,0,0.8,3.158,-1.5707,0.0,0.0,0.0,0.44
0.529,0,0.8,3.158,-1.5707,0.0,0.0,0.0,0.44
0.579,0,0.8,3.158,-1.5707,0.0,0.0,0.0,0.44
0.629,0,0.8,3.158,-1.5707,0.0,0.0,0.0,0.44
0.679,0,0.8,3.158,-1.5707,0.0,0.0,0.0,0.44
0.729,0,0.8,3.158,-1.5707,0.0,0.0,0.0,0.44
0.779,0,0.8,3.158,-1.5707,0.0,0.0,0.0,0.44
0.829,0,0.8,3.158,-1.5707,0.0,0.0,0.0,0.44
0.879,0,0.8,3.158,-1.5707,0.0,0.0,0.0,0.44
0.929,0,0.8,3.158,-1.5707,0.0,0.0,0.0,0.44
0.98,0,0.8,3.158,-1.5707,0.0,0.0,0.0,0.44
1.029,0,0.8,3.158,-1.5707,0.0,0.0,0.0,0.44
1.079,0,0.8,3.158,-1.5707,0.0,0.0,0.0,0.44
1.129,0,0.8,3.158,-1.5707,0.0,0.0,0.0,0.44
1.179,0,0.8,3.158,-1.5707,0.0,0.0,0.0,0.44
1.23,0,0.8,3.158,-1.5707,0.0,0.0,0.0,0.44
1.28,0,0.8,3.158,-1.5707,0.0,0.0,0.0,0.44
1.329,0,0.8,3.158,-1.5707,0.0,0.0,0.0,0.44
1.38,0,0.8,3.158,-1.5707,0.0,0.0,0.0,0.44
1.43,0,0.8,3.158,-1.5707,0.0,0.0,0.0,0.44
1.479,0,0.8,3.158,-1.5707,0.0,0.0,0.0,0.44
1.53,0,0.8,3.158,-1.5707,0.0,0.0,0.0,0.44
1.579,0,0.8,3.158,-1.5707,0.0,0.0,0.0,0.44
1.63,0,0.8,3.158,-1.5707,0.0,0.0,0.0,0.44
1.679,0,0.8,3.158,-1.5707,0.0,0.0,0.0,0.44
1.73,0,0.8,3.158,-1.5707,0.0,0.0,0.0,0.44
1.779,0,0.8,3.158,-1.5707,0.0,0.0,0.0,0.44
1.829,0,0.8,3.158,-1.5707,0.0,0.0,0.0,0.44
1.882,0,0.8,3.158,-1.5707,0.0,0.0,0.0,0.44
1.931,0,0.8,3.158,-1.5707,0.0,0.0,0.0,0.44
1.981,0,0.8,3.158,-1.5707,0.0,0.0,0.0,0.44
2.029,0,0.8,3.158,-1.5707,0.0,0.0,0.0,0.44
2.079,0,0.8,3.158,-1.5707,0.0,0.0,0.0,0.44
2.13,0,0.8,3.158,-1.5707,0.0,0.0,0.0,0.44
2.18,0,0.8,3.158,-1.5707,0.0,0.0,0.0,0.44
2.229,0,0.8,3.158,-1.5707,0.0,0.0,0.0,0.44
2.279,0,0.8,3.158,-1.5707,0.0,0.0,0.0,0.44
2.329,0,0.8,3.158,-1.5707,0.0,0.0,0.0,0.44
2.38,0,0.8,3.158,-1.5707,0.0,0.0,0.0,0.44
2.429,0,0.8,3.158,-1.5707,0.0,0.0,0.0,0.44
2.481,0,0.8,3.158,-1.5707,0.0,0.0,0.0,0.44
2.529,0,0.8,3.158,-1.5707,0.0,0.0,0.0,0.44
2.579,0,0.8,3.158,-1.5707,0.0,0.0,0.0,0.44
2.632,0,0.8,3.158,-1.5707,0.0,0.0,0.0,0.44
2.68,0,0.8,3.158,-1.5707,0.0,0.0,0.0,0.44
2.729,0,0.8,3.158,-1.5707,0.0,0.0,0.0,0.44
2.782,0,0.8,3.158,-1.5707,0.0,0.0,0.0,0.44
2.829,0,0.8,3.158,-1.5707,0.0,0.0,0.0,0.44
2.88,0,0.8,3.158,-1.5707,0.0,0.0,0.0,0.44
2.931,0,0.8,3.158,-1.5707,0.0,0.0,0.0,0.44
2.98,0,0.8,3.158,-1.5707,0.0,0.0,0.0,0.44
3.03,0,0.8,3.158,-1.5707,0.0,0.0,0.0,0.44
3.079,0,0.8,3.158,-1.5707,0.0,0.0,0.0,0.44
3.13,0,0.8,3.158,-1.5707,0.0,0.0,0.0,0.44
3.179,0,0.8,3.158,-1.5707,0.0,0.0,0.0,0.44
3.229,0,0.8,3.158,-1.5707,0.0,0.0,0.0,0.44
3.28,0,0.8,3.158,-1.5707,0.0,0.0,0.0,0.44
3.329,0,0.8,3.158,-1.5707,0.0,0.0,0.0,0.44
3.379,0,0.8,3.158,-1.5707,0.0,0.0,0.0,0.44
3.429,0,0.8,3.158,-1.5707,0.0,0.0,0.0,0.44
3.479,0,0.8,3.158,-1.5707,0.0,0.0,0.0,0.44
3.53,0,0.8,3.158,-1.5707,0.0,0.0,0.0,0.44
3.579,0,0.8,3.158,-1.5707,0.0,0.0,0.0,0.44
3.629,0,0.8,3.158,-1.5707,0.0,0.0,0.0,0.44
3.68,0,0.8,3.158,-1.5707,0.0,0.0,0.0,0.44
3.729,0,0.8,3.158,-1.5707,0.0,0.0,0.0,0.44
3.781,0,0.8,3.158,-1.5707,0.0,0.0,0.0,0.44
3.829,0,0.8,3.158,-1.5707,0.0,0.0,0.0,0.44
3.881,0,0.8,3.158,-1.5707,0.0,0.0,0.0,0.44
3.929,0,0.8,3.158,-1.5707,0.0,0.0,0.0,0.44
3.98,0,0.8,3.158,-1.5707,0.0,0.0,0.0,0.44
4.03,0,0.8,3.158,-1.5707,0.0,0.0,0.0,0.44
4.079,0,0.8,3.158,-1.5707,0.0,0.0,0.0,0.44
4.129,0,0.8,3.158,-1.5707,0.0,0.0,0.0,0.44
4.179,0,0.8,3.158,-1.5707,0.0,0.0,0.0,0.44
4.229,0,0.8,3.158,-1.5707,0.0,0.0,0.0,0.44
4.279,0,0.8,3.158,-1.5707,0.0,0.0,0.0,0.44
4.329,0,0.8,3.158,-1.5707,0.0,0.0,0.0,0.44
4.38,0,0.8,3.158,-1.5707,0.0,0.0,0.0,0.44
4.429,0,0.8,3.158,-1.5707,0.0,0.0,0.0,0.44
4.479,0,0.8,3.158,-1.5707,0.0,0.0,0.0,0.44
4.529,0,0.8,3.158,-1.5707,0.0,0.0,0.0,0.44
4.579,0,0.8,3.158,-1.5707,0.0,0.0,0.0,0.44
4.629,0,0.8,3.158,-1.5707,0.0,0.0,0.0,0.44
4.681,0,0.8,3.158,-1.5707,0.0,0.0,0.0,0.44
4.729,0,0.8,3.158,-1.5707,0.0,0.0,0.0,0.44
4.781,0,0.8,3.158,-1.5707,0.0,0.0,0.0,0.44
4.83,0,0.8,3.158,-1.5707,0.0,0.0,0.0,0.44
4.88,0,0.8,3.158,-1.5707,0.0,0.0,0.0,0.44
4.929,0,0.8,3.158,-1.5707,0.0,0.0,0.0,0.44
4.979,0,0.8,3.158,-1.5707,0.0,0.0,0.0,0.44
5.029,0,0.8,3.158,-1.5707,0.0,0.0,0.0,0.44
5.08,0,0.8,3.158,-1.5707,0.0,0.0,0.0,0.44
5.129,0,0.8,3.158,-1.5707,0.0,0.0,0.0,0.44
5.179,0,0.8,3.158,-1.5707,0.0,0.0,0.0,0.44
5.231,0,0.8,3.158,-1.5707,0.0,0.0,0.0,0.44
5.28,0,0.8,3.158,-1.5707,0.0,0.0,0.0,0.44
5.33,0,0.8,3.158,-1.5707,0.0,0.0,0.0,0.44
5.381,0,0.8,3.158,-1.5707,0.0,0.0,0.0,0.44
5.429,0,0.8,3.158,-1.5707,0.0,0.0,0.0,0.44
5.479,0,0.8,3.158,-1.5707,0.0,0.0,0.0,0.44
5.529,0,0.8,3.158,-1.5707,0.0,0.0,0.0,0.44
5.579,0,0.8,3.158,-1.5707,0.0,0.0,0.0,0.44
5.629,0,0.8,3.158,-1.5707,0.0,0.0,0.0,0.44
5.679,0,0.8,3.158,-1.5707,0.0,0.0,0.0,0.44
5.729,0,0.8,3.158,-1.5707,0.0,0.0,0.0,0.44
5.78,0,0.8,3.158,-1.5707,0.0,0.0,0.0,0.44
5.832,0,0.8,3.158,-1.5707,0.0,0.0,0.0,0.44
5.879,0,0.8,3.158,-1.5707,0.0,0.0,0.0,0.44
5.929,0,0.8,3.158,-1.5707,0.0,0.0,0.0,0.44
5.979,0,0.8,3.158,-1.5707,0.0,2.282,0.1427,0.44
6.03,0,0.8,3.157,-1.5707,0.047,2.282,0.1427,0.44
6.079,1,0.8,3.138,-1.565,0.397,2.282,0.1464,0.44
6.129,1,0.8,3.111,-1.5557,0.611,2.282,0.1379,0.44
6.181,1,0.801,3.08,-1.5453,0.788,2.282,0.1402,0.44
6.231,1,0.804,3.025,-1.5208,1.1,2.314,0.1225,0.442
6.279,1,0.808,2.965,-1.4975,1.337,2.314,0.1134,0.445
6.329,1,0.816,2.878,-1.4679,1.601,2.345,0.1004,0.437
6.381,1,0.826,2.796,-1.44,1.85,2.377,0.0572,0.408
6.429,1,0.841,2.697,-1.4157,2.146,2.41,0.0249,0.374
6.48,1,0.862,2.576,-1.3973,2.397,2.441,-0.0085,0.338
6.529,1,0.883,2.458,-1.3929,2.468,2.473,-0.0343,0.305
6.578,1,0.911,2.3,-1.4018,2.519,2.535,-0.069,0.274
6.629,1,0.93,2.182,-1.4163,2.547,2.565,-0.0776,0.249
6.679,1,0.947,2.057,-1.4442,2.594,2.595,-0.0733,0.229
6.729,1,0.962,1.913,-1.4759,2.631,2.655,-0.0733,0.221
6.779,1,0.97,1.791,-1.5028,2.676,2.685,-0.0575,0.203
6.83,1,0.976,1.664,-1.5315,2.712,2.714,-0.0388,0.194
6.883,1,0.978,1.617,-1.5376,2.721,2.743,-0.0302,0.193
6.929,1,0.98,1.402,-1.5642,2.769,2.801,-0.0216,0.197
6.979,1,0.98,1.253,-1.5775,2.816,2.858,-0.0,0.2
7.029,1,0.979,1.165,-1.5824,2.837,2.886,0.0059,0.202
7.081,1,0.976,0.987,-1.5843,2.895,2.942,0.0147,0.203
7.129,1,0.975,0.837,-1.5814,2.937,2.969,0.0181,0.201
7.18,1,0.974,0.679,-1.574,2.983,2.996,0.0179,0.198
7.229,1,0.974,0.535,-1.5664,3.017,3.049,0.0232,0.193
7.28,1,0.975,0.386,-1.5582,3.053,3.102,0.0216,0.186
7.329,1,0.979,0.228,-1.5481,3.099,3.128,0.0216,0.177
7.379,1,0.983,0.071,-1.5383,3.14,3.153,0.0172,0.166
7.428,1,0.992,-0.128,-1.5253,3.183,3.204,0.0129,0.153
7.479,1,0.999,-0.273,-1.5178,3.219,3.254,0.0086,0.14
7.529,1,1.009,-0.445,-1.5121,3.255,3.279,0.0043,0.127
7.579,1,1.019,-0.599,-1.5088,3.293,3.328,0.0,0.114
7.629,1,1.027,-0.728,-1.5074,3.313,3.352,0.0,0.107
7.679,1,1.041,-0.939,-1.5063,3.366,3.4,-0.0043,0.087
7.729,1,1.051,-1.105,-1.5063,3.403,3.448,-0.0178,0.074
7.779,1,1.062,-1.284,-1.5135,3.456,3.495,-0.0274,0.064
7.829,1,1.07,-1.445,-1.5234,3.493,3.518,-0.0216,0.057
7.88,1,1.075,-1.582,-1.5331,3.525,3.563,-0.032,0.055
7.929,1,1.081,-1.803,-1.5516,3.571,3.607,-0.0321,0.052
7.98,1,1.082,-1.946,-1.562,3.594,3.629,-0.0302,0.055
8.029,1,1.081,-2.172,-1.5858,3.645,3.613,-0.0391,0.058
8.079,1,1.075,-2.358,-1.6067,3.661,3.582,-0.0364,0.063
8.129,1,1.066,-2.534,-1.6265,3.659,3.524,-0.0362,0.08
8.181,1,1.056,-2.678,-1.6408,3.624,3.467,-0.0388,0.102
8.231,1,1.04,-2.861,-1.6648,3.575,3.408,-0.0345,0.126
8.279,1,1.021,-3.037,-1.6833,3.53,3.377,-0.0409,0.152
8.329,1,0.992,-3.254,-1.7103,3.461,3.281,-0.0431,0.18
8.379,1,0.968,-3.409,-1.7283,3.405,3.246,-0.0444,0.195
8.429,1,0.939,-3.574,-1.7495,3.347,3.175,-0.0431,0.255
8.479,1,0.909,-3.726,-1.7702,3.283,3.1,-0.0393,0.303
8.529,1,0.874,-3.888,-1.7886,3.234,3.061,-0.0357,0.355
8.578,1,0.833,-4.061,-1.8079,3.16,2.981,-0.0397,0.394
8.629,1,0.797,-4.203,-1.8228,3.105,2.939,-0.0364,0.425
8.679,1,0.759,-4.341,-1.8383,3.035,2.852,-0.0434,0.457
8.729,1,0.725,-4.462,-1.8518,2.994,2.807,-0.0388,0.49
8.779,1,0.685,-4.591,-1.8696,2.923,2.761,-0.0302,0.508
8.832,1,0.639,-4.736,-1.8875,2.86,2.665,-0.0393,0.546
8.88,1,0.594,-4.869,-1.9006,2.796,2.615,-0.0431,0.571
8.928,1,0.538,-5.023,-1.9189,2.71,2.512,-0.0581,0.598
8.979,1,0.491,-5.146,-1.941,2.629,2.459,-0.0615,0.626
9.029,1,0.438,-5.275,-1.9661,2.555,2.345,-0.0733,0.658
9.079,1,0.392,-5.379,-1.9886,2.468,2.286,-0.0749,0.701
9.129,1,0.35,-5.469,-2.0075,2.417,2.224,-0.0826,0.747
9.179,1,0.298,-5.574,-2.0385,2.333,2.16,-0.0809,0.737
9.229,1,0.245,-5.673,-2.0639,2.286,2.092,-0.0891,0.717
9.279,1,0.191,-5.77,-2.0952,2.203,1.974,-0.0968,0.708
9.329,1,0.125,-5.877,-2.1297,2.097,1.923,-0.1145,0.7
9.379,1,0.075,-5.954,-2.1573,2.023,1.878,-0.1119,0.685
9.429,1,0.009,-6.047,-2.196,1.953,1.834,-0.1197,0.666
9.479,1,-0.053,-6.128,-2.2277,1.904,1.794,-0.1316,0.651
9.529,1,-0.107,-6.195,-2.258,1.878,1.756,-0.1557,0.639
9.579,1,-0.157,-6.252,-2.2809,1.848,1.756,-0.1567,0.629
9.629,1,-0.233,-6.333,-2.3378,1.794,1.684,-0.1809,0.619
9.681,1,-0.278,-6.377,-2.3744,1.754,1.65,-0.2037,0.603
9.729,1,-0.341,-6.433,-2.4154,1.722,1.65,-0.1778,0.592
9.779,1,-0.425,-6.501,-2.4759,1.689,1.619,-0.1899,0.559
9.829,1,-0.486,-6.545,-2.5216,1.66,1.588,-0.189,0.541
9.878,1,-0.563,-6.595,-2.5749,1.629,1.558,-0.23,0.533
9.929,1,-0.628,-6.633,-2.6163,1.621,1.53,-0.2243,0.513
9.979,1,-0.681,-6.661,-2.6533,1.577,1.53,-0.2117,0.501
10.028,1,-0.771,-6.702,-2.7253,1.559,1.48,-0.2387,0.484
10.079,1,-0.838,-6.728,-2.7762,1.525,1.48,-0.2107,0.458
10.129,1,-0.906,-6.751,-2.8308,1.512,1.46,-0.246,0.43
10.179,1,-0.979,-6.771,-2.8849,1.49,1.444,-0.2455,0.4
10.23,1,-1.047,-6.786,-2.9373,1.479,1.432,-0.2572,0.37
10.279,1,-1.105,-6.795,-2.9777,1.47,1.424,-0.2569,0.354
10.329,1,-1.195,-6.805,-3.0462,1.459,1.424,-0.233,0.304
10.379,1,-1.25,-6.808,-3.0816,1.455,1.419,-0.2467,0.291
10.429,1,-1.331,-6.809,3.1376,1.455,1.417,-0.2457,0.262
10.479,1,-1.402,-6.806,3.0869,1.446,1.422,-0.2445,0.245
10.529,1,-1.473,-6.799,3.0383,1.446,1.422,-0.2327,0.231
10.579,1,-1.543,-6.789,2.9902,1.447,1.429,-0.2455,0.212
10.629,1,-1.632,-6.77,2.9241,1.453,1.442,-0.2446,0.196
10.68,1,-1.682,-6.757,2.8796,1.46,1.46,-0.2448,0.182
10.729,1,-1.763,-6.731,2.8183,1.476,1.46,-0.234,0.171
10.779,1,-1.833,-6.704,2.7649,1.487,1.481,-0.2133,0.163
10.83,1,-1.893,-6.678,2.7177,1.5,1.503,-0.2217,0.158
10.88,1,-1.955,-6.647,2.6756,1.516,1.525,-0.2341,0.156
10.929,1,-2.02,-6.611,2.6305,1.531,1.525,-0.2224,0.157
10.979,1,-2.102,-6.56,2.5667,1.549,1.546,-0.2347,0.152
11.029,1,-2.162,-6.517,2.513,1.561,1.567,-0.2229,0.149
11.079,1,-2.224,-6.468,2.4583,1.583,1.586,-0.2353,0.151
11.129,1,-2.286,-6.413,2.4112,1.594,1.604,-0.2646,0.156
11.179,1,-2.339,-6.36,2.3538,1.609,1.604,-0.2412,0.158
11.229,1,-2.383,-6.311,2.309,1.62,1.622,-0.2603,0.155
11.279,1,-2.447,-6.231,2.2185,1.635,1.638,-0.2488,0.157
11.329,1,-2.491,-6.167,2.1639,1.645,1.652,-0.261,0.162
11.379,1,-2.523,-6.113,2.1201,1.66,1.652,-0.2373,0.164
11.431,1,-2.566,-6.032,2.0371,1.673,1.674,-0.2131,0.162
11.483,1,-2.598,-5.961,1.9808,1.692,1.684,-0.2014,0.167
11.529,1,-2.63,-5.878,1.9282,1.703,1.699,-0.215,0.164
11.579,1,-2.66,-5.785,1.8661,1.716,1.699,-0.1939,0.155
11.629,1,-2.679,-5.715,1.8267,1.726,1.726,-0.1898,0.149
11.679,1,-2.7,-5.611,1.7653,1.746,1.764,-0.1901,0.148
11.729,1,-2.713,-5.532,1.7178,1.766,1.803,-0.1782,0.16
11.779,1,-2.72,-5.462,1.6835,1.807,1.842,-0.1939,0.168
11.829,1,-2.728,-5.343,1.616,1.835,1.879,-0.155,0.188
11.879,1,-2.728,-5.274,1.5799,1.873,1.914,-0.1555,0.199
11.929,1,-2.726,-5.178,1.5396,1.911,1.946,-0.1727,0.212
11.979,1,-2.719,-5.077,1.4895,1.947,1.977,-0.1318,0.246
12.029,1,-2.71,-4.997,1.452,1.969,2.006,-0.132,0.264
12.08,1,-2.693,-4.887,1.4052,2.01,2.034,-0.1338,0.318
12.129,1,-2.671,-4.781,1.3626,2.037,2.062,-0.1385,0.36
12.179,1,-2.649,-4.689,1.3248,2.067,2.09,-0.1088,0.403
12.229,1,-2.62,-4.587,1.287,2.096,2.119,-0.1041,0.445
12.279,1,-2.578,-4.458,1.2455,2.134,2.149,-0.0919,0.484
12.329,1,-2.551,-4.385,1.2205,2.152,2.181,-0.0772,0.474
12.379,1,-2.507,-4.271,1.1897,2.196,2.214,-0.072,0.463
12.429,1,-2.468,-4.18,1.1721,2.211,2.248,-0.0632,0.453
12.479,1,-2.413,-4.057,1.1418,2.255,2.282,-0.0511,0.445
12.529,1,-2.375,-3.977,1.1293,2.273,2.315,-0.0482,0.438
12.579,1,-2.316,-3.859,1.1047,2.328,2.381,-0.0255,0.432
12.629,1,-2.265,-3.76,1.0904,2.36,2.413,-0.0146,0.427
12.68,1,-2.213,-3.661,1.0837,2.409,2.445,0.0,0.42
12.729,1,-2.146,-3.536,1.0799,2.453,2.477,0.0086,0.414
12.78,1,-2.091,-3.433,1.0828,2.494,2.509,0.0227,0.405
12.829,1,-2.031,-3.319,1.0886,2.523,2.571,0.048,0.394
12.879,1,-1.964,-3.187,1.1044,2.574,2.601,0.0517,0.379
12.929,1,-1.92,-3.099,1.1168,2.594,2.632,0.0609,0.36
12.979,1,-1.867,-2.984,1.1375,2.636,2.662,0.0702,0.336
13.029,1,-1.808,-2.85,1.1675,2.669,2.721,0.0776,0.308
13.08,1,-1.767,-2.751,1.1844,2.692,2.746,0.0819,0.292
13.129,1,-1.707,-2.587,1.2306,2.746,2.789,0.0866,0.236
13.179,1,-1.665,-2.458,1.2661,2.786,2.805,0.0819,0.194
13.229,1,-1.632,-2.344,1.2916,2.806,2.818,0.0779,0.152
13.279,1,-1.597,-2.21,1.3249,2.829,2.838,0.0874,0.105
13.329,1,-1.568,-2.08,1.3511,2.84,2.845,0.0823,0.097
13.379,1,-1.539,-1.923,1.393,2.858,2.851,0.0779,0.083
13.429,1,-1.514,-1.753,1.4378,2.872,2.86,0.0776,0.08
13.479,1,-1.5,-1.615,1.4691,2.881,2.868,0.0872,0.088
13.529,1,-1.491,-1.509,1.4974,2.887,2.872,0.0733,0.091
13.579,1,-1.484,-1.362,1.5284,2.893,2.876,0.0783,0.112
13.629,1,-1.482,-1.179,1.5719,2.899,2.885,0.0819,0.134
13.68,1,-1.485,-1.069,1.6021,2.904,2.894,0.0776,0.152
13.73,1,-1.494,-0.909,1.6375,2.911,2.899,0.0819,0.168
13.781,1,-1.507,-0.77,1.6715,2.918,2.91,0.0797,0.186
13.829,1,-1.524,-0.634,1.6919,2.921,2.916,0.0836,0.216
13.879,1,-1.553,-0.457,1.7436,2.933,2.921,0.0647,0.247
13.929,1,-1.58,-0.325,1.7766,2.94,2.934,0.0701,0.275
13.98,1,-1.611,-0.19,1.806,2.951,2.94,0.0614,0.299
14.029,1,-1.647,-0.052,1.8337,2.959,2.952,0.0495,0.319
14.08,1,-1.687,0.087,1.8572,2.967,2.957,0.0388,0.334
14.131,1,-1.736,0.243,1.8797,2.977,2.967,0.0216,0.347
14.179,1,-1.788,0.396,1.8966,2.986,2.971,0.0054,0.351
14.229,1,-1.837,0.537,1.9059,2.993,3.0,-0.0129,0.359
14.279,1,-1.886,0.679,1.9034,3.01,3.025,-0.0348,0.359
14.329,1,-1.934,0.82,1.8944,3.029,3.077,-0.0523,0.36
14.379,1,-1.972,0.939,1.8811,3.054,3.096,-0.0474,0.362
14.429,1,-2.015,1.081,1.8588,3.089,3.115,-0.0431,0.363
14.479,1,-2.061,1.246,1.8319,3.121,3.084,-0.049,0.377
14.528,1,-2.106,1.428,1.8062,3.121,3.02,-0.0517,0.398
14.579,1,-2.131,1.542,1.7908,3.1,2.986,-0.0517,0.406
14.629,1,-2.162,1.693,1.7638,3.052,2.915,-0.0517,0.402
14.679,1,-2.189,1.844,1.7413,3.009,2.878,-0.0529,0.396
14.729,1,-2.211,1.985,1.7188,2.956,2.798,-0.0448,0.386
14.779,1,-2.231,2.138,1.6947,2.897,2.756,-0.0402,0.374
14.83,1,-2.246,2.277,1.6764,2.835,2.667,-0.0494,0.36
14.88,1,-2.258,2.408,1.6594,2.775,2.573,-0.0517,0.343
14.929,1,-2.268,2.548,1.6403,2.699,2.525,-0.0562,0.332
14.979,1,-2.275,2.672,1.6208,2.625,2.474,-0.0523,0.326
15.029,1,-2.28,2.823,1.5971,2.544,2.423,-0.0528,0.303
15.079,1,-2.281,2.928,1.58,2.493,2.369,-0.0561,0.285
15.129,1,-2.279,3.055,1.5557,2.438,2.259,-0.0644,0.265
15.179,1,-2.276,3.172,1.5358,2.38,2.202,-0.064,0.243
15.229,1,-2.268,3.312,1.5091,2.276,2.141,-0.0808,0.23
15.279,1,-2.261,3.398,1.4918,2.214,2.08,-0.0863,0.202
15.329,1,-2.25,3.508,1.4594,2.147,1.95,-0.1193,0.186
15.379,1,-2.237,3.603,1.4351,2.073,1.888,-0.1207,0.176
15.429,1,-2.217,3.72,1.3927,1.979,1.888,-0.1075,0.157
15.479,1,-2.197,3.817,1.3588,1.923,1.775,-0.144,0.149
15.529,1,-2.174,3.91,1.3218,1.854,1.725,-0.1679,0.143
15.579,1,-2.149,3.996,1.2805,1.778,1.725,-0.1592,0.14
15.63,1,-2.126,4.066,1.2466,1.751,1.682,-0.1677,0.139
15.679,1,-2.094,4.15,1.2096,1.73,1.64,-0.1945,0.135
15.729,1,-2.055,4.241,1.1482,1.673,1.603,-0.192,0.132
15.779,1,-2.022,4.308,1.1071,1.631,1.567,-0.1886,0.134
15.829,1,-1.983,4.378,1.0552,1.601,1.533,-0.2242,0.141
15.88,1,-1.969,4.401,1.0448,1.597,1.533,-0.2172,0.143
15.929,1,-1.897,4.51,0.9577,1.544,1.472,-0.2352,0.141
15.979,1,-1.855,4.565,0.9086,1.514,1.472,-0.2104,0.135
16.03,1,-1.812,4.616,0.862,1.491,1.445,-0.249,0.132
16.079,1,-1.76,4.672,0.8168,1.468,1.423,-0.2732,0.135
16.129,1,-1.712,4.719,0.7654,1.449,1.423,-0.2467,0.136
16.179,1,-1.641,4.779,0.6873,1.434,1.391,-0.2679,0.127
16.23,1,-1.591,4.817,0.6416,1.417,1.391,-0.2558,0.122
16.281,1,-1.538,4.854,0.5883,1.402,1.381,-0.2553,0.12
16.329,1,-1.469,4.895,0.5271,1.395,1.376,-0.2812,0.126
16.38,1,-1.425,4.918,0.4858,1.385,1.376,-0.2549,0.129
16.429,1,-1.363,4.947,0.4332,1.385,1.376,-0.2826,0.125
16.479,1,-1.298,4.974,0.3732,1.381,1.381,-0.2783,0.114
16.529,1,-1.222,5.0,0.3149,1.383,1.381,-0.2666,0.106
16.579,1,-1.155,5.017,0.2551,1.389,1.392,-0.2836,0.1
16.629,1,-1.089,5.031,0.1931,1.392,1.408,-0.2786,0.101
16.679,1,-1.028,5.04,0.1389,1.409,1.425,-0.3034,0.107
16.729,1,-0.945,5.047,0.0676,1.413,1.442,-0.2909,0.111
16.779,1,-0.904,5.048,0.0366,1.425,1.442,-0.2797,0.112
16.829,1,-0.801,5.045,-0.0519,1.447,1.455,-0.2737,0.113
16.879,1,-0.733,5.038,-0.1075,1.458,1.459,-0.2564,0.113
16.929,1,-0.657,5.026,-0.1721,1.467,1.456,-0.2589,0.109
16.979,1,-0.603,5.014,-0.2197,1.466,1.456,-0.2093,0.102
17.029,1,-0.538,4.997,-0.2693,1.472,1.45,-0.2095,0.102
17.079,1,-0.454,4.969,-0.3263,1.468,1.449,-0.2218,0.102
17.131,1,-0.389,4.945,-0.3653,1.465,1.449,-0.1976,0.098
17.181,1,-0.328,4.919,-0.4097,1.467,1.486,-0.1739,0.111
17.23,1,-0.262,4.888,-0.449,1.486,1.533,-0.1976,0.128
17.28,1,-0.193,4.851,-0.4928,1.517,1.583,-0.1866,0.144
17.329,1,-0.127,4.813,-0.5334,1.556,1.583,-0.1749,0.16
17.379,1,-0.068,4.775,-0.5674,1.59,1.634,-0.2021,0.167
17.429,1,0.018,4.714,-0.6381,1.635,1.685,-0.1762,0.187
17.479,1,0.066,4.676,-0.6667,1.673,1.736,-0.1891,0.193
17.529,1,0.134,4.617,-0.7233,1.702,1.785,-0.1811,0.206
17.579,1,0.204,4.55,-0.7719,1.748,1.831,-0.19,0.205
17.629,1,0.274,4.476,-0.8253,1.797,1.871,-0.1909,0.197
17.679,1,0.33,4.411,-0.8721,1.85,1.871,-0.1671,0.192
17.729,1,0.372,4.356,-0.9071,1.875,1.909,-0.161,0.191
17.779,1,0.443,4.257,-0.9701,1.916,1.943,-0.1471,0.191
17.829,1,0.484,4.191,-1.003,1.927,1.975,-0.1315,0.219
17.879,1,0.535,4.103,-1.0484,1.97,2.005,-0.1195,0.241
17.929,1,0.579,4.021,-1.0906,2.005,2.033,-0.1199,0.263
17.979,1,0.628,3.918,-1.1293,2.043,2.06,-0.1203,0.282
18.029,1,0.674,3.814,-1.1687,2.066,2.084,-0.1039,0.298
18.079,1,0.71,3.723,-1.2,2.096,2.108,-0.0917,0.319
18.129,1,0.744,3.628,-1.2302,2.115,2.131,-0.0897,0.357
18.179,1,0.771,3.546,-1.2503,2.137,2.177,-0.0896,0.375
18.229,1,0.809,3.416,-1.2906,2.167,2.201,-0.0797,0.426
18.279,1,0.831,3.333,-1.3076,2.188,2.201,-0.0672,0.407
18.329,1,0.864,3.196,-1.3434,2.221,2.222,-0.0674,0.393
18.379,2,0.887,3.088,-1.3665,2.239,2.282,-0.0643,0.354
18.429,2,0.908,2.98,-1.3862,2.246,2.314,-0.0642,0.331
18.479,2,0.926,2.869,-1.4079,2.302,2.345,-0.0593,0.309
18.529,2,0.94,2.78,-1.421,2.323,2.41,-0.0637,0.289
18.579,2,0.956,2.655,-1.4478,2.377,2.441,-0.06,0.272
18.629,2,0.968,2.54,-1.4701,2.423,2.473,-0.0514,0.257
18.679,2,0.98,2.391,-1.495,2.468,2.504,-0.043,0.243
18.729,2,0.988,2.267,-1.5109,2.489,2.535,-0.043,0.23
18.779,2,0.994,2.143,-1.5288,2.536,2.595,-0.0388,0.219
18.829,2,0.997,2.036,-1.5388,2.549,2.595,-0.0361,0.21
18.879,2,0.999,1.922,-1.5542,2.589,2.655,-0.0302,0.206
18.929,2,0.999,1.746,-1.573,2.632,2.685,-0.0172,0.195
18.979,2,0.998,1.62,-1.5818,2.68,2.743,-0.0137,0.188
19.029,2,0.996,1.507,-1.5875,2.707,2.772,-0.0043,0.191
19.079,2,0.993,1.372,-1.5923,2.754,2.801,-0.0,0.192
19.129,2,0.99,1.224,-1.5935,2.793,2.858,0.0,0.192
19.18,2,0.987,1.086,-1.5934,2.835,2.886,0.0043,0.193
19.229,2,0.984,0.948,-1.5929,2.873,2.942,0.0129,0.194
19.279,2,0.981,0.803,-1.59,2.912,2.969,0.0172,0.196
19.329,2,0.979,0.668,-1.5854,2.941,2.996,0.0228,0.197
19.379,2,0.977,0.513,-1.5774,2.972,3.049,0.0273,0.193
19.429,2,0.978,0.36,-1.5675,3.009,3.076,0.0259,0.187
19.479,2,0.98,0.174,-1.5529,3.063,3.128,0.0313,0.178
19.531,2,0.983,0.057,-1.545,3.081,3.153,0.0259,0.168
19.579,2,0.989,-0.096,-1.5303,3.126,3.204,0.0172,0.161
19.629,2,0.999,-0.298,-1.5164,3.175,3.254,0.0136,0.14
19.679,2,1.008,-0.452,-1.5093,3.223,3.279,0.0043,0.126
19.729,2,1.016,-0.572,-1.5049,3.248,3.328,0.0,0.118
19.779,2,1.031,-0.786,-1.5014,3.303,3.376,-0.0043,0.097
19.829,2,1.042,-0.946,-1.5014,3.342,3.4,-0.0106,0.083
19.881,2,1.051,-1.077,-1.5038,3.375,3.448,-0.022,0.071
19.929,2,1.062,-1.257,-1.5121,3.416,3.495,-0.0259,0.062
19.979,2,1.071,-1.426,-1.5234,3.46,3.518,-0.0274,0.055
20.029,2,1.079,-1.643,-1.5398,3.503,3.563,-0.0259,0.052
20.079,2,1.082,-1.769,-1.5474,3.519,3.586,-0.0304,0.051
20.129,2,1.084,-1.947,-1.5637,3.562,3.629,-0.0302,0.053
20.179,2,1.083,-2.119,-1.579,3.592,3.613,-0.0388,0.056
20.229,2,1.08,-2.271,-1.5964,3.623,3.582,-0.0388,0.059
20.279,2,1.068,-2.539,-1.625,3.609,3.524,-0.0396,0.077
20.329,2,1.056,-2.703,-1.6458,3.585,3.467,-0.0388,0.098
20.379,2,1.044,-2.841,-1.6603,3.553,3.437,-0.0402,0.11
20.429,2,1.019,-3.067,-1.6902,3.485,3.346,-0.0443,0.135
20.479,2,0.997,-3.227,-1.7109,3.427,3.313,-0.0391,0.177
20.529,2,0.971,-3.387,-1.7324,3.368,3.246,-0.0399,0.208
20.579,2,0.948,-3.518,-1.7442,3.338,3.211,-0.0396,0.229
20.629,2,0.908,-3.725,-1.7711,3.277,3.138,-0.0302,0.299
20.679,2,0.876,-3.873,-1.7844,3.222,3.061,-0.0363,0.351
20.729,2,0.837,-4.043,-1.8004,3.161,2.981,-0.0442,0.377
20.779,2,0.802,-4.185,-1.8157,3.085,2.939,-0.0434,0.421
20.829,2,0.773,-4.297,-1.8278,3.041,2.896,-0.0388,0.452
20.879,2,0.736,-4.426,-1.8465,2.979,2.807,-0.0345,0.468
20.929,2,0.69,-4.583,-1.8658,2.91,2.761,-0.0345,0.518
20.979,2,0.636,-4.751,-1.8862,2.823,2.665,-0.0474,0.541
21.029,2,0.594,-4.875,-1.9009,2.767,2.615,-0.0431,0.565
21.079,2,0.555,-4.984,-1.9168,2.688,2.512,-0.056,0.591
21.129,2,0.5,-5.129,-1.9389,2.621,2.459,-0.0655,0.619
21.179,2,0.454,-5.243,-1.9602,2.54,2.403,-0.0603,0.649
21.228,2,0.414,-5.334,-1.9767,2.5,2.345,-0.0703,0.691
21.279,2,0.349,-5.475,-2.0101,2.402,2.224,-0.083,0.736
21.329,2,0.301,-5.572,-2.0323,2.352,2.16,-0.0906,0.734
21.38,2,0.261,-5.65,-2.0534,2.251,2.092,-0.0934,0.727
21.429,2,0.192,-5.77,-2.0963,2.142,2.029,-0.0881,0.711
21.479,2,0.142,-5.852,-2.1235,2.073,1.974,-0.0875,0.703
21.529,2,0.097,-5.922,-2.1463,2.038,1.923,-0.1046,0.691
21.578,2,0.025,-6.027,-2.1812,1.966,1.834,-0.1322,0.683
21.629,2,-0.03,-6.101,-2.2107,1.92,1.834,-0.1194,0.658
21.679,2,-0.084,-6.17,-2.2483,1.859,1.794,-0.1341,0.645
21.728,2,-0.151,-6.248,-2.2838,1.825,1.756,-0.1552,0.634
21.778,2,-0.208,-6.31,-2.3225,1.777,1.719,-0.1544,0.629
21.829,2,-0.258,-6.36,-2.3533,1.744,1.684,-0.1662,0.612
21.881,2,-0.318,-6.415,-2.3993,1.711,1.65,-0.1899,0.591
21.929,2,-0.401,-6.485,-2.4625,1.661,1.619,-0.189,0.569
21.979,2,-0.449,-6.521,-2.5005,1.634,1.588,-0.1884,0.55
22.029,2,-0.517,-6.568,-2.541,1.619,1.588,-0.1893,0.535
22.079,2,-0.564,-6.598,-2.5717,1.602,1.558,-0.228,0.535
22.129,2,-0.652,-6.649,-2.632,1.592,1.53,-0.2281,0.51
22.179,2,-0.717,-6.682,-2.6813,1.552,1.504,-0.2229,0.499
22.228,2,-0.809,-6.721,-2.756,1.515,1.48,-0.2222,0.477
22.279,2,-0.874,-6.745,-2.7967,1.497,1.46,-0.2741,0.451
22.329,2,-0.944,-6.767,-2.8512,1.465,1.444,-0.269,0.423
22.381,2,-0.997,-6.78,-2.8934,1.453,1.444,-0.2491,0.393
22.429,2,-1.065,-6.794,-2.9481,1.444,1.432,-0.261,0.378
22.479,2,-1.142,-6.805,-3.0132,1.433,1.424,-0.2482,0.327
22.529,2,-1.21,-6.811,-3.062,1.43,1.424,-0.2362,0.297
22.579,2,-1.278,-6.814,-3.1116,1.428,1.419,-0.2336,0.286
22.629,2,-1.355,-6.812,3.1101,1.421,1.417,-0.2331,0.257
22.68,2,-1.42,-6.808,3.0633,1.422,1.422,-0.2322,0.241
22.729,2,-1.49,-6.799,3.0187,1.423,1.422,-0.2204,0.226
22.779,2,-1.58,-6.784,2.9569,1.427,1.429,-0.2339,0.208
22.829,2,-1.631,-6.772,2.9169,1.428,1.442,-0.2323,0.193
22.879,2,-1.697,-6.754,2.8711,1.437,1.46,-0.2619,0.187
22.929,2,-1.788,-6.724,2.8054,1.446,1.481,-0.2346,0.171
22.981,2,-1.834,-6.706,2.7618,1.467,1.481,-0.1975,0.163
23.029,2,-1.902,-6.676,2.7174,1.487,1.503,-0.2217,0.159
23.079,2,-1.988,-6.632,2.6584,1.501,1.525,-0.2337,0.158
23.13,2,-2.036,-6.604,2.6184,1.51,1.546,-0.2459,0.159
23.179,2,-2.112,-6.556,2.5559,1.534,1.546,-0.238,0.154
23.229,2,-2.171,-6.513,2.5038,1.546,1.567,-0.2275,0.151
23.279,2,-2.24,-6.457,2.4439,1.567,1.586,-0.2382,0.153
23.329,2,-2.292,-6.409,2.3939,1.579,1.604,-0.2472,0.158
23.381,2,-2.342,-6.359,2.3387,1.593,1.604,-0.2236,0.158
23.429,2,-2.398,-6.294,2.2835,1.605,1.622,-0.2358,0.155
23.479,2,-2.44,-6.241,2.2311,1.613,1.638,-0.2361,0.158
23.529,2,-2.485,-6.178,2.1763,1.628,1.652,-0.2484,0.163
23.58,2,-2.527,-6.11,2.1221,1.638,1.665,-0.2606,0.165
23.629,2,-2.579,-6.013,2.0356,1.65,1.674,-0.2303,0.165
23.679,2,-2.604,-5.958,1.9896,1.667,1.684,-0.213,0.17
23.729,2,-2.634,-5.88,1.9385,1.681,1.684,-0.2012,0.17
23.779,2,-2.666,-5.783,1.8745,1.691,1.699,-0.2014,0.161
23.831,2,-2.683,-5.721,1.8276,1.697,1.726,-0.1894,0.156
23.879,2,-2.704,-5.622,1.7678,1.724,1.764,-0.2051,0.154
23.929,2,-2.717,-5.544,1.7221,1.745,1.803,-0.1926,0.164
23.979,2,-2.726,-5.463,1.6784,1.769,1.842,-0.1785,0.179
24.029,2,-2.733,-5.359,1.6192,1.821,1.879,-0.1682,0.192
24.079,2,-2.734,-5.272,1.5742,1.862,1.914,-0.1714,0.203
24.129,2,-2.731,-5.182,1.5335,1.887,1.946,-0.1711,0.212
24.179,2,-2.723,-5.075,1.4773,1.933,1.977,-0.1489,0.244
24.229,2,-2.713,-4.998,1.443,1.959,1.977,-0.1194,0.278
24.28,2,-2.697,-4.898,1.4073,1.985,2.006,-0.1198,0.314
24.329,2,-2.678,-4.804,1.3685,2.005,2.034,-0.1175,0.354
24.379,2,-2.656,-4.712,1.3349,2.027,2.09,-0.112,0.375
24.429,2,-2.621,-4.585,1.2895,2.067,2.119,-0.1081,0.438
24.479,2,-2.591,-4.491,1.2591,2.105,2.149,-0.1056,0.478
24.529,2,-2.55,-4.377,1.2184,2.141,2.181,-0.0795,0.474
24.579,2,-2.514,-4.284,1.195,2.171,2.214,-0.0754,0.463
24.629,2,-2.482,-4.207,1.1733,2.198,2.248,-0.0679,0.453
24.679,2,-2.437,-4.105,1.1516,2.226,2.282,-0.0602,0.445
24.728,2,-2.386,-3.995,1.1281,2.258,2.315,-0.0465,0.439
24.779,2,-2.324,-3.871,1.1068,2.313,2.348,-0.0343,0.433
24.829,2,-2.275,-3.775,1.0946,2.348,2.381,-0.0217,0.427
24.879,2,-2.233,-3.695,1.0888,2.373,2.445,-0.006,0.423
24.929,2,-2.157,-3.553,1.0807,2.418,2.477,0.0043,0.414
24.978,2,-2.099,-3.445,1.0811,2.466,2.509,0.0172,0.406
25.029,2,-2.046,-3.343,1.0846,2.499,2.54,0.0301,0.397
25.079,2,-2.0,-3.256,1.0912,2.527,2.601,0.0578,0.383
25.129,2,-1.929,-3.114,1.1108,2.567,2.632,0.0647,0.366
25.18,2,-1.877,-3.006,1.1306,2.607,2.662,0.074,0.344
25.229,2,-1.832,-2.905,1.153,2.637,2.692,0.069,0.316
25.279,2,-1.767,-2.747,1.189,2.68,2.746,0.0819,0.284
25.329,2,-1.731,-2.653,1.2147,2.711,2.771,0.0796,0.247
25.379,2,-1.681,-2.506,1.2528,2.757,2.805,0.0867,0.206
25.429,2,-1.644,-2.386,1.2828,2.782,2.818,0.0781,0.166
25.479,2,-1.605,-2.24,1.3135,2.805,2.829,0.0776,0.122
25.529,2,-1.571,-2.091,1.3534,2.828,2.845,0.0819,0.096
25.579,2,-1.544,-1.958,1.3858,2.842,2.851,0.0823,0.086
25.629,2,-1.521,-1.814,1.4209,2.852,2.86,0.087,0.081
25.679,2,-1.506,-1.69,1.4418,2.858,2.864,0.0915,0.087
25.729,2,-1.491,-1.53,1.4938,2.868,2.872,0.0862,0.092
25.779,2,-1.484,-1.392,1.5301,2.874,2.876,0.0823,0.103
25.829,2,-1.482,-1.228,1.5659,2.88,2.885,0.0862,0.125
25.879,2,-1.484,-1.121,1.5941,2.885,2.889,0.0699,0.145
25.929,2,-1.491,-0.974,1.6264,2.893,2.894,0.069,0.161
25.979,2,-1.502,-0.842,1.6545,2.898,2.904,0.0753,0.168
26.029,2,-1.522,-0.657,1.6924,2.906,2.91,0.069,0.203
26.079,2,-1.542,-0.521,1.7201,2.913,2.921,0.0831,0.233
26.129,2,-1.561,-0.412,1.7398,2.917,2.928,0.0835,0.248
26.179,2,-1.591,-0.266,1.7766,2.925,2.94,0.0788,0.278
26.229,2,-1.624,-0.126,1.8122,2.933,2.946,0.0603,0.303
26.28,2,-1.664,0.018,1.8423,2.943,2.952,0.0474,0.322
26.329,2,-1.714,0.182,1.8756,2.957,2.962,0.0308,0.344
26.379,2,-1.753,0.3,1.8868,2.963,2.967,0.0172,0.35
26.429,2,-1.799,0.435,1.8994,2.973,2.976,-0.0045,0.358
26.479,2,-1.863,0.621,1.9041,2.982,3.025,-0.0216,0.361
26.529,2,-1.901,0.732,1.8999,2.997,3.051,-0.0319,0.362
26.579,2,-1.951,0.881,1.8896,3.03,3.077,-0.0483,0.363
26.629,2,-1.998,1.03,1.8709,3.059,3.115,-0.0568,0.366
26.679,2,-2.05,1.207,1.8418,3.097,3.084,-0.056,0.371
26.729,2,-2.079,1.318,1.8224,3.104,3.052,-0.0496,0.399
26.779,2,-2.115,1.472,1.7988,3.083,2.986,-0.056,0.407
26.829,2,-2.154,1.657,1.7704,3.054,2.952,-0.0532,0.405
26.879,2,-2.179,1.794,1.7487,3.009,2.878,-0.0568,0.398
26.929,2,-2.203,1.937,1.7265,2.967,2.838,-0.0388,0.391
26.979,2,-2.219,2.055,1.7121,2.912,2.798,-0.04,0.381
27.029,2,-2.241,2.231,1.6875,2.841,2.713,-0.0431,0.375
27.079,2,-2.252,2.339,1.6713,2.776,2.622,-0.0474,0.354
27.129,2,-2.264,2.473,1.6544,2.721,2.573,-0.0578,0.34
27.179,2,-2.273,2.613,1.6391,2.666,2.525,-0.056,0.329
27.229,2,-2.277,2.679,1.6266,2.626,2.474,-0.056,0.322
27.279,2,-2.282,2.864,1.5914,2.558,2.369,-0.0604,0.298
27.33,2,-2.283,2.994,1.5698,2.476,2.316,-0.0603,0.279
27.379,2,-2.281,3.093,1.5529,2.412,2.259,-0.0642,0.269
27.429,2,-2.274,3.259,1.5217,2.316,2.141,-0.0851,0.247
27.479,2,-2.268,3.357,1.4997,2.229,2.08,-0.0901,0.212
27.529,2,-2.259,3.452,1.4736,2.156,2.015,-0.1016,0.197
27.579,2,-2.247,3.55,1.4473,2.094,1.95,-0.1178,0.179
27.63,2,-2.231,3.657,1.4155,2.032,1.888,-0.1203,0.166
27.68,2,-2.214,3.748,1.382,1.958,1.828,-0.1319,0.156
27.729,2,-2.187,3.869,1.337,1.864,1.775,-0.1466,0.148
27.779,2,-2.164,3.951,1.3021,1.817,1.725,-0.1715,0.143
27.829,2,-2.144,4.016,1.2644,1.749,1.682,-0.1662,0.14
27.879,2,-2.114,4.099,1.2179,1.732,1.64,-0.1905,0.137
27.929,2,-2.076,4.193,1.1673,1.666,1.603,-0.1892,0.132
27.979,2,-2.042,4.265,1.1219,1.624,1.567,-0.1885,0.13
28.029,2,-2.004,4.337,1.0766,1.594,1.567,-0.1812,0.135
28.079,2,-1.967,4.401,1.0356,1.575,1.533,-0.2124,0.14
28.13,2,-1.928,4.462,0.9944,1.551,1.501,-0.227,0.143
28.18,2,-1.89,4.517,0.9527,1.524,1.472,-0.227,0.137
28.229,2,-1.838,4.584,0.8955,1.494,1.445,-0.2577,0.132
28.278,2,-1.794,4.635,0.8597,1.472,1.445,-0.2453,0.131
28.329,2,-1.745,4.685,0.8061,1.443,1.423,-0.2732,0.134
28.379,2,-1.687,4.74,0.7323,1.427,1.405,-0.2561,0.131
28.429,2,-1.636,4.782,0.6805,1.416,1.391,-0.2676,0.124
28.479,2,-1.571,4.83,0.6241,1.395,1.391,-0.2436,0.119
28.529,2,-1.519,4.863,0.5754,1.389,1.381,-0.255,0.12
28.579,2,-1.464,4.895,0.5302,1.381,1.376,-0.2801,0.125
28.629,2,-1.4,4.928,0.4691,1.38,1.376,-0.2549,0.128
28.679,2,-1.326,4.961,0.4062,1.374,1.376,-0.2665,0.127
28.729,2,-1.262,4.985,0.3443,1.372,1.381,-0.2802,0.11
28.779,2,-1.216,5.0,0.3009,1.374,1.392,-0.2912,0.103
28.829,2,-1.139,5.019,0.2345,1.379,1.392,-0.2665,0.098
28.88,2,-1.065,5.033,0.1772,1.389,1.408,-0.2785,0.101
28.929,2,-1.003,5.041,0.1234,1.397,1.425,-0.2951,0.107
28.979,2,-0.926,5.046,0.0546,1.413,1.442,-0.2908,0.11
29.029,2,-0.855,5.046,-0.0102,1.424,1.442,-0.2615,0.11
29.08,2,-0.786,5.043,-0.0605,1.438,1.455,-0.27,0.112
29.129,2,-0.719,5.035,-0.1149,1.445,1.459,-0.2561,0.111
29.18,2,-0.644,5.022,-0.1783,1.457,1.456,-0.2579,0.104
29.23,2,-0.579,5.008,-0.2269,1.459,1.456,-0.2211,0.101
29.28,2,-0.509,4.988,-0.2779,1.46,1.45,-0.2253,0.103
29.33,2,-0.443,4.966,-0.3289,1.457,1.449,-0.2257,0.102
29.379,2,-0.366,4.936,-0.3789,1.453,1.486,-0.1974,0.1
29.431,2,-0.317,4.915,-0.4165,1.456,1.486,-0.1737,0.114
29.48,2,-0.253,4.884,-0.4558,1.488,1.533,-0.2005,0.131
29.53,2,-0.181,4.846,-0.4998,1.516,1.583,-0.1981,0.147
29.579,2,-0.103,4.799,-0.5539,1.563,1.634,-0.199,0.162
29.629,2,-0.039,4.756,-0.6,1.601,1.634,-0.1885,0.176
29.681,2,0.012,4.719,-0.6361,1.631,1.685,-0.179,0.189
29.73,2,0.087,4.659,-0.6888,1.672,1.736,-0.1916,0.199
29.779,2,0.158,4.595,-0.7444,1.729,1.785,-0.1656,0.207
29.831,2,0.203,4.551,-0.7782,1.741,1.831,-0.1823,0.203
29.88,2,0.263,4.489,-0.8157,1.788,1.831,-0.1664,0.196
29.931,2,0.326,4.416,-0.8688,1.83,1.909,-0.1721,0.191
29.979,2,0.382,4.344,-0.9144,1.87,1.909,-0.1583,0.191
30.029,2,0.434,4.271,-0.9583,1.908,1.943,-0.1436,0.192
30.079,2,0.502,4.164,-1.0142,1.943,1.975,-0.1332,0.223
30.13,2,0.53,4.117,-1.0397,1.965,2.005,-0.1196,0.234
30.18,2,0.583,4.019,-1.0844,1.997,2.06,-0.1323,0.256
30.229,2,0.634,3.913,-1.1239,2.028,2.06,-0.1201,0.286
30.279,2,0.681,3.804,-1.173,2.063,2.108,-0.1122,0.295
30.329,2,0.719,3.705,-1.2139,2.097,2.131,-0.0958,0.325
30.378,2,0.744,3.633,-1.2353,2.12,2.154,-0.0935,0.362
30.43,2,0.783,3.513,-1.2706,2.15,2.177,-0.0795,0.397
30.48,2,0.811,3.415,-1.2964,2.173,2.201,-0.0755,0.43
30.529,2,0.837,3.315,-1.319,2.193,2.222,-0.0761,0.404
30.581,2,0.861,3.217,-1.3416,2.213,2.222,-0.0632,0.378
30.63,3,0.888,3.086,-1.3694,2.232,2.282,-0.059,0.353
30.679,3,0.908,2.98,-1.3893,2.26,2.314,-0.0591,0.329
30.731,3,0.926,2.874,-1.4076,2.288,2.345,-0.0593,0.307
30.782,3,0.942,2.771,-1.4271,2.333,2.41,-0.0595,0.287
30.83,3,0.957,2.654,-1.4465,2.368,2.41,-0.0574,0.269
30.879,3,0.973,2.503,-1.4722,2.412,2.473,-0.0556,0.261
30.93,3,0.983,2.384,-1.492,2.44,2.504,-0.0527,0.24
30.979,3,0.99,2.265,-1.5103,2.492,2.535,-0.0483,0.228
31.029,3,0.995,2.149,-1.5291,2.528,2.595,-0.0444,0.218
31.079,3,0.999,2.001,-1.548,2.565,2.625,-0.0345,0.213
31.13,3,1.001,1.879,-1.5626,2.597,2.655,-0.0259,0.202
31.181,3,1.001,1.776,-1.5705,2.631,2.685,-0.0219,0.194
31.229,3,0.999,1.621,-1.5827,2.671,2.743,-0.0147,0.188
31.28,3,0.998,1.559,-1.5858,2.682,2.772,-0.0095,0.189
31.329,3,0.994,1.382,-1.5946,2.74,2.801,-0.0,0.191
31.38,3,0.99,1.232,-1.5978,2.781,2.858,0.0043,0.192
31.431,3,0.987,1.115,-1.5977,2.8,2.886,0.0086,0.192
31.479,3,0.983,0.952,-1.5954,2.86,2.914,0.0129,0.195
31.528,3,0.979,0.767,-1.5897,2.902,2.969,0.0228,0.196
31.581,3,0.978,0.673,-1.5851,2.925,3.023,0.0272,0.198
31.63,3,0.977,0.51,-1.5737,2.977,3.049,0.0271,0.192
31.679,3,0.978,0.314,-1.5593,3.027,3.102,0.0259,0.189
31.729,3,0.981,0.17,-1.5478,3.064,3.128,0.0216,0.175
31.779,3,0.986,0.027,-1.5372,3.107,3.179,0.0228,0.164
31.829,3,0.993,-0.148,-1.5261,3.138,3.204,0.0176,0.159
31.88,3,1.001,-0.297,-1.5184,3.176,3.254,0.0133,0.139
31.93,3,1.01,-0.454,-1.5101,3.21,3.303,0.0043,0.125
31.98,3,1.018,-0.58,-1.5071,3.236,3.328,0.0,0.111
32.03,3,1.029,-0.747,-1.5049,3.295,3.376,-0.0044,0.098
32.079,3,1.041,-0.933,-1.5052,3.332,3.4,-0.0043,0.085
32.13,3,1.051,-1.084,-1.5074,3.369,3.448,-0.0181,0.073
32.181,3,1.061,-1.247,-1.5118,3.403,3.472,-0.0227,0.063
32.23,3,1.07,-1.421,-1.5226,3.443,3.541,-0.0302,0.056
32.282,3,1.077,-1.598,-1.534,3.479,3.563,-0.0302,0.052
32.329,3,1.082,-1.824,-1.553,3.527,3.607,-0.0302,0.052
32.38,3,1.083,-1.988,-1.5673,3.568,3.635,-0.0345,0.054
32.43,3,1.082,-2.15,-1.5835,3.607,3.613,-0.0388,0.059
32.481,3,1.078,-2.312,-1.6007,3.621,3.553,-0.0388,0.062
32.53,3,1.07,-2.493,-1.6198,3.607,3.524,-0.0388,0.077
32.579,3,1.059,-2.661,-1.6385,3.579,3.495,-0.0345,0.087
32.63,3,1.044,-2.841,-1.6606,3.539,3.408,-0.0388,0.122
32.68,3,1.025,-3.022,-1.6815,3.496,3.377,-0.0445,0.148
32.729,3,0.997,-3.237,-1.7084,3.426,3.313,-0.0388,0.162
32.78,3,0.972,-3.394,-1.7274,3.376,3.246,-0.0449,0.206
32.829,3,0.945,-3.552,-1.7451,3.326,3.211,-0.0388,0.248
32.879,3,0.915,-3.706,-1.7651,3.266,3.138,-0.0363,0.295
32.929,3,0.881,-3.864,-1.7851,3.213,3.061,-0.0395,0.346
32.98,3,0.847,-4.011,-1.8021,3.143,3.022,-0.0357,0.388
33.032,3,0.813,-4.15,-1.8192,3.089,2.939,-0.0365,0.418
33.08,3,0.775,-4.291,-1.834,3.026,2.852,-0.0441,0.449
33.13,3,0.734,-4.437,-1.8499,2.964,2.807,-0.0345,0.483
33.181,3,0.69,-4.581,-1.8703,2.89,2.713,-0.0392,0.517
33.232,3,0.648,-4.711,-1.8851,2.82,2.665,-0.0388,0.54
33.28,3,0.605,-4.839,-1.9002,2.748,2.565,-0.0517,0.564
33.329,3,0.555,-4.978,-1.9185,2.672,2.512,-0.056,0.59
33.381,3,0.511,-5.095,-1.9396,2.602,2.459,-0.0607,0.618
33.429,3,0.457,-5.228,-1.9592,2.538,2.403,-0.056,0.648
33.484,3,0.424,-5.305,-1.9755,2.475,2.345,-0.0666,0.667
33.53,3,0.354,-5.46,-2.0056,2.413,2.224,-0.0858,0.734
33.579,3,0.305,-5.56,-2.0285,2.317,2.16,-0.0895,0.734
33.628,3,0.265,-5.636,-2.0492,2.259,2.092,-0.0889,0.726
33.68,3,0.198,-5.755,-2.0891,2.154,2.029,-0.093,0.711
33.729,3,0.158,-5.822,-2.1077,2.117,1.974,-0.0919,0.707
33.78,3,0.09,-5.93,-2.1476,2.009,1.923,-0.1043,0.691
33.831,3,0.048,-5.991,-2.1739,1.954,1.878,-0.1051,0.674
33.88,3,-0.009,-6.069,-2.2013,1.917,1.834,-0.1193,0.657
33.93,3,-0.066,-6.144,-2.2354,1.87,1.794,-0.1314,0.645
33.98,3,-0.126,-6.216,-2.2666,1.827,1.756,-0.1552,0.634
34.028,3,-0.202,-6.301,-2.3165,1.773,1.719,-0.1676,0.624
34.079,3,-0.259,-6.359,-2.3553,1.732,1.684,-0.1659,0.614
34.129,3,-0.3,-6.397,-2.3825,1.707,1.65,-0.2018,0.604
34.179,3,-0.386,-6.471,-2.4475,1.656,1.619,-0.218,0.57
34.229,3,-0.448,-6.518,-2.4943,1.647,1.588,-0.2008,0.551
34.28,3,-0.509,-6.561,-2.5409,1.608,1.588,-0.1763,0.535
34.33,3,-0.587,-6.61,-2.5935,1.592,1.558,-0.2124,0.521
34.379,3,-0.65,-6.645,-2.6353,1.562,1.53,-0.2265,0.508
34.429,3,-0.714,-6.677,-2.6824,1.544,1.504,-0.223,0.497
34.48,3,-0.775,-6.704,-2.7348,1.51,1.48,-0.2266,0.477
34.529,3,-0.86,-6.736,-2.7934,1.489,1.46,-0.2574,0.452
34.582,3,-0.916,-6.754,-2.8346,1.468,1.46,-0.2331,0.423
34.63,3,-0.984,-6.773,-2.8849,1.459,1.444,-0.2569,0.394
34.68,3,-1.074,-6.791,-2.9517,1.443,1.432,-0.2569,0.381
34.729,3,-1.147,-6.802,-3.0081,1.436,1.424,-0.2567,0.333
34.78,3,-1.212,-6.808,-3.0514,1.424,1.424,-0.2324,0.303
34.83,3,-1.275,-6.811,-3.1,1.422,1.419,-0.2455,0.281
34.878,3,-1.333,-6.811,3.1406,1.417,1.417,-0.2485,0.271
34.929,3,-1.422,-6.806,3.0729,1.413,1.422,-0.2438,0.244
34.98,3,-1.464,-6.801,3.0421,1.418,1.422,-0.2349,0.237
35.028,3,-1.566,-6.785,2.9707,1.42,1.429,-0.2322,0.221
35.079,3,-1.62,-6.774,2.9257,1.426,1.442,-0.2491,0.196
35.129,3,-1.689,-6.756,2.875,1.428,1.46,-0.2595,0.183
35.18,3,-1.77,-6.729,2.8203,1.443,1.46,-0.2326,0.172
35.229,3,-1.831,-6.706,2.7692,1.456,1.481,-0.2091,0.164
35.28,3,-1.904,-6.674,2.7166,1.481,1.503,-0.2214,0.159
35.33,3,-1.964,-6.644,2.6747,1.484,1.525,-0.248,0.158
35.38,3,-2.027,-6.609,2.6232,1.506,1.525,-0.2219,0.159
35.43,3,-2.089,-6.57,2.571,1.523,1.546,-0.2341,0.153
35.48,3,-2.147,-6.529,2.5201,1.538,1.567,-0.2225,0.15
35.53,3,-2.21,-6.479,2.4656,1.554,1.586,-0.2473,0.15
35.579,3,-2.269,-6.428,2.4137,1.569,1.586,-0.2259,0.155
35.629,3,-2.325,-6.373,2.3558,1.582,1.604,-0.2358,0.157
35.68,3,-2.375,-6.319,2.3025,1.596,1.622,-0.2357,0.154
35.729,3,-2.436,-6.245,2.2352,1.612,1.638,-0.2479,0.154
35.78,3,-2.479,-6.184,2.1814,1.622,1.652,-0.2601,0.161
35.83,3,-2.529,-6.105,2.1099,1.637,1.665,-0.2609,0.163
35.88,3,-2.557,-6.051,2.0637,1.646,1.674,-0.23,0.162
35.93,3,-2.599,-5.963,1.9929,1.666,1.674,-0.2037,0.167
35.979,3,-2.622,-5.906,1.9617,1.674,1.684,-0.2011,0.169
36.03,3,-2.653,-5.818,1.8936,1.682,1.699,-0.2012,0.161
36.082,3,-2.675,-5.744,1.8444,1.696,1.726,-0.2059,0.154
36.129,3,-2.697,-5.646,1.783,1.717,1.764,-0.2018,0.151
36.181,3,-2.712,-5.564,1.7332,1.737,1.803,-0.1899,0.158
36.229,3,-2.724,-5.463,1.6733,1.785,1.842,-0.1785,0.173
36.281,3,-2.728,-5.396,1.6376,1.817,1.879,-0.1689,0.187
36.33,3,-2.731,-5.29,1.5827,1.86,1.914,-0.1705,0.198
36.38,3,-2.73,-5.203,1.5424,1.892,1.914,-0.1433,0.208
36.431,3,-2.724,-5.114,1.501,1.916,1.946,-0.1438,0.234
36.479,3,-2.712,-5.002,1.4496,1.946,1.977,-0.1194,0.269
36.529,3,-2.7,-4.923,1.4196,1.968,2.006,-0.1196,0.304
36.58,3,-2.683,-4.827,1.3859,1.994,2.034,-0.1198,0.343
36.629,3,-2.654,-4.701,1.3375,2.032,2.062,-0.1202,0.365
36.68,3,-2.634,-4.625,1.3048,2.059,2.119,-0.1137,0.429
36.732,3,-2.606,-4.532,1.2705,2.089,2.149,-0.1042,0.469
36.779,3,-2.572,-4.432,1.2384,2.126,2.149,-0.0919,0.476
36.83,3,-2.531,-4.323,1.2006,2.155,2.181,-0.0731,0.466
36.879,3,-2.493,-4.231,1.1765,2.181,2.248,-0.0672,0.456
36.93,3,-2.448,-4.128,1.1544,2.209,2.248,-0.0588,0.448
36.98,3,-2.403,-4.03,1.1333,2.248,2.315,-0.0464,0.441
37.03,3,-2.349,-3.92,1.1134,2.273,2.348,-0.0352,0.435
37.079,3,-2.284,-3.792,1.0951,2.335,2.381,-0.0212,0.428
37.129,3,-2.233,-3.696,1.0872,2.371,2.413,-0.0085,0.422
37.181,3,-2.189,-3.613,1.083,2.406,2.477,0.0043,0.416
37.229,3,-2.123,-3.489,1.0811,2.446,2.509,0.0171,0.408
37.28,3,-2.067,-3.383,1.0846,2.486,2.54,0.0301,0.399
37.33,3,-2.009,-3.272,1.0912,2.512,2.571,0.0431,0.388
37.38,3,-1.942,-3.14,1.107,2.559,2.632,0.0647,0.371
37.43,3,-1.891,-3.035,1.1247,2.594,2.662,0.0733,0.351
37.48,3,-1.841,-2.925,1.1506,2.636,2.692,0.0733,0.325
37.529,3,-1.781,-2.783,1.18,2.662,2.721,0.0735,0.294
37.579,3,-1.735,-2.662,1.2084,2.705,2.771,0.0862,0.259
37.63,3,-1.7,-2.565,1.2355,2.731,2.789,0.0777,0.219
37.679,3,-1.659,-2.436,1.2669,2.766,2.818,0.0862,0.199
37.729,3,-1.61,-2.261,1.3114,2.799,2.829,0.0819,0.135
37.779,3,-1.58,-2.132,1.3435,2.819,2.838,0.0733,0.098
37.829,3,-1.551,-1.988,1.3806,2.835,2.851,0.0776,0.087
37.88,3,-1.529,-1.859,1.4074,2.846,2.856,0.0823,0.082
37.929,3,-1.515,-1.763,1.4291,2.852,2.864,0.0905,0.08
37.978,3,-1.494,-1.559,1.4819,2.862,2.868,0.0826,0.088
38.029,3,-1.487,-1.45,1.5133,2.868,2.876,0.0828,0.096
38.079,3,-1.482,-1.278,1.5521,2.875,2.88,0.0824,0.119
38.129,3,-1.483,-1.134,1.5855,2.88,2.885,0.0733,0.14
38.18,3,-1.487,-1.024,1.6136,2.887,2.894,0.0737,0.157
38.23,3,-1.497,-0.877,1.6419,2.891,2.899,0.0733,0.172
38.279,3,-1.513,-0.713,1.6783,2.899,2.91,0.0819,0.195
38.33,3,-1.534,-0.563,1.7122,2.904,2.916,0.0779,0.226
38.381,3,-1.552,-0.451,1.7362,2.912,2.921,0.0733,0.256
38.43,3,-1.583,-0.297,1.7778,2.921,2.94,0.0733,0.284
38.48,3,-1.621,-0.14,1.8141,2.932,2.946,0.069,0.307
38.529,3,-1.651,-0.029,1.8353,2.939,2.952,0.0517,0.317
38.579,3,-1.696,0.12,1.8652,2.948,2.957,0.0345,0.34
38.63,3,-1.747,0.278,1.8912,2.959,2.967,0.0151,0.35
38.682,3,-1.792,0.409,1.9032,2.967,2.976,-0.0062,0.358
38.731,3,-1.839,0.544,1.9076,2.974,3.0,-0.0172,0.359
38.78,3,-1.887,0.682,1.9041,2.983,3.051,-0.0345,0.359
38.83,3,-1.935,0.821,1.8958,3.008,3.077,-0.0474,0.359
38.88,3,-1.982,0.966,1.8807,3.042,3.096,-0.0517,0.362
38.929,3,-2.03,1.124,1.8564,3.075,3.1,-0.056,0.366
38.98,3,-2.071,1.277,1.8296,3.099,3.052,-0.0604,0.381
39.029,3,-2.104,1.409,1.8094,3.099,3.02,-0.0517,0.404
39.08,3,-2.146,1.604,1.7761,3.064,2.952,-0.0517,0.406
39.131,3,-2.173,1.747,1.7525,3.021,2.915,-0.0495,0.4
39.179,3,-2.195,1.882,1.7283,2.958,2.838,-0.0434,0.394
39.23,3,-2.215,2.021,1.7075,2.92,2.798,-0.0345,0.383
39.279,3,-2.23,2.138,1.6959,2.878,2.713,-0.0451,0.378
39.329,3,-2.25,2.32,1.6755,2.798,2.667,-0.0488,0.359
39.379,3,-2.26,2.421,1.6627,2.739,2.573,-0.056,0.351
39.429,3,-2.272,2.599,1.6315,2.635,2.525,-0.0474,0.332
39.479,3,-2.277,2.695,1.6161,2.577,2.474,-0.0474,0.319
39.529,3,-2.281,2.822,1.5997,2.531,2.423,-0.0517,0.304
39.579,3,-2.283,2.981,1.5746,2.464,2.316,-0.0649,0.288
39.629,3,-2.281,3.087,1.5571,2.414,2.259,-0.0735,0.268
39.681,3,-2.278,3.198,1.5331,2.313,2.202,-0.0733,0.244
39.729,3,-2.272,3.303,1.508,2.257,2.08,-0.0901,0.218
39.78,3,-2.263,3.409,1.4801,2.158,2.015,-0.0964,0.202
39.83,3,-2.252,3.506,1.454,2.088,1.95,-0.1125,0.185
39.878,3,-2.233,3.638,1.4171,2.002,1.888,-0.1203,0.176
39.948,3,-2.22,3.711,1.3888,1.966,1.828,-0.132,0.157
39.979,3,-2.197,3.816,1.373,1.93,1.828,-0.1351,0.157
40.029,3,-2.173,3.915,1.3137,1.846,1.725,-0.1718,0.143
40.079,3,-2.15,3.992,1.2803,1.777,1.725,-0.1605,0.139
40.13,3,-2.126,4.063,1.2438,1.738,1.682,-0.1538,0.139
40.18,3,-2.096,4.143,1.1989,1.71,1.64,-0.1826,0.133
40.23,3,-2.064,4.217,1.1614,1.668,1.603,-0.1918,0.13
40.279,3,-2.029,4.291,1.1181,1.626,1.567,-0.2042,0.133
40.331,3,-1.991,4.362,1.0656,1.589,1.533,-0.2117,0.139
40.381,3,-1.952,4.427,1.0228,1.559,1.501,-0.2231,0.143
40.429,3,-1.901,4.504,0.9615,1.514,1.501,-0.1986,0.14
40.478,3,-1.851,4.569,0.9142,1.504,1.472,-0.2101,0.135
40.528,3,-1.803,4.626,0.863,1.477,1.445,-0.2453,0.132
40.579,3,-1.759,4.673,0.8199,1.449,1.423,-0.2743,0.134
40.632,3,-1.711,4.72,0.7713,1.439,1.423,-0.2444,0.137
40.679,3,-1.651,4.773,0.7082,1.421,1.405,-0.2604,0.13
40.729,3,-1.597,4.815,0.6494,1.401,1.391,-0.2553,0.125
40.781,3,-1.554,4.845,0.608,1.391,1.381,-0.2669,0.122
40.83,3,-1.498,4.881,0.5574,1.382,1.376,-0.2905,0.127
40.879,3,-1.42,4.924,0.4885,1.368,1.376,-0.2811,0.129
40.93,3,-1.366,4.95,0.4391,1.368,1.376,-0.278,0.131
40.979,3,-1.307,4.974,0.3773,1.368,1.381,-0.2898,0.119
41.029,3,-1.242,4.996,0.3238,1.368,1.381,-0.2793,0.11
41.08,3,-1.176,5.014,0.2611,1.373,1.392,-0.2781,0.103
41.131,3,-1.109,5.029,0.2007,1.379,1.408,-0.2927,0.1
41.178,3,-1.029,5.041,0.1333,1.387,1.425,-0.2902,0.106
41.229,3,-0.968,5.046,0.0868,1.397,1.425,-0.2795,0.11
41.28,3,-0.905,5.049,0.027,1.415,1.442,-0.2829,0.112
41.329,3,-0.821,5.047,-0.0453,1.429,1.455,-0.2716,0.113
41.379,3,-0.768,5.042,-0.0881,1.44,1.459,-0.2562,0.114
41.43,3,-0.685,5.031,-0.1546,1.453,1.459,-0.2328,0.107
41.48,3,-0.617,5.017,-0.2064,1.459,1.456,-0.2329,0.103
41.529,3,-0.551,5.001,-0.2513,1.461,1.45,-0.2375,0.103
41.58,3,-0.486,4.981,-0.2885,1.457,1.45,-0.2093,0.104
41.63,3,-0.41,4.954,-0.3543,1.454,1.449,-0.1973,0.1
41.679,3,-0.334,4.922,-0.4019,1.454,1.486,-0.1855,0.105
41.729,3,-0.269,4.892,-0.4463,1.485,1.533,-0.1979,0.122
41.779,3,-0.21,4.861,-0.4799,1.507,1.533,-0.1862,0.139
41.83,3,-0.136,4.819,-0.5294,1.534,1.583,-0.1907,0.154
41.88,3,-0.087,4.788,-0.5685,1.573,1.634,-0.1875,0.169
41.929,3,-0.008,4.733,-0.6226,1.619,1.685,-0.1902,0.182
41.98,3,0.041,4.696,-0.6587,1.65,1.736,-0.1887,0.194
42.029,3,0.128,4.623,-0.7161,1.71,1.736,-0.1827,0.203
42.079,3,0.187,4.567,-0.7581,1.735,1.785,-0.1717,0.208
42.13,3,0.246,4.506,-0.8079,1.779,1.831,-0.1664,0.199
42.18,3,0.292,4.455,-0.8343,1.802,1.871,-0.1915,0.193
42.229,3,0.342,4.395,-0.8816,1.831,1.909,-0.155,0.191
42.28,3,0.42,4.291,-0.9442,1.895,1.943,-0.1556,0.191
42.33,3,0.47,4.216,-0.9857,1.912,1.975,-0.1481,0.211
42.381,3,0.511,4.15,-1.0153,1.954,2.005,-0.144,0.234
42.429,3,0.562,4.06,-1.0689,1.989,2.033,-0.1198,0.256
42.479,3,0.615,3.954,-1.1149,2.024,2.06,-0.1201,0.277
42.53,3,0.657,3.861,-1.1512,2.047,2.084,-0.1079,0.295
42.579,3,0.687,3.791,-1.1718,2.07,2.108,-0.1097,0.302
42.63,3,0.735,3.666,-1.2168,2.094,2.131,-0.1018,0.344
42.679,3,0.761,3.59,-1.2388,2.12,2.154,-0.1009,0.38
42.729,3,0.791,3.492,-1.2729,2.139,2.177,-0.0753,0.398
42.78,3,0.829,3.354,-1.3092,2.177,2.201,-0.0726,0.418
42.829,3,0.854,3.253,-1.333,2.202,2.222,-0.0673,0.391
42.88,4,0.877,3.149,-1.3575,2.226,2.222,-0.0641,0.365
42.929,4,0.893,3.071,-1.3704,2.231,2.314,-0.0675,0.352
42.98,4,0.92,2.917,-1.4026,2.282,2.345,-0.0634,0.319
43.03,4,0.937,2.807,-1.4239,2.316,2.377,-0.0638,0.299
43.079,4,0.952,2.691,-1.4441,2.356,2.41,-0.0553,0.281
43.13,4,0.965,2.572,-1.466,2.4,2.441,-0.0512,0.265
43.179,4,0.975,2.458,-1.4841,2.435,2.473,-0.0471,0.25
43.229,4,0.982,2.36,-1.4969,2.447,2.535,-0.0472,0.243
43.28,4,0.991,2.201,-1.5216,2.508,2.565,-0.0441,0.226
43.33,4,0.995,2.082,-1.5371,2.536,2.595,-0.0364,0.216
43.379,4,0.998,1.981,-1.5466,2.571,2.655,-0.0349,0.211
43.429,4,0.999,1.809,-1.5662,2.621,2.685,-0.0216,0.203
43.479,4,0.999,1.684,-1.5756,2.661,2.714,-0.0187,0.191
43.53,4,0.998,1.582,-1.5818,2.699,2.772,-0.0086,0.188
43.58,4,0.995,1.443,-1.5878,2.732,2.801,-0.0043,0.19
43.629,4,0.993,1.302,-1.5912,2.776,2.83,-0.0,0.191
43.679,4,0.99,1.159,-1.5917,2.814,2.858,0.0,0.191
43.73,4,0.987,1.022,-1.5917,2.839,2.914,0.0043,0.192
43.779,4,0.984,0.876,-1.5909,2.874,2.969,0.0184,0.194
43.829,4,0.981,0.737,-1.5874,2.921,2.996,0.0172,0.195
43.88,4,0.979,0.583,-1.5794,2.964,3.023,0.0233,0.193
43.932,4,0.979,0.439,-1.5715,2.999,3.076,0.0264,0.188
43.98,4,0.98,0.282,-1.561,3.033,3.102,0.0259,0.181
44.03,4,0.983,0.119,-1.5473,3.078,3.153,0.0259,0.171
44.08,4,0.988,-0.03,-1.535,3.117,3.179,0.0224,0.159
44.13,4,0.994,-0.162,-1.5278,3.139,3.229,0.0175,0.153
44.179,4,1.003,-0.343,-1.5156,3.182,3.254,0.0086,0.132
44.229,4,1.014,-0.506,-1.5071,3.227,3.328,0.0,0.117
44.279,4,1.024,-0.672,-1.5044,3.267,3.352,-0.0,0.104
44.329,4,1.038,-0.874,-1.5044,3.317,3.4,-0.0043,0.097
44.379,4,1.048,-1.031,-1.5052,3.357,3.424,-0.0129,0.078
44.43,4,1.059,-1.193,-1.5071,3.388,3.472,-0.0216,0.066
44.48,4,1.068,-1.357,-1.5165,3.434,3.518,-0.0318,0.057
44.529,4,1.077,-1.554,-1.5284,3.463,3.541,-0.0315,0.054
44.579,4,1.083,-1.718,-1.5415,3.502,3.586,-0.0345,0.048
44.629,4,1.085,-1.881,-1.5566,3.539,3.629,-0.0394,0.049
44.68,4,1.086,-2.024,-1.569,3.569,3.64,-0.0388,0.051
44.73,4,1.082,-2.229,-1.5941,3.611,3.613,-0.036,0.058
44.78,4,1.074,-2.439,-1.6151,3.623,3.553,-0.0393,0.066
44.829,4,1.064,-2.616,-1.6326,3.611,3.495,-0.0441,0.086
44.879,4,1.054,-2.748,-1.6461,3.576,3.467,-0.0388,0.097
44.93,4,1.032,-2.968,-1.6764,3.505,3.377,-0.0479,0.133
44.979,4,1.013,-3.129,-1.6963,3.448,3.346,-0.0437,0.16
45.029,4,0.993,-3.264,-1.7133,3.414,3.281,-0.0438,0.174
45.079,4,0.958,-3.476,-1.7439,3.34,3.211,-0.0388,0.225
45.13,4,0.929,-3.628,-1.7639,3.287,3.175,-0.0302,0.271
45.18,4,0.893,-3.799,-1.7809,3.221,3.1,-0.0317,0.321
45.23,4,0.867,-3.917,-1.7931,3.181,3.022,-0.0345,0.373
45.281,4,0.832,-4.064,-1.8072,3.11,2.981,-0.0361,0.404
45.33,4,0.793,-4.218,-1.8225,3.047,2.896,-0.0442,0.434
45.381,4,0.758,-4.346,-1.8356,3.01,2.852,-0.0439,0.45
45.43,4,0.706,-4.527,-1.8622,2.915,2.761,-0.0391,0.5
45.48,4,0.666,-4.655,-1.8776,2.844,2.713,-0.0345,0.528
45.529,4,0.625,-4.777,-1.892,2.792,2.615,-0.0431,0.552
45.579,4,0.581,-4.906,-1.9074,2.715,2.565,-0.0517,0.577
45.629,4,0.537,-5.026,-1.9241,2.649,2.512,-0.0529,0.603
45.68,4,0.487,-5.154,-1.9474,2.573,2.403,-0.0663,0.632
45.731,4,0.441,-5.266,-1.9683,2.503,2.345,-0.0647,0.665
45.781,4,0.41,-5.338,-1.982,2.456,2.286,-0.0687,0.687
45.83,4,0.341,-5.487,-2.0131,2.365,2.16,-0.0943,0.745
45.88,4,0.291,-5.586,-2.0374,2.283,2.092,-0.0942,0.727
45.93,4,0.234,-5.693,-2.0726,2.168,2.029,-0.101,0.716
45.979,4,0.185,-5.779,-2.1012,2.095,1.974,-0.0917,0.706
46.03,4,0.122,-5.879,-2.1354,2.021,1.923,-0.1038,0.697
46.079,4,0.062,-5.97,-2.164,1.965,1.878,-0.1166,0.691
46.13,4,0.012,-6.041,-2.1911,1.934,1.834,-0.1333,0.665
46.18,4,-0.043,-6.113,-2.2222,1.873,1.794,-0.1313,0.65
46.229,4,-0.099,-6.182,-2.2595,1.84,1.756,-0.1552,0.637
46.28,4,-0.153,-6.244,-2.2933,1.793,1.719,-0.1545,0.626
46.329,4,-0.224,-6.319,-2.3393,1.749,1.684,-0.1663,0.616
46.379,4,-0.281,-6.375,-2.3776,1.71,1.684,-0.1595,0.601
46.429,4,-0.338,-6.426,-2.4171,1.69,1.65,-0.1773,0.58
46.48,4,-0.414,-6.489,-2.4644,1.66,1.619,-0.1935,0.56
46.529,4,-0.481,-6.538,-2.5155,1.625,1.588,-0.1938,0.543
46.58,4,-0.54,-6.578,-2.5556,1.598,1.558,-0.224,0.527
46.629,4,-0.596,-6.612,-2.5935,1.584,1.558,-0.1996,0.513
46.682,4,-0.665,-6.65,-2.6488,1.557,1.504,-0.2365,0.501
46.73,4,-0.735,-6.684,-2.6932,1.537,1.504,-0.2276,0.49
46.781,4,-0.804,-6.713,-2.7523,1.503,1.48,-0.2101,0.466
46.829,4,-0.885,-6.742,-2.8102,1.488,1.46,-0.2583,0.439
46.88,4,-0.948,-6.762,-2.8552,1.464,1.444,-0.2715,0.411
46.93,4,-1.025,-6.78,-2.9165,1.447,1.444,-0.246,0.382
46.98,4,-1.103,-6.795,-2.9716,1.441,1.432,-0.25,0.351
47.03,4,-1.155,-6.801,-3.0166,1.431,1.424,-0.2446,0.318
47.079,4,-1.227,-6.807,-3.0662,1.423,1.419,-0.2592,0.29
47.132,4,-1.302,-6.809,-3.1266,1.421,1.419,-0.2329,0.27
47.182,4,-1.366,-6.808,3.1092,1.418,1.417,-0.2203,0.252
47.23,4,-1.446,-6.802,3.0535,1.418,1.422,-0.2321,0.237
47.28,4,-1.524,-6.791,3.0029,1.419,1.429,-0.2571,0.222
47.33,4,-1.588,-6.78,2.9571,1.419,1.429,-0.2355,0.205
47.379,4,-1.653,-6.765,2.9056,1.426,1.442,-0.2452,0.19
47.43,4,-1.716,-6.747,2.8572,1.431,1.46,-0.2468,0.178
47.48,4,-1.778,-6.726,2.8098,1.443,1.481,-0.2208,0.169
47.529,4,-1.845,-6.7,2.7618,1.463,1.481,-0.1975,0.165
47.579,4,-1.93,-6.661,2.7023,1.483,1.503,-0.2256,0.159
47.629,4,-1.992,-6.629,2.6597,1.49,1.525,-0.2457,0.158
47.679,4,-2.065,-6.587,2.5995,1.515,1.546,-0.2627,0.159
47.73,4,-2.11,-6.557,2.5538,1.522,1.567,-0.2369,0.152
47.779,4,-2.182,-6.504,2.4869,1.551,1.567,-0.2144,0.15
47.83,4,-2.233,-6.461,2.4458,1.564,1.586,-0.2231,0.153
47.881,4,-2.291,-6.409,2.3905,1.575,1.604,-0.2473,0.158
47.929,4,-2.359,-6.339,2.3233,1.59,1.622,-0.2596,0.156
47.981,4,-2.398,-6.293,2.2768,1.601,1.638,-0.2597,0.154
48.03,4,-2.447,-6.23,2.2218,1.615,1.638,-0.2518,0.158
48.079,4,-2.492,-6.164,2.1639,1.628,1.652,-0.2531,0.163
48.128,4,-2.544,-6.074,2.0807,1.638,1.665,-0.2364,0.163
48.18,4,-2.571,-6.022,2.0329,1.652,1.674,-0.2134,0.162
48.229,4,-2.61,-5.932,1.967,1.669,1.684,-0.2139,0.167
48.279,4,-2.635,-5.867,1.9283,1.676,1.684,-0.1891,0.164
48.33,4,-2.66,-5.787,1.8759,1.686,1.726,-0.2134,0.155
48.38,4,-2.682,-5.709,1.8247,1.701,1.726,-0.1895,0.151
48.43,4,-2.699,-5.627,1.7735,1.724,1.764,-0.1899,0.149
48.48,4,-2.713,-5.541,1.7252,1.744,1.803,-0.1916,0.163
48.53,4,-2.724,-5.447,1.6674,1.788,1.842,-0.1841,0.178
48.58,4,-2.73,-5.337,1.6114,1.823,1.879,-0.1547,0.191
48.629,4,-2.73,-5.252,1.57,1.845,1.914,-0.155,0.201
48.679,4,-2.727,-5.164,1.5313,1.889,1.946,-0.1555,0.214
48.729,4,-2.721,-5.082,1.4934,1.919,1.977,-0.1437,0.248
48.779,4,-2.707,-4.962,1.4416,1.961,2.006,-0.1318,0.283
48.83,4,-2.695,-4.888,1.4054,1.984,2.034,-0.1352,0.319
48.879,4,-2.676,-4.793,1.3721,2.011,2.034,-0.12,0.339
48.93,4,-2.646,-4.667,1.3248,2.04,2.09,-0.1203,0.404
48.979,4,-2.619,-4.571,1.291,2.071,2.119,-0.1122,0.446
49.029,4,-2.583,-4.462,1.2512,2.098,2.149,-0.1057,0.466
49.079,4,-2.551,-4.372,1.2196,2.133,2.181,-0.0835,0.471
49.13,4,-2.518,-4.288,1.1926,2.161,2.214,-0.0764,0.461
49.18,4,-2.47,-4.175,1.1614,2.206,2.248,-0.0648,0.452
49.229,4,-2.433,-4.094,1.1439,2.229,2.282,-0.0464,0.449
49.28,4,-2.38,-3.983,1.1257,2.269,2.315,-0.0423,0.438
49.329,4,-2.321,-3.864,1.1047,2.311,2.381,-0.0255,0.431
49.379,4,-2.269,-3.764,1.0937,2.357,2.413,-0.0182,0.425
49.43,4,-2.208,-3.647,1.0841,2.387,2.445,-0.0063,0.418
49.478,4,-2.15,-3.539,1.0801,2.43,2.477,0.0093,0.413
49.529,4,-2.095,-3.434,1.0809,2.468,2.509,0.0172,0.405
49.58,4,-2.057,-3.364,1.0837,2.486,2.54,0.0301,0.4
49.63,4,-1.986,-3.228,1.0938,2.528,2.601,0.056,0.382
49.679,4,-1.928,-3.111,1.111,2.563,2.632,0.0665,0.364
49.729,4,-1.878,-3.009,1.1265,2.591,2.662,0.0746,0.343
49.779,4,-1.81,-2.855,1.1602,2.642,2.721,0.0879,0.315
49.829,4,-1.762,-2.739,1.1883,2.671,2.746,0.0882,0.282
49.88,4,-1.726,-2.643,1.2116,2.703,2.771,0.0907,0.244
49.93,4,-1.681,-2.508,1.255,2.746,2.805,0.0776,0.202
49.98,4,-1.64,-2.373,1.2883,2.777,2.818,0.0776,0.16
50.029,4,-1.597,-2.205,1.3261,2.805,2.838,0.0862,0.115
50.08,4,-1.568,-2.075,1.3568,2.823,2.845,0.0837,0.093
50.129,4,-1.543,-1.944,1.3889,2.838,2.851,0.0783,0.084
50.18,4,-1.526,-1.837,1.4119,2.847,2.86,0.0876,0.081
50.23,4,-1.506,-1.676,1.4533,2.856,2.864,0.0829,0.086
50.279,4,-1.492,-1.514,1.4963,2.864,2.872,0.087,0.089
50.33,4,-1.486,-1.367,1.534,2.869,2.876,0.0733,0.104
50.38,4,-1.484,-1.278,1.5555,2.875,2.885,0.0833,0.115
50.43,4,-1.487,-1.1,1.5952,2.883,2.889,0.0733,0.144
50.481,4,-1.494,-0.964,1.6284,2.889,2.899,0.0733,0.161
50.529,4,-1.505,-0.823,1.6593,2.896,2.904,0.071,0.174
50.579,4,-1.525,-0.647,1.6943,2.905,2.91,0.0707,0.189
50.63,4,-1.546,-0.506,1.7266,2.91,2.921,0.0782,0.235
50.683,4,-1.566,-0.394,1.7451,2.914,2.928,0.0776,0.265
50.73,4,-1.598,-0.24,1.7864,2.925,2.94,0.0733,0.291
50.78,4,-1.632,-0.103,1.8193,2.935,2.952,0.0618,0.313
50.829,4,-1.671,0.039,1.8475,2.946,2.957,0.0532,0.331
50.879,4,-1.711,0.169,1.8716,2.955,2.962,0.0279,0.338
50.93,4,-1.771,0.349,1.897,2.966,2.971,0.0043,0.354
50.98,4,-1.808,0.455,1.9021,2.972,2.976,-0.0088,0.359
51.029,4,-1.871,0.638,1.9024,2.979,3.025,-0.0216,0.36
51.08,4,-1.916,0.772,1.8958,3.004,3.051,-0.0321,0.361
51.129,4,-1.968,0.93,1.8831,3.034,3.096,-0.053,0.362
51.179,4,-2.009,1.062,1.8659,3.064,3.115,-0.0536,0.365
51.229,4,-2.047,1.195,1.8438,3.092,3.084,-0.056,0.372
51.279,4,-2.079,1.318,1.8234,3.101,3.052,-0.0474,0.381
51.328,4,-2.119,1.486,1.7927,3.077,2.986,-0.0474,0.407
51.381,4,-2.149,1.633,1.7707,3.041,2.915,-0.0532,0.403
51.43,4,-2.182,1.807,1.7444,2.977,2.878,-0.0433,0.397
51.48,4,-2.203,1.941,1.7252,2.932,2.798,-0.0486,0.391
51.53,4,-2.225,2.101,1.7047,2.881,2.756,-0.0475,0.381
51.579,4,-2.241,2.233,1.6878,2.822,2.713,-0.0431,0.368
51.63,4,-2.255,2.36,1.6684,2.768,2.622,-0.0517,0.353
51.681,4,-2.265,2.487,1.6491,2.699,2.573,-0.0494,0.338
51.73,4,-2.273,2.617,1.6301,2.638,2.525,-0.0474,0.327
51.779,4,-2.28,2.772,1.6075,2.575,2.423,-0.056,0.314
51.83,4,-2.282,2.891,1.5888,2.516,2.369,-0.0603,0.298
51.88,4,-2.283,2.989,1.5737,2.446,2.316,-0.0614,0.278
51.929,4,-2.279,3.139,1.542,2.364,2.202,-0.0746,0.257
51.98,4,-2.275,3.242,1.5228,2.29,2.141,-0.087,0.233
52.029,4,-2.268,3.345,1.5003,2.229,2.08,-0.0897,0.211
52.081,4,-2.258,3.454,1.4704,2.144,2.015,-0.0965,0.196
52.13,4,-2.246,3.55,1.4447,2.083,1.95,-0.1083,0.178
52.181,4,-2.228,3.667,1.4097,2.003,1.888,-0.1202,0.166
52.229,4,-2.211,3.759,1.3792,1.965,1.828,-0.1452,0.156
52.282,4,-2.191,3.852,1.3447,1.884,1.775,-0.1438,0.148
52.331,4,-2.169,3.934,1.3084,1.825,1.725,-0.1681,0.143
52.381,4,-2.145,4.015,1.2683,1.751,1.682,-0.1797,0.141
52.429,4,-2.108,4.118,1.2118,1.704,1.64,-0.1939,0.138
52.479,4,-2.079,4.188,1.175,1.668,1.603,-0.2033,0.133
52.53,4,-2.046,4.257,1.1249,1.634,1.603,-0.1815,0.131
52.579,4,-2.01,4.327,1.082,1.609,1.567,-0.1761,0.136
52.629,4,-1.964,4.406,1.0345,1.583,1.533,-0.2143,0.14
52.679,4,-1.925,4.466,0.9916,1.541,1.501,-0.211,0.143
52.729,4,-1.882,4.526,0.9377,1.516,1.472,-0.2224,0.135
52.782,4,-1.841,4.577,0.896,1.49,1.445,-0.2611,0.131
52.83,4,-1.787,4.64,0.8384,1.451,1.445,-0.233,0.13
52.88,4,-1.747,4.681,0.8048,1.444,1.423,-0.2563,0.132
52.93,4,-1.682,4.741,0.73,1.424,1.405,-0.2608,0.13
52.98,4,-1.629,4.785,0.6765,1.406,1.391,-0.2716,0.122
53.03,4,-1.602,4.805,0.6503,1.402,1.391,-0.2607,0.12
53.08,4,-1.528,4.856,0.5906,1.39,1.381,-0.2686,0.119
53.13,4,-1.467,4.893,0.5296,1.382,1.376,-0.2828,0.124
53.18,4,-1.392,4.931,0.4605,1.37,1.376,-0.2915,0.127
53.23,4,-1.329,4.958,0.3986,1.366,1.376,-0.2545,0.119
53.281,4,-1.284,4.976,0.3579,1.373,1.381,-0.2664,0.108
53.329,4,-1.198,5.003,0.2923,1.373,1.392,-0.2899,0.101
53.38,4,-1.149,5.016,0.2472,1.375,1.408,-0.3032,0.097
53.43,4,-1.082,5.029,0.1907,1.383,1.408,-0.2915,0.1
53.479,4,-1.019,5.038,0.1331,1.396,1.425,-0.2787,0.103
53.529,4,-0.943,5.044,0.0584,1.41,1.442,-0.2828,0.108
53.582,4,-0.874,5.045,0.0056,1.422,1.442,-0.261,0.107
53.629,4,-0.793,5.04,-0.0659,1.437,1.455,-0.2587,0.109
53.679,4,-0.716,5.032,-0.1229,1.449,1.459,-0.2621,0.107
53.729,4,-0.651,5.021,-0.1715,1.454,1.456,-0.2446,0.101
53.779,4,-0.588,5.007,-0.2247,1.456,1.456,-0.2211,0.098
53.83,4,-0.507,4.984,-0.28,1.457,1.45,-0.2211,0.1
53.879,4,-0.447,4.965,-0.3237,1.454,1.449,-0.2226,0.099
53.929,4,-0.376,4.937,-0.3736,1.452,1.449,-0.2004,0.096
53.98,4,-0.308,4.907,-0.4218,1.454,1.486,-0.1737,0.112
54.029,4,-0.237,4.872,-0.4659,1.474,1.533,-0.2024,0.128
54.08,4,-0.189,4.846,-0.4996,1.502,1.583,-0.19,0.144
54.131,4,-0.12,4.806,-0.5408,1.542,1.583,-0.1792,0.159
54.178,4,-0.039,4.752,-0.5956,1.587,1.634,-0.1876,0.173
54.229,4,0.022,4.707,-0.6382,1.624,1.685,-0.1761,0.185
54.279,4,0.069,4.669,-0.668,1.665,1.736,-0.2019,0.191
54.33,4,0.15,4.599,-0.7274,1.691,1.785,-0.1772,0.203
54.379,4,0.201,4.55,-0.7678,1.76,1.831,-0.1932,0.203
54.43,4,0.263,4.486,-0.8125,1.787,1.831,-0.1725,0.195
54.479,4,0.338,4.398,-0.88,1.831,1.909,-0.1726,0.19
54.53,4,0.389,4.332,-0.92,1.861,1.909,-0.1429,0.189
54.579,4,0.431,4.273,-0.9491,1.896,1.975,-0.1593,0.19
54.629,4,0.498,4.17,-1.0099,1.937,1.975,-0.135,0.221
54.679,4,0.539,4.098,-1.0469,1.973,2.005,-0.1196,0.244
54.73,4,0.59,4.002,-1.0903,1.995,2.033,-0.1198,0.265
54.782,4,0.626,3.927,-1.1251,2.028,2.084,-0.1202,0.285
54.83,4,0.674,3.818,-1.1672,2.065,2.084,-0.1008,0.301
54.88,4,0.705,3.743,-1.1881,2.083,2.131,-0.1083,0.309
54.93,4,0.742,3.641,-1.2268,2.109,2.154,-0.1007,0.361
54.98,4,0.776,3.539,-1.2575,2.137,2.154,-0.0896,0.396
55.03,4,0.807,3.432,-1.2921,2.161,2.201,-0.0763,0.429
55.08,4,0.834,3.331,-1.318,2.179,2.222,-0.0672,0.406
55.13,4,0.861,3.218,-1.3416,2.208,2.222,-0.0673,0.379
55.18,5,0.885,3.104,-1.3662,2.23,2.282,-0.0645,0.354
55.229,5,0.905,2.996,-1.388,2.256,2.314,-0.0591,0.331
55.281,5,0.924,2.888,-1.4087,2.302,2.345,-0.0565,0.31
55.329,5,0.94,2.775,-1.4287,2.332,2.41,-0.0607,0.29
55.379,5,0.955,2.656,-1.4478,2.366,2.41,-0.0511,0.272
55.43,5,0.968,2.534,-1.4711,2.41,2.473,-0.0513,0.256
55.479,5,0.98,2.396,-1.4917,2.443,2.504,-0.0527,0.243
55.528,5,0.988,2.262,-1.512,2.476,2.535,-0.043,0.23
55.579,5,0.994,2.147,-1.5266,2.512,2.565,-0.0388,0.219
55.629,5,0.998,2.015,-1.5435,2.55,2.625,-0.0359,0.21
55.679,5,1.0,1.917,-1.5516,2.578,2.655,-0.0352,0.201
55.73,5,1.0,1.788,-1.566,2.622,2.685,-0.0216,0.197
55.779,5,1.0,1.661,-1.5767,2.661,2.743,-0.0177,0.19
55.83,5,0.997,1.483,-1.5878,2.707,2.772,-0.0086,0.189
55.88,5,0.995,1.373,-1.5917,2.755,2.83,-0.0,0.19
55.93,5,0.992,1.24,-1.594,2.79,2.858,0.0,0.19
55.98,5,0.988,1.087,-1.594,2.829,2.886,0.0043,0.191
56.029,5,0.985,0.961,-1.594,2.854,2.914,0.0086,0.192
56.08,5,0.982,0.82,-1.5908,2.894,2.969,0.0194,0.194
56.13,5,0.979,0.627,-1.5843,2.935,3.023,0.026,0.196
56.179,5,0.979,0.484,-1.5749,2.985,3.049,0.0266,0.192
56.229,5,0.979,0.338,-1.5616,3.035,3.102,0.0259,0.184
56.282,5,0.981,0.21,-1.5548,3.055,3.128,0.0259,0.175
56.329,5,0.986,0.046,-1.54,3.101,3.179,0.0216,0.165
56.379,5,0.992,-0.101,-1.5294,3.141,3.204,0.0129,0.153
56.431,5,0.999,-0.253,-1.5211,3.177,3.254,0.0131,0.14
56.48,5,1.008,-0.42,-1.5153,3.207,3.279,0.0086,0.127
56.529,5,1.018,-0.585,-1.509,3.249,3.328,0.0,0.113
56.581,5,1.028,-0.745,-1.5066,3.287,3.376,-0.0,0.099
56.629,5,1.039,-0.914,-1.5066,3.324,3.4,-0.0054,0.087
56.68,5,1.049,-1.065,-1.5068,3.356,3.448,-0.0179,0.08
56.729,5,1.063,-1.292,-1.5118,3.408,3.495,-0.0271,0.069
56.779,5,1.071,-1.457,-1.5229,3.453,3.518,-0.027,0.057
56.829,5,1.077,-1.621,-1.5362,3.487,3.563,-0.0309,0.053
56.88,5,1.08,-1.755,-1.546,3.513,3.586,-0.0314,0.052
56.929,5,1.083,-1.989,-1.5679,3.563,3.635,-0.0366,0.055
56.979,5,1.08,-2.165,-1.5858,3.602,3.64,-0.0302,0.06
57.03,5,1.075,-2.336,-1.6044,3.625,3.582,-0.036,0.063
57.079,5,1.069,-2.476,-1.6166,3.615,3.553,-0.0352,0.069
57.13,5,1.056,-2.681,-1.6417,3.584,3.467,-0.0388,0.099
57.179,5,1.043,-2.829,-1.6541,3.556,3.408,-0.0431,0.111
57.23,5,1.019,-3.059,-1.683,3.495,3.377,-0.0388,0.148
57.279,5,0.998,-3.22,-1.7036,3.431,3.313,-0.0436,0.176
57.328,5,0.97,-3.404,-1.7265,3.377,3.246,-0.0431,0.191
57.378,5,0.943,-3.558,-1.7476,3.315,3.175,-0.0477,0.247
57.429,5,0.912,-3.715,-1.767,3.259,3.138,-0.0352,0.295
57.48,5,0.886,-3.837,-1.78,3.206,3.1,-0.0302,0.346
57.53,5,0.846,-4.012,-1.8001,3.15,3.022,-0.0362,0.388
57.582,5,0.82,-4.121,-1.8121,3.101,2.939,-0.0388,0.402
57.63,5,0.771,-4.303,-1.834,3.027,2.896,-0.0406,0.449
57.68,5,0.733,-4.44,-1.8528,2.951,2.807,-0.0345,0.482
57.73,5,0.686,-4.593,-1.8699,2.896,2.761,-0.036,0.516
57.781,5,0.648,-4.712,-1.8824,2.831,2.665,-0.0482,0.539
57.832,5,0.601,-4.851,-1.9012,2.763,2.615,-0.0431,0.564
57.88,5,0.559,-4.969,-1.9189,2.694,2.512,-0.0529,0.59
57.929,5,0.507,-5.104,-1.9358,2.621,2.459,-0.0603,0.618
57.979,5,0.453,-5.239,-1.9606,2.518,2.403,-0.0623,0.647
58.031,5,0.416,-5.325,-1.9777,2.482,2.345,-0.0653,0.688
58.079,5,0.364,-5.44,-1.9994,2.4,2.224,-0.0863,0.732
58.13,5,0.317,-5.539,-2.0232,2.334,2.16,-0.0938,0.736
58.179,5,0.25,-5.667,-2.0593,2.223,2.092,-0.0893,0.729
58.229,5,0.21,-5.738,-2.0859,2.139,2.029,-0.0879,0.712
58.282,5,0.159,-5.824,-2.1141,2.069,1.974,-0.0874,0.705
58.329,5,0.096,-5.923,-2.1455,2.01,1.923,-0.1056,0.694
58.38,5,0.044,-5.999,-2.1743,1.95,1.878,-0.1114,0.677
58.432,5,-0.006,-6.069,-2.2022,1.914,1.834,-0.1191,0.66
58.479,5,-0.074,-6.157,-2.2409,1.86,1.794,-0.1345,0.648
58.53,5,-0.123,-6.216,-2.2655,1.831,1.756,-0.1552,0.636
58.58,5,-0.185,-6.286,-2.3059,1.782,1.719,-0.1667,0.626
58.63,5,-0.245,-6.347,-2.3475,1.744,1.684,-0.179,0.617
58.68,5,-0.309,-6.408,-2.3879,1.709,1.65,-0.204,0.596
58.73,5,-0.377,-6.466,-2.4388,1.686,1.619,-0.2015,0.575
58.786,5,-0.436,-6.513,-2.4875,1.641,1.588,-0.2151,0.556
58.83,5,-0.514,-6.567,-2.5438,1.618,1.558,-0.2536,0.538
58.88,5,-0.576,-6.606,-2.5877,1.577,1.558,-0.2119,0.522
58.929,5,-0.629,-6.635,-2.6267,1.556,1.53,-0.211,0.514
58.98,5,-0.703,-6.672,-2.6891,1.543,1.504,-0.2257,0.496
59.03,5,-0.778,-6.705,-2.7475,1.509,1.48,-0.2244,0.473
59.078,5,-0.861,-6.735,-2.8016,1.489,1.46,-0.2576,0.461
59.129,5,-0.925,-6.755,-2.8434,1.479,1.46,-0.2335,0.419
59.179,5,-0.979,-6.769,-2.8797,1.46,1.444,-0.2498,0.404
59.229,5,-1.066,-6.787,-2.9503,1.44,1.432,-0.2444,0.361
59.279,5,-1.132,-6.797,-3.0009,1.43,1.424,-0.2562,0.328
59.33,5,-1.198,-6.803,-3.0556,1.422,1.424,-0.2351,0.297
59.379,5,-1.28,-6.806,-3.111,1.422,1.419,-0.2354,0.274
59.429,5,-1.352,-6.805,3.1168,1.418,1.417,-0.2367,0.255
59.479,5,-1.416,-6.801,3.073,1.415,1.422,-0.2438,0.239
59.529,5,-1.486,-6.793,3.0189,1.416,1.422,-0.2249,0.225
59.58,5,-1.542,-6.785,2.9908,1.419,1.429,-0.2441,0.207
59.629,5,-1.623,-6.768,2.9258,1.422,1.442,-0.2451,0.191
59.679,5,-1.689,-6.75,2.8782,1.43,1.442,-0.226,0.178
59.729,5,-1.768,-6.725,2.8139,1.441,1.46,-0.2207,0.167
59.779,5,-1.818,-6.706,2.7769,1.455,1.481,-0.2106,0.159
59.829,5,-1.884,-6.678,2.7331,1.471,1.503,-0.2347,0.155
59.88,5,-1.957,-6.643,2.6792,1.487,1.525,-0.248,0.153
59.929,5,-2.017,-6.61,2.6331,1.503,1.525,-0.21,0.155
59.979,5,-2.091,-6.564,2.5718,1.525,1.546,-0.2373,0.149
60.029,5,-2.152,-6.521,2.5222,1.533,1.567,-0.2283,0.146
60.078,5,-2.221,-6.467,2.4661,1.559,1.586,-0.2349,0.148
60.13,5,-2.278,-6.417,2.4114,1.57,1.604,-0.2471,0.153
60.179,5,-2.33,-6.366,2.3663,1.584,1.604,-0.2354,0.157
60.229,5,-2.381,-6.311,2.304,1.598,1.622,-0.2476,0.153
60.28,5,-2.437,-6.242,2.2426,1.61,1.638,-0.2614,0.154
60.329,5,-2.481,-6.181,2.1888,1.617,1.652,-0.2601,0.161
60.379,5,-2.525,-6.113,2.1209,1.633,1.665,-0.2604,0.164
60.429,5,-2.557,-6.054,2.0693,1.642,1.674,-0.2246,0.163
60.48,5,-2.597,-5.971,1.9996,1.665,1.674,-0.2009,0.168
60.53,5,-2.625,-5.902,1.9516,1.675,1.684,-0.2061,0.172
60.579,5,-2.654,-5.822,1.9056,1.679,1.699,-0.2133,0.163
60.629,5,-2.683,-5.721,1.8325,1.694,1.726,-0.2014,0.157
60.68,5,-2.696,-5.664,1.7949,1.708,1.764,-0.2017,0.154
60.729,5,-2.714,-5.567,1.7385,1.734,1.803,-0.1899,0.16
60.779,5,-2.727,-5.468,1.6847,1.777,1.842,-0.1905,0.175
60.829,5,-2.733,-5.378,1.6335,1.812,1.879,-0.1668,0.189
60.879,5,-2.735,-5.294,1.5904,1.854,1.879,-0.1594,0.201
60.93,5,-2.734,-5.204,1.5472,1.881,1.914,-0.1589,0.211
60.979,5,-2.728,-5.117,1.5021,1.909,1.946,-0.1586,0.236
61.029,5,-2.72,-5.029,1.4601,1.931,1.977,-0.1193,0.271
61.079,5,-2.702,-4.911,1.4112,1.973,2.006,-0.1196,0.306
61.129,5,-2.685,-4.819,1.3773,1.998,2.034,-0.1199,0.344
61.181,5,-2.664,-4.726,1.3403,2.029,2.062,-0.1202,0.387
61.229,5,-2.632,-4.608,1.297,2.058,2.09,-0.104,0.43
61.28,5,-2.609,-4.532,1.2698,2.084,2.119,-0.0964,0.47
61.329,5,-2.57,-4.417,1.2338,2.115,2.149,-0.0924,0.473
61.379,5,-2.535,-4.325,1.205,2.147,2.181,-0.0807,0.462
61.43,5,-2.495,-4.226,1.1765,2.171,2.214,-0.0727,0.453
61.479,5,-2.454,-4.132,1.1518,2.209,2.282,-0.0639,0.445
61.53,5,-2.41,-4.039,1.1342,2.224,2.315,-0.0464,0.442
61.579,5,-2.35,-3.917,1.1085,2.279,2.348,-0.0397,0.435
61.629,5,-2.309,-3.837,1.0968,2.304,2.381,-0.0212,0.432
61.679,5,-2.251,-3.727,1.0827,2.346,2.413,-0.0043,0.424
61.729,5,-2.179,-3.595,1.0753,2.402,2.445,0.0047,0.419
61.779,5,-2.134,-3.511,1.0755,2.439,2.509,0.0214,0.412
61.829,5,-2.076,-3.403,1.0786,2.47,2.54,0.0387,0.403
61.879,5,-2.018,-3.292,1.0872,2.506,2.571,0.0474,0.391
61.93,5,-1.959,-3.177,1.0999,2.536,2.601,0.0577,0.375
61.978,5,-1.904,-3.066,1.1211,2.585,2.662,0.0733,0.355
62.029,5,-1.839,-2.924,1.1477,2.619,2.692,0.0782,0.329
62.081,5,-1.797,-2.826,1.1676,2.658,2.721,0.0831,0.298
62.129,5,-1.754,-2.719,1.1997,2.69,2.771,0.0862,0.281
62.179,5,-1.7,-2.565,1.2395,2.736,2.789,0.0797,0.222
62.23,5,-1.662,-2.446,1.2719,2.767,2.818,0.0837,0.181
62.279,5,-1.623,-2.31,1.3026,2.791,2.829,0.0876,0.138
62.329,5,-1.585,-2.151,1.3394,2.815,2.838,0.0789,0.097
62.378,5,-1.556,-2.007,1.3813,2.836,2.851,0.0776,0.085
62.429,5,-1.537,-1.898,1.4027,2.841,2.856,0.0821,0.078
62.48,5,-1.514,-1.728,1.4458,2.854,2.864,0.0819,0.08
62.53,5,-1.502,-1.612,1.4694,2.858,2.868,0.0819,0.086
62.579,5,-1.493,-1.478,1.5028,2.866,2.876,0.0865,0.088
62.629,5,-1.487,-1.32,1.5457,2.874,2.88,0.069,0.113
62.679,5,-1.487,-1.156,1.5784,2.881,2.885,0.0733,0.134
62.73,5,-1.49,-1.046,1.5983,2.884,2.894,0.0825,0.144
62.779,5,-1.498,-0.905,1.6343,2.89,2.899,0.0741,0.16
62.83,5,-1.516,-0.718,1.6786,2.898,2.91,0.0776,0.19
62.879,5,-1.534,-0.582,1.7116,2.908,2.916,0.0733,0.22
62.929,5,-1.559,-0.433,1.7448,2.915,2.928,0.0783,0.25
62.979,5,-1.586,-0.298,1.7756,2.924,2.934,0.0751,0.279
63.029,5,-1.619,-0.155,1.8079,2.932,2.946,0.0696,0.303
63.079,5,-1.654,-0.022,1.8359,2.942,2.952,0.056,0.323
63.13,5,-1.692,0.105,1.8628,2.95,2.962,0.0302,0.338
63.179,5,-1.737,0.249,1.8831,2.959,2.967,0.0221,0.349
63.229,5,-1.782,0.381,1.8952,2.967,2.976,-0.0,0.354
63.279,5,-1.843,0.559,1.9011,2.977,3.0,-0.0133,0.36
63.329,5,-1.888,0.691,1.9003,2.982,3.025,-0.0224,0.361
63.379,5,-1.937,0.837,1.8903,3.015,3.077,-0.0431,0.362
63.429,5,-1.984,0.984,1.8767,3.044,3.115,-0.0571,0.365
63.48,5,-2.021,1.105,1.8598,3.076,3.1,-0.0572,0.369
63.53,5,-2.071,1.29,1.8313,3.108,3.052,-0.056,0.382
63.579,5,-2.106,1.431,1.8065,3.09,3.02,-0.0517,0.41
63.629,5,-2.136,1.569,1.7808,3.06,2.952,-0.0573,0.404
63.678,5,-2.17,1.744,1.7531,3.006,2.915,-0.0475,0.402
63.729,5,-2.194,1.891,1.7305,2.964,2.838,-0.0388,0.393
63.779,5,-2.211,2.003,1.7188,2.914,2.798,-0.0388,0.386
63.829,5,-2.234,2.171,1.6996,2.85,2.713,-0.0527,0.376
63.879,5,-2.249,2.307,1.6782,2.774,2.667,-0.0521,0.362
63.929,5,-2.262,2.448,1.6556,2.716,2.573,-0.0574,0.345
63.979,5,-2.271,2.573,1.6356,2.648,2.525,-0.0517,0.333
64.029,5,-2.277,2.683,1.619,2.6,2.474,-0.0517,0.32
64.079,5,-2.281,2.808,1.5977,2.534,2.369,-0.0603,0.305
64.129,5,-2.282,2.934,1.5791,2.47,2.369,-0.0569,0.287
64.179,5,-2.28,3.081,1.5523,2.393,2.259,-0.0685,0.267
64.229,5,-2.277,3.191,1.5331,2.348,2.202,-0.0682,0.245
64.279,5,-2.272,3.278,1.517,2.275,2.141,-0.0762,0.232
64.33,5,-2.261,3.415,1.4877,2.216,2.08,-0.0801,0.206
64.381,5,-2.253,3.498,1.4688,2.142,2.015,-0.1028,0.19
64.43,5,-2.239,3.606,1.4377,2.068,1.888,-0.1335,0.175
64.479,5,-2.221,3.719,1.3958,1.95,1.828,-0.1445,0.163
64.529,5,-2.204,3.803,1.3621,1.9,1.828,-0.1314,0.153
64.579,5,-2.183,3.886,1.3261,1.847,1.725,-0.1674,0.146
64.629,5,-2.159,3.975,1.2908,1.797,1.725,-0.1689,0.143
64.679,5,-2.124,4.078,1.2363,1.733,1.682,-0.1537,0.142
64.73,5,-2.102,4.135,1.2006,1.699,1.64,-0.1774,0.136
64.779,5,-2.064,4.224,1.1535,1.657,1.603,-0.1941,0.133
64.829,5,-2.025,4.305,1.1078,1.619,1.567,-0.205,0.135
64.882,5,-1.996,4.358,1.0687,1.592,1.533,-0.2258,0.141
64.93,5,-1.949,4.435,1.014,1.548,1.501,-0.2232,0.145
64.979,5,-1.903,4.503,0.9632,1.514,1.501,-0.2107,0.142
65.029,5,-1.859,4.561,0.9102,1.5,1.472,-0.2141,0.136
65.08,5,-1.815,4.614,0.8701,1.481,1.445,-0.2604,0.133
65.129,5,-1.769,4.663,0.8198,1.451,1.423,-0.2738,0.135
65.179,5,-1.711,4.72,0.7624,1.425,1.423,-0.2496,0.137
65.229,5,-1.671,4.755,0.7152,1.417,1.405,-0.2439,0.129
65.279,5,-1.617,4.798,0.6653,1.41,1.391,-0.2717,0.123
65.329,5,-1.547,4.847,0.5992,1.387,1.381,-0.2669,0.12
65.379,5,-1.492,4.881,0.5489,1.38,1.381,-0.2587,0.124
65.429,5,-1.46,4.899,0.5158,1.376,1.376,-0.2718,0.126
65.48,5,-1.378,4.94,0.4437,1.372,1.376,-0.2786,0.129
65.529,5,-1.317,4.966,0.3903,1.367,1.376,-0.2677,0.116
65.579,5,-1.239,4.993,0.3222,1.37,1.381,-0.2663,0.107
65.63,5,-1.173,5.011,0.2634,1.373,1.392,-0.282,0.1
65.679,5,-1.112,5.025,0.2148,1.379,1.408,-0.2899,0.097
65.729,5,-1.048,5.036,0.1545,1.386,1.408,-0.2666,0.104
65.779,5,-0.97,5.044,0.0918,1.4,1.425,-0.2806,0.108
65.83,5,-0.906,5.047,0.038,1.41,1.442,-0.2789,0.11
65.879,5,-0.825,5.045,-0.0328,1.431,1.455,-0.2806,0.111
65.929,5,-0.773,5.041,-0.0793,1.436,1.459,-0.2695,0.112
65.979,5,-0.705,5.033,-0.1324,1.447,1.459,-0.2445,0.107
66.028,5,-0.614,5.015,-0.202,1.455,1.456,-0.2328,0.102
66.08,5,-0.551,4.999,-0.2517,1.456,1.45,-0.2351,0.101
66.129,5,-0.476,4.976,-0.305,1.459,1.45,-0.2127,0.102
66.179,5,-0.423,4.957,-0.3439,1.454,1.449,-0.1974,0.099
66.229,5,-0.348,4.927,-0.396,1.454,1.486,-0.1855,0.103
66.278,5,-0.272,4.892,-0.44,1.472,1.533,-0.2128,0.112
66.329,5,-0.207,4.859,-0.4833,1.503,1.533,-0.1862,0.137
66.379,5,-0.142,4.822,-0.528,1.534,1.583,-0.1748,0.153
66.429,5,-0.082,4.784,-0.5614,1.567,1.634,-0.1991,0.167
66.478,5,-0.031,4.75,-0.5927,1.605,1.685,-0.2012,0.174
66.529,5,0.051,4.688,-0.66,1.639,1.685,-0.1774,0.193
66.579,5,0.102,4.645,-0.6914,1.673,1.736,-0.1937,0.202
66.628,5,0.183,4.57,-0.7611,1.729,1.785,-0.1686,0.208
66.681,5,0.227,4.526,-0.794,1.772,1.831,-0.1664,0.2
66.729,5,0.287,4.46,-0.8356,1.807,1.871,-0.1918,0.194
66.781,5,0.347,4.389,-0.8857,1.84,1.909,-0.1551,0.191
66.829,5,0.402,4.316,-0.9327,1.884,1.943,-0.1703,0.191
66.879,5,0.452,4.244,-0.9735,1.912,1.975,-0.1462,0.198
66.929,5,0.508,4.153,-1.0245,1.946,2.005,-0.1374,0.231
66.979,5,0.564,4.053,-1.073,1.993,2.033,-0.1327,0.254
67.029,5,0.609,3.966,-1.1093,2.01,2.06,-0.12,0.275
67.08,5,0.653,3.869,-1.1474,2.046,2.084,-0.1138,0.292
67.129,5,0.69,3.78,-1.1821,2.066,2.108,-0.1039,0.307
67.18,5,0.724,3.69,-1.2141,2.096,2.131,-0.0917,0.339
67.23,5,0.758,3.59,-1.2425,2.119,2.154,-0.0971,0.375
67.279,5,0.796,3.467,-1.2786,2.15,2.177,-0.0795,0.41
67.329,5,0.819,3.388,-1.3024,2.163,2.201,-0.0671,0.422
67.379,5,0.846,3.28,-1.3248,2.192,2.222,-0.0733,0.394
67.431,6,0.877,3.147,-1.3529,2.219,2.222,-0.0691,0.38
67.48,6,0.897,3.044,-1.374,2.231,2.282,-0.0611,0.343
67.53,6,0.916,2.937,-1.3948,2.27,2.345,-0.0676,0.32
67.579,6,0.93,2.85,-1.4086,2.299,2.377,-0.0679,0.309
67.63,6,0.951,2.706,-1.4382,2.348,2.41,-0.0599,0.281
67.679,6,0.964,2.591,-1.4604,2.388,2.441,-0.0568,0.265
67.729,6,0.973,2.494,-1.4752,2.409,2.473,-0.0573,0.257
67.779,6,0.985,2.333,-1.5032,2.456,2.535,-0.0472,0.238
67.829,6,0.991,2.219,-1.5197,2.495,2.565,-0.0449,0.227
67.881,6,0.994,2.133,-1.5307,2.525,2.595,-0.0345,0.221
67.93,6,0.998,1.995,-1.5488,2.564,2.625,-0.0302,0.212
67.979,6,0.999,1.823,-1.5662,2.611,2.685,-0.0216,0.204
68.029,6,0.999,1.696,-1.5761,2.646,2.714,-0.018,0.193
68.079,6,0.997,1.562,-1.5832,2.689,2.743,-0.013,0.189
68.129,6,0.995,1.432,-1.5889,2.716,2.801,-0.0062,0.191
68.179,6,0.993,1.333,-1.592,2.75,2.83,-0.0,0.191
68.229,6,0.989,1.179,-1.5946,2.798,2.858,0.0,0.192
68.279,6,0.985,1.0,-1.5946,2.847,2.914,0.0086,0.192
68.33,6,0.982,0.86,-1.592,2.878,2.942,0.0175,0.195
68.38,6,0.979,0.722,-1.5857,2.923,2.996,0.0225,0.197
68.429,6,0.978,0.61,-1.5803,2.94,3.023,0.0216,0.196
68.479,6,0.978,0.444,-1.5698,2.992,3.076,0.027,0.189
68.529,6,0.979,0.308,-1.5605,3.03,3.102,0.0266,0.182
68.579,6,0.982,0.145,-1.5495,3.067,3.128,0.0261,0.173
68.629,6,0.986,0.006,-1.5394,3.093,3.179,0.0232,0.167
68.681,6,0.992,-0.141,-1.5267,3.13,3.229,0.0129,0.155
68.73,6,1.002,-0.321,-1.5153,3.178,3.254,0.0086,0.134
68.779,6,1.012,-0.485,-1.5087,3.225,3.303,0.0,0.12
68.829,6,1.022,-0.637,-1.506,3.258,3.352,-0.0,0.106
68.88,6,1.032,-0.802,-1.506,3.3,3.376,-0.0,0.094
68.929,6,1.045,-0.995,-1.506,3.343,3.424,-0.0101,0.081
68.979,6,1.054,-1.133,-1.5074,3.374,3.472,-0.0235,0.075
69.029,6,1.067,-1.351,-1.516,3.417,3.495,-0.026,0.06
69.079,6,1.075,-1.527,-1.5273,3.458,3.541,-0.0308,0.057
69.13,6,1.08,-1.688,-1.5406,3.495,3.586,-0.035,0.051
69.181,6,1.082,-1.829,-1.5521,3.527,3.607,-0.0302,0.052
69.229,6,1.083,-2.011,-1.5736,3.573,3.64,-0.0366,0.057
69.279,6,1.08,-2.194,-1.5898,3.603,3.613,-0.0345,0.06
69.329,6,1.075,-2.368,-1.6085,3.626,3.553,-0.0389,0.066
69.379,6,1.065,-2.552,-1.6294,3.607,3.495,-0.0393,0.086
69.429,6,1.052,-2.734,-1.6487,3.567,3.467,-0.0396,0.108
69.479,6,1.031,-2.948,-1.674,3.511,3.408,-0.0398,0.133
69.53,6,1.012,-3.11,-1.6926,3.472,3.346,-0.0388,0.159
69.579,6,0.989,-3.276,-1.7152,3.401,3.281,-0.0449,0.188
69.629,6,0.963,-3.436,-1.7352,3.358,3.211,-0.0431,0.222
69.678,6,0.93,-3.618,-1.7566,3.309,3.175,-0.0358,0.243
69.73,6,0.899,-3.768,-1.7755,3.251,3.1,-0.0348,0.315
69.779,6,0.872,-3.893,-1.787,3.203,3.061,-0.0362,0.368
69.829,6,0.835,-4.053,-1.8066,3.126,2.981,-0.036,0.401
69.879,6,0.789,-4.231,-1.8261,3.046,2.896,-0.0403,0.431
69.929,6,0.758,-4.347,-1.8396,3.002,2.852,-0.0401,0.463
69.979,6,0.717,-4.489,-1.8561,2.928,2.807,-0.0302,0.497
70.029,6,0.669,-4.643,-1.874,2.867,2.713,-0.0392,0.526
70.079,6,0.626,-4.776,-1.8913,2.776,2.615,-0.0474,0.549
70.13,6,0.583,-4.9,-1.9074,2.714,2.565,-0.0517,0.574
70.18,6,0.541,-5.015,-1.9245,2.64,2.512,-0.0474,0.6
70.229,6,0.494,-5.136,-1.9428,2.577,2.459,-0.056,0.629
70.28,6,0.446,-5.255,-1.9632,2.515,2.345,-0.0711,0.661
70.33,6,0.4,-5.362,-1.9828,2.452,2.286,-0.0777,0.704
70.379,6,0.347,-5.476,-2.0096,2.371,2.224,-0.0815,0.749
70.429,6,0.3,-5.572,-2.0296,2.315,2.16,-0.0948,0.738
70.479,6,0.235,-5.694,-2.067,2.22,2.029,-0.1075,0.719
70.529,6,0.186,-5.779,-2.0966,2.151,1.974,-0.1071,0.71
70.579,6,0.126,-5.878,-2.1296,2.052,1.923,-0.1208,0.701
70.629,6,0.074,-5.956,-2.1611,1.984,1.878,-0.12,0.685
70.679,6,0.022,-6.029,-2.1908,1.94,1.834,-0.135,0.667
70.729,6,-0.044,-6.116,-2.2259,1.891,1.794,-0.1313,0.651
70.779,6,-0.102,-6.188,-2.2632,1.825,1.756,-0.1584,0.638
70.829,6,-0.157,-6.251,-2.2986,1.781,1.719,-0.1672,0.627
70.879,6,-0.222,-6.319,-2.3387,1.74,1.684,-0.1803,0.617
70.929,6,-0.28,-6.375,-2.3754,1.722,1.684,-0.1591,0.602
70.98,6,-0.338,-6.427,-2.4188,1.691,1.65,-0.1774,0.582
71.029,6,-0.413,-6.489,-2.466,1.663,1.619,-0.1908,0.563
71.079,6,-0.471,-6.532,-2.5052,1.626,1.588,-0.2021,0.545
71.13,6,-0.531,-6.573,-2.5522,1.603,1.558,-0.2242,0.529
71.179,6,-0.609,-6.621,-2.6026,1.57,1.53,-0.2394,0.515
71.231,6,-0.671,-6.654,-2.6498,1.555,1.53,-0.2111,0.503
71.279,6,-0.736,-6.686,-2.7033,1.53,1.504,-0.224,0.492
71.329,6,-0.815,-6.719,-2.7558,1.508,1.48,-0.2276,0.468
71.379,6,-0.888,-6.744,-2.8102,1.481,1.46,-0.2573,0.441
71.429,6,-0.949,-6.763,-2.8503,1.479,1.444,-0.2708,0.414
71.48,6,-1.005,-6.777,-2.8954,1.45,1.444,-0.2454,0.4
71.529,6,-1.088,-6.793,-2.9654,1.437,1.432,-0.2594,0.354
71.579,6,-1.167,-6.804,-3.0219,1.429,1.424,-0.2572,0.321
71.629,6,-1.231,-6.809,-3.068,1.428,1.419,-0.2595,0.294
71.679,6,-1.301,-6.811,-3.1244,1.414,1.419,-0.2344,0.273
71.729,6,-1.366,-6.809,3.1114,1.416,1.417,-0.232,0.255
71.779,6,-1.451,-6.803,3.0493,1.415,1.422,-0.2464,0.239
71.829,6,-1.516,-6.794,3.0115,1.417,1.429,-0.2579,0.226
71.879,6,-1.567,-6.786,2.9792,1.419,1.429,-0.2322,0.217
71.929,6,-1.655,-6.766,2.9074,1.425,1.442,-0.2456,0.193
71.979,6,-1.719,-6.747,2.8509,1.435,1.46,-0.2501,0.18
72.029,6,-1.784,-6.725,2.7993,1.448,1.481,-0.2208,0.17
72.079,6,-1.86,-6.695,2.7472,1.46,1.481,-0.2131,0.163
72.129,6,-1.926,-6.664,2.6958,1.479,1.503,-0.2096,0.159
72.18,6,-1.986,-6.633,2.6579,1.495,1.525,-0.2335,0.158
72.229,6,-2.043,-6.6,2.6093,1.508,1.546,-0.2513,0.157
72.279,6,-2.102,-6.561,2.5631,1.522,1.546,-0.2342,0.152
72.329,6,-2.178,-6.506,2.4957,1.54,1.567,-0.2107,0.15
72.379,6,-2.221,-6.471,2.4612,1.557,1.586,-0.2376,0.15
72.429,6,-2.291,-6.407,2.3979,1.567,1.604,-0.2522,0.157
72.479,6,-2.348,-6.351,2.3438,1.583,1.604,-0.2361,0.157
72.529,6,-2.392,-6.301,2.2972,1.595,1.622,-0.2357,0.154
72.579,6,-2.444,-6.236,2.2349,1.606,1.638,-0.2613,0.158
72.629,6,-2.49,-6.17,2.1695,1.618,1.652,-0.2648,0.164
72.68,6,-2.53,-6.104,2.1078,1.634,1.665,-0.2527,0.164
72.729,6,-2.568,-6.032,2.0494,1.644,1.665,-0.2245,0.164
72.779,6,-2.612,-5.934,1.9714,1.662,1.684,-0.2129,0.167
72.829,6,-2.633,-5.878,1.9261,1.672,1.699,-0.215,0.166
72.879,6,-2.663,-5.786,1.8665,1.688,1.699,-0.1943,0.157
72.929,6,-2.683,-5.705,1.8191,1.699,1.726,-0.1894,0.152
72.979,6,-2.701,-5.622,1.7638,1.722,1.764,-0.1898,0.15
73.029,6,-2.712,-5.554,1.7276,1.737,1.803,-0.1778,0.153
73.079,6,-2.724,-5.444,1.6674,1.793,1.842,-0.1787,0.176
73.129,6,-2.729,-5.358,1.6244,1.808,1.879,-0.1694,0.189
73.179,6,-2.73,-5.274,1.5904,1.834,1.879,-0.155,0.2
73.229,6,-2.729,-5.214,1.5466,1.874,1.946,-0.1555,0.205
73.279,6,-2.72,-5.082,1.5059,1.884,1.946,-0.1556,0.242
73.329,6,-2.709,-4.989,1.4518,1.923,1.977,-0.1367,0.277
73.379,6,-2.695,-4.901,1.4123,1.947,2.006,-0.1193,0.312
73.429,6,-2.675,-4.802,1.3639,1.993,2.062,-0.1199,0.351
73.479,6,-2.645,-4.682,1.321,2.041,2.09,-0.1078,0.393
73.529,6,-2.62,-4.593,1.2882,2.067,2.119,-0.1039,0.435
73.579,6,-2.584,-4.483,1.2534,2.108,2.149,-0.1018,0.474
73.629,6,-2.551,-4.389,1.2252,2.128,2.181,-0.0853,0.478
73.681,6,-2.521,-4.31,1.2055,2.149,2.181,-0.0732,0.467
73.728,6,-2.467,-4.181,1.169,2.189,2.248,-0.0676,0.462
73.779,6,-2.44,-4.121,1.1559,2.208,2.282,-0.0554,0.453
73.829,6,-2.38,-3.992,1.1283,2.254,2.315,-0.0478,0.442
73.88,6,-2.333,-3.895,1.1099,2.305,2.348,-0.0297,0.436
73.929,6,-2.284,-3.8,1.096,2.335,2.413,-0.0138,0.43
73.979,6,-2.226,-3.689,1.0874,2.373,2.413,-0.009,0.423
74.029,6,-2.157,-3.559,1.0825,2.417,2.477,0.01,0.417
74.079,6,-2.102,-3.455,1.0832,2.455,2.509,0.0222,0.409
74.129,6,-2.059,-3.374,1.0856,2.475,2.54,0.0301,0.404
74.179,6,-1.987,-3.236,1.0945,2.511,2.601,0.056,0.387
74.229,6,-1.931,-3.125,1.1055,2.542,2.632,0.069,0.371
74.279,6,-1.885,-3.03,1.1199,2.58,2.662,0.0836,0.349
74.329,6,-1.817,-2.879,1.1568,2.632,2.692,0.0747,0.322
74.379,6,-1.77,-2.763,1.1856,2.674,2.746,0.0862,0.289
74.43,6,-1.732,-2.665,1.2072,2.69,2.771,0.0905,0.253
74.479,6,-1.677,-2.502,1.253,2.744,2.789,0.0733,0.211
74.53,6,-1.641,-2.382,1.2853,2.776,2.818,0.0819,0.17
74.579,6,-1.611,-2.272,1.3112,2.798,2.829,0.0776,0.149
74.629,6,-1.569,-2.088,1.3594,2.827,2.845,0.0776,0.097
74.68,6,-1.548,-1.985,1.3842,2.839,2.851,0.0744,0.087
74.73,6,-1.522,-1.822,1.4219,2.852,2.86,0.0819,0.082
74.779,6,-1.509,-1.72,1.441,2.856,2.864,0.0819,0.082
74.83,6,-1.491,-1.535,1.4859,2.865,2.868,0.0779,0.093
74.879,6,-1.484,-1.406,1.5182,2.871,2.876,0.0862,0.103
74.93,6,-1.48,-1.259,1.5524,2.875,2.88,0.0819,0.126
74.979,6,-1.481,-1.147,1.5775,2.88,2.889,0.0819,0.136
75.029,6,-1.489,-0.96,1.6308,2.886,2.894,0.0733,0.162
75.079,6,-1.499,-0.845,1.6513,2.892,2.899,0.069,0.176
75.128,6,-1.52,-0.663,1.6958,2.901,2.91,0.069,0.187
75.179,6,-1.54,-0.528,1.7241,2.909,2.921,0.0776,0.232
75.229,6,-1.56,-0.416,1.7495,2.915,2.928,0.0733,0.262
75.279,6,-1.588,-0.279,1.78,2.924,2.934,0.0647,0.276
75.329,6,-1.632,-0.1,1.8209,2.934,2.946,0.0603,0.311
75.379,6,-1.668,0.031,1.8465,2.946,2.952,0.0495,0.329
75.429,6,-1.718,0.195,1.8739,2.954,2.962,0.0317,0.336
75.479,6,-1.762,0.327,1.8898,2.964,2.971,0.014,0.353
75.529,6,-1.809,0.465,1.9,2.973,2.976,-0.0,0.36
75.58,6,-1.848,0.578,1.9021,2.978,3.025,-0.0172,0.362
75.629,6,-1.894,0.713,1.9006,2.991,3.051,-0.0312,0.362
75.679,6,-1.953,0.888,1.8886,3.028,3.096,-0.0528,0.364
75.729,6,-1.99,1.004,1.877,3.053,3.115,-0.0577,0.366
75.78,6,-2.034,1.155,1.8491,3.089,3.084,-0.0567,0.372
75.83,6,-2.074,1.305,1.8241,3.101,3.052,-0.0561,0.396
75.879,6,-2.11,1.455,1.7968,3.088,2.986,-0.0474,0.405
75.929,6,-2.146,1.629,1.7688,3.043,2.952,-0.045,0.401
75.979,6,-2.176,1.792,1.7494,2.999,2.878,-0.0517,0.395
76.029,6,-2.198,1.923,1.7295,2.952,2.838,-0.0388,0.39
76.08,6,-2.216,2.052,1.7118,2.891,2.756,-0.049,0.38
76.132,6,-2.233,2.185,1.6941,2.839,2.713,-0.0439,0.369
76.179,6,-2.251,2.346,1.6711,2.764,2.622,-0.0474,0.354
76.229,6,-2.262,2.468,1.6541,2.717,2.573,-0.0561,0.339
76.279,6,-2.27,2.593,1.635,2.647,2.525,-0.0482,0.328
76.331,6,-2.277,2.723,1.6161,2.59,2.474,-0.0538,0.315
76.379,6,-2.28,2.85,1.5954,2.531,2.369,-0.0618,0.3
76.429,6,-2.282,2.972,1.5769,2.473,2.316,-0.0664,0.282
76.481,6,-2.28,3.095,1.5551,2.401,2.202,-0.077,0.261
76.529,6,-2.275,3.234,1.5234,2.277,2.141,-0.0861,0.237
76.578,6,-2.267,3.353,1.4975,2.197,2.08,-0.0886,0.213
76.629,6,-2.258,3.445,1.4747,2.16,2.015,-0.1012,0.198
76.679,6,-2.246,3.547,1.4463,2.078,1.95,-0.117,0.182
76.731,6,-2.233,3.638,1.4187,2.015,1.888,-0.1201,0.167
76.779,6,-2.212,3.749,1.3789,1.936,1.828,-0.1319,0.156
76.828,6,-2.195,3.831,1.3485,1.899,1.775,-0.1449,0.148
76.879,6,-2.167,3.936,1.3036,1.811,1.725,-0.1676,0.142
76.929,6,-2.142,4.019,1.2671,1.765,1.682,-0.1666,0.14
76.979,6,-2.117,4.091,1.2296,1.715,1.64,-0.206,0.139
77.028,6,-2.081,4.181,1.1794,1.673,1.603,-0.2032,0.134
77.079,6,-2.052,4.247,1.1406,1.63,1.603,-0.1896,0.131
77.129,6,-2.019,4.311,1.0937,1.607,1.567,-0.176,0.135
77.179,6,-1.976,4.387,1.044,1.583,1.533,-0.2163,0.14
77.229,6,-1.937,4.45,1.0008,1.546,1.501,-0.2255,0.143
77.279,6,-1.888,4.52,0.9519,1.516,1.472,-0.2225,0.138
77.331,6,-1.853,4.565,0.91,1.501,1.445,-0.2576,0.133
77.379,6,-1.799,4.63,0.8518,1.454,1.445,-0.245,0.131
77.429,6,-1.753,4.678,0.8036,1.442,1.423,-0.2562,0.134
77.479,6,-1.704,4.724,0.748,1.422,1.405,-0.2558,0.133
77.529,6,-1.653,4.768,0.7013,1.415,1.405,-0.244,0.125
77.58,6,-1.596,4.811,0.645,1.402,1.391,-0.2436,0.12
77.629,6,-1.539,4.851,0.5944,1.395,1.381,-0.2671,0.118
77.682,6,-1.48,4.886,0.5394,1.38,1.376,-0.2806,0.124
77.729,6,-1.412,4.923,0.4751,1.37,1.376,-0.2547,0.128
77.778,6,-1.341,4.955,0.4132,1.373,1.376,-0.2664,0.124
77.829,6,-1.283,4.978,0.3687,1.369,1.381,-0.2929,0.113
77.881,6,-1.242,4.992,0.3299,1.368,1.381,-0.2781,0.109
77.929,6,-1.152,5.016,0.242,1.374,1.392,-0.2664,0.099
77.979,6,-1.097,5.028,0.1993,1.383,1.408,-0.2783,0.099
78.029,6,-1.024,5.039,0.1335,1.392,1.425,-0.2958,0.105
78.08,6,-0.964,5.044,0.0828,1.401,1.442,-0.2964,0.109
78.129,6,-0.897,5.046,0.026,1.414,1.442,-0.2817,0.11
78.178,6,-0.802,5.043,-0.0575,1.432,1.455,-0.2559,0.111
78.229,6,-0.735,5.036,-0.1143,1.448,1.459,-0.2575,0.111
78.281,6,-0.672,5.026,-0.1576,1.453,1.459,-0.2328,0.104
78.329,6,-0.608,5.013,-0.2131,1.459,1.456,-0.2236,0.1
78.38,6,-0.538,4.995,-0.2584,1.459,1.45,-0.2337,0.102
78.429,6,-0.455,4.969,-0.3147,1.459,1.449,-0.2212,0.102
78.479,6,-0.402,4.95,-0.3444,1.455,1.449,-0.2093,0.098
78.529,6,-0.32,4.915,-0.4122,1.453,1.486,-0.1878,0.109
78.579,6,-0.26,4.887,-0.4476,1.478,1.533,-0.2095,0.126
78.629,6,-0.185,4.847,-0.5011,1.517,1.583,-0.1864,0.142
78.679,6,-0.138,4.819,-0.5346,1.551,1.583,-0.1769,0.157
78.729,6,-0.072,4.777,-0.5729,1.583,1.634,-0.2018,0.172
78.781,6,-0.003,4.729,-0.6233,1.613,1.685,-0.1761,0.185
78.829,6,0.061,4.679,-0.6657,1.648,1.736,-0.2052,0.196
78.879,6,0.127,4.623,-0.7184,1.704,1.785,-0.1773,0.205
78.929,6,0.185,4.568,-0.7639,1.748,1.831,-0.1782,0.206
78.979,6,0.255,4.497,-0.8166,1.802,1.831,-0.1698,0.197
79.029,6,0.324,4.417,-0.8714,1.832,1.871,-0.1686,0.191
79.079,6,0.366,4.363,-0.9057,1.857,1.909,-0.143,0.19
79.129,6,0.419,4.291,-0.9475,1.89,1.943,-0.1611,0.19
79.179,6,0.489,4.185,-1.003,1.934,1.975,-0.1315,0.217
79.229,6,0.533,4.11,-1.0422,1.971,2.005,-0.1351,0.239
79.278,6,0.585,4.014,-1.0861,2.004,2.033,-0.1334,0.25
79.33,6,0.625,3.93,-1.1206,2.015,2.06,-0.1201,0.281
79.38,6,0.659,3.856,-1.146,2.045,2.084,-0.108,0.298
79.43,6,0.707,3.737,-1.1978,2.083,2.108,-0.0972,0.316
79.48,6,0.735,3.66,-1.217,2.099,2.131,-0.1006,0.353
79.531,6,0.769,3.56,-1.254,2.125,2.177,-0.0836,0.389
79.579,6,0.801,3.453,-1.2828,2.153,2.177,-0.077,0.422
79.631,6,0.83,3.348,-1.3117,2.183,2.201,-0.0672,0.411
79.682,6,0.854,3.248,-1.3353,2.203,2.222,-0.0673,0.384
79.729,7,0.879,3.137,-1.3555,2.214,2.282,-0.0674,0.358
79.779,7,0.906,2.997,-1.3839,2.252,2.314,-0.0632,0.334
79.83,7,0.924,2.896,-1.4034,2.284,2.345,-0.0635,0.312
79.88,7,0.937,2.808,-1.4189,2.322,2.377,-0.0595,0.302
79.93,7,0.954,2.68,-1.4446,2.359,2.41,-0.0571,0.275
79.981,7,0.968,2.554,-1.4684,2.396,2.473,-0.0598,0.259
80.031,7,0.978,2.441,-1.4879,2.433,2.504,-0.0484,0.245
80.079,7,0.985,2.325,-1.5073,2.476,2.535,-0.0387,0.234
80.129,7,0.992,2.2,-1.523,2.508,2.565,-0.0435,0.222
80.179,7,0.997,2.058,-1.5391,2.547,2.595,-0.0358,0.212
80.229,7,0.999,1.94,-1.5542,2.576,2.655,-0.0321,0.204
80.279,7,1.0,1.817,-1.5665,2.611,2.685,-0.0233,0.2
80.329,7,0.999,1.65,-1.5804,2.673,2.714,-0.0129,0.19
80.379,7,0.997,1.547,-1.5846,2.699,2.743,-0.0086,0.19
80.431,7,0.995,1.408,-1.5906,2.729,2.801,-0.0,0.191
80.479,7,0.991,1.268,-1.5929,2.764,2.83,-0.0,0.191
80.529,7,0.988,1.122,-1.5929,2.811,2.886,0.0064,0.192
80.579,7,0.985,0.983,-1.5926,2.852,2.914,0.0106,0.193
80.628,7,0.982,0.807,-1.588,2.899,2.969,0.0177,0.195
80.679,7,0.98,0.669,-1.5828,2.934,2.996,0.0172,0.195
80.729,7,0.979,0.518,-1.5743,2.976,3.049,0.0216,0.192
80.78,7,0.979,0.401,-1.5698,3.001,3.076,0.0265,0.186
80.829,7,0.981,0.239,-1.5576,3.048,3.128,0.0309,0.179
80.88,7,0.984,0.095,-1.5459,3.081,3.153,0.0216,0.169
80.929,7,0.99,-0.086,-1.5311,3.132,3.204,0.0172,0.157
80.979,7,0.998,-0.253,-1.5222,3.172,3.229,0.0129,0.15
81.029,7,1.007,-0.416,-1.514,3.199,3.279,0.0086,0.13
81.079,7,1.014,-0.529,-1.5098,3.224,3.303,0.0043,0.123
81.129,7,1.028,-0.748,-1.5055,3.287,3.352,-0.0,0.102
81.179,7,1.038,-0.9,-1.5052,3.321,3.4,-0.0064,0.089
81.229,7,1.047,-1.031,-1.5052,3.34,3.424,-0.0104,0.076
81.279,7,1.061,-1.247,-1.5085,3.394,3.472,-0.0216,0.065
81.329,7,1.07,-1.404,-1.5143,3.422,3.518,-0.0302,0.055
81.38,7,1.076,-1.538,-1.5229,3.456,3.563,-0.0393,0.052
81.429,7,1.082,-1.717,-1.5426,3.511,3.607,-0.0345,0.049
81.48,7,1.085,-1.898,-1.5611,3.551,3.629,-0.0345,0.052
81.529,7,1.084,-2.081,-1.5815,3.594,3.64,-0.0302,0.057
81.579,7,1.079,-2.268,-1.5984,3.618,3.613,-0.0302,0.06
81.629,7,1.07,-2.482,-1.6195,3.626,3.524,-0.0388,0.072
81.679,7,1.06,-2.651,-1.6361,3.594,3.495,-0.0388,0.092
81.729,7,1.046,-2.814,-1.657,3.546,3.437,-0.0388,0.115
81.779,7,1.03,-2.975,-1.677,3.501,3.377,-0.0388,0.14
81.831,7,1.01,-3.14,-1.696,3.455,3.313,-0.0449,0.168
81.879,7,0.989,-3.292,-1.7151,3.4,3.246,-0.0488,0.182
81.929,7,0.952,-3.517,-1.7429,3.34,3.211,-0.0435,0.235
81.979,7,0.923,-3.665,-1.7632,3.279,3.138,-0.0389,0.281
82.029,7,0.887,-3.836,-1.7844,3.225,3.061,-0.0402,0.332
82.079,7,0.855,-3.978,-1.8001,3.159,3.022,-0.0361,0.381
82.131,7,0.819,-4.12,-1.818,3.096,2.939,-0.0397,0.41
82.18,7,0.784,-4.253,-1.834,3.027,2.896,-0.0302,0.441
82.23,7,0.744,-4.396,-1.8498,2.965,2.852,-0.0278,0.475
82.28,7,0.701,-4.539,-1.8641,2.909,2.761,-0.0302,0.51
82.329,7,0.651,-4.697,-1.8807,2.83,2.665,-0.0431,0.535
82.38,7,0.612,-4.815,-1.8954,2.756,2.615,-0.0488,0.558
82.43,7,0.56,-4.963,-1.914,2.696,2.565,-0.0474,0.584
82.479,7,0.519,-5.074,-1.9315,2.621,2.459,-0.0603,0.611
82.528,7,0.466,-5.208,-1.9528,2.562,2.403,-0.0656,0.625
82.58,7,0.419,-5.318,-1.9773,2.47,2.345,-0.0647,0.676
82.63,7,0.38,-5.405,-1.9901,2.438,2.286,-0.0687,0.721
82.681,7,0.33,-5.512,-2.0202,2.348,2.16,-0.0906,0.74
82.729,7,0.267,-5.633,-2.0511,2.243,2.092,-0.0889,0.725
82.778,7,0.211,-5.736,-2.08,2.155,2.029,-0.1022,0.72
82.831,7,0.172,-5.802,-2.1027,2.113,1.974,-0.0961,0.707
82.879,7,0.118,-5.889,-2.1301,2.036,1.923,-0.1123,0.698
82.929,7,0.061,-5.975,-2.1649,1.965,1.878,-0.1118,0.682
82.979,7,0.007,-6.052,-2.1939,1.925,1.834,-0.1369,0.664
83.029,7,-0.049,-6.126,-2.2286,1.871,1.794,-0.1352,0.65
83.08,7,-0.107,-6.196,-2.2632,1.819,1.756,-0.155,0.636
83.129,7,-0.18,-6.278,-2.3134,1.778,1.719,-0.1544,0.626
83.181,7,-0.234,-6.334,-2.3486,1.746,1.684,-0.1663,0.617
83.229,7,-0.307,-6.403,-2.3945,1.704,1.65,-0.1898,0.599
83.279,7,-0.362,-6.451,-2.429,1.674,1.65,-0.1773,0.577
83.329,7,-0.414,-6.492,-2.4677,1.655,1.619,-0.1911,0.567
83.38,7,-0.494,-6.551,-2.5222,1.626,1.588,-0.1884,0.542
83.429,7,-0.551,-6.589,-2.5617,1.611,1.558,-0.2301,0.527
83.478,7,-0.635,-6.639,-2.6265,1.563,1.53,-0.2233,0.514
83.529,7,-0.7,-6.672,-2.6749,1.547,1.504,-0.223,0.503
83.58,7,-0.762,-6.701,-2.7201,1.518,1.48,-0.2345,0.488
83.63,7,-0.838,-6.731,-2.7712,1.501,1.48,-0.2226,0.464
83.688,7,-0.902,-6.753,-2.82,1.481,1.46,-0.2624,0.436
83.729,7,-0.952,-6.768,-2.8475,1.477,1.444,-0.2723,0.422
83.779,7,-1.048,-6.79,-2.9284,1.443,1.432,-0.2699,0.379
83.829,7,-1.111,-6.801,-2.9814,1.436,1.432,-0.245,0.345
83.88,7,-1.176,-6.809,-3.0352,1.429,1.424,-0.2323,0.313
83.929,7,-1.244,-6.813,-3.0822,1.425,1.419,-0.2441,0.289
83.979,7,-1.336,-6.814,3.1318,1.416,1.417,-0.2439,0.27
84.031,7,-1.386,-6.812,3.096,1.416,1.417,-0.2203,0.253
84.079,7,-1.466,-6.804,3.0387,1.418,1.422,-0.2321,0.238
84.129,7,-1.518,-6.798,3.0135,1.417,1.429,-0.2616,0.232
84.18,7,-1.604,-6.782,2.9455,1.418,1.442,-0.2694,0.206
84.229,7,-1.673,-6.765,2.8862,1.426,1.442,-0.2358,0.191
84.279,7,-1.724,-6.749,2.8535,1.436,1.46,-0.2493,0.184
84.329,7,-1.812,-6.718,2.7814,1.449,1.481,-0.2225,0.17
84.381,7,-1.866,-6.695,2.7355,1.468,1.503,-0.2213,0.164
84.429,7,-1.935,-6.662,2.6911,1.485,1.503,-0.2096,0.161
84.48,7,-2.0,-6.628,2.6384,1.503,1.525,-0.2258,0.161
84.529,7,-2.073,-6.583,2.5825,1.516,1.546,-0.234,0.157
84.578,7,-2.144,-6.534,2.5286,1.533,1.546,-0.2365,0.154
84.63,7,-2.188,-6.501,2.4832,1.542,1.586,-0.2346,0.152
84.679,7,-2.252,-6.447,2.4376,1.562,1.586,-0.2361,0.156
84.729,7,-2.307,-6.395,2.3802,1.579,1.604,-0.2354,0.16
84.779,7,-2.36,-6.339,2.3196,1.595,1.622,-0.2517,0.157
84.829,7,-2.424,-6.264,2.2508,1.604,1.638,-0.2628,0.156
84.879,7,-2.468,-6.204,2.2008,1.616,1.638,-0.236,0.161
84.93,7,-2.503,-6.15,2.1498,1.63,1.652,-0.2487,0.165
84.979,7,-2.553,-6.064,2.0814,1.639,1.665,-0.253,0.164
85.029,7,-2.587,-5.995,2.0145,1.65,1.674,-0.2126,0.167
85.079,7,-2.621,-5.913,1.9566,1.663,1.684,-0.2187,0.171
85.129,7,-2.647,-5.839,1.9091,1.676,1.699,-0.2173,0.164
85.179,7,-2.666,-5.778,1.8755,1.685,1.726,-0.2134,0.16
85.229,7,-2.692,-5.673,1.8036,1.7,1.726,-0.1895,0.153
85.279,7,-2.707,-5.599,1.76,1.722,1.764,-0.1898,0.152
85.329,7,-2.718,-5.526,1.7218,1.73,1.803,-0.1838,0.161
85.379,7,-2.727,-5.434,1.6623,1.784,1.842,-0.1665,0.182
85.429,7,-2.732,-5.322,1.599,1.831,1.879,-0.1572,0.195
85.481,7,-2.732,-5.252,1.5637,1.866,1.914,-0.1432,0.205
85.529,7,-2.728,-5.158,1.5233,1.897,1.946,-0.1556,0.221
85.579,7,-2.719,-5.053,1.4792,1.922,1.977,-0.1466,0.255
85.629,7,-2.704,-4.941,1.4278,1.951,2.006,-0.1317,0.291
85.68,7,-2.689,-4.853,1.3958,1.985,2.034,-0.1347,0.327
85.729,7,-2.668,-4.755,1.3544,2.021,2.062,-0.12,0.369
85.779,7,-2.648,-4.676,1.328,2.039,2.09,-0.1121,0.39
85.829,7,-2.611,-4.547,1.2777,2.071,2.119,-0.1059,0.453
85.879,7,-2.579,-4.451,1.2448,2.106,2.149,-0.0959,0.481
85.929,7,-2.549,-4.37,1.2184,2.131,2.181,-0.0794,0.47
85.979,7,-2.508,-4.265,1.187,2.168,2.214,-0.0712,0.459
86.029,7,-2.466,-4.166,1.1616,2.204,2.248,-0.0652,0.451
86.08,7,-2.423,-4.073,1.1406,2.24,2.282,-0.0464,0.444
86.129,7,-2.376,-3.975,1.1208,2.26,2.315,-0.0436,0.441
86.179,7,-2.31,-3.844,1.1015,2.311,2.381,-0.0269,0.431
86.229,7,-2.258,-3.744,1.0886,2.354,2.413,-0.0085,0.425
86.279,7,-2.199,-3.632,1.0825,2.384,2.445,-0.0,0.419
86.329,7,-2.147,-3.534,1.08,2.414,2.477,0.0104,0.413
86.38,7,-2.092,-3.433,1.0826,2.467,2.509,0.0172,0.404
86.431,7,-2.04,-3.333,1.0868,2.494,2.571,0.0431,0.393
86.479,7,-1.973,-3.203,1.0999,2.545,2.601,0.0517,0.379
86.529,7,-1.918,-3.093,1.1157,2.572,2.632,0.0603,0.361
86.578,7,-1.853,-2.953,1.1406,2.618,2.662,0.069,0.35
86.629,7,-1.806,-2.844,1.1659,2.65,2.721,0.0824,0.308
86.679,7,-1.752,-2.709,1.1982,2.694,2.746,0.0819,0.293
86.729,7,-1.709,-2.592,1.2272,2.719,2.789,0.0862,0.237
86.779,7,-1.664,-2.453,1.2642,2.764,2.805,0.0866,0.196
86.829,7,-1.634,-2.352,1.2933,2.784,2.829,0.0819,0.154
86.879,7,-1.601,-2.222,1.3236,2.806,2.829,0.0745,0.107
86.929,7,-1.562,-2.045,1.3663,2.83,2.845,0.0733,0.091
86.979,7,-1.539,-1.917,1.3938,2.841,2.856,0.0862,0.083
87.029,7,-1.519,-1.79,1.4235,2.85,2.86,0.0869,0.08
87.079,7,-1.5,-1.625,1.4654,2.859,2.868,0.0862,0.088
87.129,7,-1.489,-1.486,1.5015,2.866,2.872,0.0776,0.093
87.179,7,-1.482,-1.336,1.5348,2.874,2.88,0.0963,0.098
87.23,7,-1.48,-1.23,1.5608,2.877,2.885,0.0819,0.132
87.28,7,-1.483,-1.086,1.5946,2.882,2.889,0.0776,0.152
87.329,7,-1.493,-0.905,1.6381,2.889,2.899,0.0822,0.167
87.378,7,-1.507,-0.758,1.6756,2.898,2.904,0.0704,0.183
87.429,7,-1.524,-0.625,1.7037,2.905,2.916,0.0819,0.213
87.479,7,-1.548,-0.476,1.7374,2.913,2.921,0.0733,0.243
87.529,7,-1.573,-0.347,1.7668,2.919,2.934,0.0785,0.272
87.579,7,-1.602,-0.215,1.7979,2.928,2.94,0.0706,0.298
87.628,7,-1.632,-0.099,1.8219,2.935,2.952,0.0609,0.308
87.679,7,-1.685,0.088,1.8585,2.948,2.957,0.0441,0.334
87.729,7,-1.733,0.237,1.8855,2.959,2.967,0.0224,0.347
87.78,7,-1.761,0.322,1.895,2.964,2.971,0.0,0.351
87.829,7,-1.83,0.521,1.9041,2.975,3.0,-0.0129,0.359
87.88,7,-1.866,0.625,1.9021,2.984,3.025,-0.0216,0.36
87.93,7,-1.912,0.759,1.8968,3.001,3.051,-0.031,0.36
87.979,7,-1.973,0.946,1.8808,3.039,3.096,-0.0495,0.363
88.029,7,-2.012,1.075,1.8645,3.064,3.115,-0.0474,0.367
88.079,7,-2.048,1.2,1.8445,3.094,3.084,-0.056,0.373
88.13,7,-2.097,1.389,1.8179,3.106,3.02,-0.0608,0.41
88.179,7,-2.123,1.5,1.801,3.085,2.986,-0.056,0.408
88.229,7,-2.156,1.658,1.7698,3.039,2.952,-0.0523,0.404
88.279,7,-2.18,1.791,1.7466,3.002,2.878,-0.0474,0.4
88.329,7,-2.21,1.986,1.7133,2.92,2.798,-0.0394,0.388
88.379,7,-2.224,2.092,1.6999,2.878,2.756,-0.0345,0.377
88.429,7,-2.24,2.23,1.6845,2.821,2.713,-0.0388,0.364
88.479,7,-2.257,2.401,1.6654,2.758,2.622,-0.0474,0.35
88.529,7,-2.266,2.501,1.6503,2.711,2.525,-0.056,0.338
88.579,7,-2.275,2.641,1.6315,2.633,2.525,-0.0517,0.326
88.629,7,-2.281,2.788,1.6086,2.56,2.423,-0.0617,0.312
88.679,7,-2.283,2.886,1.5917,2.519,2.369,-0.0622,0.304
88.729,7,-2.283,3.018,1.565,2.448,2.259,-0.0733,0.276
88.779,7,-2.28,3.133,1.5445,2.371,2.202,-0.077,0.253
88.83,7,-2.275,3.248,1.517,2.281,2.141,-0.0762,0.228
88.879,7,-2.266,3.372,1.4891,2.201,2.08,-0.0801,0.208
88.929,7,-2.253,3.496,1.4632,2.135,2.015,-0.0971,0.202
88.98,7,-2.244,3.572,1.4383,2.058,1.95,-0.1089,0.176
89.03,7,-2.228,3.669,1.41,2.001,1.888,-0.1203,0.164
89.079,7,-2.209,3.772,1.3719,1.925,1.828,-0.1317,0.154
89.129,7,-2.189,3.859,1.3406,1.875,1.775,-0.1496,0.147
89.179,7,-2.16,3.966,1.2955,1.801,1.725,-0.1677,0.142
89.229,7,-2.135,4.044,1.251,1.741,1.682,-0.1673,0.14
89.28,7,-2.109,4.114,1.2125,1.697,1.64,-0.1774,0.137
89.329,7,-2.079,4.189,1.177,1.674,1.603,-0.2041,0.133
89.378,7,-2.035,4.283,1.1198,1.62,1.567,-0.2042,0.132
89.43,7,-2.008,4.334,1.0815,1.605,1.533,-0.2293,0.138
89.479,7,-1.97,4.399,1.0388,1.564,1.533,-0.2115,0.142
89.53,7,-1.925,4.468,0.979,1.531,1.501,-0.2142,0.142
89.579,7,-1.883,4.525,0.9343,1.509,1.472,-0.2159,0.135
89.629,7,-1.84,4.58,0.8904,1.502,1.472,-0.1982,0.132
89.68,7,-1.787,4.64,0.838,1.479,1.423,-0.2571,0.13
89.729,7,-1.73,4.698,0.7834,1.435,1.423,-0.2445,0.133
89.779,7,-1.673,4.75,0.7296,1.421,1.405,-0.2696,0.13
89.831,7,-1.624,4.79,0.6837,1.417,1.391,-0.2675,0.123
89.879,7,-1.561,4.837,0.624,1.393,1.391,-0.258,0.12
89.929,7,-1.506,4.873,0.567,1.386,1.381,-0.255,0.122
89.978,7,-1.442,4.909,0.5153,1.379,1.376,-0.2784,0.125
90.029,7,-1.388,4.937,0.4679,1.376,1.376,-0.2901,0.13
90.079,7,-1.323,4.966,0.4052,1.365,1.376,-0.2821,0.124
90.13,7,-1.276,4.984,0.3573,1.366,1.381,-0.2829,0.113
90.179,7,-1.192,5.01,0.2882,1.371,1.392,-0.2898,0.105
90.229,7,-1.133,5.024,0.2362,1.374,1.392,-0.2787,0.101
90.28,7,-1.069,5.036,0.1754,1.384,1.408,-0.2837,0.105
90.33,7,-0.994,5.045,0.1084,1.394,1.425,-0.2786,0.11
90.379,7,-0.92,5.05,0.0502,1.412,1.442,-0.2906,0.113
90.429,7,-0.858,5.05,-0.0012,1.417,1.442,-0.2716,0.113
90.479,7,-0.787,5.046,-0.0645,1.434,1.455,-0.256,0.116
90.529,7,-0.729,5.04,-0.1085,1.442,1.459,-0.256,0.114
90.579,7,-0.642,5.026,-0.1763,1.453,1.456,-0.2567,0.108
90.629,7,-0.576,5.011,-0.235,1.454,1.456,-0.2245,0.105
90.679,7,-0.52,4.995,-0.2725,1.457,1.45,-0.2212,0.106
90.729,7,-0.445,4.971,-0.3239,1.455,1.449,-0.2211,0.105
90.779,7,-0.376,4.944,-0.3769,1.452,1.486,-0.2006,0.102
90.83,7,-0.311,4.916,-0.4181,1.462,1.486,-0.1895,0.117
90.879,7,-0.227,4.874,-0.4751,1.49,1.533,-0.198,0.134
90.929,7,-0.181,4.849,-0.5089,1.517,1.583,-0.1887,0.15
90.979,7,-0.122,4.813,-0.5485,1.556,1.634,-0.1991,0.157
91.03,7,-0.043,4.761,-0.6,1.591,1.634,-0.2029,0.178
91.079,7,0.017,4.716,-0.6464,1.628,1.685,-0.1643,0.19
91.129,7,0.079,4.665,-0.6882,1.662,1.736,-0.1924,0.2
91.179,7,0.157,4.596,-0.742,1.716,1.785,-0.179,0.207
91.23,7,0.212,4.542,-0.784,1.738,1.831,-0.1779,0.202
91.279,7,0.267,4.483,-0.8279,1.793,1.871,-0.1926,0.195
91.33,7,0.326,4.414,-0.8718,1.834,1.871,-0.1711,0.19
91.38,7,0.383,4.34,-0.9265,1.87,1.943,-0.1607,0.189
91.429,7,0.436,4.263,-0.969,1.899,1.943,-0.1479,0.199
91.48,7,0.489,4.18,-1.0181,1.943,2.005,-0.1361,0.221
91.529,7,0.546,4.079,-1.0665,1.984,2.033,-0.1326,0.243
91.579,7,0.581,4.013,-1.0877,2.004,2.033,-0.1199,0.253
91.629,7,0.636,3.896,-1.1379,2.039,2.084,-0.112,0.282
91.679,7,0.672,3.812,-1.1708,2.068,2.084,-0.0964,0.298
91.729,7,0.715,3.702,-1.2094,2.093,2.131,-0.0967,0.322
91.779,7,0.747,3.612,-1.2341,2.115,2.154,-0.0974,0.359
91.829,7,0.779,3.513,-1.2637,2.141,2.177,-0.0848,0.394
91.879,7,0.809,3.409,-1.2931,2.168,2.201,-0.0754,0.427
91.93,7,0.832,3.32,-1.3155,2.184,2.222,-0.0728,0.406
91.979,7,0.858,3.211,-1.3416,2.212,2.222,-0.0641,0.379
92.03,8,0.881,3.104,-1.3632,2.229,2.282,-0.0649,0.354
92.082,8,0.902,2.994,-1.3823,2.234,2.314,-0.0591,0.331
92.129,8,0.923,2.875,-1.4055,2.291,2.345,-0.0613,0.309
92.179,8,0.944,2.735,-1.4305,2.334,2.41,-0.0656,0.289
92.229,8,0.957,2.622,-1.4516,2.369,2.441,-0.0614,0.272
92.279,8,0.969,2.51,-1.4725,2.419,2.473,-0.0556,0.256
92.329,8,0.98,2.376,-1.4945,2.448,2.504,-0.0472,0.243
92.379,8,0.987,2.262,-1.5111,2.483,2.535,-0.0435,0.231
92.429,8,0.992,2.144,-1.5282,2.527,2.595,-0.0388,0.22
92.479,8,0.996,2.023,-1.543,2.568,2.625,-0.0345,0.21
92.529,8,0.998,1.935,-1.5511,2.588,2.655,-0.0316,0.206
92.579,8,0.999,1.775,-1.5668,2.636,2.685,-0.0216,0.197
92.63,8,0.998,1.634,-1.5784,2.673,2.743,-0.0129,0.188
92.68,8,0.996,1.504,-1.5872,2.705,2.772,-0.0043,0.19
92.729,8,0.993,1.348,-1.5918,2.752,2.801,-0.0,0.191
92.779,8,0.989,1.189,-1.5935,2.795,2.858,0.0,0.192
92.83,8,0.986,1.057,-1.5934,2.822,2.886,0.0043,0.192
92.88,8,0.984,0.948,-1.5926,2.857,2.942,0.0129,0.193
92.93,8,0.981,0.809,-1.5903,2.892,2.969,0.0172,0.195
92.98,8,0.979,0.651,-1.5846,2.934,2.996,0.0221,0.197
93.029,8,0.978,0.482,-1.5754,2.974,3.049,0.0278,0.192
93.079,8,0.978,0.347,-1.565,3.019,3.076,0.0259,0.186
93.13,8,0.981,0.176,-1.5506,3.058,3.128,0.0266,0.177
93.18,8,0.984,0.056,-1.5433,3.079,3.179,0.0264,0.171
93.229,8,0.991,-0.116,-1.5283,3.133,3.204,0.0172,0.153
93.279,8,1.001,-0.309,-1.5148,3.181,3.254,0.0086,0.138
93.329,8,1.01,-0.46,-1.5071,3.209,3.303,0.0049,0.123
93.379,8,1.018,-0.583,-1.5052,3.244,3.328,0.0,0.116
93.429,8,1.032,-0.789,-1.5033,3.295,3.376,-0.0062,0.096
93.482,8,1.041,-0.916,-1.5033,3.323,3.4,-0.0092,0.083
93.529,8,1.052,-1.083,-1.5069,3.369,3.448,-0.0172,0.071
93.58,8,1.062,-1.253,-1.5118,3.4,3.472,-0.0235,0.062
93.63,8,1.071,-1.424,-1.522,3.441,3.541,-0.0315,0.055
93.678,8,1.079,-1.647,-1.5384,3.492,3.563,-0.0312,0.051
93.729,8,1.083,-1.809,-1.5527,3.524,3.607,-0.0302,0.051
93.779,8,1.084,-2.001,-1.5702,3.571,3.635,-0.0345,0.054
93.829,8,1.082,-2.159,-1.5855,3.602,3.613,-0.0404,0.058
93.88,8,1.077,-2.329,-1.6047,3.621,3.582,-0.0345,0.062
93.929,8,1.068,-2.517,-1.6241,3.613,3.524,-0.0389,0.078
93.979,8,1.057,-2.689,-1.6434,3.582,3.467,-0.0431,0.1
94.029,8,1.042,-2.855,-1.6618,3.545,3.408,-0.0388,0.123
94.08,8,1.023,-3.033,-1.6839,3.492,3.377,-0.0388,0.149
94.129,8,1.002,-3.194,-1.7036,3.438,3.313,-0.0432,0.178
94.179,8,0.977,-3.365,-1.7191,3.407,3.281,-0.0431,0.208
94.228,8,0.941,-3.573,-1.7507,3.332,3.175,-0.048,0.25
94.279,8,0.911,-3.721,-1.7708,3.267,3.138,-0.0302,0.298
94.329,8,0.885,-3.84,-1.7845,3.214,3.1,-0.0259,0.324
94.379,8,0.838,-4.04,-1.8053,3.142,2.981,-0.0389,0.391
94.429,8,0.804,-4.178,-1.8176,3.081,2.939,-0.0395,0.421
94.479,8,0.77,-4.303,-1.8297,3.019,2.896,-0.0403,0.452
94.53,8,0.732,-4.44,-1.8512,2.955,2.807,-0.0351,0.485
94.58,8,0.692,-4.571,-1.8672,2.899,2.761,-0.0346,0.503
94.629,8,0.644,-4.72,-1.8841,2.825,2.665,-0.0451,0.542
94.681,8,0.604,-4.841,-1.8974,2.776,2.615,-0.0431,0.554
94.729,8,0.547,-4.999,-1.921,2.672,2.512,-0.0517,0.592
94.78,8,0.509,-5.099,-1.9353,2.608,2.459,-0.0614,0.62
94.829,8,0.45,-5.247,-1.9628,2.51,2.345,-0.0737,0.649
94.879,8,0.407,-5.346,-1.9828,2.437,2.286,-0.0731,0.691
94.93,8,0.361,-5.445,-2.0079,2.374,2.224,-0.0786,0.735
94.979,8,0.312,-5.545,-2.0312,2.305,2.16,-0.085,0.732
95.03,8,0.245,-5.672,-2.0628,2.219,2.092,-0.0846,0.725
95.079,8,0.198,-5.756,-2.0879,2.136,2.029,-0.0934,0.711
95.131,8,0.15,-5.836,-2.1161,2.064,1.974,-0.0917,0.703
95.181,8,0.101,-5.913,-2.1417,2.01,1.923,-0.0994,0.692
95.229,8,0.039,-6.004,-2.1743,1.956,1.878,-0.1073,0.676
95.279,8,-0.01,-6.073,-2.2008,1.907,1.834,-0.119,0.659
95.329,8,-0.076,-6.159,-2.2386,1.866,1.794,-0.1363,0.647
95.378,8,-0.142,-6.237,-2.275,1.814,1.756,-0.155,0.641
95.429,8,-0.194,-6.295,-2.3135,1.769,1.719,-0.1682,0.625
95.479,8,-0.24,-6.342,-2.3414,1.741,1.684,-0.1659,0.62
95.529,8,-0.309,-6.407,-2.3965,1.718,1.65,-0.194,0.594
95.58,8,-0.371,-6.46,-2.4372,1.673,1.619,-0.2016,0.572
95.629,8,-0.435,-6.51,-2.4874,1.641,1.588,-0.2042,0.553
95.679,8,-0.5,-6.557,-2.5307,1.615,1.588,-0.1937,0.536
95.729,8,-0.583,-6.609,-2.5883,1.59,1.558,-0.2118,0.522
95.779,8,-0.633,-6.638,-2.6215,1.567,1.53,-0.2272,0.515
95.83,8,-0.706,-6.675,-2.6854,1.534,1.504,-0.2106,0.498
95.879,8,-0.784,-6.708,-2.7426,1.512,1.48,-0.2277,0.477
95.929,8,-0.847,-6.732,-2.7861,1.499,1.46,-0.2576,0.453
95.979,8,-0.915,-6.755,-2.8313,1.469,1.46,-0.2454,0.423
96.031,8,-0.99,-6.775,-2.8972,1.453,1.444,-0.2487,0.393
96.079,8,-1.07,-6.791,-2.9583,1.441,1.432,-0.2481,0.363
96.129,8,-1.135,-6.8,-3.0037,1.433,1.424,-0.2579,0.33
96.179,8,-1.196,-6.806,-3.0448,1.43,1.424,-0.234,0.3
96.229,8,-1.264,-6.809,-3.1026,1.423,1.419,-0.2341,0.278
96.279,8,-1.336,-6.809,3.1334,1.419,1.417,-0.244,0.259
96.329,8,-1.424,-6.804,3.0722,1.414,1.422,-0.2439,0.251
96.379,8,-1.491,-6.797,3.0181,1.416,1.422,-0.2202,0.229
96.429,8,-1.562,-6.785,2.9687,1.422,1.429,-0.2356,0.211
96.481,8,-1.626,-6.771,2.9269,1.425,1.442,-0.244,0.195
96.529,8,-1.7,-6.751,2.8701,1.431,1.46,-0.2559,0.181
96.579,8,-1.763,-6.731,2.8219,1.442,1.46,-0.237,0.17
96.629,8,-1.825,-6.707,2.7671,1.457,1.481,-0.2091,0.162
96.679,8,-1.885,-6.681,2.7233,1.477,1.503,-0.2228,0.157
96.729,8,-1.964,-6.641,2.6761,1.484,1.503,-0.2147,0.156
96.779,8,-2.028,-6.605,2.6241,1.502,1.525,-0.226,0.157
96.829,8,-2.098,-6.561,2.5704,1.514,1.546,-0.2339,0.151
96.879,8,-2.155,-6.521,2.5204,1.536,1.567,-0.2224,0.148
96.929,8,-2.216,-6.473,2.4666,1.553,1.586,-0.247,0.149
96.98,8,-2.261,-6.434,2.433,1.565,1.586,-0.2231,0.152
97.029,8,-2.328,-6.369,2.3608,1.582,1.604,-0.2353,0.157
97.079,8,-2.388,-6.304,2.2982,1.596,1.622,-0.2476,0.154
97.129,8,-2.401,-6.289,2.2807,1.601,1.638,-0.2598,0.153
97.179,8,-2.482,-6.182,2.1927,1.613,1.652,-0.2959,0.161
97.229,8,-2.523,-6.117,2.1241,1.626,1.665,-0.2763,0.165
97.28,8,-2.56,-6.05,2.0626,1.64,1.665,-0.2365,0.164
97.329,8,-2.593,-5.979,2.0018,1.657,1.674,-0.2024,0.168
97.379,8,-2.625,-5.902,1.9469,1.674,1.684,-0.2021,0.171
97.43,8,-2.652,-5.824,1.8994,1.68,1.699,-0.2135,0.161
97.48,8,-2.674,-5.75,1.8588,1.685,1.726,-0.2162,0.158
97.529,8,-2.698,-5.647,1.7808,1.7,1.764,-0.2015,0.152
97.579,8,-2.712,-5.565,1.732,1.739,1.803,-0.1958,0.157
97.629,8,-2.722,-5.478,1.6787,1.778,1.842,-0.1906,0.173
97.679,8,-2.729,-5.381,1.6323,1.808,1.879,-0.1667,0.186
97.729,8,-2.731,-5.313,1.593,1.834,1.879,-0.1469,0.198
97.778,8,-2.729,-5.192,1.5391,1.881,1.914,-0.1483,0.203
97.829,8,-2.723,-5.105,1.5005,1.908,1.946,-0.1436,0.232
97.88,8,-2.713,-5.011,1.459,1.943,1.977,-0.1354,0.267
97.929,8,-2.697,-4.908,1.4115,1.97,2.006,-0.1196,0.303
97.98,8,-2.683,-4.832,1.3843,1.998,2.034,-0.1199,0.341
98.028,8,-2.656,-4.709,1.34,2.031,2.062,-0.1202,0.362
98.08,8,-2.631,-4.618,1.3046,2.06,2.09,-0.1039,0.426
98.13,8,-2.608,-4.539,1.2748,2.077,2.119,-0.1012,0.467
98.18,8,-2.572,-4.433,1.2389,2.111,2.181,-0.0877,0.476
98.229,8,-2.53,-4.319,1.204,2.158,2.214,-0.0838,0.464
98.278,8,-2.484,-4.208,1.177,2.199,2.248,-0.0808,0.459
98.329,8,-2.452,-4.134,1.1556,2.22,2.282,-0.0548,0.447
98.379,8,-2.394,-4.01,1.1316,2.265,2.315,-0.0465,0.443
98.429,8,-2.343,-3.905,1.1136,2.289,2.348,-0.0381,0.433
98.479,8,-2.292,-3.805,1.0982,2.343,2.381,-0.0213,0.426
98.529,8,-2.249,-3.721,1.0897,2.363,2.413,-0.0128,0.42
98.58,8,-2.178,-3.588,1.0823,2.408,2.477,0.005,0.414
98.63,8,-2.136,-3.51,1.0802,2.439,2.509,0.019,0.407
98.679,8,-2.081,-3.406,1.0818,2.477,2.54,0.0301,0.403
98.731,8,-2.018,-3.286,1.0893,2.511,2.571,0.0449,0.387
98.78,8,-1.961,-3.175,1.1011,2.547,2.601,0.0517,0.371
98.829,8,-1.891,-3.031,1.1233,2.589,2.662,0.0733,0.351
98.879,8,-1.842,-2.924,1.1484,2.632,2.692,0.0733,0.326
98.929,8,-1.794,-2.812,1.1738,2.664,2.721,0.0776,0.295
98.979,8,-1.737,-2.666,1.2094,2.705,2.771,0.0873,0.26
99.028,8,-1.703,-2.572,1.2269,2.717,2.789,0.0862,0.241
99.079,8,-1.651,-2.409,1.2726,2.766,2.805,0.0733,0.18
99.129,8,-1.615,-2.277,1.3087,2.795,2.829,0.082,0.137
99.179,8,-1.579,-2.13,1.3399,2.817,2.838,0.0836,0.101
99.229,8,-1.552,-2.005,1.3687,2.83,2.851,0.0905,0.091
99.28,8,-1.53,-1.879,1.4035,2.844,2.856,0.0862,0.084
99.329,8,-1.508,-1.718,1.4461,2.855,2.864,0.0862,0.085
99.378,8,-1.493,-1.565,1.481,2.863,2.868,0.0819,0.092
99.43,8,-1.485,-1.436,1.5144,2.868,2.872,0.0733,0.096
99.479,8,-1.48,-1.281,1.5502,2.876,2.88,0.0863,0.108
99.529,8,-1.481,-1.151,1.5812,2.879,2.885,0.0793,0.14
99.58,8,-1.487,-0.996,1.6185,2.886,2.894,0.0824,0.158
99.629,8,-1.498,-0.855,1.6551,2.893,2.899,0.0647,0.172
99.679,8,-1.512,-0.725,1.684,2.901,2.91,0.0787,0.194
99.729,8,-1.53,-0.59,1.7106,2.906,2.921,0.0834,0.224
99.779,8,-1.557,-0.429,1.7514,2.917,2.928,0.075,0.255
99.829,8,-1.587,-0.283,1.7826,2.924,2.934,0.0647,0.269
99.879,8,-1.621,-0.143,1.8134,2.933,2.946,0.0653,0.305
99.929,8,-1.653,-0.027,1.8376,2.94,2.952,0.0531,0.324
99.979,8,-1.705,0.148,1.8689,2.953,2.962,0.0351,0.338
100.029,8,-1.749,0.283,1.8899,2.962,2.967,0.0138,0.349
100.082,8,-1.786,0.393,1.8966,2.968,2.971,0.0046,0.357
100.129,8,-1.847,0.57,1.9028,2.976,3.0,-0.0129,0.36
100.179,8,-1.895,0.709,1.8992,2.99,3.051,-0.0317,0.36
100.229,8,-1.94,0.843,1.8903,3.019,3.077,-0.0431,0.361
100.28,8,-1.99,0.999,1.8763,3.046,3.115,-0.056,0.364
100.329,8,-2.025,1.117,1.8581,3.076,3.1,-0.0565,0.368
100.38,8,-2.067,1.269,1.8313,3.101,3.052,-0.0613,0.382
100.429,8,-2.11,1.444,1.8,3.087,3.02,-0.0482,0.41
100.479,8,-2.144,1.605,1.7767,3.058,2.952,-0.0517,0.407
100.53,8,-2.164,1.709,1.7581,3.022,2.878,-0.0567,0.4
100.579,8,-2.189,1.853,1.7372,2.968,2.838,-0.0483,0.393
100.63,8,-2.215,2.032,1.7075,2.905,2.798,-0.0345,0.382
100.68,8,-2.232,2.168,1.6911,2.851,2.713,-0.0388,0.371
100.73,8,-2.246,2.295,1.6782,2.811,2.667,-0.0486,0.359
100.78,8,-2.259,2.426,1.6615,2.74,2.573,-0.057,0.343
100.829,8,-2.27,2.568,1.6432,2.673,2.525,-0.056,0.333
100.879,8,-2.276,2.678,1.6234,2.605,2.474,-0.0582,0.327
100.93,8,-2.281,2.838,1.5945,2.521,2.369,-0.0648,0.304
100.979,8,-2.282,2.932,1.5823,2.48,2.369,-0.0581,0.295
101.029,8,-2.281,3.055,1.5563,2.4,2.259,-0.066,0.265
101.08,8,-2.277,3.173,1.5345,2.353,2.202,-0.0683,0.242
101.131,8,-2.271,3.29,1.5096,2.266,2.141,-0.0735,0.217
101.179,8,-2.262,3.398,1.4886,2.203,2.08,-0.0801,0.203
101.23,8,-2.25,3.518,1.4618,2.136,2.015,-0.0973,0.188
101.279,8,-2.233,3.64,1.4242,2.042,1.888,-0.1331,0.172
101.329,8,-2.219,3.724,1.3974,1.984,1.828,-0.1449,0.161
101.38,8,-2.201,3.81,1.3603,1.884,1.775,-0.1592,0.152
101.429,8,-2.175,3.913,1.3124,1.807,1.725,-0.1727,0.145
101.479,8,-2.154,3.986,1.2795,1.765,1.725,-0.159,0.141
101.529,8,-2.125,4.069,1.238,1.734,1.682,-0.1537,0.14
101.579,8,-2.099,4.138,1.1996,1.702,1.64,-0.1776,0.134
101.629,8,-2.057,4.234,1.1427,1.654,1.603,-0.1768,0.131
101.68,8,-2.029,4.291,1.1117,1.624,1.567,-0.1884,0.133
101.729,8,-1.984,4.374,1.0601,1.579,1.533,-0.2271,0.139
101.779,8,-1.952,4.426,1.0253,1.556,1.533,-0.1994,0.143
101.829,8,-1.898,4.507,0.9641,1.534,1.501,-0.2118,0.14
101.879,8,-1.856,4.562,0.9142,1.505,1.472,-0.2156,0.134
101.929,8,-1.806,4.622,0.8668,1.483,1.445,-0.2576,0.132
101.98,8,-1.77,4.661,0.8273,1.459,1.423,-0.2566,0.134
102.029,8,-1.704,4.726,0.7611,1.427,1.405,-0.2811,0.136
102.082,8,-1.665,4.76,0.7167,1.408,1.405,-0.2436,0.129
102.129,8,-1.612,4.803,0.6644,1.402,1.391,-0.2726,0.123
102.179,8,-1.544,4.85,0.6,1.386,1.381,-0.2793,0.121
102.229,8,-1.496,4.88,0.5537,1.379,1.381,-0.2598,0.125
102.281,8,-1.438,4.912,0.4973,1.376,1.376,-0.2667,0.129
102.329,8,-1.368,4.946,0.4307,1.371,1.376,-0.2794,0.129
102.379,8,-1.31,4.97,0.3832,1.368,1.381,-0.278,0.117
102.43,8,-1.25,4.991,0.3319,1.369,1.381,-0.2798,0.108
102.479,8,-1.17,5.014,0.2642,1.373,1.392,-0.2781,0.101
102.531,8,-1.118,5.025,0.2162,1.376,1.408,-0.2899,0.098
102.58,8,-1.051,5.037,0.1547,1.387,1.425,-0.2902,0.105
102.629,8,-0.972,5.045,0.0862,1.403,1.425,-0.267,0.109
102.679,8,-0.909,5.047,0.033,1.417,1.442,-0.2674,0.111
102.729,8,-0.827,5.046,-0.0326,1.43,1.455,-0.2677,0.112
102.78,8,-0.752,5.04,-0.0905,1.442,1.459,-0.2678,0.113
102.829,8,-0.696,5.032,-0.1382,1.448,1.459,-0.2486,0.107
102.879,8,-0.61,5.015,-0.2034,1.456,1.456,-0.2329,0.103
102.929,8,-0.547,4.999,-0.2519,1.456,1.45,-0.2364,0.103
102.98,8,-0.484,4.981,-0.3014,1.453,1.449,-0.221,0.104
103.029,8,-0.407,4.953,-0.358,1.452,1.449,-0.1973,0.1
103.079,8,-0.335,4.923,-0.4018,1.454,1.486,-0.1855,0.105
103.13,8,-0.289,4.901,-0.4382,1.454,1.533,-0.1974,0.122
103.179,8,-0.213,4.863,-0.484,1.506,1.533,-0.1915,0.138
103.229,8,-0.14,4.82,-0.5338,1.534,1.583,-0.1749,0.153
103.279,8,-0.076,4.78,-0.573,1.574,1.634,-0.1874,0.168
103.33,8,-0.02,4.742,-0.6107,1.605,1.685,-0.1877,0.181
103.379,8,0.054,4.685,-0.6636,1.66,1.736,-0.204,0.193
103.43,8,0.104,4.643,-0.6986,1.685,1.736,-0.1772,0.203
103.479,8,0.187,4.568,-0.7575,1.734,1.785,-0.1657,0.209
103.53,8,0.23,4.525,-0.7931,1.755,1.831,-0.1661,0.201
103.579,8,0.308,4.438,-0.8465,1.815,1.871,-0.179,0.195
103.629,8,0.363,4.372,-0.8897,1.846,1.909,-0.1672,0.192
103.679,8,0.422,4.291,-0.9408,1.901,1.943,-0.1727,0.192
103.729,8,0.472,4.218,-0.9814,1.915,1.975,-0.1437,0.212
103.779,8,0.518,4.144,-1.0268,1.966,2.005,-0.1489,0.235
103.829,8,0.561,4.066,-1.0651,1.987,2.033,-0.1364,0.258
103.881,8,0.607,3.977,-1.1053,2.011,2.06,-0.1382,0.279
103.929,8,0.659,3.862,-1.1517,2.039,2.084,-0.1131,0.296
103.979,8,0.695,3.776,-1.1846,2.07,2.108,-0.1039,0.312
104.028,8,0.736,3.667,-1.2263,2.106,2.131,-0.0936,0.343
104.079,8,0.766,3.576,-1.2516,2.132,2.154,-0.0922,0.38
104.13,8,0.789,3.5,-1.2704,2.14,2.177,-0.0802,0.397
104.179,8,0.827,3.362,-1.3082,2.165,2.201,-0.0758,0.42
104.23,8,0.853,3.256,-1.3355,2.193,2.222,-0.063,0.393
104.28,8,0.871,3.176,-1.3511,2.215,2.222,-0.0631,0.38
104.33,9,0.899,3.036,-1.3807,2.233,2.314,-0.0633,0.343
104.379,9,0.916,2.935,-1.3995,2.281,2.345,-0.0634,0.321
104.431,9,0.933,2.825,-1.4215,2.324,2.377,-0.0643,0.301
104.479,9,0.948,2.716,-1.4419,2.355,2.41,-0.0523,0.283
104.529,9,0.963,2.581,-1.4657,2.395,2.441,-0.047,0.266
104.58,9,0.972,2.485,-1.4771,2.42,2.473,-0.0513,0.251
104.629,9,0.982,2.35,-1.498,2.457,2.504,-0.0429,0.237
104.679,9,0.991,2.201,-1.5186,2.5,2.565,-0.0474,0.231
104.729,9,0.995,2.082,-1.5355,2.531,2.595,-0.0345,0.216
104.779,9,0.998,1.958,-1.5497,2.58,2.625,-0.0317,0.207
104.829,9,0.999,1.815,-1.5637,2.613,2.685,-0.0271,0.198
104.879,9,0.999,1.783,-1.5679,2.628,2.714,-0.0222,0.195
104.932,9,0.998,1.585,-1.5824,2.69,2.743,-0.0192,0.189
104.979,9,0.995,1.447,-1.5918,2.724,2.801,-0.0,0.191
105.029,9,0.992,1.309,-1.5969,2.759,2.83,0.0,0.192
105.08,9,0.988,1.164,-1.5969,2.803,2.858,0.0043,0.192
105.132,9,0.984,1.031,-1.5963,2.833,2.914,0.0129,0.194
105.18,9,0.981,0.891,-1.5937,2.868,2.942,0.0172,0.196
105.228,9,0.978,0.708,-1.5857,2.923,2.996,0.0216,0.198
105.279,9,0.977,0.569,-1.5771,2.963,3.023,0.0216,0.195
105.329,9,0.977,0.455,-1.5709,2.986,3.049,0.0216,0.193
105.38,9,0.979,0.258,-1.5568,3.035,3.102,0.0271,0.182
105.43,9,0.982,0.114,-1.5464,3.077,3.153,0.0279,0.173
105.479,9,0.986,-0.007,-1.5383,3.103,3.179,0.0216,0.167
105.529,9,0.995,-0.205,-1.5228,3.148,3.229,0.0129,0.148
105.579,9,1.003,-0.355,-1.5156,3.195,3.279,0.0086,0.135
105.632,9,1.012,-0.506,-1.5101,3.227,3.303,0.0043,0.121
105.679,9,1.023,-0.672,-1.5063,3.267,3.352,0.0,0.107
105.729,9,1.033,-0.823,-1.5046,3.299,3.376,-0.0,0.094
105.782,9,1.044,-0.986,-1.5047,3.345,3.424,-0.0145,0.08
105.829,9,1.055,-1.155,-1.5058,3.377,3.448,-0.0172,0.068
105.882,9,1.065,-1.328,-1.5143,3.418,3.495,-0.0275,0.059
105.929,9,1.075,-1.528,-1.5273,3.461,3.541,-0.0308,0.053
105.981,9,1.079,-1.664,-1.5351,3.484,3.563,-0.0302,0.05
106.029,9,1.083,-1.854,-1.5535,3.53,3.607,-0.0302,0.051
106.079,9,1.084,-2.032,-1.5719,3.566,3.635,-0.0345,0.054
106.129,9,1.081,-2.237,-1.5895,3.601,3.613,-0.0394,0.058
106.18,9,1.077,-2.367,-1.6027,3.609,3.553,-0.0435,0.06
106.229,9,1.067,-2.561,-1.6279,3.604,3.495,-0.0431,0.084
106.279,9,1.05,-2.778,-1.6567,3.551,3.437,-0.0388,0.107
106.329,9,1.036,-2.918,-1.6758,3.516,3.408,-0.0345,0.132
106.38,9,1.016,-3.087,-1.6957,3.464,3.346,-0.0345,0.16
106.429,9,0.993,-3.254,-1.7124,3.419,3.281,-0.0431,0.189
106.479,9,0.961,-3.457,-1.7352,3.349,3.211,-0.0431,0.223
106.528,9,0.929,-3.629,-1.7579,3.295,3.175,-0.0359,0.267
106.579,9,0.9,-3.769,-1.7746,3.241,3.1,-0.0362,0.316
106.629,9,0.866,-3.925,-1.7912,3.186,3.061,-0.0347,0.369
106.679,9,0.826,-4.093,-1.8092,3.118,2.981,-0.0405,0.401
106.729,9,0.788,-4.242,-1.8228,3.077,2.896,-0.0439,0.416
106.779,9,0.75,-4.381,-1.8422,2.984,2.852,-0.0436,0.463
106.832,9,0.713,-4.507,-1.8608,2.927,2.761,-0.0388,0.497
106.878,9,0.673,-4.633,-1.876,2.853,2.713,-0.0362,0.526
106.929,9,0.623,-4.787,-1.8937,2.771,2.615,-0.0483,0.55
106.981,9,0.588,-4.887,-1.9043,2.723,2.615,-0.0431,0.562
107.029,9,0.541,-5.015,-1.9262,2.647,2.512,-0.0485,0.601
107.079,9,0.495,-5.134,-1.9428,2.596,2.403,-0.065,0.615
107.129,9,0.437,-5.276,-1.9683,2.504,2.345,-0.069,0.662
107.179,9,0.397,-5.368,-1.9865,2.434,2.286,-0.0687,0.706
107.229,9,0.335,-5.498,-2.0168,2.339,2.224,-0.0725,0.746
107.281,9,0.296,-5.576,-2.0343,2.281,2.092,-0.0932,0.728
107.329,9,0.241,-5.68,-2.0639,2.213,2.092,-0.0848,0.717
107.379,9,0.178,-5.791,-2.0991,2.115,1.974,-0.1058,0.708
107.431,9,0.13,-5.868,-2.1255,2.057,1.923,-0.1124,0.7
107.479,9,0.081,-5.943,-2.156,1.976,1.878,-0.1133,0.685
107.529,9,0.02,-6.03,-2.1917,1.916,1.834,-0.1193,0.667
107.579,9,-0.019,-6.083,-2.2089,1.897,1.794,-0.1313,0.658
107.629,9,-0.1,-6.184,-2.2562,1.84,1.756,-0.1552,0.639
107.679,9,-0.155,-6.248,-2.2934,1.786,1.719,-0.1669,0.628
107.73,9,-0.211,-6.308,-2.3291,1.758,1.719,-0.1578,0.618
107.78,9,-0.268,-6.364,-2.3701,1.728,1.684,-0.1559,0.604
107.829,9,-0.33,-6.42,-2.4077,1.707,1.65,-0.1923,0.583
107.88,9,-0.397,-6.476,-2.4539,1.669,1.619,-0.1923,0.564
107.93,9,-0.459,-6.524,-2.4987,1.641,1.588,-0.1886,0.546
107.981,9,-0.527,-6.571,-2.5397,1.616,1.558,-0.242,0.531
108.029,9,-0.595,-6.614,-2.5864,1.591,1.558,-0.2117,0.519
108.08,9,-0.66,-6.651,-2.6356,1.563,1.504,-0.2477,0.507
108.129,9,-0.742,-6.691,-2.6909,1.533,1.504,-0.2372,0.497
108.179,9,-0.809,-6.72,-2.7474,1.501,1.48,-0.222,0.473
108.229,9,-0.886,-6.747,-2.8054,1.487,1.46,-0.2717,0.446
108.279,9,-0.939,-6.763,-2.8406,1.476,1.46,-0.2453,0.416
108.328,9,-1.026,-6.785,-2.9158,1.453,1.444,-0.2498,0.387
108.379,9,-1.092,-6.797,-2.9666,1.441,1.432,-0.2486,0.371
108.43,9,-1.147,-6.804,-3.0033,1.438,1.424,-0.2443,0.322
108.479,9,-1.233,-6.811,-3.0776,1.423,1.419,-0.2441,0.295
108.528,9,-1.287,-6.812,-3.1076,1.421,1.419,-0.2375,0.284
108.579,9,-1.36,-6.811,3.1244,1.416,1.417,-0.2454,0.256
108.629,9,-1.43,-6.806,3.0667,1.414,1.422,-0.2439,0.24
108.679,9,-1.493,-6.799,3.0261,1.413,1.429,-0.2589,0.233
108.73,9,-1.573,-6.785,2.9563,1.417,1.429,-0.2378,0.205
108.779,9,-1.654,-6.765,2.8953,1.426,1.442,-0.2369,0.189
108.829,9,-1.718,-6.746,2.8481,1.431,1.46,-0.2479,0.177
108.878,9,-1.792,-6.72,2.7889,1.452,1.481,-0.2208,0.171
108.929,9,-1.859,-6.692,2.7343,1.468,1.481,-0.1975,0.159
108.98,9,-1.923,-6.662,2.6914,1.483,1.503,-0.2127,0.156
109.031,9,-1.986,-6.629,2.6488,1.494,1.525,-0.2217,0.155
109.08,9,-2.043,-6.596,2.6034,1.517,1.546,-0.2458,0.153
109.129,9,-2.115,-6.548,2.5436,1.53,1.546,-0.2234,0.148
109.179,9,-2.181,-6.498,2.4927,1.544,1.567,-0.2107,0.146
109.23,9,-2.237,-6.452,2.4387,1.558,1.586,-0.2283,0.149
109.279,9,-2.288,-6.406,2.3922,1.575,1.604,-0.2507,0.154
109.329,9,-2.351,-6.342,2.3367,1.584,1.622,-0.2647,0.153
109.379,9,-2.381,-6.308,2.303,1.593,1.622,-0.2357,0.151
109.429,9,-2.45,-6.22,2.2168,1.615,1.638,-0.236,0.154
109.479,9,-2.492,-6.158,2.157,1.63,1.652,-0.254,0.159
109.53,9,-2.532,-6.092,2.1006,1.634,1.665,-0.2543,0.16
109.58,9,-2.567,-6.027,2.0499,1.646,1.674,-0.2126,0.16
109.629,9,-2.607,-5.938,1.9804,1.667,1.684,-0.213,0.166
109.68,9,-2.634,-5.868,1.931,1.677,1.684,-0.2044,0.166
109.729,9,-2.658,-5.797,1.8833,1.684,1.699,-0.1892,0.157
109.78,9,-2.684,-5.704,1.8247,1.697,1.726,-0.2028,0.152
109.829,9,-2.704,-5.608,1.7666,1.718,1.764,-0.2069,0.151
109.879,9,-2.717,-5.53,1.723,1.751,1.803,-0.1911,0.164
109.929,9,-2.726,-5.446,1.6665,1.787,1.842,-0.1786,0.178
109.979,9,-2.731,-5.365,1.6253,1.818,1.879,-0.1548,0.192
110.03,9,-2.733,-5.262,1.5734,1.861,1.914,-0.1552,0.203
110.08,9,-2.731,-5.189,1.5494,1.875,1.946,-0.1678,0.207
110.129,9,-2.723,-5.072,1.483,1.929,1.977,-0.1494,0.247
110.181,9,-2.712,-4.985,1.4446,1.959,2.006,-0.1319,0.282
110.23,9,-2.698,-4.894,1.407,1.983,2.006,-0.1197,0.319
110.279,9,-2.677,-4.792,1.3647,2.01,2.062,-0.1201,0.359
110.329,9,-2.655,-4.697,1.3324,2.031,2.062,-0.1201,0.402
110.38,9,-2.628,-4.598,1.2937,2.063,2.119,-0.1086,0.444
110.43,9,-2.597,-4.501,1.2608,2.087,2.149,-0.1082,0.483
110.482,9,-2.562,-4.401,1.2252,2.128,2.181,-0.0794,0.471
110.53,9,-2.516,-4.283,1.1868,2.16,2.214,-0.0712,0.462
110.579,9,-2.47,-4.175,1.1618,2.187,2.248,-0.0683,0.454
110.629,9,-2.429,-4.086,1.1415,2.215,2.282,-0.0505,0.446
110.679,9,-2.373,-3.967,1.1181,2.277,2.315,-0.0397,0.439
110.73,9,-2.337,-3.895,1.1066,2.303,2.348,-0.0301,0.433
110.779,9,-2.285,-3.794,1.0946,2.333,2.413,-0.0128,0.43
110.829,9,-2.226,-3.683,1.0853,2.374,2.445,-0.0,0.42
110.879,9,-2.17,-3.577,1.0823,2.414,2.477,0.0043,0.413
110.93,9,-2.111,-3.467,1.0825,2.456,2.509,0.0172,0.405
110.979,9,-2.044,-3.339,1.0863,2.494,2.54,0.0301,0.396
111.029,9,-1.982,-3.221,1.0945,2.525,2.601,0.056,0.384
111.079,9,-1.948,-3.152,1.1032,2.551,2.632,0.0647,0.375
111.129,9,-1.879,-3.01,1.1322,2.602,2.662,0.069,0.343
111.179,9,-1.817,-2.87,1.1666,2.65,2.721,0.0776,0.314
111.229,9,-1.768,-2.749,1.1943,2.683,2.746,0.0786,0.282
111.281,9,-1.73,-2.647,1.2167,2.713,2.771,0.0776,0.245
111.329,9,-1.676,-2.486,1.2552,2.756,2.805,0.0819,0.204
111.379,9,-1.639,-2.361,1.2901,2.788,2.818,0.0733,0.163
111.43,9,-1.61,-2.253,1.3157,2.806,2.838,0.0819,0.119
111.478,9,-1.568,-2.074,1.3558,2.829,2.845,0.0833,0.1
111.529,9,-1.549,-1.974,1.3842,2.838,2.851,0.069,0.084
111.58,9,-1.523,-1.816,1.4214,2.851,2.86,0.084,0.08
111.63,9,-1.506,-1.683,1.4522,2.857,2.864,0.0821,0.086
111.68,9,-1.493,-1.552,1.4818,2.863,2.872,0.0862,0.092
111.73,9,-1.484,-1.407,1.5149,2.868,2.876,0.0905,0.105
111.779,9,-1.48,-1.234,1.56,2.875,2.885,0.0905,0.127
111.829,9,-1.482,-1.128,1.5849,2.878,2.885,0.0776,0.138
111.878,9,-1.492,-0.938,1.6381,2.888,2.899,0.0733,0.163
111.929,9,-1.501,-0.834,1.6608,2.894,2.904,0.069,0.176
111.978,9,-1.516,-0.696,1.6876,2.901,2.91,0.07,0.189
112.029,9,-1.542,-0.517,1.7223,2.908,2.921,0.0776,0.234
112.079,9,-1.561,-0.405,1.7426,2.914,2.928,0.0838,0.265
112.129,9,-1.598,-0.231,1.7858,2.924,2.94,0.0796,0.292
112.179,9,-1.633,-0.086,1.8189,2.934,2.946,0.0647,0.304
112.229,9,-1.666,0.03,1.8495,2.941,2.957,0.0431,0.333
112.279,9,-1.716,0.194,1.8767,2.956,2.962,0.0259,0.346
112.329,9,-1.753,0.304,1.8902,2.962,2.967,0.0129,0.356
112.38,9,-1.801,0.447,1.9,2.97,2.976,-0.0,0.362
112.43,9,-1.854,0.599,1.9031,2.976,3.0,-0.0131,0.363
112.479,9,-1.899,0.729,1.8996,2.994,3.051,-0.0259,0.364
112.529,9,-1.944,0.866,1.8928,3.012,3.077,-0.0478,0.364
112.579,9,-2.006,1.058,1.8692,3.062,3.115,-0.0531,0.367
112.629,9,-2.045,1.191,1.8508,3.081,3.084,-0.0603,0.372
112.679,9,-2.078,1.313,1.83,3.092,3.052,-0.056,0.399
112.729,9,-2.121,1.496,1.7965,3.075,2.986,-0.056,0.408
112.779,9,-2.149,1.627,1.7714,3.036,2.952,-0.0524,0.404
112.832,9,-2.174,1.76,1.75,3.002,2.878,-0.0521,0.398
112.879,9,-2.201,1.929,1.7243,2.937,2.838,-0.0394,0.391
112.93,9,-2.22,2.059,1.7063,2.899,2.756,-0.0388,0.38
112.979,9,-2.239,2.22,1.6863,2.823,2.713,-0.0388,0.368
113.029,9,-2.251,2.325,1.6746,2.782,2.667,-0.0431,0.362
113.079,9,-2.266,2.496,1.6535,2.71,2.573,-0.0564,0.341
113.129,9,-2.273,2.611,1.6353,2.663,2.525,-0.0561,0.331
113.179,9,-2.281,2.757,1.6135,2.59,2.423,-0.0603,0.318
113.23,9,-2.284,2.871,1.5919,2.526,2.369,-0.0647,0.301
113.279,9,-2.284,3.011,1.5678,2.436,2.316,-0.0602,0.282
113.33,9,-2.282,3.119,1.547,2.377,2.259,-0.0687,0.26
113.379,9,-2.277,3.225,1.5234,2.299,2.141,-0.085,0.236
113.429,9,-2.269,3.353,1.4948,2.214,2.08,-0.0844,0.213
113.48,9,-2.26,3.45,1.4707,2.143,2.015,-0.1024,0.199
113.529,9,-2.245,3.566,1.4439,2.096,1.95,-0.1183,0.182
113.579,9,-2.235,3.641,1.4255,2.049,1.888,-0.1207,0.175
113.629,9,-2.213,3.761,1.3802,1.961,1.828,-0.1455,0.158
113.679,9,-2.19,3.859,1.338,1.854,1.775,-0.1434,0.149
113.729,9,-2.169,3.939,1.3046,1.832,1.725,-0.1703,0.144
113.78,9,-2.144,4.017,1.2587,1.743,1.682,-0.1702,0.141
113.829,9,-2.118,4.09,1.2203,1.714,1.64,-0.1907,0.138
113.879,9,-2.082,4.179,1.1714,1.663,1.603,-0.1892,0.133
113.929,9,-2.043,4.263,1.12,1.626,1.603,-0.1644,0.13
113.981,9,-2.018,4.311,1.0883,1.611,1.567,-0.1792,0.134
114.029,9,-1.973,4.39,1.0418,1.581,1.533,-0.2147,0.139
114.079,9,-1.938,4.446,1.0072,1.544,1.501,-0.2108,0.142
114.129,9,-1.893,4.511,0.9519,1.533,1.472,-0.2285,0.136
114.179,9,-1.845,4.573,0.9089,1.498,1.472,-0.2103,0.131
114.229,9,-1.797,4.629,0.8596,1.473,1.445,-0.2494,0.13
114.28,9,-1.75,4.679,0.809,1.445,1.423,-0.2564,0.133
114.329,9,-1.687,4.739,0.7383,1.424,1.405,-0.2559,0.132
114.379,9,-1.638,4.78,0.6946,1.41,1.405,-0.244,0.125
114.429,9,-1.588,4.818,0.6404,1.402,1.391,-0.2436,0.121
114.479,9,-1.524,4.862,0.5873,1.39,1.381,-0.2668,0.12
114.529,9,-1.467,4.896,0.5317,1.378,1.376,-0.2784,0.126
114.58,9,-1.411,4.926,0.4883,1.375,1.376,-0.2665,0.13
114.63,9,-1.341,4.958,0.4199,1.37,1.376,-0.2663,0.127
114.679,9,-1.294,4.977,0.385,1.367,1.381,-0.2898,0.121
114.728,9,-1.212,5.005,0.303,1.368,1.392,-0.3018,0.108
114.779,9,-1.159,5.019,0.2605,1.371,1.392,-0.2781,0.103
114.828,9,-1.076,5.036,0.1865,1.384,1.408,-0.292,0.101
114.879,9,-1.009,5.045,0.1208,1.394,1.425,-0.2931,0.109
114.929,9,-0.96,5.049,0.0762,1.401,1.442,-0.2956,0.113
114.978,9,-0.868,5.05,0.0019,1.421,1.442,-0.2723,0.114
115.029,9,-0.802,5.047,-0.0605,1.434,1.455,-0.256,0.115
115.079,9,-0.748,5.042,-0.0929,1.443,1.459,-0.2562,0.114
115.129,9,-0.661,5.028,-0.1667,1.451,1.459,-0.2327,0.107
115.178,9,-0.586,5.012,-0.2219,1.459,1.456,-0.2372,0.104
115.23,9,-0.519,4.994,-0.2762,1.455,1.45,-0.2232,0.106
115.28,9,-0.464,4.976,-0.3137,1.454,1.449,-0.221,0.105
115.329,9,-0.396,4.951,-0.3602,1.453,1.486,-0.1973,0.101
115.38,9,-0.333,4.924,-0.4044,1.461,1.486,-0.1855,0.103
115.43,9,-0.249,4.884,-0.4581,1.488,1.533,-0.1979,0.129
115.479,9,-0.177,4.845,-0.5069,1.528,1.533,-0.1865,0.137
115.529,9,-0.125,4.813,-0.5444,1.535,1.583,-0.1774,0.16
115.579,9,-0.057,4.769,-0.5916,1.578,1.634,-0.1904,0.174
115.628,9,-0.009,4.735,-0.6225,1.596,1.685,-0.1758,0.18
115.679,9,0.076,4.668,-0.6777,1.669,1.736,-0.1888,0.198
115.73,9,0.13,4.622,-0.7167,1.702,1.785,-0.1907,0.206
115.78,9,0.205,4.55,-0.774,1.756,1.831,-0.1942,0.206
115.829,9,0.254,4.498,-0.8148,1.783,1.831,-0.1718,0.197
115.88,9,0.314,4.43,-0.8679,1.827,1.909,-0.1697,0.191
115.931,9,0.372,4.356,-0.9107,1.859,1.909,-0.1579,0.19
115.979,9,0.42,4.288,-0.9536,1.904,1.943,-0.1482,0.19
116.03,9,0.486,4.186,-1.008,1.939,1.975,-0.1327,0.217
116.079,9,0.525,4.12,-1.0349,1.965,2.005,-0.1322,0.239
116.129,9,0.582,4.015,-1.0912,1.999,2.033,-0.1199,0.261
116.178,9,0.629,3.917,-1.1284,2.032,2.06,-0.1202,0.28
116.23,9,0.659,3.85,-1.1581,2.054,2.084,-0.0956,0.297
116.28,9,0.698,3.754,-1.1896,2.077,2.108,-0.1015,0.316
116.329,9,0.736,3.652,-1.2255,2.105,2.154,-0.096,0.353
116.379,9,0.774,3.537,-1.2605,2.139,2.154,-0.0795,0.389
116.43,9,0.806,3.429,-1.2894,2.16,2.201,-0.0846,0.422
116.479,9,0.832,3.332,-1.3155,2.189,2.222,-0.0756,0.411
116.529,9,0.861,3.212,-1.3444,2.213,2.222,-0.0673,0.384
116.579,10,0.882,3.112,-1.3665,2.229,2.282,-0.0637,0.359
116.629,10,0.904,2.993,-1.388,2.237,2.314,-0.059,0.336
116.68,10,0.921,2.892,-1.4057,2.287,2.345,-0.0592,0.314
116.729,10,0.935,2.801,-1.4192,2.312,2.377,-0.065,0.303
116.781,10,0.951,2.68,-1.4441,2.354,2.441,-0.0607,0.276
116.829,10,0.966,2.55,-1.4676,2.385,2.441,-0.0512,0.26
116.88,10,0.976,2.436,-1.4877,2.433,2.504,-0.0429,0.247
116.929,10,0.984,2.318,-1.5046,2.463,2.535,-0.0437,0.234
116.98,10,0.991,2.184,-1.521,2.505,2.565,-0.0431,0.222
117.031,10,0.995,2.064,-1.5374,2.544,2.625,-0.0345,0.212
117.08,10,0.998,1.936,-1.5516,2.587,2.655,-0.0345,0.203
117.129,10,0.999,1.797,-1.5657,2.63,2.685,-0.0223,0.196
117.179,10,0.998,1.647,-1.5792,2.673,2.743,-0.0129,0.189
117.229,10,0.997,1.521,-1.5866,2.702,2.772,-0.0104,0.19
117.281,10,0.994,1.392,-1.5918,2.743,2.801,-0.0,0.191
117.329,10,0.991,1.257,-1.5943,2.775,2.83,0.0,0.192
117.379,10,0.988,1.125,-1.5943,2.808,2.886,0.0043,0.192
117.432,10,0.984,0.983,-1.5937,2.845,2.942,0.0129,0.194
117.48,10,0.981,0.836,-1.5911,2.891,2.969,0.0172,0.196
117.529,10,0.979,0.669,-1.5845,2.939,2.996,0.0222,0.197
117.579,10,0.978,0.545,-1.5788,2.963,3.023,0.0216,0.193
117.629,10,0.978,0.359,-1.5658,3.007,3.076,0.0265,0.188
117.68,10,0.98,0.216,-1.5551,3.047,3.128,0.0311,0.18
117.729,10,0.984,0.047,-1.5419,3.082,3.153,0.0279,0.169
117.779,10,0.989,-0.1,-1.5305,3.122,3.204,0.0219,0.157
117.829,10,0.998,-0.27,-1.5173,3.16,3.254,0.0129,0.143
117.879,10,1.006,-0.41,-1.5101,3.204,3.279,0.0043,0.128
117.929,10,1.018,-0.585,-1.5044,3.25,3.328,0.0,0.114
117.978,10,1.026,-0.703,-1.5027,3.276,3.352,-0.0,0.107
118.029,10,1.04,-0.904,-1.5027,3.32,3.4,-0.0093,0.087
118.079,10,1.05,-1.062,-1.5058,3.364,3.448,-0.0172,0.075
118.128,10,1.062,-1.255,-1.5115,3.402,3.472,-0.0233,0.069
118.179,10,1.07,-1.409,-1.5212,3.443,3.518,-0.0259,0.057
118.229,10,1.077,-1.583,-1.5331,3.474,3.563,-0.0302,0.052
118.279,10,1.081,-1.748,-1.549,3.521,3.607,-0.0351,0.051
118.329,10,1.083,-1.911,-1.558,3.54,3.629,-0.0362,0.054
118.38,10,1.082,-2.122,-1.5832,3.587,3.64,-0.0356,0.059
118.43,10,1.078,-2.284,-1.6024,3.615,3.582,-0.0345,0.062
118.478,10,1.068,-2.49,-1.6241,3.608,3.524,-0.0358,0.074
118.529,10,1.059,-2.634,-1.6379,3.592,3.495,-0.0365,0.095
118.58,10,1.046,-2.793,-1.6523,3.56,3.437,-0.045,0.106
118.63,10,1.026,-2.989,-1.6767,3.505,3.377,-0.0431,0.143
118.679,10,1.008,-3.141,-1.6975,3.461,3.313,-0.0388,0.157
118.729,10,0.982,-3.323,-1.7222,3.392,3.246,-0.0388,0.201
118.781,10,0.955,-3.485,-1.7398,3.337,3.211,-0.0388,0.24
118.829,10,0.925,-3.643,-1.7604,3.275,3.138,-0.0302,0.286
118.879,10,0.893,-3.799,-1.7762,3.228,3.1,-0.035,0.311
118.929,10,0.858,-3.957,-1.7921,3.158,3.022,-0.0345,0.383
118.979,10,0.823,-4.105,-1.8076,3.109,2.981,-0.0388,0.397
119.028,10,0.774,-4.294,-1.8301,3.027,2.896,-0.0388,0.442
119.079,10,0.745,-4.4,-1.8448,2.975,2.807,-0.0402,0.474
119.129,10,0.704,-4.538,-1.8571,2.934,2.761,-0.0431,0.491
119.179,10,0.651,-4.707,-1.8807,2.834,2.665,-0.0474,0.533
119.229,10,0.617,-4.809,-1.8933,2.78,2.615,-0.0474,0.557
119.279,10,0.57,-4.943,-1.9147,2.703,2.565,-0.0474,0.583
119.329,10,0.522,-5.069,-1.934,2.63,2.459,-0.0603,0.61
119.379,10,0.466,-5.209,-1.9581,2.53,2.403,-0.0603,0.64
119.429,10,0.422,-5.312,-1.9769,2.483,2.345,-0.0664,0.678
119.479,10,0.388,-5.389,-1.9923,2.42,2.286,-0.0642,0.7
119.529,10,0.323,-5.524,-2.0202,2.359,2.224,-0.0725,0.738
119.579,10,0.262,-5.644,-2.0522,2.274,2.16,-0.0808,0.73
119.629,10,0.223,-5.714,-2.0745,2.211,2.029,-0.0977,0.715
119.679,10,0.172,-5.803,-2.1,2.126,1.974,-0.1068,0.711
119.729,10,0.105,-5.91,-2.1349,2.046,1.923,-0.1123,0.698
119.779,10,0.055,-5.985,-2.1683,1.957,1.878,-0.1169,0.681
119.829,10,-0.013,-6.079,-2.2067,1.916,1.834,-0.1193,0.663
119.879,10,-0.064,-6.145,-2.2387,1.856,1.794,-0.1341,0.649
119.929,10,-0.118,-6.21,-2.2693,1.823,1.756,-0.1552,0.638
119.981,10,-0.17,-6.269,-2.2992,1.79,1.719,-0.1685,0.628
120.029,10,-0.236,-6.339,-2.3465,1.736,1.684,-0.166,0.619
120.079,10,-0.289,-6.39,-2.3768,1.72,1.65,-0.206,0.611
120.129,10,-0.356,-6.449,-2.4266,1.687,1.619,-0.2014,0.58
120.178,10,-0.411,-6.494,-2.4608,1.657,1.619,-0.1889,0.57
120.229,10,-0.484,-6.548,-2.5219,1.618,1.588,-0.1915,0.543
120.279,10,-0.548,-6.59,-2.5627,1.604,1.558,-0.2242,0.535
120.329,10,-0.629,-6.638,-2.6212,1.56,1.53,-0.2232,0.514
120.38,10,-0.687,-6.668,-2.669,1.545,1.504,-0.2228,0.503
120.429,10,-0.767,-6.705,-2.7256,1.527,1.48,-0.2381,0.487
120.481,10,-0.831,-6.73,-2.7747,1.501,1.48,-0.2235,0.461
120.529,10,-0.899,-6.753,-2.8216,1.481,1.46,-0.2603,0.433
120.579,10,-0.984,-6.777,-2.8835,1.459,1.444,-0.257,0.419
120.629,10,-1.037,-6.788,-2.9288,1.451,1.432,-0.2589,0.376
120.679,10,-1.106,-6.8,-2.9782,1.436,1.432,-0.2466,0.343
120.729,10,-1.186,-6.809,-3.037,1.427,1.424,-0.2467,0.311
120.78,10,-1.244,-6.813,-3.077,1.426,1.419,-0.2589,0.298
120.829,10,-1.32,-6.814,-3.1406,1.416,1.417,-0.257,0.266
120.879,10,-1.404,-6.809,3.0789,1.411,1.417,-0.2202,0.248
120.929,10,-1.456,-6.804,3.0439,1.412,1.422,-0.232,0.24
120.979,10,-1.523,-6.794,2.99,1.417,1.429,-0.2321,0.223
121.029,10,-1.611,-6.776,2.9304,1.42,1.442,-0.244,0.198
121.079,10,-1.676,-6.759,2.8778,1.43,1.442,-0.2324,0.184
121.129,10,-1.741,-6.739,2.8287,1.438,1.46,-0.2324,0.173
121.179,10,-1.803,-6.716,2.7822,1.452,1.481,-0.2219,0.164
121.229,10,-1.884,-6.681,2.7226,1.473,1.503,-0.2265,0.161
121.279,10,-1.946,-6.651,2.6826,1.488,1.503,-0.2133,0.156
121.33,10,-2.002,-6.62,2.6387,1.501,1.525,-0.2219,0.156
121.381,10,-2.069,-6.58,2.5851,1.512,1.546,-0.2471,0.152
121.429,10,-2.131,-6.538,2.538,1.524,1.567,-0.2367,0.148
121.479,10,-2.197,-6.487,2.4721,1.552,1.567,-0.1989,0.147
121.529,10,-2.254,-6.438,2.4347,1.562,1.586,-0.2353,0.152
121.579,10,-2.305,-6.39,2.3833,1.573,1.604,-0.2513,0.155
121.629,10,-2.365,-6.326,2.3149,1.584,1.622,-0.2474,0.151
121.679,10,-2.422,-6.257,2.2491,1.604,1.638,-0.2649,0.15
121.729,10,-2.464,-6.2,2.1998,1.616,1.638,-0.2376,0.156
121.779,10,-2.514,-6.123,2.132,1.631,1.652,-0.2363,0.158
121.829,10,-2.543,-6.072,2.097,1.633,1.665,-0.2515,0.159
121.879,10,-2.586,-5.984,2.0092,1.651,1.674,-0.2159,0.162
121.929,10,-2.615,-5.915,1.9562,1.662,1.684,-0.2129,0.167
121.979,10,-2.64,-5.845,1.9087,1.675,1.699,-0.2057,0.159
122.029,10,-2.669,-5.752,1.85,1.69,1.726,-0.2014,0.152
122.079,10,-2.688,-5.673,1.8007,1.709,1.764,-0.2165,0.148
122.131,10,-2.704,-5.594,1.7525,1.725,1.764,-0.1925,0.151
122.179,10,-2.717,-5.495,1.6944,1.758,1.803,-0.1697,0.167
122.229,10,-2.724,-5.416,1.6502,1.782,1.842,-0.1663,0.181
122.279,10,-2.728,-5.329,1.6053,1.831,1.879,-0.1572,0.193
122.329,10,-2.728,-5.218,1.5508,1.87,1.914,-0.1431,0.203
122.38,10,-2.724,-5.144,1.5205,1.899,1.946,-0.1574,0.223
122.429,10,-2.714,-5.032,1.4719,1.931,1.977,-0.1448,0.258
122.479,10,-2.7,-4.929,1.427,1.964,2.006,-0.1318,0.276
122.529,10,-2.684,-4.835,1.3859,1.992,2.034,-0.1198,0.33
122.579,10,-2.663,-4.739,1.349,2.029,2.062,-0.1202,0.373
122.629,10,-2.641,-4.652,1.3134,2.056,2.09,-0.1121,0.416
122.679,10,-2.614,-4.56,1.2822,2.075,2.119,-0.1011,0.457
122.729,10,-2.575,-4.442,1.2411,2.113,2.149,-0.0918,0.479
122.779,10,-2.535,-4.334,1.2113,2.147,2.181,-0.0795,0.473
122.829,10,-2.5,-4.246,1.1856,2.158,2.214,-0.0712,0.457
122.879,10,-2.462,-4.157,1.1618,2.205,2.248,-0.0631,0.448
122.929,10,-2.417,-4.058,1.1403,2.233,2.282,-0.0506,0.441
122.979,10,-2.355,-3.929,1.117,2.276,2.348,-0.0381,0.438
123.029,10,-2.308,-3.837,1.1026,2.311,2.381,-0.0254,0.429
123.079,10,-2.256,-3.736,1.0911,2.36,2.413,-0.0128,0.422
123.129,10,-2.199,-3.629,1.0839,2.384,2.445,-0.0054,0.416
123.178,10,-2.154,-3.544,1.0802,2.413,2.477,0.0043,0.413
123.229,10,-2.078,-3.403,1.0793,2.458,2.54,0.0349,0.403
123.279,10,-2.033,-3.317,1.0835,2.496,2.571,0.0473,0.392
123.329,10,-1.979,-3.214,1.0957,2.535,2.601,0.0517,0.385
123.379,10,-1.909,-3.071,1.118,2.58,2.632,0.0603,0.357
123.429,10,-1.864,-2.977,1.137,2.613,2.662,0.0647,0.334
123.48,10,-1.824,-2.885,1.1539,2.63,2.692,0.0746,0.32
123.529,10,-1.754,-2.716,1.1929,2.673,2.746,0.0819,0.274
123.579,10,-1.713,-2.607,1.2201,2.709,2.789,0.0862,0.236
123.629,10,-1.662,-2.456,1.2595,2.758,2.805,0.0871,0.197
123.681,10,-1.626,-2.334,1.2923,2.786,2.818,0.0819,0.155
123.731,10,-1.593,-2.209,1.3249,2.806,2.838,0.0819,0.109
123.779,10,-1.562,-2.072,1.3568,2.822,2.845,0.0862,0.096
123.829,10,-1.531,-1.902,1.3972,2.839,2.856,0.092,0.088
123.879,10,-1.512,-1.775,1.4349,2.85,2.86,0.0819,0.085
123.929,10,-1.495,-1.613,1.4764,2.86,2.868,0.0819,0.092
123.979,10,-1.486,-1.499,1.5007,2.866,2.872,0.0825,0.096
124.029,10,-1.481,-1.373,1.5301,2.872,2.876,0.078,0.102
124.079,10,-1.479,-1.194,1.5775,2.879,2.885,0.0776,0.135
124.132,10,-1.482,-1.085,1.5972,2.881,2.889,0.069,0.145
124.179,10,-1.491,-0.927,1.6331,2.888,2.899,0.0819,0.169
124.229,10,-1.503,-0.794,1.664,2.893,2.904,0.0778,0.175
124.279,10,-1.522,-0.639,1.7043,2.904,2.916,0.0737,0.216
124.329,10,-1.544,-0.495,1.7343,2.911,2.921,0.0733,0.246
124.379,10,-1.571,-0.355,1.7677,2.919,2.934,0.069,0.275
124.429,10,-1.603,-0.212,1.7966,2.927,2.94,0.0709,0.299
124.48,10,-1.637,-0.078,1.8245,2.936,2.946,0.056,0.31
124.531,10,-1.681,0.077,1.8592,2.946,2.957,0.0388,0.336
124.579,10,-1.724,0.213,1.8796,2.955,2.962,0.0259,0.348
124.629,10,-1.782,0.387,1.897,2.965,2.971,0.0061,0.357
124.679,10,-1.821,0.499,1.9014,2.972,2.976,-0.0061,0.361
124.729,10,-1.88,0.671,1.901,2.979,3.025,-0.0217,0.361
124.779,10,-1.924,0.802,1.8948,3.002,3.077,-0.0391,0.363
124.829,10,-1.975,0.957,1.8831,3.032,3.096,-0.0518,0.365
124.879,10,-2.014,1.083,1.8648,3.066,3.1,-0.0608,0.368
124.929,10,-2.053,1.22,1.8405,3.09,3.084,-0.056,0.375
124.979,10,-2.09,1.364,1.8149,3.096,3.02,-0.0528,0.412
125.029,10,-2.129,1.535,1.7866,3.069,2.986,-0.0474,0.405
125.079,10,-2.162,1.696,1.7653,3.031,2.915,-0.0563,0.402
125.129,10,-2.185,1.828,1.7447,2.988,2.878,-0.0447,0.396
125.179,10,-2.206,1.959,1.7212,2.925,2.798,-0.0388,0.388
125.229,10,-2.228,2.124,1.6996,2.864,2.756,-0.0388,0.377
125.279,10,-2.243,2.253,1.6839,2.805,2.667,-0.0517,0.365
125.329,10,-2.258,2.402,1.6654,2.756,2.622,-0.0517,0.35
125.38,10,-2.267,2.512,1.6488,2.696,2.573,-0.0528,0.337
125.428,10,-2.277,2.678,1.6213,2.615,2.474,-0.056,0.325
125.479,10,-2.281,2.783,1.6063,2.557,2.423,-0.0576,0.31
125.529,10,-2.283,2.913,1.582,2.478,2.369,-0.0575,0.293
125.579,10,-2.283,3.022,1.5622,2.414,2.259,-0.0704,0.274
125.629,10,-2.279,3.166,1.535,2.338,2.202,-0.0682,0.252
125.68,10,-2.273,3.267,1.5151,2.269,2.141,-0.0806,0.227
125.729,10,-2.267,3.36,1.4978,2.222,2.08,-0.0844,0.215
125.779,10,-2.254,3.492,1.464,2.118,2.015,-0.0974,0.193
125.829,10,-2.242,3.587,1.4359,2.065,1.95,-0.1126,0.176
125.879,10,-2.224,3.697,1.4016,1.983,1.888,-0.12,0.164
125.929,10,-2.206,3.786,1.3655,1.914,1.828,-0.135,0.154
125.979,10,-2.182,3.885,1.3301,1.85,1.775,-0.1466,0.15
126.03,10,-2.164,3.951,1.2986,1.798,1.725,-0.1547,0.142
126.079,10,-2.138,4.034,1.2574,1.758,1.682,-0.1666,0.14
126.13,10,-2.11,4.113,1.2181,1.732,1.64,-0.1939,0.138
126.179,10,-2.075,4.199,1.1685,1.66,1.603,-0.1891,0.133
126.231,10,-2.044,4.264,1.1299,1.643,1.567,-0.2015,0.132
126.279,10,-1.997,4.354,1.071,1.588,1.533,-0.224,0.135
126.329,10,-1.958,4.419,1.0241,1.556,1.533,-0.1994,0.143
126.379,10,-1.925,4.469,0.989,1.539,1.501,-0.2108,0.143
126.43,10,-1.881,4.53,0.9433,1.515,1.472,-0.2246,0.137
126.479,10,-1.838,4.585,0.8958,1.485,1.445,-0.2728,0.135
126.529,10,-1.775,4.656,0.8319,1.46,1.423,-0.2733,0.133
126.579,10,-1.738,4.694,0.8014,1.443,1.423,-0.2564,0.136
126.629,10,-1.683,4.745,0.7281,1.417,1.405,-0.2567,0.131
126.679,10,-1.623,4.794,0.6717,1.402,1.391,-0.2672,0.124
126.729,10,-1.561,4.838,0.6063,1.39,1.391,-0.2433,0.121
126.779,10,-1.518,4.866,0.5687,1.388,1.381,-0.2592,0.122
126.829,10,-1.452,4.904,0.5089,1.378,1.376,-0.2666,0.127
126.879,10,-1.385,4.938,0.4496,1.371,1.376,-0.2782,0.13
126.929,10,-1.33,4.962,0.4021,1.368,1.376,-0.2663,0.121
126.979,10,-1.27,4.984,0.3488,1.37,1.381,-0.2818,0.111
127.029,10,-1.199,5.006,0.2902,1.369,1.392,-0.2897,0.103
127.079,10,-1.142,5.02,0.2343,1.379,1.392,-0.2664,0.099
127.129,10,-1.067,5.034,0.1674,1.387,1.408,-0.2667,0.103
127.179,10,-0.99,5.044,0.108,1.399,1.425,-0.2787,0.106
127.229,10,-0.927,5.047,0.0538,1.411,1.442,-0.2944,0.111
127.279,10,-0.848,5.047,-0.013,1.422,1.455,-0.2792,0.111
127.329,10,-0.786,5.044,-0.0643,1.435,1.455,-0.256,0.113
127.379,10,-0.717,5.036,-0.1245,1.45,1.459,-0.2445,0.11
127.429,10,-0.65,5.024,-0.1791,1.452,1.456,-0.2446,0.104
127.479,10,-0.571,5.007,-0.2374,1.455,1.456,-0.2217,0.102
127.531,10,-0.509,4.989,-0.282,1.457,1.45,-0.2223,0.104
127.579,10,-0.432,4.963,-0.3385,1.453,1.449,-0.2092,0.102
127.629,10,-0.359,4.934,-0.3855,1.453,1.486,-0.2016,0.1
127.679,10,-0.299,4.908,-0.4226,1.467,1.486,-0.1856,0.117
127.729,10,-0.248,4.882,-0.4583,1.486,1.533,-0.203,0.125
127.779,10,-0.167,4.838,-0.5106,1.524,1.583,-0.1865,0.149
127.829,10,-0.114,4.806,-0.5479,1.551,1.583,-0.1756,0.157
127.879,10,-0.046,4.761,-0.5956,1.585,1.685,-0.1877,0.177
127.929,10,0.019,4.714,-0.6353,1.622,1.685,-0.1893,0.19
127.979,10,0.083,4.663,-0.6845,1.679,1.736,-0.1896,0.201
128.03,10,0.145,4.608,-0.7261,1.707,1.785,-0.1772,0.205
128.079,10,0.221,4.534,-0.7831,1.756,1.831,-0.178,0.204
128.129,10,0.28,4.47,-0.8332,1.804,1.871,-0.1788,0.196
128.179,10,0.345,4.394,-0.8787,1.834,1.871,-0.18,0.194
128.229,10,0.396,4.327,-0.9231,1.863,1.943,-0.1675,0.192
128.279,10,0.443,4.26,-0.969,1.913,1.943,-0.1435,0.203
128.329,10,0.492,4.182,-1.0122,1.943,1.975,-0.135,0.226
128.379,10,0.538,4.103,-1.0494,1.962,2.033,-0.132,0.237
128.429,10,0.597,3.992,-1.0978,2.004,2.06,-0.1323,0.27
128.479,10,0.643,3.894,-1.1391,2.046,2.084,-0.1203,0.288
128.529,10,0.679,3.809,-1.1723,2.066,2.108,-0.1142,0.304
128.579,10,0.714,3.72,-1.2056,2.095,2.131,-0.1042,0.328
128.629,10,0.753,3.61,-1.241,2.115,2.154,-0.0967,0.366
128.681,10,0.782,3.518,-1.2699,2.144,2.177,-0.0795,0.4
128.729,10,0.811,3.417,-1.2971,2.165,2.201,-0.0754,0.432
128.779,10,0.835,3.324,-1.319,2.186,2.222,-0.0722,0.417
128.829,10,0.866,3.191,-1.3472,2.21,2.222,-0.0631,0.376
128.879,11,0.89,3.073,-1.3709,2.229,2.282,-0.059,0.364
128.929,11,0.909,2.972,-1.3917,2.237,2.314,-0.06,0.328
128.979,11,0.923,2.886,-1.4039,2.278,2.345,-0.0604,0.317
129.029,11,0.944,2.744,-1.4319,2.337,2.41,-0.0595,0.288
129.079,11,0.956,2.654,-1.4462,2.364,2.441,-0.0612,0.279
129.129,11,0.971,2.503,-1.4749,2.414,2.473,-0.0566,0.255
129.179,11,0.979,2.404,-1.4915,2.446,2.504,-0.0483,0.242
129.229,11,0.987,2.288,-1.51,2.481,2.535,-0.044,0.236
129.278,11,0.994,2.122,-1.5321,2.527,2.595,-0.039,0.225
129.329,11,0.997,2.004,-1.5472,2.559,2.625,-0.0302,0.211
129.38,11,0.998,1.911,-1.5564,2.587,2.655,-0.0259,0.207
129.429,11,0.999,1.769,-1.5691,2.625,2.714,-0.0172,0.194
129.479,11,0.998,1.639,-1.5784,2.662,2.743,-0.0129,0.19
129.529,11,0.996,1.501,-1.5855,2.706,2.772,-0.0093,0.19
129.581,11,0.993,1.365,-1.5915,2.744,2.801,-0.0,0.191
129.629,11,0.99,1.218,-1.5946,2.782,2.858,0.0046,0.192
129.679,11,0.987,1.083,-1.5946,2.822,2.914,0.0086,0.193
129.729,11,0.984,0.943,-1.5926,2.863,2.942,0.0129,0.195
129.779,11,0.981,0.794,-1.5883,2.912,2.969,0.0186,0.196
129.829,11,0.979,0.647,-1.5826,2.946,2.996,0.0172,0.196
129.879,11,0.978,0.499,-1.574,2.976,3.049,0.0216,0.191
129.929,11,0.978,0.346,-1.5658,3.011,3.076,0.0266,0.185
129.979,11,0.98,0.194,-1.5545,3.052,3.153,0.0311,0.177
130.029,11,0.984,0.043,-1.5431,3.091,3.153,0.027,0.166
130.079,11,0.991,-0.123,-1.5303,3.134,3.204,0.0216,0.153
130.129,11,1.0,-0.306,-1.5134,3.165,3.254,0.0086,0.145
130.179,11,1.01,-0.454,-1.5065,3.213,3.279,0.0,0.123
130.23,11,1.02,-0.603,-1.503,3.253,3.328,-0.0,0.109
130.28,11,1.029,-0.737,-1.5027,3.281,3.376,-0.0043,0.102
130.329,11,1.041,-0.912,-1.5027,3.325,3.4,-0.01,0.089
130.379,11,1.055,-1.127,-1.5074,3.378,3.448,-0.0172,0.076
130.429,11,1.064,-1.283,-1.5132,3.405,3.495,-0.0259,0.061
130.48,11,1.072,-1.438,-1.5229,3.448,3.518,-0.0259,0.054
130.529,11,1.079,-1.598,-1.5351,3.482,3.563,-0.0303,0.052
130.579,11,1.084,-1.819,-1.5524,3.527,3.607,-0.0347,0.05
130.629,11,1.085,-1.986,-1.5679,3.56,3.635,-0.0389,0.051
130.681,11,1.083,-2.137,-1.5832,3.595,3.613,-0.039,0.058
130.729,11,1.078,-2.311,-1.6044,3.619,3.582,-0.0345,0.059
130.778,11,1.067,-2.531,-1.6262,3.611,3.524,-0.0345,0.078
130.829,11,1.058,-2.674,-1.6411,3.591,3.467,-0.0388,0.1
130.879,11,1.045,-2.83,-1.6579,3.55,3.408,-0.0446,0.111
130.929,11,1.025,-3.018,-1.6806,3.489,3.377,-0.0452,0.136
130.979,11,0.998,-3.226,-1.7087,3.421,3.313,-0.0388,0.177
131.029,11,0.971,-3.4,-1.7321,3.363,3.246,-0.0437,0.208
131.079,11,0.962,-3.452,-1.7386,3.349,3.211,-0.0401,0.229
131.129,11,0.909,-3.727,-1.7746,3.26,3.138,-0.0259,0.274
131.179,11,0.876,-3.874,-1.7915,3.202,3.061,-0.0315,0.351
131.23,11,0.843,-4.016,-1.8036,3.155,2.981,-0.0397,0.393
131.279,11,0.802,-4.181,-1.8196,3.07,2.939,-0.0345,0.422
131.329,11,0.761,-4.336,-1.8363,3.015,2.852,-0.0431,0.453
131.379,11,0.723,-4.469,-1.8538,2.93,2.807,-0.0357,0.486
131.429,11,0.682,-4.602,-1.8713,2.879,2.713,-0.0388,0.519
131.479,11,0.642,-4.725,-1.8862,2.798,2.665,-0.0447,0.542
131.529,11,0.597,-4.858,-1.9009,2.738,2.615,-0.0448,0.567
131.579,11,0.545,-5.002,-1.9224,2.658,2.512,-0.0517,0.593
131.629,11,0.503,-5.114,-1.9414,2.601,2.459,-0.056,0.62
131.68,11,0.461,-5.218,-1.9585,2.535,2.345,-0.069,0.65
131.729,11,0.405,-5.348,-1.9835,2.439,2.286,-0.0745,0.67
131.781,11,0.367,-5.43,-1.9989,2.388,2.224,-0.0815,0.713
131.829,11,0.325,-5.518,-2.0191,2.326,2.16,-0.0911,0.743
131.879,11,0.258,-5.649,-2.0526,2.25,2.092,-0.0889,0.72
131.929,11,0.209,-5.736,-2.082,2.178,2.029,-0.0925,0.71
131.979,11,0.153,-5.83,-2.1148,2.086,1.923,-0.1125,0.703
132.029,11,0.106,-5.905,-2.1354,2.051,1.923,-0.1039,0.698
132.08,11,0.05,-5.989,-2.1692,1.964,1.878,-0.1088,0.683
132.13,11,-0.009,-6.071,-2.1982,1.931,1.834,-0.1327,0.666
132.179,11,-0.08,-6.162,-2.2436,1.855,1.794,-0.1337,0.644
132.23,11,-0.133,-6.224,-2.2813,1.809,1.756,-0.1551,0.632
132.279,11,-0.187,-6.283,-2.3174,1.771,1.719,-0.155,0.621
132.33,11,-0.248,-6.346,-2.3553,1.743,1.684,-0.171,0.609
132.379,11,-0.307,-6.401,-2.3932,1.708,1.65,-0.1899,0.6
132.429,11,-0.387,-6.47,-2.446,1.687,1.619,-0.2024,0.569
132.48,11,-0.439,-6.51,-2.4744,1.66,1.619,-0.1907,0.551
132.529,11,-0.509,-6.559,-2.5338,1.621,1.588,-0.1913,0.534
132.58,11,-0.567,-6.597,-2.5689,1.616,1.558,-0.2122,0.527
132.629,11,-0.639,-6.639,-2.6225,1.574,1.53,-0.2237,0.514
132.681,11,-0.712,-6.676,-2.6816,1.534,1.504,-0.2256,0.498
132.729,11,-0.779,-6.706,-2.727,1.514,1.48,-0.2343,0.478
132.78,11,-0.847,-6.733,-2.7815,1.492,1.46,-0.2574,0.452
132.829,11,-0.927,-6.759,-2.8419,1.464,1.46,-0.2488,0.423
132.879,11,-0.997,-6.777,-2.8962,1.455,1.444,-0.2447,0.394
132.929,11,-1.063,-6.791,-2.9475,1.446,1.432,-0.2601,0.364
132.979,11,-1.128,-6.801,-2.9941,1.435,1.424,-0.2572,0.332
133.031,11,-1.2,-6.809,-3.0444,1.425,1.424,-0.2442,0.302
133.079,11,-1.287,-6.812,-3.1138,1.42,1.419,-0.2371,0.279
133.129,11,-1.353,-6.811,3.1192,1.417,1.417,-0.2321,0.261
133.178,11,-1.427,-6.806,3.0687,1.416,1.422,-0.2568,0.244
133.229,11,-1.49,-6.799,3.0255,1.415,1.422,-0.2356,0.231
133.281,11,-1.516,-6.796,3.0078,1.416,1.429,-0.2581,0.222
133.329,11,-1.621,-6.775,2.9245,1.419,1.442,-0.244,0.196
133.379,11,-1.7,-6.754,2.8655,1.431,1.46,-0.2441,0.183
133.429,11,-1.76,-6.734,2.8179,1.442,1.46,-0.2375,0.172
133.479,11,-1.835,-6.705,2.758,1.456,1.481,-0.2102,0.164
133.53,11,-1.889,-6.681,2.7218,1.469,1.503,-0.2211,0.159
133.579,11,-1.971,-6.64,2.6628,1.496,1.525,-0.2336,0.158
133.629,11,-2.029,-6.607,2.6209,1.505,1.525,-0.2235,0.158
133.681,11,-2.084,-6.572,2.5717,1.52,1.546,-0.2223,0.152
133.729,11,-2.165,-6.515,2.5096,1.538,1.567,-0.2255,0.15
133.779,11,-2.207,-6.482,2.4696,1.549,1.586,-0.2392,0.15
133.829,11,-2.273,-6.425,2.4112,1.569,1.586,-0.2113,0.156
133.879,11,-2.326,-6.373,2.3648,1.584,1.604,-0.2354,0.158
133.929,11,-2.376,-6.32,2.3184,1.587,1.622,-0.2475,0.156
133.979,11,-2.438,-6.244,2.2455,1.609,1.638,-0.2598,0.156
134.029,11,-2.483,-6.181,2.1802,1.62,1.652,-0.2601,0.163
134.079,11,-2.53,-6.107,2.1212,1.634,1.665,-0.2725,0.166
134.129,11,-2.564,-6.046,2.0672,1.644,1.665,-0.2366,0.166
134.179,11,-2.592,-5.987,2.0261,1.653,1.674,-0.2277,0.167
134.229,11,-2.631,-5.895,1.9506,1.669,1.684,-0.2131,0.175
134.279,11,-2.661,-5.806,1.8874,1.679,1.699,-0.2152,0.169
134.329,11,-2.681,-5.734,1.8424,1.686,1.726,-0.2154,0.158
134.379,11,-2.702,-5.639,1.7792,1.716,1.764,-0.2137,0.156
134.429,11,-2.714,-5.573,1.7387,1.727,1.803,-0.1952,0.161
134.479,11,-2.726,-5.468,1.6766,1.777,1.842,-0.1934,0.176
134.529,11,-2.732,-5.388,1.6323,1.803,1.842,-0.1713,0.189
134.579,11,-2.734,-5.285,1.5813,1.84,1.879,-0.1606,0.195
134.629,11,-2.732,-5.205,1.5394,1.872,1.914,-0.1431,0.21
134.679,11,-2.724,-5.099,1.4942,1.911,1.946,-0.1464,0.234
134.729,11,-2.715,-5.016,1.4547,1.943,1.977,-0.1331,0.269
134.779,11,-2.703,-4.931,1.4173,1.972,2.006,-0.1197,0.304
134.829,11,-2.682,-4.821,1.3747,2.002,2.034,-0.1199,0.342
134.879,11,-2.664,-4.739,1.3467,2.024,2.062,-0.1201,0.364
134.929,11,-2.632,-4.618,1.3023,2.059,2.09,-0.1059,0.428
134.979,11,-2.599,-4.51,1.2658,2.091,2.119,-0.1016,0.468
135.029,11,-2.57,-4.425,1.2369,2.108,2.149,-0.0936,0.476
135.08,11,-2.534,-4.331,1.2059,2.146,2.181,-0.0753,0.465
135.129,11,-2.494,-4.233,1.1799,2.17,2.214,-0.0671,0.456
135.179,11,-2.441,-4.112,1.1513,2.207,2.282,-0.0599,0.447
135.229,11,-2.404,-4.031,1.134,2.246,2.315,-0.051,0.44
135.279,11,-2.343,-3.907,1.1113,2.3,2.348,-0.0398,0.434
135.329,11,-2.296,-3.814,1.0954,2.322,2.381,-0.0233,0.429
135.379,11,-2.233,-3.696,1.0837,2.364,2.413,-0.0093,0.423
135.429,11,-2.179,-3.594,1.0785,2.409,2.477,0.0086,0.418
135.479,11,-2.132,-3.508,1.0786,2.443,2.477,0.0136,0.41
135.529,11,-2.071,-3.392,1.0832,2.479,2.54,0.0346,0.401
135.579,11,-2.016,-3.288,1.0884,2.5,2.571,0.0474,0.388
135.629,11,-1.963,-3.184,1.1018,2.54,2.601,0.0535,0.381
135.679,11,-1.903,-3.062,1.1235,2.587,2.662,0.069,0.352
135.729,11,-1.842,-2.929,1.1491,2.628,2.692,0.0734,0.327
135.779,11,-1.784,-2.792,1.1779,2.667,2.721,0.0733,0.312
135.829,11,-1.741,-2.681,1.2067,2.705,2.771,0.091,0.26
135.879,11,-1.701,-2.567,1.2375,2.739,2.789,0.0733,0.22
135.929,11,-1.659,-2.436,1.2689,2.767,2.805,0.0786,0.18
135.979,11,-1.619,-2.294,1.3054,2.795,2.829,0.0819,0.137
136.029,11,-1.586,-2.16,1.3371,2.813,2.838,0.0776,0.1
136.079,11,-1.553,-2.006,1.3733,2.831,2.851,0.088,0.09
136.129,11,-1.527,-1.855,1.4053,2.842,2.856,0.0862,0.083
136.179,11,-1.509,-1.728,1.4373,2.852,2.86,0.0776,0.085
136.229,11,-1.495,-1.6,1.4743,2.86,2.868,0.0862,0.092
136.279,11,-1.485,-1.463,1.5075,2.866,2.872,0.079,0.097
136.329,11,-1.48,-1.296,1.5493,2.874,2.88,0.0821,0.12
136.379,11,-1.48,-1.147,1.5829,2.879,2.885,0.0776,0.141
136.429,11,-1.486,-1.008,1.6191,2.885,2.894,0.0733,0.159
136.479,11,-1.497,-0.847,1.6507,2.894,2.899,0.0733,0.166
136.529,11,-1.511,-0.717,1.6783,2.898,2.91,0.0819,0.195
136.578,11,-1.531,-0.565,1.7149,2.906,2.916,0.0776,0.226
136.629,11,-1.555,-0.427,1.7498,2.914,2.928,0.0781,0.256
136.679,11,-1.576,-0.321,1.7671,2.919,2.934,0.0776,0.271
136.729,11,-1.61,-0.173,1.8034,2.929,2.946,0.0701,0.308
136.779,11,-1.649,-0.025,1.8373,2.938,2.952,0.0615,0.327
136.829,11,-1.701,0.144,1.8743,2.951,2.962,0.0318,0.342
136.879,11,-1.743,0.273,1.8926,2.962,2.967,0.0147,0.352
136.929,11,-1.796,0.428,1.9046,2.97,2.976,-0.0043,0.359
136.979,11,-1.833,0.532,1.9066,2.974,3.0,-0.0182,0.361
137.031,11,-1.889,0.692,1.9017,2.988,3.051,-0.0302,0.361
137.079,11,-1.942,0.852,1.8896,3.027,3.077,-0.0431,0.362
137.13,11,-1.973,0.948,1.8824,3.04,3.096,-0.0474,0.363
137.179,11,-2.028,1.127,1.8578,3.075,3.1,-0.057,0.368
137.229,11,-2.065,1.26,1.8369,3.093,3.052,-0.0647,0.381
137.279,11,-2.108,1.428,1.81,3.088,3.02,-0.056,0.413
137.328,11,-2.143,1.59,1.7789,3.056,2.952,-0.0608,0.407
137.379,11,-2.169,1.726,1.7509,3.005,2.915,-0.0488,0.4
137.429,11,-2.192,1.87,1.7289,2.969,2.838,-0.0388,0.392
137.479,11,-2.213,2.012,1.7075,2.907,2.798,-0.0302,0.382
137.529,11,-2.228,2.137,1.6935,2.862,2.713,-0.0388,0.371
137.579,11,-2.244,2.274,1.6809,2.809,2.667,-0.0474,0.365
137.629,11,-2.258,2.417,1.6627,2.746,2.573,-0.0574,0.343
137.679,11,-2.27,2.583,1.6371,2.643,2.525,-0.0534,0.333
137.729,11,-2.277,2.71,1.6176,2.589,2.474,-0.0517,0.32
137.781,11,-2.28,2.819,1.5991,2.52,2.423,-0.0517,0.306
137.829,11,-2.282,2.938,1.5823,2.478,2.316,-0.0695,0.289
137.879,11,-2.281,3.081,1.5579,2.396,2.259,-0.073,0.269
137.929,11,-2.279,3.175,1.5378,2.334,2.202,-0.0724,0.246
137.979,11,-2.273,3.277,1.5154,2.265,2.141,-0.0761,0.233
138.03,11,-2.263,3.405,1.4861,2.192,2.08,-0.0843,0.205
138.078,11,-2.25,3.527,1.4562,2.113,2.015,-0.092,0.189
138.129,11,-2.237,3.619,1.43,2.049,1.95,-0.1082,0.173
138.179,11,-2.219,3.726,1.394,1.976,1.828,-0.1447,0.167
138.229,11,-2.201,3.811,1.3637,1.917,1.828,-0.1317,0.153
138.281,11,-2.182,3.894,1.3258,1.848,1.775,-0.1458,0.147
138.329,11,-2.159,3.976,1.2941,1.812,1.725,-0.1711,0.143
138.379,11,-2.132,4.06,1.2542,1.757,1.682,-0.1707,0.143
138.429,11,-2.093,4.163,1.1982,1.7,1.64,-0.2026,0.142
138.479,11,-2.064,4.229,1.1549,1.649,1.603,-0.1888,0.135
138.529,11,-2.037,4.285,1.1153,1.626,1.567,-0.1883,0.135
138.579,11,-1.99,4.371,1.0624,1.592,1.533,-0.2241,0.143
138.629,11,-1.958,4.425,1.0266,1.566,1.533,-0.2138,0.145
138.679,11,-1.904,4.505,0.9645,1.533,1.501,-0.2107,0.144
138.729,11,-1.861,4.561,0.914,1.514,1.472,-0.2104,0.138
138.779,11,-1.819,4.612,0.8715,1.48,1.445,-0.2453,0.135
138.829,11,-1.765,4.672,0.817,1.452,1.423,-0.2707,0.137
138.879,11,-1.72,4.716,0.7691,1.427,1.423,-0.2444,0.139
138.929,11,-1.661,4.768,0.712,1.418,1.405,-0.2612,0.132
138.979,11,-1.601,4.814,0.6515,1.401,1.391,-0.2672,0.126
139.03,11,-1.557,4.845,0.6122,1.401,1.381,-0.2823,0.124
139.079,11,-1.5,4.881,0.5524,1.378,1.376,-0.2783,0.128
139.129,11,-1.444,4.912,0.5025,1.371,1.376,-0.2785,0.13
139.179,11,-1.37,4.948,0.4336,1.368,1.376,-0.2831,0.131
139.229,11,-1.315,4.971,0.3793,1.37,1.381,-0.2898,0.119
139.279,11,-1.242,4.996,0.3216,1.368,1.381,-0.2663,0.11
139.329,11,-1.179,5.014,0.2603,1.375,1.392,-0.2806,0.103
139.379,11,-1.115,5.028,0.2029,1.381,1.408,-0.2912,0.1
139.429,11,-1.054,5.037,0.1515,1.387,1.425,-0.2957,0.106
139.478,11,-0.967,5.046,0.0796,1.404,1.425,-0.2669,0.108
139.529,11,-0.901,5.048,0.0176,1.418,1.442,-0.2707,0.111
139.579,11,-0.827,5.045,-0.0416,1.433,1.455,-0.2676,0.111
139.629,11,-0.771,5.041,-0.0839,1.439,1.455,-0.2499,0.112
139.679,11,-0.703,5.032,-0.1416,1.451,1.459,-0.2376,0.106
139.729,11,-0.625,5.017,-0.202,1.457,1.456,-0.2351,0.101
139.779,11,-0.546,4.998,-0.2564,1.456,1.45,-0.2337,0.101
139.828,11,-0.473,4.975,-0.3083,1.456,1.45,-0.2113,0.102
139.879,11,-0.42,4.956,-0.3458,1.454,1.449,-0.2097,0.098
139.929,11,-0.348,4.926,-0.3942,1.453,1.486,-0.1855,0.103
139.979,11,-0.283,4.897,-0.4377,1.471,1.533,-0.2122,0.12
140.029,11,-0.219,4.864,-0.4784,1.488,1.533,-0.1861,0.137
140.08,11,-0.157,4.829,-0.5203,1.529,1.583,-0.1748,0.152
140.129,11,-0.096,4.791,-0.5585,1.559,1.634,-0.1988,0.159
140.179,11,-0.016,4.737,-0.6096,1.603,1.685,-0.1877,0.18
140.229,11,0.044,4.692,-0.6559,1.64,1.685,-0.1771,0.192
140.281,11,0.103,4.643,-0.6986,1.68,1.736,-0.1821,0.202
140.329,11,0.162,4.59,-0.7385,1.707,1.785,-0.1654,0.205
140.379,11,0.228,4.524,-0.7911,1.772,1.831,-0.1664,0.2
140.429,11,0.295,4.452,-0.8417,1.815,1.871,-0.179,0.194
140.479,11,0.347,4.39,-0.8844,1.855,1.909,-0.1553,0.191
140.529,11,0.42,4.292,-0.9426,1.899,1.943,-0.1677,0.191
140.58,11,0.467,4.222,-0.983,1.922,1.975,-0.1437,0.211
140.629,11,0.513,4.147,-1.0279,1.957,2.005,-0.1445,0.233
140.679,11,0.56,4.063,-1.0649,1.984,2.033,-0.1321,0.256
140.729,11,0.609,3.968,-1.1109,2.018,2.06,-0.1201,0.276
140.779,11,0.646,3.887,-1.1433,2.043,2.084,-0.11,0.294
140.831,11,0.692,3.779,-1.1833,2.075,2.108,-0.1052,0.309
140.879,11,0.724,3.695,-1.2119,2.096,2.131,-0.0975,0.341
140.931,11,0.758,3.597,-1.2422,2.122,2.154,-0.096,0.36
140.979,11,0.797,3.47,-1.2779,2.145,2.177,-0.0802,0.412
141.029,11,0.823,3.376,-1.3064,2.176,2.201,-0.0713,0.42
141.08,11,0.848,3.279,-1.3287,2.189,2.222,-0.063,0.392
141.129,11,0.872,3.173,-1.3496,2.21,2.222,-0.0684,0.365
