t_s,lap,x,y,yaw,speed_mps,cmd_speed_mps,cmd_steer_rad,min_wall_dist_m
0.037,0,0.8,3.158,-1.5707,0.0,0.0,0.0,0.44
0.084,0,0.8,3.158,-1.5707,0.0,0.0,0.0,0.44
0.133,0,0.8,3.158,-1.5707,0.0,0.0,0.0,0.44
0.184,0,0.8,3.158,-1.5707,0.0,0.0,0.0,0.44
0.234,0,0.8,3.158,-1.5707,0.0,0.0,0.0,0.44
0.285,0,0.8,3.158,-1.5707,0.0,0.0,0.0,0.44
0.334,0,0.8,3.158,-1.5707,0.0,0.0,0.0,0.44
0.384,0,0.8,3.158,-1.5707,0.0,0.0,0.0,0.44
0.434,0,0.8,3.158,-1.5707,0.0,0.0,0.0,0.44
0.485,0,0.8,3.158,-1.5707,0.0,0.0,0.0,0.44
0.535,0,0.8,3.158,-1.5707,0.0,0.0,0.0,0.44
0.584,0,0.8,3.158,-1.5707,0.0,0.0,0.0,0.44
0.633,0,0.8,3.158,-1.5707,0.0,0.0,0.0,0.44
0.684,0,0.8,3.158,-1.5707,0.0,0.0,0.0,0.44
0.734,0,0.8,3.158,-1.5707,0.0,0.0,0.0,0.44
0.783,0,0.8,3.158,-1.5707,0.0,0.0,0.0,0.44
0.834,0,0.8,3.158,-1.5707,0.0,0.0,0.0,0.44
0.884,0,0.8,3.158,-1.5707,0.0,0.0,0.0,0.44
0.934,0,0.8,3.158,-1.5707,0.0,0.0,0.0,0.44
0.984,0,0.8,3.158,-1.5707,0.0,0.0,0.0,0.44
1.034,0,0.8,3.158,-1.5707,0.0,0.0,0.0,0.44
1.084,0,0.8,3.158,-1.5707,0.0,0.0,0.0,0.44
1.135,0,0.8,3.158,-1.5707,0.0,0.0,0.0,0.44
1.186,0,0.8,3.158,-1.5707,0.0,0.0,0.0,0.44
1.236,0,0.8,3.158,-1.5707,0.0,0.0,0.0,0.44
1.286,0,0.8,3.158,-1.5707,0.0,0.0,0.0,0.44
1.335,0,0.8,3.158,-1.5707,0.0,0.0,0.0,0.44
1.385,0,0.8,3.158,-1.5707,0.0,0.0,0.0,0.44
1.435,0,0.8,3.158,-1.5707,0.0,0.0,0.0,0.44
1.484,0,0.8,3.158,-1.5707,0.0,0.0,0.0,0.44
1.534,0,0.8,3.158,-1.5707,0.0,0.0,0.0,0.44
1.585,0,0.8,3.158,-1.5707,0.0,0.0,0.0,0.44
1.634,0,0.8,3.158,-1.5707,0.0,0.0,0.0,0.44
1.684,0,0.8,3.158,-1.5707,0.0,0.0,0.0,0.44
1.734,0,0.8,3.158,-1.5707,0.0,0.0,0.0,0.44
1.784,0,0.8,3.158,-1.5707,0.0,0.0,0.0,0.44
1.834,0,0.8,3.158,-1.5707,0.0,0.0,0.0,0.44
1.884,0,0.8,3.158,-1.5707,0.0,0.0,0.0,0.44
1.934,0,0.8,3.158,-1.5707,0.0,0.0,0.0,0.44
1.999,0,0.8,3.158,-1.5707,0.0,0.0,0.0,0.44
2.034,0,0.8,3.158,-1.5707,0.0,0.0,0.0,0.44
2.085,0,0.8,3.158,-1.5707,0.0,0.0,0.0,0.44
2.134,0,0.8,3.158,-1.5707,0.0,0.0,0.0,0.44
2.184,0,0.8,3.158,-1.5707,0.0,0.0,0.0,0.44
2.234,0,0.8,3.158,-1.5707,0.0,0.0,0.0,0.44
2.284,0,0.8,3.158,-1.5707,0.0,0.0,0.0,0.44
2.334,0,0.8,3.158,-1.5707,0.0,0.0,0.0,0.44
2.384,0,0.8,3.158,-1.5707,0.0,0.0,0.0,0.44
2.434,0,0.8,3.158,-1.5707,0.0,0.0,0.0,0.44
2.485,0,0.8,3.158,-1.5707,0.0,0.0,0.0,0.44
2.534,0,0.8,3.158,-1.5707,0.0,0.0,0.0,0.44
2.585,0,0.8,3.158,-1.5707,0.0,0.0,0.0,0.44
2.634,0,0.8,3.158,-1.5707,0.0,0.0,0.0,0.44
2.685,0,0.8,3.158,-1.5707,0.0,0.0,0.0,0.44
2.734,0,0.8,3.158,-1.5707,0.0,0.0,0.0,0.44
2.785,0,0.8,3.158,-1.5707,0.0,0.0,0.0,0.44
2.834,0,0.8,3.158,-1.5707,0.0,0.0,0.0,0.44
2.884,0,0.8,3.158,-1.5707,0.0,0.0,0.0,0.44
2.934,0,0.8,3.158,-1.5707,0.0,0.0,0.0,0.44
2.986,0,0.8,3.158,-1.5707,0.0,0.0,0.0,0.44
3.034,0,0.8,3.158,-1.5707,0.0,0.0,0.0,0.44
3.084,0,0.8,3.158,-1.5707,0.0,0.0,0.0,0.44
3.134,0,0.8,3.158,-1.5707,0.0,0.0,0.0,0.44
3.183,0,0.8,3.158,-1.5707,0.0,0.0,0.0,0.44
3.235,0,0.8,3.158,-1.5707,0.0,0.0,0.0,0.44
3.285,0,0.8,3.158,-1.5707,0.0,0.0,0.0,0.44
3.334,0,0.8,3.158,-1.5707,0.0,0.0,0.0,0.44
3.384,0,0.8,3.158,-1.5707,0.0,0.0,0.0,0.44
3.435,0,0.8,3.158,-1.5707,0.0,0.0,0.0,0.44
3.484,0,0.8,3.158,-1.5707,0.0,0.0,0.0,0.44
3.534,0,0.8,3.158,-1.5707,0.0,0.0,0.0,0.44
3.585,0,0.8,3.158,-1.5707,0.0,0.0,0.0,0.44
3.635,0,0.8,3.158,-1.5707,0.0,0.0,0.0,0.44
3.685,0,0.8,3.158,-1.5707,0.0,0.0,0.0,0.44
3.736,0,0.8,3.158,-1.5707,0.0,0.0,0.0,0.44
3.785,0,0.8,3.158,-1.5707,0.0,0.0,0.0,0.44
3.833,0,0.8,3.158,-1.5707,0.0,0.0,0.0,0.44
3.886,0,0.8,3.158,-1.5707,0.0,0.0,0.0,0.44
3.935,0,0.8,3.158,-1.5707,0.0,0.0,0.0,0.44
3.985,0,0.8,3.158,-1.5707,0.0,0.0,0.0,0.44
4.035,0,0.8,3.158,-1.5707,0.0,0.0,0.0,0.44
4.085,0,0.8,3.158,-1.5707,0.0,0.0,0.0,0.44
4.135,0,0.8,3.158,-1.5707,0.0,0.0,0.0,0.44
4.185,0,0.8,3.158,-1.5707,0.0,0.0,0.0,0.44
4.235,0,0.8,3.158,-1.5707,0.0,0.0,0.0,0.44
4.285,0,0.8,3.158,-1.5707,0.0,0.0,0.0,0.44
4.337,0,0.8,3.158,-1.5707,0.0,0.0,0.0,0.44
4.384,0,0.8,3.158,-1.5707,0.0,0.0,0.0,0.44
4.434,0,0.8,3.158,-1.5707,0.0,0.0,0.0,0.44
4.486,0,0.8,3.158,-1.5707,0.0,0.0,0.0,0.44
4.535,0,0.8,3.158,-1.5707,0.0,0.0,0.0,0.44
4.585,0,0.8,3.158,-1.5707,0.0,0.0,0.0,0.44
4.635,0,0.8,3.158,-1.5707,0.0,0.0,0.0,0.44
4.685,0,0.8,3.158,-1.5707,0.0,0.0,0.0,0.44
4.736,0,0.8,3.158,-1.5707,0.0,0.0,0.0,0.44
4.785,0,0.8,3.158,-1.5707,0.0,0.0,0.0,0.44
4.835,0,0.8,3.158,-1.5707,0.0,0.0,0.0,0.44
4.884,0,0.8,3.158,-1.5707,0.0,0.0,0.0,0.44
4.935,0,0.8,3.158,-1.5707,0.0,0.0,0.0,0.44
4.985,0,0.8,3.158,-1.5707,0.0,0.0,0.0,0.44
5.034,0,0.8,3.158,-1.5707,0.0,0.0,0.0,0.44
5.086,0,0.8,3.158,-1.5707,0.0,0.0,0.0,0.44
5.134,0,0.8,3.158,-1.5707,0.0,0.0,0.0,0.44
5.185,0,0.8,3.158,-1.5707,0.0,0.0,0.0,0.44
5.234,0,0.8,3.158,-1.5707,0.0,0.0,0.0,0.44
5.285,0,0.8,3.158,-1.5707,0.0,0.0,0.0,0.44
5.335,0,0.8,3.158,-1.5707,0.0,0.0,0.0,0.44
5.385,0,0.8,3.158,-1.5707,0.0,0.0,0.0,0.44
5.434,0,0.8,3.158,-1.5707,0.0,0.0,0.0,0.44
5.486,0,0.8,3.158,-1.5707,0.0,0.0,0.0,0.44
5.536,0,0.8,3.158,-1.5707,0.0,0.0,0.0,0.44
5.584,0,0.8,3.158,-1.5707,0.0,0.0,0.0,0.44
5.636,0,0.8,3.158,-1.5707,0.0,0.0,0.0,0.44
5.685,0,0.8,3.158,-1.5707,0.0,0.0,0.0,0.44
5.734,0,0.8,3.158,-1.5707,0.0,0.0,0.0,0.44
5.786,0,0.8,3.158,-1.5707,0.0,0.0,0.0,0.44
5.834,0,0.8,3.158,-1.5707,0.0,0.0,0.0,0.44
5.884,0,0.8,3.158,-1.5707,0.0,0.0,0.0,0.44
5.935,0,0.8,3.158,-1.5707,0.0,0.0,0.0,0.44
5.984,0,0.8,3.158,-1.5707,0.0,0.0,0.0,0.44
6.035,0,0.8,3.158,-1.5707,0.0,0.0,0.0,0.44
6.085,0,0.8,3.158,-1.5707,0.0,0.0,0.0,0.44
6.135,0,0.8,3.158,-1.5707,0.0,0.0,0.0,0.44
6.186,0,0.8,3.158,-1.5707,0.0,0.0,0.0,0.44
6.237,0,0.8,3.158,-1.5707,0.0,0.0,0.0,0.44
6.285,0,0.8,3.158,-1.5707,0.0,0.0,0.0,0.44
6.334,0,0.8,3.158,-1.5707,0.0,0.0,0.0,0.44
6.384,0,0.8,3.158,-1.5707,0.0,0.0,0.0,0.44
6.434,0,0.8,3.158,-1.5707,0.0,0.0,0.0,0.44
6.485,0,0.8,3.158,-1.5707,0.0,0.0,0.0,0.44
6.537,0,0.8,3.158,-1.5707,0.0,0.0,0.0,0.44
6.585,0,0.8,3.158,-1.5707,0.0,0.0,0.0,0.44
6.635,0,0.8,3.158,-1.5707,0.0,0.0,0.0,0.44
6.683,0,0.8,3.158,-1.5707,0.0,0.0,0.0,0.44
6.735,0,0.8,3.158,-1.5707,0.0,0.0,0.0,0.44
6.787,0,0.8,3.158,-1.5707,0.0,0.0,0.0,0.44
6.834,0,0.8,3.158,-1.5707,0.0,0.0,0.0,0.44
6.884,0,0.8,3.158,-1.5707,0.0,0.0,0.0,0.44
6.934,0,0.8,3.158,-1.5707,0.0,0.0,0.0,0.44
6.984,0,0.8,3.158,-1.5707,0.0,0.0,0.0,0.44
7.034,0,0.8,3.158,-1.5707,0.0,0.0,0.0,0.44
7.084,0,0.8,3.158,-1.5707,0.0,2.282,0.1426,0.44
7.134,0,0.8,3.151,-1.5704,0.159,2.282,0.1438,0.44
7.185,1,0.8,3.125,-1.561,0.502,2.282,0.147,0.44
7.235,1,0.801,3.099,-1.5517,0.684,2.282,0.1387,0.44
7.285,1,0.803,3.043,-1.5299,0.993,2.282,0.1446,0.441
7.336,1,0.806,2.988,-1.5103,1.206,2.314,0.1223,0.443
7.385,1,0.814,2.897,-1.4757,1.531,2.345,0.1072,0.448
7.434,1,0.82,2.846,-1.4553,1.694,2.345,0.0893,0.435
7.485,1,0.832,2.759,-1.4321,1.91,2.377,0.0609,0.405
7.534,1,0.858,2.608,-1.3958,2.325,2.441,-0.0,0.351
7.585,1,0.881,2.486,-1.3846,2.459,2.473,-0.0401,0.315
7.634,1,0.902,2.37,-1.3895,2.506,2.504,-0.0603,0.283
7.684,1,0.926,2.228,-1.4084,2.536,2.535,-0.0733,0.256
7.735,1,0.944,2.108,-1.4319,2.573,2.565,-0.0776,0.234
7.785,1,0.958,1.984,-1.4608,2.609,2.625,-0.0821,0.218
7.834,1,0.967,1.882,-1.4821,2.632,2.655,-0.069,0.206
7.884,1,0.975,1.746,-1.5193,2.693,2.714,-0.0535,0.197
7.934,1,0.98,1.558,-1.5513,2.743,2.743,-0.0345,0.193
7.984,1,0.981,1.43,-1.5651,2.781,2.772,-0.0172,0.196
8.034,1,0.981,1.298,-1.5744,2.815,2.801,-0.0107,0.198
8.085,1,0.98,1.17,-1.5801,2.844,2.858,-0.0,0.2
8.133,1,0.978,1.0,-1.5823,2.865,2.886,0.0,0.201
8.185,1,0.976,0.901,-1.5843,2.902,2.942,0.0141,0.201
8.234,1,0.975,0.787,-1.5843,2.931,2.996,0.0233,0.202
8.284,1,0.973,0.612,-1.5772,2.983,3.023,0.0259,0.199
8.334,1,0.974,0.4,-1.5644,3.043,3.049,0.0259,0.193
8.384,1,0.976,0.252,-1.5531,3.084,3.102,0.0259,0.184
8.434,1,0.98,0.102,-1.5417,3.122,3.128,0.0216,0.174
8.484,1,0.984,-0.005,-1.5328,3.149,3.179,0.0227,0.162
8.534,1,0.995,-0.231,-1.5173,3.199,3.229,0.0129,0.148
8.586,1,1.0,-0.324,-1.5123,3.227,3.254,0.0091,0.133
8.634,1,1.014,-0.529,-1.5046,3.276,3.303,0.0052,0.119
8.687,1,1.024,-0.684,-1.5025,3.31,3.352,-0.0,0.104
8.734,1,1.035,-0.841,-1.5016,3.356,3.376,-0.01,0.091
8.785,1,1.046,-0.997,-1.5033,3.392,3.424,-0.0176,0.078
8.834,1,1.06,-1.222,-1.511,3.438,3.472,-0.0216,0.067
8.884,1,1.069,-1.389,-1.5207,3.485,3.495,-0.0216,0.059
8.934,1,1.074,-1.505,-1.5292,3.51,3.541,-0.0259,0.054
8.983,1,1.081,-1.746,-1.5462,3.559,3.586,-0.0302,0.051
9.033,1,1.083,-1.933,-1.5622,3.597,3.629,-0.0345,0.052
9.085,1,1.083,-2.078,-1.5764,3.63,3.64,-0.0345,0.056
9.134,1,1.079,-2.294,-1.5961,3.662,3.613,-0.0391,0.06
9.184,1,1.071,-2.47,-1.616,3.676,3.553,-0.0431,0.069
9.234,1,1.061,-2.641,-1.6361,3.647,3.495,-0.0474,0.089
9.284,1,1.044,-2.839,-1.6621,3.6,3.437,-0.0446,0.112
9.334,1,1.028,-2.984,-1.6833,3.55,3.377,-0.0403,0.138
9.385,1,1.003,-3.178,-1.7057,3.483,3.346,-0.0393,0.167
9.435,1,0.979,-3.338,-1.7237,3.441,3.281,-0.0405,0.197
9.485,1,0.95,-3.506,-1.7438,3.392,3.211,-0.0388,0.235
9.534,1,0.915,-3.689,-1.7645,3.32,3.175,-0.0407,0.282
9.584,1,0.883,-3.84,-1.7851,3.262,3.1,-0.0302,0.333
9.634,1,0.855,-3.962,-1.7963,3.225,3.022,-0.0349,0.383
9.684,1,0.822,-4.101,-1.8095,3.165,2.981,-0.0345,0.413
9.734,1,0.781,-4.257,-1.829,3.094,2.896,-0.0345,0.444
9.783,1,0.74,-4.406,-1.8452,3.033,2.852,-0.0396,0.477
9.834,1,0.699,-4.544,-1.8612,2.969,2.761,-0.0345,0.512
9.884,1,0.654,-4.687,-1.8818,2.874,2.713,-0.0352,0.537
9.934,1,0.598,-4.853,-1.9002,2.818,2.615,-0.0483,0.562
9.99,1,0.567,-4.939,-1.9106,2.765,2.512,-0.0572,0.575
10.034,1,0.516,-5.078,-1.9207,2.719,2.512,-0.0517,0.616
10.084,1,0.451,-5.24,-1.9596,2.584,2.403,-0.0622,0.645
10.134,1,0.404,-5.349,-1.9802,2.516,2.345,-0.0647,0.685
10.184,1,0.356,-5.453,-2.0041,2.43,2.286,-0.0645,0.73
10.234,1,0.318,-5.532,-2.0251,2.368,2.16,-0.0905,0.735
10.284,1,0.257,-5.652,-2.0554,2.295,2.092,-0.0892,0.722
10.335,1,0.208,-5.74,-2.0816,2.22,2.029,-0.0971,0.712
10.384,1,0.133,-5.865,-2.119,2.114,1.974,-0.1007,0.705
10.433,1,0.08,-5.948,-2.1471,2.053,1.923,-0.1084,0.694
10.485,1,0.034,-6.015,-2.1792,1.985,1.878,-0.1075,0.676
10.534,1,-0.031,-6.102,-2.2142,1.934,1.834,-0.1344,0.658
10.584,1,-0.086,-6.172,-2.2474,1.893,1.794,-0.1374,0.645
10.634,1,-0.143,-6.238,-2.2861,1.843,1.756,-0.143,0.633
10.684,1,-0.191,-6.29,-2.3112,1.811,1.719,-0.1684,0.622
10.734,1,-0.265,-6.364,-2.3616,1.775,1.684,-0.1722,0.611
10.784,1,-0.342,-6.435,-2.4114,1.756,1.65,-0.2049,0.591
10.834,1,-0.39,-6.475,-2.4428,1.728,1.619,-0.2023,0.571
10.884,1,-0.466,-6.533,-2.5029,1.66,1.619,-0.1895,0.551
10.933,1,-0.545,-6.587,-2.559,1.651,1.558,-0.2396,0.534
10.985,1,-0.589,-6.614,-2.5748,1.636,1.558,-0.2292,0.519
11.034,1,-0.654,-6.649,-2.6409,1.588,1.53,-0.2238,0.505
11.083,1,-0.727,-6.684,-2.7084,1.564,1.504,-0.2112,0.49
11.134,1,-0.825,-6.724,-2.7711,1.546,1.48,-0.2259,0.466
11.185,1,-0.879,-6.742,-2.8162,1.516,1.46,-0.2461,0.438
11.234,1,-0.945,-6.762,-2.8601,1.501,1.444,-0.2579,0.409
11.284,1,-1.011,-6.778,-2.9133,1.488,1.444,-0.2336,0.38
11.334,1,-1.115,-6.796,-2.9909,1.47,1.432,-0.2377,0.348
11.384,1,-1.18,-6.803,-3.0372,1.46,1.424,-0.2479,0.313
11.434,1,-1.249,-6.807,-3.0884,1.453,1.419,-0.2448,0.286
11.483,1,-1.294,-6.808,-3.1194,1.45,1.419,-0.2209,0.275
11.534,1,-1.402,-6.804,3.0777,1.447,1.417,-0.2445,0.246
11.584,1,-1.469,-6.797,3.0343,1.445,1.422,-0.2327,0.231
11.634,1,-1.533,-6.787,2.9811,1.45,1.429,-0.2484,0.213
11.685,1,-1.606,-6.772,2.9408,1.453,1.442,-0.2447,0.196
11.734,1,-1.675,-6.754,2.884,1.462,1.442,-0.2369,0.182
11.785,1,-1.741,-6.734,2.8329,1.469,1.46,-0.2331,0.169
11.834,1,-1.818,-6.705,2.7738,1.485,1.481,-0.2264,0.16
11.886,1,-1.881,-6.678,2.7273,1.492,1.481,-0.1995,0.154
11.935,1,-1.944,-6.647,2.6849,1.512,1.503,-0.2116,0.151
11.984,1,-2.004,-6.614,2.6376,1.529,1.525,-0.2223,0.152
12.034,1,-2.077,-6.57,2.5807,1.546,1.546,-0.2491,0.148
12.084,1,-2.147,-6.521,2.5222,1.565,1.546,-0.2229,0.144
12.134,1,-2.212,-6.471,2.4619,1.582,1.567,-0.1994,0.143
12.185,1,-2.255,-6.433,2.4272,1.595,1.586,-0.2243,0.149
12.233,1,-2.308,-6.383,2.3828,1.602,1.604,-0.2502,0.153
12.284,1,-2.374,-6.315,2.3125,1.622,1.622,-0.2482,0.151
12.335,1,-2.422,-6.256,2.251,1.633,1.638,-0.2603,0.151
12.384,1,-2.474,-6.187,2.1912,1.648,1.652,-0.2748,0.157
12.434,1,-2.517,-6.119,2.129,1.657,1.652,-0.241,0.161
12.485,1,-2.557,-6.045,2.0614,1.673,1.665,-0.2401,0.159
12.534,1,-2.6,-5.952,1.9816,1.688,1.674,-0.2011,0.164
12.585,1,-2.628,-5.879,1.9371,1.703,1.684,-0.2072,0.167
12.635,1,-2.653,-5.804,1.8813,1.712,1.699,-0.2017,0.156
12.684,1,-2.68,-5.706,1.8181,1.728,1.726,-0.2019,0.15
12.733,1,-2.697,-5.625,1.7685,1.747,1.764,-0.2057,0.147
12.783,1,-2.712,-5.533,1.7212,1.765,1.803,-0.1782,0.155
12.834,1,-2.722,-5.449,1.6781,1.809,1.803,-0.1714,0.171
12.884,1,-2.727,-5.365,1.6326,1.831,1.842,-0.167,0.185
12.934,1,-2.729,-5.28,1.5873,1.859,1.914,-0.1674,0.197
12.984,1,-2.727,-5.182,1.5402,1.899,1.914,-0.1434,0.206
13.034,1,-2.72,-5.084,1.4964,1.939,1.946,-0.1438,0.236
13.084,1,-2.709,-4.984,1.4555,1.969,1.977,-0.1335,0.254
13.134,1,-2.692,-4.88,1.4068,2.002,2.006,-0.1349,0.308
13.185,1,-2.674,-4.789,1.3664,2.03,2.034,-0.1201,0.348
13.234,1,-2.651,-4.693,1.3286,2.06,2.062,-0.1204,0.391
13.284,1,-2.617,-4.575,1.2825,2.096,2.09,-0.1004,0.433
13.334,1,-2.588,-4.484,1.2559,2.119,2.119,-0.0936,0.473
13.384,1,-2.555,-4.391,1.2291,2.146,2.149,-0.0898,0.475
13.434,1,-2.519,-4.298,1.2001,2.173,2.214,-0.0797,0.464
13.485,1,-2.479,-4.202,1.1712,2.205,2.248,-0.073,0.455
13.535,1,-2.426,-4.084,1.142,2.256,2.282,-0.0548,0.448
13.585,1,-2.381,-3.987,1.1248,2.277,2.315,-0.0423,0.441
13.634,1,-2.324,-3.874,1.1059,2.312,2.348,-0.0339,0.435
13.685,1,-2.275,-3.778,1.0937,2.342,2.381,-0.0221,0.429
13.736,1,-2.232,-3.698,1.0874,2.382,2.413,-0.0085,0.422
13.784,1,-2.156,-3.554,1.0785,2.438,2.477,0.0105,0.417
13.836,1,-2.116,-3.48,1.0779,2.463,2.509,0.0215,0.41
13.883,1,-2.056,-3.368,1.0837,2.509,2.54,0.0345,0.399
13.934,1,-1.978,-3.217,1.0959,2.551,2.571,0.0495,0.386
13.986,1,-1.923,-3.108,1.1129,2.588,2.601,0.0517,0.369
14.045,1,-1.873,-3.002,1.1322,2.618,2.662,0.074,0.358
14.084,1,-1.812,-2.864,1.1614,2.663,2.692,0.078,0.319
14.134,1,-1.765,-2.749,1.1892,2.692,2.721,0.0751,0.287
14.183,1,-1.715,-2.614,1.2248,2.734,2.771,0.0819,0.249
14.235,1,-1.671,-2.48,1.2562,2.768,2.789,0.0776,0.208
14.284,1,-1.641,-2.381,1.2846,2.799,2.818,0.0839,0.168
14.334,1,-1.598,-2.22,1.3244,2.828,2.829,0.083,0.122
14.385,1,-1.57,-2.096,1.3509,2.84,2.845,0.0862,0.097
14.434,1,-1.544,-1.964,1.3879,2.856,2.851,0.083,0.087
14.484,1,-1.523,-1.831,1.4211,2.868,2.86,0.0907,0.082
14.534,1,-1.502,-1.663,1.4646,2.879,2.864,0.0819,0.088
14.585,1,-1.491,-1.531,1.4922,2.886,2.868,0.069,0.092
14.634,1,-1.484,-1.392,1.5265,2.893,2.876,0.0825,0.104
14.684,1,-1.481,-1.242,1.5575,2.897,2.88,0.0784,0.127
14.734,1,-1.484,-1.082,1.5986,2.903,2.889,0.0794,0.147
14.783,1,-1.489,-0.969,1.6229,2.908,2.894,0.0741,0.164
14.834,1,-1.505,-0.774,1.6652,2.916,2.904,0.0819,0.177
14.884,1,-1.521,-0.647,1.6964,2.922,2.91,0.0776,0.207
14.934,1,-1.541,-0.517,1.7275,2.93,2.921,0.0776,0.238
14.984,1,-1.575,-0.338,1.7708,2.942,2.928,0.0737,0.268
15.033,1,-1.607,-0.194,1.8024,2.95,2.94,0.0696,0.294
15.085,1,-1.63,-0.105,1.8183,2.954,2.946,0.0603,0.315
15.134,1,-1.678,0.066,1.8519,2.964,2.957,0.0474,0.333
15.183,1,-1.733,0.239,1.8834,2.975,2.962,0.0358,0.346
15.233,1,-1.78,0.377,1.9022,2.985,2.967,0.0097,0.355
15.284,1,-1.827,0.51,1.9097,2.992,2.976,-0.0086,0.36
15.334,1,-1.875,0.645,1.9093,2.998,3.0,-0.0216,0.359
15.384,1,-1.924,0.788,1.9013,3.014,3.051,-0.0475,0.359
15.434,1,-1.959,0.894,1.8917,3.032,3.096,-0.056,0.36
15.485,1,-2.003,1.035,1.8736,3.066,3.115,-0.0603,0.363
15.534,1,-2.048,1.19,1.8415,3.105,3.084,-0.0611,0.369
15.584,1,-2.09,1.356,1.8103,3.118,3.052,-0.0529,0.403
15.634,1,-2.118,1.48,1.7939,3.115,3.02,-0.0447,0.409
15.684,1,-2.146,1.614,1.7717,3.098,2.915,-0.0524,0.404
15.734,1,-2.179,1.797,1.7438,3.042,2.878,-0.0532,0.394
15.783,1,-2.207,1.979,1.716,2.954,2.798,-0.0396,0.386
15.834,1,-2.214,2.031,1.7084,2.938,2.756,-0.0388,0.38
15.884,1,-2.241,2.256,1.6827,2.847,2.756,-0.0345,0.362
15.935,1,-2.254,2.388,1.6681,2.806,2.622,-0.0474,0.349
15.984,1,-2.263,2.497,1.6574,2.758,2.573,-0.0572,0.337
16.034,1,-2.273,2.633,1.633,2.663,2.474,-0.0659,0.326
16.083,1,-2.28,2.815,1.6034,2.576,2.423,-0.0624,0.311
16.134,1,-2.281,2.903,1.5894,2.529,2.369,-0.061,0.293
16.184,1,-2.28,3.057,1.5585,2.426,2.316,-0.0603,0.273
16.234,1,-2.277,3.163,1.5367,2.37,2.202,-0.0683,0.25
16.285,1,-2.271,3.286,1.514,2.309,2.141,-0.0809,0.226
16.335,1,-2.262,3.393,1.4907,2.224,2.08,-0.0847,0.207
16.384,1,-2.252,3.495,1.4672,2.177,2.015,-0.0968,0.193
16.434,1,-2.236,3.614,1.4308,2.065,1.95,-0.1214,0.174
16.485,1,-2.224,3.689,1.399,1.992,1.888,-0.1118,0.161
16.534,1,-2.206,3.779,1.3665,1.934,1.828,-0.1358,0.151
16.585,1,-2.186,3.863,1.3329,1.872,1.775,-0.144,0.144
16.634,1,-2.151,3.986,1.2855,1.816,1.725,-0.1678,0.14
16.684,1,-2.126,4.061,1.2438,1.754,1.682,-0.1699,0.138
16.734,1,-2.103,4.122,1.2052,1.713,1.64,-0.1777,0.134
16.784,1,-2.065,4.212,1.1559,1.677,1.603,-0.1896,0.129
16.835,1,-2.03,4.285,1.1117,1.641,1.603,-0.177,0.129
16.884,1,-1.994,4.354,1.0715,1.623,1.533,-0.2244,0.136
16.934,1,-1.95,4.427,1.0271,1.583,1.533,-0.2155,0.14
16.986,1,-1.906,4.492,0.9728,1.548,1.501,-0.2244,0.14
17.033,1,-1.853,4.562,0.9086,1.51,1.472,-0.2226,0.133
17.085,1,-1.809,4.614,0.8679,1.489,1.445,-0.2612,0.13
17.134,1,-1.772,4.656,0.8271,1.469,1.423,-0.2713,0.131
17.183,1,-1.708,4.718,0.7607,1.436,1.423,-0.2447,0.133
17.234,1,-1.65,4.768,0.6969,1.425,1.405,-0.2443,0.126
17.284,1,-1.599,4.807,0.6513,1.415,1.391,-0.2679,0.12
17.334,1,-1.546,4.844,0.6012,1.404,1.391,-0.2487,0.117
17.385,1,-1.492,4.878,0.5514,1.401,1.381,-0.2571,0.12
17.434,1,-1.426,4.913,0.4893,1.391,1.376,-0.267,0.125
17.485,1,-1.369,4.94,0.4387,1.383,1.376,-0.2816,0.125
17.534,1,-1.294,4.971,0.3701,1.384,1.381,-0.2945,0.113
17.584,1,-1.236,4.99,0.3236,1.384,1.381,-0.2667,0.103
17.633,1,-1.175,5.008,0.2716,1.388,1.392,-0.2784,0.097
17.684,1,-1.091,5.026,0.1925,1.398,1.408,-0.2787,0.094
17.734,1,-1.025,5.035,0.1365,1.408,1.425,-0.2906,0.101
17.785,1,-0.973,5.041,0.0926,1.413,1.425,-0.2673,0.105
17.833,1,-0.908,5.044,0.0388,1.43,1.442,-0.2794,0.107
17.885,1,-0.838,5.043,-0.014,1.438,1.455,-0.2796,0.109
17.935,1,-0.765,5.038,-0.0805,1.451,1.455,-0.2577,0.11
17.983,1,-0.668,5.025,-0.1556,1.465,1.459,-0.2447,0.105
18.033,1,-0.596,5.01,-0.2153,1.469,1.456,-0.2371,0.1
18.093,1,-0.561,5.001,-0.2417,1.47,1.45,-0.2213,0.1
18.134,1,-0.474,4.975,-0.2739,1.47,1.45,-0.2213,0.102
18.184,1,-0.403,4.949,-0.3559,1.466,1.449,-0.1976,0.098
18.234,1,-0.335,4.921,-0.3977,1.467,1.486,-0.198,0.106
18.284,1,-0.261,4.887,-0.4467,1.469,1.486,-0.1739,0.123
18.334,1,-0.194,4.851,-0.4889,1.503,1.533,-0.1984,0.139
18.385,1,-0.126,4.812,-0.5327,1.542,1.583,-0.1922,0.155
18.434,1,-0.063,4.771,-0.576,1.589,1.634,-0.1993,0.169
18.484,1,-0.003,4.728,-0.6216,1.635,1.685,-0.1934,0.183
18.534,1,0.066,4.675,-0.6653,1.652,1.736,-0.2046,0.194
18.584,1,0.132,4.618,-0.7178,1.699,1.736,-0.1771,0.203
18.634,1,0.193,4.56,-0.7613,1.742,1.785,-0.1656,0.207
18.685,1,0.25,4.501,-0.807,1.789,1.831,-0.1664,0.198
18.735,1,0.312,4.431,-0.8604,1.836,1.871,-0.1671,0.192
18.785,1,0.374,4.353,-0.9084,1.879,1.909,-0.1704,0.19
18.834,1,0.417,4.294,-0.948,1.912,1.943,-0.1586,0.192
18.885,1,0.479,4.2,-1.0014,1.951,1.975,-0.1359,0.214
18.934,1,0.536,4.104,-1.0457,1.987,2.005,-0.132,0.237
18.985,1,0.581,4.021,-1.0814,1.999,2.033,-0.1346,0.259
19.034,1,0.612,3.957,-1.1091,2.031,2.06,-0.134,0.279
19.084,1,0.67,3.828,-1.161,2.054,2.084,-0.1121,0.296
19.134,1,0.697,3.761,-1.1841,2.079,2.108,-0.1049,0.313
19.184,1,0.734,3.662,-1.2219,2.116,2.131,-0.0918,0.349
19.234,1,0.779,3.524,-1.2652,2.146,2.154,-0.0836,0.385
19.284,1,0.801,3.447,-1.2911,2.168,2.177,-0.0687,0.418
19.335,1,0.827,3.35,-1.3132,2.19,2.201,-0.0679,0.416
19.384,1,0.852,3.247,-1.3352,2.214,2.222,-0.0648,0.387
19.433,2,0.885,3.096,-1.3639,2.235,2.222,-0.0632,0.362
19.485,2,0.904,2.995,-1.3857,2.244,2.314,-0.0633,0.338
19.534,2,0.922,2.889,-1.4052,2.292,2.345,-0.0649,0.316
19.584,2,0.938,2.784,-1.4226,2.327,2.377,-0.0595,0.295
19.634,2,0.951,2.69,-1.4393,2.359,2.41,-0.0554,0.276
19.683,2,0.969,2.525,-1.4676,2.417,2.441,-0.0574,0.26
19.734,2,0.979,2.409,-1.4871,2.446,2.473,-0.053,0.245
19.784,2,0.987,2.29,-1.5076,2.481,2.535,-0.0522,0.233
19.835,2,0.993,2.172,-1.5247,2.518,2.565,-0.0431,0.222
19.884,2,0.996,2.075,-1.5368,2.542,2.595,-0.0345,0.213
19.934,2,0.999,1.944,-1.555,2.582,2.655,-0.0321,0.205
19.984,2,0.999,1.813,-1.5674,2.623,2.685,-0.0216,0.197
20.034,2,0.998,1.649,-1.5821,2.664,2.714,-0.019,0.191
20.084,2,0.997,1.571,-1.5861,2.685,2.743,-0.0092,0.19
20.134,2,0.994,1.412,-1.5923,2.741,2.801,-0.0,0.192
20.186,2,0.99,1.274,-1.5946,2.772,2.83,0.0,0.193
20.235,2,0.986,1.111,-1.5952,2.814,2.886,0.0101,0.193
20.284,2,0.983,0.952,-1.5934,2.858,2.914,0.014,0.195
20.334,2,0.981,0.851,-1.5903,2.886,2.942,0.0129,0.197
20.385,2,0.978,0.675,-1.5814,2.94,2.996,0.0172,0.197
20.434,2,0.977,0.505,-1.5735,2.975,3.023,0.0223,0.193
20.484,2,0.978,0.361,-1.5638,3.018,3.076,0.0216,0.187
20.535,2,0.98,0.245,-1.5568,3.044,3.102,0.0264,0.179
20.584,2,0.984,0.066,-1.5428,3.097,3.153,0.0264,0.169
20.634,2,0.989,-0.059,-1.535,3.119,3.179,0.0227,0.157
20.684,2,0.996,-0.22,-1.5214,3.167,3.229,0.0129,0.144
20.734,2,1.008,-0.437,-1.5107,3.212,3.279,0.0097,0.129
20.784,2,1.018,-0.583,-1.5046,3.249,3.303,0.0,0.114
20.835,2,1.026,-0.707,-1.5027,3.282,3.352,-0.0,0.1
20.884,2,1.04,-0.909,-1.5025,3.326,3.376,-0.0043,0.087
20.935,2,1.051,-1.067,-1.5047,3.364,3.448,-0.0172,0.074
20.985,2,1.062,-1.24,-1.5113,3.414,3.472,-0.0216,0.064
21.035,2,1.07,-1.409,-1.5206,3.451,3.518,-0.0259,0.057
21.085,2,1.076,-1.545,-1.5295,3.477,3.541,-0.0259,0.052
21.137,2,1.081,-1.727,-1.5465,3.522,3.586,-0.0302,0.051
21.185,2,1.084,-1.926,-1.5634,3.556,3.629,-0.035,0.052
21.234,2,1.083,-2.091,-1.579,3.595,3.64,-0.0391,0.057
21.285,2,1.079,-2.29,-1.5984,3.626,3.582,-0.0437,0.06
21.334,2,1.07,-2.494,-1.6195,3.64,3.553,-0.0406,0.072
21.386,2,1.06,-2.659,-1.6393,3.603,3.495,-0.0388,0.092
21.434,2,1.044,-2.841,-1.6594,3.566,3.437,-0.0388,0.116
21.485,2,1.025,-3.026,-1.6818,3.505,3.377,-0.0485,0.141
21.534,2,1.004,-3.187,-1.7042,3.447,3.346,-0.0439,0.169
21.584,2,0.981,-3.342,-1.7225,3.399,3.281,-0.0388,0.198
21.637,2,0.954,-3.502,-1.7426,3.353,3.211,-0.0388,0.237
21.686,2,0.922,-3.67,-1.7658,3.29,3.138,-0.0345,0.284
21.734,2,0.89,-3.819,-1.7842,3.233,3.1,-0.0312,0.335
21.784,2,0.856,-3.969,-1.7989,3.18,3.022,-0.0354,0.383
21.834,2,0.817,-4.13,-1.8134,3.126,2.981,-0.0362,0.412
21.884,2,0.771,-4.305,-1.8313,3.059,2.896,-0.0388,0.444
21.933,2,0.741,-4.412,-1.8436,3.007,2.852,-0.0435,0.476
21.984,2,0.693,-4.575,-1.8669,2.907,2.761,-0.0345,0.511
22.034,2,0.646,-4.718,-1.8858,2.825,2.713,-0.0397,0.535
22.084,2,0.605,-4.839,-1.9002,2.767,2.615,-0.0431,0.559
22.134,2,0.564,-4.956,-1.9175,2.682,2.565,-0.0485,0.585
22.184,2,0.513,-5.091,-1.9371,2.616,2.459,-0.0603,0.613
22.235,2,0.489,-5.151,-1.9492,2.579,2.403,-0.0607,0.627
22.285,2,0.411,-5.335,-1.9846,2.448,2.345,-0.0739,0.681
22.334,2,0.366,-5.434,-2.0022,2.41,2.224,-0.0832,0.725
22.385,2,0.314,-5.54,-2.032,2.3,2.16,-0.0852,0.736
22.437,2,0.26,-5.644,-2.0565,2.252,2.092,-0.091,0.721
22.485,2,0.208,-5.736,-2.0824,2.191,2.029,-0.0975,0.712
22.534,2,0.163,-5.814,-2.1003,2.14,1.974,-0.1006,0.705
22.584,2,0.096,-5.921,-2.1366,2.059,1.923,-0.1212,0.696
22.634,2,0.045,-5.997,-2.1628,2.004,1.878,-0.1202,0.681
22.685,2,-0.019,-6.086,-2.2061,1.906,1.834,-0.1361,0.663
22.734,2,-0.071,-6.153,-2.2396,1.863,1.794,-0.137,0.648
22.784,2,-0.132,-6.225,-2.2722,1.819,1.756,-0.1603,0.636
22.835,2,-0.191,-6.29,-2.3115,1.787,1.719,-0.1722,0.626
22.885,2,-0.247,-6.348,-2.3495,1.767,1.684,-0.1664,0.617
22.934,2,-0.306,-6.404,-2.3911,1.734,1.65,-0.2048,0.598
22.985,2,-0.371,-6.46,-2.4308,1.7,1.619,-0.2018,0.577
23.034,2,-0.428,-6.506,-2.4683,1.67,1.619,-0.2039,0.558
23.084,2,-0.509,-6.564,-2.5366,1.627,1.588,-0.1908,0.541
23.135,2,-0.572,-6.604,-2.5704,1.606,1.558,-0.2364,0.526
23.185,2,-0.635,-6.641,-2.6311,1.564,1.53,-0.2233,0.512
23.237,2,-0.7,-6.674,-2.6817,1.551,1.504,-0.223,0.5
23.283,2,-0.791,-6.714,-2.7411,1.527,1.48,-0.2346,0.482
23.334,2,-0.863,-6.74,-2.7938,1.495,1.48,-0.2103,0.455
23.383,2,-0.929,-6.761,-2.8403,1.486,1.46,-0.2455,0.427
23.434,2,-0.982,-6.775,-2.8764,1.466,1.444,-0.2569,0.399
23.484,2,-1.065,-6.793,-2.9519,1.444,1.432,-0.2563,0.368
23.534,2,-1.12,-6.801,-2.9975,1.443,1.432,-0.233,0.334
23.585,2,-1.194,-6.808,-3.0482,1.435,1.424,-0.2325,0.303
23.634,2,-1.265,-6.812,-3.0932,1.436,1.419,-0.2443,0.28
23.684,2,-1.341,-6.811,-3.1322,1.43,1.419,-0.2206,0.262
23.736,2,-1.414,-6.807,3.0798,1.425,1.422,-0.244,0.245
23.784,2,-1.477,-6.801,3.0381,1.417,1.422,-0.2467,0.231
23.835,2,-1.559,-6.787,2.9683,1.423,1.429,-0.2439,0.212
23.884,2,-1.627,-6.772,2.9207,1.426,1.442,-0.2495,0.196
23.935,2,-1.698,-6.753,2.8648,1.438,1.46,-0.2442,0.183
23.984,2,-1.768,-6.73,2.8226,1.445,1.46,-0.2326,0.172
24.034,2,-1.82,-6.71,2.7771,1.461,1.481,-0.2255,0.164
24.084,2,-1.887,-6.681,2.7255,1.479,1.503,-0.2346,0.159
24.134,2,-1.955,-6.648,2.6861,1.488,1.503,-0.2097,0.157
24.184,2,-2.037,-6.602,2.6165,1.508,1.525,-0.2378,0.158
24.233,2,-2.107,-6.556,2.5585,1.524,1.546,-0.247,0.152
24.285,2,-2.164,-6.515,2.5053,1.543,1.567,-0.2284,0.148
24.339,2,-2.203,-6.484,2.4696,1.557,1.567,-0.1989,0.148
24.384,2,-2.284,-6.411,2.4002,1.573,1.586,-0.2231,0.151
24.434,2,-2.322,-6.373,2.3587,1.583,1.604,-0.2384,0.155
24.485,2,-2.383,-6.306,2.2923,1.599,1.622,-0.2527,0.151
24.534,2,-2.423,-6.257,2.2565,1.607,1.638,-0.2638,0.152
24.584,2,-2.483,-6.173,2.1694,1.622,1.652,-0.2601,0.158
24.634,2,-2.524,-6.107,2.1176,1.637,1.652,-0.2403,0.16
24.685,2,-2.554,-6.051,2.074,1.651,1.665,-0.2367,0.159
24.734,2,-2.591,-5.973,2.0014,1.659,1.674,-0.2007,0.164
24.785,2,-2.626,-5.885,1.9384,1.679,1.684,-0.2011,0.167
24.834,2,-2.659,-5.788,1.884,1.685,1.699,-0.2166,0.158
24.884,2,-2.681,-5.71,1.8402,1.692,1.726,-0.2167,0.152
24.934,2,-2.698,-5.634,1.7891,1.717,1.764,-0.2137,0.15
24.984,2,-2.715,-5.537,1.7255,1.734,1.803,-0.2057,0.158
25.034,2,-2.722,-5.472,1.6811,1.776,1.842,-0.1925,0.173
25.085,2,-2.729,-5.362,1.6204,1.827,1.879,-0.1667,0.186
25.135,2,-2.731,-5.277,1.5804,1.865,1.879,-0.1428,0.198
25.184,2,-2.728,-5.191,1.5396,1.887,1.914,-0.1433,0.207
25.233,2,-2.72,-5.076,1.4909,1.921,1.946,-0.1492,0.234
25.284,2,-2.71,-4.987,1.4512,1.95,1.977,-0.135,0.269
25.334,2,-2.696,-4.898,1.4133,1.977,2.006,-0.133,0.305
25.385,2,-2.677,-4.8,1.3693,2.01,2.034,-0.12,0.344
25.434,2,-2.651,-4.691,1.3311,2.038,2.062,-0.1201,0.387
25.485,2,-2.625,-4.598,1.2967,2.068,2.09,-0.1039,0.43
25.534,2,-2.596,-4.504,1.2651,2.096,2.119,-0.1021,0.47
25.583,2,-2.554,-4.386,1.2237,2.133,2.149,-0.0924,0.475
25.634,2,-2.523,-4.305,1.1996,2.16,2.214,-0.0814,0.464
25.685,2,-2.48,-4.2,1.176,2.192,2.248,-0.0766,0.454
25.734,2,-2.447,-4.125,1.1554,2.22,2.282,-0.0631,0.446
25.783,2,-2.382,-3.986,1.125,2.273,2.315,-0.0522,0.44
25.835,2,-2.333,-3.887,1.1075,2.304,2.348,-0.0389,0.434
25.884,2,-2.296,-3.814,1.0963,2.322,2.381,-0.0212,0.429
25.934,2,-2.219,-3.671,1.0816,2.376,2.413,-0.0093,0.423
25.985,2,-2.18,-3.598,1.0783,2.409,2.445,0.0,0.418
26.034,2,-2.125,-3.496,1.0755,2.438,2.509,0.0214,0.412
26.084,2,-2.068,-3.389,1.0788,2.482,2.54,0.0406,0.403
26.134,2,-1.997,-3.256,1.0917,2.528,2.571,0.0474,0.39
26.185,2,-1.942,-3.146,1.1086,2.566,2.632,0.0693,0.372
26.234,2,-1.877,-3.01,1.1339,2.608,2.662,0.0776,0.351
26.284,2,-1.838,-2.924,1.1534,2.631,2.692,0.069,0.324
26.333,2,-1.79,-2.808,1.1806,2.667,2.721,0.0749,0.292
26.384,2,-1.723,-2.635,1.216,2.711,2.771,0.0927,0.257
26.434,2,-1.696,-2.557,1.2353,2.732,2.789,0.0837,0.216
26.484,2,-1.653,-2.42,1.2781,2.774,2.805,0.0733,0.175
26.534,2,-1.614,-2.277,1.3092,2.796,2.829,0.0819,0.132
26.584,2,-1.576,-2.116,1.3504,2.825,2.838,0.0789,0.098
26.634,2,-1.545,-1.96,1.3837,2.839,2.851,0.0906,0.087
26.685,2,-1.524,-1.833,1.4145,2.85,2.856,0.0821,0.082
26.734,2,-1.506,-1.692,1.4541,2.861,2.864,0.0819,0.085
26.784,2,-1.492,-1.532,1.4897,2.869,2.868,0.0819,0.091
26.834,2,-1.487,-1.446,1.51,2.872,2.872,0.074,0.097
26.884,2,-1.482,-1.282,1.5491,2.879,2.88,0.083,0.12
26.936,2,-1.482,-1.239,1.5611,2.881,2.885,0.0827,0.12
26.985,2,-1.488,-1.0,1.6125,2.887,2.894,0.0905,0.158
27.034,2,-1.498,-0.864,1.6525,2.892,2.899,0.069,0.173
27.083,2,-1.512,-0.729,1.6834,2.902,2.91,0.0794,0.197
27.134,2,-1.541,-0.53,1.7241,2.912,2.916,0.075,0.226
27.184,2,-1.565,-0.395,1.7554,2.921,2.928,0.0783,0.256
27.235,2,-1.587,-0.292,1.775,2.925,2.934,0.0705,0.284
27.285,2,-1.62,-0.152,1.8089,2.933,2.94,0.0647,0.307
27.334,2,-1.664,0.007,1.8472,2.943,2.952,0.0431,0.324
27.384,2,-1.718,0.179,1.876,2.952,2.957,0.035,0.332
27.437,2,-1.748,0.271,1.8912,2.962,2.967,0.0107,0.348
27.484,2,-1.809,0.449,1.9011,2.974,2.971,-0.0,0.355
27.534,2,-1.855,0.581,1.9038,2.978,3.0,-0.0193,0.356
27.585,2,-1.899,0.711,1.8993,2.991,3.051,-0.0345,0.356
27.634,2,-1.954,0.874,1.8869,3.021,3.077,-0.0437,0.358
27.683,2,-2.006,1.043,1.8655,3.06,3.115,-0.0577,0.361
27.734,2,-2.047,1.185,1.8411,3.095,3.1,-0.0474,0.366
27.784,2,-2.082,1.32,1.8201,3.104,3.084,-0.0474,0.385
27.834,2,-2.121,1.486,1.7952,3.096,3.02,-0.0535,0.411
27.884,2,-2.15,1.627,1.7713,3.056,2.952,-0.0561,0.406
27.934,2,-2.17,1.734,1.7512,3.014,2.915,-0.0431,0.399
27.984,2,-2.201,1.921,1.7249,2.955,2.838,-0.0434,0.393
28.034,2,-2.222,2.071,1.7051,2.901,2.798,-0.04,0.383
28.084,2,-2.237,2.201,1.6878,2.843,2.713,-0.0431,0.37
28.134,2,-2.251,2.332,1.6722,2.789,2.667,-0.0431,0.356
28.185,2,-2.264,2.489,1.6488,2.702,2.573,-0.0517,0.34
28.234,2,-2.272,2.608,1.633,2.642,2.525,-0.0517,0.33
28.284,2,-2.277,2.705,1.6173,2.602,2.474,-0.0538,0.318
28.335,2,-2.281,2.832,1.5983,2.541,2.423,-0.0517,0.302
28.384,2,-2.282,2.962,1.5763,2.47,2.316,-0.0657,0.285
28.434,2,-2.28,3.102,1.5518,2.392,2.259,-0.0686,0.265
28.485,2,-2.275,3.237,1.5259,2.314,2.202,-0.0732,0.242
28.534,2,-2.269,3.339,1.5052,2.246,2.141,-0.0818,0.217
28.585,2,-2.26,3.445,1.4766,2.177,2.015,-0.1066,0.203
28.634,2,-2.248,3.544,1.4527,2.102,1.95,-0.1214,0.186
28.685,2,-2.232,3.653,1.4184,2.036,1.95,-0.1126,0.171
28.734,2,-2.219,3.725,1.3891,1.98,1.828,-0.1473,0.159
28.785,2,-2.199,3.824,1.3588,1.925,1.775,-0.1577,0.151
28.834,2,-2.176,3.914,1.3157,1.845,1.725,-0.1677,0.145
28.885,2,-2.147,4.013,1.2668,1.76,1.725,-0.1546,0.142
28.935,2,-2.119,4.093,1.2264,1.736,1.64,-0.1902,0.141
28.985,2,-2.082,4.184,1.175,1.674,1.64,-0.1775,0.136
29.035,2,-2.053,4.248,1.1397,1.652,1.603,-0.1919,0.133
29.085,2,-2.017,4.319,1.0948,1.615,1.567,-0.1883,0.136
29.134,2,-1.985,4.375,1.0531,1.584,1.533,-0.2117,0.142
29.185,2,-1.933,4.46,1.0003,1.552,1.501,-0.2235,0.145
29.235,2,-1.885,4.527,0.9424,1.513,1.472,-0.2225,0.141
29.284,2,-1.844,4.58,0.9042,1.503,1.472,-0.2102,0.135
29.334,2,-1.802,4.629,0.8547,1.477,1.445,-0.2453,0.133
29.385,2,-1.756,4.677,0.8033,1.446,1.423,-0.2563,0.136
29.434,2,-1.695,4.735,0.7396,1.429,1.405,-0.2681,0.135
29.486,2,-1.64,4.781,0.6852,1.411,1.405,-0.244,0.128
29.534,2,-1.575,4.829,0.6216,1.397,1.391,-0.2554,0.122
29.585,2,-1.522,4.864,0.5753,1.389,1.381,-0.2669,0.12
29.634,2,-1.489,4.883,0.5448,1.383,1.381,-0.2432,0.123
29.684,2,-1.398,4.931,0.4609,1.378,1.376,-0.2607,0.129
29.734,2,-1.344,4.955,0.4162,1.374,1.376,-0.2793,0.125
29.785,2,-1.285,4.978,0.3648,1.371,1.381,-0.2901,0.114
29.834,2,-1.222,4.999,0.3034,1.375,1.392,-0.2898,0.105
29.884,2,-1.141,5.02,0.2329,1.384,1.392,-0.2665,0.1
29.934,2,-1.092,5.029,0.1921,1.389,1.408,-0.2785,0.099
29.985,2,-1.014,5.04,0.1243,1.401,1.425,-0.2904,0.106
30.034,2,-0.946,5.046,0.0666,1.412,1.425,-0.2671,0.109
30.085,2,-0.867,5.047,-0.0006,1.424,1.442,-0.2674,0.11
30.134,2,-0.805,5.044,-0.0474,1.436,1.455,-0.2677,0.112
30.185,2,-0.739,5.038,-0.1001,1.447,1.459,-0.2697,0.113
30.234,2,-0.676,5.029,-0.1554,1.457,1.459,-0.2329,0.106
30.285,2,-0.583,5.009,-0.2227,1.461,1.456,-0.2328,0.102
30.336,2,-0.532,4.995,-0.2652,1.459,1.45,-0.2211,0.103
30.383,2,-0.448,4.968,-0.3229,1.456,1.449,-0.2343,0.103
30.434,2,-0.403,4.952,-0.3539,1.453,1.449,-0.2123,0.099
30.485,2,-0.311,4.912,-0.4167,1.455,1.486,-0.1855,0.11
30.534,2,-0.276,4.895,-0.4427,1.473,1.533,-0.1975,0.118
30.584,2,-0.203,4.857,-0.4794,1.493,1.533,-0.2036,0.143
30.635,2,-0.134,4.817,-0.5346,1.528,1.583,-0.1747,0.158
30.685,2,-0.059,4.769,-0.586,1.578,1.634,-0.2008,0.172
30.735,2,0.012,4.718,-0.6334,1.614,1.685,-0.1877,0.184
30.786,2,0.07,4.672,-0.6746,1.64,1.736,-0.1884,0.196
30.835,2,0.127,4.622,-0.7199,1.692,1.785,-0.1771,0.204
30.885,2,0.193,4.559,-0.7654,1.743,1.785,-0.1702,0.205
30.935,2,0.257,4.493,-0.8133,1.787,1.831,-0.1664,0.197
30.986,2,0.317,4.425,-0.8648,1.824,1.871,-0.1788,0.191
31.035,2,0.361,4.369,-0.8931,1.846,1.909,-0.1674,0.189
31.083,2,0.418,4.291,-0.9556,1.892,1.943,-0.1432,0.192
31.135,2,0.489,4.18,-1.0133,1.938,1.975,-0.1313,0.214
31.185,2,0.533,4.105,-1.0496,1.974,2.005,-0.1323,0.236
31.235,2,0.577,4.022,-1.0896,2.008,2.033,-0.12,0.258
31.284,2,0.618,3.938,-1.1258,2.037,2.06,-0.1203,0.277
31.334,2,0.657,3.85,-1.1569,2.05,2.084,-0.1046,0.293
31.386,2,0.694,3.758,-1.1889,2.073,2.108,-0.1001,0.311
31.435,2,0.731,3.658,-1.2236,2.103,2.131,-0.0923,0.347
31.485,2,0.764,3.56,-1.2506,2.119,2.154,-0.0883,0.383
31.534,2,0.796,3.458,-1.2816,2.146,2.177,-0.0711,0.417
31.584,2,0.834,3.315,-1.315,2.183,2.201,-0.0715,0.415
31.636,2,0.85,3.251,-1.3297,2.197,2.222,-0.063,0.387
31.685,3,0.876,3.136,-1.3562,2.227,2.282,-0.0692,0.361
31.733,3,0.905,2.989,-1.3836,2.263,2.314,-0.0675,0.337
31.785,3,0.922,2.887,-1.4037,2.29,2.345,-0.0635,0.315
31.834,3,0.936,2.8,-1.4215,2.324,2.377,-0.0594,0.295
31.884,3,0.95,2.691,-1.4411,2.353,2.41,-0.0553,0.276
31.934,3,0.969,2.525,-1.4668,2.397,2.441,-0.0565,0.26
31.985,3,0.976,2.44,-1.4828,2.432,2.504,-0.0575,0.246
32.034,3,0.985,2.327,-1.5038,2.468,2.535,-0.0472,0.234
32.085,3,0.993,2.157,-1.528,2.509,2.565,-0.0449,0.223
32.134,3,0.996,2.038,-1.5444,2.551,2.595,-0.0302,0.214
32.185,3,0.998,1.916,-1.5567,2.591,2.625,-0.0259,0.206
32.238,3,0.999,1.866,-1.5609,2.603,2.685,-0.0216,0.201
32.286,3,0.999,1.711,-1.5696,2.626,2.714,-0.0172,0.194
32.334,3,0.997,1.575,-1.5827,2.663,2.772,-0.0086,0.189
32.386,3,0.994,1.412,-1.5935,2.718,2.801,-0.0,0.192
32.434,3,0.989,1.227,-1.5978,2.773,2.83,0.0,0.193
32.485,3,0.985,1.098,-1.5977,2.802,2.858,0.0097,0.193
32.534,3,0.982,0.982,-1.5951,2.839,2.914,0.0129,0.196
32.584,3,0.98,0.847,-1.59,2.878,2.942,0.0176,0.198
32.635,3,0.977,0.704,-1.5843,2.916,2.996,0.0223,0.198
32.685,3,0.977,0.52,-1.5723,2.978,3.023,0.0216,0.193
32.734,3,0.977,0.43,-1.5664,2.994,3.076,0.0216,0.19
32.784,3,0.979,0.258,-1.5554,3.031,3.102,0.0216,0.179
32.834,3,0.983,0.083,-1.5439,3.075,3.153,0.026,0.17
32.885,3,0.989,-0.072,-1.5322,3.114,3.204,0.022,0.158
32.935,3,0.995,-0.198,-1.5236,3.149,3.229,0.018,0.151
32.983,3,1.007,-0.408,-1.5096,3.197,3.279,0.0043,0.136
33.034,3,1.017,-0.56,-1.503,3.225,3.303,0.0,0.113
33.083,3,1.027,-0.693,-1.5019,3.273,3.352,-0.0053,0.1
33.135,3,1.038,-0.861,-1.5019,3.299,3.376,-0.0043,0.086
33.184,3,1.052,-1.071,-1.5047,3.346,3.424,-0.0129,0.074
33.235,3,1.06,-1.196,-1.5069,3.375,3.472,-0.0274,0.062
33.284,3,1.071,-1.387,-1.5179,3.427,3.518,-0.0302,0.055
33.334,3,1.079,-1.556,-1.5323,3.462,3.563,-0.0359,0.051
33.384,3,1.084,-1.773,-1.5527,3.516,3.586,-0.0302,0.05
33.435,3,1.085,-1.947,-1.5668,3.553,3.629,-0.0348,0.052
33.486,3,1.084,-2.112,-1.5826,3.59,3.635,-0.0319,0.057
33.534,3,1.08,-2.278,-1.6007,3.62,3.582,-0.0392,0.059
33.585,3,1.071,-2.473,-1.6203,3.609,3.553,-0.0399,0.07
33.634,3,1.059,-2.656,-1.6408,3.588,3.495,-0.0388,0.09
33.685,3,1.047,-2.805,-1.6579,3.556,3.437,-0.0401,0.113
33.734,3,1.03,-2.977,-1.6779,3.509,3.377,-0.0431,0.139
33.785,3,1.004,-3.179,-1.7042,3.436,3.313,-0.0431,0.166
33.834,3,0.982,-3.331,-1.7231,3.389,3.281,-0.0408,0.195
33.885,3,0.95,-3.519,-1.7445,3.331,3.211,-0.0433,0.233
33.935,3,0.922,-3.664,-1.7623,3.284,3.175,-0.0346,0.278
33.986,3,0.891,-3.816,-1.7793,3.225,3.1,-0.0302,0.328
34.035,3,0.864,-3.938,-1.7889,3.191,3.061,-0.0362,0.379
34.084,3,0.815,-4.141,-1.8117,3.108,2.939,-0.0444,0.407
34.134,3,0.777,-4.289,-1.8297,3.035,2.896,-0.0431,0.437
34.185,3,0.74,-4.421,-1.8462,2.979,2.852,-0.0448,0.47
34.235,3,0.693,-4.577,-1.8676,2.899,2.761,-0.0441,0.504
34.284,3,0.654,-4.699,-1.8814,2.845,2.713,-0.0389,0.53
34.335,3,0.616,-4.81,-1.8947,2.785,2.615,-0.0474,0.554
34.385,3,0.565,-4.956,-1.9136,2.702,2.565,-0.0522,0.58
34.434,3,0.528,-5.055,-1.9283,2.652,2.512,-0.0527,0.607
34.484,3,0.47,-5.201,-1.9557,2.557,2.403,-0.0603,0.636
34.534,3,0.422,-5.311,-1.978,2.482,2.345,-0.0694,0.673
34.585,3,0.376,-5.415,-1.9974,2.431,2.286,-0.0644,0.718
34.634,3,0.318,-5.533,-2.0263,2.33,2.224,-0.0775,0.74
34.685,3,0.278,-5.612,-2.045,2.275,2.092,-0.0933,0.724
34.734,3,0.215,-5.727,-2.0796,2.203,2.092,-0.0846,0.714
34.785,3,0.161,-5.819,-2.1104,2.123,1.974,-0.0963,0.706
34.834,3,0.118,-5.888,-2.1271,2.082,1.923,-0.1182,0.697
34.884,3,0.064,-5.97,-2.161,1.983,1.878,-0.1201,0.682
34.934,3,-0.011,-6.075,-2.2026,1.917,1.834,-0.137,0.663
34.984,3,-0.067,-6.146,-2.2406,1.851,1.794,-0.1311,0.648
35.035,3,-0.107,-6.194,-2.2633,1.836,1.756,-0.1552,0.635
35.083,3,-0.186,-6.283,-2.313,1.78,1.719,-0.1698,0.625
35.133,3,-0.247,-6.345,-2.3537,1.742,1.684,-0.1663,0.615
35.184,3,-0.298,-6.393,-2.3824,1.728,1.684,-0.1589,0.597
35.235,3,-0.377,-6.461,-2.4372,1.693,1.65,-0.1822,0.576
35.284,3,-0.424,-6.499,-2.4754,1.66,1.619,-0.1769,0.557
35.333,3,-0.511,-6.561,-2.5287,1.631,1.588,-0.1888,0.541
35.385,3,-0.551,-6.587,-2.5575,1.601,1.558,-0.224,0.526
35.435,3,-0.613,-6.625,-2.5943,1.588,1.53,-0.249,0.52
35.485,3,-0.671,-6.657,-2.642,1.559,1.504,-0.235,0.507
35.556,3,-0.766,-6.701,-2.7213,1.525,1.504,-0.2255,0.483
35.584,3,-0.8,-6.714,-2.7426,1.513,1.48,-0.2349,0.471
35.634,3,-0.867,-6.739,-2.7682,1.505,1.46,-0.283,0.443
35.683,3,-0.967,-6.768,-2.8593,1.496,1.444,-0.2849,0.4
35.735,3,-1.065,-6.789,-2.9461,1.448,1.432,-0.2571,0.37
35.785,3,-1.13,-6.799,-2.9969,1.44,1.432,-0.2385,0.338
35.834,3,-1.195,-6.805,-3.0454,1.432,1.424,-0.2445,0.306
35.884,3,-1.261,-6.809,-3.1004,1.422,1.419,-0.2465,0.282
35.934,3,-1.333,-6.809,3.138,1.423,1.417,-0.244,0.263
35.984,3,-1.419,-6.804,3.0707,1.416,1.417,-0.2203,0.246
36.034,3,-1.47,-6.799,3.0351,1.419,1.422,-0.2341,0.232
36.087,3,-1.548,-6.787,2.9794,1.42,1.429,-0.2486,0.215
36.134,3,-1.61,-6.775,2.941,1.423,1.442,-0.2582,0.199
36.184,3,-1.69,-6.755,2.8784,1.431,1.442,-0.2323,0.186
36.234,3,-1.766,-6.73,2.82,1.442,1.46,-0.2458,0.174
36.284,3,-1.826,-6.708,2.7755,1.453,1.481,-0.226,0.165
36.333,3,-1.901,-6.675,2.7194,1.481,1.481,-0.1976,0.16
36.385,3,-1.949,-6.651,2.6826,1.485,1.503,-0.213,0.157
36.434,3,-2.021,-6.612,2.63,1.501,1.525,-0.2356,0.158
36.484,3,-2.089,-6.57,2.5785,1.519,1.546,-0.2341,0.155
36.535,3,-2.151,-6.527,2.5266,1.535,1.567,-0.2342,0.151
36.584,3,-2.204,-6.486,2.4783,1.544,1.567,-0.2159,0.15
36.635,3,-2.257,-6.441,2.4265,1.565,1.586,-0.223,0.156
36.684,3,-2.331,-6.369,2.3613,1.583,1.604,-0.2504,0.159
36.734,3,-2.382,-6.315,2.3078,1.592,1.622,-0.2642,0.156
36.784,3,-2.42,-6.268,2.2518,1.606,1.638,-0.2642,0.156
36.838,3,-2.465,-6.207,2.1963,1.617,1.638,-0.2413,0.161
36.885,3,-2.521,-6.119,2.1131,1.634,1.652,-0.2412,0.164
36.936,3,-2.552,-6.061,2.0688,1.642,1.665,-0.2384,0.162
36.984,3,-2.585,-5.993,2.0085,1.656,1.674,-0.2143,0.166
37.035,3,-2.627,-5.89,1.9398,1.672,1.684,-0.2009,0.17
37.085,3,-2.648,-5.827,1.895,1.683,1.699,-0.2053,0.16
37.133,3,-2.668,-5.761,1.8504,1.691,1.726,-0.2014,0.153
37.185,3,-2.693,-5.657,1.7942,1.704,1.764,-0.2016,0.149
37.234,3,-2.707,-5.581,1.7478,1.737,1.764,-0.1911,0.153
37.285,3,-2.719,-5.494,1.6962,1.761,1.803,-0.1661,0.168
37.335,3,-2.726,-5.398,1.6414,1.798,1.842,-0.1831,0.182
37.385,3,-2.729,-5.318,1.5964,1.831,1.879,-0.1557,0.194
37.434,3,-2.728,-5.234,1.5497,1.863,1.914,-0.1429,0.203
37.485,3,-2.721,-5.126,1.5018,1.894,1.946,-0.144,0.223
37.533,3,-2.713,-5.039,1.462,1.938,1.977,-0.1335,0.257
37.585,3,-2.697,-4.927,1.4167,1.969,2.006,-0.1331,0.292
37.634,3,-2.684,-4.853,1.3971,1.982,2.034,-0.1197,0.329
37.684,3,-2.657,-4.731,1.3433,2.026,2.062,-0.1201,0.372
37.734,3,-2.628,-4.62,1.3066,2.056,2.09,-0.1087,0.415
37.784,3,-2.598,-4.522,1.2693,2.095,2.119,-0.1013,0.456
37.835,3,-2.568,-4.432,1.2419,2.12,2.149,-0.098,0.482
37.886,3,-2.532,-4.336,1.2128,2.149,2.181,-0.0808,0.47
37.934,3,-2.486,-4.221,1.1806,2.185,2.214,-0.0764,0.46
37.985,3,-2.443,-4.123,1.1527,2.218,2.248,-0.0589,0.451
38.034,3,-2.402,-4.034,1.1347,2.241,2.315,-0.0464,0.445
38.084,3,-2.344,-3.915,1.1146,2.284,2.348,-0.0381,0.438
38.134,3,-2.297,-3.822,1.1024,2.328,2.381,-0.0275,0.431
38.184,3,-2.24,-3.713,1.0897,2.361,2.413,-0.0085,0.424
38.234,3,-2.182,-3.603,1.0827,2.398,2.445,-0.0,0.419
38.284,3,-2.139,-3.522,1.0814,2.439,2.477,0.0086,0.412
38.333,3,-2.067,-3.387,1.083,2.471,2.54,0.0345,0.403
38.386,3,-2.018,-3.294,1.0886,2.506,2.571,0.0486,0.393
38.434,3,-1.967,-3.195,1.1013,2.543,2.601,0.0574,0.377
38.484,3,-1.898,-3.054,1.1246,2.585,2.632,0.0603,0.357
38.535,3,-1.836,-2.918,1.1496,2.618,2.692,0.0792,0.334
38.584,3,-1.79,-2.809,1.1731,2.651,2.721,0.0835,0.304
38.634,3,-1.743,-2.691,1.2004,2.692,2.746,0.0819,0.27
38.686,3,-1.701,-2.573,1.2343,2.73,2.789,0.0871,0.229
38.734,3,-1.663,-2.455,1.2709,2.76,2.805,0.0776,0.188
38.783,3,-1.613,-2.272,1.3152,2.799,2.829,0.0776,0.145
38.834,3,-1.594,-2.196,1.3307,2.811,2.838,0.0821,0.101
38.883,3,-1.557,-2.025,1.3715,2.833,2.851,0.0881,0.09
38.934,3,-1.528,-1.857,1.4129,2.849,2.856,0.0822,0.083
38.984,3,-1.51,-1.73,1.4383,2.855,2.86,0.0776,0.082
39.033,3,-1.497,-1.601,1.4675,2.862,2.868,0.0862,0.09
39.085,3,-1.485,-1.436,1.5149,2.87,2.872,0.0776,0.094
39.136,3,-1.481,-1.301,1.5443,2.876,2.876,0.0778,0.115
39.185,3,-1.481,-1.163,1.5812,2.881,2.885,0.082,0.136
39.235,3,-1.486,-1.004,1.6145,2.886,2.889,0.0733,0.155
39.284,3,-1.496,-0.874,1.6451,2.892,2.899,0.0776,0.17
39.333,3,-1.506,-0.77,1.6714,2.898,2.904,0.069,0.189
39.386,3,-1.524,-0.626,1.7031,2.904,2.916,0.0826,0.219
39.434,3,-1.548,-0.474,1.7408,2.912,2.921,0.0734,0.249
39.486,3,-1.576,-0.331,1.7702,2.919,2.934,0.0733,0.278
39.534,3,-1.609,-0.189,1.8044,2.927,2.94,0.0653,0.302
39.585,3,-1.646,-0.047,1.8327,2.937,2.952,0.0604,0.321
39.635,3,-1.696,0.123,1.8665,2.948,2.957,0.0474,0.337
39.684,3,-1.744,0.269,1.8882,2.956,2.967,0.0193,0.349
39.734,3,-1.79,0.404,1.9039,2.968,2.971,0.0,0.356
39.784,3,-1.842,0.552,1.907,2.975,3.0,-0.0182,0.359
39.834,3,-1.89,0.691,1.9027,2.989,3.025,-0.0259,0.359
39.883,3,-1.935,0.821,1.8961,3.002,3.077,-0.0388,0.36
39.934,3,-1.987,0.984,1.8777,3.05,3.096,-0.0528,0.362
39.985,3,-2.026,1.116,1.8575,3.08,3.1,-0.0577,0.365
40.035,3,-2.071,1.281,1.8283,3.102,3.084,-0.056,0.375
40.085,3,-2.104,1.416,1.8062,3.105,3.02,-0.0565,0.412
40.134,3,-2.134,1.552,1.7844,3.079,2.986,-0.0474,0.406
40.184,3,-2.161,1.686,1.761,3.028,2.915,-0.0532,0.402
40.234,3,-2.194,1.88,1.7338,2.97,2.878,-0.0526,0.395
40.285,3,-2.215,2.022,1.7081,2.912,2.798,-0.04,0.385
40.335,3,-2.228,2.124,1.6956,2.867,2.756,-0.0345,0.374
40.385,3,-2.247,2.295,1.6773,2.797,2.667,-0.0474,0.362
40.434,3,-2.26,2.432,1.6607,2.735,2.622,-0.0519,0.347
40.485,3,-2.27,2.558,1.645,2.695,2.525,-0.056,0.336
40.535,3,-2.276,2.674,1.6234,2.616,2.474,-0.061,0.324
40.584,3,-2.281,2.807,1.6037,2.561,2.423,-0.056,0.308
40.634,3,-2.283,2.929,1.5814,2.493,2.369,-0.0572,0.291
40.685,3,-2.282,3.056,1.5574,2.416,2.259,-0.0742,0.27
40.734,3,-2.279,3.157,1.54,2.359,2.202,-0.0778,0.248
40.783,3,-2.27,3.314,1.5058,2.252,2.141,-0.0823,0.222
40.834,3,-2.265,3.377,1.4891,2.203,2.08,-0.0801,0.204
40.884,3,-2.253,3.488,1.4594,2.118,2.015,-0.094,0.189
40.934,3,-2.24,3.587,1.4369,2.081,1.95,-0.1127,0.173
40.985,3,-2.223,3.694,1.4019,1.983,1.888,-0.1201,0.161
41.034,3,-2.2,3.808,1.3606,1.912,1.828,-0.1319,0.152
41.084,3,-2.18,3.889,1.3256,1.849,1.775,-0.1309,0.144
41.134,3,-2.16,3.96,1.2941,1.802,1.725,-0.1547,0.14
41.185,3,-2.13,4.055,1.2508,1.744,1.682,-0.1713,0.139
41.234,3,-2.104,4.125,1.2203,1.728,1.64,-0.2035,0.135
41.283,3,-2.058,4.235,1.1611,1.689,1.603,-0.2051,0.132
41.334,3,-2.038,4.277,1.1325,1.644,1.567,-0.2009,0.131
41.384,3,-1.988,4.372,1.0692,1.584,1.533,-0.2415,0.14
41.434,3,-1.961,4.417,1.0361,1.558,1.533,-0.2237,0.145
41.483,3,-1.919,4.482,0.9783,1.531,1.501,-0.2106,0.144
41.535,3,-1.873,4.544,0.9307,1.516,1.472,-0.2281,0.137
41.584,3,-1.816,4.613,0.8712,1.475,1.445,-0.2755,0.134
41.633,3,-1.76,4.674,0.814,1.447,1.445,-0.2492,0.135
41.685,3,-1.726,4.707,0.7769,1.441,1.423,-0.2445,0.137
41.734,3,-1.675,4.753,0.7236,1.43,1.405,-0.2561,0.131
41.785,3,-1.605,4.808,0.6572,1.401,1.391,-0.2677,0.125
41.835,3,-1.565,4.837,0.6225,1.398,1.391,-0.2564,0.122
41.885,3,-1.487,4.886,0.545,1.386,1.381,-0.255,0.125
41.934,3,-1.431,4.917,0.4909,1.377,1.376,-0.2802,0.129
41.984,3,-1.375,4.944,0.4443,1.368,1.376,-0.2781,0.131
42.034,3,-1.313,4.97,0.3846,1.369,1.381,-0.2954,0.12
42.085,3,-1.236,4.997,0.3186,1.37,1.381,-0.2663,0.11
42.134,3,-1.178,5.013,0.2737,1.375,1.392,-0.2946,0.104
42.185,3,-1.11,5.028,0.2116,1.379,1.408,-0.29,0.1
42.234,3,-1.042,5.039,0.1539,1.39,1.408,-0.2783,0.105
42.287,3,-0.993,5.045,0.1038,1.396,1.425,-0.2841,0.11
42.333,3,-0.901,5.049,0.0366,1.41,1.425,-0.267,0.112
42.384,3,-0.852,5.048,-0.0098,1.42,1.442,-0.2677,0.112
42.433,3,-0.754,5.042,-0.0949,1.436,1.455,-0.2441,0.114
42.485,3,-0.703,5.035,-0.1376,1.449,1.459,-0.2495,0.11
42.533,3,-0.639,5.023,-0.1859,1.455,1.456,-0.2446,0.105
42.584,3,-0.546,5.001,-0.2487,1.459,1.456,-0.2211,0.104
42.634,3,-0.482,4.982,-0.2941,1.458,1.45,-0.2227,0.106
42.685,3,-0.406,4.955,-0.3559,1.451,1.449,-0.2091,0.103
42.734,3,-0.342,4.928,-0.4016,1.453,1.486,-0.1979,0.103
42.785,3,-0.283,4.901,-0.4367,1.455,1.486,-0.1737,0.12
42.835,3,-0.208,4.862,-0.4823,1.491,1.533,-0.1859,0.137
42.886,3,-0.16,4.835,-0.5201,1.525,1.583,-0.1888,0.152
42.934,3,-0.084,4.788,-0.5693,1.57,1.634,-0.1988,0.167
42.986,3,-0.025,4.747,-0.6029,1.588,1.634,-0.19,0.18
43.037,3,0.041,4.698,-0.6492,1.63,1.685,-0.1762,0.192
43.083,3,0.105,4.645,-0.6945,1.672,1.736,-0.1937,0.203
43.136,3,0.162,4.594,-0.7261,1.707,1.785,-0.1772,0.21
43.186,3,0.229,4.527,-0.7905,1.743,1.831,-0.178,0.203
43.234,3,0.299,4.45,-0.8494,1.796,1.871,-0.1785,0.196
43.285,3,0.35,4.388,-0.8891,1.827,1.909,-0.1702,0.192
43.334,3,0.406,4.313,-0.939,1.881,1.943,-0.1554,0.192
43.385,3,0.467,4.223,-0.9891,1.93,1.975,-0.1436,0.206
43.434,3,0.514,4.147,-1.0247,1.96,1.975,-0.133,0.228
43.485,3,0.551,4.082,-1.0584,1.98,2.033,-0.1321,0.251
43.534,3,0.605,3.977,-1.1046,2.014,2.06,-0.1322,0.273
43.584,3,0.651,3.878,-1.145,2.037,2.06,-0.1202,0.291
43.634,3,0.688,3.788,-1.1783,2.062,2.084,-0.0997,0.306
43.684,3,0.723,3.697,-1.2114,2.087,2.131,-0.1046,0.333
43.735,3,0.76,3.589,-1.2476,2.114,2.131,-0.0876,0.37
43.783,3,0.789,3.495,-1.2741,2.136,2.177,-0.0813,0.404
43.834,3,0.819,3.389,-1.3039,2.168,2.201,-0.073,0.428
43.885,3,0.849,3.269,-1.3274,2.196,2.222,-0.077,0.399
43.933,3,0.873,3.165,-1.3511,2.217,2.222,-0.0717,0.372
43.985,4,0.89,3.08,-1.3707,2.229,2.282,-0.0632,0.348
44.033,4,0.915,2.942,-1.3987,2.277,2.314,-0.0597,0.326
44.084,4,0.928,2.865,-1.4105,2.289,2.345,-0.0594,0.304
44.134,4,0.944,2.751,-1.4326,2.324,2.41,-0.0594,0.285
44.184,4,0.964,2.588,-1.4596,2.386,2.441,-0.0596,0.268
44.235,4,0.971,2.516,-1.4725,2.41,2.473,-0.0569,0.253
44.284,4,0.981,2.395,-1.4942,2.444,2.504,-0.0484,0.24
44.334,4,0.991,2.224,-1.518,2.49,2.535,-0.0441,0.228
44.386,4,0.995,2.105,-1.5352,2.529,2.565,-0.0345,0.219
44.434,4,0.998,1.985,-1.5497,2.56,2.625,-0.0302,0.21
44.485,4,0.999,1.861,-1.5609,2.592,2.655,-0.0271,0.201
44.535,4,0.999,1.739,-1.5736,2.643,2.714,-0.0172,0.194
44.585,4,0.998,1.616,-1.5818,2.68,2.743,-0.0143,0.188
44.633,4,0.995,1.445,-1.5895,2.727,2.772,-0.0088,0.191
44.685,4,0.993,1.346,-1.5923,2.756,2.801,-0.0,0.192
44.734,4,0.989,1.202,-1.5955,2.787,2.858,0.006,0.192
44.788,4,0.986,1.064,-1.5952,2.821,2.886,0.0102,0.193
44.833,4,0.983,0.924,-1.5923,2.86,2.942,0.0129,0.195
44.885,4,0.98,0.782,-1.5874,2.896,2.969,0.0172,0.197
44.934,4,0.978,0.6,-1.5797,2.946,2.996,0.0218,0.196
44.986,4,0.978,0.466,-1.5718,2.981,3.049,0.0216,0.191
45.034,4,0.978,0.334,-1.5619,3.015,3.102,0.0259,0.184
45.085,4,0.982,0.129,-1.5481,3.072,3.128,0.0279,0.175
45.134,4,0.987,-0.014,-1.5367,3.107,3.179,0.0259,0.164
45.185,4,0.993,-0.158,-1.5253,3.137,3.204,0.0129,0.151
45.234,4,1.002,-0.326,-1.5134,3.186,3.254,0.0134,0.136
45.284,4,1.012,-0.477,-1.5076,3.217,3.303,0.0044,0.122
45.335,4,1.025,-0.672,-1.5046,3.275,3.328,-0.0,0.108
45.385,4,1.034,-0.821,-1.5047,3.308,3.376,-0.0051,0.095
45.434,4,1.044,-0.971,-1.5052,3.346,3.424,-0.0086,0.082
45.484,4,1.054,-1.122,-1.508,3.389,3.448,-0.0172,0.07
45.533,4,1.066,-1.33,-1.516,3.424,3.495,-0.0273,0.061
45.583,4,1.073,-1.475,-1.5265,3.454,3.541,-0.0302,0.055
45.634,4,1.079,-1.625,-1.5367,3.489,3.563,-0.0305,0.052
45.685,4,1.083,-1.83,-1.5544,3.536,3.607,-0.0322,0.052
45.734,4,1.083,-1.972,-1.5679,3.56,3.635,-0.0345,0.056
45.783,4,1.079,-2.213,-1.5935,3.611,3.613,-0.0345,0.06
45.834,4,1.073,-2.398,-1.6111,3.62,3.582,-0.0349,0.064
45.886,4,1.064,-2.56,-1.6282,3.6,3.524,-0.0366,0.082
45.935,4,1.05,-2.752,-1.6487,3.565,3.467,-0.0388,0.104
45.985,4,1.033,-2.924,-1.6701,3.524,3.408,-0.0398,0.128
46.034,4,1.02,-3.042,-1.6836,3.49,3.377,-0.0388,0.154
46.086,4,0.996,-3.226,-1.7075,3.424,3.313,-0.0388,0.182
46.134,4,0.971,-3.39,-1.7299,3.385,3.246,-0.0388,0.214
46.185,4,0.933,-3.603,-1.7554,3.308,3.175,-0.0431,0.257
46.234,4,0.903,-3.75,-1.7727,3.25,3.138,-0.0302,0.306
46.284,4,0.872,-3.891,-1.788,3.19,3.061,-0.0347,0.358
46.336,4,0.832,-4.062,-1.804,3.136,3.022,-0.0352,0.396
46.385,4,0.798,-4.197,-1.8186,3.073,2.939,-0.0398,0.425
46.434,4,0.769,-4.308,-1.8287,3.036,2.896,-0.0408,0.44
46.485,4,0.718,-4.489,-1.8532,2.952,2.807,-0.0442,0.489
46.534,4,0.685,-4.597,-1.8662,2.91,2.761,-0.0399,0.521
46.585,4,0.631,-4.764,-1.8913,2.808,2.665,-0.0408,0.544
46.634,4,0.577,-4.918,-1.9109,2.721,2.565,-0.0517,0.569
46.686,4,0.536,-5.03,-1.9252,2.659,2.512,-0.0517,0.595
46.734,4,0.495,-5.137,-1.9421,2.588,2.459,-0.056,0.623
46.785,4,0.44,-5.269,-1.97,2.494,2.345,-0.0739,0.654
46.834,4,0.397,-5.367,-1.9905,2.419,2.286,-0.0687,0.697
46.885,4,0.353,-5.461,-2.0142,2.35,2.224,-0.0726,0.742
46.934,4,0.289,-5.588,-2.0414,2.277,2.16,-0.0807,0.729
46.985,4,0.233,-5.695,-2.0685,2.211,2.092,-0.0802,0.719
47.035,4,0.186,-5.777,-2.0911,2.135,2.029,-0.0924,0.71
47.083,4,0.125,-5.878,-2.1252,2.047,1.974,-0.0972,0.704
47.133,4,0.071,-5.96,-2.1538,1.988,1.878,-0.1201,0.692
47.184,4,0.023,-6.03,-2.1816,1.941,1.878,-0.1133,0.674
47.234,4,-0.026,-6.096,-2.2102,1.898,1.834,-0.1191,0.658
47.284,4,-0.079,-6.163,-2.2465,1.852,1.794,-0.1342,0.644
47.335,4,-0.154,-6.251,-2.2875,1.812,1.756,-0.1597,0.633
47.386,4,-0.21,-6.311,-2.3251,1.767,1.719,-0.1544,0.623
47.434,4,-0.265,-6.365,-2.3662,1.731,1.684,-0.1669,0.611
47.483,4,-0.32,-6.416,-2.406,1.695,1.65,-0.1895,0.59
47.534,4,-0.393,-6.477,-2.4545,1.667,1.619,-0.1892,0.57
47.585,4,-0.464,-6.531,-2.4965,1.652,1.619,-0.1904,0.553
47.635,4,-0.535,-6.581,-2.5473,1.619,1.588,-0.1885,0.537
47.684,4,-0.6,-6.621,-2.5956,1.592,1.53,-0.2357,0.523
47.735,4,-0.671,-6.659,-2.6537,1.538,1.53,-0.2257,0.51
47.785,4,-0.72,-6.683,-2.6933,1.525,1.504,-0.2275,0.499
47.834,4,-0.81,-6.722,-2.7554,1.509,1.48,-0.2369,0.477
47.884,4,-0.873,-6.745,-2.7971,1.503,1.48,-0.2158,0.452
47.934,4,-0.948,-6.768,-2.851,1.475,1.46,-0.2513,0.423
47.985,4,-1.016,-6.785,-2.9037,1.455,1.444,-0.2623,0.395
48.033,4,-1.095,-6.799,-2.9749,1.432,1.432,-0.2575,0.364
48.085,4,-1.158,-6.807,-3.0194,1.425,1.424,-0.2599,0.329
48.134,4,-1.206,-6.811,-3.0556,1.428,1.424,-0.2324,0.3
48.186,4,-1.286,-6.814,-3.1204,1.419,1.419,-0.234,0.278
48.234,4,-1.364,-6.812,3.1062,1.418,1.417,-0.2463,0.26
48.284,4,-1.442,-6.807,3.0539,1.417,1.422,-0.244,0.245
48.334,4,-1.505,-6.799,3.0149,1.415,1.422,-0.2364,0.231
48.385,4,-1.585,-6.785,2.9543,1.419,1.429,-0.2321,0.213
48.436,4,-1.647,-6.771,2.9128,1.426,1.442,-0.244,0.198
48.485,4,-1.711,-6.753,2.856,1.436,1.46,-0.26,0.184
48.538,4,-1.771,-6.732,2.812,1.443,1.46,-0.2381,0.173
48.584,4,-1.835,-6.707,2.7588,1.455,1.481,-0.2091,0.165
48.635,4,-1.923,-6.667,2.6991,1.478,1.503,-0.2211,0.161
48.685,4,-1.986,-6.633,2.6448,1.499,1.525,-0.2367,0.159
48.735,4,-2.043,-6.6,2.6042,1.51,1.525,-0.2101,0.158
48.784,4,-2.105,-6.559,2.5493,1.525,1.546,-0.227,0.152
48.833,4,-2.179,-6.505,2.4897,1.543,1.567,-0.2106,0.149
48.885,4,-2.231,-6.462,2.4518,1.547,1.586,-0.2347,0.151
48.937,4,-2.282,-6.416,2.408,1.568,1.604,-0.2599,0.156
48.985,4,-2.322,-6.378,2.3726,1.58,1.604,-0.2476,0.158
49.034,4,-2.4,-6.291,2.2778,1.597,1.622,-0.2524,0.155
49.086,4,-2.446,-6.233,2.233,1.6,1.638,-0.2625,0.156
49.134,4,-2.488,-6.173,2.174,1.62,1.652,-0.2648,0.163
49.184,4,-2.528,-6.107,2.1123,1.633,1.665,-0.2604,0.164
49.234,4,-2.57,-6.029,2.0467,1.645,1.665,-0.2366,0.163
49.284,4,-2.606,-5.947,1.9797,1.658,1.674,-0.2061,0.168
49.334,4,-2.636,-5.867,1.9247,1.673,1.684,-0.2067,0.168
49.385,4,-2.66,-5.794,1.8759,1.682,1.699,-0.206,0.158
49.435,4,-2.676,-5.734,1.8375,1.693,1.726,-0.2013,0.152
49.485,4,-2.695,-5.649,1.7793,1.702,1.764,-0.2016,0.15
49.535,4,-2.713,-5.535,1.7163,1.743,1.803,-0.1925,0.157
49.585,4,-2.722,-5.457,1.6716,1.764,1.803,-0.1539,0.172
49.634,4,-2.726,-5.389,1.6414,1.796,1.842,-0.1707,0.185
49.685,4,-2.729,-5.278,1.5867,1.837,1.879,-0.1555,0.197
49.735,4,-2.727,-5.183,1.5377,1.873,1.914,-0.1571,0.206
49.784,4,-2.72,-5.086,1.4985,1.908,1.946,-0.149,0.234
49.834,4,-2.712,-5.019,1.4638,1.93,1.977,-0.1366,0.269
49.883,4,-2.693,-4.893,1.406,1.977,2.006,-0.1196,0.305
49.934,4,-2.68,-4.826,1.3804,1.991,2.034,-0.1198,0.343
49.984,4,-2.655,-4.714,1.3375,2.03,2.062,-0.1202,0.386
50.035,4,-2.629,-4.617,1.3028,2.046,2.09,-0.0996,0.428
50.085,4,-2.59,-4.492,1.2596,2.091,2.119,-0.0969,0.468
50.135,4,-2.57,-4.435,1.2419,2.107,2.149,-0.0876,0.484
50.185,4,-2.516,-4.293,1.1994,2.145,2.181,-0.0835,0.466
50.234,4,-2.477,-4.199,1.1736,2.176,2.214,-0.0688,0.457
50.284,4,-2.433,-4.1,1.1468,2.214,2.282,-0.0547,0.449
50.334,4,-2.388,-4.004,1.1297,2.254,2.315,-0.0468,0.442
50.385,4,-2.331,-3.887,1.109,2.305,2.348,-0.0339,0.435
50.434,4,-2.283,-3.794,1.0984,2.334,2.381,-0.0212,0.429
50.484,4,-2.241,-3.714,1.0904,2.372,2.413,-0.0137,0.421
50.534,4,-2.163,-3.565,1.0825,2.419,2.477,0.0043,0.416
50.585,4,-2.108,-3.462,1.0821,2.456,2.509,0.0172,0.409
50.634,4,-2.073,-3.396,1.0837,2.474,2.54,0.0301,0.399
50.685,4,-1.997,-3.251,1.0942,2.525,2.571,0.045,0.387
50.734,4,-1.941,-3.139,1.1072,2.554,2.601,0.0517,0.371
50.785,4,-1.89,-3.035,1.1242,2.591,2.662,0.0733,0.351
50.834,4,-1.84,-2.925,1.1489,2.625,2.692,0.0733,0.325
50.884,4,-1.779,-2.781,1.1823,2.67,2.721,0.0793,0.295
50.934,4,-1.733,-2.66,1.2116,2.701,2.771,0.0875,0.259
50.984,4,-1.689,-2.534,1.2449,2.744,2.789,0.0781,0.218
51.035,4,-1.642,-2.383,1.2806,2.779,2.805,0.0733,0.179
51.084,4,-1.609,-2.261,1.3112,2.8,2.829,0.0883,0.135
51.134,4,-1.578,-2.13,1.3471,2.819,2.845,0.0862,0.099
51.185,4,-1.546,-1.969,1.3847,2.839,2.851,0.0872,0.088
51.235,4,-1.526,-1.842,1.4172,2.848,2.856,0.0776,0.082
51.285,4,-1.509,-1.712,1.4498,2.857,2.864,0.0819,0.084
51.333,4,-1.495,-1.558,1.4876,2.863,2.868,0.0819,0.09
51.385,4,-1.487,-1.429,1.516,2.869,2.876,0.0819,0.095
51.434,4,-1.484,-1.297,1.5519,2.874,2.88,0.0776,0.118
51.486,4,-1.485,-1.122,1.5926,2.882,2.885,0.0736,0.138
51.535,4,-1.491,-0.981,1.6235,2.887,2.894,0.075,0.156
51.584,4,-1.499,-0.877,1.6451,2.892,2.899,0.069,0.17
51.634,4,-1.513,-0.727,1.6753,2.899,2.91,0.0819,0.195
51.685,4,-1.538,-0.545,1.7204,2.908,2.916,0.0733,0.225
51.736,4,-1.562,-0.405,1.7514,2.915,2.928,0.0792,0.255
51.783,4,-1.583,-0.302,1.7756,2.922,2.934,0.069,0.283
51.834,4,-1.617,-0.159,1.8056,2.93,2.94,0.0658,0.307
51.883,4,-1.67,0.039,1.8452,2.941,2.952,0.0647,0.326
51.935,4,-1.695,0.121,1.8639,2.947,2.957,0.0395,0.341
51.984,4,-1.742,0.267,1.8895,2.959,2.967,0.0179,0.352
52.035,4,-1.798,0.43,1.9056,2.968,2.976,-0.0094,0.359
52.085,4,-1.849,0.573,1.9059,2.977,3.0,-0.0194,0.36
52.136,4,-1.897,0.714,1.9017,2.982,3.051,-0.0302,0.36
52.185,4,-1.949,0.869,1.8899,3.015,3.077,-0.0388,0.361
52.234,4,-1.988,0.993,1.877,3.044,3.115,-0.0574,0.364
52.285,4,-2.042,1.176,1.8468,3.088,3.1,-0.0517,0.368
52.334,4,-2.078,1.311,1.826,3.102,3.084,-0.0527,0.384
52.384,4,-2.115,1.465,1.7984,3.095,3.02,-0.0474,0.41
52.434,4,-2.143,1.594,1.7793,3.071,2.952,-0.0517,0.405
52.486,4,-2.17,1.734,1.7556,3.019,2.915,-0.0474,0.401
52.534,4,-2.193,1.869,1.7351,2.973,2.838,-0.0487,0.395
52.585,4,-2.218,2.037,1.709,2.9,2.756,-0.0485,0.385
52.634,4,-2.237,2.197,1.6878,2.824,2.713,-0.0431,0.372
52.684,4,-2.249,2.308,1.6734,2.785,2.667,-0.0431,0.358
52.734,4,-2.263,2.459,1.655,2.723,2.622,-0.0475,0.343
52.785,4,-2.271,2.566,1.6412,2.672,2.525,-0.0565,0.333
52.834,4,-2.278,2.7,1.6213,2.617,2.474,-0.056,0.321
52.884,4,-2.283,2.828,1.6023,2.561,2.423,-0.056,0.306
52.934,4,-2.284,2.968,1.5791,2.491,2.316,-0.0705,0.289
52.984,4,-2.283,3.092,1.5546,2.411,2.259,-0.0729,0.267
53.036,4,-2.279,3.204,1.5303,2.338,2.202,-0.0739,0.244
53.084,4,-2.273,3.309,1.5085,2.273,2.141,-0.0822,0.219
53.134,4,-2.262,3.435,1.4839,2.201,2.08,-0.0844,0.205
53.186,4,-2.251,3.534,1.4521,2.115,1.95,-0.1213,0.188
53.234,4,-2.238,3.626,1.4232,2.046,1.888,-0.1206,0.172
53.285,4,-2.219,3.737,1.3909,1.967,1.828,-0.1447,0.161
53.334,4,-2.201,3.82,1.3508,1.878,1.775,-0.1436,0.152
53.384,4,-2.178,3.91,1.3147,1.827,1.775,-0.1307,0.145
53.435,4,-2.153,3.993,1.2731,1.785,1.725,-0.1563,0.142
53.484,4,-2.117,4.096,1.225,1.737,1.682,-0.1539,0.141
53.534,4,-2.086,4.175,1.1856,1.699,1.64,-0.192,0.136
53.586,4,-2.053,4.247,1.1366,1.646,1.603,-0.1908,0.133
53.635,4,-2.021,4.311,1.0986,1.616,1.567,-0.1942,0.135
53.684,4,-1.988,4.37,1.0515,1.577,1.533,-0.2116,0.141
53.734,4,-1.949,4.433,1.0125,1.559,1.501,-0.2233,0.144
53.785,4,-1.886,4.523,0.9386,1.512,1.472,-0.2276,0.139
53.835,4,-1.854,4.564,0.9044,1.487,1.472,-0.2102,0.133
53.884,4,-1.799,4.629,0.8527,1.473,1.445,-0.248,0.131
53.934,4,-1.749,4.681,0.8075,1.452,1.423,-0.2717,0.133
53.985,4,-1.705,4.724,0.7629,1.441,1.405,-0.2681,0.135
54.034,4,-1.657,4.766,0.7093,1.411,1.405,-0.2594,0.127
54.085,4,-1.605,4.807,0.6583,1.4,1.391,-0.2704,0.122
54.135,4,-1.525,4.861,0.5831,1.388,1.381,-0.2793,0.12
54.186,4,-1.484,4.886,0.5394,1.385,1.376,-0.2785,0.125
54.233,4,-1.43,4.916,0.4879,1.372,1.376,-0.2712,0.129
54.285,4,-1.35,4.953,0.4187,1.368,1.376,-0.278,0.126
54.334,4,-1.288,4.977,0.3581,1.369,1.381,-0.278,0.114
54.385,4,-1.222,4.998,0.3044,1.37,1.392,-0.2898,0.105
54.435,4,-1.177,5.01,0.2674,1.373,1.392,-0.2781,0.099
54.485,4,-1.091,5.028,0.1937,1.383,1.408,-0.2953,0.097
54.535,4,-1.026,5.037,0.1321,1.389,1.425,-0.2949,0.103
54.584,4,-0.958,5.043,0.0796,1.399,1.425,-0.2716,0.107
54.634,4,-0.885,5.044,0.008,1.418,1.442,-0.2722,0.107
54.685,4,-0.819,5.042,-0.0447,1.427,1.455,-0.2724,0.108
54.735,4,-0.74,5.034,-0.1071,1.439,1.455,-0.2442,0.109
54.785,4,-0.68,5.025,-0.1554,1.45,1.459,-0.2343,0.101
54.836,4,-0.61,5.01,-0.208,1.457,1.456,-0.221,0.097
54.885,4,-0.53,4.99,-0.2683,1.458,1.45,-0.2211,0.098
54.934,4,-0.467,4.97,-0.3089,1.455,1.449,-0.2211,0.099
54.984,4,-0.404,4.947,-0.3533,1.453,1.449,-0.1974,0.095
55.035,4,-0.319,4.911,-0.4091,1.454,1.486,-0.1855,0.105
55.085,4,-0.259,4.882,-0.4482,1.456,1.533,-0.2111,0.122
55.134,4,-0.201,4.852,-0.4844,1.5,1.533,-0.1919,0.138
55.185,4,-0.131,4.811,-0.5342,1.533,1.583,-0.1916,0.153
55.234,4,-0.065,4.769,-0.5822,1.578,1.634,-0.1873,0.168
55.285,4,-0.015,4.734,-0.6128,1.612,1.685,-0.1878,0.181
55.335,4,0.06,4.675,-0.6686,1.654,1.736,-0.2008,0.192
55.386,4,0.125,4.619,-0.7227,1.705,1.785,-0.1818,0.2
55.434,4,0.198,4.55,-0.7767,1.756,1.785,-0.166,0.202
55.486,4,0.243,4.503,-0.8081,1.782,1.831,-0.1699,0.194
55.535,4,0.322,4.413,-0.8645,1.827,1.871,-0.1792,0.188
55.591,4,0.372,4.349,-0.9024,1.838,1.909,-0.155,0.186
55.634,4,0.43,4.27,-0.9289,1.876,1.943,-0.1673,0.19
55.685,4,0.482,4.192,-0.995,1.928,1.975,-0.1437,0.212
55.734,4,0.532,4.108,-1.0397,1.967,2.005,-0.1448,0.235
55.785,4,0.569,4.04,-1.0751,1.998,2.033,-0.1199,0.257
55.834,4,0.628,3.92,-1.1232,2.028,2.06,-0.12,0.277
55.885,4,0.666,3.834,-1.1615,2.058,2.084,-0.1099,0.294
55.934,4,0.693,3.766,-1.191,2.084,2.108,-0.0969,0.311
55.985,4,0.741,3.634,-1.2344,2.114,2.131,-0.0962,0.346
56.035,4,0.764,3.563,-1.2563,2.128,2.154,-0.0794,0.382
56.085,4,0.8,3.444,-1.2886,2.157,2.177,-0.0712,0.415
56.134,4,0.831,3.328,-1.3135,2.181,2.201,-0.0678,0.417
56.186,4,0.853,3.24,-1.3347,2.204,2.222,-0.0723,0.389
56.235,5,0.875,3.141,-1.3557,2.223,2.282,-0.0674,0.363
56.285,5,0.902,3.005,-1.3828,2.253,2.314,-0.068,0.339
56.334,5,0.915,2.928,-1.3963,2.28,2.345,-0.0634,0.317
56.385,5,0.938,2.777,-1.4255,2.329,2.377,-0.0637,0.297
56.435,5,0.949,2.697,-1.4401,2.355,2.41,-0.0553,0.279
56.486,5,0.964,2.559,-1.4641,2.402,2.441,-0.0525,0.263
56.535,5,0.975,2.439,-1.4858,2.419,2.504,-0.0519,0.248
56.583,5,0.981,2.358,-1.4977,2.449,2.535,-0.048,0.242
56.635,5,0.991,2.161,-1.5266,2.518,2.565,-0.0442,0.225
56.685,5,0.995,2.044,-1.5416,2.539,2.595,-0.0302,0.216
56.735,5,0.997,1.923,-1.5536,2.583,2.625,-0.0259,0.207
56.786,5,0.998,1.8,-1.5648,2.618,2.685,-0.0216,0.198
56.834,5,0.997,1.678,-1.575,2.649,2.714,-0.0185,0.19
56.884,5,0.996,1.539,-1.5829,2.684,2.772,-0.0086,0.19
56.936,5,0.994,1.422,-1.5886,2.71,2.801,-0.0043,0.192
56.985,5,0.991,1.293,-1.5932,2.753,2.83,-0.0,0.192
57.034,5,0.987,1.142,-1.596,2.799,2.886,0.0103,0.193
57.084,5,0.983,0.998,-1.596,2.832,2.914,0.0129,0.195
57.133,5,0.98,0.863,-1.592,2.878,2.942,0.0189,0.197
57.186,5,0.977,0.692,-1.5854,2.913,2.996,0.0235,0.198
57.235,5,0.976,0.524,-1.5757,2.958,3.023,0.0267,0.195
57.285,5,0.976,0.422,-1.5669,2.997,3.076,0.0259,0.188
57.334,5,0.978,0.262,-1.5545,3.033,3.102,0.0262,0.18
57.385,5,0.984,0.059,-1.5417,3.072,3.153,0.0216,0.17
57.434,5,0.987,-0.043,-1.5339,3.101,3.179,0.0219,0.159
57.485,5,0.996,-0.235,-1.5225,3.157,3.229,0.0181,0.146
57.535,5,1.002,-0.346,-1.5156,3.185,3.254,0.0086,0.139
57.586,5,1.015,-0.549,-1.5057,3.233,3.303,0.0046,0.117
57.634,5,1.025,-0.692,-1.503,3.254,3.328,-0.0,0.102
57.684,5,1.036,-0.843,-1.5008,3.303,3.4,-0.0105,0.088
57.736,5,1.047,-1.013,-1.5014,3.335,3.424,-0.0129,0.075
57.784,5,1.06,-1.205,-1.5066,3.386,3.472,-0.0268,0.064
57.834,5,1.071,-1.403,-1.5179,3.434,3.495,-0.0259,0.056
57.884,5,1.079,-1.583,-1.534,3.476,3.541,-0.0322,0.052
57.934,5,1.082,-1.695,-1.5429,3.495,3.586,-0.0302,0.05
57.985,5,1.085,-1.911,-1.5631,3.543,3.629,-0.0362,0.052
58.034,5,1.084,-2.05,-1.5741,3.566,3.635,-0.0302,0.057
58.084,5,1.079,-2.284,-1.5984,3.613,3.613,-0.0355,0.06
58.134,5,1.075,-2.407,-1.6102,3.623,3.553,-0.0388,0.068
58.183,5,1.061,-2.641,-1.6355,3.592,3.495,-0.0446,0.088
58.234,5,1.05,-2.783,-1.6496,3.567,3.437,-0.0478,0.111
58.283,5,1.027,-3.003,-1.6809,3.5,3.408,-0.0441,0.136
58.333,5,1.006,-3.168,-1.7036,3.457,3.346,-0.0407,0.164
58.384,5,0.989,-3.283,-1.7194,3.413,3.281,-0.0388,0.193
58.434,5,0.961,-3.453,-1.7407,3.361,3.211,-0.0388,0.231
58.484,5,0.922,-3.657,-1.7651,3.286,3.175,-0.0388,0.277
58.534,5,0.891,-3.806,-1.7813,3.237,3.1,-0.0302,0.327
58.584,5,0.854,-3.968,-1.7959,3.183,3.022,-0.0355,0.38
58.635,5,0.819,-4.113,-1.8108,3.107,2.981,-0.035,0.408
58.684,5,0.781,-4.258,-1.8258,3.053,2.896,-0.0388,0.439
58.734,5,0.75,-4.374,-1.8376,3.006,2.852,-0.0431,0.471
58.784,5,0.695,-4.56,-1.8629,2.914,2.761,-0.0388,0.505
58.833,5,0.65,-4.702,-1.8811,2.837,2.713,-0.0402,0.531
58.884,5,0.61,-4.82,-1.8978,2.761,2.665,-0.0396,0.555
58.933,5,0.575,-4.92,-1.9102,2.718,2.565,-0.0519,0.581
58.983,5,0.515,-5.082,-1.9318,2.64,2.512,-0.0517,0.608
59.033,5,0.468,-5.202,-1.951,2.571,2.403,-0.0647,0.637
59.083,5,0.422,-5.31,-1.9722,2.497,2.345,-0.069,0.672
59.133,5,0.377,-5.41,-1.9934,2.422,2.286,-0.0687,0.716
59.183,5,0.327,-5.516,-2.0183,2.329,2.16,-0.0937,0.743
59.233,5,0.277,-5.615,-2.0435,2.262,2.092,-0.0932,0.726
59.285,5,0.22,-5.719,-2.0761,2.181,2.029,-0.101,0.716
59.335,5,0.172,-5.801,-2.1039,2.118,1.974,-0.1004,0.707
59.383,5,0.122,-5.882,-2.1308,2.04,1.923,-0.1166,0.699
59.434,5,0.054,-5.984,-2.1675,1.964,1.878,-0.1115,0.683
59.483,5,-0.007,-6.07,-2.2049,1.906,1.834,-0.1322,0.665
59.533,5,-0.042,-6.115,-2.2187,1.892,1.794,-0.1313,0.651
59.584,5,-0.109,-6.198,-2.2628,1.835,1.756,-0.1553,0.639
59.633,5,-0.174,-6.273,-2.2982,1.801,1.756,-0.1569,0.629
59.684,5,-0.22,-6.322,-2.3264,1.77,1.719,-0.1543,0.62
59.734,5,-0.288,-6.388,-2.3736,1.743,1.684,-0.1676,0.605
59.785,5,-0.362,-6.454,-2.4255,1.694,1.65,-0.2034,0.583
59.833,5,-0.432,-6.51,-2.4767,1.655,1.619,-0.2047,0.564
59.884,5,-0.483,-6.547,-2.5111,1.627,1.588,-0.2058,0.545
59.933,5,-0.541,-6.585,-2.5515,1.615,1.558,-0.2362,0.529
59.984,5,-0.63,-6.638,-2.6214,1.571,1.53,-0.2236,0.517
60.033,5,-0.699,-6.673,-2.6733,1.541,1.53,-0.2111,0.504
60.083,5,-0.761,-6.702,-2.7204,1.528,1.504,-0.2106,0.489
60.134,5,-0.828,-6.728,-2.7682,1.508,1.48,-0.2243,0.465
60.184,5,-0.91,-6.756,-2.8329,1.482,1.46,-0.2621,0.437
60.235,5,-0.944,-6.766,-2.8544,1.479,1.444,-0.2572,0.423
60.283,5,-1.041,-6.789,-2.9264,1.453,1.432,-0.2565,0.38
60.334,5,-1.121,-6.802,-2.9897,1.433,1.432,-0.2453,0.347
60.384,5,-1.192,-6.809,-3.0452,1.428,1.424,-0.2458,0.315
60.433,5,-1.254,-6.813,-3.0888,1.422,1.419,-0.244,0.29
60.483,5,-1.336,-6.813,3.1302,1.417,1.417,-0.2584,0.27
60.534,5,-1.401,-6.81,3.0867,1.414,1.417,-0.2321,0.252
60.583,5,-1.464,-6.804,3.0435,1.416,1.422,-0.2321,0.237
60.633,5,-1.543,-6.792,2.9852,1.42,1.429,-0.2439,0.221
60.684,5,-1.605,-6.78,2.9422,1.422,1.429,-0.2332,0.205
60.734,5,-1.669,-6.764,2.8977,1.426,1.442,-0.2323,0.191
60.784,5,-1.745,-6.741,2.8408,1.437,1.46,-0.2611,0.179
60.833,5,-1.821,-6.714,2.7765,1.451,1.481,-0.2207,0.17
60.884,5,-1.881,-6.688,2.7351,1.46,1.481,-0.2103,0.164
60.934,5,-1.937,-6.661,2.6914,1.481,1.503,-0.2096,0.161
60.984,5,-2.0,-6.628,2.6432,1.5,1.525,-0.2395,0.161
61.034,5,-2.059,-6.593,2.5994,1.507,1.546,-0.2579,0.158
61.084,5,-2.143,-6.536,2.5308,1.528,1.546,-0.2374,0.154
61.134,5,-2.176,-6.511,2.4986,1.539,1.567,-0.2107,0.153
61.183,5,-2.267,-6.434,2.416,1.564,1.586,-0.2289,0.156
61.233,5,-2.318,-6.384,2.363,1.58,1.604,-0.2353,0.16
61.283,5,-2.366,-6.333,2.316,1.595,1.604,-0.2279,0.157
61.333,5,-2.415,-6.275,2.2599,1.603,1.638,-0.2657,0.156
61.384,5,-2.462,-6.212,2.2012,1.616,1.638,-0.2414,0.161
61.434,5,-2.498,-6.16,2.1657,1.627,1.652,-0.2615,0.163
61.485,5,-2.541,-6.086,2.1074,1.633,1.665,-0.2731,0.164
61.534,5,-2.573,-6.023,2.0486,1.641,1.674,-0.2268,0.164
61.584,5,-2.61,-5.939,1.9696,1.655,1.684,-0.2127,0.171
61.635,5,-2.643,-5.849,1.906,1.676,1.699,-0.2132,0.162
61.684,5,-2.667,-5.765,1.8487,1.686,1.726,-0.2013,0.154
61.733,5,-2.683,-5.701,1.8165,1.694,1.726,-0.1893,0.149
61.783,5,-2.702,-5.604,1.7525,1.721,1.764,-0.1922,0.148
61.833,5,-2.713,-5.527,1.7135,1.731,1.803,-0.1824,0.162
61.884,5,-2.721,-5.437,1.652,1.791,1.842,-0.1664,0.176
61.933,5,-2.725,-5.352,1.6077,1.808,1.879,-0.1563,0.188
61.984,5,-2.725,-5.247,1.5612,1.846,1.914,-0.1592,0.198
62.034,5,-2.721,-5.159,1.5197,1.889,1.946,-0.1565,0.213
62.083,5,-2.711,-5.041,1.4706,1.918,1.977,-0.1314,0.246
62.134,5,-2.699,-4.955,1.4371,1.946,2.006,-0.1316,0.281
62.184,5,-2.683,-4.861,1.3945,1.984,2.034,-0.1198,0.317
62.234,5,-2.661,-4.755,1.3587,2.011,2.034,-0.1199,0.359
62.284,5,-2.639,-4.666,1.3271,2.036,2.09,-0.112,0.402
62.334,5,-2.616,-4.583,1.3023,2.054,2.09,-0.0996,0.444
62.384,5,-2.579,-4.468,1.2552,2.093,2.149,-0.1055,0.483
62.433,5,-2.542,-4.362,1.2205,2.122,2.181,-0.0926,0.473
62.483,5,-2.494,-4.242,1.1839,2.167,2.214,-0.0766,0.463
62.533,5,-2.452,-4.143,1.1599,2.21,2.248,-0.0651,0.453
62.584,5,-2.41,-4.052,1.1406,2.244,2.282,-0.0549,0.446
62.633,5,-2.373,-3.974,1.1248,2.277,2.315,-0.0425,0.439
62.683,5,-2.303,-3.833,1.1031,2.325,2.381,-0.0255,0.432
62.734,5,-2.254,-3.739,1.0949,2.362,2.381,-0.022,0.425
62.784,5,-2.2,-3.635,1.0867,2.387,2.445,-0.0043,0.418
62.834,5,-2.146,-3.533,1.083,2.425,2.477,0.0043,0.412
62.883,5,-2.094,-3.436,1.083,2.448,2.509,0.0172,0.404
62.933,5,-2.041,-3.334,1.0884,2.497,2.571,0.043,0.394
62.983,5,-1.969,-3.194,1.1018,2.546,2.601,0.0517,0.379
63.033,5,-1.922,-3.1,1.1171,2.58,2.632,0.0615,0.361
63.084,5,-1.861,-2.97,1.141,2.615,2.662,0.07,0.338
63.134,5,-1.812,-2.857,1.1594,2.633,2.721,0.0819,0.312
63.184,5,-1.756,-2.721,1.1921,2.68,2.746,0.0905,0.279
63.234,5,-1.706,-2.583,1.2289,2.724,2.771,0.0862,0.241
63.286,5,-1.675,-2.489,1.261,2.755,2.805,0.0838,0.198
63.333,5,-1.627,-2.323,1.3009,2.791,2.818,0.0776,0.156
63.384,5,-1.592,-2.185,1.3294,2.806,2.829,0.0733,0.111
63.434,5,-1.564,-2.058,1.3635,2.827,2.845,0.0776,0.093
63.483,5,-1.535,-1.896,1.4014,2.842,2.851,0.0783,0.084
63.533,5,-1.516,-1.769,1.4285,2.851,2.86,0.0876,0.08
63.583,5,-1.504,-1.67,1.4557,2.858,2.864,0.0796,0.088
63.633,5,-1.488,-1.476,1.5004,2.866,2.872,0.0905,0.093
63.684,5,-1.482,-1.35,1.5318,2.871,2.876,0.084,0.108
63.734,5,-1.481,-1.215,1.5656,2.877,2.885,0.0862,0.13
63.783,5,-1.485,-1.056,1.6081,2.883,2.889,0.075,0.149
63.834,5,-1.491,-0.958,1.631,2.888,2.894,0.0702,0.164
63.883,5,-1.509,-0.765,1.6723,2.898,2.904,0.0733,0.178
63.933,5,-1.527,-0.621,1.7027,2.904,2.91,0.069,0.208
63.984,5,-1.548,-0.492,1.7337,2.911,2.921,0.0738,0.238
64.034,5,-1.577,-0.337,1.7683,2.92,2.928,0.0647,0.268
64.083,5,-1.607,-0.206,1.7986,2.928,2.94,0.0648,0.293
64.133,5,-1.643,-0.064,1.8274,2.938,2.946,0.0623,0.314
64.185,5,-1.684,0.078,1.8562,2.946,2.957,0.0388,0.331
64.235,5,-1.722,0.202,1.877,2.954,2.962,0.0259,0.344
64.284,5,-1.775,0.362,1.8929,2.965,2.971,0.0086,0.354
64.333,5,-1.818,0.489,1.9001,2.971,2.976,-0.0,0.359
64.384,5,-1.873,0.646,1.9021,2.979,3.025,-0.0221,0.361
64.433,5,-1.928,0.808,1.8955,3.008,3.051,-0.0302,0.361
64.484,5,-1.964,0.917,1.8883,3.022,3.096,-0.0539,0.363
64.533,5,-2.011,1.066,1.8702,3.059,3.115,-0.0581,0.365
64.584,5,-2.052,1.208,1.8458,3.087,3.084,-0.0603,0.371
64.633,5,-2.087,1.343,1.8179,3.098,3.052,-0.0517,0.404
64.684,5,-2.125,1.509,1.7907,3.092,2.986,-0.056,0.408
64.735,5,-2.153,1.646,1.7672,3.047,2.915,-0.0576,0.404
64.784,5,-2.184,1.816,1.7419,3.009,2.878,-0.0474,0.397
64.834,5,-2.202,1.93,1.7292,2.972,2.838,-0.0434,0.39
64.883,5,-2.222,2.074,1.702,2.892,2.756,-0.0431,0.378
64.933,5,-2.244,2.266,1.6788,2.82,2.713,-0.0388,0.364
64.984,5,-2.257,2.398,1.6603,2.751,2.622,-0.0431,0.349
65.034,5,-2.266,2.517,1.645,2.693,2.573,-0.0494,0.337
65.083,5,-2.273,2.632,1.6274,2.622,2.474,-0.0611,0.325
65.133,5,-2.278,2.759,1.6095,2.568,2.423,-0.056,0.311
65.184,5,-2.281,2.884,1.5862,2.496,2.369,-0.0605,0.294
65.234,5,-2.281,3.021,1.5624,2.424,2.259,-0.0686,0.275
65.284,5,-2.279,3.125,1.5437,2.341,2.202,-0.0725,0.254
65.333,5,-2.272,3.257,1.5159,2.257,2.141,-0.0762,0.229
65.384,5,-2.263,3.381,1.4921,2.219,2.08,-0.0844,0.209
65.433,5,-2.254,3.478,1.4707,2.148,2.015,-0.1019,0.195
65.484,5,-2.239,3.598,1.4346,2.058,1.95,-0.1182,0.178
65.534,5,-2.225,3.685,1.4089,2.001,1.888,-0.1204,0.165
65.583,5,-2.203,3.796,1.3655,1.908,1.828,-0.1315,0.155
65.634,5,-2.184,3.878,1.337,1.863,1.775,-0.1436,0.148
65.684,5,-2.163,3.954,1.3028,1.796,1.725,-0.1669,0.143
65.733,5,-2.14,4.029,1.2644,1.758,1.682,-0.1808,0.141
65.783,5,-2.106,4.126,1.2191,1.706,1.64,-0.1898,0.14
65.833,5,-2.074,4.205,1.1746,1.663,1.64,-0.1912,0.135
65.884,5,-2.05,4.257,1.1352,1.643,1.603,-0.1766,0.133
65.933,5,-2.002,4.35,1.0806,1.615,1.567,-0.1885,0.139
65.983,5,-1.965,4.412,1.0377,1.574,1.533,-0.2265,0.145
66.034,5,-1.918,4.484,0.9812,1.532,1.501,-0.2269,0.147
66.084,5,-1.877,4.541,0.9287,1.502,1.472,-0.2276,0.14
66.133,5,-1.832,4.596,0.881,1.483,1.445,-0.2576,0.136
66.184,5,-1.778,4.656,0.8282,1.455,1.445,-0.2452,0.134
66.234,5,-1.732,4.703,0.7847,1.443,1.423,-0.2564,0.138
66.286,5,-1.686,4.745,0.7364,1.421,1.405,-0.2702,0.134
66.334,5,-1.639,4.784,0.6839,1.409,1.391,-0.2813,0.127
66.384,5,-1.569,4.835,0.6273,1.4,1.391,-0.2553,0.123
66.435,5,-1.524,4.865,0.5741,1.39,1.381,-0.2676,0.124
66.483,5,-1.458,4.903,0.5112,1.376,1.376,-0.2826,0.129
66.534,5,-1.407,4.929,0.4714,1.372,1.376,-0.2548,0.132
66.584,5,-1.329,4.964,0.3981,1.372,1.376,-0.2663,0.124
66.633,5,-1.279,4.982,0.3632,1.368,1.381,-0.2926,0.113
66.684,5,-1.222,5.001,0.3137,1.367,1.381,-0.2784,0.109
66.734,5,-1.153,5.019,0.2432,1.373,1.392,-0.2664,0.1
66.789,5,-1.094,5.03,0.1961,1.378,1.408,-0.2782,0.099
66.837,5,-1.005,5.042,0.1132,1.391,1.425,-0.3022,0.107
66.883,5,-0.93,5.046,0.0504,1.401,1.425,-0.271,0.11
66.934,5,-0.867,5.046,-0.0046,1.415,1.442,-0.2555,0.109
66.984,5,-0.793,5.042,-0.0645,1.434,1.455,-0.2559,0.111
67.033,5,-0.724,5.034,-0.1217,1.444,1.459,-0.2578,0.108
67.084,5,-0.647,5.021,-0.1807,1.453,1.459,-0.238,0.102
67.133,5,-0.596,5.009,-0.2163,1.457,1.456,-0.221,0.099
67.183,5,-0.525,4.99,-0.2759,1.458,1.45,-0.222,0.101
67.234,5,-0.456,4.968,-0.3194,1.456,1.449,-0.2268,0.099
67.283,5,-0.368,4.934,-0.3808,1.451,1.486,-0.1998,0.096
67.333,5,-0.314,4.91,-0.423,1.471,1.486,-0.1738,0.111
67.383,5,-0.251,4.879,-0.4586,1.49,1.533,-0.2021,0.128
67.434,5,-0.173,4.837,-0.5067,1.514,1.583,-0.1987,0.144
67.485,5,-0.113,4.801,-0.5431,1.537,1.583,-0.1796,0.159
67.533,5,-0.041,4.754,-0.5927,1.583,1.634,-0.202,0.173
67.584,5,0.019,4.71,-0.6349,1.623,1.685,-0.1761,0.186
67.633,5,0.071,4.669,-0.6657,1.662,1.736,-0.204,0.197
67.684,5,0.164,4.587,-0.7433,1.707,1.785,-0.1813,0.204
67.734,5,0.197,4.555,-0.7641,1.733,1.785,-0.1665,0.204
67.783,5,0.284,4.463,-0.8268,1.788,1.831,-0.1664,0.196
67.833,5,0.317,4.425,-0.8551,1.809,1.871,-0.1793,0.193
67.884,5,0.389,4.334,-0.9184,1.864,1.943,-0.1676,0.191
67.933,5,0.452,4.244,-0.976,1.917,1.943,-0.1574,0.199
67.985,5,0.491,4.184,-1.0122,1.94,1.975,-0.1321,0.222
68.034,5,0.546,4.089,-1.0582,1.976,2.005,-0.1326,0.244
68.084,5,0.589,4.007,-1.09,2.003,2.033,-0.1199,0.266
68.134,5,0.629,3.924,-1.1315,2.033,2.06,-0.1202,0.285
68.183,5,0.679,3.807,-1.1754,2.062,2.084,-0.1044,0.301
68.234,5,0.711,3.725,-1.207,2.084,2.131,-0.1017,0.321
68.284,5,0.747,3.624,-1.2351,2.116,2.131,-0.0887,0.358
68.334,5,0.775,3.537,-1.2605,2.136,2.154,-0.0836,0.393
68.384,5,0.81,3.415,-1.2969,2.159,2.201,-0.0754,0.426
68.434,5,0.831,3.334,-1.3147,2.177,2.201,-0.0629,0.409
68.483,5,0.863,3.197,-1.3475,2.21,2.222,-0.0673,0.382
68.533,6,0.885,3.095,-1.3663,2.224,2.282,-0.0632,0.357
68.584,6,0.908,2.974,-1.3875,2.256,2.314,-0.0653,0.333
68.634,6,0.925,2.868,-1.4068,2.294,2.345,-0.0641,0.31
68.684,6,0.941,2.759,-1.4287,2.336,2.377,-0.0597,0.291
68.734,6,0.958,2.62,-1.4553,2.378,2.41,-0.0469,0.274
68.783,6,0.969,2.51,-1.4733,2.409,2.441,-0.0491,0.258
68.836,6,0.979,2.396,-1.4896,2.438,2.504,-0.0471,0.244
68.884,6,0.988,2.258,-1.512,2.49,2.535,-0.043,0.231
68.934,6,0.992,2.167,-1.5233,2.514,2.565,-0.0388,0.219
68.984,6,0.997,2.045,-1.5382,2.553,2.625,-0.0388,0.21
69.033,6,0.999,1.911,-1.5533,2.589,2.655,-0.0347,0.201
69.085,6,1.0,1.785,-1.5665,2.628,2.685,-0.0263,0.193
69.134,6,1.0,1.65,-1.5787,2.659,2.714,-0.0183,0.187
69.184,6,0.997,1.488,-1.5895,2.706,2.772,-0.0086,0.19
69.234,6,0.994,1.359,-1.5946,2.751,2.801,-0.0,0.191
69.284,6,0.99,1.214,-1.596,2.792,2.858,0.0055,0.191
69.333,6,0.987,1.107,-1.5957,2.817,2.886,0.0097,0.192
69.384,6,0.984,0.962,-1.5934,2.852,2.914,0.0086,0.194
69.434,6,0.981,0.815,-1.5894,2.888,2.969,0.0172,0.196
69.483,6,0.978,0.628,-1.5843,2.929,2.996,0.0225,0.196
69.534,6,0.977,0.501,-1.578,2.956,3.049,0.0259,0.193
69.584,6,0.978,0.375,-1.5689,2.995,3.076,0.0259,0.187
69.637,6,0.979,0.236,-1.5585,3.029,3.102,0.0304,0.183
69.684,6,0.984,0.033,-1.5417,3.08,3.153,0.031,0.168
69.734,6,0.99,-0.106,-1.5305,3.109,3.204,0.0233,0.155
69.783,6,0.998,-0.273,-1.5189,3.155,3.229,0.0129,0.141
69.833,6,1.007,-0.411,-1.5098,3.197,3.279,0.0043,0.126
69.884,6,1.02,-0.608,-1.5038,3.244,3.303,0.0,0.112
69.934,6,1.029,-0.748,-1.5022,3.273,3.352,-0.0,0.098
69.983,6,1.042,-0.934,-1.5022,3.329,3.4,-0.0098,0.085
70.034,6,1.051,-1.068,-1.5036,3.355,3.424,-0.0178,0.072
70.083,6,1.063,-1.268,-1.5118,3.407,3.472,-0.0261,0.062
70.134,6,1.071,-1.419,-1.5223,3.436,3.518,-0.0259,0.055
70.183,6,1.079,-1.627,-1.5373,3.483,3.563,-0.0302,0.051
70.233,6,1.082,-1.743,-1.5465,3.509,3.586,-0.0302,0.05
70.283,6,1.084,-1.977,-1.5693,3.564,3.629,-0.0302,0.053
70.334,6,1.082,-2.153,-1.5852,3.596,3.64,-0.0345,0.058
70.383,6,1.077,-2.338,-1.6021,3.623,3.582,-0.0396,0.061
70.433,6,1.069,-2.518,-1.6215,3.611,3.524,-0.0449,0.074
70.484,6,1.059,-2.675,-1.6402,3.581,3.467,-0.0431,0.095
70.534,6,1.045,-2.834,-1.6627,3.533,3.437,-0.0402,0.118
70.583,6,1.028,-2.995,-1.6812,3.497,3.377,-0.044,0.144
70.634,6,1.006,-3.166,-1.7008,3.453,3.313,-0.0431,0.172
70.684,6,0.981,-3.338,-1.7253,3.391,3.246,-0.0431,0.202
70.735,6,0.953,-3.503,-1.7445,3.338,3.211,-0.0388,0.242
70.785,6,0.922,-3.665,-1.7658,3.278,3.138,-0.0352,0.29
70.833,6,0.882,-3.851,-1.7876,3.208,3.061,-0.0345,0.341
70.884,6,0.841,-4.027,-1.8037,3.136,3.022,-0.0302,0.386
70.933,6,0.807,-4.164,-1.8173,3.08,2.981,-0.0302,0.416
70.983,6,0.763,-4.331,-1.8369,3.004,2.896,-0.0389,0.447
71.034,6,0.734,-4.431,-1.8481,2.962,2.807,-0.0345,0.479
71.084,6,0.683,-4.603,-1.8665,2.877,2.761,-0.0406,0.514
71.134,6,0.652,-4.701,-1.876,2.839,2.665,-0.0525,0.536
71.184,6,0.604,-4.845,-1.8968,2.753,2.615,-0.0474,0.56
71.233,6,0.552,-4.99,-1.9192,2.691,2.565,-0.0517,0.586
71.284,6,0.508,-5.105,-1.9407,2.612,2.459,-0.0649,0.613
71.334,6,0.457,-5.23,-1.9621,2.529,2.403,-0.0603,0.643
71.384,6,0.413,-5.333,-1.9791,2.486,2.345,-0.0652,0.682
71.433,6,0.355,-5.459,-2.0068,2.385,2.286,-0.0655,0.727
71.483,6,0.31,-5.551,-2.029,2.321,2.16,-0.0894,0.737
71.533,6,0.25,-5.666,-2.0627,2.213,2.092,-0.0889,0.723
71.584,6,0.202,-5.752,-2.0856,2.178,2.029,-0.0967,0.713
71.633,6,0.155,-5.831,-2.1121,2.084,1.974,-0.0961,0.705
71.686,6,0.094,-5.926,-2.1471,2.002,1.923,-0.1085,0.693
71.734,6,0.044,-5.998,-2.176,1.949,1.878,-0.1091,0.676
71.784,6,-0.021,-6.087,-2.2133,1.896,1.834,-0.1191,0.658
71.833,6,-0.073,-6.153,-2.2431,1.858,1.794,-0.1346,0.645
71.884,6,-0.124,-6.214,-2.2726,1.815,1.756,-0.1563,0.633
71.934,6,-0.191,-6.287,-2.3216,1.767,1.719,-0.1543,0.622
71.983,6,-0.262,-6.358,-2.3656,1.747,1.684,-0.1704,0.613
72.034,6,-0.298,-6.392,-2.3834,1.726,1.65,-0.1902,0.594
72.083,6,-0.384,-6.467,-2.4406,1.669,1.619,-0.2016,0.573
72.133,6,-0.449,-6.517,-2.4894,1.634,1.619,-0.1915,0.554
72.183,6,-0.507,-6.558,-2.5306,1.621,1.588,-0.192,0.537
72.235,6,-0.567,-6.597,-2.5733,1.596,1.558,-0.2257,0.523
72.284,6,-0.629,-6.633,-2.6248,1.562,1.53,-0.2232,0.509
72.334,6,-0.707,-6.673,-2.6836,1.541,1.504,-0.2275,0.498
72.385,6,-0.781,-6.705,-2.7323,1.528,1.504,-0.2107,0.48
72.433,6,-0.848,-6.731,-2.7822,1.507,1.46,-0.2716,0.456
72.484,6,-0.926,-6.757,-2.8408,1.463,1.46,-0.2588,0.428
72.533,6,-0.991,-6.774,-2.8857,1.455,1.444,-0.2622,0.398
72.583,6,-1.054,-6.787,-2.9358,1.442,1.432,-0.2609,0.368
72.633,6,-1.117,-6.798,-2.9909,1.434,1.432,-0.237,0.336
72.685,6,-1.188,-6.805,-3.0408,1.431,1.424,-0.2324,0.304
72.733,6,-1.259,-6.809,-3.0952,1.427,1.419,-0.2472,0.282
72.785,6,-1.339,-6.81,3.131,1.422,1.417,-0.2481,0.263
72.833,6,-1.408,-6.806,3.088,1.416,1.417,-0.2325,0.246
72.884,6,-1.494,-6.797,3.0257,1.416,1.422,-0.2321,0.233
72.933,6,-1.542,-6.79,2.9858,1.419,1.429,-0.2321,0.216
72.984,6,-1.614,-6.775,2.9336,1.424,1.442,-0.2557,0.199
73.034,6,-1.676,-6.76,2.8853,1.428,1.442,-0.2348,0.191
73.084,6,-1.757,-6.734,2.8275,1.439,1.46,-0.2383,0.173
73.134,6,-1.821,-6.71,2.779,1.452,1.481,-0.209,0.165
73.183,6,-1.897,-6.677,2.7137,1.464,1.503,-0.2329,0.16
73.233,6,-1.954,-6.649,2.6767,1.484,1.503,-0.2115,0.157
73.284,6,-2.028,-6.607,2.6192,1.504,1.525,-0.2219,0.158
73.333,6,-2.091,-6.568,2.5702,1.52,1.546,-0.234,0.153
73.384,6,-2.151,-6.526,2.5173,1.539,1.567,-0.2259,0.149
73.433,6,-2.218,-6.472,2.4595,1.554,1.586,-0.2471,0.149
73.484,6,-2.273,-6.424,2.4053,1.574,1.586,-0.2252,0.155
73.533,6,-2.329,-6.368,2.3546,1.585,1.604,-0.238,0.157
73.584,6,-2.372,-6.322,2.3039,1.596,1.622,-0.2357,0.153
73.634,6,-2.429,-6.253,2.2421,1.61,1.638,-0.2598,0.153
73.684,6,-2.484,-6.175,2.1719,1.627,1.652,-0.2646,0.159
73.734,6,-2.509,-6.136,2.1443,1.632,1.652,-0.2364,0.163
73.784,6,-2.557,-6.052,2.0633,1.644,1.665,-0.2369,0.162
73.833,6,-2.598,-5.964,1.9952,1.662,1.674,-0.2161,0.166
73.884,6,-2.63,-5.882,1.9332,1.676,1.684,-0.201,0.17
73.934,6,-2.654,-5.811,1.8918,1.685,1.699,-0.2012,0.161
73.985,6,-2.676,-5.734,1.8355,1.698,1.726,-0.2014,0.154
74.033,6,-2.697,-5.641,1.7786,1.719,1.764,-0.2167,0.15
74.085,6,-2.71,-5.565,1.7406,1.728,1.764,-0.1949,0.155
74.135,6,-2.72,-5.489,1.6944,1.758,1.803,-0.166,0.17
74.184,6,-2.728,-5.386,1.6355,1.801,1.842,-0.1665,0.184
74.234,6,-2.731,-5.3,1.5919,1.834,1.879,-0.1572,0.196
74.284,6,-2.73,-5.218,1.5539,1.871,1.914,-0.1588,0.206
74.333,6,-2.723,-5.105,1.5002,1.905,1.946,-0.1578,0.228
74.384,6,-2.713,-5.01,1.4609,1.921,1.977,-0.1314,0.263
74.433,6,-2.704,-4.942,1.4265,1.963,2.006,-0.1338,0.299
74.484,6,-2.684,-4.83,1.3794,2.003,2.034,-0.1199,0.336
74.534,6,-2.664,-4.741,1.3446,2.033,2.062,-0.1202,0.379
74.584,6,-2.635,-4.629,1.3033,2.045,2.09,-0.1043,0.421
74.633,6,-2.606,-4.534,1.2703,2.084,2.119,-0.1018,0.462
74.684,6,-2.569,-4.424,1.2392,2.101,2.149,-0.1013,0.478
74.734,6,-2.54,-4.346,1.2184,2.122,2.181,-0.0835,0.466
74.784,6,-2.488,-4.218,1.1786,2.181,2.214,-0.0713,0.456
74.834,6,-2.458,-4.149,1.1616,2.195,2.248,-0.0676,0.448
74.884,6,-2.407,-4.038,1.1354,2.242,2.282,-0.0518,0.441
74.934,6,-2.349,-3.92,1.1106,2.274,2.315,-0.0422,0.436
74.984,6,-2.296,-3.815,1.0935,2.316,2.381,-0.0232,0.431
75.033,6,-2.235,-3.7,1.0834,2.361,2.413,-0.0085,0.425
75.084,6,-2.186,-3.608,1.0778,2.387,2.445,0.0,0.42
75.133,6,-2.142,-3.527,1.0774,2.432,2.477,0.0144,0.413
75.183,6,-2.075,-3.403,1.0816,2.475,2.54,0.0361,0.404
75.234,6,-2.028,-3.312,1.0877,2.506,2.571,0.049,0.391
75.284,6,-1.957,-3.174,1.1037,2.544,2.601,0.0517,0.376
75.335,6,-1.906,-3.068,1.1225,2.576,2.632,0.0617,0.356
75.384,6,-1.854,-2.957,1.1443,2.617,2.692,0.0781,0.331
75.434,6,-1.805,-2.843,1.1695,2.65,2.721,0.0823,0.302
75.483,6,-1.743,-2.688,1.1991,2.689,2.746,0.0819,0.268
75.534,6,-1.697,-2.558,1.233,2.725,2.771,0.0827,0.229
75.583,6,-1.658,-2.437,1.2674,2.756,2.805,0.083,0.188
75.635,6,-1.627,-2.328,1.2901,2.777,2.818,0.0828,0.147
75.684,6,-1.587,-2.17,1.3333,2.809,2.838,0.0869,0.103
75.733,6,-1.56,-2.04,1.3666,2.822,2.845,0.0779,0.09
75.784,6,-1.536,-1.909,1.3988,2.838,2.856,0.0819,0.083
75.833,6,-1.511,-1.732,1.4389,2.851,2.86,0.0862,0.082
75.883,6,-1.5,-1.635,1.4632,2.858,2.864,0.0781,0.09
75.935,6,-1.489,-1.49,1.499,2.865,2.872,0.0879,0.093
75.984,6,-1.481,-1.297,1.5454,2.873,2.88,0.0905,0.115
76.034,6,-1.482,-1.151,1.5827,2.879,2.885,0.0867,0.136
76.084,6,-1.487,-1.018,1.613,2.885,2.889,0.069,0.154
76.134,6,-1.497,-0.877,1.6489,2.893,2.899,0.075,0.169
76.183,6,-1.507,-0.767,1.6726,2.897,2.904,0.0702,0.188
76.234,6,-1.53,-0.592,1.711,2.907,2.916,0.0776,0.218
76.283,6,-1.552,-0.46,1.7389,2.913,2.921,0.069,0.248
76.333,6,-1.575,-0.342,1.7611,2.918,2.928,0.069,0.277
76.385,6,-1.611,-0.179,1.7982,2.927,2.94,0.0704,0.301
76.434,6,-1.658,-0.001,1.8409,2.938,2.952,0.0603,0.322
76.484,6,-1.698,0.132,1.8649,2.947,2.957,0.0431,0.338
76.533,6,-1.741,0.267,1.8882,2.961,2.967,0.0262,0.35
76.584,6,-1.797,0.43,1.9042,2.97,2.971,0.0,0.358
76.633,6,-1.824,0.506,1.9065,2.974,3.0,-0.0129,0.361
76.684,6,-1.889,0.695,1.9017,2.991,3.025,-0.0216,0.361
76.735,6,-1.938,0.84,1.8934,3.014,3.077,-0.0388,0.362
76.783,6,-1.978,0.965,1.8818,3.042,3.096,-0.0474,0.364
76.834,6,-2.026,1.121,1.8578,3.08,3.1,-0.0603,0.367
76.883,6,-2.062,1.252,1.8378,3.099,3.084,-0.0562,0.376
76.934,6,-2.095,1.381,1.8146,3.104,3.02,-0.0622,0.412
76.985,6,-2.134,1.556,1.7834,3.08,2.986,-0.0474,0.405
77.034,6,-2.167,1.73,1.7512,3.04,2.915,-0.0517,0.399
77.083,6,-2.19,1.868,1.7298,2.99,2.878,-0.0452,0.391
77.134,6,-2.211,2.019,1.7075,2.922,2.798,-0.0316,0.381
77.185,6,-2.226,2.136,1.6941,2.878,2.756,-0.0302,0.371
77.234,6,-2.244,2.293,1.6779,2.803,2.667,-0.0431,0.358
77.283,6,-2.259,2.452,1.6592,2.731,2.622,-0.0474,0.344
77.334,6,-2.268,2.578,1.6406,2.664,2.525,-0.0561,0.333
77.383,6,-2.273,2.669,1.626,2.618,2.474,-0.056,0.321
77.434,6,-2.28,2.838,1.6011,2.531,2.423,-0.0582,0.307
77.483,6,-2.281,2.949,1.58,2.463,2.369,-0.056,0.289
77.535,6,-2.28,3.06,1.5602,2.409,2.259,-0.0685,0.269
77.584,6,-2.276,3.191,1.5322,2.314,2.202,-0.0739,0.247
77.634,6,-2.27,3.302,1.5091,2.25,2.141,-0.0806,0.222
77.685,6,-2.26,3.425,1.4831,2.188,2.08,-0.085,0.207
77.734,6,-2.25,3.52,1.461,2.121,2.015,-0.0964,0.191
77.784,6,-2.235,3.632,1.425,2.03,1.95,-0.1124,0.175
77.834,6,-2.22,3.716,1.3979,1.976,1.888,-0.12,0.163
77.884,6,-2.201,3.808,1.3616,1.909,1.828,-0.1316,0.153
77.934,6,-2.182,3.888,1.3311,1.862,1.775,-0.1468,0.146
77.983,6,-2.153,3.992,1.2843,1.792,1.725,-0.1692,0.142
78.033,6,-2.125,4.076,1.2436,1.743,1.682,-0.1666,0.141
78.084,6,-2.098,4.146,1.2013,1.693,1.64,-0.1897,0.137
78.135,6,-2.067,4.218,1.1563,1.648,1.603,-0.1888,0.133
78.185,6,-2.026,4.3,1.1005,1.628,1.567,-0.1886,0.133
78.233,6,-1.983,4.378,1.0502,1.584,1.533,-0.2296,0.14
78.283,6,-1.946,4.438,1.0172,1.571,1.533,-0.2126,0.144
78.335,6,-1.909,4.494,0.9753,1.538,1.501,-0.2108,0.143
78.383,6,-1.859,4.561,0.9158,1.505,1.472,-0.2254,0.137
78.433,6,-1.818,4.611,0.8774,1.481,1.445,-0.2574,0.134
78.484,6,-1.76,4.674,0.8164,1.454,1.423,-0.2689,0.135
78.534,6,-1.712,4.721,0.7643,1.426,1.423,-0.2444,0.138
78.583,6,-1.664,4.764,0.7124,1.421,1.405,-0.2558,0.132
78.634,6,-1.611,4.806,0.6619,1.404,1.391,-0.2707,0.126
78.684,6,-1.561,4.841,0.6099,1.386,1.381,-0.2785,0.123
78.734,6,-1.496,4.882,0.5469,1.377,1.381,-0.2575,0.126
78.784,6,-1.444,4.911,0.4996,1.377,1.376,-0.2665,0.13
78.839,6,-1.375,4.945,0.4377,1.373,1.376,-0.2832,0.132
78.883,6,-1.311,4.972,0.3854,1.373,1.381,-0.3066,0.121
78.933,6,-1.239,4.997,0.3269,1.366,1.381,-0.2828,0.111
78.983,6,-1.175,5.015,0.2656,1.373,1.392,-0.2903,0.104
79.033,6,-1.112,5.029,0.2082,1.379,1.408,-0.2899,0.101
79.084,6,-1.036,5.041,0.1419,1.391,1.408,-0.2795,0.106
79.135,6,-0.988,5.046,0.0982,1.399,1.425,-0.2818,0.111
79.185,6,-0.908,5.05,0.0302,1.415,1.442,-0.2799,0.113
79.233,6,-0.824,5.048,-0.0392,1.429,1.455,-0.281,0.113
79.284,6,-0.761,5.043,-0.0843,1.436,1.455,-0.256,0.115
79.333,6,-0.681,5.032,-0.154,1.45,1.459,-0.2445,0.11
79.384,6,-0.632,5.022,-0.1964,1.452,1.456,-0.2327,0.105
79.433,6,-0.552,5.002,-0.2531,1.458,1.456,-0.2231,0.104
79.484,6,-0.492,4.985,-0.2937,1.458,1.45,-0.2092,0.105
79.534,6,-0.411,4.956,-0.3494,1.456,1.449,-0.2092,0.102
79.583,6,-0.344,4.929,-0.3938,1.454,1.486,-0.1974,0.103
79.634,6,-0.275,4.897,-0.4388,1.474,1.486,-0.1867,0.12
79.684,6,-0.219,4.868,-0.4757,1.49,1.533,-0.1992,0.137
79.733,6,-0.142,4.824,-0.5253,1.532,1.583,-0.1865,0.153
79.783,6,-0.087,4.79,-0.563,1.574,1.634,-0.2047,0.167
79.834,6,-0.01,4.737,-0.6204,1.618,1.634,-0.1897,0.181
79.883,6,0.047,4.693,-0.6557,1.635,1.685,-0.1815,0.193
79.935,6,0.105,4.645,-0.6967,1.677,1.736,-0.1928,0.203
79.983,6,0.175,4.581,-0.7571,1.728,1.785,-0.1817,0.209
80.035,6,0.229,4.526,-0.7931,1.756,1.831,-0.1836,0.202
80.084,6,0.301,4.446,-0.8503,1.811,1.871,-0.1787,0.195
80.134,6,0.339,4.401,-0.8809,1.835,1.909,-0.1731,0.191
80.183,6,0.409,4.307,-0.9428,1.874,1.943,-0.1698,0.191
80.233,6,0.471,4.214,-0.9964,1.924,1.975,-0.1488,0.206
80.283,6,0.516,4.141,-1.0305,1.945,1.975,-0.1193,0.228
80.334,6,0.557,4.067,-1.0637,1.976,2.033,-0.132,0.25
80.384,6,0.61,3.963,-1.1116,2.015,2.06,-0.1371,0.272
80.434,6,0.647,3.882,-1.1474,2.044,2.084,-0.1132,0.29
80.484,6,0.683,3.796,-1.1776,2.073,2.108,-0.1098,0.305
80.533,6,0.728,3.679,-1.2185,2.102,2.131,-0.1,0.334
80.583,6,0.756,3.595,-1.2467,2.117,2.154,-0.0877,0.37
80.633,6,0.786,3.501,-1.2726,2.143,2.177,-0.0795,0.405
80.683,6,0.822,3.372,-1.3034,2.173,2.201,-0.0728,0.426
80.733,6,0.848,3.27,-1.3269,2.196,2.222,-0.0757,0.397
80.784,6,0.87,3.173,-1.3467,2.211,2.222,-0.0673,0.37
80.834,7,0.891,3.073,-1.3722,2.229,2.282,-0.059,0.347
80.883,7,0.912,2.96,-1.3927,2.27,2.314,-0.0608,0.324
80.935,7,0.929,2.853,-1.4121,2.299,2.345,-0.0551,0.303
80.983,7,0.948,2.724,-1.4342,2.34,2.41,-0.0595,0.283
81.034,7,0.962,2.606,-1.4556,2.382,2.441,-0.0611,0.266
81.083,7,0.975,2.469,-1.4776,2.415,2.473,-0.0616,0.251
81.135,7,0.984,2.357,-1.4972,2.452,2.504,-0.0471,0.238
81.184,7,0.99,2.243,-1.5186,2.497,2.565,-0.0485,0.227
81.234,7,0.995,2.127,-1.5349,2.534,2.595,-0.0391,0.218
81.284,7,0.999,1.978,-1.5528,2.579,2.625,-0.0302,0.209
81.335,7,1.0,1.879,-1.5609,2.594,2.655,-0.0259,0.201
81.383,7,1.0,1.745,-1.573,2.641,2.714,-0.0172,0.193
81.434,7,0.998,1.612,-1.5815,2.674,2.743,-0.015,0.188
81.483,7,0.996,1.474,-1.5878,2.719,2.772,-0.0095,0.19
81.533,7,0.992,1.287,-1.5938,2.759,2.83,-0.0,0.191
81.584,7,0.989,1.158,-1.5957,2.795,2.858,0.0044,0.191
81.633,7,0.986,1.028,-1.5951,2.843,2.886,0.0096,0.193
81.685,7,0.983,0.896,-1.592,2.875,2.942,0.0129,0.195
81.733,7,0.98,0.739,-1.5863,2.908,2.969,0.0172,0.196
81.785,7,0.979,0.592,-1.5808,2.941,3.023,0.0216,0.195
81.834,7,0.978,0.443,-1.5726,2.983,3.049,0.0216,0.191
81.884,7,0.979,0.28,-1.5602,3.034,3.076,0.0259,0.184
81.934,7,0.982,0.145,-1.5509,3.06,3.128,0.0272,0.175
81.984,7,0.986,0.003,-1.5369,3.106,3.179,0.0216,0.163
82.034,7,0.992,-0.145,-1.5258,3.143,3.229,0.0193,0.151
82.084,7,1.003,-0.347,-1.5156,3.176,3.254,0.014,0.137
82.134,7,1.011,-0.485,-1.5093,3.215,3.303,0.0062,0.123
82.184,7,1.021,-0.641,-1.5038,3.258,3.328,0.0,0.108
82.234,7,1.032,-0.789,-1.5019,3.296,3.376,-0.0043,0.094
82.284,7,1.043,-0.948,-1.5019,3.33,3.4,-0.0103,0.08
82.333,7,1.055,-1.129,-1.5044,3.369,3.448,-0.023,0.068
82.384,7,1.065,-1.282,-1.5102,3.401,3.495,-0.0305,0.058
82.433,7,1.076,-1.508,-1.5256,3.454,3.541,-0.036,0.052
82.485,7,1.082,-1.683,-1.5409,3.496,3.563,-0.0346,0.049
82.533,7,1.084,-1.806,-1.5558,3.532,3.607,-0.0317,0.051
82.584,7,1.085,-2.045,-1.5758,3.57,3.635,-0.0365,0.054
82.634,7,1.082,-2.21,-1.5921,3.603,3.64,-0.0302,0.058
82.684,7,1.074,-2.409,-1.6113,3.627,3.582,-0.0345,0.062
82.734,7,1.069,-2.514,-1.6244,3.612,3.524,-0.0345,0.071
82.784,7,1.051,-2.76,-1.6499,3.569,3.467,-0.0388,0.103
82.833,7,1.04,-2.88,-1.6635,3.538,3.408,-0.0431,0.127
82.884,7,1.021,-3.057,-1.6866,3.474,3.346,-0.0486,0.153
82.933,7,0.991,-3.281,-1.7142,3.409,3.313,-0.0442,0.181
82.983,7,0.967,-3.431,-1.7339,3.356,3.246,-0.0446,0.214
83.034,7,0.941,-3.574,-1.7532,3.31,3.175,-0.0345,0.257
83.084,7,0.912,-3.718,-1.7733,3.248,3.1,-0.0345,0.306
83.133,7,0.883,-3.854,-1.7825,3.219,3.1,-0.0314,0.331
83.184,7,0.837,-4.051,-1.8049,3.143,2.981,-0.0388,0.395
83.235,7,0.803,-4.186,-1.8199,3.098,2.939,-0.04,0.425
83.284,7,0.764,-4.333,-1.8343,3.034,2.852,-0.0483,0.456
83.333,7,0.723,-4.477,-1.8535,2.955,2.807,-0.0345,0.49
83.386,7,0.681,-4.613,-1.8706,2.893,2.713,-0.0446,0.521
83.433,7,0.637,-4.75,-1.8882,2.813,2.665,-0.0431,0.544
83.483,7,0.585,-4.901,-1.9078,2.73,2.565,-0.056,0.569
83.533,7,0.543,-5.017,-1.9238,2.658,2.512,-0.0569,0.595
83.585,7,0.492,-5.148,-1.9463,2.593,2.459,-0.056,0.623
83.634,7,0.454,-5.24,-1.9592,2.555,2.403,-0.0608,0.655
83.683,7,0.389,-5.389,-1.9908,2.445,2.286,-0.0732,0.698
83.734,7,0.354,-5.465,-2.0067,2.394,2.224,-0.0814,0.743
83.784,7,0.288,-5.598,-2.0403,2.284,2.16,-0.0806,0.732
83.833,7,0.234,-5.697,-2.0666,2.212,2.092,-0.09,0.721
83.886,7,0.188,-5.779,-2.0966,2.123,2.029,-0.098,0.712
83.933,7,0.146,-5.848,-2.1149,2.076,1.974,-0.096,0.704
83.984,7,0.069,-5.965,-2.1636,1.982,1.878,-0.1202,0.69
84.033,7,0.019,-6.036,-2.1913,1.923,1.878,-0.1079,0.671
84.083,7,-0.042,-6.116,-2.2254,1.89,1.834,-0.119,0.655
84.133,7,-0.101,-6.19,-2.258,1.852,1.794,-0.1329,0.643
84.184,7,-0.146,-6.242,-2.2875,1.811,1.756,-0.1426,0.631
84.234,7,-0.215,-6.316,-2.3326,1.768,1.719,-0.1544,0.622
84.283,7,-0.287,-6.386,-2.3822,1.718,1.684,-0.1677,0.609
84.334,7,-0.349,-6.441,-2.424,1.682,1.65,-0.1904,0.588
84.384,7,-0.395,-6.479,-2.457,1.658,1.619,-0.1889,0.567
84.433,7,-0.47,-6.535,-2.5133,1.626,1.588,-0.2059,0.548
84.484,7,-0.531,-6.577,-2.5503,1.618,1.558,-0.2366,0.532
84.533,7,-0.608,-6.623,-2.6072,1.571,1.558,-0.2162,0.518
84.583,7,-0.67,-6.656,-2.6517,1.557,1.53,-0.2112,0.506
84.633,7,-0.734,-6.687,-2.6979,1.535,1.504,-0.225,0.495
84.683,7,-0.808,-6.718,-2.7535,1.503,1.48,-0.2221,0.471
84.733,7,-0.86,-6.737,-2.7916,1.5,1.46,-0.2733,0.445
84.783,7,-0.938,-6.762,-2.8487,1.478,1.444,-0.2691,0.418
84.834,7,-1.022,-6.782,-2.9151,1.444,1.444,-0.2447,0.389
84.884,7,-1.087,-6.795,-2.9618,1.44,1.432,-0.2443,0.358
84.933,7,-1.139,-6.802,-2.9975,1.431,1.424,-0.2561,0.341
84.984,7,-1.241,-6.81,-3.0756,1.422,1.424,-0.2361,0.297
85.034,7,-1.292,-6.811,-3.1198,1.422,1.419,-0.2339,0.275
85.084,7,-1.377,-6.809,3.1016,1.419,1.417,-0.2321,0.257
85.133,7,-1.439,-6.805,3.0633,1.417,1.422,-0.2439,0.242
85.184,7,-1.502,-6.797,3.0201,1.416,1.422,-0.2331,0.228
85.235,7,-1.583,-6.783,2.9557,1.42,1.429,-0.2321,0.21
85.283,7,-1.654,-6.767,2.9058,1.426,1.442,-0.2475,0.194
85.333,7,-1.725,-6.746,2.8477,1.436,1.46,-0.2442,0.182
85.384,7,-1.79,-6.724,2.7983,1.444,1.46,-0.2207,0.172
85.435,7,-1.839,-6.705,2.762,1.457,1.481,-0.2127,0.165
85.484,7,-1.927,-6.665,2.7024,1.479,1.503,-0.2213,0.16
85.533,7,-1.992,-6.631,2.6494,1.499,1.525,-0.2336,0.159
85.584,7,-2.049,-6.598,2.6117,1.505,1.546,-0.2623,0.16
85.641,7,-2.069,-6.585,2.5956,1.512,1.546,-0.249,0.157
85.683,7,-2.175,-6.511,2.5005,1.538,1.546,-0.2342,0.152
85.733,7,-2.238,-6.46,2.4451,1.544,1.586,-0.2359,0.154
85.783,7,-2.295,-6.407,2.397,1.565,1.586,-0.2267,0.159
85.834,7,-2.351,-6.351,2.3421,1.581,1.604,-0.2386,0.16
85.885,7,-2.393,-6.304,2.2899,1.593,1.622,-0.2492,0.157
85.934,7,-2.442,-6.242,2.2367,1.609,1.638,-0.263,0.159
85.984,7,-2.496,-6.166,2.167,1.618,1.652,-0.2721,0.165
86.033,7,-2.538,-6.095,2.1018,1.629,1.665,-0.2483,0.167
86.084,7,-2.578,-6.02,2.0345,1.652,1.674,-0.2246,0.167
86.134,7,-2.608,-5.952,1.986,1.666,1.674,-0.2009,0.172
86.183,7,-2.636,-5.88,1.938,1.674,1.684,-0.2011,0.173
86.234,7,-2.667,-5.785,1.8742,1.685,1.699,-0.2012,0.163
86.284,7,-2.689,-5.702,1.8198,1.694,1.726,-0.2163,0.157
86.335,7,-2.702,-5.642,1.7758,1.713,1.764,-0.2017,0.155
86.383,7,-2.72,-5.529,1.7142,1.74,1.803,-0.1945,0.163
86.434,7,-2.725,-5.477,1.6826,1.761,1.842,-0.1927,0.177
86.484,7,-2.732,-5.362,1.6233,1.803,1.842,-0.1791,0.19
86.534,7,-2.733,-5.28,1.5768,1.831,1.879,-0.1465,0.201
86.584,7,-2.73,-5.186,1.5272,1.875,1.946,-0.1554,0.21
86.635,7,-2.723,-5.096,1.4863,1.913,1.946,-0.1313,0.237
86.684,7,-2.713,-5.01,1.4488,1.947,1.977,-0.1193,0.272
86.734,7,-2.7,-4.919,1.4139,1.968,2.006,-0.1195,0.308
86.784,7,-2.675,-4.79,1.3647,2.007,2.034,-0.1198,0.347
86.834,7,-2.653,-4.699,1.3344,2.026,2.062,-0.1201,0.39
86.884,7,-2.633,-4.624,1.3033,2.056,2.09,-0.1048,0.432
86.934,7,-2.6,-4.515,1.2671,2.083,2.119,-0.1017,0.472
86.984,7,-2.562,-4.407,1.2298,2.118,2.181,-0.0918,0.476
87.034,7,-2.533,-4.33,1.2089,2.138,2.181,-0.0797,0.471
87.084,7,-2.488,-4.221,1.1729,2.18,2.248,-0.0717,0.458
87.133,7,-2.434,-4.101,1.1408,2.211,2.248,-0.0588,0.451
87.184,7,-2.396,-4.022,1.1278,2.24,2.315,-0.0422,0.445
87.233,7,-2.338,-3.906,1.1049,2.277,2.348,-0.0254,0.44
87.284,7,-2.284,-3.801,1.0913,2.317,2.381,-0.0127,0.434
87.334,7,-2.225,-3.689,1.0829,2.355,2.413,-0.0043,0.427
87.383,7,-2.182,-3.609,1.0802,2.4,2.445,0.0055,0.42
87.433,7,-2.113,-3.48,1.0804,2.441,2.509,0.0214,0.413
87.487,7,-2.058,-3.375,1.0844,2.476,2.54,0.0344,0.403
87.534,7,-1.993,-3.251,1.0933,2.512,2.571,0.0474,0.391
87.584,7,-1.938,-3.142,1.1053,2.541,2.601,0.056,0.376
87.633,7,-1.878,-3.019,1.128,2.591,2.662,0.0776,0.355
87.686,7,-1.833,-2.918,1.152,2.624,2.692,0.0733,0.329
87.733,7,-1.772,-2.774,1.1844,2.67,2.721,0.0776,0.298
87.783,7,-1.721,-2.638,1.2167,2.702,2.771,0.0905,0.263
87.833,7,-1.681,-2.524,1.2444,2.739,2.789,0.0862,0.222
87.885,7,-1.643,-2.4,1.2786,2.776,2.818,0.0905,0.181
87.934,7,-1.605,-2.254,1.3201,2.802,2.818,0.0733,0.135
87.983,7,-1.572,-2.111,1.3555,2.82,2.838,0.069,0.099
88.034,7,-1.545,-1.969,1.3857,2.834,2.851,0.0871,0.089
88.084,7,-1.525,-1.846,1.4153,2.845,2.856,0.0776,0.083
88.133,7,-1.504,-1.681,1.4592,2.859,2.864,0.0865,0.085
88.184,7,-1.492,-1.544,1.4927,2.866,2.868,0.0733,0.091
88.234,7,-1.487,-1.458,1.5078,2.869,2.872,0.0733,0.093
88.285,7,-1.48,-1.255,1.5516,2.876,2.88,0.0862,0.121
88.335,7,-1.481,-1.148,1.5812,2.88,2.889,0.0862,0.142
88.384,7,-1.486,-1.016,1.6148,2.886,2.894,0.084,0.159
88.434,7,-1.499,-0.834,1.6569,2.895,2.899,0.0733,0.174
88.484,7,-1.517,-0.681,1.6985,2.903,2.91,0.069,0.196
88.534,7,-1.532,-0.578,1.7207,2.91,2.916,0.0659,0.226
88.584,7,-1.562,-0.411,1.7557,2.919,2.928,0.0733,0.255
88.633,7,-1.594,-0.257,1.7873,2.925,2.934,0.0647,0.283
88.685,7,-1.628,-0.117,1.816,2.935,2.94,0.0621,0.306
88.735,7,-1.664,0.013,1.8409,2.943,2.952,0.0529,0.325
88.785,7,-1.703,0.143,1.8652,2.95,2.962,0.0392,0.339
88.834,7,-1.744,0.27,1.884,2.961,2.967,0.0216,0.351
88.885,7,-1.798,0.43,1.9001,2.968,2.976,-0.0,0.359
88.934,7,-1.851,0.585,1.9052,2.976,3.0,-0.0086,0.361
88.986,7,-1.896,0.715,1.9034,2.982,3.051,-0.0302,0.361
89.034,7,-1.941,0.846,1.8947,3.015,3.077,-0.0474,0.362
89.084,7,-1.996,1.017,1.8756,3.053,3.115,-0.062,0.364
89.134,7,-2.039,1.165,1.8518,3.086,3.1,-0.0605,0.368
89.184,7,-2.075,1.3,1.8283,3.107,3.052,-0.056,0.384
89.234,7,-2.116,1.471,1.7965,3.086,3.02,-0.0474,0.41
89.284,7,-2.145,1.605,1.7754,3.051,2.986,-0.0483,0.404
89.335,7,-2.17,1.739,1.7541,3.018,2.915,-0.0486,0.399
89.386,7,-2.198,1.906,1.7277,2.954,2.838,-0.0452,0.393
89.434,7,-2.217,2.042,1.7102,2.907,2.798,-0.039,0.383
89.484,7,-2.236,2.197,1.6899,2.839,2.713,-0.0431,0.372
89.534,7,-2.248,2.3,1.6764,2.789,2.667,-0.048,0.358
89.585,7,-2.262,2.456,1.658,2.74,2.573,-0.0579,0.343
89.634,7,-2.271,2.577,1.6409,2.672,2.525,-0.056,0.334
89.684,7,-2.28,2.736,1.6167,2.585,2.474,-0.0614,0.322
89.734,7,-2.283,2.865,1.596,2.527,2.423,-0.056,0.306
89.784,7,-2.284,2.971,1.576,2.463,2.316,-0.0645,0.288
89.835,7,-2.282,3.112,1.5504,2.376,2.259,-0.0685,0.267
89.885,7,-2.279,3.193,1.5292,2.302,2.202,-0.0692,0.243
89.934,7,-2.271,3.321,1.5019,2.244,2.141,-0.0762,0.218
89.985,7,-2.26,3.449,1.4761,2.195,2.08,-0.0801,0.205
90.034,7,-2.249,3.545,1.4556,2.13,2.015,-0.0966,0.19
90.084,7,-2.236,3.643,1.424,2.045,1.888,-0.1346,0.175
90.134,7,-2.22,3.731,1.3964,1.986,1.828,-0.1578,0.164
90.184,7,-2.199,3.835,1.3493,1.869,1.775,-0.1563,0.154
90.233,7,-2.172,3.937,1.3011,1.802,1.725,-0.1799,0.148
90.285,7,-2.147,4.018,1.2624,1.761,1.682,-0.1791,0.144
90.333,7,-2.121,4.091,1.2291,1.714,1.682,-0.1539,0.143
90.384,7,-2.094,4.16,1.19,1.689,1.64,-0.1773,0.137
90.434,7,-2.064,4.226,1.1473,1.653,1.603,-0.1934,0.134
90.485,7,-2.025,4.306,1.0976,1.612,1.567,-0.1883,0.136
90.533,7,-1.99,4.369,1.0557,1.592,1.533,-0.2264,0.142
90.584,7,-1.951,4.433,1.026,1.576,1.533,-0.2116,0.145
90.634,7,-1.905,4.501,0.9695,1.539,1.501,-0.2109,0.142
90.684,7,-1.855,4.567,0.9169,1.508,1.472,-0.2224,0.137
90.734,7,-1.809,4.622,0.8639,1.485,1.445,-0.2623,0.134
90.784,7,-1.764,4.671,0.8131,1.444,1.423,-0.2713,0.136
90.834,7,-1.695,4.736,0.7441,1.425,1.423,-0.2486,0.137
90.885,7,-1.652,4.773,0.6984,1.419,1.405,-0.2496,0.129
90.933,7,-1.589,4.82,0.6376,1.404,1.391,-0.2555,0.123
90.986,7,-1.532,4.858,0.5833,1.387,1.381,-0.2796,0.121
91.034,7,-1.49,4.884,0.5383,1.378,1.381,-0.2432,0.126
91.084,7,-1.42,4.921,0.4763,1.378,1.376,-0.2548,0.129
91.134,7,-1.352,4.953,0.425,1.372,1.376,-0.2784,0.127
91.183,7,-1.296,4.975,0.3773,1.372,1.381,-0.2942,0.116
91.234,7,-1.245,4.993,0.3317,1.369,1.381,-0.2664,0.107
91.285,7,-1.16,5.016,0.2553,1.376,1.392,-0.2781,0.101
91.334,7,-1.093,5.031,0.2015,1.38,1.408,-0.303,0.1
91.383,7,-1.03,5.04,0.1449,1.39,1.425,-0.3058,0.106
91.435,7,-0.95,5.047,0.0738,1.406,1.425,-0.281,0.11
91.484,7,-0.887,5.048,0.0204,1.417,1.442,-0.2842,0.112
91.535,7,-0.819,5.046,-0.0437,1.432,1.455,-0.2675,0.113
91.584,7,-0.739,5.039,-0.1101,1.446,1.459,-0.2716,0.114
91.635,7,-0.689,5.032,-0.151,1.45,1.459,-0.2327,0.107
91.685,7,-0.596,5.012,-0.2149,1.46,1.456,-0.2329,0.102
91.734,7,-0.533,4.996,-0.2616,1.458,1.45,-0.2382,0.103
91.785,7,-0.47,4.976,-0.3063,1.457,1.45,-0.2117,0.104
91.834,7,-0.409,4.954,-0.3535,1.453,1.449,-0.2115,0.1
91.883,7,-0.317,4.915,-0.4187,1.457,1.486,-0.1893,0.107
91.935,7,-0.281,4.898,-0.4384,1.476,1.533,-0.2104,0.124
91.985,7,-0.187,4.849,-0.5017,1.518,1.533,-0.1892,0.14
92.034,7,-0.128,4.814,-0.5356,1.534,1.583,-0.187,0.156
92.085,7,-0.065,4.773,-0.5822,1.579,1.634,-0.2001,0.17
92.135,7,-0.009,4.734,-0.6205,1.612,1.685,-0.1928,0.183
92.189,7,0.065,4.676,-0.6748,1.66,1.736,-0.2047,0.194
92.234,7,0.112,4.636,-0.6873,1.67,1.736,-0.1924,0.203
92.285,7,0.186,4.567,-0.7691,1.732,1.785,-0.1536,0.206
92.334,7,0.241,4.51,-0.8118,1.778,1.831,-0.1662,0.197
92.385,7,0.313,4.428,-0.8621,1.825,1.871,-0.1801,0.191
92.433,7,0.37,4.356,-0.9073,1.857,1.909,-0.155,0.189
92.484,7,0.421,4.285,-0.9509,1.899,1.943,-0.1575,0.19
92.535,7,0.483,4.191,-1.0012,1.932,1.975,-0.1314,0.211
92.585,7,0.527,4.116,-1.0395,1.971,2.005,-0.1318,0.234
92.635,7,0.57,4.037,-1.0768,2.002,2.033,-0.1199,0.256
92.684,7,0.615,3.947,-1.113,2.017,2.06,-0.1201,0.276
92.734,7,0.661,3.845,-1.1491,2.039,2.084,-0.1125,0.293
92.784,7,0.694,3.765,-1.1872,2.064,2.108,-0.0998,0.31
92.834,7,0.738,3.648,-1.2241,2.101,2.131,-0.0959,0.344
92.884,7,0.771,3.547,-1.2538,2.117,2.154,-0.0918,0.381
92.934,7,0.799,3.455,-1.2818,2.151,2.177,-0.077,0.415
92.984,7,0.828,3.348,-1.3059,2.178,2.201,-0.0727,0.417
93.034,7,0.855,3.241,-1.3325,2.202,2.222,-0.0685,0.389
93.085,8,0.88,3.124,-1.3596,2.227,2.222,-0.0677,0.364
93.133,8,0.895,3.047,-1.3756,2.232,2.282,-0.0595,0.34
93.185,8,0.921,2.898,-1.405,2.278,2.314,-0.0612,0.318
93.234,8,0.937,2.796,-1.4237,2.306,2.377,-0.0647,0.298
93.285,8,0.951,2.687,-1.4417,2.342,2.41,-0.057,0.279
93.334,8,0.964,2.576,-1.462,2.38,2.441,-0.0512,0.262
93.385,8,0.975,2.466,-1.4792,2.413,2.473,-0.0513,0.247
93.434,8,0.987,2.297,-1.5029,2.465,2.535,-0.056,0.234
93.485,8,0.993,2.179,-1.5227,2.512,2.565,-0.0473,0.223
93.534,8,0.997,2.06,-1.538,2.547,2.595,-0.0403,0.213
93.584,8,0.999,1.962,-1.55,2.576,2.625,-0.0302,0.205
93.634,8,1.0,1.84,-1.5657,2.608,2.685,-0.0216,0.198
93.684,8,1.0,1.705,-1.577,2.653,2.714,-0.0182,0.19
93.734,8,0.998,1.571,-1.5846,2.688,2.743,-0.0086,0.189
93.786,8,0.995,1.402,-1.5915,2.736,2.772,-0.0087,0.191
93.834,8,0.992,1.294,-1.5952,2.765,2.83,0.0,0.191
93.885,8,0.989,1.157,-1.596,2.797,2.858,0.0062,0.191
93.934,8,0.985,1.016,-1.5952,2.836,2.914,0.0138,0.193
93.985,8,0.981,0.824,-1.5903,2.881,2.942,0.0129,0.195
94.034,8,0.98,0.742,-1.5868,2.908,2.996,0.0224,0.196
94.084,8,0.978,0.554,-1.578,2.957,3.049,0.0278,0.195
94.134,8,0.978,0.395,-1.5686,3.005,3.049,0.0216,0.189
94.184,8,0.979,0.261,-1.5588,3.037,3.102,0.0278,0.182
94.235,8,0.982,0.115,-1.5501,3.053,3.153,0.0302,0.173
94.284,8,0.988,-0.072,-1.5328,3.113,3.179,0.0259,0.161
94.334,8,0.997,-0.254,-1.5186,3.164,3.229,0.0129,0.147
94.384,8,1.005,-0.395,-1.5137,3.203,3.254,0.0086,0.134
94.434,8,1.014,-0.537,-1.5093,3.235,3.303,0.0043,0.12
94.484,8,1.024,-0.687,-1.5049,3.268,3.352,0.0,0.106
94.536,8,1.036,-0.871,-1.5027,3.31,3.376,-0.0,0.092
94.583,8,1.046,-1.021,-1.5025,3.34,3.424,-0.0086,0.078
94.634,8,1.059,-1.21,-1.5044,3.384,3.448,-0.0219,0.065
94.685,8,1.069,-1.371,-1.5115,3.424,3.495,-0.0313,0.056
94.734,8,1.076,-1.519,-1.5231,3.46,3.541,-0.0345,0.051
94.784,8,1.083,-1.753,-1.5465,3.511,3.586,-0.0345,0.049
94.834,8,1.085,-1.92,-1.5623,3.545,3.607,-0.032,0.051
94.884,8,1.084,-2.085,-1.5804,3.584,3.635,-0.0302,0.056
94.934,8,1.08,-2.251,-1.5975,3.614,3.613,-0.0302,0.059
94.984,8,1.073,-2.443,-1.6148,3.631,3.553,-0.0406,0.067
95.034,8,1.065,-2.583,-1.6282,3.61,3.495,-0.0431,0.087
95.083,8,1.055,-2.715,-1.6446,3.575,3.467,-0.0444,0.098
95.134,8,1.039,-2.895,-1.6627,3.547,3.408,-0.0479,0.122
95.186,8,1.02,-3.062,-1.686,3.501,3.377,-0.0431,0.148
95.234,8,0.988,-3.291,-1.7194,3.433,3.281,-0.0434,0.191
95.286,8,0.962,-3.441,-1.7379,3.393,3.246,-0.0393,0.228
95.334,8,0.931,-3.609,-1.7592,3.339,3.175,-0.0388,0.275
95.384,8,0.897,-3.769,-1.7803,3.267,3.1,-0.0302,0.3
95.434,8,0.858,-3.938,-1.8008,3.212,3.061,-0.0259,0.353
95.484,8,0.819,-4.094,-1.814,3.15,2.981,-0.0259,0.411
95.534,8,0.771,-4.28,-1.8297,3.06,2.896,-0.0345,0.442
95.584,8,0.742,-4.387,-1.8386,3.003,2.852,-0.0406,0.474
95.634,8,0.693,-4.556,-1.8571,2.911,2.807,-0.0348,0.508
95.684,8,0.662,-4.654,-1.8682,2.867,2.713,-0.0388,0.534
95.734,8,0.605,-4.831,-1.8885,2.816,2.665,-0.0474,0.545
95.786,8,0.572,-4.927,-1.9064,2.731,2.565,-0.0566,0.582
95.837,8,0.533,-5.033,-1.9189,2.694,2.512,-0.0573,0.595
95.885,8,0.48,-5.169,-1.9446,2.603,2.403,-0.0647,0.637
95.934,8,0.421,-5.312,-1.9722,2.511,2.345,-0.0793,0.673
95.985,8,0.379,-5.406,-1.9893,2.447,2.286,-0.075,0.717
96.033,8,0.336,-5.499,-2.0109,2.389,2.224,-0.0831,0.74
96.085,8,0.273,-5.622,-2.0472,2.276,2.092,-0.0934,0.725
96.134,8,0.216,-5.726,-2.0801,2.186,2.092,-0.0802,0.714
96.184,8,0.178,-5.79,-2.0968,2.134,1.974,-0.1006,0.71
96.235,8,0.103,-5.912,-2.1345,2.065,1.923,-0.1211,0.698
96.284,8,0.066,-5.967,-2.1569,2.005,1.878,-0.1202,0.682
96.334,8,0.018,-6.036,-2.1822,1.958,1.834,-0.1378,0.673
96.384,8,-0.062,-6.141,-2.2276,1.89,1.794,-0.1313,0.656
96.435,8,-0.106,-6.194,-2.2591,1.843,1.756,-0.1682,0.637
96.485,8,-0.177,-6.275,-2.3022,1.798,1.719,-0.1669,0.627
96.534,8,-0.243,-6.343,-2.3485,1.755,1.719,-0.159,0.617
96.584,8,-0.312,-6.408,-2.3927,1.722,1.684,-0.1538,0.601
96.635,8,-0.37,-6.459,-2.43,1.696,1.65,-0.1901,0.58
96.684,8,-0.419,-6.499,-2.468,1.656,1.619,-0.1889,0.562
96.735,8,-0.486,-6.548,-2.5104,1.634,1.588,-0.2055,0.545
96.784,8,-0.57,-6.603,-2.5752,1.587,1.558,-0.2361,0.53
96.834,8,-0.631,-6.639,-2.6148,1.565,1.53,-0.2406,0.517
96.884,8,-0.695,-6.672,-2.6635,1.539,1.504,-0.235,0.506
96.939,8,-0.74,-6.694,-2.6959,1.528,1.504,-0.2253,0.501
96.985,8,-0.847,-6.737,-2.7764,1.497,1.48,-0.2393,0.465
97.034,8,-0.896,-6.753,-2.8205,1.486,1.46,-0.2586,0.437
97.085,8,-0.989,-6.779,-2.898,1.453,1.444,-0.2568,0.406
97.134,8,-1.05,-6.791,-2.9399,1.442,1.444,-0.2328,0.377
97.184,8,-1.13,-6.804,-3.0007,1.435,1.432,-0.2326,0.346
97.234,8,-1.199,-6.811,-3.051,1.424,1.424,-0.2324,0.314
97.284,8,-1.248,-6.814,-3.0882,1.419,1.419,-0.2498,0.29
97.335,8,-1.325,-6.814,3.1372,1.412,1.417,-0.2438,0.27
97.384,8,-1.386,-6.812,3.0938,1.414,1.417,-0.2377,0.253
97.434,8,-1.477,-6.803,3.0325,1.412,1.422,-0.2466,0.238
97.485,8,-1.543,-6.793,2.9778,1.414,1.429,-0.2468,0.221
97.534,8,-1.607,-6.78,2.9354,1.419,1.442,-0.2583,0.203
97.585,8,-1.684,-6.76,2.8773,1.428,1.442,-0.2369,0.189
97.634,8,-1.745,-6.741,2.8301,1.437,1.46,-0.2469,0.177
97.685,8,-1.821,-6.712,2.7641,1.453,1.481,-0.2221,0.167
97.735,8,-1.886,-6.683,2.7164,1.474,1.503,-0.2211,0.161
97.784,8,-1.933,-6.66,2.6868,1.481,1.503,-0.2118,0.158
97.834,8,-2.018,-6.614,2.6276,1.501,1.525,-0.2338,0.158
97.884,8,-2.064,-6.585,2.5856,1.515,1.546,-0.234,0.154
97.934,8,-2.136,-6.537,2.5271,1.531,1.567,-0.2224,0.15
97.985,8,-2.204,-6.484,2.4672,1.555,1.567,-0.2132,0.148
98.034,8,-2.256,-6.439,2.4277,1.563,1.586,-0.2279,0.153
98.083,8,-2.323,-6.374,2.3588,1.579,1.604,-0.2403,0.157
98.134,8,-2.377,-6.316,2.3017,1.597,1.622,-0.2475,0.154
98.185,8,-2.424,-6.258,2.2509,1.603,1.638,-0.2656,0.153
98.234,8,-2.46,-6.211,2.2061,1.612,1.638,-0.236,0.158
98.285,8,-2.513,-6.13,2.1391,1.63,1.652,-0.2539,0.163
98.334,8,-2.552,-6.062,2.0822,1.636,1.665,-0.2606,0.162
98.385,8,-2.584,-5.998,2.0258,1.648,1.674,-0.2126,0.165
98.434,8,-2.62,-5.912,1.9566,1.67,1.684,-0.213,0.17
98.485,8,-2.645,-5.843,1.9126,1.672,1.699,-0.2131,0.164
98.534,8,-2.668,-5.77,1.8624,1.685,1.726,-0.2133,0.157
98.585,8,-2.694,-5.665,1.7981,1.707,1.726,-0.2018,0.152
98.634,8,-2.706,-5.603,1.7565,1.721,1.764,-0.1898,0.152
98.685,8,-2.722,-5.489,1.6947,1.758,1.803,-0.1841,0.168
98.734,8,-2.728,-5.412,1.6493,1.788,1.842,-0.1818,0.182
98.785,8,-2.731,-5.332,1.6045,1.827,1.879,-0.1607,0.194
98.834,8,-2.73,-5.239,1.5562,1.849,1.914,-0.1558,0.204
98.885,8,-2.725,-5.139,1.5114,1.882,1.946,-0.1433,0.219
98.933,8,-2.713,-5.025,1.4574,1.933,1.977,-0.1368,0.252
98.985,8,-2.701,-4.938,1.4241,1.964,2.006,-0.1365,0.287
99.033,8,-2.682,-4.83,1.3791,1.999,2.034,-0.1197,0.323
99.083,8,-2.662,-4.742,1.35,2.011,2.062,-0.12,0.366
99.135,8,-2.638,-4.647,1.3124,2.049,2.09,-0.1124,0.408
99.184,8,-2.607,-4.544,1.2773,2.075,2.119,-0.1039,0.45
99.235,8,-2.581,-4.463,1.249,2.103,2.149,-0.0964,0.483
99.284,8,-2.538,-4.345,1.2147,2.136,2.181,-0.0836,0.47
99.334,8,-2.499,-4.248,1.1873,2.168,2.214,-0.0799,0.46
99.384,8,-2.455,-4.145,1.1592,2.21,2.248,-0.0631,0.452
99.434,8,-2.409,-4.046,1.1366,2.241,2.282,-0.0505,0.445
99.485,8,-2.354,-3.931,1.1132,2.285,2.315,-0.0381,0.438
99.534,8,-2.316,-3.857,1.1029,2.31,2.381,-0.0258,0.432
99.584,8,-2.255,-3.738,1.0907,2.361,2.413,-0.0128,0.425
99.634,8,-2.191,-3.618,1.083,2.397,2.445,-0.0,0.419
99.685,8,-2.136,-3.516,1.0809,2.427,2.477,0.0101,0.413
99.737,8,-2.087,-3.422,1.0828,2.464,2.509,0.0172,0.404
99.785,8,-2.033,-3.321,1.0886,2.501,2.571,0.0431,0.393
99.833,8,-1.964,-3.185,1.103,2.549,2.601,0.0517,0.379
99.885,8,-1.904,-3.063,1.122,2.581,2.632,0.0618,0.361
99.934,8,-1.853,-2.954,1.1384,2.609,2.662,0.069,0.338
99.983,8,-1.807,-2.847,1.164,2.645,2.721,0.0819,0.31
100.035,8,-1.767,-2.748,1.1883,2.678,2.746,0.0819,0.276
100.083,8,-1.705,-2.58,1.2326,2.733,2.771,0.0776,0.237
100.135,8,-1.661,-2.444,1.2646,2.756,2.805,0.0862,0.197
100.185,8,-1.633,-2.348,1.2923,2.779,2.818,0.0783,0.156
100.235,8,-1.593,-2.193,1.3325,2.808,2.829,0.0733,0.109
100.285,8,-1.566,-2.069,1.3622,2.824,2.845,0.0776,0.092
100.334,8,-1.542,-1.941,1.3904,2.836,2.851,0.0778,0.084
100.385,8,-1.514,-1.758,1.4314,2.849,2.86,0.0926,0.081
100.435,8,-1.501,-1.654,1.456,2.854,2.864,0.0833,0.09
100.484,8,-1.485,-1.46,1.51,2.865,2.872,0.0819,0.095
100.535,8,-1.482,-1.383,1.5265,2.868,2.876,0.0821,0.11
100.585,8,-1.48,-1.233,1.5645,2.875,2.885,0.0906,0.132
100.634,8,-1.484,-1.058,1.605,2.88,2.889,0.0819,0.151
100.685,8,-1.494,-0.894,1.6489,2.888,2.899,0.082,0.167
100.734,8,-1.508,-0.758,1.6807,2.897,2.904,0.07,0.181
100.785,8,-1.525,-0.629,1.7027,2.901,2.916,0.0792,0.21
100.835,8,-1.542,-0.517,1.7278,2.908,2.921,0.0733,0.241
100.884,8,-1.578,-0.325,1.7683,2.919,2.928,0.069,0.27
100.934,8,-1.61,-0.185,1.7976,2.926,2.94,0.0733,0.296
100.984,8,-1.644,-0.052,1.8297,2.935,2.946,0.061,0.317
101.034,8,-1.685,0.093,1.8568,2.945,2.957,0.0449,0.334
101.084,8,-1.721,0.208,1.8784,2.952,2.962,0.0259,0.348
101.137,8,-1.775,0.368,1.8953,2.964,2.971,0.0086,0.357
101.185,8,-1.825,0.514,1.9035,2.97,2.976,-0.0,0.362
101.235,8,-1.873,0.652,1.9048,2.979,3.025,-0.0231,0.363
101.285,8,-1.928,0.814,1.8976,3.003,3.051,-0.0302,0.363
101.335,8,-1.97,0.941,1.8862,3.032,3.096,-0.0534,0.365
101.385,8,-2.01,1.069,1.8679,3.06,3.115,-0.0517,0.367
101.435,8,-2.048,1.203,1.8411,3.095,3.084,-0.056,0.373
101.485,8,-2.09,1.365,1.8156,3.102,3.052,-0.0533,0.408
101.534,8,-2.121,1.5,1.7914,3.086,2.986,-0.0517,0.405
101.584,8,-2.152,1.65,1.7698,3.054,2.952,-0.0496,0.402
101.634,8,-2.184,1.831,1.7394,2.995,2.878,-0.0523,0.395
101.685,8,-2.204,1.957,1.7212,2.952,2.798,-0.0445,0.387
101.735,8,-2.226,2.12,1.6987,2.863,2.756,-0.0437,0.376
101.786,8,-2.242,2.255,1.6821,2.815,2.667,-0.0474,0.364
101.834,8,-2.256,2.397,1.6648,2.751,2.667,-0.045,0.349
101.884,8,-2.268,2.551,1.6429,2.679,2.573,-0.0518,0.337
101.934,8,-2.275,2.679,1.6228,2.609,2.474,-0.056,0.325
101.985,8,-2.28,2.804,1.6023,2.543,2.423,-0.0568,0.311
102.034,8,-2.282,2.926,1.5828,2.476,2.369,-0.056,0.295
102.085,8,-2.281,3.03,1.5638,2.413,2.316,-0.0557,0.275
102.134,8,-2.278,3.164,1.5375,2.34,2.202,-0.0725,0.254
102.184,8,-2.272,3.274,1.5162,2.287,2.141,-0.085,0.23
102.234,8,-2.267,3.35,1.4997,2.229,2.08,-0.0888,0.209
102.284,8,-2.253,3.49,1.4653,2.131,2.015,-0.0971,0.195
102.334,8,-2.244,3.566,1.4452,2.075,1.95,-0.1211,0.176
102.383,8,-2.221,3.706,1.3964,1.969,1.888,-0.1201,0.165
102.434,8,-2.204,3.793,1.3645,1.9,1.828,-0.1376,0.154
102.484,8,-2.185,3.872,1.3332,1.848,1.775,-0.1473,0.146
102.535,8,-2.164,3.948,1.299,1.796,1.725,-0.1547,0.141
102.583,8,-2.132,4.047,1.2478,1.737,1.682,-0.1705,0.139
102.635,8,-2.102,4.129,1.2072,1.703,1.64,-0.1901,0.136
102.684,8,-2.07,4.205,1.1681,1.676,1.64,-0.1806,0.131
102.735,8,-2.036,4.277,1.125,1.643,1.603,-0.1768,0.13
102.785,8,-2.003,4.34,1.0838,1.609,1.567,-0.1761,0.136
102.835,8,-1.957,4.418,1.028,1.565,1.533,-0.2116,0.141
102.885,8,-1.927,4.465,0.9914,1.536,1.501,-0.2107,0.143
102.934,8,-1.877,4.535,0.9373,1.51,1.472,-0.2254,0.137
102.985,8,-1.826,4.599,0.8827,1.488,1.445,-0.2714,0.133
103.035,8,-1.778,4.653,0.8362,1.449,1.423,-0.2685,0.132
103.085,8,-1.726,4.705,0.7743,1.429,1.423,-0.2443,0.135
103.135,8,-1.689,4.739,0.7358,1.421,1.405,-0.2558,0.132
103.185,8,-1.629,4.789,0.682,1.42,1.391,-0.2812,0.125
103.234,8,-1.58,4.825,0.6323,1.392,1.391,-0.2553,0.121
103.286,8,-1.515,4.868,0.5821,1.382,1.381,-0.2785,0.122
103.335,8,-1.449,4.906,0.5093,1.375,1.376,-0.2665,0.127
103.384,8,-1.388,4.937,0.4562,1.371,1.376,-0.2547,0.13
103.434,8,-1.324,4.964,0.3989,1.371,1.376,-0.2721,0.122
103.484,8,-1.258,4.988,0.3366,1.367,1.381,-0.2827,0.112
103.534,8,-1.201,5.005,0.2906,1.37,1.392,-0.2951,0.104
103.584,8,-1.127,5.024,0.2271,1.374,1.392,-0.2664,0.099
103.634,8,-1.069,5.034,0.1762,1.385,1.408,-0.2836,0.102
103.685,8,-0.991,5.043,0.1098,1.395,1.425,-0.2932,0.108
103.734,8,-0.928,5.047,0.0548,1.408,1.425,-0.2715,0.111
103.784,8,-0.866,5.048,-0.0046,1.418,1.442,-0.2702,0.11
103.834,8,-0.781,5.043,-0.0703,1.432,1.455,-0.2705,0.113
103.884,8,-0.722,5.036,-0.1237,1.444,1.459,-0.2443,0.11
103.933,8,-0.638,5.021,-0.1839,1.454,1.456,-0.2446,0.104
103.984,8,-0.566,5.005,-0.2429,1.456,1.456,-0.2229,0.101
104.033,8,-0.491,4.983,-0.297,1.455,1.45,-0.2217,0.103
104.085,8,-0.425,4.96,-0.3413,1.454,1.449,-0.2092,0.102
104.134,8,-0.378,4.942,-0.372,1.452,1.486,-0.1973,0.099
104.186,8,-0.316,4.915,-0.4101,1.453,1.486,-0.1855,0.115
104.235,8,-0.234,4.875,-0.4654,1.485,1.533,-0.1977,0.132
104.286,8,-0.176,4.844,-0.4984,1.491,1.583,-0.2011,0.148
104.334,8,-0.103,4.8,-0.5506,1.552,1.583,-0.1747,0.163
104.385,8,-0.03,4.752,-0.5979,1.591,1.634,-0.2008,0.177
104.434,8,0.014,4.72,-0.6315,1.621,1.685,-0.1895,0.19
104.485,8,0.1,4.652,-0.6867,1.678,1.736,-0.2063,0.201
104.534,8,0.157,4.601,-0.7312,1.708,1.785,-0.193,0.209
104.583,8,0.228,4.53,-0.7942,1.759,1.831,-0.195,0.208
104.634,8,0.287,4.466,-0.8406,1.812,1.871,-0.1919,0.199
104.684,8,0.322,4.425,-0.8622,1.825,1.871,-0.167,0.195
104.734,8,0.4,4.324,-0.9273,1.868,1.909,-0.1594,0.193
104.785,8,0.437,4.271,-0.9676,1.9,1.943,-0.1435,0.201
104.835,8,0.482,4.201,-0.9939,1.912,1.975,-0.145,0.212
104.884,8,0.536,4.108,-1.0383,1.945,2.005,-0.1447,0.245
104.935,8,0.56,4.065,-1.0633,1.967,2.033,-0.1441,0.256
104.984,8,0.625,3.931,-1.1334,2.002,2.06,-0.1198,0.285
105.034,8,0.677,3.809,-1.1831,2.053,2.084,-0.0965,0.3
105.085,8,0.702,3.743,-1.2058,2.078,2.108,-0.089,0.318
105.134,8,0.745,3.618,-1.2445,2.105,2.131,-0.088,0.354
105.185,8,0.769,3.541,-1.2657,2.128,2.154,-0.0765,0.388
105.234,8,0.799,3.44,-1.2898,2.142,2.177,-0.0688,0.42
105.284,8,0.825,3.34,-1.315,2.162,2.201,-0.0644,0.416
105.334,8,0.851,3.229,-1.3426,2.194,2.222,-0.0644,0.389
105.384,9,0.876,3.112,-1.3588,2.216,2.222,-0.0547,0.364
105.434,9,0.897,3.001,-1.3859,2.233,2.314,-0.059,0.34
105.485,9,0.919,2.871,-1.4079,2.275,2.345,-0.0559,0.329
105.534,9,0.935,2.763,-1.4241,2.313,2.377,-0.0593,0.297
105.584,9,0.947,2.675,-1.439,2.354,2.41,-0.051,0.279
105.635,9,0.962,2.542,-1.4639,2.394,2.473,-0.0555,0.263
105.683,9,0.975,2.396,-1.4887,2.438,2.473,-0.0471,0.255
105.734,9,0.983,2.276,-1.5043,2.468,2.504,-0.0437,0.242
105.785,9,0.988,2.166,-1.5208,2.495,2.565,-0.0387,0.225
105.834,9,0.992,2.055,-1.5343,2.514,2.595,-0.0345,0.215
105.884,9,0.995,1.909,-1.5527,2.582,2.655,-0.0319,0.206
105.934,9,0.996,1.799,-1.5634,2.613,2.685,-0.0216,0.198
105.985,9,0.996,1.643,-1.5761,2.654,2.714,-0.0129,0.191
106.034,9,0.994,1.503,-1.5849,2.698,2.743,-0.0104,0.192
106.084,9,0.991,1.374,-1.5903,2.735,2.801,-0.0,0.193
106.134,9,0.989,1.264,-1.592,2.757,2.83,0.0,0.194
106.183,9,0.986,1.115,-1.5923,2.816,2.886,0.0043,0.194
106.233,9,0.983,0.982,-1.5914,2.845,2.914,0.0086,0.196
106.285,9,0.98,0.812,-1.5877,2.892,2.969,0.0172,0.197
106.335,9,0.977,0.648,-1.5826,2.931,2.996,0.0226,0.198
106.385,9,0.977,0.515,-1.5749,2.962,3.049,0.0271,0.194
106.434,9,0.977,0.395,-1.5684,2.995,3.076,0.0259,0.188
106.484,9,0.979,0.213,-1.5543,3.042,3.128,0.031,0.18
106.534,9,0.984,0.044,-1.5414,3.073,3.153,0.0259,0.169
106.583,9,0.988,-0.068,-1.5325,3.106,3.204,0.0237,0.157
106.634,9,0.998,-0.272,-1.517,3.166,3.229,0.0129,0.143
106.685,9,1.008,-0.435,-1.5082,3.212,3.279,0.0095,0.128
106.734,9,1.018,-0.587,-1.5035,3.244,3.303,0.0,0.114
106.785,9,1.028,-0.738,-1.503,3.283,3.352,-0.0,0.1
106.834,9,1.039,-0.893,-1.503,3.316,3.4,-0.0091,0.087
106.886,9,1.051,-1.077,-1.5052,3.356,3.424,-0.0133,0.074
106.934,9,1.063,-1.266,-1.5104,3.396,3.472,-0.0216,0.063
106.985,9,1.072,-1.441,-1.5204,3.438,3.518,-0.0259,0.055
107.034,9,1.079,-1.601,-1.5312,3.478,3.541,-0.0316,0.05
107.084,9,1.083,-1.759,-1.5451,3.515,3.586,-0.0349,0.048
107.134,9,1.086,-1.95,-1.5628,3.548,3.629,-0.0396,0.05
107.183,9,1.085,-2.143,-1.5827,3.59,3.64,-0.0395,0.055
107.234,9,1.082,-2.263,-1.5967,3.611,3.582,-0.0437,0.059
107.284,9,1.074,-2.447,-1.6206,3.612,3.524,-0.0388,0.071
107.334,9,1.06,-2.655,-1.6467,3.578,3.467,-0.0389,0.093
107.385,9,1.046,-2.81,-1.6651,3.53,3.437,-0.0364,0.117
107.434,9,1.021,-3.035,-1.6884,3.479,3.377,-0.0403,0.143
107.484,9,1.0,-3.196,-1.7054,3.439,3.346,-0.0364,0.171
107.534,9,0.975,-3.36,-1.7256,3.382,3.281,-0.0388,0.2
107.586,9,0.947,-3.524,-1.7463,3.323,3.211,-0.0388,0.239
107.634,9,0.924,-3.644,-1.7597,3.292,3.175,-0.0317,0.285
107.684,9,0.89,-3.806,-1.7797,3.223,3.1,-0.0314,0.336
107.734,9,0.856,-3.958,-1.7927,3.183,3.022,-0.0345,0.384
107.785,9,0.807,-4.164,-1.812,3.1,2.981,-0.039,0.413
107.834,9,0.773,-4.294,-1.8267,3.044,2.896,-0.0447,0.443
107.884,9,0.738,-4.421,-1.8422,2.985,2.807,-0.0474,0.475
107.934,9,0.7,-4.55,-1.8625,2.902,2.761,-0.0388,0.509
107.986,9,0.654,-4.697,-1.8807,2.841,2.665,-0.0519,0.533
108.035,9,0.614,-4.816,-1.8954,2.783,2.615,-0.0474,0.557
108.084,9,0.554,-4.985,-1.9182,2.68,2.565,-0.0517,0.583
108.135,9,0.519,-5.079,-1.934,2.628,2.459,-0.0603,0.61
108.184,9,0.478,-5.184,-1.9525,2.544,2.403,-0.0658,0.639
108.234,9,0.429,-5.298,-1.9734,2.481,2.345,-0.069,0.676
108.285,9,0.366,-5.438,-2.0075,2.38,2.224,-0.0769,0.721
108.334,9,0.315,-5.543,-2.03,2.309,2.224,-0.0735,0.739
108.386,9,0.268,-5.633,-2.0523,2.253,2.092,-0.0894,0.724
108.434,9,0.221,-5.718,-2.0788,2.193,2.029,-0.0968,0.714
108.484,9,0.151,-5.836,-2.1117,2.093,1.974,-0.1005,0.707
108.534,9,0.105,-5.91,-2.1393,2.018,1.923,-0.1136,0.696
108.585,9,0.042,-6.002,-2.1765,1.947,1.878,-0.1133,0.679
108.634,9,0.003,-6.056,-2.2035,1.91,1.834,-0.1192,0.66
108.684,9,-0.074,-6.154,-2.2457,1.852,1.794,-0.135,0.645
108.736,9,-0.126,-6.215,-2.2773,1.821,1.756,-0.1568,0.633
108.783,9,-0.188,-6.283,-2.3196,1.768,1.719,-0.1543,0.622
108.834,9,-0.229,-6.324,-2.3463,1.753,1.684,-0.1712,0.612
108.885,9,-0.312,-6.403,-2.3986,1.705,1.65,-0.1901,0.593
108.935,9,-0.375,-6.456,-2.4417,1.669,1.65,-0.1801,0.571
108.984,9,-0.434,-6.503,-2.4826,1.654,1.619,-0.1768,0.552
109.034,9,-0.494,-6.545,-2.5291,1.627,1.588,-0.1896,0.535
109.084,9,-0.572,-6.596,-2.5812,1.594,1.558,-0.2119,0.52
109.135,9,-0.641,-6.636,-2.6253,1.571,1.53,-0.2253,0.508
109.185,9,-0.714,-6.673,-2.6782,1.547,1.504,-0.2231,0.498
109.234,9,-0.78,-6.703,-2.727,1.514,1.48,-0.2402,0.484
109.286,9,-0.841,-6.727,-2.7676,1.503,1.48,-0.2101,0.459
109.335,9,-0.903,-6.749,-2.8163,1.484,1.46,-0.2606,0.432
109.383,9,-0.981,-6.771,-2.8772,1.455,1.444,-0.2594,0.403
109.434,9,-1.036,-6.784,-2.9163,1.45,1.432,-0.2692,0.375
109.485,9,-1.13,-6.8,-2.9885,1.43,1.432,-0.248,0.343
109.535,9,-1.199,-6.807,-3.0424,1.428,1.424,-0.2441,0.31
109.584,9,-1.271,-6.811,-3.0994,1.422,1.419,-0.2493,0.286
109.635,9,-1.343,-6.811,3.1268,1.418,1.417,-0.2439,0.266
109.683,9,-1.42,-6.806,3.0724,1.417,1.417,-0.2322,0.249
109.736,9,-1.459,-6.802,3.0487,1.417,1.422,-0.2321,0.235
109.784,9,-1.546,-6.79,2.9826,1.42,1.429,-0.2321,0.218
109.834,9,-1.623,-6.774,2.9275,1.423,1.442,-0.2595,0.202
109.884,9,-1.682,-6.759,2.8889,1.427,1.442,-0.237,0.188
109.935,9,-1.76,-6.735,2.8236,1.44,1.46,-0.2496,0.176
109.983,9,-1.825,-6.71,2.7708,1.454,1.481,-0.2229,0.167
110.034,9,-1.883,-6.685,2.7299,1.47,1.503,-0.2354,0.162
110.084,9,-1.958,-6.649,2.6714,1.49,1.503,-0.2097,0.159
110.135,9,-2.014,-6.617,2.6345,1.502,1.525,-0.2219,0.159
110.184,9,-2.072,-6.582,2.5825,1.519,1.546,-0.2501,0.155
110.234,9,-2.148,-6.53,2.5228,1.531,1.567,-0.2385,0.151
110.285,9,-2.207,-6.483,2.4699,1.543,1.567,-0.2107,0.15
110.333,9,-2.274,-6.425,2.4058,1.568,1.586,-0.2257,0.155
110.385,9,-2.323,-6.376,2.3619,1.58,1.604,-0.2352,0.159
110.435,9,-2.363,-6.333,2.3139,1.595,1.622,-0.253,0.155
110.483,9,-2.432,-6.25,2.2385,1.607,1.638,-0.261,0.154
110.534,9,-2.473,-6.193,2.1932,1.617,1.638,-0.236,0.16
110.585,9,-2.512,-6.133,2.139,1.631,1.652,-0.2363,0.164
110.634,9,-2.553,-6.061,2.0771,1.644,1.665,-0.25,0.162
110.684,9,-2.596,-5.97,1.9959,1.66,1.674,-0.2126,0.166
110.734,9,-2.626,-5.896,1.9441,1.676,1.684,-0.2011,0.17
110.784,9,-2.652,-5.824,1.9056,1.682,1.699,-0.2133,0.164
110.833,9,-2.679,-5.73,1.8405,1.695,1.726,-0.2171,0.157
110.885,9,-2.693,-5.671,1.8039,1.7,1.764,-0.2137,0.153
110.934,9,-2.708,-5.597,1.7581,1.729,1.764,-0.2047,0.155
110.986,9,-2.722,-5.498,1.6926,1.758,1.803,-0.1661,0.17
111.034,9,-2.73,-5.402,1.642,1.798,1.842,-0.1785,0.184
111.085,9,-2.732,-5.322,1.5976,1.832,1.879,-0.1585,0.196
111.134,9,-2.731,-5.22,1.5441,1.874,1.914,-0.1551,0.206
111.185,9,-2.724,-5.112,1.4942,1.9,1.946,-0.1434,0.223
111.234,9,-2.714,-5.022,1.4553,1.94,1.977,-0.1328,0.257
111.284,9,-2.704,-4.952,1.4279,1.971,2.006,-0.1325,0.293
111.334,9,-2.682,-4.825,1.3817,1.999,2.034,-0.1359,0.329
111.384,9,-2.661,-4.733,1.3444,2.02,2.062,-0.1201,0.372
111.433,9,-2.632,-4.623,1.303,2.051,2.09,-0.1121,0.415
111.485,9,-2.603,-4.528,1.269,2.076,2.119,-0.0998,0.456
111.536,9,-2.579,-4.456,1.2455,2.111,2.149,-0.0918,0.48
111.588,9,-2.545,-4.361,1.2159,2.145,2.181,-0.0851,0.468
111.634,9,-2.497,-4.241,1.1863,2.168,2.214,-0.0754,0.458
111.685,9,-2.447,-4.126,1.1556,2.206,2.248,-0.063,0.449
111.734,9,-2.404,-4.032,1.1364,2.241,2.282,-0.0506,0.442
111.788,9,-2.359,-3.938,1.1191,2.277,2.348,-0.0439,0.435
111.835,9,-2.298,-3.818,1.0993,2.331,2.381,-0.0255,0.429
111.884,9,-2.249,-3.724,1.0888,2.353,2.413,-0.0177,0.423
111.935,9,-2.195,-3.623,1.0809,2.398,2.445,-0.0,0.418
111.985,9,-2.129,-3.499,1.0781,2.431,2.477,0.0086,0.412
112.035,9,-2.077,-3.402,1.0806,2.469,2.509,0.0224,0.403
112.085,9,-2.021,-3.296,1.0884,2.505,2.571,0.0482,0.392
112.134,9,-1.956,-3.169,1.102,2.545,2.601,0.0568,0.378
112.184,9,-1.904,-3.062,1.1216,2.589,2.632,0.0603,0.358
112.234,9,-1.847,-2.938,1.1475,2.627,2.692,0.0733,0.333
112.284,9,-1.803,-2.836,1.1733,2.655,2.721,0.0754,0.303
112.334,9,-1.76,-2.726,1.1987,2.69,2.746,0.0789,0.27
112.385,9,-1.699,-2.558,1.2353,2.73,2.771,0.0792,0.231
112.434,9,-1.668,-2.463,1.2612,2.754,2.805,0.0776,0.192
112.485,9,-1.618,-2.29,1.2996,2.785,2.818,0.0776,0.151
112.534,9,-1.588,-2.173,1.3271,2.806,2.838,0.0912,0.107
112.585,9,-1.558,-2.035,1.3586,2.825,2.845,0.0819,0.093
112.634,9,-1.534,-1.901,1.397,2.841,2.856,0.0906,0.085
112.686,9,-1.514,-1.763,1.4376,2.853,2.86,0.0733,0.082
112.735,9,-1.5,-1.638,1.4697,2.861,2.868,0.0877,0.09
112.785,9,-1.487,-1.45,1.5116,2.868,2.872,0.0819,0.093
112.834,9,-1.482,-1.321,1.5443,2.873,2.876,0.0749,0.112
112.885,9,-1.482,-1.194,1.575,2.879,2.885,0.0776,0.133
112.934,9,-1.487,-1.047,1.6067,2.885,2.889,0.0701,0.151
112.984,9,-1.498,-0.871,1.6448,2.891,2.899,0.0733,0.166
113.034,9,-1.511,-0.741,1.6738,2.898,2.904,0.0751,0.184
113.085,9,-1.524,-0.638,1.7028,2.904,2.916,0.0733,0.214
113.135,9,-1.546,-0.497,1.7321,2.911,2.921,0.0733,0.244
113.184,9,-1.575,-0.345,1.7658,2.92,2.934,0.0797,0.273
113.233,9,-1.62,-0.148,1.8095,2.932,2.94,0.0651,0.298
113.284,9,-1.651,-0.029,1.831,2.939,2.952,0.0606,0.319
113.334,9,-1.69,0.107,1.8562,2.949,2.957,0.0523,0.336
113.385,9,-1.73,0.234,1.8767,2.956,2.967,0.0259,0.349
113.434,9,-1.772,0.361,1.894,2.966,2.971,0.0102,0.358
113.484,9,-1.836,0.546,1.9035,2.975,2.976,-0.0,0.362
113.534,9,-1.87,0.645,1.9051,2.98,3.025,-0.0216,0.363
113.583,9,-1.938,0.841,1.8965,3.011,3.077,-0.0388,0.363
113.634,9,-1.963,0.918,1.8913,3.025,3.096,-0.0517,0.364
113.684,9,-2.024,1.111,1.8631,3.074,3.115,-0.0566,0.367
113.734,9,-2.066,1.26,1.8395,3.098,3.084,-0.0657,0.374
113.783,9,-2.1,1.395,1.8159,3.104,3.02,-0.0619,0.413
113.834,9,-2.127,1.515,1.792,3.075,2.986,-0.0575,0.408
113.884,9,-2.164,1.697,1.7572,3.017,2.915,-0.0474,0.403
113.934,9,-2.192,1.865,1.7286,2.972,2.878,-0.0389,0.395
113.984,9,-2.208,1.969,1.7151,2.94,2.798,-0.0394,0.387
114.037,9,-2.229,2.13,1.6966,2.87,2.756,-0.0398,0.376
114.085,9,-2.245,2.273,1.68,2.804,2.667,-0.0474,0.363
114.135,9,-2.258,2.412,1.6589,2.731,2.622,-0.0478,0.347
114.188,9,-2.267,2.531,1.6438,2.697,2.573,-0.0488,0.335
114.235,9,-2.275,2.68,1.621,2.615,2.474,-0.056,0.323
114.285,9,-2.28,2.801,1.6034,2.56,2.423,-0.0565,0.309
114.334,9,-2.282,2.904,1.5888,2.515,2.369,-0.0603,0.293
114.384,9,-2.281,3.05,1.5591,2.414,2.259,-0.0729,0.273
114.434,9,-2.278,3.163,1.5375,2.35,2.202,-0.0725,0.25
114.484,9,-2.272,3.273,1.5129,2.287,2.141,-0.0807,0.225
114.534,9,-2.263,3.396,1.4894,2.227,2.08,-0.0889,0.207
114.585,9,-2.253,3.495,1.4674,2.169,2.015,-0.0966,0.193
114.634,9,-2.238,3.606,1.4322,2.052,1.95,-0.1212,0.175
114.684,9,-2.22,3.711,1.3979,1.975,1.888,-0.1202,0.162
114.733,9,-2.199,3.812,1.3591,1.907,1.828,-0.1318,0.152
114.784,9,-2.179,3.893,1.322,1.845,1.775,-0.131,0.144
114.835,9,-2.156,3.973,1.2873,1.798,1.725,-0.1549,0.14
114.887,9,-2.131,4.049,1.2451,1.74,1.682,-0.1673,0.139
114.934,9,-2.104,4.123,1.2086,1.718,1.64,-0.1938,0.134
114.985,9,-2.061,4.225,1.1522,1.658,1.603,-0.1895,0.131
115.034,9,-2.029,4.29,1.1136,1.625,1.603,-0.1791,0.13
115.085,9,-1.994,4.355,1.0736,1.607,1.567,-0.1762,0.137
115.134,9,-1.949,4.43,1.025,1.574,1.533,-0.2119,0.141
115.184,9,-1.902,4.499,0.9715,1.534,1.501,-0.2235,0.141
115.235,9,-1.86,4.556,0.9229,1.509,1.472,-0.2259,0.135
115.285,9,-1.818,4.607,0.8774,1.479,1.445,-0.2602,0.131
115.334,9,-1.769,4.661,0.8205,1.454,1.445,-0.2502,0.132
115.385,9,-1.739,4.69,0.7951,1.444,1.423,-0.2445,0.133
115.434,9,-1.657,4.764,0.711,1.423,1.405,-0.2838,0.128
115.485,9,-1.607,4.803,0.6631,1.418,1.391,-0.2676,0.122
115.534,9,-1.554,4.841,0.6122,1.393,1.391,-0.2572,0.119
115.585,9,-1.497,4.878,0.5541,1.386,1.381,-0.2596,0.123
115.635,9,-1.448,4.905,0.5151,1.379,1.376,-0.2666,0.127
115.686,9,-1.373,4.943,0.4416,1.37,1.376,-0.291,0.129
115.734,9,-1.308,4.97,0.3862,1.366,1.376,-0.2663,0.119
115.784,9,-1.25,4.99,0.337,1.369,1.381,-0.2813,0.109
115.834,9,-1.176,5.012,0.2694,1.372,1.392,-0.2923,0.102
115.884,9,-1.121,5.024,0.2202,1.379,1.408,-0.29,0.098
115.934,9,-1.051,5.036,0.1531,1.391,1.408,-0.2712,0.103
115.983,9,-0.983,5.043,0.0942,1.401,1.425,-0.267,0.108
116.034,9,-0.903,5.047,0.0342,1.417,1.442,-0.2789,0.11
116.085,9,-0.841,5.046,-0.0221,1.428,1.455,-0.2846,0.11
116.134,9,-0.765,5.04,-0.0789,1.436,1.455,-0.2581,0.112
116.185,9,-0.716,5.034,-0.1207,1.446,1.459,-0.2566,0.111
116.235,9,-0.619,5.016,-0.2036,1.454,1.456,-0.2487,0.101
116.285,9,-0.553,4.999,-0.2537,1.458,1.456,-0.2092,0.1
116.333,9,-0.489,4.979,-0.2985,1.459,1.45,-0.211,0.101
116.385,9,-0.411,4.952,-0.3564,1.454,1.449,-0.2148,0.098
116.434,9,-0.364,4.933,-0.3883,1.452,1.486,-0.1855,0.099
116.485,9,-0.289,4.898,-0.4377,1.465,1.533,-0.1974,0.117
116.535,9,-0.229,4.868,-0.4741,1.495,1.533,-0.186,0.133
116.585,9,-0.154,4.826,-0.525,1.534,1.583,-0.1748,0.149
116.634,9,-0.083,4.782,-0.5683,1.579,1.634,-0.199,0.163
116.683,9,-0.025,4.741,-0.6061,1.591,1.685,-0.1877,0.177
116.734,9,0.05,4.685,-0.6572,1.657,1.685,-0.1789,0.189
116.785,9,0.105,4.639,-0.6958,1.685,1.736,-0.1893,0.199
116.834,9,0.164,4.586,-0.7452,1.725,1.785,-0.1798,0.205
116.884,9,0.239,4.511,-0.7994,1.765,1.831,-0.178,0.199
116.934,9,0.28,4.466,-0.829,1.79,1.871,-0.1927,0.192
116.984,9,0.35,4.382,-0.8875,1.835,1.909,-0.1726,0.189
117.034,9,0.395,4.323,-0.9247,1.87,1.943,-0.1705,0.189
117.083,9,0.466,4.22,-0.9839,1.919,1.975,-0.1436,0.206
117.135,9,0.52,4.131,-1.0337,1.967,2.005,-0.1318,0.228
117.186,9,0.547,4.083,-1.0529,1.977,2.005,-0.1197,0.239
117.234,9,0.596,3.991,-1.0952,2.005,2.06,-0.1323,0.272
117.284,9,0.65,3.878,-1.1351,2.03,2.084,-0.1202,0.291
117.334,9,0.686,3.791,-1.1735,2.057,2.108,-0.1203,0.306
117.383,9,0.73,3.676,-1.2178,2.091,2.108,-0.0957,0.318
117.434,9,0.758,3.594,-1.2435,2.111,2.154,-0.0976,0.372
117.485,9,0.785,3.505,-1.2681,2.129,2.177,-0.0836,0.406
117.535,9,0.811,3.414,-1.2949,2.15,2.201,-0.0795,0.422
117.584,9,0.836,3.315,-1.3188,2.173,2.222,-0.0764,0.414
117.637,9,0.862,3.206,-1.348,2.202,2.222,-0.0718,0.401
117.684,10,0.883,3.101,-1.358,2.216,2.222,-0.0606,0.364
117.736,10,0.906,2.969,-1.3998,2.236,2.314,-0.0464,0.332
117.785,10,0.925,2.848,-1.421,2.293,2.377,-0.055,0.311
117.835,10,0.94,2.741,-1.4337,2.326,2.377,-0.0517,0.291
117.884,10,0.954,2.617,-1.4531,2.369,2.441,-0.0553,0.273
117.934,10,0.965,2.51,-1.4698,2.387,2.473,-0.0557,0.257
117.984,10,0.977,2.372,-1.4928,2.435,2.504,-0.0428,0.244
118.034,10,0.984,2.251,-1.5081,2.467,2.535,-0.0445,0.232
118.083,10,0.99,2.109,-1.528,2.503,2.595,-0.0387,0.221
118.134,10,0.993,1.997,-1.5446,2.54,2.625,-0.0302,0.213
118.185,10,0.995,1.883,-1.5564,2.583,2.655,-0.0259,0.205
118.234,10,0.995,1.744,-1.5691,2.617,2.685,-0.0172,0.197
118.284,10,0.994,1.614,-1.5778,2.657,2.743,-0.015,0.192
118.334,10,0.992,1.485,-1.5861,2.689,2.772,-0.0043,0.194
118.384,10,0.99,1.36,-1.5918,2.726,2.801,-0.0,0.195
118.434,10,0.986,1.208,-1.594,2.776,2.858,0.0043,0.195
118.485,10,0.983,1.081,-1.5931,2.81,2.886,0.0086,0.196
118.539,10,0.98,0.947,-1.5914,2.844,2.914,0.0143,0.197
118.584,10,0.977,0.789,-1.5886,2.877,2.969,0.0227,0.199
118.634,10,0.976,0.631,-1.5803,2.924,3.023,0.026,0.197
118.684,10,0.975,0.489,-1.5723,2.968,3.049,0.0277,0.192
118.734,10,0.977,0.333,-1.5616,3.008,3.076,0.0267,0.185
118.785,10,0.979,0.202,-1.5517,3.045,3.128,0.0259,0.18
118.837,10,0.985,0.017,-1.5361,3.089,3.179,0.0216,0.164
118.886,10,0.991,-0.13,-1.5242,3.136,3.204,0.0129,0.151
118.933,10,1.003,-0.342,-1.514,3.184,3.254,0.0086,0.137
118.986,10,1.009,-0.448,-1.5093,3.211,3.279,0.0043,0.123
119.034,10,1.019,-0.6,-1.5041,3.249,3.328,0.0,0.109
119.084,10,1.03,-0.763,-1.5022,3.283,3.376,-0.0063,0.095
119.137,10,1.042,-0.935,-1.5014,3.324,3.4,-0.0086,0.081
119.185,10,1.054,-1.106,-1.5036,3.363,3.448,-0.0229,0.069
119.234,10,1.067,-1.306,-1.5102,3.403,3.472,-0.0279,0.058
119.284,10,1.075,-1.464,-1.522,3.444,3.541,-0.036,0.052
119.334,10,1.081,-1.624,-1.5393,3.491,3.563,-0.0302,0.05
119.384,10,1.084,-1.789,-1.5547,3.524,3.607,-0.0302,0.051
119.434,10,1.085,-1.974,-1.5699,3.559,3.635,-0.0345,0.054
119.484,10,1.083,-2.161,-1.5884,3.605,3.613,-0.0394,0.058
119.534,10,1.077,-2.349,-1.605,3.624,3.582,-0.0345,0.062
119.584,10,1.066,-2.559,-1.6279,3.619,3.524,-0.0388,0.079
119.634,10,1.054,-2.723,-1.6467,3.58,3.467,-0.0388,0.101
119.684,10,1.037,-2.91,-1.6692,3.531,3.437,-0.04,0.125
119.734,10,1.019,-3.066,-1.6884,3.484,3.346,-0.0431,0.151
119.784,10,0.999,-3.216,-1.7096,3.429,3.313,-0.0407,0.18
119.836,10,0.974,-3.38,-1.7286,3.381,3.246,-0.0437,0.211
119.884,10,0.94,-3.571,-1.7513,3.32,3.175,-0.0431,0.254
119.934,10,0.905,-3.747,-1.773,3.271,3.138,-0.0361,0.303
119.985,10,0.875,-3.886,-1.7854,3.221,3.061,-0.0345,0.355
120.035,10,0.838,-4.046,-1.8011,3.15,2.981,-0.0448,0.393
120.084,10,0.8,-4.199,-1.8193,3.064,2.939,-0.0388,0.422
120.134,10,0.761,-4.341,-1.8379,3.003,2.852,-0.0431,0.454
120.184,10,0.719,-4.488,-1.8582,2.922,2.807,-0.0345,0.487
120.234,10,0.686,-4.593,-1.8723,2.882,2.713,-0.0388,0.52
120.286,10,0.643,-4.727,-1.8865,2.812,2.665,-0.0451,0.543
120.334,10,0.598,-4.86,-1.9043,2.736,2.615,-0.0433,0.567
120.384,10,0.538,-5.025,-1.9237,2.688,2.512,-0.0566,0.594
120.434,10,0.495,-5.135,-1.9417,2.601,2.459,-0.056,0.622
120.484,10,0.45,-5.247,-1.9661,2.509,2.345,-0.069,0.652
120.534,10,0.391,-5.381,-1.9902,2.419,2.286,-0.074,0.694
120.584,10,0.347,-5.473,-2.0112,2.373,2.224,-0.0769,0.739
120.633,10,0.3,-5.569,-2.0331,2.3,2.16,-0.085,0.732
120.684,10,0.256,-5.654,-2.0584,2.231,2.092,-0.0845,0.72
120.735,10,0.195,-5.763,-2.0891,2.153,2.029,-0.0929,0.712
120.785,10,0.142,-5.852,-2.1169,2.069,1.974,-0.0976,0.704
120.834,10,0.079,-5.949,-2.1497,2.013,1.923,-0.1122,0.692
120.884,10,0.027,-6.024,-2.1799,1.948,1.878,-0.1115,0.674
120.934,10,-0.023,-6.091,-2.2142,1.899,1.834,-0.1191,0.657
120.984,10,-0.089,-6.174,-2.2517,1.852,1.794,-0.1334,0.644
121.034,10,-0.141,-6.235,-2.2794,1.819,1.756,-0.1566,0.633
121.083,10,-0.213,-6.313,-2.3276,1.768,1.719,-0.1543,0.623
121.133,10,-0.273,-6.373,-2.3678,1.735,1.684,-0.1662,0.612
121.185,10,-0.33,-6.424,-2.4092,1.694,1.65,-0.1947,0.59
121.234,10,-0.384,-6.47,-2.4555,1.656,1.619,-0.1889,0.567
121.284,10,-0.464,-6.53,-2.507,1.639,1.588,-0.2066,0.549
121.334,10,-0.531,-6.575,-2.5534,1.605,1.588,-0.1894,0.533
121.386,10,-0.59,-6.612,-2.5929,1.592,1.558,-0.2161,0.519
121.436,10,-0.65,-6.645,-2.6425,1.561,1.53,-0.2112,0.506
121.484,10,-0.741,-6.689,-2.7043,1.534,1.504,-0.228,0.495
121.534,10,-0.803,-6.715,-2.7504,1.511,1.48,-0.2225,0.473
121.583,10,-0.875,-6.741,-2.8028,1.494,1.46,-0.2577,0.447
121.634,10,-0.945,-6.762,-2.8524,1.464,1.46,-0.2454,0.418
121.683,10,-1.002,-6.777,-2.8984,1.456,1.444,-0.2483,0.39
121.734,10,-1.09,-6.794,-2.9642,1.443,1.432,-0.2446,0.36
121.784,10,-1.155,-6.802,-3.0126,1.43,1.424,-0.2587,0.326
121.833,10,-1.228,-6.808,-3.071,1.423,1.424,-0.2327,0.297
121.884,10,-1.301,-6.81,-3.1296,1.42,1.419,-0.2342,0.275
121.934,10,-1.365,-6.808,3.1146,1.419,1.417,-0.2455,0.256
121.984,10,-1.445,-6.802,3.0509,1.416,1.422,-0.2439,0.24
122.034,10,-1.505,-6.794,3.0103,1.417,1.422,-0.2203,0.225
122.084,10,-1.584,-6.78,2.951,1.423,1.429,-0.2368,0.207
122.134,10,-1.643,-6.766,2.911,1.426,1.442,-0.2474,0.192
122.185,10,-1.705,-6.749,2.865,1.437,1.46,-0.2564,0.179
122.234,10,-1.778,-6.724,2.8084,1.441,1.46,-0.2325,0.168
122.284,10,-1.854,-6.694,2.7431,1.461,1.481,-0.2121,0.161
122.334,10,-1.903,-6.672,2.7083,1.479,1.503,-0.2096,0.156
122.384,10,-1.975,-6.635,2.6554,1.502,1.525,-0.2339,0.155
122.434,10,-2.032,-6.602,2.6147,1.507,1.525,-0.2101,0.155
122.484,10,-2.117,-6.547,2.5469,1.528,1.546,-0.2223,0.149
122.534,10,-2.17,-6.508,2.5054,1.542,1.567,-0.2262,0.147
122.585,10,-2.222,-6.467,2.4611,1.561,1.586,-0.2349,0.149
122.636,10,-2.276,-6.419,2.4091,1.57,1.604,-0.2605,0.154
122.684,10,-2.349,-6.346,2.3408,1.582,1.604,-0.2353,0.155
122.735,10,-2.387,-6.303,2.2916,1.597,1.622,-0.2356,0.152
122.784,10,-2.453,-6.219,2.2128,1.616,1.638,-0.2501,0.155
122.834,10,-2.494,-6.159,2.1664,1.624,1.652,-0.265,0.161
122.884,10,-2.526,-6.108,2.1175,1.633,1.665,-0.2651,0.163
122.934,10,-2.569,-6.028,2.0444,1.647,1.674,-0.2246,0.162
122.984,10,-2.601,-5.959,1.9903,1.663,1.674,-0.2008,0.168
123.034,10,-2.628,-5.891,1.9566,1.672,1.684,-0.216,0.168
123.085,10,-2.662,-5.79,1.8739,1.681,1.699,-0.2012,0.159
123.134,10,-2.681,-5.72,1.8355,1.691,1.726,-0.2072,0.154
123.184,10,-2.702,-5.622,1.7713,1.719,1.764,-0.2136,0.151
123.233,10,-2.715,-5.543,1.7172,1.744,1.803,-0.1778,0.16
123.285,10,-2.725,-5.445,1.6656,1.767,1.842,-0.1906,0.175
123.334,10,-2.729,-5.381,1.6285,1.807,1.879,-0.1687,0.188
123.384,10,-2.731,-5.272,1.5742,1.855,1.879,-0.1428,0.199
123.434,10,-2.728,-5.192,1.538,1.88,1.914,-0.148,0.208
123.483,10,-2.72,-5.076,1.489,1.914,1.946,-0.1436,0.238
123.534,10,-2.713,-5.013,1.4601,1.933,1.977,-0.1364,0.273
123.584,10,-2.695,-4.894,1.4089,1.978,2.034,-0.1321,0.309
123.633,10,-2.673,-4.782,1.3608,2.018,2.034,-0.1199,0.349
123.684,10,-2.652,-4.695,1.3281,2.037,2.062,-0.1202,0.391
123.734,10,-2.627,-4.604,1.295,2.062,2.09,-0.1002,0.433
123.784,10,-2.589,-4.487,1.2547,2.094,2.119,-0.0916,0.473
123.834,10,-2.566,-4.419,1.2355,2.11,2.149,-0.0876,0.476
123.884,10,-2.517,-4.291,1.1972,2.152,2.214,-0.0754,0.464
123.934,10,-2.476,-4.192,1.1721,2.193,2.214,-0.0671,0.455
123.984,10,-2.439,-4.109,1.153,2.218,2.282,-0.0597,0.446
124.034,10,-2.379,-3.981,1.1267,2.259,2.315,-0.0464,0.439
124.084,10,-2.342,-3.905,1.1118,2.285,2.348,-0.0339,0.433
124.138,10,-2.295,-3.813,1.0986,2.327,2.381,-0.0222,0.427
124.184,10,-2.22,-3.671,1.0839,2.359,2.413,-0.0172,0.421
124.235,10,-2.18,-3.595,1.0776,2.391,2.477,0.0085,0.417
124.285,10,-2.114,-3.473,1.0764,2.442,2.509,0.0214,0.41
124.334,10,-2.061,-3.375,1.0811,2.478,2.54,0.0344,0.401
124.384,10,-1.992,-3.244,1.0922,2.524,2.571,0.0474,0.388
124.433,10,-1.928,-3.116,1.11,2.564,2.632,0.069,0.372
124.484,10,-1.873,-3.002,1.1322,2.604,2.662,0.0733,0.351
124.534,10,-1.826,-2.896,1.1542,2.637,2.692,0.0733,0.324
124.585,10,-1.78,-2.785,1.1813,2.677,2.721,0.0749,0.293
124.634,10,-1.732,-2.658,1.2125,2.711,2.771,0.0862,0.256
124.684,10,-1.678,-2.5,1.2525,2.748,2.789,0.0776,0.215
124.733,10,-1.64,-2.376,1.2841,2.776,2.805,0.0753,0.175
124.785,10,-1.608,-2.254,1.315,2.799,2.829,0.0776,0.131
124.834,10,-1.583,-2.15,1.3366,2.812,2.838,0.0776,0.098
124.884,10,-1.548,-1.975,1.3863,2.837,2.851,0.0819,0.087
124.935,10,-1.527,-1.846,1.4159,2.844,2.856,0.0733,0.081
124.984,10,-1.506,-1.679,1.4549,2.857,2.864,0.0819,0.084
125.034,10,-1.493,-1.548,1.4837,2.864,2.868,0.0819,0.091
125.086,10,-1.485,-1.417,1.5138,2.87,2.876,0.0918,0.098
125.134,10,-1.482,-1.308,1.5373,2.872,2.88,0.0905,0.111
125.186,10,-1.483,-1.123,1.5924,2.88,2.889,0.0779,0.142
125.234,10,-1.491,-0.959,1.6319,2.888,2.894,0.0743,0.159
125.285,10,-1.499,-0.855,1.6536,2.893,2.899,0.0647,0.173
125.334,10,-1.518,-0.682,1.6891,2.901,2.904,0.0739,0.197
125.384,10,-1.538,-0.544,1.7214,2.908,2.916,0.069,0.227
125.434,10,-1.565,-0.387,1.7535,2.916,2.928,0.0819,0.258
125.485,10,-1.594,-0.249,1.7839,2.924,2.934,0.0744,0.285
125.535,10,-1.629,-0.11,1.8196,2.935,2.946,0.0647,0.309
125.584,10,-1.67,0.037,1.8495,2.944,2.952,0.0525,0.327
125.634,10,-1.714,0.181,1.8743,2.954,2.962,0.039,0.342
125.684,10,-1.76,0.319,1.8946,2.964,2.967,0.0129,0.352
125.734,10,-1.795,0.423,1.9008,2.971,2.976,-0.0,0.36
125.784,10,-1.857,0.603,1.9031,2.979,3.0,-0.0143,0.361
125.834,10,-1.891,0.7,1.902,2.988,3.025,-0.0216,0.361
125.884,10,-1.955,0.891,1.8907,3.016,3.077,-0.0483,0.363
125.934,10,-1.998,1.027,1.8767,3.046,3.096,-0.0531,0.365
125.984,10,-2.031,1.136,1.8575,3.078,3.1,-0.057,0.369
126.035,10,-2.077,1.303,1.8346,3.096,3.052,-0.0658,0.386
126.084,10,-2.121,1.486,1.7972,3.093,3.02,-0.0611,0.411
126.134,10,-2.151,1.63,1.7698,3.061,2.952,-0.0517,0.405
126.183,10,-2.177,1.776,1.7438,3.008,2.915,-0.0436,0.398
126.235,10,-2.199,1.916,1.7231,2.957,2.838,-0.0345,0.392
126.284,10,-2.218,2.046,1.7066,2.91,2.756,-0.0431,0.382
126.334,10,-2.232,2.157,1.6972,2.866,2.756,-0.0406,0.377
126.384,10,-2.248,2.303,1.6758,2.794,2.667,-0.0484,0.357
126.433,10,-2.264,2.481,1.6571,2.751,2.622,-0.0474,0.342
126.484,10,-2.273,2.618,1.6341,2.67,2.525,-0.0581,0.332
126.534,10,-2.279,2.738,1.6152,2.603,2.474,-0.056,0.319
126.584,10,-2.282,2.854,1.594,2.524,2.369,-0.0647,0.302
126.634,10,-2.283,2.98,1.5695,2.447,2.316,-0.061,0.284
126.685,10,-2.281,3.072,1.5571,2.41,2.259,-0.0686,0.274
126.735,10,-2.277,3.199,1.5328,2.341,2.202,-0.0682,0.24
126.784,10,-2.269,3.336,1.5025,2.241,2.141,-0.0857,0.215
126.834,10,-2.261,3.421,1.4839,2.187,2.08,-0.08,0.201
126.884,10,-2.249,3.533,1.4578,2.124,2.015,-0.0965,0.184
126.934,10,-2.237,3.618,1.4343,2.09,1.95,-0.1146,0.176
126.984,10,-2.217,3.737,1.393,1.994,1.828,-0.1452,0.16
127.034,10,-2.2,3.818,1.3701,1.939,1.828,-0.1321,0.155
127.084,10,-2.174,3.923,1.317,1.845,1.725,-0.1845,0.146
127.134,10,-2.155,3.99,1.2913,1.805,1.725,-0.1707,0.144
127.184,10,-2.118,4.097,1.2323,1.736,1.682,-0.1693,0.142
127.234,10,-2.092,4.163,1.1945,1.72,1.64,-0.1956,0.136
127.284,10,-2.048,4.261,1.1287,1.645,1.603,-0.1916,0.133
127.334,10,-2.017,4.321,1.0969,1.622,1.567,-0.1885,0.137
127.384,10,-1.97,4.401,1.0347,1.572,1.533,-0.2293,0.142
127.434,10,-1.93,4.464,0.9878,1.549,1.501,-0.2233,0.145
127.484,10,-1.9,4.506,0.9584,1.537,1.501,-0.2119,0.139
127.534,10,-1.841,4.582,0.9038,1.506,1.472,-0.2103,0.134
127.585,10,-1.804,4.625,0.8619,1.481,1.445,-0.2618,0.132
127.634,10,-1.758,4.675,0.8238,1.467,1.423,-0.2689,0.134
127.684,10,-1.702,4.728,0.757,1.439,1.405,-0.2681,0.135
127.735,10,-1.649,4.774,0.6965,1.411,1.405,-0.2439,0.127
127.785,10,-1.589,4.819,0.6429,1.397,1.391,-0.2552,0.122
127.834,10,-1.539,4.854,0.5912,1.394,1.381,-0.2729,0.121
127.884,10,-1.468,4.896,0.5257,1.375,1.376,-0.2783,0.126
127.934,10,-1.42,4.921,0.4889,1.373,1.376,-0.2704,0.129
127.984,10,-1.342,4.956,0.4172,1.369,1.376,-0.2802,0.124
128.034,10,-1.279,4.98,0.3579,1.367,1.381,-0.2933,0.113
128.084,10,-1.22,4.999,0.3072,1.368,1.381,-0.269,0.104
128.135,10,-1.151,5.017,0.2444,1.373,1.392,-0.278,0.099
128.184,10,-1.074,5.032,0.1722,1.382,1.408,-0.2782,0.099
128.234,10,-1.036,5.037,0.1423,1.392,1.425,-0.2901,0.102
128.284,10,-0.942,5.045,0.0654,1.402,1.425,-0.267,0.108
128.335,10,-0.871,5.046,0.0062,1.417,1.442,-0.2802,0.109
128.385,10,-0.805,5.043,-0.0501,1.43,1.455,-0.2676,0.111
128.435,10,-0.738,5.036,-0.1107,1.447,1.459,-0.2562,0.111
128.485,10,-0.664,5.024,-0.1616,1.451,1.459,-0.2327,0.103
128.535,10,-0.597,5.01,-0.2161,1.458,1.456,-0.221,0.1
128.584,10,-0.518,4.989,-0.2791,1.457,1.45,-0.221,0.101
128.633,10,-0.447,4.965,-0.3245,1.454,1.449,-0.2255,0.101
128.684,10,-0.393,4.945,-0.3659,1.453,1.449,-0.2004,0.097
128.733,10,-0.313,4.911,-0.4167,1.454,1.486,-0.1855,0.109
128.784,10,-0.248,4.879,-0.4581,1.484,1.533,-0.2108,0.126
128.834,10,-0.19,4.848,-0.4988,1.51,1.583,-0.199,0.142
128.884,10,-0.124,4.809,-0.5375,1.536,1.583,-0.1748,0.157
128.934,10,-0.052,4.762,-0.5889,1.584,1.634,-0.2036,0.171
128.984,10,-0.001,4.725,-0.6321,1.624,1.685,-0.1761,0.184
129.034,10,0.071,4.668,-0.6827,1.664,1.736,-0.191,0.195
129.084,10,0.134,4.614,-0.7205,1.704,1.785,-0.1772,0.203
129.135,10,0.188,4.563,-0.7607,1.745,1.785,-0.1673,0.204
129.183,10,0.268,4.479,-0.8194,1.787,1.831,-0.1665,0.196
129.234,10,0.317,4.424,-0.8608,1.821,1.871,-0.1668,0.191
129.284,10,0.369,4.359,-0.9024,1.862,1.909,-0.1552,0.189
129.334,10,0.422,4.286,-0.9437,1.89,1.943,-0.1555,0.195
129.383,10,0.492,4.18,-1.0035,1.939,1.975,-0.1449,0.217
129.434,10,0.525,4.125,-1.0337,1.953,2.005,-0.1317,0.24
129.485,10,0.574,4.036,-1.0793,1.999,2.033,-0.1341,0.262
129.534,10,0.622,3.939,-1.122,2.016,2.06,-0.1333,0.282
129.584,10,0.661,3.852,-1.1553,2.04,2.084,-0.1078,0.299
129.633,10,0.711,3.727,-1.2034,2.077,2.108,-0.0956,0.317
129.684,10,0.746,3.629,-1.2334,2.093,2.131,-0.0917,0.352
129.734,10,0.77,3.554,-1.258,2.122,2.154,-0.0842,0.388
129.784,10,0.808,3.425,-1.2921,2.155,2.177,-0.0754,0.421
129.834,10,0.835,3.321,-1.3168,2.178,2.201,-0.0671,0.413
129.884,10,0.859,3.221,-1.3393,2.203,2.222,-0.063,0.386
129.934,11,0.88,3.125,-1.3606,2.224,2.282,-0.0632,0.36
129.984,11,0.902,3.011,-1.3831,2.235,2.314,-0.0633,0.337
130.034,11,0.919,2.912,-1.4016,2.281,2.345,-0.0592,0.315
130.084,11,0.938,2.786,-1.4242,2.334,2.377,-0.0616,0.295
130.135,11,0.956,2.648,-1.4491,2.355,2.41,-0.0553,0.277
130.184,11,0.968,2.537,-1.4674,2.38,2.441,-0.0531,0.26
130.233,11,0.979,2.406,-1.4887,2.434,2.473,-0.0516,0.246
130.284,11,0.986,2.296,-1.5073,2.469,2.535,-0.0472,0.234
130.334,11,0.992,2.18,-1.5235,2.507,2.565,-0.0388,0.223
130.384,11,0.996,2.069,-1.5402,2.536,2.595,-0.0302,0.213
130.433,11,0.999,1.902,-1.5561,2.585,2.655,-0.0302,0.204
130.485,11,0.999,1.826,-1.5637,2.61,2.685,-0.0216,0.2
130.535,11,0.999,1.678,-1.5767,2.654,2.714,-0.0178,0.189
130.584,11,0.997,1.544,-1.5858,2.702,2.772,-0.0086,0.19
130.634,11,0.993,1.371,-1.5923,2.746,2.801,-0.0,0.191
130.685,11,0.99,1.23,-1.5958,2.773,2.83,0.0,0.192
130.734,11,0.987,1.104,-1.5957,2.811,2.886,0.0101,0.192
130.784,11,0.984,0.973,-1.5934,2.848,2.914,0.0136,0.194
130.834,11,0.981,0.838,-1.5891,2.885,2.969,0.0172,0.196
130.884,11,0.979,0.698,-1.5834,2.932,2.996,0.0172,0.197
130.934,11,0.978,0.559,-1.576,2.966,3.023,0.0222,0.193
130.984,11,0.978,0.406,-1.5686,2.994,3.076,0.0275,0.188
131.034,11,0.979,0.252,-1.5574,3.034,3.128,0.0318,0.18
131.084,11,0.984,0.046,-1.5422,3.09,3.153,0.0259,0.17
131.134,11,0.988,-0.051,-1.5339,3.115,3.179,0.0218,0.158
131.184,11,0.995,-0.211,-1.522,3.161,3.229,0.0129,0.145
131.235,11,1.004,-0.37,-1.5134,3.188,3.279,0.0086,0.13
131.284,11,1.017,-0.583,-1.5063,3.248,3.303,0.0047,0.116
131.334,11,1.025,-0.694,-1.5038,3.27,3.352,-0.0,0.102
131.384,11,1.039,-0.908,-1.503,3.322,3.4,-0.0043,0.088
131.434,11,1.047,-1.022,-1.5033,3.347,3.424,-0.0131,0.075
131.484,11,1.062,-1.249,-1.5091,3.405,3.472,-0.0216,0.064
131.534,11,1.071,-1.424,-1.5182,3.44,3.518,-0.0302,0.055
131.584,11,1.079,-1.587,-1.5301,3.475,3.541,-0.0323,0.05
131.634,11,1.082,-1.72,-1.5454,3.512,3.586,-0.0302,0.049
131.684,11,1.085,-1.954,-1.5659,3.554,3.629,-0.0361,0.052
131.733,11,1.084,-2.108,-1.5818,3.587,3.635,-0.0302,0.057
131.784,11,1.08,-2.267,-1.5987,3.614,3.582,-0.0403,0.06
131.833,11,1.074,-2.426,-1.616,3.617,3.553,-0.0345,0.071
131.884,11,1.059,-2.667,-1.6393,3.595,3.495,-0.0388,0.091
131.935,11,1.045,-2.834,-1.6576,3.553,3.437,-0.0447,0.114
131.985,11,1.029,-2.991,-1.6758,3.506,3.377,-0.048,0.139
132.034,11,1.01,-3.149,-1.699,3.45,3.313,-0.0482,0.166
132.084,11,0.983,-3.331,-1.724,3.4,3.246,-0.0489,0.195
132.134,11,0.952,-3.51,-1.746,3.347,3.246,-0.04,0.234
132.184,11,0.924,-3.659,-1.7642,3.291,3.138,-0.0364,0.28
132.234,11,0.893,-3.805,-1.7848,3.231,3.1,-0.0308,0.331
132.284,11,0.849,-3.994,-1.8021,3.161,3.022,-0.0345,0.381
132.333,11,0.812,-4.144,-1.8169,3.092,2.981,-0.0359,0.41
132.384,11,0.774,-4.288,-1.832,3.025,2.896,-0.0403,0.441
132.434,11,0.738,-4.417,-1.8468,2.966,2.807,-0.0345,0.474
132.484,11,0.695,-4.559,-1.8655,2.897,2.761,-0.0345,0.508
132.534,11,0.653,-4.692,-1.8801,2.829,2.665,-0.0477,0.534
132.584,11,0.605,-4.836,-1.8991,2.735,2.665,-0.0388,0.557
132.634,11,0.574,-4.925,-1.9116,2.7,2.565,-0.0474,0.583
132.686,11,0.524,-5.058,-1.9308,2.623,2.512,-0.0474,0.61
132.734,11,0.477,-5.178,-1.9517,2.565,2.403,-0.0603,0.639
132.784,11,0.413,-5.328,-1.9766,2.489,2.345,-0.07,0.675
132.834,11,0.377,-5.41,-1.9952,2.419,2.286,-0.0644,0.719
132.884,11,0.315,-5.539,-2.0232,2.325,2.224,-0.0724,0.741
132.934,11,0.263,-5.64,-2.0469,2.264,2.092,-0.0984,0.727
132.984,11,0.21,-5.738,-2.078,2.173,2.029,-0.1011,0.717
133.033,11,0.157,-5.829,-2.1068,2.087,1.974,-0.1047,0.708
133.084,11,0.109,-5.905,-2.1346,2.041,1.923,-0.1173,0.699
133.134,11,0.062,-5.975,-2.1564,1.996,1.878,-0.1202,0.684
133.184,11,0.011,-6.048,-2.1843,1.944,1.834,-0.1445,0.666
133.234,11,-0.061,-6.142,-2.2364,1.865,1.794,-0.1444,0.651
133.285,11,-0.115,-6.207,-2.2657,1.842,1.756,-0.1552,0.638
133.334,11,-0.182,-6.282,-2.3127,1.78,1.719,-0.1723,0.628
133.384,11,-0.244,-6.346,-2.3526,1.748,1.684,-0.1663,0.618
133.434,11,-0.307,-6.405,-2.3933,1.708,1.684,-0.1537,0.6
133.485,11,-0.344,-6.437,-2.4187,1.692,1.65,-0.1774,0.589
133.534,11,-0.425,-6.503,-2.466,1.668,1.619,-0.1893,0.561
133.584,11,-0.491,-6.551,-2.5117,1.628,1.588,-0.2008,0.543
133.635,11,-0.547,-6.588,-2.5532,1.616,1.558,-0.241,0.528
133.684,11,-0.619,-6.631,-2.6024,1.59,1.53,-0.2517,0.516
133.734,11,-0.684,-6.666,-2.6533,1.562,1.53,-0.2236,0.504
133.785,11,-0.756,-6.699,-2.7125,1.53,1.504,-0.2233,0.488
133.834,11,-0.83,-6.729,-2.7717,1.512,1.48,-0.2249,0.463
133.884,11,-0.894,-6.751,-2.8101,1.486,1.46,-0.2723,0.434
133.934,11,-0.964,-6.772,-2.8689,1.459,1.444,-0.2693,0.405
133.984,11,-1.037,-6.788,-2.9302,1.453,1.432,-0.2565,0.375
134.034,11,-1.109,-6.8,-2.9837,1.435,1.432,-0.2325,0.342
134.083,11,-1.196,-6.809,-3.0496,1.427,1.424,-0.2441,0.309
134.134,11,-1.261,-6.812,-3.0984,1.421,1.419,-0.2498,0.284
134.184,11,-1.332,-6.812,3.135,1.421,1.417,-0.244,0.265
134.234,11,-1.395,-6.809,3.0934,1.415,1.417,-0.2321,0.248
134.284,11,-1.465,-6.802,3.0313,1.413,1.422,-0.232,0.233
134.334,11,-1.511,-6.795,3.0032,1.412,1.429,-0.2438,0.224
134.383,11,-1.623,-6.773,2.9181,1.42,1.442,-0.244,0.198
134.433,11,-1.689,-6.755,2.8681,1.433,1.442,-0.2259,0.184
134.484,11,-1.748,-6.736,2.8273,1.439,1.46,-0.2325,0.172
134.534,11,-1.803,-6.716,2.791,1.449,1.481,-0.2208,0.164
134.585,11,-1.88,-6.683,2.7286,1.462,1.503,-0.2366,0.158
134.635,11,-1.949,-6.649,2.6813,1.48,1.503,-0.2095,0.156
134.684,11,-2.025,-6.607,2.621,1.503,1.525,-0.2218,0.156
134.734,11,-2.081,-6.572,2.5799,1.519,1.546,-0.2474,0.152
134.784,11,-2.152,-6.522,2.5108,1.539,1.567,-0.2225,0.147
134.834,11,-2.194,-6.489,2.4738,1.554,1.567,-0.2049,0.146
134.884,11,-2.263,-6.43,2.4193,1.566,1.586,-0.2112,0.151
134.933,11,-2.323,-6.372,2.3631,1.581,1.604,-0.2353,0.155
134.984,11,-2.376,-6.316,2.3074,1.596,1.622,-0.2475,0.153
135.035,11,-2.421,-6.261,2.2622,1.604,1.638,-0.2598,0.152
135.084,11,-2.476,-6.187,2.1893,1.62,1.638,-0.2361,0.158
135.134,11,-2.516,-6.124,2.1378,1.631,1.652,-0.253,0.163
135.184,11,-2.558,-6.051,2.0716,1.64,1.665,-0.2499,0.162
135.234,11,-2.593,-5.977,2.0119,1.654,1.674,-0.2267,0.165
135.284,11,-2.622,-5.908,1.9602,1.669,1.684,-0.2179,0.17
135.334,11,-2.654,-5.818,1.8953,1.679,1.699,-0.2132,0.164
135.384,11,-2.675,-5.747,1.856,1.684,1.699,-0.1892,0.157
135.434,11,-2.698,-5.652,1.7936,1.702,1.764,-0.229,0.153
135.484,11,-2.709,-5.592,1.7543,1.718,1.764,-0.1897,0.155
135.534,11,-2.721,-5.516,1.7068,1.755,1.803,-0.1781,0.171
135.584,11,-2.729,-5.429,1.6629,1.788,1.842,-0.1786,0.185
135.634,11,-2.734,-5.31,1.5973,1.829,1.879,-0.1677,0.197
135.684,11,-2.733,-5.216,1.55,1.844,1.914,-0.1674,0.208
135.735,11,-2.728,-5.13,1.5059,1.9,1.946,-0.1607,0.224
135.784,11,-2.719,-5.04,1.4663,1.919,1.977,-0.1314,0.258
135.838,11,-2.708,-4.961,1.4302,1.952,2.006,-0.1358,0.293
135.883,11,-2.683,-4.821,1.3768,1.998,2.034,-0.1348,0.329
135.934,11,-2.663,-4.734,1.3431,2.023,2.062,-0.12,0.371
135.985,11,-2.643,-4.659,1.3081,2.057,2.09,-0.1038,0.414
136.034,11,-2.606,-4.536,1.268,2.083,2.119,-0.0998,0.454
136.084,11,-2.573,-4.438,1.2381,2.098,2.149,-0.0973,0.483
136.134,11,-2.539,-4.347,1.2096,2.133,2.181,-0.0838,0.47
136.184,11,-2.495,-4.238,1.1808,2.178,2.214,-0.0775,0.46
136.235,11,-2.454,-4.143,1.1578,2.202,2.248,-0.063,0.452
136.284,11,-2.407,-4.042,1.1326,2.245,2.282,-0.0484,0.445
136.334,11,-2.349,-3.923,1.1122,2.287,2.315,-0.039,0.438
136.384,11,-2.31,-3.847,1.1019,2.312,2.381,-0.0212,0.432
136.434,11,-2.261,-3.751,1.093,2.354,2.413,-0.0128,0.425
136.485,11,-2.198,-3.631,1.0842,2.385,2.445,-0.0,0.418
136.534,11,-2.147,-3.535,1.0804,2.418,2.477,0.0104,0.412
136.584,11,-2.078,-3.406,1.0821,2.461,2.509,0.0224,0.404
136.634,11,-2.016,-3.289,1.0898,2.505,2.571,0.0483,0.394
136.684,11,-1.964,-3.187,1.1001,2.534,2.601,0.0568,0.379
136.733,11,-1.899,-3.056,1.1213,2.58,2.632,0.0657,0.361
136.784,11,-1.851,-2.952,1.1372,2.6,2.662,0.069,0.339
136.834,11,-1.804,-2.843,1.1623,2.644,2.721,0.087,0.311
136.883,11,-1.742,-2.689,1.2026,2.694,2.746,0.0819,0.278
136.934,11,-1.715,-2.615,1.2203,2.719,2.771,0.0819,0.238
136.984,11,-1.662,-2.456,1.2661,2.761,2.805,0.0776,0.197
137.035,11,-1.632,-2.352,1.2908,2.78,2.818,0.0776,0.156
137.084,11,-1.588,-2.181,1.3343,2.813,2.838,0.0911,0.11
137.133,11,-1.557,-2.034,1.3697,2.828,2.845,0.0829,0.094
137.184,11,-1.532,-1.892,1.4027,2.839,2.851,0.0791,0.086
137.234,11,-1.517,-1.791,1.4306,2.848,2.86,0.0776,0.082
137.284,11,-1.497,-1.617,1.4689,2.859,2.868,0.0882,0.09
137.334,11,-1.486,-1.475,1.5026,2.865,2.872,0.0905,0.095
137.383,11,-1.481,-1.326,1.5418,2.871,2.876,0.0733,0.111
137.434,11,-1.48,-1.211,1.5733,2.878,2.885,0.0788,0.133
137.484,11,-1.484,-1.081,1.6035,2.883,2.889,0.0747,0.151
137.533,11,-1.491,-0.943,1.6345,2.888,2.899,0.075,0.167
137.584,11,-1.509,-0.75,1.6754,2.896,2.904,0.0791,0.183
137.634,11,-1.524,-0.632,1.7024,2.902,2.916,0.0795,0.212
137.684,11,-1.547,-0.488,1.7362,2.91,2.921,0.0736,0.242
137.734,11,-1.579,-0.328,1.7715,2.918,2.928,0.069,0.271
137.784,11,-1.615,-0.171,1.8086,2.927,2.94,0.0708,0.296
137.834,11,-1.649,-0.044,1.836,2.936,2.946,0.0535,0.316
137.884,11,-1.689,0.092,1.8645,2.947,2.957,0.0388,0.332
137.934,11,-1.742,0.258,1.8871,2.958,2.962,0.0226,0.344
137.984,11,-1.79,0.398,1.8997,2.966,2.971,0.0,0.353
138.034,11,-1.833,0.522,1.9014,2.973,2.976,-0.0093,0.357
138.085,11,-1.873,0.64,1.8996,2.979,3.025,-0.0231,0.358
138.136,11,-1.919,0.776,1.8948,2.989,3.051,-0.032,0.359
138.184,11,-1.976,0.951,1.8821,3.025,3.096,-0.0533,0.362
138.234,11,-2.021,1.097,1.8635,3.064,3.115,-0.056,0.365
138.283,11,-2.067,1.264,1.8316,3.102,3.084,-0.056,0.371
138.334,11,-2.089,1.348,1.8198,3.101,3.052,-0.0517,0.408
138.384,11,-2.125,1.502,1.7917,3.076,2.986,-0.0574,0.409
138.433,11,-2.167,1.713,1.7569,3.021,2.915,-0.0517,0.405
138.485,11,-2.186,1.819,1.7385,2.987,2.878,-0.04,0.397
138.534,11,-2.2,1.91,1.7246,2.947,2.838,-0.0408,0.393
138.583,11,-2.231,2.144,1.692,2.856,2.756,-0.039,0.377
138.634,11,-2.24,2.226,1.6824,2.819,2.713,-0.0395,0.363
138.684,11,-2.256,2.393,1.6615,2.748,2.622,-0.0431,0.349
138.735,11,-2.267,2.523,1.6438,2.683,2.573,-0.0476,0.336
138.785,11,-2.274,2.641,1.6257,2.618,2.474,-0.0604,0.324
138.834,11,-2.28,2.813,1.5994,2.54,2.423,-0.0605,0.311
138.884,11,-2.282,2.921,1.5842,2.501,2.369,-0.056,0.294
138.935,11,-2.281,3.021,1.565,2.427,2.316,-0.0576,0.275
138.984,11,-2.279,3.127,1.5445,2.361,2.202,-0.0774,0.253
139.036,11,-2.274,3.246,1.5242,2.302,2.141,-0.0851,0.229
139.083,11,-2.267,3.359,1.4981,2.225,2.08,-0.0901,0.21
139.134,11,-2.253,3.501,1.4637,2.126,2.015,-0.1008,0.195
139.184,11,-2.243,3.578,1.4367,2.05,1.95,-0.1141,0.176
139.234,11,-2.227,3.677,1.4068,1.986,1.888,-0.12,0.163
139.284,11,-2.205,3.786,1.3696,1.956,1.828,-0.1454,0.154
139.335,11,-2.19,3.855,1.347,1.911,1.775,-0.144,0.147
139.386,11,-2.165,3.948,1.3021,1.802,1.725,-0.1702,0.142
139.434,11,-2.138,4.034,1.2594,1.757,1.682,-0.1665,0.14
139.485,11,-2.11,4.114,1.2216,1.733,1.64,-0.2024,0.138
139.534,11,-2.074,4.201,1.1755,1.687,1.603,-0.2071,0.134
139.584,11,-2.039,4.275,1.128,1.643,1.567,-0.2008,0.132
139.634,11,-2.009,4.334,1.0969,1.614,1.567,-0.1883,0.139
139.684,11,-1.968,4.405,1.04,1.575,1.533,-0.2115,0.144
139.734,11,-1.912,4.49,0.9765,1.54,1.501,-0.2277,0.145
139.785,11,-1.87,4.548,0.9341,1.528,1.472,-0.2226,0.139
139.833,11,-1.827,4.601,0.89,1.492,1.445,-0.2724,0.135
139.884,11,-1.772,4.663,0.8337,1.468,1.445,-0.2451,0.135
139.934,11,-1.726,4.709,0.7784,1.439,1.423,-0.2563,0.138
139.984,11,-1.667,4.763,0.7148,1.412,1.405,-0.271,0.134
140.034,11,-1.62,4.8,0.6685,1.399,1.391,-0.2671,0.127
140.085,11,-1.568,4.837,0.6155,1.399,1.381,-0.2832,0.124
140.134,11,-1.507,4.877,0.5635,1.384,1.381,-0.2669,0.125
140.184,11,-1.439,4.915,0.4949,1.375,1.376,-0.2811,0.13
140.234,11,-1.385,4.941,0.4533,1.369,1.376,-0.2547,0.133
140.284,11,-1.328,4.966,0.4035,1.37,1.376,-0.2663,0.124
140.335,11,-1.272,4.987,0.3496,1.369,1.381,-0.278,0.114
140.384,11,-1.211,5.006,0.3092,1.368,1.381,-0.2784,0.106
140.434,11,-1.119,5.028,0.2186,1.373,1.392,-0.2793,0.102
140.484,11,-1.061,5.038,0.1658,1.381,1.408,-0.2782,0.105
140.534,11,-1.01,5.044,0.1263,1.392,1.425,-0.2902,0.11
140.585,11,-0.936,5.049,0.0548,1.409,1.442,-0.2957,0.113
140.634,11,-0.855,5.049,-0.0146,1.417,1.442,-0.2556,0.112
140.684,11,-0.778,5.044,-0.0773,1.436,1.455,-0.2694,0.114
140.734,11,-0.715,5.036,-0.1265,1.445,1.459,-0.2566,0.11
140.786,11,-0.645,5.023,-0.1807,1.451,1.456,-0.2503,0.104
140.834,11,-0.563,5.004,-0.2515,1.456,1.456,-0.2222,0.102
140.884,11,-0.494,4.983,-0.2975,1.457,1.45,-0.2146,0.103
140.935,11,-0.428,4.96,-0.3423,1.455,1.449,-0.2217,0.1
140.986,11,-0.366,4.936,-0.3852,1.453,1.486,-0.2001,0.098
141.034,11,-0.307,4.909,-0.4244,1.462,1.486,-0.1737,0.115
141.085,11,-0.233,4.872,-0.4706,1.489,1.533,-0.1978,0.132
141.134,11,-0.167,4.837,-0.5108,1.513,1.583,-0.1863,0.148
141.186,11,-0.108,4.801,-0.5512,1.571,1.634,-0.2134,0.163
141.234,11,-0.034,4.752,-0.6025,1.603,1.634,-0.188,0.176
141.285,11,0.027,4.706,-0.6498,1.632,1.685,-0.1777,0.189
141.334,11,0.085,4.659,-0.6873,1.675,1.736,-0.1942,0.199
141.384,11,0.167,4.586,-0.7416,1.711,1.785,-0.1772,0.206
141.434,11,0.222,4.532,-0.7842,1.757,1.831,-0.1926,0.203
141.484,11,0.291,4.457,-0.8386,1.801,1.871,-0.1908,0.196
141.535,11,0.333,4.407,-0.8758,1.837,1.909,-0.1671,0.192
141.584,11,0.384,4.341,-0.9211,1.874,1.909,-0.1431,0.191
141.634,11,0.439,4.264,-0.9633,1.907,1.943,-0.1435,0.202
141.684,11,0.505,4.16,-1.0183,1.942,1.975,-0.136,0.224
141.734,11,0.555,4.073,-1.0582,1.971,2.005,-0.1358,0.247
141.783,11,0.587,4.011,-1.0901,2.001,2.033,-0.1199,0.269
141.834,11,0.646,3.889,-1.1377,2.031,2.06,-0.12,0.288
141.884,11,0.682,3.804,-1.1692,2.058,2.084,-0.1038,0.303
141.934,11,0.726,3.691,-1.2117,2.095,2.108,-0.0958,0.327
141.984,11,0.757,3.602,-1.2358,2.112,2.131,-0.0918,0.365
142.035,11,0.786,3.51,-1.2627,2.133,2.177,-0.0878,0.4
142.084,11,0.818,3.401,-1.2951,2.156,2.177,-0.0795,0.429
142.134,11,0.842,3.31,-1.319,2.179,2.222,-0.0756,0.401
142.184,11,0.872,3.181,-1.3496,2.214,2.222,-0.0733,0.375
