t_s,lap,x,y,yaw,speed_mps,cmd_speed_mps,cmd_steer_rad,min_wall_dist_m
0.04,0,0.8,3.158,-1.5707,0.0,0.0,0.0,0.441
0.089,0,0.8,3.158,-1.5707,0.0,0.0,0.0,0.441
0.14,0,0.8,3.158,-1.5707,0.0,0.0,0.0,0.441
0.189,0,0.8,3.158,-1.5707,0.0,0.0,0.0,0.441
0.239,0,0.8,3.158,-1.5707,0.0,0.0,0.0,0.441
0.29,0,0.8,3.158,-1.5707,0.0,0.0,0.0,0.441
0.34,0,0.8,3.158,-1.5707,0.0,0.0,0.0,0.441
0.39,0,0.8,3.158,-1.5707,0.0,0.0,0.0,0.441
0.439,0,0.8,3.158,-1.5707,0.0,0.0,0.0,0.441
0.49,0,0.8,3.158,-1.5707,0.0,0.0,0.0,0.441
0.539,0,0.8,3.158,-1.5707,0.0,0.0,0.0,0.441
0.59,0,0.8,3.158,-1.5707,0.0,0.0,0.0,0.441
0.64,0,0.8,3.158,-1.5707,0.0,0.0,0.0,0.441
0.69,0,0.8,3.158,-1.5707,0.0,0.0,0.0,0.441
0.741,0,0.8,3.158,-1.5707,0.0,0.0,0.0,0.441
0.791,0,0.8,3.158,-1.5707,0.0,0.0,0.0,0.441
0.84,0,0.8,3.158,-1.5707,0.0,0.0,0.0,0.441
0.889,0,0.8,3.158,-1.5707,0.0,0.0,0.0,0.441
0.94,0,0.8,3.158,-1.5707,0.0,0.0,0.0,0.441
0.99,0,0.8,3.158,-1.5707,0.0,0.0,0.0,0.441
1.04,0,0.8,3.158,-1.5707,0.0,0.0,0.0,0.441
1.093,0,0.8,3.158,-1.5707,0.0,0.0,0.0,0.441
1.139,0,0.8,3.158,-1.5707,0.0,0.0,0.0,0.441
1.19,0,0.8,3.158,-1.5707,0.0,0.0,0.0,0.441
1.24,0,0.8,3.158,-1.5707,0.0,0.0,0.0,0.441
1.289,0,0.8,3.158,-1.5707,0.0,0.0,0.0,0.441
1.341,0,0.8,3.158,-1.5707,0.0,0.0,0.0,0.441
1.389,0,0.8,3.158,-1.5707,0.0,0.0,0.0,0.441
1.441,0,0.8,3.158,-1.5707,0.0,0.0,0.0,0.441
1.49,0,0.8,3.158,-1.5707,0.0,0.0,0.0,0.441
1.541,0,0.8,3.158,-1.5707,0.0,0.0,0.0,0.441
1.59,0,0.8,3.158,-1.5707,0.0,0.0,0.0,0.441
1.64,0,0.8,3.158,-1.5707,0.0,0.0,0.0,0.441
1.691,0,0.8,3.158,-1.5707,0.0,0.0,0.0,0.441
1.74,0,0.8,3.158,-1.5707,0.0,0.0,0.0,0.441
1.79,0,0.8,3.158,-1.5707,0.0,0.0,0.0,0.441
1.841,0,0.8,3.158,-1.5707,0.0,0.0,0.0,0.441
1.89,0,0.8,3.158,-1.5707,0.0,0.0,0.0,0.441
1.941,0,0.8,3.158,-1.5707,0.0,0.0,0.0,0.441
1.989,0,0.8,3.158,-1.5707,0.0,0.0,0.0,0.441
2.039,0,0.8,3.158,-1.5707,0.0,0.0,0.0,0.441
2.091,0,0.8,3.158,-1.5707,0.0,0.0,0.0,0.441
2.141,0,0.8,3.158,-1.5707,0.0,0.0,0.0,0.441
2.19,0,0.8,3.158,-1.5707,0.0,0.0,0.0,0.441
2.24,0,0.8,3.158,-1.5707,0.0,0.0,0.0,0.441
2.29,0,0.8,3.158,-1.5707,0.0,0.0,0.0,0.441
2.34,0,0.8,3.158,-1.5707,0.0,0.0,0.0,0.441
2.39,0,0.8,3.158,-1.5707,0.0,0.0,0.0,0.441
2.44,0,0.8,3.158,-1.5707,0.0,0.0,0.0,0.441
2.49,0,0.8,3.158,-1.5707,0.0,0.0,0.0,0.441
2.54,0,0.8,3.158,-1.5707,0.0,0.0,0.0,0.441
2.589,0,0.8,3.158,-1.5707,0.0,0.0,0.0,0.441
2.64,0,0.8,3.158,-1.5707,0.0,0.0,0.0,0.441
2.691,0,0.8,3.158,-1.5707,0.0,0.0,0.0,0.441
2.741,0,0.8,3.158,-1.5707,0.0,0.0,0.0,0.441
2.789,0,0.8,3.158,-1.5707,0.0,0.0,0.0,0.441
2.84,0,0.8,3.158,-1.5707,0.0,0.0,0.0,0.441
2.891,0,0.8,3.158,-1.5707,0.0,0.0,0.0,0.441
2.94,0,0.8,3.158,-1.5707,0.0,0.0,0.0,0.441
2.99,0,0.8,3.158,-1.5707,0.0,0.0,0.0,0.441
3.039,0,0.8,3.158,-1.5707,0.0,0.0,0.0,0.441
3.09,0,0.8,3.158,-1.5707,0.0,0.0,0.0,0.441
3.141,0,0.8,3.158,-1.5707,0.0,0.0,0.0,0.441
3.19,0,0.8,3.158,-1.5707,0.0,0.0,0.0,0.441
3.239,0,0.8,3.158,-1.5707,0.0,0.0,0.0,0.441
3.289,0,0.8,3.158,-1.5707,0.0,0.0,0.0,0.441
3.34,0,0.8,3.158,-1.5707,0.0,0.0,0.0,0.441
3.389,0,0.8,3.158,-1.5707,0.0,0.0,0.0,0.441
3.439,0,0.8,3.158,-1.5707,0.0,0.0,0.0,0.441
3.49,0,0.8,3.158,-1.5707,0.0,0.0,0.0,0.441
3.544,0,0.8,3.158,-1.5707,0.0,0.0,0.0,0.441
3.589,0,0.8,3.158,-1.5707,0.0,0.0,0.0,0.441
3.639,0,0.8,3.158,-1.5707,0.0,0.0,0.0,0.441
3.691,0,0.8,3.158,-1.5707,0.0,0.0,0.0,0.441
3.741,0,0.8,3.158,-1.5707,0.0,0.0,0.0,0.441
3.79,0,0.8,3.158,-1.5707,0.0,0.0,0.0,0.441
3.84,0,0.8,3.158,-1.5707,0.0,0.0,0.0,0.441
3.889,0,0.8,3.158,-1.5707,0.0,0.0,0.0,0.441
3.94,0,0.8,3.158,-1.5707,0.0,0.0,0.0,0.441
3.991,0,0.8,3.158,-1.5707,0.0,0.0,0.0,0.441
4.04,0,0.8,3.158,-1.5707,0.0,0.0,0.0,0.441
4.09,0,0.8,3.158,-1.5707,0.0,0.0,0.0,0.441
4.14,0,0.8,3.158,-1.5707,0.0,0.0,0.0,0.441
4.19,0,0.8,3.158,-1.5707,0.0,0.0,0.0,0.441
4.24,0,0.8,3.158,-1.5707,0.0,0.0,0.0,0.441
4.29,0,0.8,3.158,-1.5707,0.0,0.0,0.0,0.441
4.34,0,0.8,3.158,-1.5707,0.0,0.0,0.0,0.441
4.391,0,0.8,3.158,-1.5707,0.0,0.0,0.0,0.441
4.44,0,0.8,3.158,-1.5707,0.0,0.0,0.0,0.441
4.49,0,0.8,3.158,-1.5707,0.0,0.0,0.0,0.441
4.541,0,0.8,3.158,-1.5707,0.0,0.0,0.0,0.441
4.591,0,0.8,3.158,-1.5707,0.0,0.0,0.0,0.441
4.64,0,0.801,3.158,-1.5707,0.0,0.0,0.0,0.441
4.69,0,0.801,3.158,-1.5707,0.0,0.0,0.0,0.441
4.739,0,0.801,3.158,-1.5707,0.0,0.0,0.0,0.441
4.791,0,0.801,3.158,-1.5707,0.0,0.0,0.0,0.441
4.84,0,0.801,3.158,-1.5707,0.0,0.0,0.0,0.441
4.89,0,0.801,3.158,-1.5707,0.0,0.0,0.0,0.441
4.942,0,0.801,3.158,-1.5707,0.0,0.0,0.0,0.441
4.989,0,0.801,3.158,-1.5707,0.0,0.0,0.0,0.441
5.04,0,0.801,3.158,-1.5707,0.0,0.0,0.0,0.441
5.091,0,0.801,3.158,-1.5707,0.0,0.0,0.0,0.441
5.14,0,0.801,3.158,-1.5707,0.0,0.0,0.0,0.441
5.194,0,0.801,3.158,-1.5707,0.0,0.0,0.0,0.441
5.24,0,0.801,3.158,-1.5707,0.0,0.0,0.0,0.441
5.29,0,0.801,3.158,-1.5707,0.0,0.0,0.0,0.441
5.34,0,0.801,3.158,-1.5707,0.0,0.0,0.0,0.441
5.39,0,0.801,3.158,-1.5707,0.0,0.0,0.0,0.441
5.44,0,0.801,3.158,-1.5707,0.0,0.0,0.0,0.441
5.49,0,0.801,3.158,-1.5707,0.0,0.0,0.0,0.441
5.539,0,0.801,3.158,-1.5707,0.0,0.0,0.0,0.441
5.591,0,0.801,3.158,-1.5707,0.0,0.0,0.0,0.441
5.64,0,0.801,3.158,-1.5707,0.0,0.0,0.0,0.441
5.69,0,0.801,3.158,-1.5707,0.0,0.0,0.0,0.441
5.74,0,0.801,3.158,-1.5707,0.0,0.0,0.0,0.441
5.79,0,0.801,3.158,-1.5707,0.0,0.0,0.0,0.441
5.84,0,0.801,3.158,-1.5707,0.0,0.0,0.0,0.441
5.889,0,0.801,3.158,-1.5707,0.0,0.0,0.0,0.441
5.94,0,0.801,3.158,-1.5707,0.0,2.27,0.1621,0.441
5.99,0,0.801,3.158,-1.5707,0.0,2.27,0.1621,0.441
6.041,1,0.801,3.15,-1.5693,0.228,2.294,0.1496,0.441
6.089,1,0.801,3.124,-1.5602,0.496,2.294,0.1507,0.441
6.139,1,0.802,3.079,-1.5391,0.844,2.294,0.1408,0.441
6.189,1,0.804,3.027,-1.5178,1.094,2.316,0.1213,0.441
6.24,1,0.809,2.965,-1.4914,1.341,2.316,0.1125,0.446
6.29,1,0.814,2.914,-1.4757,1.491,2.338,0.0911,0.448
6.34,1,0.824,2.826,-1.447,1.744,2.36,0.0567,0.421
6.39,1,0.84,2.721,-1.4199,2.048,2.383,0.0216,0.39
6.439,1,0.864,2.578,-1.3979,2.374,2.407,-0.0103,0.355
6.49,1,0.881,2.485,-1.3937,2.43,2.432,-0.0343,0.321
6.539,1,0.901,2.368,-1.3992,2.473,2.487,-0.0651,0.29
6.589,1,0.925,2.217,-1.4208,2.516,2.517,-0.069,0.264
6.64,1,0.942,2.094,-1.4434,2.544,2.549,-0.0711,0.233
6.69,1,0.956,1.969,-1.4686,2.577,2.582,-0.0608,0.217
6.74,1,0.966,1.839,-1.4933,2.615,2.647,-0.0562,0.204
6.791,1,0.972,1.747,-1.5083,2.634,2.679,-0.0444,0.198
6.84,1,0.977,1.64,-1.5246,2.675,2.71,-0.0302,0.188
6.89,1,0.982,1.434,-1.553,2.728,2.772,-0.0175,0.191
6.941,1,0.984,1.298,-1.5631,2.782,2.802,-0.0043,0.191
6.991,1,0.984,1.163,-1.569,2.822,2.832,-0.0,0.192
7.04,1,0.984,1.026,-1.5704,2.85,2.891,0.0,0.191
7.091,1,0.984,0.891,-1.5712,2.886,2.949,0.0043,0.19
7.139,1,0.984,0.75,-1.5701,2.935,2.978,0.0093,0.188
7.189,1,0.984,0.568,-1.5673,2.997,3.006,0.0096,0.185
7.241,1,0.985,0.423,-1.5633,3.028,3.062,0.0086,0.179
7.29,1,0.987,0.273,-1.5591,3.063,3.089,0.0086,0.176
7.34,1,0.988,0.183,-1.5571,3.095,3.143,0.0086,0.171
7.389,1,0.992,-0.017,-1.552,3.136,3.197,0.0106,0.165
7.441,1,0.995,-0.172,-1.5481,3.176,3.223,0.0089,0.158
7.49,1,1.0,-0.369,-1.5417,3.241,3.275,0.0056,0.146
7.541,1,1.004,-0.484,-1.5397,3.266,3.301,0.0,0.142
7.59,1,1.008,-0.619,-1.5378,3.299,3.351,0.0,0.133
7.641,1,1.016,-0.826,-1.5356,3.343,3.401,-0.0064,0.125
7.689,1,1.021,-0.964,-1.5356,3.375,3.426,-0.0093,0.117
7.739,1,1.029,-1.207,-1.5392,3.439,3.37,-0.0143,0.106
7.791,1,1.034,-1.373,-1.544,3.454,3.295,-0.0183,0.102
7.84,1,1.036,-1.493,-1.5479,3.434,3.259,-0.0172,0.1
7.889,1,1.04,-1.686,-1.5569,3.387,3.188,-0.0216,0.097
7.941,1,1.041,-1.867,-1.5656,3.338,3.154,-0.0273,0.098
7.99,1,1.04,-1.975,-1.5739,3.285,3.087,-0.0277,0.1
8.039,1,1.036,-2.213,-1.5947,3.186,3.023,-0.0259,0.103
8.091,1,1.033,-2.323,-1.603,3.156,2.96,-0.0345,0.105
8.14,1,1.026,-2.473,-1.6169,3.094,2.93,-0.0345,0.112
8.19,1,1.018,-2.619,-1.6315,3.045,2.87,-0.0487,0.129
8.24,1,1.003,-2.822,-1.6529,2.982,2.841,-0.0409,0.156
8.29,1,0.994,-2.922,-1.6651,2.956,2.784,-0.0474,0.166
8.34,1,0.978,-3.064,-1.6857,2.903,2.756,-0.0494,0.187
8.389,1,0.957,-3.224,-1.7063,2.858,2.701,-0.056,0.21
8.44,1,0.93,-3.393,-1.7345,2.802,2.674,-0.0623,0.251
8.49,1,0.914,-3.483,-1.7482,2.777,2.62,-0.069,0.27
8.539,1,0.875,-3.676,-1.7854,2.711,2.593,-0.0661,0.311
8.589,1,0.847,-3.793,-1.8105,2.677,2.567,-0.0647,0.378
8.64,1,0.824,-3.881,-1.8264,2.652,2.513,-0.0741,0.402
8.689,1,0.783,-4.022,-1.8559,2.623,2.486,-0.0647,0.442
8.74,1,0.737,-4.167,-1.8892,2.571,2.459,-0.0697,0.49
8.79,1,0.696,-4.285,-1.9123,2.541,2.404,-0.0795,0.526
8.84,1,0.665,-4.368,-1.9284,2.515,2.375,-0.0825,0.545
8.89,1,0.62,-4.481,-1.9589,2.476,2.347,-0.0739,0.584
8.94,1,0.556,-4.625,-1.9945,2.419,2.317,-0.0643,0.623
8.99,1,0.509,-4.725,-2.0194,2.388,2.286,-0.0598,0.657
9.04,1,0.456,-4.83,-2.0422,2.358,2.22,-0.0776,0.693
9.09,1,0.408,-4.919,-2.0641,2.328,2.185,-0.0732,0.643
9.139,1,0.346,-5.028,-2.0897,2.284,2.147,-0.0776,0.587
9.189,1,0.276,-5.146,-2.1205,2.233,2.108,-0.076,0.542
9.24,1,0.225,-5.225,-2.1413,2.186,2.068,-0.0846,0.509
9.29,1,0.168,-5.311,-2.1656,2.148,2.026,-0.0797,0.475
9.34,1,0.11,-5.392,-2.1916,2.102,1.938,-0.096,0.438
9.389,1,0.068,-5.449,-2.2091,2.075,1.938,-0.0874,0.4
9.44,1,-0.018,-5.559,-2.247,2.006,1.892,-0.0829,0.369
9.49,1,-0.079,-5.631,-2.272,1.974,1.845,-0.0909,0.345
9.539,1,-0.124,-5.683,-2.2894,1.938,1.796,-0.0922,0.319
9.59,1,-0.214,-5.78,-2.3274,1.88,1.745,-0.084,0.291
9.64,1,-0.274,-5.841,-2.3505,1.819,1.694,-0.0571,0.262
9.69,1,-0.336,-5.901,-2.3708,1.777,1.64,-0.0447,0.234
9.74,1,-0.402,-5.963,-2.3853,1.718,1.585,-0.0417,0.224
9.79,1,-0.46,-6.017,-2.3967,1.664,1.527,-0.0483,0.216
9.84,1,-0.52,-6.071,-2.4094,1.599,1.468,-0.0606,0.207
9.889,1,-0.589,-6.132,-2.4243,1.533,1.402,-0.0797,0.198
9.941,1,-0.639,-6.175,-2.4345,1.516,1.402,-0.0755,0.187
9.989,1,-0.701,-6.226,-2.4526,1.46,1.328,-0.1028,0.179
10.04,1,-0.751,-6.266,-2.4708,1.394,1.24,-0.1257,0.176
10.089,1,-0.792,-6.297,-2.4888,1.325,1.169,-0.1367,0.17
10.14,1,-0.852,-6.342,-2.5181,1.252,1.169,-0.1241,0.165
10.19,1,-0.906,-6.379,-2.5431,1.212,1.169,-0.1607,0.161
10.24,1,-0.963,-6.416,-2.5728,1.205,1.169,-0.1815,0.159
10.289,1,-1.014,-6.447,-2.6015,1.204,1.169,-0.17,0.158
10.34,1,-1.065,-6.475,-2.6322,1.205,1.232,-0.2278,0.161
10.391,1,-1.103,-6.495,-2.6511,1.205,1.232,-0.2163,0.163
10.439,1,-1.164,-6.525,-2.6948,1.252,1.269,-0.2332,0.166
10.49,1,-1.235,-6.556,-2.7523,1.291,1.306,-0.276,0.154
10.54,1,-1.294,-6.577,-2.7941,1.308,1.306,-0.2531,0.146
10.589,1,-1.339,-6.592,-2.8254,1.321,1.34,-0.3143,0.14
10.64,1,-1.397,-6.608,-2.876,1.338,1.367,-0.289,0.126
10.689,1,-1.476,-6.624,-2.9559,1.357,1.389,-0.3185,0.114
10.74,1,-1.548,-6.633,-3.0199,1.381,1.389,-0.29,0.105
10.791,1,-1.613,-6.638,-3.079,1.397,1.406,-0.3281,0.099
10.84,1,-1.689,-6.638,3.138,1.404,1.421,-0.355,0.098
10.891,1,-1.754,-6.634,3.0651,1.417,1.421,-0.3144,0.101
10.94,1,-1.82,-6.625,2.9966,1.427,1.433,-0.3266,0.099
10.99,1,-1.879,-6.612,2.9309,1.429,1.44,-0.3383,0.103
11.04,1,-1.96,-6.59,2.8432,1.443,1.448,-0.3388,0.114
11.089,1,-2.04,-6.559,2.7517,1.45,1.458,-0.355,0.122
11.14,1,-2.094,-6.534,2.6965,1.454,1.458,-0.3154,0.127
11.19,1,-2.163,-6.494,2.6164,1.465,1.47,-0.2801,0.135
11.24,1,-2.205,-6.467,2.5692,1.481,1.485,-0.2807,0.14
11.289,1,-2.279,-6.413,2.4875,1.496,1.503,-0.281,0.149
11.34,1,-2.334,-6.365,2.4234,1.512,1.523,-0.2933,0.156
11.389,1,-2.384,-6.317,2.3611,1.524,1.523,-0.258,0.16
11.44,1,-2.446,-6.247,2.2826,1.544,1.545,-0.2736,0.165
11.49,1,-2.493,-6.188,2.2203,1.556,1.571,-0.2347,0.174
11.54,1,-2.535,-6.127,2.1647,1.588,1.6,-0.2473,0.177
11.589,1,-2.559,-6.089,2.1378,1.594,1.6,-0.2237,0.181
11.64,1,-2.612,-5.994,2.0594,1.615,1.637,-0.2383,0.184
11.69,1,-2.646,-5.922,2.0037,1.64,1.682,-0.2123,0.193
11.74,1,-2.68,-5.835,1.9346,1.689,1.723,-0.2132,0.197
11.79,1,-2.704,-5.766,1.8915,1.717,1.75,-0.2279,0.194
11.84,1,-2.724,-5.694,1.8368,1.755,1.765,-0.2163,0.19
11.89,1,-2.747,-5.589,1.7663,1.778,1.779,-0.1785,0.189
11.939,1,-2.761,-5.497,1.719,1.793,1.779,-0.167,0.198
11.989,1,-2.769,-5.42,1.6701,1.81,1.816,-0.1707,0.215
12.04,1,-2.775,-5.327,1.625,1.824,1.838,-0.1674,0.231
12.089,1,-2.777,-5.225,1.5796,1.845,1.838,-0.1428,0.245
12.14,1,-2.775,-5.136,1.538,1.866,1.862,-0.1469,0.257
12.19,1,-2.767,-5.031,1.4876,1.886,1.888,-0.1188,0.305
12.24,1,-2.759,-4.953,1.4588,1.909,1.915,-0.119,0.324
12.29,1,-2.749,-4.885,1.4342,1.926,1.943,-0.1192,0.362
12.34,1,-2.728,-4.763,1.3911,1.963,1.973,-0.0949,0.401
12.389,1,-2.712,-4.688,1.3605,1.977,2.004,-0.0921,0.445
12.44,1,-2.682,-4.561,1.3253,2.023,2.037,-0.0885,0.432
12.489,1,-2.65,-4.449,1.2908,2.062,2.071,-0.0792,0.411
12.54,1,-2.622,-4.357,1.2661,2.094,2.107,-0.0667,0.382
12.59,1,-2.59,-4.261,1.2441,2.121,2.144,-0.0626,0.373
12.64,1,-2.555,-4.163,1.225,2.159,2.221,-0.0588,0.356
12.689,1,-2.515,-4.059,1.205,2.195,2.221,-0.0462,0.341
12.74,1,-2.479,-3.968,1.1863,2.238,2.296,-0.0425,0.327
12.789,1,-2.445,-3.887,1.1736,2.264,2.333,-0.0394,0.313
12.84,1,-2.411,-3.808,1.165,2.298,2.333,-0.0346,0.306
12.89,1,-2.349,-3.668,1.1559,2.322,2.404,-0.034,0.286
12.94,1,-2.291,-3.544,1.1357,2.374,2.439,-0.0213,0.275
12.99,1,-2.24,-3.436,1.1243,2.435,2.507,-0.0172,0.266
13.04,1,-2.173,-3.298,1.1139,2.501,2.541,-0.0129,0.252
13.089,1,-2.117,-3.187,1.108,2.534,2.574,-0.0104,0.243
13.141,1,-2.076,-3.105,1.1053,2.559,2.607,-0.0,0.239
13.19,1,-2.012,-2.978,1.1019,2.595,2.671,0.0129,0.229
13.239,1,-1.944,-2.843,1.1027,2.643,2.651,0.0259,0.218
13.29,1,-1.892,-2.74,1.1088,2.687,2.602,0.0388,0.204
13.339,1,-1.829,-2.611,1.1228,2.66,2.552,0.0517,0.187
13.389,1,-1.765,-2.472,1.1451,2.615,2.46,0.0819,0.165
13.44,1,-1.726,-2.382,1.1628,2.573,2.427,0.0909,0.145
13.489,1,-1.669,-2.24,1.2014,2.491,2.388,0.1127,0.106
13.539,1,-1.626,-2.122,1.2393,2.447,2.38,0.1031,0.093
13.59,1,-1.592,-2.014,1.2752,2.424,2.379,0.1029,0.075
13.64,1,-1.562,-1.904,1.3093,2.413,2.379,0.0985,0.072
13.69,1,-1.545,-1.837,1.3264,2.411,2.379,0.0984,0.067
13.739,1,-1.518,-1.71,1.368,2.408,2.381,0.0918,0.081
13.79,1,-1.489,-1.543,1.4177,2.41,2.395,0.0989,0.098
13.84,1,-1.478,-1.462,1.4381,2.411,2.407,0.0946,0.102
13.889,1,-1.468,-1.364,1.4616,2.417,2.422,0.0953,0.127
13.939,1,-1.455,-1.18,1.5207,2.435,2.459,0.0907,0.15
13.99,1,-1.452,-1.057,1.5541,2.462,2.482,0.073,0.181
14.04,1,-1.453,-0.941,1.5826,2.486,2.507,0.0645,0.2
14.09,1,-1.457,-0.82,1.6072,2.509,2.533,0.0622,0.208
14.14,1,-1.46,-0.75,1.619,2.522,2.561,0.056,0.231
14.19,1,-1.474,-0.554,1.655,2.562,2.616,0.056,0.284
14.24,1,-1.487,-0.425,1.6776,2.598,2.644,0.0517,0.321
14.29,1,-1.498,-0.34,1.6902,2.622,2.672,0.0526,0.338
14.34,1,-1.515,-0.216,1.7123,2.668,2.727,0.0526,0.371
14.39,1,-1.542,-0.048,1.7366,2.706,2.755,0.0486,0.401
14.44,1,-1.565,0.079,1.7568,2.753,2.783,0.0447,0.417
14.49,1,-1.589,0.196,1.7748,2.783,2.839,0.0388,0.385
14.54,1,-1.63,0.38,1.798,2.829,2.867,0.0345,0.359
14.59,1,-1.659,0.499,1.8103,2.853,2.924,0.0345,0.352
14.64,1,-1.691,0.625,1.8239,2.891,2.953,0.0313,0.337
14.689,1,-1.724,0.746,1.8374,2.934,2.983,0.0259,0.324
14.74,1,-1.774,0.923,1.8525,2.982,2.954,0.0217,0.312
14.79,1,-1.813,1.052,1.8619,2.989,2.89,0.0135,0.296
14.84,1,-1.85,1.175,1.87,2.975,2.856,0.0043,0.279
14.89,1,-1.906,1.352,1.8771,2.935,2.817,-0.0,0.262
14.94,1,-1.946,1.479,1.8781,2.89,2.73,-0.0086,0.262
14.99,1,-1.991,1.621,1.8768,2.845,2.633,-0.0216,0.262
15.039,1,-2.039,1.774,1.869,2.746,2.587,-0.0312,0.262
15.09,1,-2.076,1.898,1.8603,2.681,2.542,-0.0345,0.272
15.14,1,-2.111,2.017,1.8495,2.629,2.458,-0.0574,0.279
15.192,1,-2.136,2.11,1.8379,2.578,2.418,-0.0611,0.291
15.24,1,-2.165,2.222,1.8265,2.533,2.381,-0.0692,0.304
15.289,1,-2.2,2.37,1.7912,2.45,2.31,-0.0788,0.315
15.339,1,-2.226,2.498,1.7651,2.391,2.277,-0.0856,0.323
15.391,1,-2.245,2.607,1.7407,2.35,2.246,-0.0896,0.328
15.44,1,-2.263,2.726,1.713,2.314,2.217,-0.0849,0.327
15.489,1,-2.275,2.828,1.6878,2.287,2.189,-0.089,0.325
15.541,1,-2.286,2.95,1.6559,2.252,2.162,-0.1014,0.325
15.59,1,-2.292,3.049,1.6277,2.214,2.109,-0.1221,0.311
15.639,1,-2.296,3.186,1.5797,2.16,2.083,-0.1217,0.279
15.69,1,-2.295,3.274,1.5509,2.138,2.083,-0.1092,0.266
15.74,1,-2.29,3.363,1.5164,2.114,2.031,-0.1397,0.244
15.79,1,-2.28,3.488,1.4763,2.093,2.005,-0.1483,0.228
15.84,1,-2.268,3.58,1.4385,2.062,1.979,-0.1492,0.206
15.89,1,-2.253,3.673,1.4002,2.035,1.953,-0.1706,0.189
15.94,1,-2.228,3.792,1.3497,2.003,1.928,-0.1697,0.175
15.99,1,-2.206,3.876,1.3055,1.964,1.904,-0.1691,0.165
16.04,1,-2.181,3.956,1.2626,1.949,1.88,-0.1689,0.157
16.09,1,-2.135,4.08,1.1948,1.914,1.858,-0.1979,0.146
16.139,1,-2.096,4.167,1.1398,1.876,1.839,-0.1985,0.142
16.19,1,-2.069,4.223,1.1105,1.876,1.821,-0.207,0.135
16.239,1,-2.018,4.313,1.0453,1.857,1.809,-0.1921,0.134
16.29,1,-1.961,4.402,0.9825,1.83,1.801,-0.2038,0.135
16.34,1,-1.913,4.469,0.9363,1.821,1.793,-0.2162,0.129
16.39,1,-1.854,4.542,0.8849,1.813,1.776,-0.2158,0.12
16.44,1,-1.789,4.614,0.8189,1.804,1.759,-0.2522,0.114
16.49,1,-1.728,4.673,0.7621,1.777,1.742,-0.2675,0.114
16.541,1,-1.661,4.732,0.6951,1.761,1.723,-0.2634,0.102
16.59,1,-1.607,4.773,0.6455,1.749,1.723,-0.2266,0.097
16.64,1,-1.524,4.828,0.5697,1.734,1.702,-0.2421,0.092
16.69,1,-1.443,4.874,0.5016,1.715,1.683,-0.2382,0.098
16.739,1,-1.374,4.908,0.445,1.698,1.668,-0.2862,0.099
16.79,1,-1.289,4.942,0.3668,1.667,1.658,-0.2853,0.082
16.84,1,-1.24,4.959,0.328,1.654,1.651,-0.2969,0.075
16.89,1,-1.141,4.985,0.2403,1.656,1.645,-0.3111,0.067
16.94,1,-1.072,4.998,0.1739,1.65,1.638,-0.3129,0.07
16.99,1,-0.985,5.008,0.0949,1.641,1.638,-0.3132,0.075
17.039,1,-0.889,5.011,0.0082,1.63,1.638,-0.2893,0.075
17.09,1,-0.826,5.008,-0.0468,1.634,1.638,-0.2724,0.076
17.14,1,-0.741,4.999,-0.1239,1.641,1.642,-0.2606,0.074
17.19,1,-0.651,4.982,-0.1983,1.646,1.643,-0.2606,0.062
17.24,1,-0.581,4.965,-0.2563,1.647,1.643,-0.249,0.062
17.29,1,-0.503,4.94,-0.3179,1.65,1.643,-0.2396,0.061
17.339,1,-0.413,4.905,-0.387,1.655,1.643,-0.2249,0.054
17.39,1,-0.353,4.878,-0.4276,1.655,1.643,-0.213,0.067
17.439,1,-0.264,4.832,-0.4975,1.657,1.645,-0.2032,0.084
17.49,1,-0.209,4.8,-0.5359,1.659,1.653,-0.2009,0.099
17.539,1,-0.139,4.754,-0.5836,1.665,1.675,-0.1648,0.112
17.589,1,-0.058,4.694,-0.6459,1.69,1.717,-0.1651,0.124
17.64,1,-0.003,4.651,-0.68,1.717,1.765,-0.1775,0.134
17.69,1,0.069,4.588,-0.7293,1.748,1.812,-0.1537,0.142
17.74,1,0.128,4.532,-0.7698,1.787,1.859,-0.1544,0.142
17.79,1,0.2,4.457,-0.8179,1.83,1.881,-0.1426,0.129
17.84,1,0.246,4.404,-0.8498,1.863,1.881,-0.1186,0.126
17.896,1,0.293,4.348,-0.882,1.89,1.902,-0.134,0.123
17.94,1,0.363,4.257,-0.9184,1.912,1.924,-0.1191,0.138
17.989,1,0.434,4.156,-0.9714,1.941,1.948,-0.1193,0.161
18.041,1,0.483,4.081,-1.0048,1.962,1.974,-0.1113,0.194
18.089,1,0.533,3.998,-1.0364,1.981,2.002,-0.1114,0.204
18.141,1,0.576,3.921,-1.067,2.009,2.032,-0.1129,0.225
18.189,1,0.622,3.831,-1.1008,2.036,2.063,-0.1079,0.245
18.24,1,0.668,3.734,-1.1396,2.07,2.094,-0.0957,0.272
18.29,1,0.706,3.646,-1.1701,2.099,2.125,-0.0935,0.311
18.339,1,0.738,3.563,-1.1981,2.125,2.156,-0.092,0.35
18.39,1,0.784,3.436,-1.2329,2.154,2.186,-0.0885,0.389
18.44,1,0.816,3.338,-1.2607,2.189,2.215,-0.09,0.418
18.49,1,0.849,3.224,-1.2906,2.218,2.243,-0.0884,0.387
18.539,2,0.875,3.124,-1.3231,2.249,2.294,-0.0933,0.358
18.59,2,0.899,3.02,-1.3527,2.274,2.316,-0.0804,0.333
18.639,2,0.918,2.923,-1.38,2.305,2.338,-0.0764,0.311
18.691,2,0.943,2.778,-1.4121,2.341,2.36,-0.0723,0.29
18.741,2,0.958,2.67,-1.4353,2.364,2.383,-0.0639,0.272
18.789,2,0.973,2.535,-1.4615,2.39,2.432,-0.0683,0.257
18.84,2,0.983,2.415,-1.4885,2.422,2.459,-0.0611,0.237
18.89,2,0.991,2.3,-1.5115,2.451,2.487,-0.0386,0.232
18.94,2,0.996,2.174,-1.5283,2.485,2.517,-0.0408,0.222
18.99,2,1.0,2.056,-1.5441,2.518,2.549,-0.0302,0.213
19.041,2,1.002,1.937,-1.5578,2.545,2.615,-0.0216,0.205
19.09,2,1.002,1.792,-1.5691,2.579,2.647,-0.0129,0.197
19.14,2,1.002,1.677,-1.5767,2.636,2.679,-0.0095,0.189
19.189,2,1.0,1.53,-1.5815,2.673,2.741,-0.0,0.185
19.24,2,0.998,1.386,-1.5843,2.713,2.772,0.0,0.186
19.29,2,0.997,1.293,-1.5855,2.734,2.832,0.005,0.186
19.339,2,0.994,1.104,-1.5849,2.805,2.862,0.0043,0.186
19.39,2,0.993,1.005,-1.5837,2.831,2.891,0.0043,0.187
19.44,2,0.991,0.842,-1.5817,2.866,2.949,0.0086,0.186
19.489,2,0.99,0.708,-1.5789,2.903,2.978,0.0086,0.185
19.54,2,0.989,0.57,-1.5755,2.944,3.034,0.0144,0.183
19.59,2,0.989,0.43,-1.5715,2.976,3.062,0.0147,0.18
19.64,2,0.989,0.24,-1.5644,3.043,3.116,0.0129,0.175
19.69,2,0.991,0.095,-1.5588,3.079,3.143,0.014,0.17
19.739,2,0.994,-0.08,-1.5529,3.125,3.197,0.0086,0.16
19.79,2,0.998,-0.24,-1.5459,3.165,3.249,0.0088,0.152
19.84,2,1.0,-0.349,-1.5436,3.188,3.275,0.006,0.148
19.889,2,1.007,-0.553,-1.5386,3.249,3.326,0.0,0.139
19.94,2,1.012,-0.704,-1.5375,3.286,3.351,-0.0,0.131
19.989,2,1.018,-0.886,-1.5375,3.327,3.401,-0.0,0.124
20.04,2,1.023,-1.041,-1.5375,3.364,3.426,-0.0043,0.116
20.09,2,1.029,-1.228,-1.5389,3.408,3.37,-0.014,0.105
20.139,2,1.033,-1.34,-1.5414,3.41,3.295,-0.0191,0.103
20.19,2,1.038,-1.557,-1.5504,3.383,3.223,-0.0233,0.099
20.24,2,1.04,-1.704,-1.5586,3.328,3.154,-0.0216,0.098
20.29,2,1.04,-1.887,-1.5693,3.267,3.12,-0.0216,0.099
20.34,2,1.039,-2.042,-1.5821,3.21,3.087,-0.0235,0.102
20.39,2,1.036,-2.188,-1.5927,3.159,3.023,-0.0259,0.104
20.44,2,1.032,-2.337,-1.5999,3.132,2.96,-0.0409,0.106
20.49,2,1.024,-2.521,-1.6172,3.059,2.93,-0.0388,0.114
20.541,2,1.015,-2.662,-1.6353,2.99,2.87,-0.0474,0.13
20.59,2,1.005,-2.791,-1.6506,2.951,2.812,-0.0431,0.148
20.639,2,0.987,-2.976,-1.6761,2.877,2.784,-0.0486,0.177
20.691,2,0.971,-3.109,-1.6936,2.839,2.756,-0.0489,0.199
20.739,2,0.959,-3.201,-1.7045,2.821,2.701,-0.056,0.211
20.79,2,0.93,-3.386,-1.7342,2.768,2.674,-0.0612,0.252
20.839,2,0.914,-3.475,-1.7466,2.744,2.647,-0.056,0.27
20.89,2,0.878,-3.655,-1.7809,2.691,2.593,-0.0647,0.332
20.94,2,0.857,-3.746,-1.7934,2.671,2.567,-0.069,0.354
20.99,2,0.819,-3.899,-1.8267,2.62,2.54,-0.0647,0.399
21.04,2,0.786,-4.014,-1.8512,2.581,2.486,-0.0733,0.439
21.09,2,0.745,-4.146,-1.8759,2.552,2.459,-0.0788,0.47
21.14,2,0.708,-4.255,-1.9057,2.51,2.432,-0.069,0.503
21.189,2,0.66,-4.383,-1.9347,2.472,2.404,-0.066,0.539
21.24,2,0.617,-4.489,-1.9617,2.438,2.347,-0.073,0.578
21.289,2,0.583,-4.567,-1.9791,2.421,2.317,-0.0729,0.618
21.34,2,0.518,-4.707,-2.0131,2.365,2.286,-0.064,0.651
21.391,2,0.46,-4.824,-2.043,2.322,2.22,-0.0766,0.682
21.439,2,0.408,-4.921,-2.0646,2.278,2.185,-0.0782,0.655
21.491,2,0.359,-5.007,-2.0866,2.248,2.147,-0.0813,0.598
21.54,2,0.306,-5.097,-2.1091,2.214,2.108,-0.0758,0.551
21.59,2,0.24,-5.202,-2.137,2.17,2.068,-0.0797,0.517
21.64,2,0.182,-5.291,-2.1617,2.111,2.026,-0.0836,0.484
21.69,2,0.126,-5.371,-2.1845,2.07,1.983,-0.0848,0.449
21.74,2,0.065,-5.453,-2.21,2.027,1.938,-0.0871,0.412
21.789,2,-0.008,-5.546,-2.2437,1.974,1.892,-0.0868,0.365
21.84,2,-0.05,-5.597,-2.2598,1.942,1.845,-0.0947,0.353
21.89,2,-0.109,-5.666,-2.2863,1.912,1.796,-0.0904,0.329
21.94,2,-0.193,-5.757,-2.3223,1.831,1.745,-0.0858,0.288
21.99,2,-0.234,-5.8,-2.3354,1.817,1.694,-0.0659,0.274
22.039,2,-0.308,-5.874,-2.3618,1.74,1.64,-0.0486,0.247
22.09,2,-0.378,-5.941,-2.3793,1.679,1.585,-0.0444,0.225
22.14,2,-0.419,-5.98,-2.3863,1.664,1.527,-0.0582,0.222
22.19,2,-0.483,-6.039,-2.3978,1.616,1.468,-0.0641,0.214
22.24,2,-0.545,-6.095,-2.4108,1.561,1.468,-0.0598,0.205
22.289,2,-0.588,-6.132,-2.4196,1.513,1.402,-0.0834,0.194
22.34,2,-0.655,-6.189,-2.4408,1.441,1.328,-0.1083,0.185
22.389,2,-0.701,-6.227,-2.4537,1.42,1.328,-0.1024,0.182
22.44,2,-0.765,-6.277,-2.4787,1.355,1.24,-0.1289,0.173
22.49,2,-0.83,-6.326,-2.5076,1.306,1.169,-0.1405,0.165
22.54,2,-0.872,-6.356,-2.5265,1.224,1.169,-0.1241,0.164
22.59,2,-0.924,-6.391,-2.5506,1.183,1.169,-0.16,0.16
22.64,2,-0.963,-6.416,-2.5732,1.178,1.169,-0.1867,0.159
22.689,2,-1.011,-6.445,-2.5992,1.18,1.169,-0.1696,0.158
22.739,2,-1.071,-6.479,-2.6368,1.177,1.232,-0.2288,0.161
22.79,2,-1.128,-6.508,-2.6719,1.214,1.232,-0.2162,0.164
22.84,2,-1.188,-6.536,-2.7179,1.238,1.269,-0.2168,0.161
22.89,2,-1.229,-6.553,-2.7412,1.241,1.306,-0.2634,0.156
22.94,2,-1.284,-6.574,-2.7848,1.272,1.306,-0.2525,0.149
22.989,2,-1.353,-6.597,-2.8317,1.289,1.34,-0.2995,0.141
23.04,2,-1.424,-6.616,-2.8929,1.316,1.367,-0.3014,0.128
23.09,2,-1.485,-6.628,-2.9489,1.346,1.367,-0.2822,0.117
23.14,2,-1.548,-6.637,-3.0071,1.361,1.389,-0.3013,0.109
23.189,2,-1.606,-6.642,-3.0628,1.367,1.406,-0.3249,0.104
23.24,2,-1.686,-6.644,3.1408,1.381,1.421,-0.3526,0.104
23.29,2,-1.76,-6.639,3.0683,1.391,1.433,-0.3734,0.107
23.339,2,-1.839,-6.628,2.9805,1.404,1.433,-0.3403,0.106
23.39,2,-1.9,-6.615,2.909,1.411,1.44,-0.3534,0.114
23.44,2,-1.946,-6.602,2.8656,1.411,1.448,-0.3496,0.119
23.489,2,-2.036,-6.568,2.7528,1.423,1.458,-0.3554,0.13
23.54,2,-2.097,-6.539,2.6828,1.429,1.458,-0.3148,0.134
23.59,2,-2.138,-6.516,2.6379,1.434,1.47,-0.2851,0.135
23.639,2,-2.215,-6.466,2.5517,1.463,1.485,-0.2858,0.142
23.69,2,-2.279,-6.418,2.4764,1.476,1.503,-0.2863,0.155
23.741,2,-2.331,-6.372,2.4177,1.488,1.503,-0.2571,0.16
23.79,2,-2.382,-6.322,2.359,1.502,1.523,-0.2635,0.162
23.84,2,-2.43,-6.271,2.3052,1.51,1.545,-0.2733,0.163
23.89,2,-2.467,-6.225,2.251,1.526,1.571,-0.2483,0.17
23.94,2,-2.525,-6.145,2.1772,1.563,1.571,-0.2237,0.177
23.99,2,-2.563,-6.084,2.127,1.576,1.6,-0.2233,0.181
24.04,2,-2.6,-6.018,2.0755,1.586,1.637,-0.2354,0.183
24.089,2,-2.625,-5.968,2.0367,1.606,1.682,-0.2292,0.191
24.14,2,-2.669,-5.864,1.9544,1.666,1.723,-0.229,0.198
24.19,2,-2.696,-5.788,1.9018,1.689,1.75,-0.2302,0.195
24.24,2,-2.723,-5.695,1.8338,1.724,1.765,-0.2199,0.188
24.29,2,-2.739,-5.624,1.7897,1.745,1.765,-0.1901,0.188
24.34,2,-2.752,-5.549,1.7372,1.767,1.779,-0.1541,0.191
24.39,2,-2.766,-5.44,1.6778,1.785,1.796,-0.1422,0.208
24.44,2,-2.771,-5.372,1.6437,1.798,1.816,-0.1552,0.224
24.489,2,-2.775,-5.259,1.5973,1.815,1.838,-0.1579,0.239
24.54,2,-2.775,-5.178,1.5578,1.839,1.862,-0.1428,0.251
24.59,2,-2.769,-5.069,1.5073,1.867,1.888,-0.1339,0.29
24.64,2,-2.764,-5.006,1.4841,1.873,1.915,-0.1187,0.309
24.689,2,-2.747,-4.877,1.4294,1.897,1.943,-0.1189,0.346
24.74,2,-2.734,-4.797,1.4039,1.921,1.973,-0.1079,0.384
24.79,2,-2.716,-4.708,1.3729,1.948,2.004,-0.1039,0.426
24.84,2,-2.694,-4.608,1.3434,1.982,2.037,-0.0965,0.44
24.889,2,-2.667,-4.503,1.3162,2.007,2.071,-0.0951,0.418
24.94,2,-2.641,-4.413,1.2875,2.039,2.107,-0.0788,0.397
24.99,2,-2.622,-4.354,1.2693,2.062,2.107,-0.0706,0.379
25.04,2,-2.575,-4.212,1.2348,2.121,2.183,-0.0627,0.362
25.09,2,-2.54,-4.118,1.2159,2.15,2.221,-0.0548,0.347
25.14,2,-2.509,-4.038,1.1982,2.184,2.259,-0.0462,0.332
25.19,2,-2.458,-3.913,1.1772,2.237,2.296,-0.0384,0.318
25.24,2,-2.414,-3.811,1.1628,2.287,2.333,-0.0342,0.305
25.29,2,-2.361,-3.692,1.1497,2.327,2.369,-0.0297,0.292
25.34,2,-2.32,-3.602,1.1387,2.362,2.439,-0.0271,0.28
25.389,2,-2.257,-3.468,1.1257,2.405,2.473,-0.0213,0.27
25.44,2,-2.207,-3.365,1.1179,2.449,2.507,-0.0186,0.256
25.49,2,-2.154,-3.258,1.1111,2.484,2.541,-0.0144,0.252
25.54,2,-2.095,-3.141,1.1055,2.532,2.607,-0.0,0.239
25.591,2,-2.054,-3.059,1.1019,2.549,2.639,0.0062,0.234
25.64,2,-1.998,-2.948,1.1013,2.601,2.671,0.0173,0.224
25.689,2,-1.929,-2.812,1.1024,2.633,2.602,0.0443,0.213
25.74,2,-1.867,-2.688,1.1105,2.674,2.552,0.0611,0.198
25.79,2,-1.802,-2.555,1.1249,2.637,2.502,0.074,0.169
25.84,2,-1.757,-2.456,1.1496,2.563,2.427,0.0961,0.158
25.89,2,-1.708,-2.34,1.176,2.53,2.427,0.0884,0.135
25.94,2,-1.66,-2.215,1.2111,2.462,2.388,0.0945,0.107
25.99,2,-1.623,-2.107,1.2432,2.434,2.38,0.0943,0.086
26.04,2,-1.58,-1.969,1.2859,2.404,2.379,0.0941,0.072
26.09,2,-1.554,-1.872,1.3133,2.395,2.379,0.094,0.069
26.14,2,-1.534,-1.786,1.3366,2.393,2.381,0.1112,0.071
26.19,2,-1.508,-1.664,1.3754,2.39,2.386,0.1042,0.086
26.24,2,-1.485,-1.52,1.4236,2.393,2.395,0.0854,0.098
26.289,2,-1.474,-1.43,1.453,2.399,2.407,0.0812,0.111
26.34,2,-1.46,-1.286,1.4919,2.412,2.439,0.0856,0.135
26.389,2,-1.453,-1.148,1.524,2.428,2.459,0.0865,0.158
26.44,2,-1.45,-1.021,1.5608,2.459,2.482,0.0736,0.189
26.49,2,-1.452,-0.902,1.5897,2.475,2.507,0.0657,0.207
26.54,2,-1.455,-0.815,1.6049,2.492,2.561,0.0689,0.215
26.589,2,-1.462,-0.695,1.6324,2.517,2.589,0.056,0.243
26.64,2,-1.475,-0.537,1.6615,2.561,2.616,0.0474,0.278
26.69,2,-1.488,-0.419,1.6794,2.593,2.672,0.056,0.314
26.74,2,-1.508,-0.257,1.7068,2.645,2.699,0.0529,0.364
26.79,2,-1.528,-0.13,1.7264,2.677,2.727,0.049,0.395
26.84,2,-1.543,-0.04,1.7384,2.695,2.755,0.0449,0.41
26.89,2,-1.574,0.123,1.7609,2.728,2.811,0.0474,0.408
26.94,2,-1.601,0.256,1.7817,2.768,2.839,0.0404,0.38
26.99,2,-1.624,0.357,1.7952,2.794,2.895,0.039,0.364
27.04,2,-1.659,0.5,1.8145,2.845,2.924,0.0312,0.35
27.089,2,-1.707,0.681,1.8347,2.898,2.953,0.0216,0.337
27.14,2,-1.747,0.822,1.8462,2.937,2.983,0.0224,0.324
27.19,2,-1.787,0.959,1.8562,2.968,2.954,0.0129,0.313
27.239,2,-1.836,1.121,1.8669,2.971,2.89,0.0094,0.295
27.29,2,-1.878,1.257,1.872,2.947,2.817,0.0,0.268
27.34,2,-1.908,1.351,1.874,2.917,2.775,-0.0,0.262
27.393,2,-1.957,1.507,1.8743,2.859,2.68,-0.0129,0.262
27.44,2,-2.003,1.656,1.8734,2.819,2.68,-0.0129,0.262
27.49,2,-2.041,1.78,1.8693,2.752,2.587,-0.0305,0.262
27.54,2,-2.086,1.927,1.8596,2.666,2.499,-0.0488,0.276
27.59,2,-2.111,2.013,1.8526,2.63,2.458,-0.056,0.283
27.641,2,-2.152,2.163,1.8304,2.538,2.418,-0.056,0.295
27.69,2,-2.18,2.276,1.8125,2.477,2.344,-0.0794,0.307
27.74,2,-2.207,2.397,1.7877,2.42,2.31,-0.0789,0.318
27.789,2,-2.235,2.535,1.7576,2.361,2.277,-0.0901,0.326
27.84,2,-2.253,2.641,1.733,2.323,2.246,-0.0912,0.332
27.89,2,-2.268,2.75,1.7042,2.29,2.217,-0.0891,0.329
27.94,2,-2.279,2.838,1.6815,2.268,2.189,-0.0904,0.327
27.99,2,-2.29,2.969,1.6515,2.236,2.162,-0.1056,0.324
28.04,2,-2.296,3.085,1.6132,2.188,2.109,-0.122,0.308
28.09,2,-2.297,3.187,1.5808,2.161,2.083,-0.1216,0.288
28.14,2,-2.295,3.287,1.5475,2.13,2.057,-0.1362,0.264
28.189,2,-2.291,3.369,1.5148,2.102,2.031,-0.1335,0.243
28.239,2,-2.277,3.519,1.4566,2.048,2.005,-0.1374,0.224
28.291,2,-2.264,3.609,1.4176,2.022,1.979,-0.1327,0.192
28.34,2,-2.252,3.676,1.3958,2.018,1.953,-0.1574,0.185
28.389,2,-2.222,3.81,1.3362,1.976,1.928,-0.173,0.173
28.44,2,-2.197,3.901,1.29,1.951,1.904,-0.1691,0.159
28.49,2,-2.177,3.965,1.2608,1.939,1.88,-0.1687,0.156
28.539,2,-2.145,4.053,1.2115,1.916,1.858,-0.193,0.149
28.589,2,-2.102,4.154,1.1534,1.876,1.839,-0.1924,0.14
28.64,2,-2.053,4.251,1.0899,1.846,1.821,-0.2069,0.134
28.69,2,-2.024,4.304,1.0591,1.841,1.809,-0.204,0.134
28.739,2,-1.968,4.391,0.9953,1.814,1.801,-0.2035,0.137
28.79,2,-1.906,4.477,0.9251,1.807,1.793,-0.2195,0.122
28.841,2,-1.868,4.524,0.8944,1.804,1.776,-0.2156,0.119
28.889,2,-1.799,4.601,0.8292,1.791,1.759,-0.2556,0.113
28.94,2,-1.726,4.673,0.7531,1.763,1.742,-0.2516,0.11
28.991,2,-1.681,4.712,0.7156,1.753,1.742,-0.2267,0.103
29.04,2,-1.604,4.771,0.6432,1.738,1.723,-0.2264,0.093
29.089,2,-1.521,4.825,0.5684,1.726,1.702,-0.2386,0.088
29.139,2,-1.44,4.871,0.4985,1.703,1.683,-0.2418,0.095
29.189,2,-1.363,4.909,0.4372,1.687,1.668,-0.2739,0.095
29.241,2,-1.294,4.937,0.3757,1.661,1.658,-0.2984,0.078
29.29,2,-1.224,4.96,0.3197,1.655,1.651,-0.297,0.072
29.34,2,-1.147,4.981,0.2437,1.647,1.645,-0.2968,0.064
29.39,2,-1.083,4.994,0.1886,1.643,1.638,-0.3088,0.069
29.439,2,-0.974,5.007,0.0967,1.631,1.638,-0.2844,0.075
29.489,2,-0.892,5.01,0.019,1.626,1.638,-0.2876,0.075
29.541,2,-0.824,5.008,-0.0368,1.623,1.638,-0.2842,0.076
29.59,2,-0.749,5.0,-0.103,1.623,1.642,-0.2722,0.075
29.639,2,-0.668,4.987,-0.1752,1.627,1.643,-0.2603,0.066
29.689,2,-0.589,4.968,-0.247,1.636,1.643,-0.2485,0.063
29.741,2,-0.51,4.944,-0.312,1.637,1.643,-0.2365,0.062
29.789,2,-0.42,4.91,-0.3831,1.642,1.643,-0.2408,0.057
29.84,2,-0.35,4.878,-0.436,1.641,1.643,-0.2155,0.075
29.891,2,-0.299,4.852,-0.4703,1.642,1.645,-0.2061,0.083
29.94,2,-0.208,4.799,-0.5392,1.648,1.653,-0.1886,0.098
29.99,2,-0.14,4.754,-0.574,1.653,1.675,-0.1766,0.111
30.039,2,-0.069,4.702,-0.6442,1.66,1.717,-0.1647,0.127
30.09,2,-0.008,4.653,-0.685,1.692,1.765,-0.1791,0.132
30.14,2,0.048,4.605,-0.7168,1.717,1.765,-0.1534,0.138
30.19,2,0.094,4.562,-0.748,1.746,1.812,-0.1417,0.14
30.239,2,0.183,4.472,-0.809,1.804,1.859,-0.1448,0.131
30.289,2,0.235,4.413,-0.8478,1.844,1.881,-0.1184,0.124
30.34,2,0.301,4.334,-0.8855,1.881,1.902,-0.1187,0.12
30.39,2,0.341,4.281,-0.9086,1.895,1.924,-0.1189,0.132
30.439,2,0.4,4.201,-0.9482,1.92,1.948,-0.1192,0.155
30.489,2,0.47,4.096,-0.9948,1.946,1.974,-0.1111,0.178
30.539,2,0.519,4.016,-1.0272,1.973,2.002,-0.1114,0.198
30.59,2,0.566,3.933,-1.0602,1.996,2.032,-0.1116,0.219
30.64,2,0.611,3.847,-1.0929,2.021,2.063,-0.1118,0.239
30.69,2,0.658,3.749,-1.1298,2.056,2.094,-0.0976,0.263
30.74,2,0.69,3.675,-1.1589,2.086,2.125,-0.0978,0.301
30.79,2,0.729,3.58,-1.1886,2.107,2.156,-0.096,0.341
30.84,2,0.776,3.451,-1.2243,2.145,2.186,-0.0982,0.38
30.889,2,0.809,3.352,-1.259,2.179,2.215,-0.0884,0.417
30.94,2,0.841,3.244,-1.2898,2.212,2.243,-0.0861,0.396
30.99,3,0.866,3.145,-1.3183,2.236,2.27,-0.0801,0.368
31.039,3,0.884,3.071,-1.3391,2.255,2.316,-0.0889,0.342
31.09,3,0.917,2.912,-1.3787,2.289,2.338,-0.0815,0.318
31.139,3,0.936,2.798,-1.4047,2.32,2.36,-0.0775,0.297
31.19,3,0.952,2.686,-1.4314,2.349,2.383,-0.0638,0.279
31.24,3,0.966,2.573,-1.4572,2.38,2.407,-0.0612,0.263
31.289,3,0.974,2.485,-1.4733,2.395,2.459,-0.0598,0.249
31.34,3,0.985,2.348,-1.4986,2.425,2.487,-0.0488,0.237
31.39,3,0.991,2.237,-1.5203,2.455,2.517,-0.0344,0.227
31.44,3,0.995,2.116,-1.5366,2.498,2.549,-0.0315,0.217
31.49,3,0.998,1.992,-1.55,2.531,2.615,-0.0216,0.208
31.54,3,1.0,1.828,-1.564,2.575,2.647,-0.0129,0.2
31.59,3,1.0,1.703,-1.571,2.607,2.679,-0.0086,0.191
31.641,3,0.999,1.573,-1.5761,2.655,2.741,-0.0043,0.184
31.69,3,0.998,1.439,-1.5798,2.682,2.772,-0.0,0.185
31.739,3,0.996,1.286,-1.5823,2.736,2.802,0.0,0.186
31.79,3,0.995,1.153,-1.5823,2.78,2.832,0.0,0.186
31.84,3,0.993,1.021,-1.5823,2.811,2.891,0.0062,0.186
31.89,3,0.992,0.873,-1.5814,2.847,2.949,0.0086,0.186
31.94,3,0.99,0.738,-1.5786,2.892,2.978,0.0086,0.184
31.991,3,0.99,0.588,-1.5743,2.941,3.006,0.0086,0.182
32.04,3,0.99,0.448,-1.5709,2.983,3.062,0.0129,0.179
32.09,3,0.99,0.288,-1.567,3.017,3.116,0.0129,0.175
32.14,3,0.992,0.108,-1.5599,3.075,3.143,0.0149,0.168
32.19,3,0.993,0.003,-1.5565,3.1,3.17,0.0086,0.165
32.24,3,0.997,-0.204,-1.5476,3.146,3.223,0.0093,0.153
32.29,3,1.0,-0.312,-1.5453,3.162,3.275,0.0043,0.15
32.34,3,1.005,-0.488,-1.5417,3.212,3.301,0.0,0.142
32.39,3,1.009,-0.608,-1.54,3.246,3.351,0.0,0.134
32.44,3,1.016,-0.832,-1.5389,3.304,3.376,-0.0,0.127
32.489,3,1.022,-1.025,-1.5389,3.353,3.426,-0.0062,0.115
32.541,3,1.027,-1.181,-1.54,3.392,3.37,-0.0086,0.109
32.589,3,1.03,-1.3,-1.5417,3.41,3.295,-0.0176,0.106
32.64,3,1.036,-1.51,-1.549,3.375,3.259,-0.0172,0.101
32.69,3,1.038,-1.664,-1.5566,3.327,3.188,-0.0216,0.099
32.739,3,1.039,-1.831,-1.5648,3.28,3.12,-0.0216,0.099
32.79,3,1.039,-2.018,-1.5773,3.203,3.087,-0.0274,0.102
32.84,3,1.038,-2.123,-1.5836,3.171,3.023,-0.0302,0.103
32.89,3,1.033,-2.32,-1.5999,3.108,2.991,-0.0302,0.105
32.94,3,1.027,-2.46,-1.6143,3.047,2.93,-0.0388,0.109
32.99,3,1.019,-2.602,-1.6297,3.006,2.87,-0.0474,0.124
33.04,3,1.007,-2.767,-1.6473,2.951,2.841,-0.0388,0.142
33.09,3,0.998,-2.866,-1.6621,2.911,2.812,-0.0397,0.161
33.139,3,0.978,-3.054,-1.6839,2.854,2.756,-0.0474,0.182
33.19,3,0.961,-3.188,-1.7005,2.82,2.729,-0.0517,0.203
33.24,3,0.942,-3.321,-1.7206,2.773,2.701,-0.0517,0.228
33.29,3,0.916,-3.472,-1.7432,2.737,2.647,-0.0647,0.257
33.34,3,0.893,-3.589,-1.767,2.705,2.593,-0.071,0.296
33.389,3,0.861,-3.732,-1.7918,2.663,2.567,-0.0777,0.338
33.441,3,0.832,-3.851,-1.8216,2.607,2.54,-0.0699,0.383
33.49,3,0.8,-3.963,-1.8482,2.574,2.486,-0.0705,0.43
33.541,3,0.758,-4.099,-1.8753,2.544,2.486,-0.056,0.46
33.59,3,0.713,-4.23,-1.9074,2.506,2.432,-0.0648,0.51
33.64,3,0.685,-4.308,-1.9196,2.493,2.404,-0.0646,0.529
33.69,3,0.629,-4.452,-1.9491,2.448,2.375,-0.0703,0.567
33.741,3,0.585,-4.557,-1.9729,2.408,2.317,-0.0771,0.607
33.79,3,0.539,-4.659,-1.9971,2.379,2.286,-0.0726,0.64
33.84,3,0.488,-4.766,-2.0228,2.341,2.254,-0.0723,0.674
33.89,3,0.43,-4.879,-2.0533,2.289,2.22,-0.0726,0.675
33.94,3,0.377,-4.976,-2.0783,2.25,2.147,-0.0802,0.62
33.99,3,0.346,-5.03,-2.0909,2.234,2.147,-0.0765,0.592
34.04,3,0.254,-5.18,-2.1328,2.174,2.068,-0.0896,0.512
34.089,3,0.21,-5.248,-2.1524,2.141,2.026,-0.0849,0.496
34.139,3,0.137,-5.353,-2.1828,2.09,1.983,-0.0834,0.46
34.189,3,0.079,-5.433,-2.2082,2.045,1.938,-0.0933,0.405
34.24,3,0.025,-5.503,-2.2266,2.01,1.892,-0.093,0.387
34.29,3,-0.024,-5.563,-2.2503,1.97,1.845,-0.1009,0.361
34.34,3,-0.098,-5.652,-2.2806,1.916,1.796,-0.0945,0.337
34.39,3,-0.168,-5.729,-2.3078,1.842,1.745,-0.0899,0.311
34.44,3,-0.232,-5.797,-2.336,1.794,1.694,-0.0702,0.27
34.489,3,-0.296,-5.861,-2.3583,1.746,1.64,-0.0527,0.256
34.541,3,-0.338,-5.901,-2.3683,1.72,1.585,-0.0485,0.232
34.589,3,-0.412,-5.973,-2.385,1.653,1.585,-0.0402,0.224
34.64,3,-0.469,-6.025,-2.3956,1.607,1.527,-0.054,0.216
34.69,3,-0.524,-6.075,-2.4067,1.565,1.468,-0.0599,0.208
34.74,3,-0.587,-6.13,-2.4201,1.508,1.402,-0.0854,0.198
34.789,3,-0.621,-6.159,-2.4311,1.484,1.402,-0.0752,0.188
34.84,3,-0.696,-6.221,-2.4526,1.42,1.328,-0.1025,0.181
34.891,3,-0.747,-6.263,-2.4705,1.368,1.24,-0.1257,0.175
34.94,3,-0.795,-6.3,-2.4905,1.292,1.169,-0.1363,0.169
34.991,3,-0.852,-6.341,-2.5194,1.229,1.169,-0.1239,0.165
35.04,3,-0.901,-6.375,-2.5396,1.182,1.169,-0.1616,0.161
35.089,3,-0.956,-6.41,-2.5694,1.173,1.169,-0.1464,0.159
35.141,3,-1.002,-6.439,-2.5934,1.174,1.169,-0.1839,0.157
35.19,3,-1.036,-6.459,-2.6088,1.175,1.232,-0.24,0.158
35.24,3,-1.098,-6.493,-2.6483,1.173,1.232,-0.2157,0.162
35.29,3,-1.149,-6.519,-2.6791,1.213,1.269,-0.228,0.165
35.34,3,-1.218,-6.549,-2.7326,1.247,1.306,-0.2749,0.159
35.391,3,-1.256,-6.565,-2.7567,1.263,1.306,-0.2639,0.154
35.44,3,-1.314,-6.585,-2.809,1.291,1.34,-0.2995,0.146
35.49,3,-1.392,-6.608,-2.8739,1.311,1.34,-0.2922,0.133
35.539,3,-1.464,-6.624,-2.9461,1.327,1.367,-0.2792,0.12
35.589,3,-1.531,-6.634,-3.0039,1.353,1.389,-0.301,0.11
35.64,3,-1.588,-6.639,-3.0504,1.364,1.406,-0.3404,0.104
35.69,3,-1.65,-6.642,-3.1072,1.378,1.421,-0.3633,0.1
35.74,3,-1.726,-6.639,3.1067,1.382,1.421,-0.3369,0.103
35.79,3,-1.8,-6.631,3.012,1.398,1.433,-0.3373,0.102
35.84,3,-1.865,-6.619,2.9413,1.406,1.44,-0.3642,0.105
35.889,3,-1.911,-6.608,2.8995,1.41,1.44,-0.326,0.111
35.94,3,-1.992,-6.581,2.8059,1.417,1.448,-0.3309,0.119
35.991,3,-2.05,-6.557,2.7441,1.423,1.458,-0.3384,0.126
36.04,3,-2.127,-6.518,2.6501,1.431,1.47,-0.2947,0.131
36.089,3,-2.19,-6.479,2.5749,1.45,1.485,-0.2944,0.135
36.14,3,-2.247,-6.439,2.5179,1.464,1.485,-0.2685,0.149
36.19,3,-2.304,-6.393,2.4567,1.478,1.503,-0.2833,0.156
36.241,3,-2.341,-6.36,2.4166,1.483,1.523,-0.2808,0.158
36.29,3,-2.393,-6.309,2.3715,1.492,1.545,-0.308,0.161
36.34,3,-2.456,-6.237,2.2674,1.515,1.571,-0.2459,0.164
36.39,3,-2.498,-6.181,2.2123,1.529,1.571,-0.2224,0.172
36.439,3,-2.545,-6.111,2.1441,1.562,1.6,-0.2389,0.178
36.49,3,-2.582,-6.047,2.0917,1.587,1.637,-0.2483,0.18
36.54,3,-2.622,-5.967,2.0262,1.602,1.682,-0.2257,0.189
36.59,3,-2.644,-5.917,1.9919,1.621,1.682,-0.2052,0.192
36.639,3,-2.685,-5.812,1.9157,1.68,1.723,-0.2011,0.195
36.69,3,-2.702,-5.757,1.8837,1.686,1.75,-0.2013,0.188
36.74,3,-2.728,-5.663,1.8266,1.727,1.765,-0.202,0.185
36.789,3,-2.744,-5.583,1.7735,1.749,1.779,-0.1827,0.185
36.84,3,-2.757,-5.501,1.7243,1.766,1.796,-0.1663,0.198
36.889,3,-2.769,-5.393,1.6683,1.786,1.816,-0.1827,0.223
36.941,3,-2.774,-5.302,1.6137,1.805,1.838,-0.1706,0.238
36.99,3,-2.775,-5.242,1.5861,1.815,1.838,-0.1457,0.245
37.039,3,-2.772,-5.14,1.5383,1.843,1.862,-0.1306,0.256
37.089,3,-2.764,-5.023,1.4839,1.865,1.888,-0.1185,0.306
37.141,3,-2.753,-4.934,1.4499,1.889,1.915,-0.1156,0.344
37.19,3,-2.744,-4.87,1.43,1.898,1.943,-0.1108,0.363
37.239,3,-2.726,-4.763,1.3921,1.936,1.973,-0.0967,0.402
37.29,3,-2.708,-4.677,1.3639,1.956,2.004,-0.0907,0.446
37.339,3,-2.689,-4.598,1.3398,1.981,2.037,-0.0926,0.431
37.389,3,-2.658,-4.48,1.3028,2.02,2.071,-0.0787,0.41
37.44,3,-2.621,-4.356,1.2688,2.056,2.107,-0.0664,0.382
37.49,3,-2.598,-4.287,1.2542,2.075,2.144,-0.0624,0.373
37.54,3,-2.554,-4.163,1.2252,2.136,2.183,-0.0502,0.356
37.59,3,-2.519,-4.07,1.2086,2.169,2.259,-0.0555,0.341
37.639,3,-2.469,-3.945,1.1859,2.232,2.296,-0.0476,0.326
37.69,3,-2.428,-3.847,1.169,2.273,2.333,-0.038,0.306
37.74,3,-2.386,-3.75,1.1557,2.307,2.369,-0.0339,0.299
37.79,3,-2.344,-3.656,1.1459,2.333,2.404,-0.0255,0.287
37.839,3,-2.3,-3.562,1.1352,2.364,2.439,-0.0213,0.276
37.889,3,-2.235,-3.425,1.1248,2.418,2.473,-0.0171,0.266
37.94,3,-2.188,-3.328,1.1172,2.462,2.541,-0.0129,0.257
37.99,3,-2.133,-3.216,1.1101,2.499,2.574,-0.0105,0.248
38.04,3,-2.074,-3.099,1.1055,2.538,2.607,-0.0,0.239
38.09,3,-2.019,-2.991,1.1015,2.568,2.671,0.0129,0.23
38.14,3,-1.947,-2.849,1.1031,2.635,2.651,0.0259,0.212
38.189,3,-1.896,-2.746,1.1079,2.665,2.602,0.0388,0.205
38.241,3,-1.847,-2.648,1.1159,2.666,2.552,0.056,0.189
38.29,3,-1.78,-2.505,1.1349,2.621,2.46,0.0862,0.17
38.341,3,-1.739,-2.414,1.153,2.565,2.427,0.0948,0.149
38.389,3,-1.679,-2.268,1.1915,2.485,2.403,0.0968,0.124
38.44,3,-1.639,-2.161,1.2261,2.436,2.388,0.0955,0.095
38.491,3,-1.6,-2.039,1.2657,2.409,2.379,0.107,0.081
38.541,3,-1.567,-1.924,1.3037,2.393,2.379,0.0983,0.072
38.59,3,-1.54,-1.812,1.3331,2.39,2.379,0.094,0.067
38.639,3,-1.514,-1.689,1.3726,2.388,2.381,0.0897,0.078
38.69,3,-1.494,-1.578,1.403,2.389,2.386,0.0912,0.091
38.739,3,-1.476,-1.443,1.4434,2.393,2.407,0.094,0.101
38.789,3,-1.465,-1.343,1.4678,2.398,2.422,0.094,0.123
38.84,3,-1.456,-1.228,1.5006,2.416,2.439,0.0903,0.147
38.89,3,-1.451,-1.111,1.5351,2.433,2.482,0.0815,0.168
38.94,3,-1.45,-0.986,1.5676,2.454,2.507,0.0687,0.188
38.989,3,-1.452,-0.89,1.5928,2.48,2.533,0.0688,0.206
39.04,3,-1.459,-0.724,1.6205,2.518,2.561,0.0689,0.225
39.091,3,-1.468,-0.61,1.6459,2.539,2.616,0.0618,0.26
39.141,3,-1.478,-0.5,1.668,2.573,2.644,0.0568,0.296
39.191,3,-1.492,-0.374,1.6908,2.61,2.672,0.0474,0.331
39.239,3,-1.51,-0.248,1.7123,2.649,2.699,0.0388,0.363
39.29,3,-1.536,-0.087,1.7372,2.684,2.755,0.0432,0.394
39.34,3,-1.56,0.049,1.7537,2.724,2.783,0.0388,0.422
39.389,3,-1.585,0.176,1.7687,2.76,2.839,0.0431,0.393
39.439,3,-1.621,0.34,1.7913,2.808,2.867,0.0388,0.364
39.49,3,-1.652,0.472,1.808,2.842,2.895,0.0352,0.348
39.54,3,-1.685,0.603,1.822,2.865,2.953,0.0302,0.341
39.589,3,-1.72,0.734,1.8334,2.897,2.981,0.0259,0.327
39.64,3,-1.759,0.873,1.8476,2.943,2.954,0.0216,0.315
39.689,3,-1.81,1.046,1.8613,2.97,2.923,0.0176,0.301
39.74,3,-1.852,1.182,1.8703,2.96,2.856,0.0098,0.275
39.79,3,-1.883,1.28,1.8744,2.947,2.817,0.0,0.267
39.84,3,-1.924,1.411,1.8788,2.897,2.73,-0.0086,0.262
39.889,3,-1.967,1.544,1.8788,2.854,2.68,-0.0193,0.262
39.94,3,-2.017,1.703,1.8727,2.751,2.587,-0.0305,0.262
39.989,3,-2.064,1.861,1.8606,2.666,2.542,-0.0345,0.262
40.04,3,-2.101,1.987,1.8495,2.608,2.499,-0.0388,0.28
40.091,3,-2.129,2.088,1.8393,2.572,2.458,-0.0474,0.286
40.141,3,-2.158,2.198,1.8242,2.514,2.381,-0.0647,0.297
40.19,3,-2.185,2.307,1.8069,2.468,2.344,-0.0745,0.31
40.239,3,-2.219,2.46,1.7806,2.408,2.31,-0.0772,0.319
40.29,3,-2.24,2.572,1.7563,2.361,2.277,-0.0875,0.327
40.339,3,-2.257,2.675,1.7283,2.31,2.246,-0.085,0.331
40.39,3,-2.269,2.761,1.7069,2.292,2.189,-0.1017,0.327
40.44,3,-2.282,2.878,1.6716,2.249,2.162,-0.111,0.326
40.489,3,-2.29,2.989,1.6403,2.218,2.136,-0.1095,0.318
40.54,3,-2.296,3.121,1.5962,2.16,2.109,-0.1048,0.298
40.589,3,-2.296,3.223,1.5638,2.134,2.083,-0.1102,0.275
40.641,3,-2.29,3.345,1.5164,2.097,2.057,-0.121,0.24
40.69,3,-2.285,3.418,1.4964,2.091,2.031,-0.1209,0.232
40.74,3,-2.27,3.549,1.4446,2.048,2.005,-0.1205,0.211
40.79,3,-2.255,3.641,1.4071,2.025,1.979,-0.134,0.19
40.84,3,-2.241,3.718,1.3789,2.013,1.953,-0.1449,0.176
40.89,3,-2.211,3.843,1.3268,1.975,1.928,-0.1623,0.166
40.941,3,-2.189,3.921,1.284,1.942,1.88,-0.1811,0.158
40.99,3,-2.157,4.016,1.2377,1.921,1.88,-0.1686,0.153
41.04,3,-2.121,4.107,1.1853,1.886,1.839,-0.2048,0.143
41.089,3,-2.078,4.2,1.1254,1.858,1.839,-0.1799,0.136
41.139,3,-2.03,4.289,1.0619,1.839,1.821,-0.1795,0.132
41.19,3,-1.995,4.347,1.0241,1.83,1.809,-0.1923,0.134
41.24,3,-1.935,4.437,0.9631,1.812,1.801,-0.2059,0.129
41.29,3,-1.881,4.509,0.9095,1.801,1.793,-0.2033,0.12
41.339,3,-1.822,4.578,0.8524,1.791,1.776,-0.216,0.114
41.39,3,-1.78,4.622,0.8196,1.79,1.759,-0.2553,0.113
41.44,3,-1.722,4.679,0.7635,1.777,1.742,-0.2516,0.114
41.49,3,-1.637,4.752,0.6966,1.748,1.723,-0.2755,0.105
41.54,3,-1.568,4.802,0.6245,1.733,1.702,-0.2627,0.097
41.59,3,-1.518,4.835,0.5795,1.722,1.683,-0.2796,0.097
41.64,3,-1.442,4.878,0.5028,1.697,1.668,-0.311,0.102
41.689,3,-1.344,4.924,0.4206,1.673,1.668,-0.2735,0.101
41.739,3,-1.258,4.956,0.3351,1.652,1.658,-0.2729,0.085
41.79,3,-1.184,4.978,0.2707,1.65,1.651,-0.285,0.07
41.84,3,-1.129,4.99,0.2282,1.635,1.645,-0.2964,0.068
41.889,3,-1.028,5.006,0.1398,1.636,1.638,-0.2966,0.075
41.939,3,-0.94,5.013,0.0488,1.62,1.638,-0.3017,0.078
41.989,3,-0.879,5.013,-0.0024,1.622,1.638,-0.3005,0.077
42.039,3,-0.789,5.007,-0.0762,1.62,1.638,-0.2752,0.078
42.091,3,-0.718,4.997,-0.1439,1.627,1.642,-0.2603,0.072
42.14,3,-0.635,4.98,-0.2108,1.63,1.643,-0.2516,0.064
42.19,3,-0.556,4.958,-0.2746,1.631,1.643,-0.251,0.062
42.24,3,-0.473,4.929,-0.3538,1.638,1.643,-0.2254,0.054
42.29,3,-0.422,4.908,-0.3907,1.639,1.643,-0.2125,0.052
42.34,3,-0.338,4.868,-0.452,1.644,1.645,-0.2006,0.069
42.391,3,-0.263,4.827,-0.5057,1.647,1.645,-0.191,0.085
42.44,3,-0.215,4.798,-0.539,1.648,1.653,-0.1766,0.099
42.489,3,-0.141,4.75,-0.5955,1.65,1.675,-0.1526,0.112
42.54,3,-0.058,4.688,-0.6493,1.675,1.717,-0.1529,0.122
42.59,3,0.006,4.636,-0.685,1.703,1.765,-0.1654,0.132
42.639,3,0.076,4.575,-0.7236,1.723,1.812,-0.1666,0.136
42.69,3,0.119,4.534,-0.7562,1.746,1.859,-0.1697,0.137
42.74,3,0.184,4.468,-0.802,1.805,1.881,-0.1424,0.128
42.79,3,0.265,4.377,-0.8505,1.854,1.881,-0.1305,0.125
42.84,3,0.31,4.322,-0.8889,1.88,1.924,-0.131,0.12
42.889,3,0.373,4.239,-0.928,1.893,1.948,-0.1312,0.141
42.939,3,0.434,4.151,-0.9719,1.924,1.948,-0.1191,0.163
42.99,3,0.484,4.073,-1.0066,1.949,1.974,-0.1029,0.185
43.039,3,0.541,3.976,-1.0475,1.975,2.002,-0.099,0.215
43.091,3,0.586,3.894,-1.0767,1.997,2.032,-0.1033,0.235
43.139,3,0.617,3.833,-1.095,2.019,2.063,-0.1097,0.245
43.19,3,0.673,3.717,-1.1364,2.051,2.094,-0.0955,0.276
43.241,3,0.711,3.627,-1.1675,2.087,2.125,-0.0958,0.315
43.29,3,0.738,3.561,-1.1896,2.106,2.156,-0.1012,0.355
43.339,3,0.779,3.451,-1.2275,2.145,2.215,-0.1005,0.394
43.39,3,0.821,3.321,-1.2652,2.182,2.243,-0.1007,0.414
43.44,3,0.849,3.223,-1.2938,2.215,2.27,-0.1024,0.384
43.489,4,0.88,3.102,-1.3254,2.241,2.294,-0.0886,0.356
43.54,4,0.905,2.987,-1.3627,2.276,2.316,-0.0803,0.32
43.59,4,0.926,2.876,-1.3919,2.303,2.338,-0.0763,0.309
43.644,4,0.931,2.844,-1.399,2.31,2.36,-0.0764,0.299
43.69,4,0.955,2.683,-1.4316,2.329,2.407,-0.0723,0.272
43.74,4,0.972,2.533,-1.4674,2.374,2.432,-0.0601,0.258
43.789,4,0.978,2.461,-1.4825,2.393,2.459,-0.0572,0.245
43.839,4,0.989,2.289,-1.5117,2.436,2.487,-0.0432,0.234
43.89,4,0.995,2.161,-1.5308,2.474,2.517,-0.0344,0.219
43.94,4,0.998,2.069,-1.5416,2.502,2.582,-0.0259,0.214
43.99,4,1.0,1.95,-1.5553,2.525,2.615,-0.022,0.205
44.039,4,1.001,1.785,-1.5665,2.595,2.647,-0.0129,0.196
44.09,4,1.001,1.657,-1.5739,2.631,2.679,-0.0086,0.188
44.14,4,1.0,1.534,-1.5789,2.663,2.741,-0.006,0.184
44.19,4,0.998,1.392,-1.5821,2.697,2.802,0.0,0.185
44.24,4,0.996,1.263,-1.5832,2.75,2.832,0.0,0.186
44.289,4,0.995,1.112,-1.5832,2.8,2.862,0.0048,0.186
44.34,4,0.993,0.973,-1.5817,2.845,2.891,0.0063,0.186
44.39,4,0.991,0.809,-1.5794,2.883,2.949,0.0093,0.184
44.44,4,0.991,0.71,-1.578,2.9,2.978,0.0086,0.183
44.49,4,0.99,0.531,-1.574,2.942,3.006,0.0086,0.181
44.541,4,0.99,0.394,-1.5701,2.982,3.062,0.0086,0.178
44.591,4,0.991,0.252,-1.5655,3.025,3.116,0.0149,0.174
44.64,4,0.992,0.084,-1.5605,3.066,3.143,0.0149,0.169
44.69,4,0.994,-0.056,-1.5537,3.115,3.197,0.0086,0.162
44.74,4,0.998,-0.235,-1.5473,3.151,3.223,0.0089,0.155
44.79,4,1.002,-0.376,-1.5428,3.196,3.275,0.0055,0.147
44.84,4,1.007,-0.543,-1.5395,3.228,3.326,0.0,0.139
44.89,4,1.014,-0.736,-1.5383,3.284,3.351,-0.0,0.127
44.94,4,1.017,-0.848,-1.5384,3.305,3.401,-0.0,0.123
44.99,4,1.024,-1.052,-1.5384,3.35,3.408,-0.0096,0.116
45.04,4,1.029,-1.208,-1.5412,3.389,3.37,-0.0086,0.109
45.09,4,1.033,-1.394,-1.5468,3.391,3.295,-0.0129,0.105
45.14,4,1.036,-1.546,-1.5527,3.367,3.223,-0.0172,0.101
45.19,4,1.038,-1.659,-1.5577,3.338,3.188,-0.0232,0.1
45.24,4,1.039,-1.905,-1.5727,3.239,3.12,-0.0219,0.101
45.29,4,1.038,-2.011,-1.579,3.219,3.054,-0.0259,0.103
45.34,4,1.034,-2.222,-1.5953,3.128,3.023,-0.0259,0.106
45.39,4,1.029,-2.368,-1.6062,3.086,2.96,-0.0345,0.109
45.44,4,1.023,-2.514,-1.6187,3.035,2.93,-0.0398,0.115
45.489,4,1.014,-2.657,-1.6341,2.983,2.87,-0.0407,0.13
45.54,4,1.003,-2.798,-1.6511,2.941,2.841,-0.039,0.148
45.59,4,0.991,-2.931,-1.6678,2.895,2.784,-0.049,0.167
45.64,4,0.97,-3.113,-1.6918,2.835,2.756,-0.0474,0.199
45.69,4,0.953,-3.238,-1.7096,2.803,2.701,-0.056,0.21
45.74,4,0.934,-3.364,-1.7259,2.769,2.674,-0.0624,0.236
45.79,4,0.906,-3.52,-1.755,2.72,2.62,-0.069,0.288
45.84,4,0.888,-3.612,-1.7686,2.693,2.593,-0.0708,0.308
45.89,4,0.856,-3.755,-1.8005,2.643,2.567,-0.0667,0.351
45.94,4,0.817,-3.904,-1.832,2.606,2.513,-0.0753,0.421
45.99,4,0.794,-3.986,-1.8468,2.59,2.486,-0.0734,0.438
46.039,4,0.745,-4.141,-1.8824,2.535,2.459,-0.069,0.468
46.09,4,0.708,-4.25,-1.9085,2.495,2.432,-0.0647,0.502
46.14,4,0.664,-4.366,-1.9255,2.474,2.404,-0.0697,0.538
46.191,4,0.62,-4.476,-1.9606,2.432,2.347,-0.0702,0.577
46.239,4,0.574,-4.582,-1.9846,2.402,2.317,-0.0641,0.617
46.289,4,0.511,-4.715,-2.0146,2.357,2.286,-0.0655,0.65
46.34,4,0.462,-4.815,-2.0375,2.316,2.254,-0.068,0.687
46.389,4,0.427,-4.882,-2.051,2.303,2.185,-0.0764,0.659
46.439,4,0.351,-5.019,-2.0865,2.243,2.147,-0.0803,0.578
46.49,4,0.306,-5.095,-2.1043,2.209,2.108,-0.08,0.555
46.54,4,0.253,-5.182,-2.1283,2.154,2.068,-0.088,0.52
46.59,4,0.18,-5.293,-2.1617,2.109,2.026,-0.0836,0.471
46.64,4,0.141,-5.348,-2.1763,2.091,1.983,-0.0834,0.453
46.69,4,0.074,-5.441,-2.2047,2.049,1.938,-0.0914,0.416
46.74,4,0.003,-5.533,-2.2319,2.003,1.892,-0.0953,0.369
46.789,4,-0.065,-5.616,-2.2651,1.929,1.845,-0.1005,0.358
46.84,4,-0.114,-5.673,-2.2864,1.882,1.796,-0.0943,0.333
46.89,4,-0.174,-5.739,-2.3124,1.836,1.745,-0.0899,0.306
46.941,4,-0.242,-5.81,-2.3432,1.775,1.694,-0.061,0.278
46.99,4,-0.305,-5.872,-2.3604,1.735,1.64,-0.0527,0.25
47.04,4,-0.372,-5.936,-2.3796,1.706,1.585,-0.0444,0.226
47.09,4,-0.413,-5.975,-2.3871,1.674,1.527,-0.0575,0.222
47.14,4,-0.485,-6.041,-2.4012,1.6,1.468,-0.0648,0.215
47.189,4,-0.538,-6.088,-2.4112,1.553,1.468,-0.0613,0.205
47.24,4,-0.598,-6.141,-2.4258,1.492,1.402,-0.0793,0.195
47.29,4,-0.65,-6.185,-2.44,1.441,1.328,-0.1067,0.186
47.34,4,-0.703,-6.228,-2.4558,1.414,1.328,-0.1026,0.18
47.389,4,-0.765,-6.277,-2.4793,1.349,1.24,-0.1296,0.174
47.439,4,-0.81,-6.311,-2.5011,1.272,1.169,-0.1376,0.168
47.49,4,-0.864,-6.35,-2.5243,1.238,1.169,-0.1241,0.164
47.547,4,-0.905,-6.378,-2.5453,1.183,1.169,-0.1619,0.161
47.59,4,-0.95,-6.407,-2.5562,1.176,1.169,-0.195,0.159
47.64,4,-1.01,-6.444,-2.5961,1.173,1.169,-0.1695,0.158
47.689,4,-1.065,-6.476,-2.6261,1.172,1.232,-0.2272,0.16
47.739,4,-1.124,-6.506,-2.6711,1.219,1.232,-0.2163,0.166
47.79,4,-1.171,-6.529,-2.7036,1.231,1.269,-0.2328,0.167
47.84,4,-1.225,-6.552,-2.7412,1.251,1.306,-0.2634,0.158
47.889,4,-1.29,-6.576,-2.7834,1.268,1.306,-0.2641,0.15
47.94,4,-1.345,-6.594,-2.831,1.287,1.34,-0.2993,0.142
47.99,4,-1.415,-6.613,-2.8989,1.316,1.367,-0.2881,0.123
48.04,4,-1.476,-6.625,-2.9512,1.329,1.389,-0.3122,0.117
48.089,4,-1.523,-6.633,-2.9945,1.346,1.389,-0.3009,0.108
48.14,4,-1.605,-6.64,-3.0678,1.372,1.406,-0.3251,0.103
48.189,4,-1.686,-6.641,3.1364,1.381,1.421,-0.3485,0.102
48.24,4,-1.749,-6.638,3.0753,1.389,1.421,-0.3255,0.105
48.29,4,-1.795,-6.633,3.0331,1.391,1.433,-0.3542,0.104
48.34,4,-1.882,-6.617,2.9389,1.398,1.44,-0.3491,0.104
48.391,4,-1.943,-6.6,2.8656,1.405,1.448,-0.3651,0.115
48.439,4,-1.988,-6.585,2.8152,1.416,1.448,-0.3262,0.123
48.49,4,-2.077,-6.547,2.7136,1.424,1.458,-0.3262,0.129
48.54,4,-2.135,-6.516,2.6472,1.432,1.47,-0.2962,0.133
48.59,4,-2.2,-6.475,2.5734,1.453,1.485,-0.2916,0.139
48.64,4,-2.24,-6.447,2.5295,1.462,1.485,-0.2732,0.149
48.69,4,-2.312,-6.39,2.4476,1.473,1.503,-0.2709,0.156
48.739,4,-2.377,-6.329,2.3737,1.491,1.523,-0.2826,0.162
48.79,4,-2.425,-6.278,2.312,1.506,1.545,-0.2811,0.164
48.84,4,-2.459,-6.237,2.2744,1.513,1.571,-0.2618,0.169
48.89,4,-2.503,-6.18,2.2066,1.531,1.571,-0.2224,0.177
48.939,4,-2.557,-6.097,2.1377,1.568,1.6,-0.2381,0.182
48.99,4,-2.595,-6.031,2.085,1.584,1.637,-0.2506,0.184
49.04,4,-2.634,-5.953,2.0141,1.615,1.682,-0.2245,0.195
49.09,4,-2.654,-5.907,1.9845,1.628,1.723,-0.2368,0.198
49.139,4,-2.684,-5.828,1.9251,1.673,1.723,-0.2011,0.198
49.189,4,-2.719,-5.716,1.8507,1.714,1.75,-0.2016,0.19
49.24,4,-2.737,-5.639,1.7994,1.739,1.765,-0.2077,0.189
49.289,4,-2.747,-5.593,1.7726,1.749,1.779,-0.1834,0.19
49.339,4,-2.765,-5.468,1.7001,1.779,1.796,-0.1664,0.204
49.39,4,-2.773,-5.384,1.6549,1.791,1.816,-0.1695,0.221
49.439,4,-2.777,-5.296,1.6117,1.803,1.838,-0.1546,0.237
49.49,4,-2.777,-5.231,1.5813,1.813,1.862,-0.1547,0.25
49.539,4,-2.773,-5.098,1.5167,1.85,1.888,-0.1306,0.262
49.59,4,-2.767,-5.025,1.4841,1.866,1.915,-0.1186,0.297
49.64,4,-2.755,-4.92,1.4481,1.894,1.915,-0.1107,0.335
49.69,4,-2.738,-4.816,1.4086,1.922,1.973,-0.1111,0.392
49.74,4,-2.721,-4.726,1.3778,1.951,1.973,-0.0946,0.436
49.79,4,-2.707,-4.659,1.358,1.972,2.004,-0.0908,0.448
49.84,4,-2.677,-4.539,1.319,2.003,2.071,-0.091,0.424
49.89,4,-2.648,-4.436,1.294,2.031,2.071,-0.0828,0.394
49.941,4,-2.617,-4.335,1.2619,2.076,2.107,-0.0666,0.376
49.989,4,-2.606,-4.303,1.2552,2.079,2.144,-0.068,0.376
50.039,4,-2.547,-4.138,1.2186,2.136,2.183,-0.0521,0.352
50.09,4,-2.515,-4.053,1.1994,2.166,2.259,-0.0461,0.337
50.14,4,-2.471,-3.945,1.182,2.21,2.296,-0.0379,0.323
50.189,4,-2.438,-3.867,1.17,2.246,2.333,-0.0382,0.31
50.24,4,-2.382,-3.738,1.1543,2.316,2.369,-0.0297,0.296
50.289,4,-2.327,-3.619,1.1418,2.358,2.404,-0.0276,0.284
50.34,4,-2.28,-3.517,1.1326,2.395,2.439,-0.0214,0.273
50.389,4,-2.22,-3.392,1.122,2.434,2.507,-0.0171,0.259
50.44,4,-2.169,-3.288,1.1149,2.474,2.541,-0.0176,0.249
50.489,4,-2.131,-3.212,1.1111,2.5,2.574,-0.0086,0.245
50.54,4,-2.063,-3.076,1.1036,2.558,2.639,0.0,0.236
50.589,4,-1.997,-2.946,1.1008,2.6,2.671,0.0129,0.227
50.64,4,-1.944,-2.841,1.1022,2.635,2.651,0.0259,0.216
50.69,4,-1.887,-2.729,1.1069,2.662,2.602,0.0433,0.203
50.74,4,-1.828,-2.608,1.1201,2.643,2.502,0.069,0.185
50.789,4,-1.784,-2.513,1.1377,2.605,2.46,0.0819,0.163
50.84,4,-1.719,-2.364,1.1724,2.511,2.427,0.0872,0.141
50.89,4,-1.676,-2.254,1.2029,2.465,2.403,0.0871,0.114
50.941,4,-1.631,-2.127,1.2415,2.429,2.38,0.0996,0.082
50.99,4,-1.606,-2.049,1.2585,2.42,2.379,0.1045,0.077
51.04,4,-1.573,-1.936,1.2954,2.396,2.379,0.1,0.069
51.089,4,-1.533,-1.774,1.3469,2.387,2.381,0.1068,0.071
51.14,4,-1.512,-1.667,1.3817,2.386,2.386,0.1025,0.085
51.19,4,-1.498,-1.589,1.4028,2.387,2.395,0.0986,0.091
51.24,4,-1.476,-1.423,1.4538,2.395,2.407,0.0855,0.112
51.291,4,-1.466,-1.311,1.4857,2.404,2.422,0.0827,0.136
51.34,4,-1.46,-1.229,1.5034,2.411,2.439,0.0787,0.147
51.39,4,-1.455,-1.108,1.5351,2.428,2.482,0.0784,0.169
51.439,4,-1.454,-0.951,1.569,2.455,2.507,0.0738,0.189
51.49,4,-1.456,-0.84,1.5971,2.489,2.533,0.0603,0.207
51.54,4,-1.463,-0.689,1.6277,2.526,2.589,0.0647,0.247
51.59,4,-1.472,-0.567,1.6503,2.555,2.616,0.0663,0.283
51.64,4,-1.481,-0.477,1.6639,2.577,2.644,0.0616,0.301
51.69,4,-1.495,-0.35,1.6899,2.61,2.672,0.0535,0.337
51.739,4,-1.518,-0.185,1.7178,2.657,2.727,0.0531,0.369
51.79,4,-1.538,-0.066,1.7369,2.685,2.755,0.0431,0.4
51.84,4,-1.565,0.083,1.7581,2.722,2.783,0.0388,0.42
51.889,4,-1.596,0.232,1.7779,2.766,2.839,0.0388,0.377
51.94,4,-1.624,0.357,1.7929,2.804,2.867,0.0388,0.36
51.99,4,-1.646,0.451,1.8019,2.825,2.924,0.0388,0.352
52.04,4,-1.691,0.631,1.8236,2.876,2.953,0.0355,0.337
52.089,4,-1.733,0.783,1.8434,2.929,2.983,0.028,0.325
52.14,4,-1.772,0.916,1.8563,2.966,2.954,0.0172,0.309
52.19,4,-1.8,1.011,1.863,2.978,2.923,0.0086,0.3
52.239,4,-1.857,1.195,1.8724,2.955,2.856,0.0052,0.282
52.29,4,-1.898,1.326,1.8757,2.927,2.817,-0.0,0.264
52.34,4,-1.928,1.42,1.8768,2.89,2.73,-0.01,0.262
52.39,4,-1.978,1.578,1.8767,2.842,2.68,-0.0185,0.262
52.44,4,-2.018,1.705,1.8727,2.776,2.587,-0.0309,0.262
52.49,4,-2.057,1.833,1.8656,2.719,2.542,-0.0392,0.263
52.54,4,-2.102,1.985,1.8496,2.606,2.458,-0.0537,0.277
52.589,4,-2.134,2.104,1.836,2.554,2.418,-0.056,0.289
52.641,4,-2.17,2.246,1.8115,2.475,2.381,-0.0606,0.306
52.69,4,-2.19,2.33,1.7999,2.45,2.344,-0.069,0.311
52.739,4,-2.222,2.483,1.7784,2.408,2.31,-0.0728,0.323
52.79,4,-2.244,2.599,1.7469,2.358,2.246,-0.0939,0.328
52.84,4,-2.26,2.704,1.7176,2.301,2.217,-0.0987,0.329
52.89,4,-2.271,2.79,1.6948,2.27,2.189,-0.0931,0.325
52.94,4,-2.284,2.921,1.6592,2.233,2.162,-0.1027,0.325
52.99,4,-2.291,3.027,1.6321,2.196,2.136,-0.1051,0.313
53.039,4,-2.295,3.15,1.5902,2.155,2.109,-0.1048,0.293
53.09,4,-2.294,3.248,1.5562,2.131,2.083,-0.109,0.27
53.14,4,-2.289,3.347,1.5244,2.109,2.031,-0.1336,0.246
53.189,4,-2.28,3.464,1.4885,2.079,2.031,-0.1209,0.231
53.239,4,-2.267,3.577,1.4353,2.043,1.979,-0.1499,0.21
53.29,4,-2.251,3.671,1.3976,2.01,1.953,-0.1754,0.183
53.34,4,-2.238,3.735,1.3739,1.993,1.928,-0.1695,0.176
53.39,4,-2.208,3.856,1.3098,1.953,1.904,-0.169,0.163
53.44,4,-2.182,3.941,1.2678,1.936,1.904,-0.1565,0.155
53.49,4,-2.16,4.003,1.2367,1.921,1.88,-0.1561,0.15
53.54,4,-2.111,4.126,1.1712,1.889,1.858,-0.1824,0.14
53.589,4,-2.066,4.22,1.1124,1.864,1.821,-0.2045,0.132
53.64,4,-2.031,4.285,1.0735,1.846,1.821,-0.1928,0.131
53.69,4,-1.986,4.36,1.0223,1.827,1.801,-0.216,0.134
53.74,4,-1.935,4.436,0.9699,1.812,1.793,-0.2321,0.132
53.79,4,-1.871,4.52,0.8946,1.79,1.793,-0.206,0.117
53.84,4,-1.834,4.561,0.8632,1.788,1.776,-0.2031,0.114
53.891,4,-1.773,4.626,0.7993,1.784,1.759,-0.2274,0.111
53.94,4,-1.694,4.7,0.734,1.758,1.742,-0.2573,0.108
53.99,4,-1.618,4.76,0.6559,1.733,1.723,-0.2384,0.093
54.039,4,-1.571,4.794,0.6137,1.72,1.702,-0.2531,0.09
54.09,4,-1.479,4.849,0.5312,1.702,1.683,-0.2536,0.091
54.14,4,-1.409,4.885,0.4666,1.68,1.668,-0.2911,0.094
54.19,4,-1.33,4.92,0.4012,1.675,1.658,-0.2856,0.086
54.24,4,-1.258,4.946,0.3387,1.654,1.651,-0.297,0.072
54.289,4,-1.162,4.973,0.2479,1.637,1.651,-0.2777,0.059
54.34,4,-1.098,4.985,0.1958,1.638,1.645,-0.2725,0.06
54.39,4,-1.007,4.998,0.1123,1.635,1.638,-0.2859,0.068
54.44,4,-0.952,5.002,0.0721,1.624,1.638,-0.2986,0.068
54.49,4,-0.875,5.002,-0.0022,1.624,1.638,-0.2842,0.068
54.54,4,-0.774,4.995,-0.0896,1.62,1.642,-0.2888,0.069
54.59,4,-0.696,4.984,-0.1541,1.627,1.642,-0.2483,0.061
54.64,4,-0.625,4.969,-0.2158,1.632,1.643,-0.2644,0.055
54.689,4,-0.533,4.943,-0.2827,1.633,1.643,-0.2364,0.054
54.74,4,-0.463,4.918,-0.3465,1.637,1.643,-0.2278,0.05
54.79,4,-0.401,4.892,-0.4008,1.639,1.643,-0.2129,0.054
54.84,4,-0.313,4.85,-0.4569,1.642,1.645,-0.2126,0.071
54.89,4,-0.233,4.805,-0.5258,1.645,1.653,-0.1886,0.094
54.94,4,-0.167,4.763,-0.5696,1.652,1.675,-0.181,0.107
54.99,4,-0.145,4.749,-0.5825,1.654,1.675,-0.1673,0.107
55.039,4,-0.028,4.662,-0.6634,1.681,1.717,-0.153,0.128
55.09,4,0.033,4.61,-0.7046,1.711,1.765,-0.1691,0.133
55.14,4,0.09,4.559,-0.7377,1.746,1.812,-0.1575,0.135
55.19,4,0.16,4.49,-0.7892,1.802,1.859,-0.1556,0.127
55.24,4,0.215,4.431,-0.824,1.838,1.881,-0.1304,0.124
55.29,4,0.266,4.372,-0.8635,1.862,1.902,-0.1336,0.118
55.34,4,0.322,4.302,-0.8979,1.887,1.924,-0.1347,0.123
55.39,4,0.379,4.228,-0.9327,1.905,1.948,-0.1352,0.147
55.44,4,0.45,4.125,-0.9766,1.932,1.974,-0.1193,0.169
55.49,4,0.499,4.046,-1.0099,1.95,2.002,-0.1194,0.191
55.54,4,0.548,3.965,-1.0418,1.978,2.032,-0.1197,0.211
55.59,4,0.595,3.879,-1.0742,2.001,2.063,-0.12,0.232
55.639,4,0.646,3.776,-1.1107,2.034,2.094,-0.117,0.252
55.689,4,0.683,3.695,-1.1476,2.062,2.125,-0.104,0.289
55.74,4,0.723,3.601,-1.1809,2.096,2.156,-0.1051,0.328
55.791,4,0.761,3.5,-1.2094,2.122,2.186,-0.1002,0.368
55.839,4,0.801,3.384,-1.2434,2.157,2.215,-0.1005,0.406
55.89,4,0.831,3.288,-1.2766,2.185,2.243,-0.0971,0.405
55.939,4,0.857,3.192,-1.309,2.226,2.27,-0.0843,0.376
55.99,5,0.889,3.061,-1.3465,2.26,2.294,-0.076,0.338
56.041,5,0.905,2.983,-1.3648,2.281,2.316,-0.072,0.326
56.09,5,0.929,2.854,-1.3953,2.304,2.36,-0.0811,0.304
56.141,5,0.946,2.746,-1.4197,2.33,2.383,-0.068,0.284
56.189,5,0.965,2.594,-1.4561,2.369,2.407,-0.0597,0.269
56.24,5,0.975,2.482,-1.4782,2.394,2.432,-0.0573,0.247
56.29,5,0.982,2.403,-1.4907,2.408,2.459,-0.0519,0.241
56.34,5,0.989,2.287,-1.5117,2.442,2.517,-0.0429,0.23
56.389,5,0.996,2.129,-1.5344,2.482,2.549,-0.0344,0.22
56.441,5,0.999,2.008,-1.5472,2.515,2.582,-0.0279,0.211
56.49,5,1.0,1.888,-1.5592,2.557,2.615,-0.022,0.202
56.54,5,1.001,1.743,-1.5685,2.598,2.647,-0.0129,0.193
56.591,5,1.0,1.622,-1.5764,2.633,2.71,-0.0043,0.185
56.64,5,0.999,1.5,-1.5804,2.664,2.741,-0.0,0.185
56.689,5,0.997,1.327,-1.5829,2.725,2.802,0.0,0.186
56.74,5,0.996,1.197,-1.5829,2.771,2.832,0.0,0.186
56.79,5,0.994,1.099,-1.5829,2.792,2.862,0.0049,0.186
56.84,5,0.992,0.927,-1.5829,2.83,2.92,0.0092,0.186
56.891,5,0.991,0.793,-1.5817,2.867,2.949,0.0086,0.186
56.94,5,0.99,0.656,-1.5783,2.92,2.978,0.0086,0.184
56.989,5,0.989,0.487,-1.5735,2.958,3.034,0.0145,0.182
57.04,5,0.989,0.341,-1.5672,2.992,3.089,0.0142,0.177
57.09,5,0.99,0.202,-1.5613,3.03,3.116,0.0129,0.172
57.14,5,0.993,0.033,-1.5548,3.084,3.143,0.0107,0.166
57.19,5,0.996,-0.111,-1.5492,3.123,3.197,0.0043,0.159
57.24,5,1.0,-0.259,-1.545,3.16,3.249,0.0054,0.152
57.289,5,1.005,-0.46,-1.5417,3.208,3.301,0.0,0.14
57.344,5,1.008,-0.57,-1.5403,3.237,3.301,0.0,0.136
57.39,5,1.014,-0.754,-1.54,3.267,3.351,0.0,0.129
57.44,5,1.019,-0.916,-1.54,3.317,3.401,-0.0,0.122
57.49,5,1.025,-1.1,-1.54,3.362,3.408,-0.0043,0.115
57.541,5,1.03,-1.257,-1.54,3.403,3.332,-0.0129,0.107
57.59,5,1.034,-1.417,-1.5423,3.4,3.295,-0.0172,0.101
57.64,5,1.039,-1.601,-1.5496,3.351,3.223,-0.0216,0.097
57.69,5,1.041,-1.764,-1.56,3.306,3.154,-0.0259,0.096
57.74,5,1.041,-1.926,-1.571,3.249,3.087,-0.0259,0.098
57.79,5,1.039,-2.108,-1.5873,3.169,3.054,-0.0259,0.102
57.84,5,1.037,-2.215,-1.5938,3.139,2.991,-0.0349,0.103
57.889,5,1.03,-2.407,-1.61,3.075,2.96,-0.0345,0.106
57.94,5,1.023,-2.546,-1.6259,3.013,2.9,-0.0433,0.117
57.99,5,1.017,-2.644,-1.6373,2.985,2.87,-0.0362,0.134
58.04,5,1.0,-2.846,-1.6609,2.914,2.812,-0.0388,0.153
58.09,5,0.986,-2.978,-1.6749,2.88,2.784,-0.0446,0.173
58.139,5,0.965,-3.155,-1.6996,2.818,2.729,-0.0517,0.194
58.19,5,0.949,-3.265,-1.7151,2.788,2.701,-0.0517,0.217
58.24,5,0.929,-3.39,-1.7351,2.744,2.647,-0.0656,0.244
58.289,5,0.897,-3.561,-1.7654,2.695,2.62,-0.0647,0.28
58.34,5,0.871,-3.681,-1.7889,2.662,2.593,-0.0618,0.342
58.389,5,0.841,-3.807,-1.8114,2.635,2.567,-0.0603,0.364
58.44,5,0.817,-3.9,-1.8294,2.605,2.513,-0.0711,0.411
58.489,5,0.769,-4.066,-1.8639,2.562,2.486,-0.0691,0.462
58.54,5,0.733,-4.177,-1.8875,2.528,2.459,-0.069,0.495
58.59,5,0.693,-4.29,-1.9116,2.496,2.404,-0.0776,0.512
58.64,5,0.654,-4.394,-1.9354,2.462,2.375,-0.0774,0.548
58.69,5,0.603,-4.52,-1.9613,2.43,2.347,-0.078,0.587
58.74,5,0.56,-4.619,-1.9915,2.378,2.317,-0.0703,0.624
58.79,5,0.513,-4.717,-2.0156,2.349,2.254,-0.0766,0.657
58.839,5,0.448,-4.847,-2.0476,2.302,2.22,-0.0773,0.672
58.89,5,0.411,-4.915,-2.0622,2.281,2.185,-0.072,0.644
58.939,5,0.345,-5.033,-2.0926,2.24,2.147,-0.0778,0.589
58.989,5,0.293,-5.12,-2.1152,2.194,2.108,-0.0758,0.544
59.039,5,0.243,-5.198,-2.1386,2.148,2.068,-0.0805,0.511
59.089,5,0.171,-5.306,-2.1672,2.108,2.026,-0.0794,0.478
59.139,5,0.117,-5.382,-2.1902,2.061,1.938,-0.0956,0.442
59.189,5,0.043,-5.482,-2.2235,1.993,1.892,-0.1001,0.386
59.247,5,0.002,-5.533,-2.238,1.966,1.892,-0.0875,0.372
59.29,5,-0.066,-5.615,-2.2569,1.93,1.796,-0.1069,0.347
59.339,5,-0.141,-5.699,-2.3029,1.9,1.796,-0.0821,0.309
59.389,5,-0.182,-5.744,-2.3194,1.847,1.745,-0.0823,0.295
59.439,5,-0.24,-5.803,-2.3427,1.791,1.694,-0.0588,0.267
59.489,5,-0.32,-5.882,-2.3693,1.736,1.64,-0.0405,0.239
59.539,5,-0.381,-5.94,-2.3826,1.673,1.585,-0.0405,0.224
59.589,5,-0.429,-5.985,-2.3907,1.633,1.527,-0.0527,0.217
59.639,5,-0.485,-6.037,-2.4,1.601,1.468,-0.06,0.21
59.689,5,-0.558,-6.102,-2.4116,1.554,1.468,-0.0609,0.202
59.739,5,-0.601,-6.14,-2.4219,1.495,1.402,-0.0793,0.191
59.789,5,-0.674,-6.202,-2.4403,1.444,1.328,-0.1107,0.184
59.839,5,-0.724,-6.243,-2.4594,1.362,1.328,-0.1026,0.177
59.889,5,-0.777,-6.284,-2.4812,1.337,1.24,-0.1288,0.171
59.939,5,-0.826,-6.321,-2.5013,1.296,1.169,-0.1407,0.166
59.989,5,-0.882,-6.361,-2.5267,1.203,1.169,-0.124,0.162
60.039,5,-0.924,-6.389,-2.5522,1.174,1.169,-0.1464,0.159
60.089,5,-0.972,-6.42,-2.5717,1.171,1.169,-0.181,0.158
60.139,5,-1.029,-6.454,-2.6028,1.173,1.169,-0.1814,0.157
60.189,5,-1.079,-6.482,-2.6305,1.17,1.232,-0.2272,0.16
60.24,5,-1.131,-6.509,-2.666,1.209,1.232,-0.2161,0.164
60.289,5,-1.183,-6.534,-2.7071,1.229,1.269,-0.2291,0.166
60.339,5,-1.229,-6.553,-2.7455,1.25,1.306,-0.2636,0.156
60.389,5,-1.311,-6.584,-2.8063,1.281,1.34,-0.3107,0.145
60.439,5,-1.374,-6.603,-2.8583,1.298,1.34,-0.2879,0.138
60.489,5,-1.435,-6.617,-2.9143,1.323,1.367,-0.294,0.119
60.539,5,-1.479,-6.626,-2.949,1.327,1.389,-0.3121,0.114
60.589,5,-1.554,-6.636,-3.0227,1.356,1.389,-0.2894,0.106
60.639,5,-1.635,-6.641,-3.0958,1.375,1.406,-0.3299,0.1
60.689,5,-1.702,-6.641,3.123,1.379,1.421,-0.3493,0.103
60.739,5,-1.747,-6.638,3.0797,1.381,1.433,-0.3604,0.104
60.789,5,-1.833,-6.626,2.987,1.397,1.433,-0.3394,0.103
60.839,5,-1.893,-6.613,2.9176,1.404,1.44,-0.3502,0.106
60.889,5,-1.962,-6.593,2.8422,1.408,1.448,-0.3377,0.116
60.939,5,-2.013,-6.574,2.7764,1.414,1.458,-0.3379,0.124
60.989,5,-2.094,-6.536,2.6905,1.431,1.458,-0.3188,0.129
61.04,5,-2.153,-6.503,2.6233,1.436,1.47,-0.2831,0.131
61.089,5,-2.217,-6.461,2.5509,1.456,1.485,-0.2683,0.14
61.139,5,-2.266,-6.424,2.4977,1.471,1.503,-0.2805,0.149
61.189,5,-2.336,-6.364,2.4204,1.479,1.523,-0.2926,0.158
61.24,5,-2.386,-6.316,2.3578,1.493,1.523,-0.274,0.16
61.289,5,-2.436,-6.261,2.2938,1.51,1.545,-0.2739,0.164
61.34,5,-2.479,-6.207,2.2368,1.527,1.571,-0.2343,0.169
61.389,5,-2.513,-6.159,2.1898,1.549,1.6,-0.2466,0.176
61.439,5,-2.565,-6.078,2.1254,1.569,1.6,-0.2232,0.18
61.49,5,-2.601,-6.013,2.0735,1.588,1.637,-0.2354,0.182
61.54,5,-2.638,-5.939,2.0167,1.615,1.682,-0.2121,0.191
61.589,5,-2.671,-5.859,1.9612,1.654,1.723,-0.2367,0.198
61.639,5,-2.697,-5.786,1.9049,1.682,1.75,-0.231,0.195
61.689,5,-2.723,-5.697,1.851,1.709,1.75,-0.2016,0.19
61.739,5,-2.742,-5.617,1.7961,1.737,1.765,-0.19,0.188
61.789,5,-2.758,-5.523,1.7316,1.762,1.779,-0.1705,0.202
61.843,5,-2.764,-5.484,1.7196,1.764,1.796,-0.1805,0.202
61.889,5,-2.776,-5.343,1.6367,1.795,1.816,-0.1665,0.235
61.939,5,-2.779,-5.26,1.5924,1.806,1.838,-0.1545,0.242
61.99,5,-2.778,-5.175,1.5567,1.819,1.862,-0.1579,0.255
62.04,5,-2.773,-5.088,1.5172,1.842,1.888,-0.1332,0.272
62.089,5,-2.763,-4.977,1.4682,1.873,1.915,-0.1186,0.309
62.139,5,-2.752,-4.887,1.4347,1.902,1.943,-0.1189,0.366
62.189,5,-2.741,-4.821,1.4146,1.917,1.973,-0.1127,0.386
62.239,5,-2.718,-4.699,1.3716,1.948,2.004,-0.1029,0.428
62.289,5,-2.697,-4.609,1.3411,1.975,2.037,-0.1007,0.439
62.34,5,-2.681,-4.545,1.3207,2.002,2.071,-0.0961,0.417
62.389,5,-2.644,-4.416,1.285,2.033,2.107,-0.0747,0.398
62.439,5,-2.614,-4.324,1.2579,2.068,2.144,-0.0666,0.38
62.489,5,-2.576,-4.213,1.2321,2.113,2.183,-0.0595,0.364
62.539,5,-2.534,-4.1,1.2084,2.154,2.221,-0.0503,0.348
62.589,5,-2.496,-4.005,1.1929,2.193,2.259,-0.0508,0.325
62.639,5,-2.468,-3.935,1.1837,2.216,2.296,-0.0437,0.318
62.689,5,-2.426,-3.837,1.1664,2.257,2.333,-0.0338,0.305
62.739,5,-2.365,-3.699,1.1499,2.317,2.369,-0.0297,0.292
62.789,5,-2.318,-3.596,1.1376,2.357,2.404,-0.0256,0.28
62.839,5,-2.269,-3.492,1.1283,2.395,2.473,-0.0214,0.27
62.889,5,-2.21,-3.37,1.1184,2.441,2.507,-0.0184,0.257
62.939,5,-2.154,-3.257,1.1107,2.476,2.541,-0.014,0.248
62.989,5,-2.118,-3.185,1.1073,2.498,2.574,-0.009,0.244
63.039,5,-2.058,-3.067,1.1019,2.553,2.639,0.0057,0.235
63.089,5,-2.003,-2.959,1.0992,2.581,2.671,0.019,0.225
63.139,5,-1.926,-2.807,1.1043,2.65,2.651,0.0305,0.213
63.19,5,-1.87,-2.695,1.1138,2.664,2.602,0.0406,0.198
63.239,5,-1.817,-2.582,1.1261,2.645,2.502,0.0647,0.179
63.289,5,-1.754,-2.445,1.1444,2.602,2.46,0.0819,0.158
63.339,5,-1.703,-2.325,1.1808,2.501,2.403,0.0991,0.123
63.39,5,-1.672,-2.246,1.199,2.48,2.388,0.1046,0.109
63.439,5,-1.633,-2.136,1.2373,2.428,2.38,0.0943,0.086
63.489,5,-1.586,-1.987,1.2814,2.4,2.379,0.0955,0.075
63.54,5,-1.56,-1.89,1.3148,2.39,2.379,0.1036,0.068
63.589,5,-1.532,-1.769,1.3481,2.387,2.379,0.0897,0.068
63.639,5,-1.508,-1.645,1.385,2.386,2.386,0.0951,0.082
63.689,5,-1.489,-1.527,1.423,2.389,2.395,0.0863,0.093
63.739,5,-1.478,-1.44,1.448,2.395,2.407,0.0857,0.106
63.789,5,-1.463,-1.286,1.4856,2.406,2.422,0.0815,0.131
63.839,5,-1.456,-1.156,1.5218,2.422,2.459,0.0861,0.165
63.889,5,-1.452,-1.037,1.551,2.442,2.482,0.079,0.185
63.941,5,-1.453,-0.919,1.5792,2.461,2.507,0.0732,0.195
63.989,5,-1.454,-0.847,1.5934,2.471,2.533,0.0645,0.213
64.039,5,-1.462,-0.68,1.6303,2.521,2.589,0.0619,0.239
64.089,5,-1.473,-0.543,1.6559,2.554,2.616,0.0607,0.275
64.14,5,-1.486,-0.422,1.6776,2.598,2.644,0.0565,0.311
64.189,5,-1.501,-0.299,1.6992,2.627,2.672,0.0474,0.346
64.239,5,-1.524,-0.144,1.7276,2.663,2.727,0.0431,0.393
64.289,5,-1.546,-0.018,1.7453,2.694,2.755,0.0447,0.407
64.34,5,-1.572,0.119,1.7615,2.728,2.811,0.0431,0.394
64.389,5,-1.598,0.246,1.7788,2.766,2.839,0.0402,0.381
64.441,5,-1.616,0.325,1.7881,2.794,2.867,0.0449,0.364
64.489,5,-1.668,0.54,1.8165,2.853,2.924,0.0407,0.348
64.54,5,-1.692,0.635,1.8279,2.874,2.953,0.0259,0.336
64.589,5,-1.74,0.803,1.8459,2.916,2.983,0.0265,0.324
64.639,5,-1.784,0.956,1.8599,2.967,2.954,0.015,0.306
64.689,5,-1.826,1.093,1.8694,2.974,2.89,0.0043,0.288
64.739,5,-1.868,1.225,1.8747,2.949,2.817,-0.0,0.28
64.789,5,-1.911,1.364,1.8754,2.909,2.817,-0.0,0.263
64.839,5,-1.954,1.498,1.8754,2.86,2.73,-0.0101,0.263
64.89,5,-1.995,1.63,1.8737,2.802,2.68,-0.0176,0.263
64.939,5,-2.032,1.751,1.8683,2.743,2.587,-0.0259,0.263
64.99,5,-2.067,1.867,1.861,2.692,2.542,-0.0364,0.267
65.039,5,-2.103,1.989,1.8495,2.613,2.458,-0.0517,0.28
65.089,5,-2.146,2.147,1.8317,2.549,2.418,-0.056,0.292
65.139,5,-2.179,2.279,1.8057,2.457,2.381,-0.0572,0.309
65.189,5,-2.204,2.391,1.7848,2.414,2.344,-0.0657,0.319
65.239,5,-2.22,2.47,1.7715,2.387,2.277,-0.0854,0.322
65.289,5,-2.247,2.621,1.742,2.343,2.246,-0.0913,0.327
65.339,5,-2.263,2.725,1.7155,2.3,2.217,-0.0938,0.328
65.389,5,-2.276,2.84,1.6845,2.252,2.189,-0.0977,0.325
65.439,5,-2.287,2.955,1.6538,2.212,2.162,-0.1062,0.324
65.49,5,-2.292,3.055,1.6178,2.184,2.136,-0.1022,0.307
65.54,5,-2.294,3.167,1.5831,2.157,2.083,-0.1185,0.287
65.589,5,-2.292,3.276,1.5439,2.123,2.057,-0.1212,0.263
65.639,5,-2.285,3.398,1.5041,2.095,2.031,-0.1376,0.241
65.689,5,-2.278,3.48,1.4777,2.071,2.005,-0.1332,0.225
65.739,5,-2.265,3.577,1.4403,2.044,1.979,-0.1477,0.204
65.79,5,-2.249,3.679,1.401,2.017,1.953,-0.1574,0.186
65.84,5,-2.23,3.77,1.3613,1.99,1.928,-0.1695,0.173
65.89,5,-2.201,3.882,1.3025,1.949,1.904,-0.169,0.159
65.939,5,-2.182,3.945,1.275,1.936,1.88,-0.185,0.155
65.989,5,-2.141,4.058,1.2135,1.907,1.858,-0.193,0.15
66.039,5,-2.1,4.155,1.1551,1.883,1.839,-0.2066,0.137
66.089,5,-2.059,4.238,1.1008,1.85,1.821,-0.2099,0.133
66.139,5,-2.017,4.314,1.0517,1.832,1.809,-0.217,0.135
66.189,5,-1.985,4.365,1.0163,1.822,1.801,-0.2212,0.136
66.239,5,-1.914,4.467,0.9365,1.801,1.793,-0.2157,0.124
66.29,5,-1.862,4.531,0.8835,1.793,1.776,-0.2314,0.12
66.339,5,-1.817,4.582,0.8425,1.791,1.759,-0.2519,0.114
66.389,5,-1.741,4.659,0.7725,1.769,1.759,-0.2328,0.113
66.44,5,-1.686,4.708,0.7158,1.751,1.742,-0.2267,0.106
66.49,5,-1.622,4.758,0.6565,1.739,1.723,-0.2394,0.096
66.539,5,-1.536,4.818,0.5849,1.721,1.702,-0.2383,0.09
66.589,5,-1.455,4.865,0.5113,1.7,1.683,-0.2379,0.096
66.639,5,-1.387,4.899,0.4524,1.681,1.668,-0.2857,0.096
66.689,5,-1.316,4.929,0.3965,1.669,1.658,-0.2977,0.089
66.739,5,-1.233,4.959,0.3272,1.65,1.651,-0.3147,0.076
66.789,5,-1.158,4.98,0.2618,1.644,1.651,-0.2727,0.067
66.839,5,-1.087,4.994,0.1942,1.632,1.638,-0.3222,0.068
66.889,5,-1.032,5.002,0.1462,1.632,1.638,-0.3021,0.073
66.939,5,-0.927,5.009,0.0386,1.616,1.638,-0.2856,0.075
66.989,5,-0.868,5.009,-0.017,1.616,1.638,-0.2898,0.074
67.039,5,-0.753,4.999,-0.0876,1.62,1.642,-0.2996,0.069
67.089,5,-0.7,4.99,-0.1608,1.624,1.643,-0.2602,0.064
67.139,5,-0.594,4.965,-0.2587,1.632,1.643,-0.2532,0.058
67.189,5,-0.521,4.941,-0.3169,1.637,1.643,-0.2125,0.053
67.239,5,-0.446,4.913,-0.3733,1.639,1.643,-0.2154,0.049
67.289,5,-0.364,4.876,-0.4376,1.643,1.643,-0.1885,0.064
67.339,5,-0.305,4.845,-0.4769,1.643,1.645,-0.1886,0.072
67.389,5,-0.225,4.799,-0.5363,1.649,1.653,-0.1894,0.095
67.439,5,-0.179,4.77,-0.5642,1.65,1.675,-0.1646,0.101
67.489,5,-0.101,4.715,-0.6232,1.662,1.717,-0.1698,0.113
67.54,5,-0.033,4.663,-0.6632,1.68,1.765,-0.1786,0.123
67.589,5,0.029,4.611,-0.698,1.709,1.765,-0.1534,0.13
67.639,5,0.107,4.54,-0.7523,1.763,1.812,-0.1418,0.134
67.689,5,0.167,4.48,-0.792,1.793,1.859,-0.157,0.129
67.739,5,0.222,4.421,-0.8268,1.841,1.881,-0.1305,0.121
67.789,5,0.29,4.341,-0.8676,1.875,1.902,-0.1309,0.117
67.839,5,0.34,4.278,-0.9091,1.9,1.924,-0.119,0.126
67.889,5,0.396,4.202,-0.9428,1.92,1.948,-0.1192,0.15
67.939,5,0.461,4.106,-0.9884,1.941,1.974,-0.1193,0.183
67.989,5,0.505,4.035,-1.0146,1.953,2.002,-0.1195,0.193
68.039,5,0.556,3.948,-1.0516,1.98,2.032,-0.1115,0.214
68.089,5,0.6,3.865,-1.0791,1.999,2.063,-0.12,0.234
68.139,5,0.65,3.765,-1.1156,2.035,2.094,-0.1078,0.256
68.189,5,0.693,3.671,-1.1507,2.078,2.125,-0.1058,0.294
68.239,5,0.733,3.574,-1.1785,2.1,2.156,-0.1139,0.334
68.29,5,0.768,3.483,-1.2124,2.13,2.186,-0.1022,0.374
68.339,5,0.793,3.412,-1.2353,2.157,2.215,-0.1018,0.412
68.389,5,0.835,3.276,-1.2821,2.203,2.243,-0.0897,0.399
68.439,5,0.858,3.19,-1.3089,2.228,2.27,-0.0885,0.37
68.489,6,0.888,3.066,-1.3429,2.252,2.316,-0.0845,0.345
68.539,6,0.913,2.943,-1.3769,2.287,2.338,-0.0804,0.322
68.59,6,0.932,2.834,-1.4034,2.313,2.36,-0.0782,0.301
68.639,6,0.95,2.711,-1.4308,2.341,2.383,-0.0596,0.283
68.689,6,0.963,2.601,-1.4545,2.361,2.407,-0.0554,0.267
68.739,6,0.977,2.456,-1.4839,2.402,2.459,-0.0599,0.246
68.79,6,0.985,2.342,-1.5038,2.434,2.487,-0.0471,0.235
68.839,6,0.99,2.259,-1.5153,2.454,2.517,-0.0386,0.229
68.889,6,0.996,2.105,-1.5374,2.492,2.549,-0.0301,0.22
68.94,6,0.998,1.989,-1.5494,2.533,2.582,-0.0216,0.21
68.989,6,1.0,1.866,-1.5603,2.567,2.615,-0.0172,0.201
69.039,6,1.0,1.718,-1.5688,2.6,2.679,-0.0129,0.192
69.089,6,1.0,1.597,-1.5764,2.633,2.71,-0.0043,0.184
69.139,6,0.998,1.458,-1.5809,2.684,2.772,-0.0,0.186
69.189,6,0.997,1.385,-1.5832,2.708,2.772,0.0,0.186
69.239,6,0.995,1.184,-1.584,2.762,2.862,0.0064,0.187
69.289,6,0.992,1.021,-1.5837,2.809,2.891,0.0043,0.187
69.339,6,0.991,0.89,-1.5823,2.855,2.92,0.0106,0.187
69.39,6,0.99,0.79,-1.5811,2.878,2.978,0.0144,0.186
69.439,6,0.989,0.623,-1.5766,2.925,3.006,0.0132,0.184
69.489,6,0.988,0.484,-1.5715,2.962,3.062,0.0142,0.181
69.539,6,0.989,0.313,-1.565,3.007,3.089,0.013,0.176
69.589,6,0.991,0.173,-1.5593,3.044,3.116,0.0086,0.171
69.639,6,0.993,0.013,-1.5546,3.09,3.17,0.0105,0.165
69.689,6,0.997,-0.165,-1.5495,3.134,3.223,0.0098,0.155
69.739,6,0.999,-0.276,-1.547,3.159,3.249,0.0043,0.151
69.789,6,1.005,-0.483,-1.5406,3.215,3.301,0.0,0.139
69.839,6,1.008,-0.59,-1.5395,3.238,3.326,0.0,0.135
69.889,6,1.015,-0.793,-1.5392,3.291,3.376,-0.0,0.128
69.939,6,1.02,-0.947,-1.5392,3.338,3.426,-0.0,0.121
69.989,6,1.026,-1.125,-1.5392,3.374,3.408,-0.009,0.113
70.039,6,1.031,-1.288,-1.5409,3.4,3.332,-0.0129,0.106
70.089,6,1.035,-1.465,-1.5462,3.396,3.259,-0.0172,0.101
70.14,6,1.038,-1.616,-1.5535,3.358,3.188,-0.0264,0.099
70.19,6,1.04,-1.804,-1.5639,3.289,3.154,-0.0233,0.098
70.239,6,1.039,-1.95,-1.5753,3.23,3.087,-0.0216,0.101
70.289,6,1.037,-2.128,-1.5858,3.18,3.054,-0.0275,0.104
70.339,6,1.034,-2.266,-1.5973,3.117,2.991,-0.0302,0.105
70.389,6,1.028,-2.432,-1.6088,3.071,2.96,-0.0345,0.108
70.439,6,1.021,-2.565,-1.6227,3.021,2.9,-0.0441,0.121
70.489,6,1.008,-2.758,-1.6459,2.955,2.841,-0.0431,0.138
70.539,6,1.0,-2.851,-1.658,2.923,2.812,-0.0433,0.156
70.59,6,0.981,-3.034,-1.6839,2.859,2.756,-0.0536,0.187
70.639,6,0.969,-3.13,-1.6945,2.834,2.729,-0.0517,0.198
70.689,6,0.942,-3.318,-1.7259,2.772,2.674,-0.0649,0.236
70.739,6,0.927,-3.407,-1.7364,2.755,2.647,-0.0659,0.25
70.789,6,0.896,-3.567,-1.7661,2.699,2.62,-0.061,0.288
70.839,6,0.871,-3.684,-1.7895,2.657,2.567,-0.069,0.33
70.889,6,0.831,-3.845,-1.8225,2.61,2.54,-0.0647,0.398
70.939,6,0.809,-3.925,-1.8366,2.592,2.513,-0.0659,0.422
70.989,6,0.766,-4.072,-1.8672,2.557,2.486,-0.0621,0.454
71.04,6,0.731,-4.18,-1.8892,2.52,2.432,-0.0745,0.486
71.09,6,0.685,-4.31,-1.9133,2.49,2.404,-0.0733,0.52
71.139,6,0.646,-4.411,-1.9396,2.457,2.375,-0.0735,0.557
71.189,6,0.596,-4.534,-1.9668,2.415,2.347,-0.0729,0.597
71.239,6,0.55,-4.636,-1.996,2.376,2.286,-0.0683,0.632
71.289,6,0.494,-4.753,-2.0202,2.348,2.254,-0.0767,0.666
71.339,6,0.448,-4.844,-2.0438,2.314,2.22,-0.0737,0.688
71.39,6,0.388,-4.956,-2.0692,2.263,2.185,-0.0767,0.632
71.44,6,0.338,-5.043,-2.0953,2.216,2.147,-0.0734,0.577
71.489,6,0.302,-5.103,-2.1119,2.195,2.108,-0.0806,0.554
71.54,6,0.215,-5.239,-2.1515,2.133,2.026,-0.088,0.502
71.589,6,0.157,-5.324,-2.1717,2.101,2.026,-0.0752,0.469
71.639,6,0.101,-5.401,-2.1977,2.058,1.983,-0.0749,0.432
71.689,6,0.033,-5.492,-2.2254,2.012,1.892,-0.0912,0.395
71.74,6,-0.013,-5.549,-2.2421,1.978,1.845,-0.1032,0.366
71.79,6,-0.062,-5.608,-2.2593,1.932,1.845,-0.0946,0.343
71.839,6,-0.138,-5.695,-2.296,1.876,1.745,-0.0942,0.318
71.889,6,-0.215,-5.779,-2.3305,1.819,1.694,-0.0695,0.276
71.939,6,-0.26,-5.824,-2.3458,1.777,1.694,-0.0581,0.262
71.989,6,-0.344,-5.906,-2.3718,1.71,1.64,-0.0444,0.235
72.039,6,-0.396,-5.956,-2.3822,1.673,1.585,-0.0403,0.224
72.089,6,-0.462,-6.017,-2.3958,1.614,1.527,-0.0527,0.213
72.14,6,-0.511,-6.061,-2.4046,1.566,1.468,-0.0599,0.209
72.189,6,-0.575,-6.119,-2.4191,1.521,1.402,-0.0843,0.194
72.239,6,-0.627,-6.163,-2.4317,1.469,1.402,-0.0751,0.189
72.289,6,-0.667,-6.197,-2.4448,1.425,1.328,-0.1024,0.182
72.339,6,-0.731,-6.249,-2.4614,1.374,1.328,-0.1029,0.176
72.389,6,-0.789,-6.293,-2.4886,1.333,1.24,-0.1271,0.17
72.439,6,-0.828,-6.322,-2.5068,1.274,1.169,-0.1244,0.165
72.489,6,-0.89,-6.366,-2.5351,1.208,1.169,-0.1625,0.161
72.539,6,-0.945,-6.403,-2.5614,1.174,1.169,-0.1464,0.158
72.589,6,-0.978,-6.423,-2.5765,1.171,1.169,-0.1863,0.157
72.639,6,-1.024,-6.451,-2.6028,1.173,1.169,-0.1695,0.157
72.689,6,-1.09,-6.488,-2.6361,1.171,1.232,-0.2272,0.161
72.739,6,-1.131,-6.51,-2.664,1.202,1.269,-0.2443,0.165
72.789,6,-1.183,-6.534,-2.7065,1.23,1.269,-0.23,0.166
72.839,6,-1.252,-6.563,-2.7587,1.264,1.306,-0.2694,0.156
72.889,6,-1.317,-6.586,-2.8066,1.284,1.34,-0.3156,0.148
72.939,6,-1.383,-6.606,-2.8648,1.303,1.34,-0.2881,0.131
72.989,6,-1.442,-6.62,-2.9183,1.322,1.367,-0.2884,0.125
73.039,6,-1.508,-6.632,-2.979,1.347,1.389,-0.3125,0.114
73.089,6,-1.566,-6.639,-3.0243,1.356,1.406,-0.3486,0.107
73.139,6,-1.636,-6.643,-3.088,1.371,1.406,-0.3287,0.103
73.189,6,-1.716,-6.642,3.1057,1.382,1.421,-0.3499,0.106
73.239,6,-1.784,-6.636,3.0321,1.386,1.433,-0.3487,0.106
73.29,6,-1.829,-6.629,2.9908,1.396,1.44,-0.374,0.104
73.339,6,-1.895,-6.615,2.9118,1.404,1.44,-0.3411,0.11
73.389,6,-1.982,-6.588,2.8102,1.413,1.448,-0.3376,0.123
73.439,6,-2.035,-6.566,2.7543,1.415,1.458,-0.3417,0.127
73.489,6,-2.106,-6.532,2.6822,1.432,1.458,-0.3148,0.131
73.539,6,-2.163,-6.499,2.6105,1.434,1.47,-0.2735,0.133
73.589,6,-2.226,-6.456,2.5351,1.459,1.485,-0.2721,0.143
73.639,6,-2.28,-6.415,2.4832,1.469,1.503,-0.2848,0.152
73.689,6,-2.341,-6.362,2.4163,1.481,1.523,-0.2938,0.158
73.739,6,-2.389,-6.315,2.3605,1.495,1.545,-0.293,0.162
73.789,6,-2.439,-6.26,2.2967,1.507,1.545,-0.2705,0.163
73.839,6,-2.491,-6.195,2.2299,1.529,1.571,-0.2485,0.172
73.889,6,-2.522,-6.15,2.188,1.548,1.571,-0.2225,0.179
73.939,6,-2.571,-6.072,2.1204,1.57,1.637,-0.2611,0.183
73.989,6,-2.614,-5.995,2.0606,1.586,1.637,-0.2398,0.185
74.04,6,-2.647,-5.923,1.9959,1.628,1.682,-0.2122,0.194
74.089,6,-2.678,-5.845,1.937,1.666,1.723,-0.2128,0.201
74.15,6,-2.694,-5.8,1.9098,1.687,1.723,-0.2011,0.195
74.189,6,-2.725,-5.693,1.8584,1.716,1.75,-0.2137,0.19
74.239,6,-2.744,-5.611,1.7837,1.733,1.765,-0.1952,0.19
74.289,6,-2.76,-5.512,1.727,1.757,1.779,-0.1686,0.196
74.339,6,-2.768,-5.437,1.6755,1.778,1.796,-0.1421,0.212
74.389,6,-2.775,-5.332,1.6218,1.8,1.816,-0.1423,0.235
74.44,6,-2.776,-5.272,1.5996,1.809,1.838,-0.1425,0.242
74.489,6,-2.776,-5.183,1.5576,1.824,1.862,-0.1426,0.254
74.539,6,-2.77,-5.063,1.5079,1.856,1.888,-0.132,0.277
74.589,6,-2.764,-5.0,1.4803,1.875,1.915,-0.1187,0.315
74.639,6,-2.752,-4.904,1.4395,1.905,1.943,-0.119,0.353
74.689,6,-2.733,-4.785,1.3981,1.934,1.973,-0.1028,0.391
74.739,6,-2.719,-4.715,1.3758,1.955,2.004,-0.0989,0.434
74.79,6,-2.69,-4.592,1.3316,1.988,2.037,-0.0882,0.437
74.839,6,-2.671,-4.518,1.3091,2.022,2.071,-0.0829,0.416
74.889,6,-2.638,-4.406,1.2813,2.047,2.107,-0.0706,0.396
74.939,6,-2.598,-4.282,1.2478,2.091,2.144,-0.0684,0.378
74.989,6,-2.567,-4.196,1.2313,2.114,2.183,-0.0543,0.361
75.039,6,-2.533,-4.103,1.213,2.167,2.221,-0.0503,0.345
75.089,6,-2.49,-3.992,1.1946,2.208,2.259,-0.0477,0.33
75.139,6,-2.458,-3.916,1.1794,2.246,2.296,-0.0396,0.316
75.189,6,-2.402,-3.784,1.1611,2.279,2.333,-0.035,0.303
75.239,6,-2.356,-3.683,1.1487,2.32,2.369,-0.0308,0.29
75.289,6,-2.311,-3.585,1.1369,2.353,2.439,-0.0213,0.279
75.339,6,-2.259,-3.475,1.1267,2.39,2.473,-0.0171,0.27
75.389,6,-2.2,-3.352,1.1179,2.44,2.507,-0.0129,0.26
75.439,6,-2.152,-3.256,1.1119,2.49,2.574,-0.0086,0.251
75.489,6,-2.081,-3.114,1.1057,2.544,2.607,-0.0,0.242
75.539,6,-2.031,-3.016,1.1031,2.569,2.639,0.0045,0.232
75.59,6,-1.976,-2.907,1.102,2.6,2.671,0.0129,0.222
75.64,6,-1.923,-2.801,1.105,2.647,2.602,0.0388,0.21
75.69,6,-1.853,-2.66,1.1147,2.656,2.552,0.056,0.195
75.739,6,-1.804,-2.558,1.1278,2.631,2.502,0.0693,0.176
75.79,6,-1.745,-2.429,1.1544,2.557,2.427,0.0905,0.155
75.84,6,-1.699,-2.318,1.1794,2.503,2.403,0.1043,0.132
75.889,6,-1.663,-2.223,1.2087,2.459,2.388,0.0992,0.104
75.94,6,-1.616,-2.088,1.2533,2.411,2.379,0.107,0.084
75.989,6,-1.575,-1.95,1.2969,2.392,2.379,0.1069,0.074
76.04,6,-1.55,-1.853,1.3242,2.389,2.379,0.1033,0.067
76.089,6,-1.532,-1.772,1.3476,2.388,2.381,0.0982,0.072
76.139,6,-1.504,-1.629,1.3892,2.387,2.386,0.0897,0.085
76.189,6,-1.484,-1.497,1.4259,2.389,2.395,0.0912,0.097
76.239,6,-1.471,-1.388,1.456,2.397,2.407,0.0855,0.113
76.289,6,-1.462,-1.285,1.4881,2.406,2.439,0.0904,0.138
76.339,6,-1.455,-1.174,1.5056,2.412,2.459,0.0941,0.16
76.389,6,-1.451,-1.016,1.5555,2.438,2.482,0.0737,0.181
76.439,6,-1.452,-0.905,1.5846,2.471,2.533,0.0733,0.2
76.489,6,-1.458,-0.755,1.617,2.507,2.561,0.0701,0.217
76.539,6,-1.463,-0.67,1.6327,2.526,2.589,0.0606,0.247
76.59,6,-1.475,-0.522,1.6612,2.559,2.644,0.0623,0.283
76.639,6,-1.486,-0.424,1.6821,2.593,2.672,0.0574,0.319
76.689,6,-1.506,-0.271,1.7093,2.64,2.699,0.0448,0.353
76.739,6,-1.531,-0.11,1.7332,2.678,2.727,0.0388,0.384
76.79,6,-1.548,-0.017,1.7431,2.694,2.783,0.0493,0.412
76.839,6,-1.575,0.128,1.7612,2.733,2.811,0.0434,0.404
76.89,6,-1.605,0.274,1.7795,2.771,2.839,0.044,0.378
76.94,6,-1.64,0.425,1.8022,2.82,2.895,0.0345,0.353
76.989,6,-1.662,0.515,1.8125,2.834,2.924,0.0302,0.346
77.039,6,-1.709,0.694,1.8315,2.899,2.981,0.0302,0.332
77.089,6,-1.753,0.85,1.8479,2.947,2.983,0.0216,0.314
77.139,6,-1.788,0.969,1.8569,2.972,2.954,0.019,0.308
77.189,6,-1.828,1.103,1.8656,2.974,2.89,0.0086,0.291
77.239,6,-1.867,1.228,1.8727,2.957,2.817,0.0,0.273
77.289,6,-1.922,1.403,1.8765,2.902,2.775,-0.0046,0.261
77.339,6,-1.959,1.52,1.8765,2.836,2.68,-0.0129,0.261
77.39,6,-1.998,1.643,1.8744,2.789,2.633,-0.0234,0.261
77.439,6,-2.036,1.766,1.869,2.727,2.587,-0.0259,0.261
77.489,6,-2.08,1.914,1.8599,2.672,2.499,-0.0431,0.269
77.539,6,-2.123,2.064,1.8403,2.568,2.458,-0.0522,0.288
77.589,6,-2.154,2.182,1.8252,2.518,2.418,-0.0564,0.299
77.639,6,-2.174,2.264,1.8144,2.492,2.381,-0.056,0.305
77.689,6,-2.209,2.414,1.7883,2.43,2.31,-0.0772,0.316
77.74,6,-2.231,2.522,1.7673,2.382,2.277,-0.0897,0.324
77.789,6,-2.252,2.644,1.7404,2.334,2.246,-0.0914,0.329
77.839,6,-2.268,2.748,1.7118,2.28,2.217,-0.0889,0.329
77.889,6,-2.28,2.857,1.6803,2.247,2.162,-0.114,0.327
77.939,6,-2.29,2.977,1.6459,2.213,2.162,-0.1014,0.323
77.989,6,-2.294,3.056,1.6236,2.191,2.109,-0.1219,0.306
78.039,6,-2.297,3.2,1.576,2.154,2.083,-0.1216,0.286
78.089,6,-2.294,3.315,1.5344,2.116,2.057,-0.1213,0.25
78.14,6,-2.288,3.413,1.5008,2.088,2.031,-0.1335,0.234
78.189,6,-2.281,3.483,1.479,2.072,2.005,-0.1469,0.225
78.239,6,-2.262,3.624,1.4141,2.016,1.979,-0.1326,0.192
78.289,6,-2.244,3.716,1.3739,1.994,1.953,-0.1572,0.178
78.339,6,-2.23,3.78,1.3518,1.987,1.928,-0.1717,0.172
78.389,6,-2.206,3.873,1.3045,1.961,1.904,-0.1735,0.162
78.439,6,-2.168,3.99,1.2438,1.915,1.88,-0.1741,0.156
78.49,6,-2.136,4.073,1.1948,1.896,1.858,-0.1956,0.147
78.539,6,-2.095,4.165,1.1323,1.862,1.839,-0.1799,0.137
78.59,6,-2.063,4.227,1.0905,1.845,1.821,-0.1796,0.132
78.639,6,-2.021,4.302,1.0436,1.829,1.809,-0.1965,0.131
78.689,6,-1.955,4.402,0.9776,1.811,1.801,-0.1913,0.133
78.739,6,-1.897,4.479,0.9135,1.799,1.793,-0.2034,0.116
78.789,6,-1.845,4.543,0.8676,1.797,1.776,-0.2175,0.112
78.839,6,-1.8,4.592,0.8292,1.793,1.759,-0.2398,0.107
78.889,6,-1.721,4.67,0.7628,1.769,1.742,-0.2516,0.108
78.94,6,-1.653,4.729,0.7226,1.756,1.742,-0.239,0.095
78.989,6,-1.605,4.766,0.6582,1.737,1.723,-0.2417,0.091
79.039,6,-1.527,4.819,0.5849,1.715,1.702,-0.2413,0.087
79.09,6,-1.448,4.865,0.514,1.702,1.683,-0.2438,0.092
79.139,6,-1.372,4.903,0.4432,1.675,1.668,-0.2766,0.094
79.189,6,-1.3,4.933,0.3869,1.658,1.658,-0.2851,0.082
79.239,6,-1.206,4.964,0.2944,1.643,1.651,-0.2967,0.065
79.289,6,-1.142,4.98,0.2431,1.643,1.645,-0.31,0.062
79.339,6,-1.09,4.99,0.1958,1.638,1.645,-0.2726,0.067
79.389,6,-0.969,5.004,0.0881,1.633,1.638,-0.3083,0.072
79.44,6,-0.915,5.007,0.0447,1.621,1.638,-0.2841,0.072
79.489,6,-0.84,5.005,-0.0336,1.616,1.638,-0.272,0.073
79.539,6,-0.736,4.995,-0.1211,1.62,1.642,-0.2766,0.071
79.589,6,-0.663,4.982,-0.1869,1.627,1.643,-0.2602,0.062
79.639,6,-0.595,4.965,-0.2486,1.631,1.643,-0.2489,0.059
79.689,6,-0.493,4.933,-0.3327,1.637,1.643,-0.2387,0.053
79.74,6,-0.437,4.911,-0.3764,1.64,1.643,-0.2263,0.05
79.79,6,-0.355,4.874,-0.4319,1.643,1.645,-0.2126,0.063
79.84,6,-0.281,4.836,-0.4913,1.645,1.653,-0.2006,0.08
79.889,6,-0.199,4.787,-0.5488,1.648,1.653,-0.191,0.101
79.94,6,-0.136,4.745,-0.5951,1.655,1.675,-0.1646,0.114
79.989,6,-0.07,4.697,-0.636,1.67,1.717,-0.1647,0.119
80.039,6,0.004,4.638,-0.6884,1.711,1.765,-0.1654,0.129
80.089,6,0.045,4.602,-0.711,1.722,1.812,-0.1661,0.135
80.14,6,0.108,4.544,-0.7554,1.76,1.812,-0.1437,0.137
80.189,6,0.177,4.474,-0.8003,1.793,1.859,-0.1445,0.128
80.239,6,0.243,4.401,-0.8448,1.841,1.881,-0.1184,0.121
80.289,6,0.307,4.323,-0.8868,1.88,1.902,-0.1187,0.118
80.339,6,0.342,4.278,-0.9102,1.898,1.924,-0.1189,0.133
80.39,6,0.404,4.194,-0.943,1.911,1.948,-0.1324,0.157
80.439,6,0.452,4.124,-0.9719,1.93,1.974,-0.1193,0.179
80.489,6,0.522,4.011,-1.0272,1.964,2.002,-0.1156,0.2
80.539,6,0.567,3.931,-1.0596,1.996,2.032,-0.1116,0.221
80.589,6,0.617,3.837,-1.0954,2.025,2.063,-0.1096,0.241
80.639,6,0.664,3.736,-1.1353,2.06,2.094,-0.0956,0.266
80.689,6,0.709,3.633,-1.1734,2.093,2.125,-0.0936,0.325
80.74,6,0.735,3.567,-1.1913,2.111,2.156,-0.096,0.344
80.789,6,0.77,3.471,-1.2221,2.135,2.186,-0.0897,0.384
80.839,6,0.817,3.331,-1.2649,2.183,2.243,-0.1007,0.407
80.889,6,0.838,3.259,-1.2818,2.194,2.27,-0.1009,0.392
80.939,7,0.865,3.158,-1.3158,2.237,2.294,-0.0905,0.364
80.99,7,0.894,3.035,-1.3499,2.269,2.316,-0.0804,0.339
81.039,7,0.916,2.92,-1.3815,2.297,2.338,-0.0766,0.317
81.104,7,0.933,2.82,-1.4071,2.316,2.36,-0.0679,0.297
81.139,7,0.953,2.683,-1.4353,2.349,2.407,-0.0696,0.279
81.189,7,0.967,2.554,-1.4615,2.368,2.407,-0.0554,0.264
81.239,7,0.978,2.432,-1.4882,2.401,2.459,-0.0564,0.244
81.289,7,0.983,2.345,-1.5019,2.413,2.487,-0.0448,0.239
81.339,7,0.991,2.191,-1.5261,2.459,2.517,-0.0356,0.228
81.389,7,0.995,2.081,-1.5405,2.5,2.549,-0.0258,0.219
81.439,7,0.997,1.993,-1.5488,2.523,2.615,-0.0216,0.209
81.489,7,0.999,1.796,-1.5651,2.581,2.647,-0.0129,0.2
81.54,7,0.999,1.675,-1.5713,2.63,2.679,-0.0086,0.186
81.589,7,0.998,1.585,-1.5741,2.646,2.741,-0.0043,0.184
81.64,7,0.997,1.421,-1.5792,2.695,2.772,-0.0,0.185
81.689,7,0.996,1.299,-1.5818,2.728,2.802,0.0,0.186
81.739,7,0.994,1.144,-1.5817,2.778,2.832,0.0,0.186
81.79,7,0.993,1.014,-1.5817,2.815,2.891,0.0062,0.186
81.839,7,0.991,0.866,-1.5806,2.858,2.949,0.0104,0.186
81.889,7,0.99,0.695,-1.5763,2.911,2.978,0.0086,0.183
81.94,7,0.99,0.557,-1.5723,2.948,3.034,0.0086,0.18
81.989,7,0.99,0.456,-1.5704,2.967,3.062,0.0086,0.178
82.039,7,0.99,0.269,-1.5653,3.023,3.089,0.0137,0.175
82.089,7,0.992,0.132,-1.5605,3.06,3.143,0.0144,0.17
82.139,7,0.994,-0.035,-1.5543,3.095,3.197,0.0086,0.164
82.189,7,0.998,-0.217,-1.5464,3.156,3.223,0.0043,0.156
82.24,7,1.002,-0.363,-1.5431,3.191,3.275,0.0055,0.145
82.289,7,1.007,-0.521,-1.5411,3.226,3.301,0.0,0.141
82.339,7,1.01,-0.616,-1.5403,3.261,3.351,0.0,0.133
82.389,7,1.014,-0.77,-1.5403,3.286,3.376,0.0,0.126
82.439,7,1.021,-0.996,-1.5403,3.335,3.408,-0.0043,0.119
82.489,7,1.027,-1.198,-1.5409,3.383,3.37,-0.0086,0.112
82.539,7,1.032,-1.358,-1.5431,3.397,3.295,-0.0175,0.103
82.589,7,1.035,-1.473,-1.5456,3.388,3.259,-0.0172,0.101
82.639,7,1.039,-1.683,-1.5563,3.316,3.188,-0.0172,0.098
82.69,7,1.04,-1.837,-1.5651,3.273,3.154,-0.0216,0.098
82.739,7,1.04,-2.005,-1.5744,3.213,3.054,-0.0302,0.1
82.789,7,1.037,-2.185,-1.5904,3.136,3.023,-0.0302,0.103
82.839,7,1.034,-2.29,-1.5984,3.103,2.991,-0.0302,0.104
82.889,7,1.026,-2.492,-1.6184,3.042,2.93,-0.0388,0.117
82.94,7,1.02,-2.594,-1.6265,3.014,2.87,-0.053,0.125
82.989,7,1.007,-2.775,-1.6488,2.948,2.841,-0.0388,0.142
83.039,7,0.995,-2.905,-1.6669,2.891,2.812,-0.0401,0.161
83.089,7,0.978,-3.061,-1.6845,2.852,2.756,-0.0529,0.182
83.14,7,0.961,-3.189,-1.7023,2.817,2.729,-0.0522,0.204
83.189,7,0.938,-3.341,-1.7228,2.774,2.701,-0.0527,0.228
83.239,7,0.918,-3.457,-1.746,2.734,2.647,-0.0604,0.258
83.289,7,0.889,-3.605,-1.773,2.688,2.62,-0.056,0.297
83.339,7,0.864,-3.719,-1.7944,2.654,2.567,-0.069,0.34
83.389,7,0.829,-3.86,-1.8179,2.625,2.54,-0.069,0.385
83.439,7,0.798,-3.97,-1.8432,2.594,2.513,-0.0647,0.431
83.489,7,0.773,-4.056,-1.8612,2.567,2.459,-0.0821,0.46
83.539,7,0.714,-4.234,-1.9033,2.512,2.432,-0.0745,0.51
83.589,7,0.679,-4.33,-1.9259,2.483,2.404,-0.0647,0.528
83.639,7,0.623,-4.47,-1.9603,2.432,2.347,-0.0729,0.587
83.689,7,0.585,-4.559,-1.9783,2.407,2.317,-0.0684,0.607
83.739,7,0.525,-4.69,-2.0108,2.353,2.286,-0.0691,0.658
83.789,7,0.486,-4.77,-2.0262,2.337,2.254,-0.0744,0.675
83.839,7,0.429,-4.88,-2.0502,2.292,2.22,-0.0721,0.673
83.889,7,0.376,-4.977,-2.0771,2.253,2.147,-0.0803,0.617
83.94,7,0.313,-5.084,-2.1075,2.196,2.108,-0.08,0.544
83.989,7,0.262,-5.167,-2.1303,2.155,2.068,-0.0843,0.527
84.039,7,0.195,-5.27,-2.1583,2.11,2.026,-0.0836,0.478
84.089,7,0.155,-5.327,-2.172,2.092,1.983,-0.0876,0.461
84.14,7,0.085,-5.425,-2.2026,2.046,1.938,-0.0914,0.425
84.189,7,0.031,-5.496,-2.2252,2.013,1.892,-0.0911,0.388
84.239,7,-0.036,-5.579,-2.2545,1.958,1.845,-0.0995,0.362
84.289,7,-0.105,-5.66,-2.286,1.883,1.796,-0.0944,0.325
84.339,7,-0.165,-5.726,-2.3103,1.859,1.745,-0.0942,0.311
84.389,7,-0.234,-5.799,-2.3386,1.801,1.694,-0.066,0.27
84.439,7,-0.273,-5.838,-2.351,1.774,1.64,-0.0573,0.256
84.489,7,-0.359,-5.921,-2.3747,1.694,1.585,-0.0444,0.227
84.539,7,-0.397,-5.958,-2.3821,1.667,1.585,-0.0402,0.223
84.59,7,-0.451,-6.008,-2.393,1.612,1.527,-0.0539,0.216
84.639,7,-0.521,-6.072,-2.405,1.565,1.468,-0.064,0.208
84.689,7,-0.588,-6.131,-2.4174,1.54,1.402,-0.0836,0.199
84.74,7,-0.641,-6.177,-2.4311,1.497,1.402,-0.0794,0.189
84.789,7,-0.703,-6.229,-2.4506,1.425,1.328,-0.1065,0.18
84.839,7,-0.74,-6.258,-2.4623,1.377,1.24,-0.1384,0.177
84.89,7,-0.803,-6.307,-2.4897,1.319,1.169,-0.1366,0.172
84.939,7,-0.851,-6.342,-2.5106,1.253,1.169,-0.1385,0.167
84.989,7,-0.911,-6.384,-2.5436,1.176,1.169,-0.1633,0.164
85.039,7,-0.958,-6.414,-2.5693,1.172,1.169,-0.1463,0.16
85.09,7,-0.999,-6.44,-2.5904,1.173,1.169,-0.1857,0.16
85.139,7,-1.049,-6.469,-2.6173,1.171,1.232,-0.2392,0.16
85.189,7,-1.112,-6.503,-2.6593,1.193,1.232,-0.2302,0.165
85.24,7,-1.158,-6.525,-2.6911,1.223,1.269,-0.2281,0.168
85.289,7,-1.218,-6.551,-2.7387,1.249,1.269,-0.2168,0.158
85.339,7,-1.258,-6.567,-2.7653,1.264,1.306,-0.2676,0.153
85.389,7,-1.33,-6.592,-2.8118,1.273,1.34,-0.3136,0.147
85.439,7,-1.397,-6.611,-2.8749,1.301,1.367,-0.3046,0.135
85.489,7,-1.443,-6.622,-2.9181,1.316,1.367,-0.2767,0.123
85.539,7,-1.534,-6.637,-2.9956,1.356,1.389,-0.3128,0.114
85.592,7,-1.582,-6.642,-3.0458,1.362,1.406,-0.3407,0.107
85.639,7,-1.651,-6.645,-3.1008,1.372,1.421,-0.3603,0.103
85.689,7,-1.736,-6.643,3.0891,1.38,1.421,-0.337,0.108
85.739,7,-1.8,-6.636,3.0187,1.395,1.433,-0.3608,0.107
85.789,7,-1.846,-6.628,2.9787,1.399,1.44,-0.361,0.106
85.839,7,-1.924,-6.609,2.8849,1.41,1.448,-0.3672,0.115
85.889,7,-1.98,-6.591,2.8329,1.408,1.448,-0.3377,0.124
85.939,7,-2.068,-6.554,2.7158,1.424,1.458,-0.3393,0.133
85.99,7,-2.126,-6.524,2.6444,1.43,1.47,-0.2909,0.135
86.04,7,-2.176,-6.493,2.5899,1.438,1.485,-0.2948,0.138
86.089,7,-2.245,-6.445,2.515,1.461,1.485,-0.2698,0.147
86.14,7,-2.296,-6.404,2.46,1.477,1.503,-0.2688,0.155
86.19,7,-2.351,-6.355,2.4002,1.486,1.523,-0.2808,0.161
86.239,7,-2.404,-6.301,2.3412,1.498,1.545,-0.2812,0.163
86.289,7,-2.458,-6.238,2.2718,1.512,1.545,-0.2576,0.166
86.339,7,-2.497,-6.186,2.2123,1.533,1.571,-0.2224,0.174
86.389,7,-2.549,-6.109,2.1428,1.564,1.6,-0.2348,0.182
86.439,7,-2.582,-6.053,2.1026,1.57,1.637,-0.2471,0.183
86.489,7,-2.608,-6.006,2.0672,1.583,1.637,-0.2375,0.187
86.539,7,-2.656,-5.903,1.9881,1.629,1.682,-0.2156,0.196
86.589,7,-2.688,-5.819,1.9209,1.668,1.723,-0.2145,0.201
86.639,7,-2.713,-5.739,1.866,1.708,1.75,-0.2143,0.192
86.689,7,-2.731,-5.671,1.8224,1.734,1.765,-0.2164,0.19
86.739,7,-2.749,-5.584,1.7678,1.756,1.779,-0.182,0.19
86.789,7,-2.763,-5.49,1.709,1.772,1.796,-0.1663,0.2
86.839,7,-2.772,-5.406,1.6692,1.786,1.796,-0.1574,0.217
86.89,7,-2.777,-5.321,1.6297,1.797,1.816,-0.1581,0.233
86.939,7,-2.779,-5.221,1.5788,1.817,1.838,-0.1425,0.253
86.99,7,-2.777,-5.136,1.5402,1.833,1.862,-0.1443,0.259
87.039,7,-2.773,-5.066,1.5084,1.854,1.888,-0.1185,0.288
87.089,7,-2.761,-4.948,1.4622,1.882,1.915,-0.1187,0.326
87.14,7,-2.749,-4.862,1.4292,1.909,1.943,-0.119,0.364
87.19,7,-2.732,-4.763,1.3924,1.936,1.973,-0.0988,0.403
87.239,7,-2.71,-4.661,1.3544,1.973,2.004,-0.0959,0.447
87.289,7,-2.686,-4.561,1.3245,2.0,2.037,-0.0909,0.419
87.339,7,-2.662,-4.475,1.2995,2.028,2.071,-0.0874,0.409
87.39,7,-2.63,-4.371,1.2673,2.06,2.107,-0.0667,0.39
87.44,7,-2.6,-4.281,1.2463,2.099,2.144,-0.063,0.373
87.489,7,-2.556,-4.159,1.2188,2.141,2.183,-0.0502,0.357
87.539,7,-2.52,-4.064,1.2009,2.178,2.221,-0.0461,0.334
87.59,7,-2.493,-3.997,1.1917,2.19,2.259,-0.0463,0.326
87.639,7,-2.437,-3.863,1.171,2.249,2.296,-0.0338,0.312
87.689,7,-2.395,-3.767,1.1583,2.284,2.369,-0.0339,0.299
87.739,7,-2.353,-3.672,1.1473,2.317,2.404,-0.0303,0.286
87.789,7,-2.29,-3.537,1.1326,2.378,2.439,-0.0213,0.27
87.839,7,-2.248,-3.447,1.1255,2.418,2.473,-0.0233,0.266
87.889,7,-2.198,-3.346,1.1179,2.457,2.541,-0.0184,0.256
87.939,7,-2.139,-3.226,1.1094,2.497,2.574,-0.0086,0.248
87.989,7,-2.076,-3.101,1.1038,2.537,2.607,-0.0,0.239
88.039,7,-2.027,-3.005,1.1017,2.588,2.639,0.0058,0.229
88.094,7,-1.967,-2.886,1.1022,2.625,2.651,0.0259,0.219
88.139,7,-1.905,-2.763,1.1051,2.652,2.602,0.0432,0.206
88.189,7,-1.836,-2.622,1.118,2.652,2.552,0.056,0.181
88.24,7,-1.789,-2.525,1.1301,2.63,2.502,0.0694,0.171
88.289,7,-1.754,-2.447,1.1429,2.593,2.427,0.0991,0.152
88.339,7,-1.688,-2.291,1.1837,2.499,2.403,0.0948,0.129
88.389,7,-1.64,-2.165,1.2209,2.441,2.388,0.0987,0.099
88.439,7,-1.608,-2.069,1.2541,2.41,2.379,0.107,0.085
88.49,7,-1.575,-1.958,1.2852,2.397,2.379,0.1068,0.076
88.54,7,-1.546,-1.85,1.3239,2.388,2.379,0.1033,0.07
88.589,7,-1.515,-1.706,1.3682,2.386,2.381,0.0986,0.078
88.639,7,-1.492,-1.572,1.4128,2.387,2.395,0.0982,0.091
88.689,7,-1.481,-1.494,1.4336,2.39,2.407,0.094,0.101
88.739,7,-1.465,-1.343,1.4762,2.4,2.422,0.0899,0.12
88.789,7,-1.457,-1.221,1.5135,2.416,2.439,0.0823,0.155
88.839,7,-1.453,-1.119,1.5356,2.426,2.459,0.0728,0.165
88.889,7,-1.452,-0.99,1.565,2.449,2.507,0.0735,0.185
88.939,7,-1.453,-0.878,1.5888,2.473,2.533,0.0705,0.203
88.99,7,-1.457,-0.779,1.6126,2.499,2.561,0.0659,0.22
89.039,7,-1.468,-0.614,1.6444,2.546,2.589,0.0563,0.255
89.089,7,-1.478,-0.499,1.6677,2.576,2.644,0.0567,0.291
89.139,7,-1.496,-0.352,1.6902,2.606,2.672,0.0517,0.326
89.189,7,-1.516,-0.205,1.7166,2.655,2.699,0.0436,0.36
89.24,7,-1.536,-0.084,1.735,2.688,2.755,0.0474,0.405
89.289,7,-1.552,0.007,1.7456,2.7,2.783,0.0482,0.419
89.339,7,-1.585,0.179,1.7694,2.749,2.811,0.04,0.396
89.389,7,-1.612,0.304,1.7865,2.786,2.867,0.0437,0.374
89.439,7,-1.642,0.433,1.8022,2.823,2.895,0.0345,0.357
89.489,7,-1.667,0.533,1.8138,2.851,2.924,0.0302,0.343
89.54,7,-1.716,0.717,1.8357,2.908,2.981,0.0268,0.33
89.589,7,-1.754,0.853,1.8476,2.944,2.954,0.0229,0.318
89.64,7,-1.8,1.007,1.8609,2.977,2.923,0.0129,0.305
89.689,7,-1.841,1.141,1.8697,2.973,2.89,0.0043,0.288
89.739,7,-1.891,1.301,1.8751,2.934,2.817,0.0,0.27
89.79,7,-1.932,1.431,1.8775,2.9,2.775,-0.0043,0.263
89.839,7,-1.978,1.577,1.8761,2.829,2.68,-0.0186,0.263
89.889,7,-2.008,1.671,1.8751,2.808,2.633,-0.0259,0.263
89.939,7,-2.046,1.794,1.868,2.731,2.542,-0.0404,0.263
89.989,7,-2.094,1.955,1.8553,2.648,2.499,-0.0431,0.274
90.039,7,-2.132,2.094,1.834,2.545,2.458,-0.0483,0.292
90.089,7,-2.153,2.175,1.8245,2.524,2.381,-0.0603,0.297
90.139,7,-2.181,2.29,1.8056,2.469,2.344,-0.0688,0.309
90.189,7,-2.217,2.456,1.7756,2.399,2.31,-0.0728,0.323
90.239,7,-2.24,2.575,1.7494,2.357,2.277,-0.0812,0.328
90.29,7,-2.257,2.68,1.7247,2.31,2.246,-0.0855,0.328
90.339,7,-2.267,2.754,1.7072,2.284,2.189,-0.103,0.326
90.39,7,-2.279,2.86,1.6764,2.253,2.162,-0.1098,0.325
90.439,7,-2.29,3.006,1.6371,2.207,2.136,-0.1138,0.318
90.49,7,-2.295,3.102,1.6083,2.182,2.109,-0.1149,0.301
90.539,7,-2.295,3.239,1.5765,2.152,2.083,-0.1216,0.291
90.589,7,-2.292,3.343,1.5286,2.116,2.057,-0.1353,0.247
90.64,7,-2.287,3.412,1.5068,2.099,2.031,-0.1384,0.239
90.689,7,-2.274,3.539,1.455,2.057,2.005,-0.1387,0.218
90.739,7,-2.261,3.628,1.4141,2.022,1.979,-0.1361,0.195
90.79,7,-2.241,3.732,1.3695,1.997,1.953,-0.1581,0.18
90.839,7,-2.226,3.793,1.3431,1.979,1.928,-0.1569,0.168
90.889,7,-2.185,3.937,1.2656,1.94,1.904,-0.158,0.159
90.939,7,-2.156,4.02,1.2237,1.916,1.88,-0.1561,0.149
90.989,7,-2.12,4.11,1.181,1.897,1.858,-0.193,0.144
91.04,7,-2.092,4.171,1.1451,1.868,1.839,-0.1951,0.137
91.089,7,-2.054,4.247,1.0906,1.849,1.821,-0.1945,0.133
91.139,7,-1.999,4.342,1.0239,1.824,1.809,-0.1793,0.134
91.189,7,-1.95,4.415,0.9778,1.813,1.801,-0.1913,0.134
91.239,7,-1.89,4.494,0.9139,1.8,1.793,-0.2089,0.122
91.289,7,-1.84,4.554,0.8656,1.794,1.776,-0.2032,0.114
91.339,7,-1.763,4.635,0.7911,1.777,1.759,-0.2454,0.11
91.389,7,-1.701,4.693,0.74,1.762,1.742,-0.2568,0.106
91.439,7,-1.637,4.746,0.6826,1.753,1.723,-0.2643,0.096
91.489,7,-1.591,4.78,0.6409,1.736,1.702,-0.2683,0.093
91.54,7,-1.501,4.839,0.562,1.718,1.702,-0.239,0.092
91.59,7,-1.441,4.873,0.5053,1.703,1.668,-0.2983,0.097
91.639,7,-1.347,4.918,0.4331,1.675,1.668,-0.2737,0.098
91.689,7,-1.265,4.95,0.3509,1.655,1.658,-0.286,0.078
91.739,7,-1.212,4.967,0.3097,1.644,1.651,-0.3015,0.073
91.789,7,-1.114,4.991,0.2171,1.633,1.645,-0.2965,0.066
91.84,7,-1.048,5.002,0.1494,1.625,1.638,-0.3014,0.073
91.889,7,-0.953,5.01,0.0737,1.618,1.638,-0.3209,0.076
91.94,7,-0.873,5.011,-0.009,1.618,1.638,-0.2962,0.076
91.989,7,-0.821,5.008,-0.0556,1.615,1.638,-0.2742,0.076
92.04,7,-0.72,4.995,-0.1455,1.624,1.642,-0.2635,0.07
92.09,7,-0.641,4.978,-0.2152,1.63,1.643,-0.2363,0.061
92.139,7,-0.558,4.955,-0.2817,1.634,1.643,-0.2388,0.059
92.189,7,-0.487,4.931,-0.3367,1.639,1.643,-0.2246,0.055
92.239,7,-0.415,4.902,-0.3917,1.639,1.643,-0.2125,0.049
92.289,7,-0.353,4.873,-0.4423,1.643,1.645,-0.2127,0.067
92.339,7,-0.284,4.837,-0.4884,1.648,1.645,-0.1904,0.083
92.389,7,-0.189,4.78,-0.5555,1.648,1.653,-0.1766,0.104
92.44,7,-0.12,4.734,-0.5984,1.655,1.675,-0.1695,0.111
92.489,7,-0.052,4.684,-0.6452,1.67,1.717,-0.1648,0.127
92.539,7,-0.009,4.649,-0.6685,1.68,1.765,-0.1824,0.132
92.589,7,0.053,4.597,-0.7093,1.7,1.812,-0.1697,0.137
92.639,7,0.135,4.521,-0.7633,1.762,1.859,-0.1661,0.139
92.69,7,0.194,4.46,-0.8053,1.802,1.859,-0.1423,0.13
92.739,7,0.261,4.385,-0.8558,1.859,1.881,-0.1185,0.124
92.789,7,0.313,4.321,-0.8866,1.878,1.902,-0.1318,0.122
92.844,7,0.354,4.269,-0.9093,1.89,1.924,-0.1311,0.129
92.89,7,0.435,4.156,-0.9662,1.917,1.948,-0.1191,0.175
92.939,7,0.471,4.101,-0.9891,1.927,1.974,-0.1164,0.186
92.989,7,0.525,4.013,-1.0263,1.952,2.002,-0.1113,0.207
93.039,7,0.585,3.906,-1.0693,1.995,2.032,-0.1133,0.227
93.089,7,0.628,3.821,-1.1029,2.023,2.063,-0.1119,0.247
93.14,7,0.675,3.72,-1.145,2.058,2.094,-0.0969,0.294
93.189,7,0.715,3.626,-1.1751,2.083,2.125,-0.0957,0.314
93.24,7,0.754,3.526,-1.2085,2.121,2.156,-0.0966,0.373
93.289,7,0.777,3.461,-1.226,2.132,2.186,-0.0878,0.392
93.339,7,0.82,3.327,-1.2659,2.179,2.215,-0.0839,0.417
93.39,7,0.849,3.228,-1.2936,2.205,2.27,-0.1026,0.386
93.439,8,0.868,3.157,-1.313,2.225,2.294,-0.0927,0.357
93.489,8,0.903,3.006,-1.3565,2.266,2.316,-0.0845,0.333
93.539,8,0.923,2.897,-1.387,2.307,2.338,-0.0806,0.311
93.589,8,0.942,2.78,-1.4171,2.334,2.383,-0.0727,0.292
93.639,8,0.957,2.67,-1.4423,2.357,2.407,-0.0639,0.276
93.689,8,0.971,2.53,-1.4742,2.393,2.432,-0.0555,0.254
93.739,8,0.981,2.415,-1.4929,2.413,2.459,-0.0534,0.241
93.789,8,0.986,2.333,-1.5052,2.43,2.487,-0.0441,0.235
93.839,8,0.993,2.195,-1.5255,2.471,2.517,-0.0358,0.225
93.89,8,0.997,2.06,-1.5436,2.504,2.549,-0.0308,0.216
93.939,8,0.999,1.967,-1.5533,2.527,2.615,-0.0226,0.207
93.989,8,0.999,1.8,-1.5691,2.565,2.647,-0.0086,0.2
94.039,8,0.999,1.68,-1.575,2.624,2.71,-0.0043,0.191
94.089,8,0.998,1.534,-1.5789,2.662,2.741,-0.0,0.186
94.139,8,0.996,1.41,-1.5818,2.699,2.772,-0.0,0.187
94.189,8,0.995,1.259,-1.5826,2.745,2.802,0.0,0.188
94.24,8,0.993,1.131,-1.5826,2.788,2.862,0.0059,0.188
94.289,8,0.992,1.002,-1.5826,2.817,2.891,0.0043,0.188
94.339,8,0.99,0.825,-1.58,2.876,2.949,0.0086,0.186
94.389,8,0.989,0.726,-1.5783,2.896,2.978,0.0086,0.185
94.439,8,0.988,0.529,-1.5726,2.953,3.034,0.0137,0.183
94.49,8,0.988,0.389,-1.5678,2.993,3.062,0.0136,0.177
94.539,8,0.989,0.286,-1.565,3.016,3.116,0.015,0.175
94.589,8,0.991,0.079,-1.5565,3.072,3.143,0.0086,0.166
94.639,8,0.993,-0.03,-1.5526,3.096,3.197,0.0102,0.163
94.689,8,0.997,-0.218,-1.547,3.143,3.223,0.0043,0.156
94.739,8,1.001,-0.361,-1.5431,3.192,3.275,0.006,0.148
94.789,8,1.007,-0.538,-1.5403,3.228,3.301,0.0,0.14
94.839,8,1.011,-0.685,-1.5392,3.273,3.351,0.0,0.132
94.889,8,1.017,-0.87,-1.5392,3.304,3.376,-0.0,0.125
94.94,8,1.022,-1.014,-1.5392,3.35,3.408,-0.0043,0.118
94.989,8,1.028,-1.203,-1.5395,3.391,3.37,-0.0086,0.11
95.04,8,1.032,-1.359,-1.5426,3.389,3.295,-0.0182,0.104
95.089,8,1.037,-1.541,-1.5479,3.367,3.259,-0.0172,0.099
95.14,8,1.039,-1.72,-1.5606,3.302,3.188,-0.0172,0.098
95.189,8,1.04,-1.871,-1.569,3.262,3.12,-0.0216,0.099
95.24,8,1.039,-2.019,-1.5776,3.209,3.087,-0.0265,0.101
95.29,8,1.038,-2.13,-1.5847,3.171,3.023,-0.0302,0.103
95.339,8,1.034,-2.283,-1.5938,3.13,2.991,-0.0365,0.105
95.39,8,1.026,-2.495,-1.6149,3.057,2.93,-0.0433,0.111
95.44,8,1.018,-2.63,-1.6318,2.993,2.87,-0.0388,0.127
95.489,8,1.004,-2.813,-1.6559,2.929,2.841,-0.0393,0.154
95.539,8,0.996,-2.905,-1.6645,2.906,2.784,-0.0526,0.164
95.589,8,0.975,-3.096,-1.6893,2.847,2.756,-0.0538,0.195
95.639,8,0.957,-3.23,-1.7078,2.809,2.701,-0.0603,0.206
95.69,8,0.938,-3.351,-1.7274,2.774,2.674,-0.0603,0.232
95.739,8,0.909,-3.512,-1.7566,2.721,2.62,-0.0706,0.264
95.789,8,0.891,-3.602,-1.7705,2.694,2.593,-0.0694,0.303
95.839,8,0.857,-3.752,-1.8034,2.643,2.567,-0.0647,0.346
95.89,8,0.826,-3.871,-1.8287,2.607,2.54,-0.0603,0.392
95.939,8,0.79,-3.997,-1.8535,2.573,2.486,-0.0647,0.435
95.99,8,0.756,-4.107,-1.8756,2.547,2.459,-0.069,0.466
96.039,8,0.708,-4.247,-1.905,2.507,2.432,-0.0647,0.499
96.089,8,0.67,-4.352,-1.9269,2.474,2.404,-0.0646,0.535
96.139,8,0.621,-4.475,-1.951,2.437,2.375,-0.0687,0.573
96.189,8,0.57,-4.594,-1.9828,2.399,2.317,-0.0744,0.629
96.239,8,0.538,-4.666,-1.997,2.382,2.286,-0.0726,0.645
96.29,8,0.476,-4.795,-2.0297,2.326,2.254,-0.0723,0.679
96.339,8,0.422,-4.898,-2.0556,2.284,2.185,-0.0762,0.666
96.389,8,0.359,-5.01,-2.0882,2.244,2.147,-0.0803,0.582
96.439,8,0.315,-5.085,-2.1063,2.213,2.108,-0.0804,0.559
96.489,8,0.277,-5.146,-2.1216,2.188,2.068,-0.0882,0.524
96.539,8,0.199,-5.267,-2.1533,2.14,2.026,-0.0923,0.492
96.589,8,0.141,-5.352,-2.1793,2.096,1.983,-0.0834,0.456
96.639,8,0.089,-5.423,-2.2048,2.047,1.938,-0.0928,0.419
96.689,8,0.006,-5.531,-2.2398,1.978,1.892,-0.091,0.37
96.739,8,-0.036,-5.583,-2.2543,1.959,1.845,-0.099,0.358
96.789,8,-0.115,-5.674,-2.2878,1.902,1.796,-0.0961,0.334
96.839,8,-0.171,-5.735,-2.3123,1.835,1.745,-0.0899,0.308
96.889,8,-0.24,-5.808,-2.3386,1.785,1.694,-0.0692,0.28
96.94,8,-0.296,-5.864,-2.3608,1.759,1.64,-0.0527,0.251
96.989,8,-0.361,-5.926,-2.3789,1.718,1.585,-0.0448,0.229
97.039,8,-0.407,-5.969,-2.3885,1.666,1.585,-0.0362,0.222
97.089,8,-0.483,-6.038,-2.4012,1.606,1.527,-0.048,0.214
97.139,8,-0.536,-6.086,-2.4108,1.561,1.468,-0.0617,0.206
97.189,8,-0.601,-6.143,-2.4263,1.499,1.402,-0.0794,0.19
97.239,8,-0.637,-6.173,-2.4355,1.453,1.328,-0.1066,0.186
97.289,8,-0.692,-6.219,-2.4475,1.419,1.328,-0.1074,0.18
97.339,8,-0.754,-6.268,-2.476,1.344,1.24,-0.1286,0.173
97.389,8,-0.796,-6.3,-2.4915,1.324,1.169,-0.1421,0.168
97.439,8,-0.856,-6.343,-2.5219,1.246,1.169,-0.1297,0.163
97.489,8,-0.916,-6.383,-2.5529,1.179,1.169,-0.1465,0.158
97.539,8,-0.948,-6.404,-2.569,1.172,1.169,-0.1481,0.157
97.589,8,-1.016,-6.446,-2.6067,1.173,1.169,-0.1695,0.156
97.639,8,-1.059,-6.47,-2.6291,1.17,1.232,-0.2311,0.157
97.69,8,-1.096,-6.489,-2.6499,1.172,1.232,-0.2157,0.161
97.739,8,-1.174,-6.527,-2.7071,1.228,1.269,-0.2313,0.164
97.789,8,-1.211,-6.544,-2.7304,1.231,1.306,-0.2632,0.157
97.839,8,-1.273,-6.568,-2.773,1.263,1.306,-0.2523,0.148
97.889,8,-1.349,-6.593,-2.8385,1.296,1.34,-0.305,0.134
97.939,8,-1.407,-6.609,-2.8887,1.313,1.367,-0.3011,0.128
97.989,8,-1.472,-6.622,-2.9368,1.327,1.367,-0.2769,0.115
98.039,8,-1.543,-6.633,-3.0105,1.357,1.389,-0.3068,0.103
98.089,8,-1.61,-6.638,-3.0688,1.364,1.406,-0.3247,0.099
98.139,8,-1.655,-6.64,-3.1074,1.371,1.421,-0.3631,0.099
98.189,8,-1.738,-6.637,3.0907,1.385,1.421,-0.3372,0.102
98.24,8,-1.801,-6.63,3.0215,1.395,1.433,-0.3374,0.103
98.289,8,-1.883,-6.614,2.9261,1.402,1.44,-0.3491,0.102
98.34,8,-1.934,-6.601,2.8696,1.4,1.448,-0.3492,0.112
98.389,8,-2.01,-6.574,2.7943,1.416,1.448,-0.3399,0.121
98.439,8,-2.081,-6.542,2.7001,1.426,1.458,-0.3147,0.127
98.489,8,-2.143,-6.508,2.6282,1.439,1.47,-0.2847,0.131
98.54,8,-2.188,-6.48,2.5815,1.454,1.485,-0.2801,0.137
98.589,8,-2.259,-6.43,2.5163,1.464,1.485,-0.2804,0.146
98.64,8,-2.315,-6.385,2.4457,1.475,1.503,-0.2687,0.157
98.69,8,-2.352,-6.351,2.4095,1.476,1.523,-0.2806,0.16
98.74,8,-2.415,-6.287,2.3283,1.5,1.545,-0.2847,0.162
98.789,8,-2.443,-6.255,2.2943,1.51,1.545,-0.2699,0.162
98.839,8,-2.499,-6.182,2.2119,1.536,1.571,-0.2225,0.175
98.889,8,-2.554,-6.099,2.1366,1.558,1.6,-0.2369,0.181
98.939,8,-2.588,-6.04,2.0853,1.583,1.637,-0.2414,0.183
98.989,8,-2.615,-5.987,2.0398,1.607,1.682,-0.2269,0.188
99.039,8,-2.66,-5.884,1.9666,1.635,1.682,-0.1884,0.195
99.089,8,-2.685,-5.818,1.9146,1.67,1.723,-0.189,0.196
99.139,8,-2.716,-5.717,1.8507,1.712,1.75,-0.2035,0.19
99.189,8,-2.733,-5.651,1.8126,1.734,1.765,-0.2075,0.187
99.239,8,-2.751,-5.556,1.7581,1.755,1.779,-0.1781,0.188
99.289,8,-2.764,-5.46,1.6923,1.78,1.796,-0.1665,0.202
99.339,8,-2.771,-5.378,1.6476,1.797,1.816,-0.1672,0.219
99.389,8,-2.774,-5.316,1.6218,1.801,1.838,-0.1546,0.234
99.439,8,-2.775,-5.21,1.5674,1.82,1.862,-0.1426,0.248
99.489,8,-2.773,-5.141,1.5363,1.836,1.862,-0.1366,0.259
99.539,8,-2.763,-5.006,1.4811,1.869,1.915,-0.131,0.295
99.589,8,-2.753,-4.92,1.4499,1.895,1.915,-0.1188,0.352
99.64,8,-2.74,-4.833,1.4173,1.919,1.973,-0.1115,0.371
99.689,8,-2.728,-4.762,1.3924,1.936,1.973,-0.0989,0.411
99.74,8,-2.709,-4.672,1.3626,1.972,2.004,-0.099,0.448
99.789,8,-2.681,-4.552,1.327,1.986,2.037,-0.0885,0.424
99.839,8,-2.652,-4.445,1.2963,2.027,2.071,-0.0829,0.403
99.889,8,-2.618,-4.337,1.2626,2.068,2.107,-0.0673,0.376
99.939,8,-2.584,-4.236,1.2389,2.105,2.183,-0.0641,0.359
99.989,8,-2.547,-4.136,1.2179,2.152,2.221,-0.0591,0.344
100.04,8,-2.521,-4.067,1.2069,2.177,2.259,-0.0567,0.336
100.09,8,-2.472,-3.943,1.1828,2.23,2.296,-0.0429,0.321
100.14,8,-2.432,-3.85,1.1695,2.26,2.333,-0.0397,0.308
100.189,8,-2.378,-3.728,1.1521,2.31,2.369,-0.0346,0.289
100.239,8,-2.346,-3.655,1.1447,2.33,2.404,-0.0255,0.283
100.289,8,-2.282,-3.518,1.13,2.375,2.439,-0.0213,0.273
100.339,8,-2.231,-3.414,1.1212,2.423,2.473,-0.0171,0.264
100.39,8,-2.176,-3.301,1.1121,2.463,2.541,-0.0135,0.255
100.439,8,-2.125,-3.199,1.1076,2.495,2.574,-0.0093,0.246
100.489,8,-2.06,-3.07,1.1029,2.539,2.607,-0.0,0.237
100.54,8,-2.011,-2.973,1.1017,2.588,2.671,0.0129,0.227
100.59,8,-1.943,-2.84,1.1029,2.625,2.651,0.0259,0.216
100.639,8,-1.901,-2.755,1.1072,2.662,2.602,0.0388,0.203
100.689,8,-1.826,-2.602,1.1199,2.648,2.552,0.0581,0.186
100.739,8,-1.775,-2.494,1.138,2.599,2.46,0.0876,0.165
100.789,8,-1.717,-2.36,1.1681,2.531,2.427,0.0916,0.133
100.839,8,-1.675,-2.255,1.2012,2.466,2.388,0.0989,0.119
100.889,8,-1.634,-2.14,1.2312,2.432,2.388,0.0901,0.091
100.94,8,-1.599,-2.032,1.2672,2.405,2.379,0.1041,0.078
100.989,8,-1.569,-1.926,1.2987,2.394,2.379,0.0994,0.071
101.039,8,-1.539,-1.804,1.3366,2.387,2.381,0.1086,0.066
101.089,8,-1.511,-1.668,1.384,2.386,2.386,0.1033,0.085
101.139,8,-1.495,-1.571,1.4109,2.388,2.395,0.094,0.091
101.189,8,-1.477,-1.436,1.4442,2.393,2.407,0.0897,0.1
101.24,8,-1.466,-1.317,1.4832,2.404,2.422,0.0812,0.135
101.289,8,-1.46,-1.235,1.5012,2.41,2.439,0.077,0.147
101.339,8,-1.454,-1.085,1.5398,2.434,2.459,0.0736,0.168
101.389,8,-1.453,-0.999,1.5599,2.443,2.507,0.0729,0.188
101.439,8,-1.456,-0.842,1.596,2.476,2.533,0.0652,0.206
101.489,8,-1.461,-0.727,1.6187,2.507,2.589,0.0647,0.228
101.539,8,-1.47,-0.587,1.6485,2.549,2.616,0.056,0.263
101.589,8,-1.479,-0.495,1.6659,2.578,2.644,0.056,0.299
101.639,8,-1.497,-0.337,1.6932,2.626,2.672,0.0474,0.335
101.689,8,-1.519,-0.182,1.7196,2.663,2.727,0.0535,0.383
101.739,8,-1.537,-0.071,1.7344,2.685,2.755,0.0474,0.398
101.789,8,-1.563,0.068,1.7543,2.716,2.811,0.0479,0.421
101.839,8,-1.592,0.211,1.775,2.762,2.839,0.0444,0.388
101.889,8,-1.62,0.339,1.7913,2.796,2.867,0.04,0.37
101.94,8,-1.652,0.472,1.8093,2.844,2.895,0.0302,0.355
101.989,8,-1.675,0.564,1.8213,2.866,2.953,0.0318,0.341
102.039,8,-1.725,0.748,1.8407,2.911,2.983,0.0216,0.328
102.089,8,-1.771,0.907,1.8529,2.954,2.954,0.0172,0.317
102.139,8,-1.801,1.009,1.8593,2.976,2.923,0.0143,0.301
102.189,8,-1.856,1.188,1.8686,2.966,2.856,0.0043,0.283
102.239,8,-1.903,1.339,1.8737,2.924,2.817,0.0,0.261
102.289,8,-1.942,1.464,1.8747,2.879,2.73,-0.0043,0.262
102.34,8,-1.974,1.567,1.8747,2.831,2.68,-0.0129,0.262
102.389,8,-2.029,1.741,1.8727,2.765,2.633,-0.0216,0.262
102.439,8,-2.042,1.783,1.8707,2.736,2.587,-0.0314,0.262
102.49,8,-2.101,1.98,1.8575,2.656,2.499,-0.0492,0.276
102.539,8,-2.14,2.12,1.8403,2.581,2.418,-0.0647,0.295
102.589,8,-2.167,2.221,1.8262,2.528,2.381,-0.0704,0.302
102.639,8,-2.201,2.362,1.8005,2.449,2.344,-0.0779,0.32
102.69,8,-2.223,2.468,1.7765,2.396,2.31,-0.0788,0.324
102.739,8,-2.243,2.575,1.7507,2.349,2.246,-0.0937,0.331
102.789,8,-2.264,2.707,1.7167,2.299,2.217,-0.0977,0.332
102.839,8,-2.277,2.811,1.6896,2.266,2.189,-0.0982,0.329
102.89,8,-2.287,2.915,1.6615,2.24,2.162,-0.1072,0.328
102.939,8,-2.294,3.027,1.6277,2.191,2.136,-0.1067,0.314
102.989,8,-2.297,3.146,1.5871,2.157,2.109,-0.1065,0.294
103.039,8,-2.295,3.259,1.547,2.126,2.083,-0.1047,0.258
103.089,8,-2.292,3.329,1.5283,2.118,2.057,-0.1212,0.247
103.139,8,-2.283,3.454,1.4825,2.076,2.005,-0.1332,0.231
103.189,8,-2.269,3.569,1.4374,2.04,1.979,-0.1454,0.199
103.24,8,-2.253,3.665,1.3992,2.009,1.953,-0.1758,0.191
103.289,8,-2.233,3.762,1.3647,1.989,1.953,-0.1447,0.176
103.339,8,-2.211,3.849,1.3164,1.964,1.928,-0.1577,0.165
103.389,8,-2.18,3.952,1.2631,1.939,1.88,-0.1821,0.154
103.439,8,-2.158,4.013,1.2364,1.921,1.858,-0.2054,0.153
103.489,8,-2.114,4.123,1.1714,1.882,1.858,-0.1833,0.142
103.539,8,-2.069,4.216,1.106,1.856,1.821,-0.2068,0.132
103.589,8,-2.026,4.295,1.0538,1.836,1.809,-0.2041,0.132
103.639,8,-1.993,4.348,1.0223,1.826,1.809,-0.1793,0.134
103.689,8,-1.931,4.439,0.9548,1.811,1.801,-0.1941,0.129
103.74,8,-1.882,4.503,0.9088,1.8,1.793,-0.1911,0.119
103.789,8,-1.818,4.577,0.8557,1.793,1.776,-0.2168,0.112
103.839,8,-1.764,4.634,0.7987,1.777,1.759,-0.2448,0.11
103.889,8,-1.689,4.702,0.7365,1.753,1.742,-0.2549,0.108
103.939,8,-1.616,4.76,0.6502,1.731,1.723,-0.242,0.092
103.989,8,-1.57,4.792,0.6123,1.721,1.702,-0.251,0.089
104.04,8,-1.477,4.849,0.5269,1.708,1.683,-0.2503,0.092
104.089,8,-1.403,4.888,0.468,1.691,1.668,-0.2982,0.093
104.139,8,-1.339,4.917,0.4127,1.679,1.658,-0.3008,0.088
104.19,8,-1.271,4.942,0.3531,1.656,1.658,-0.2737,0.075
104.239,8,-1.171,4.972,0.2681,1.642,1.651,-0.2726,0.064
104.289,8,-1.085,4.99,0.1884,1.641,1.645,-0.2862,0.063
104.339,8,-1.026,4.998,0.136,1.629,1.638,-0.2843,0.069
104.39,8,-0.946,5.005,0.0685,1.624,1.638,-0.3,0.071
104.439,8,-0.86,5.005,-0.0126,1.624,1.638,-0.2842,0.072
104.489,8,-0.764,4.998,-0.0952,1.623,1.642,-0.2841,0.073
104.54,8,-0.712,4.991,-0.1357,1.623,1.643,-0.2869,0.066
104.589,8,-0.614,4.971,-0.223,1.627,1.643,-0.2507,0.059
104.639,8,-0.536,4.948,-0.2884,1.633,1.643,-0.2424,0.059
104.694,8,-0.487,4.931,-0.3327,1.636,1.643,-0.2294,0.054
104.739,8,-0.392,4.893,-0.4045,1.639,1.643,-0.2371,0.055
104.789,8,-0.313,4.854,-0.4662,1.643,1.645,-0.2141,0.072
104.839,8,-0.24,4.813,-0.5248,1.645,1.653,-0.1885,0.088
104.889,8,-0.2,4.788,-0.5513,1.648,1.653,-0.1798,0.101
104.939,8,-0.129,4.74,-0.6024,1.658,1.675,-0.1571,0.114
104.99,8,-0.058,4.688,-0.6436,1.658,1.717,-0.1527,0.124
105.039,8,0.025,4.619,-0.6946,1.703,1.765,-0.1674,0.133
105.089,8,0.094,4.558,-0.7427,1.751,1.812,-0.1553,0.136
105.139,8,0.152,4.5,-0.781,1.798,1.859,-0.1544,0.134
105.189,8,0.211,4.438,-0.8209,1.837,1.881,-0.1449,0.125
105.239,8,0.286,4.35,-0.8749,1.874,1.902,-0.1367,0.12
105.289,8,0.334,4.289,-0.9037,1.889,1.924,-0.1311,0.122
105.339,8,0.386,4.219,-0.9374,1.908,1.948,-0.1337,0.146
105.389,8,0.448,4.129,-0.9712,1.926,1.948,-0.1192,0.169
105.439,8,0.489,4.065,-0.9984,1.942,2.002,-0.1194,0.19
105.489,8,0.543,3.974,-1.0388,1.971,2.032,-0.1197,0.211
105.539,8,0.602,3.867,-1.0824,2.011,2.063,-0.1199,0.242
105.589,8,0.643,3.785,-1.1166,2.042,2.094,-0.1136,0.252
105.639,8,0.668,3.731,-1.1348,2.058,2.125,-0.1138,0.287
105.689,8,0.723,3.601,-1.1819,2.091,2.156,-0.1042,0.326
105.739,8,0.758,3.508,-1.2128,2.125,2.186,-0.0961,0.365
105.789,8,0.797,3.394,-1.2447,2.154,2.215,-0.0963,0.403
105.84,8,0.821,3.319,-1.2679,2.184,2.243,-0.0967,0.408
105.889,8,0.85,3.215,-1.2906,2.198,2.27,-0.1013,0.378
105.939,9,0.885,3.076,-1.3388,2.249,2.294,-0.0814,0.351
105.99,9,0.907,2.969,-1.3663,2.281,2.316,-0.0761,0.327
106.039,9,0.927,2.863,-1.3935,2.309,2.338,-0.0721,0.305
106.089,9,0.947,2.736,-1.4208,2.333,2.36,-0.068,0.286
106.139,9,0.96,2.631,-1.4484,2.357,2.407,-0.0596,0.27
106.189,9,0.973,2.501,-1.4717,2.379,2.432,-0.0599,0.256
106.24,9,0.982,2.389,-1.4934,2.405,2.459,-0.0525,0.242
106.289,9,0.989,2.275,-1.5123,2.438,2.487,-0.0386,0.231
106.339,9,0.996,2.119,-1.5372,2.484,2.549,-0.0364,0.221
106.39,9,0.999,2.001,-1.5497,2.518,2.582,-0.0272,0.208
106.439,9,1.0,1.917,-1.557,2.54,2.615,-0.0172,0.204
106.49,9,1.0,1.76,-1.5702,2.588,2.647,-0.0132,0.195
106.539,9,1.0,1.642,-1.575,2.63,2.71,-0.0043,0.186
106.589,9,0.998,1.472,-1.5806,2.679,2.741,-0.0,0.186
106.64,9,0.997,1.347,-1.582,2.723,2.802,0.0,0.186
106.689,9,0.995,1.215,-1.582,2.757,2.832,0.0,0.186
106.739,9,0.994,1.087,-1.582,2.794,2.862,0.0044,0.186
106.789,9,0.992,0.957,-1.582,2.833,2.92,0.0088,0.186
106.839,9,0.991,0.776,-1.5789,2.887,2.949,0.0102,0.184
106.89,9,0.99,0.639,-1.5755,2.92,3.006,0.0086,0.182
106.939,9,0.99,0.497,-1.5718,2.958,3.034,0.0086,0.18
106.99,9,0.99,0.362,-1.5684,3.001,3.062,0.0086,0.177
107.039,9,0.991,0.205,-1.5644,3.039,3.116,0.0146,0.173
107.089,9,0.992,0.033,-1.5576,3.083,3.17,0.0129,0.165
107.143,9,0.994,-0.07,-1.5543,3.107,3.197,0.0086,0.161
107.189,9,0.997,-0.221,-1.5503,3.138,3.249,0.0086,0.154
107.239,9,1.003,-0.431,-1.5425,3.202,3.275,0.0058,0.146
107.289,9,1.008,-0.609,-1.5389,3.251,3.326,0.0,0.134
107.339,9,1.012,-0.717,-1.5381,3.271,3.376,-0.0,0.13
107.39,9,1.018,-0.913,-1.5381,3.321,3.401,-0.0,0.123
107.439,9,1.024,-1.067,-1.5381,3.367,3.408,-0.0099,0.115
107.489,9,1.03,-1.274,-1.5403,3.406,3.332,-0.0129,0.105
107.539,9,1.033,-1.383,-1.5434,3.401,3.295,-0.0177,0.102
107.59,9,1.038,-1.612,-1.5535,3.347,3.223,-0.0229,0.098
107.639,9,1.04,-1.771,-1.5614,3.302,3.154,-0.0216,0.098
107.689,9,1.04,-1.888,-1.5696,3.265,3.12,-0.0227,0.099
107.74,9,1.039,-2.078,-1.5821,3.196,3.054,-0.0259,0.102
107.789,9,1.036,-2.22,-1.5927,3.148,2.991,-0.0354,0.104
107.839,9,1.03,-2.411,-1.6103,3.062,2.96,-0.0388,0.109
107.889,9,1.022,-2.556,-1.6227,3.02,2.9,-0.0431,0.116
107.939,9,1.013,-2.708,-1.6417,2.962,2.87,-0.0395,0.142
107.989,9,1.004,-2.807,-1.6529,2.935,2.812,-0.0431,0.151
108.039,9,0.985,-3.003,-1.6797,2.869,2.784,-0.0431,0.181
108.089,9,0.973,-3.099,-1.6893,2.847,2.729,-0.056,0.192
108.139,9,0.948,-3.285,-1.7185,2.779,2.701,-0.0573,0.228
108.189,9,0.933,-3.375,-1.7305,2.759,2.674,-0.056,0.241
108.239,9,0.904,-3.535,-1.7613,2.707,2.62,-0.0661,0.277
108.289,9,0.879,-3.651,-1.7832,2.679,2.593,-0.056,0.318
108.339,9,0.843,-3.805,-1.8153,2.624,2.54,-0.069,0.385
108.389,9,0.812,-3.918,-1.8353,2.596,2.513,-0.0647,0.408
108.44,9,0.773,-4.053,-1.8639,2.553,2.486,-0.0647,0.461
108.489,9,0.737,-4.167,-1.8851,2.528,2.459,-0.069,0.476
108.54,9,0.7,-4.273,-1.9081,2.491,2.432,-0.0646,0.51
108.589,9,0.647,-4.414,-1.9421,2.454,2.375,-0.0792,0.546
108.64,9,0.603,-4.521,-1.9657,2.424,2.347,-0.0745,0.605
108.689,9,0.572,-4.592,-1.9809,2.403,2.317,-0.0732,0.622
108.74,9,0.504,-4.737,-2.0209,2.341,2.254,-0.081,0.672
108.789,9,0.47,-4.806,-2.0341,2.333,2.22,-0.0809,0.69
108.839,9,0.405,-4.927,-2.0665,2.278,2.185,-0.072,0.648
108.889,9,0.347,-5.031,-2.089,2.248,2.147,-0.0819,0.592
108.939,9,0.298,-5.113,-2.1118,2.214,2.108,-0.0778,0.547
108.99,9,0.233,-5.215,-2.1369,2.156,2.068,-0.0896,0.514
109.039,9,0.17,-5.31,-2.1725,2.091,2.026,-0.0795,0.461
109.09,9,0.128,-5.369,-2.188,2.08,1.983,-0.0842,0.443
109.139,9,0.076,-5.438,-2.2105,2.042,1.938,-0.0885,0.405
109.189,9,0.013,-5.52,-2.2381,1.993,1.892,-0.0827,0.372
109.239,9,-0.075,-5.626,-2.274,1.92,1.845,-0.0905,0.337
109.289,9,-0.117,-5.673,-2.288,1.904,1.796,-0.0913,0.324
109.339,9,-0.194,-5.758,-2.3208,1.829,1.745,-0.0867,0.298
109.39,9,-0.253,-5.818,-2.3438,1.782,1.694,-0.061,0.27
109.439,9,-0.322,-5.886,-2.3644,1.737,1.64,-0.0486,0.242
109.489,9,-0.377,-5.939,-2.3798,1.68,1.585,-0.0454,0.226
109.539,9,-0.434,-5.992,-2.3908,1.633,1.527,-0.0521,0.219
109.589,9,-0.495,-6.048,-2.4012,1.6,1.468,-0.0643,0.211
109.64,9,-0.553,-6.1,-2.414,1.551,1.468,-0.0558,0.202
109.689,9,-0.61,-6.15,-2.4261,1.499,1.402,-0.0793,0.192
109.74,9,-0.665,-6.196,-2.4408,1.44,1.328,-0.1065,0.184
109.789,9,-0.718,-6.24,-2.4575,1.413,1.24,-0.138,0.178
109.84,9,-0.763,-6.275,-2.4763,1.348,1.24,-0.1297,0.172
109.889,9,-0.835,-6.329,-2.5109,1.251,1.169,-0.1363,0.164
109.939,9,-0.868,-6.352,-2.5243,1.211,1.169,-0.1585,0.163
109.989,9,-0.927,-6.392,-2.5538,1.173,1.169,-0.1464,0.16
110.039,9,-0.974,-6.421,-2.5786,1.171,1.169,-0.1852,0.158
110.089,9,-1.029,-6.454,-2.6049,1.173,1.169,-0.1695,0.157
110.14,9,-1.08,-6.482,-2.6397,1.171,1.232,-0.2327,0.162
110.189,9,-1.131,-6.509,-2.6673,1.185,1.232,-0.2157,0.163
110.239,9,-1.181,-6.533,-2.7036,1.222,1.269,-0.2328,0.166
110.289,9,-1.242,-6.559,-2.7514,1.257,1.306,-0.2636,0.158
110.339,9,-1.3,-6.58,-2.7924,1.273,1.34,-0.3108,0.15
110.389,9,-1.346,-6.595,-2.8305,1.291,1.34,-0.3046,0.141
110.439,9,-1.406,-6.612,-2.8862,1.315,1.367,-0.2883,0.127
110.49,9,-1.494,-6.629,-2.9651,1.347,1.389,-0.3274,0.111
110.539,9,-1.558,-6.637,-3.0201,1.358,1.389,-0.3012,0.108
110.589,9,-1.616,-6.642,-3.076,1.365,1.406,-0.3297,0.103
110.64,9,-1.695,-6.643,3.1294,1.378,1.421,-0.3485,0.104
110.689,9,-1.749,-6.639,3.0907,1.385,1.433,-0.3724,0.106
110.739,9,-1.823,-6.63,2.9996,1.395,1.433,-0.3415,0.105
110.79,9,-1.884,-6.618,2.9426,1.4,1.44,-0.3493,0.108
110.839,9,-1.947,-6.601,2.8668,1.405,1.448,-0.3494,0.119
110.889,9,-2.027,-6.572,2.7803,1.416,1.458,-0.364,0.127
110.939,9,-2.096,-6.541,2.6935,1.425,1.458,-0.3285,0.135
110.989,9,-2.136,-6.519,2.65,1.425,1.47,-0.2935,0.137
111.039,9,-2.216,-6.468,2.5601,1.452,1.485,-0.2921,0.149
111.09,9,-2.268,-6.43,2.4993,1.464,1.503,-0.292,0.153
111.139,9,-2.33,-6.378,2.4373,1.478,1.503,-0.2688,0.163
111.189,9,-2.379,-6.331,2.3731,1.488,1.523,-0.2689,0.165
111.24,9,-2.426,-6.281,2.3146,1.505,1.545,-0.2812,0.166
111.289,9,-2.48,-6.215,2.25,1.519,1.571,-0.262,0.173
111.339,9,-2.527,-6.149,2.1682,1.538,1.6,-0.2511,0.183
111.39,9,-2.566,-6.085,2.1131,1.57,1.6,-0.223,0.185
111.439,9,-2.603,-6.016,2.0607,1.594,1.637,-0.24,0.186
111.489,9,-2.64,-5.939,2.001,1.613,1.682,-0.2119,0.192
111.544,9,-2.66,-5.89,1.9649,1.63,1.682,-0.2,0.199
111.589,9,-2.692,-5.801,1.9195,1.666,1.75,-0.2251,0.195
111.639,9,-2.721,-5.702,1.8361,1.716,1.75,-0.1895,0.188
111.69,9,-2.734,-5.646,1.8042,1.736,1.765,-0.1901,0.187
111.739,9,-2.75,-5.566,1.7506,1.756,1.779,-0.1701,0.189
111.79,9,-2.764,-5.459,1.6929,1.776,1.796,-0.1667,0.206
111.839,9,-2.771,-5.388,1.6597,1.785,1.816,-0.1543,0.222
111.889,9,-2.776,-5.268,1.5959,1.809,1.838,-0.1602,0.244
111.939,9,-2.776,-5.21,1.5722,1.817,1.862,-0.1579,0.25
111.989,9,-2.771,-5.084,1.512,1.845,1.888,-0.1355,0.283
112.04,9,-2.765,-5.023,1.4871,1.862,1.915,-0.1186,0.302
112.089,9,-2.75,-4.896,1.4339,1.897,1.943,-0.1189,0.358
112.139,9,-2.738,-4.822,1.4091,1.917,1.943,-0.1027,0.377
112.189,9,-2.717,-4.715,1.3776,1.943,1.973,-0.0905,0.418
112.239,9,-2.699,-4.635,1.3472,1.971,2.037,-0.0966,0.446
112.289,9,-2.674,-4.533,1.3205,1.993,2.037,-0.0826,0.422
112.34,9,-2.655,-4.466,1.301,2.028,2.071,-0.0788,0.402
112.389,9,-2.61,-4.319,1.2611,2.063,2.144,-0.0766,0.383
112.439,9,-2.588,-4.252,1.2465,2.088,2.183,-0.0625,0.366
112.489,9,-2.555,-4.16,1.2223,2.139,2.221,-0.0544,0.35
112.539,9,-2.505,-4.03,1.1992,2.185,2.259,-0.0504,0.335
112.589,9,-2.467,-3.938,1.1837,2.214,2.296,-0.0421,0.321
112.639,9,-2.421,-3.828,1.1676,2.257,2.333,-0.0338,0.307
112.689,9,-2.371,-3.714,1.1521,2.299,2.369,-0.0297,0.295
112.739,9,-2.318,-3.599,1.138,2.36,2.404,-0.0213,0.277
112.789,9,-2.276,-3.51,1.13,2.39,2.439,-0.0229,0.272
112.839,9,-2.222,-3.397,1.1229,2.421,2.507,-0.0171,0.263
112.889,9,-2.179,-3.309,1.1158,2.454,2.541,-0.0129,0.254
112.94,9,-2.115,-3.179,1.1078,2.505,2.574,-0.0093,0.245
112.989,9,-2.053,-3.057,1.1034,2.552,2.607,-0.0,0.236
113.039,9,-1.998,-2.949,1.1022,2.592,2.671,0.0129,0.226
113.089,9,-1.938,-2.829,1.1034,2.625,2.651,0.0259,0.214
113.139,9,-1.87,-2.694,1.1107,2.664,2.552,0.0608,0.193
113.189,9,-1.815,-2.58,1.1244,2.627,2.502,0.069,0.173
113.239,9,-1.779,-2.502,1.138,2.595,2.46,0.0819,0.161
113.289,9,-1.715,-2.355,1.1717,2.517,2.427,0.088,0.14
113.339,9,-1.673,-2.247,1.2022,2.464,2.403,0.0882,0.113
113.389,9,-1.633,-2.135,1.2346,2.431,2.38,0.0986,0.088
113.44,9,-1.596,-2.02,1.2667,2.409,2.379,0.0984,0.077
113.489,9,-1.56,-1.893,1.3057,2.393,2.379,0.0983,0.07
113.539,9,-1.53,-1.766,1.3481,2.387,2.381,0.1075,0.074
113.589,9,-1.514,-1.689,1.3687,2.386,2.386,0.1025,0.082
113.639,9,-1.489,-1.54,1.4162,2.388,2.395,0.094,0.094
113.689,9,-1.475,-1.434,1.4496,2.396,2.407,0.0917,0.103
113.739,9,-1.463,-1.304,1.4886,2.408,2.422,0.077,0.128
113.789,9,-1.457,-1.191,1.5166,2.42,2.459,0.0814,0.151
113.839,9,-1.453,-1.082,1.5423,2.437,2.482,0.0729,0.172
113.89,9,-1.453,-0.956,1.5726,2.459,2.507,0.0644,0.192
113.939,9,-1.455,-0.847,1.5977,2.483,2.533,0.0603,0.209
113.989,9,-1.463,-0.674,1.6303,2.52,2.589,0.0647,0.233
114.04,9,-1.47,-0.578,1.6491,2.547,2.616,0.0604,0.269
114.09,9,-1.482,-0.455,1.6707,2.577,2.644,0.057,0.305
114.139,9,-1.499,-0.315,1.6926,2.611,2.699,0.056,0.34
114.189,9,-1.52,-0.166,1.7206,2.657,2.727,0.056,0.388
114.239,9,-1.535,-0.079,1.7347,2.679,2.755,0.0477,0.403
114.289,9,-1.566,0.087,1.7622,2.73,2.783,0.04,0.418
114.339,9,-1.595,0.228,1.7808,2.769,2.839,0.0388,0.386
114.389,9,-1.614,0.309,1.7909,2.784,2.867,0.0345,0.369
114.439,9,-1.664,0.518,1.8157,2.849,2.924,0.0302,0.353
114.49,9,-1.688,0.61,1.8239,2.869,2.953,0.0305,0.339
114.539,9,-1.725,0.747,1.8381,2.912,2.983,0.0277,0.325
114.59,9,-1.775,0.923,1.8536,2.955,2.954,0.0172,0.314
114.64,9,-1.819,1.07,1.8646,2.964,2.89,0.0086,0.29
114.689,9,-1.849,1.167,1.8687,2.963,2.856,0.0043,0.281
114.74,9,-1.898,1.323,1.8741,2.926,2.775,-0.0,0.263
114.789,9,-1.947,1.48,1.8764,2.884,2.73,-0.0092,0.262
114.839,9,-1.985,1.599,1.8765,2.819,2.633,-0.0216,0.262
114.889,9,-2.033,1.754,1.8703,2.728,2.587,-0.032,0.262
114.939,9,-2.059,1.839,1.8656,2.688,2.542,-0.0396,0.264
114.989,9,-2.106,2.001,1.8492,2.604,2.499,-0.0388,0.278
115.039,9,-2.143,2.139,1.8291,2.535,2.418,-0.0567,0.295
115.089,9,-2.164,2.221,1.8196,2.508,2.381,-0.0603,0.301
115.139,9,-2.199,2.367,1.7947,2.445,2.344,-0.069,0.313
115.19,9,-2.221,2.475,1.7743,2.394,2.31,-0.0733,0.321
115.239,9,-2.243,2.591,1.7494,2.347,2.246,-0.0945,0.328
115.289,9,-2.263,2.723,1.713,2.293,2.217,-0.0934,0.327
115.339,9,-2.274,2.807,1.6911,2.268,2.189,-0.0945,0.326
115.389,9,-2.287,2.94,1.6595,2.235,2.162,-0.1143,0.326
115.439,9,-2.294,3.059,1.6228,2.202,2.136,-0.1052,0.306
115.49,9,-2.296,3.133,1.6028,2.181,2.109,-0.1145,0.296
115.539,9,-2.296,3.234,1.5655,2.138,2.083,-0.1137,0.273
115.589,9,-2.291,3.369,1.5222,2.107,2.057,-0.1211,0.249
115.639,9,-2.282,3.481,1.4739,2.069,2.005,-0.1483,0.222
115.689,9,-2.27,3.578,1.4393,2.046,1.979,-0.1456,0.211
115.739,9,-2.256,3.664,1.401,2.018,1.953,-0.1703,0.192
115.789,9,-2.235,3.764,1.3621,1.992,1.928,-0.1696,0.178
115.839,9,-2.22,3.826,1.3306,1.966,1.904,-0.1871,0.167
115.889,9,-2.179,3.962,1.2636,1.933,1.88,-0.1855,0.159
115.939,9,-2.151,4.041,1.2152,1.909,1.858,-0.2069,0.153
115.989,9,-2.117,4.122,1.1692,1.89,1.858,-0.1836,0.143
116.039,9,-2.083,4.194,1.1187,1.86,1.821,-0.2069,0.136
116.089,9,-2.021,4.308,1.0459,1.838,1.809,-0.2082,0.134
116.139,9,-1.989,4.359,1.0156,1.826,1.801,-0.219,0.136
116.189,9,-1.926,4.449,0.948,1.809,1.801,-0.1916,0.13
116.239,9,-1.875,4.514,0.8986,1.801,1.793,-0.1912,0.119
116.289,9,-1.811,4.586,0.8469,1.794,1.776,-0.2032,0.113
116.339,9,-1.757,4.642,0.792,1.776,1.759,-0.2272,0.111
116.389,9,-1.699,4.696,0.7432,1.758,1.742,-0.239,0.109
116.439,9,-1.616,4.763,0.6624,1.736,1.723,-0.2529,0.098
116.489,9,-1.557,4.805,0.6014,1.718,1.702,-0.2381,0.092
116.539,9,-1.467,4.859,0.5221,1.701,1.683,-0.2499,0.096
116.589,9,-1.394,4.897,0.4621,1.688,1.668,-0.286,0.098
116.639,9,-1.345,4.919,0.4262,1.68,1.658,-0.3131,0.093
116.69,9,-1.252,4.954,0.3424,1.652,1.658,-0.2729,0.079
116.739,9,-1.18,4.975,0.2766,1.642,1.645,-0.3226,0.069
116.789,9,-1.084,4.996,0.1831,1.625,1.645,-0.2845,0.071
116.839,9,-1.042,5.002,0.1426,1.622,1.638,-0.2969,0.073
116.889,9,-0.92,5.01,0.032,1.624,1.638,-0.297,0.074
116.939,9,-0.869,5.009,-0.0076,1.625,1.638,-0.2969,0.074
116.989,9,-0.758,5.0,-0.1104,1.621,1.642,-0.2859,0.074
117.039,9,-0.701,4.991,-0.164,1.624,1.643,-0.2602,0.066
117.09,9,-0.607,4.969,-0.2424,1.633,1.643,-0.2635,0.059
117.139,9,-0.552,4.953,-0.2884,1.634,1.643,-0.2285,0.059
117.19,9,-0.462,4.921,-0.3607,1.641,1.643,-0.2126,0.052
117.239,9,-0.388,4.89,-0.4149,1.642,1.643,-0.2065,0.055
117.29,9,-0.311,4.851,-0.4666,1.645,1.645,-0.2006,0.072
117.339,9,-0.249,4.817,-0.514,1.645,1.653,-0.1886,0.088
117.389,9,-0.168,4.767,-0.5727,1.652,1.675,-0.1767,0.102
117.439,9,-0.105,4.722,-0.6114,1.656,1.717,-0.1804,0.114
117.489,9,-0.033,4.668,-0.6596,1.681,1.717,-0.1529,0.124
117.54,9,0.034,4.612,-0.7044,1.717,1.765,-0.1694,0.135
117.589,9,0.094,4.557,-0.7456,1.743,1.812,-0.1417,0.136
117.639,9,0.168,4.484,-0.7938,1.807,1.859,-0.1556,0.133
117.689,9,0.224,4.423,-0.8286,1.827,1.881,-0.1304,0.122
117.739,9,0.264,4.377,-0.8535,1.852,1.902,-0.1307,0.12
117.789,9,0.333,4.292,-0.9024,1.884,1.924,-0.1342,0.124
117.839,9,0.4,4.202,-0.9432,1.914,1.948,-0.1313,0.159
117.889,9,0.451,4.127,-0.9782,1.935,1.974,-0.1193,0.171
117.939,9,0.488,4.07,-1.0041,1.951,2.002,-0.1195,0.192
117.989,9,0.556,3.955,-1.0491,1.982,2.032,-0.1197,0.223
118.039,9,0.593,3.886,-1.0698,2.0,2.063,-0.12,0.233
118.089,9,0.65,3.772,-1.1206,2.043,2.094,-0.1126,0.27
118.14,9,0.69,3.683,-1.154,2.073,2.125,-0.1081,0.309
118.189,9,0.728,3.591,-1.1855,2.102,2.156,-0.1102,0.329
118.239,9,0.763,3.499,-1.2136,2.128,2.186,-0.0961,0.368
118.289,9,0.787,3.43,-1.2351,2.145,2.215,-0.1005,0.406
118.339,9,0.835,3.279,-1.2816,2.197,2.243,-0.0969,0.404
118.389,9,0.855,3.204,-1.3014,2.214,2.27,-0.0943,0.375
118.439,10,0.888,3.069,-1.3412,2.25,2.294,-0.0818,0.348
118.489,10,0.909,2.969,-1.3681,2.283,2.316,-0.0778,0.325
118.539,10,0.932,2.844,-1.3959,2.31,2.338,-0.0721,0.303
118.589,10,0.947,2.74,-1.4248,2.333,2.383,-0.068,0.285
118.64,10,0.962,2.624,-1.4492,2.355,2.407,-0.0596,0.268
118.69,10,0.976,2.486,-1.4782,2.391,2.432,-0.0555,0.247
118.739,10,0.982,2.407,-1.4893,2.405,2.459,-0.0513,0.24
118.789,10,0.991,2.259,-1.515,2.447,2.487,-0.0386,0.229
118.841,10,0.995,2.183,-1.5274,2.468,2.517,-0.0387,0.219
118.889,10,0.999,2.046,-1.5369,2.483,2.582,-0.0352,0.21
118.939,10,1.001,1.867,-1.5637,2.548,2.615,-0.0172,0.199
118.99,10,1.001,1.763,-1.573,2.587,2.647,-0.0086,0.195
119.039,10,1.0,1.627,-1.579,2.628,2.71,-0.0046,0.187
119.09,10,0.998,1.475,-1.5829,2.678,2.741,-0.0,0.187
119.139,10,0.997,1.383,-1.5835,2.707,2.802,0.0,0.187
119.19,10,0.995,1.221,-1.5835,2.756,2.832,0.0,0.187
119.239,10,0.993,1.092,-1.5834,2.808,2.891,0.0043,0.187
119.289,10,0.991,0.913,-1.5817,2.857,2.92,0.01,0.187
119.339,10,0.99,0.818,-1.5806,2.878,2.949,0.0086,0.186
119.39,10,0.989,0.626,-1.5752,2.925,3.006,0.0086,0.183
119.439,10,0.989,0.487,-1.5709,2.964,3.034,0.0086,0.181
119.49,10,0.989,0.352,-1.5667,3.007,3.089,0.0136,0.177
119.539,10,0.99,0.209,-1.563,3.041,3.116,0.0137,0.173
119.589,10,0.993,0.012,-1.5551,3.096,3.17,0.0131,0.167
119.64,10,0.995,-0.129,-1.5492,3.134,3.197,0.0095,0.156
119.689,10,0.999,-0.28,-1.5445,3.163,3.249,0.0043,0.152
119.739,10,1.003,-0.421,-1.5417,3.199,3.275,0.0,0.145
119.79,10,1.009,-0.599,-1.5397,3.241,3.326,0.0,0.137
119.839,10,1.013,-0.743,-1.5395,3.279,3.376,-0.0,0.13
119.889,10,1.02,-0.948,-1.5395,3.335,3.426,-0.0,0.119
119.939,10,1.025,-1.1,-1.5395,3.378,3.408,-0.0087,0.115
119.99,10,1.03,-1.287,-1.542,3.409,3.332,-0.0151,0.105
120.039,10,1.033,-1.396,-1.5445,3.403,3.259,-0.0172,0.103
120.09,10,1.037,-1.581,-1.5518,3.365,3.223,-0.0216,0.1
120.139,10,1.039,-1.76,-1.5608,3.306,3.154,-0.0224,0.098
120.19,10,1.04,-1.942,-1.573,3.235,3.087,-0.0259,0.1
120.239,10,1.038,-2.089,-1.5824,3.175,3.054,-0.0259,0.102
120.29,10,1.034,-2.267,-1.5976,3.104,2.991,-0.0354,0.105
120.339,10,1.029,-2.411,-1.6094,3.063,2.96,-0.0345,0.106
120.389,10,1.024,-2.527,-1.6198,3.035,2.9,-0.0431,0.117
120.439,10,1.011,-2.72,-1.6432,2.96,2.87,-0.0345,0.143
120.489,10,1.003,-2.817,-1.6523,2.937,2.812,-0.0431,0.152
120.54,10,0.985,-3.001,-1.6761,2.87,2.784,-0.0474,0.182
120.589,10,0.97,-3.136,-1.692,2.835,2.729,-0.0619,0.192
120.64,10,0.953,-3.258,-1.7109,2.794,2.701,-0.056,0.215
120.69,10,0.929,-3.405,-1.7348,2.747,2.674,-0.0603,0.241
120.74,10,0.907,-3.525,-1.7604,2.706,2.62,-0.0603,0.277
120.79,10,0.873,-3.683,-1.7921,2.665,2.593,-0.056,0.34
120.839,10,0.844,-3.803,-1.8127,2.637,2.567,-0.0603,0.363
120.89,10,0.815,-3.914,-1.8327,2.603,2.513,-0.0706,0.41
120.939,10,0.774,-4.053,-1.8602,2.562,2.486,-0.0693,0.446
120.99,10,0.742,-4.154,-1.8841,2.523,2.432,-0.0796,0.477
121.039,10,0.695,-4.29,-1.9154,2.482,2.404,-0.0732,0.51
121.089,10,0.656,-4.391,-1.9386,2.454,2.375,-0.0748,0.547
121.139,10,0.6,-4.528,-1.9714,2.41,2.347,-0.0685,0.607
121.19,10,0.562,-4.613,-1.9911,2.38,2.317,-0.0689,0.624
121.239,10,0.51,-4.724,-2.016,2.348,2.254,-0.0766,0.657
121.289,10,0.452,-4.84,-2.0472,2.303,2.22,-0.0775,0.673
121.339,10,0.416,-4.906,-2.0615,2.282,2.185,-0.072,0.645
121.39,10,0.35,-5.024,-2.0922,2.239,2.147,-0.0779,0.589
121.439,10,0.302,-5.103,-2.1139,2.191,2.108,-0.0801,0.543
121.49,10,0.231,-5.216,-2.1431,2.157,2.068,-0.0815,0.51
121.539,10,0.178,-5.295,-2.1682,2.103,2.026,-0.0753,0.476
121.59,10,0.105,-5.396,-2.2008,2.054,1.983,-0.0752,0.421
121.639,10,0.049,-5.47,-2.2209,2.015,1.938,-0.083,0.403
121.689,10,-0.017,-5.554,-2.2482,1.966,1.892,-0.0829,0.359
121.739,10,-0.058,-5.603,-2.2627,1.937,1.845,-0.0905,0.347
121.789,10,-0.118,-5.672,-2.2878,1.904,1.796,-0.0904,0.323
121.839,10,-0.196,-5.758,-2.3213,1.827,1.745,-0.082,0.297
121.889,10,-0.269,-5.833,-2.349,1.777,1.694,-0.0569,0.255
121.939,10,-0.317,-5.88,-2.3626,1.733,1.64,-0.0527,0.241
121.989,10,-0.384,-5.945,-2.3772,1.68,1.585,-0.0444,0.227
122.039,10,-0.443,-6.0,-2.3904,1.616,1.527,-0.0567,0.219
122.089,10,-0.502,-6.054,-2.3995,1.598,1.527,-0.0525,0.212
122.139,10,-0.566,-6.112,-2.414,1.549,1.468,-0.0614,0.199
122.189,10,-0.622,-6.161,-2.4269,1.504,1.402,-0.0839,0.189
122.239,10,-0.658,-6.191,-2.4356,1.458,1.328,-0.1125,0.186
122.289,10,-0.733,-6.252,-2.4642,1.363,1.24,-0.1378,0.176
122.339,10,-0.767,-6.279,-2.476,1.342,1.24,-0.1251,0.173
122.39,10,-0.813,-6.314,-2.4959,1.27,1.169,-0.136,0.167
122.439,10,-0.868,-6.353,-2.5276,1.2,1.169,-0.163,0.163
122.489,10,-0.929,-6.394,-2.5555,1.173,1.169,-0.1464,0.16
122.539,10,-0.983,-6.428,-2.5883,1.172,1.169,-0.1826,0.158
122.59,10,-1.016,-6.447,-2.6029,1.173,1.169,-0.1695,0.158
122.639,10,-1.08,-6.483,-2.6404,1.172,1.232,-0.2289,0.16
122.69,10,-1.128,-6.508,-2.6716,1.206,1.232,-0.2206,0.164
122.739,10,-1.174,-6.529,-2.7088,1.23,1.269,-0.2167,0.165
122.789,10,-1.245,-6.559,-2.7555,1.25,1.306,-0.2633,0.155
122.84,10,-1.309,-6.582,-2.8113,1.289,1.34,-0.2993,0.143
122.889,10,-1.351,-6.595,-2.841,1.297,1.34,-0.288,0.136
122.939,10,-1.428,-6.614,-2.9124,1.322,1.367,-0.2768,0.122
122.989,10,-1.498,-6.626,-2.9744,1.348,1.389,-0.3124,0.107
123.04,10,-1.564,-6.634,-3.0309,1.357,1.389,-0.2895,0.103
123.089,10,-1.626,-6.638,-3.0864,1.368,1.406,-0.3274,0.098
123.139,10,-1.688,-6.638,3.138,1.378,1.421,-0.3369,0.099
123.189,10,-1.774,-6.632,3.0439,1.392,1.433,-0.3647,0.102
123.24,10,-1.829,-6.624,2.9906,1.396,1.433,-0.3392,0.1
123.289,10,-1.904,-6.608,2.9052,1.407,1.44,-0.3377,0.11
123.34,10,-1.962,-6.59,2.8466,1.406,1.448,-0.3376,0.115
123.389,10,-2.036,-6.562,2.7528,1.421,1.458,-0.3531,0.125
123.439,10,-2.079,-6.542,2.7128,1.428,1.458,-0.3148,0.128
123.489,10,-2.155,-6.5,2.6212,1.436,1.47,-0.2819,0.13
123.539,10,-2.203,-6.47,2.5684,1.453,1.485,-0.2801,0.14
123.589,10,-2.275,-6.417,2.4919,1.464,1.503,-0.2804,0.149
123.639,10,-2.336,-6.364,2.4176,1.485,1.523,-0.2945,0.158
123.689,10,-2.371,-6.33,2.3811,1.492,1.523,-0.2744,0.16
123.739,10,-2.441,-6.254,2.2856,1.511,1.545,-0.2577,0.164
123.789,10,-2.471,-6.217,2.2501,1.522,1.571,-0.2459,0.169
123.839,10,-2.523,-6.145,2.1759,1.542,1.6,-0.2466,0.176
123.889,10,-2.568,-6.072,2.1234,1.565,1.6,-0.2389,0.18
123.939,10,-2.607,-6.002,2.0693,1.589,1.637,-0.2354,0.186
123.989,10,-2.643,-5.925,1.9974,1.617,1.682,-0.2158,0.194
124.04,10,-2.673,-5.851,1.9431,1.666,1.723,-0.2129,0.197
124.089,10,-2.699,-5.777,1.8922,1.707,1.75,-0.23,0.194
124.139,10,-2.72,-5.703,1.8481,1.72,1.765,-0.214,0.188
124.19,10,-2.742,-5.605,1.778,1.748,1.779,-0.1901,0.188
124.239,10,-2.756,-5.522,1.7276,1.763,1.779,-0.1706,0.192
124.289,10,-2.767,-5.436,1.6877,1.778,1.796,-0.1679,0.209
124.339,10,-2.773,-5.356,1.6417,1.795,1.816,-0.1566,0.225
124.389,10,-2.776,-5.28,1.601,1.809,1.838,-0.1425,0.24
124.439,10,-2.774,-5.155,1.5388,1.838,1.862,-0.1434,0.252
124.489,10,-2.769,-5.07,1.5007,1.86,1.888,-0.1185,0.29
124.539,10,-2.763,-5.007,1.4795,1.869,1.915,-0.1186,0.309
124.59,10,-2.75,-4.906,1.4411,1.885,1.943,-0.1188,0.346
124.639,10,-2.737,-4.819,1.407,1.916,1.973,-0.1035,0.384
124.69,10,-2.714,-4.705,1.3688,1.949,2.004,-0.0958,0.427
124.739,10,-2.688,-4.59,1.3355,1.989,2.037,-0.0961,0.441
124.789,10,-2.664,-4.498,1.3096,2.017,2.071,-0.0927,0.419
124.839,10,-2.644,-4.43,1.291,2.038,2.107,-0.0747,0.398
124.889,10,-2.606,-4.309,1.2579,2.079,2.144,-0.0717,0.381
124.939,10,-2.567,-4.196,1.2323,2.114,2.183,-0.059,0.363
124.99,10,-2.537,-4.113,1.2167,2.143,2.221,-0.0544,0.347
125.039,10,-2.492,-3.999,1.1941,2.207,2.259,-0.0463,0.325
125.089,10,-2.453,-3.904,1.1779,2.241,2.296,-0.0425,0.318
125.139,10,-2.407,-3.797,1.1657,2.282,2.333,-0.0391,0.304
125.189,10,-2.363,-3.698,1.1511,2.32,2.369,-0.0297,0.291
125.239,10,-2.318,-3.6,1.1394,2.352,2.404,-0.0261,0.28
125.289,10,-2.261,-3.479,1.1293,2.389,2.473,-0.0213,0.27
125.34,10,-2.212,-3.376,1.1208,2.429,2.507,-0.0171,0.261
125.389,10,-2.174,-3.299,1.1161,2.454,2.541,-0.0129,0.251
125.439,10,-2.096,-3.142,1.1069,2.517,2.574,-0.0101,0.242
125.489,10,-2.046,-3.042,1.1024,2.557,2.639,0.0056,0.234
125.539,10,-1.989,-2.932,1.1006,2.589,2.671,0.0182,0.224
125.589,10,-1.917,-2.788,1.1027,2.638,2.651,0.0315,0.206
125.639,10,-1.878,-2.71,1.1093,2.653,2.552,0.0608,0.198
125.689,10,-1.806,-2.562,1.1268,2.64,2.502,0.0711,0.179
125.74,10,-1.756,-2.452,1.1501,2.562,2.46,0.0776,0.156
125.789,10,-1.724,-2.376,1.1695,2.522,2.427,0.0819,0.133
125.839,10,-1.662,-2.217,1.2126,2.458,2.388,0.0946,0.106
125.889,10,-1.626,-2.113,1.2437,2.428,2.38,0.0948,0.085
125.939,10,-1.587,-1.989,1.2789,2.399,2.379,0.0941,0.075
125.989,10,-1.566,-1.913,1.302,2.392,2.379,0.094,0.067
126.039,10,-1.53,-1.76,1.3525,2.387,2.381,0.0986,0.069
126.09,10,-1.508,-1.652,1.379,2.387,2.386,0.1002,0.083
126.139,10,-1.493,-1.563,1.4033,2.388,2.395,0.0982,0.095
126.189,10,-1.47,-1.383,1.4624,2.396,2.422,0.094,0.109
126.239,10,-1.46,-1.263,1.4963,2.409,2.439,0.0903,0.134
126.289,10,-1.456,-1.183,1.5141,2.42,2.459,0.0876,0.156
126.339,10,-1.452,-1.054,1.5471,2.44,2.482,0.0735,0.177
126.389,10,-1.452,-0.929,1.5786,2.46,2.507,0.0653,0.196
126.44,10,-1.457,-0.79,1.6118,2.496,2.561,0.0661,0.214
126.489,10,-1.464,-0.671,1.6239,2.509,2.561,0.0612,0.224
126.54,10,-1.474,-0.542,1.6591,2.555,2.616,0.0566,0.277
126.59,10,-1.487,-0.421,1.6818,2.589,2.672,0.0568,0.313
126.639,10,-1.506,-0.279,1.7041,2.627,2.672,0.0431,0.346
126.69,10,-1.525,-0.155,1.7264,2.66,2.727,0.0449,0.378
126.739,10,-1.548,-0.02,1.7437,2.696,2.783,0.0476,0.407
126.789,10,-1.578,0.136,1.7672,2.75,2.811,0.0388,0.395
126.84,10,-1.605,0.264,1.7827,2.783,2.839,0.0345,0.374
126.889,10,-1.635,0.395,1.7973,2.812,2.895,0.0408,0.365
126.94,10,-1.665,0.522,1.8099,2.846,2.924,0.0355,0.349
126.989,10,-1.698,0.647,1.8246,2.877,2.981,0.0351,0.335
127.039,10,-1.74,0.802,1.8413,2.925,2.983,0.0216,0.322
127.089,10,-1.789,0.97,1.8589,2.971,2.923,0.0175,0.304
127.139,10,-1.829,1.1,1.8673,2.965,2.89,0.0105,0.295
127.189,10,-1.871,1.238,1.8733,2.946,2.856,0.0,0.278
127.239,10,-1.913,1.369,1.8767,2.9,2.775,-0.0055,0.263
127.289,10,-1.942,1.462,1.8775,2.873,2.73,-0.0086,0.263
127.339,10,-1.996,1.631,1.8744,2.788,2.633,-0.0216,0.263
127.39,10,-2.043,1.783,1.868,2.726,2.587,-0.0311,0.263
127.439,10,-2.069,1.872,1.8612,2.669,2.542,-0.0345,0.268
127.489,10,-2.116,2.034,1.8462,2.607,2.458,-0.0517,0.281
127.539,10,-2.144,2.14,1.8327,2.547,2.418,-0.056,0.293
127.589,10,-2.18,2.282,1.8096,2.466,2.381,-0.0603,0.311
127.639,10,-2.199,2.363,1.7969,2.434,2.31,-0.0815,0.316
127.689,10,-2.23,2.513,1.7667,2.377,2.277,-0.0897,0.324
127.739,10,-2.249,2.621,1.742,2.335,2.246,-0.0894,0.33
127.789,10,-2.268,2.748,1.7081,2.287,2.217,-0.0941,0.328
127.839,10,-2.277,2.822,1.6899,2.256,2.189,-0.093,0.327
127.889,10,-2.29,2.966,1.6491,2.224,2.162,-0.1012,0.326
127.939,10,-2.295,3.078,1.612,2.182,2.109,-0.1219,0.3
127.989,10,-2.297,3.147,1.5931,2.172,2.083,-0.1217,0.29
128.039,10,-2.296,3.254,1.5534,2.128,2.057,-0.1369,0.265
128.089,10,-2.288,3.403,1.501,2.086,2.031,-0.1372,0.244
128.14,10,-2.28,3.485,1.4722,2.07,2.005,-0.1332,0.226
128.19,10,-2.265,3.599,1.4273,2.036,1.979,-0.1465,0.195
128.239,10,-2.25,3.686,1.3908,2.014,1.953,-0.1574,0.187
128.289,10,-2.225,3.799,1.3462,1.988,1.928,-0.1695,0.169
128.339,10,-2.209,3.861,1.3159,1.954,1.904,-0.1689,0.164
128.389,10,-2.183,3.948,1.2658,1.931,1.88,-0.1686,0.157
128.439,10,-2.142,4.06,1.2071,1.892,1.858,-0.1928,0.15
128.489,10,-2.102,4.153,1.1604,1.884,1.839,-0.2095,0.141
128.539,10,-2.065,4.228,1.1089,1.861,1.821,-0.2044,0.135
128.589,10,-2.021,4.308,1.0599,1.841,1.809,-0.204,0.133
128.639,10,-1.978,4.378,1.0106,1.823,1.801,-0.2203,0.137
128.689,10,-1.931,4.446,0.9579,1.81,1.793,-0.2157,0.131
128.739,10,-1.863,4.532,0.893,1.8,1.776,-0.2334,0.121
128.789,10,-1.797,4.607,0.8299,1.78,1.759,-0.2654,0.115
128.84,10,-1.756,4.648,0.7954,1.774,1.759,-0.2452,0.116
128.89,10,-1.676,4.721,0.7132,1.749,1.742,-0.2388,0.11
128.94,10,-1.615,4.768,0.6561,1.737,1.723,-0.2385,0.1
128.99,10,-1.537,4.822,0.5918,1.721,1.702,-0.2505,0.094
129.039,10,-1.495,4.847,0.5428,1.702,1.683,-0.2499,0.098
129.09,10,-1.407,4.894,0.461,1.68,1.668,-0.2864,0.1
129.139,10,-1.318,4.932,0.3877,1.674,1.658,-0.2855,0.09
129.19,10,-1.228,4.962,0.3051,1.644,1.651,-0.2966,0.071
129.239,10,-1.177,4.976,0.2643,1.643,1.645,-0.3144,0.067
129.29,10,-1.08,4.995,0.1751,1.634,1.645,-0.2725,0.067
129.339,10,-1.014,5.003,0.1105,1.631,1.638,-0.2724,0.072
129.389,10,-0.938,5.008,0.0463,1.626,1.638,-0.2873,0.073
129.44,10,-0.844,5.006,-0.037,1.619,1.638,-0.272,0.073
129.489,10,-0.757,4.998,-0.1088,1.624,1.642,-0.2721,0.072
129.54,10,-0.686,4.986,-0.1758,1.626,1.643,-0.2628,0.063
129.59,10,-0.615,4.97,-0.2361,1.632,1.643,-0.2537,0.058
129.639,10,-0.518,4.941,-0.3086,1.637,1.643,-0.2264,0.057
129.69,10,-0.437,4.91,-0.3758,1.641,1.643,-0.2005,0.049
129.739,10,-0.386,4.888,-0.4068,1.642,1.643,-0.2131,0.059
129.789,10,-0.298,4.845,-0.4696,1.643,1.645,-0.2007,0.076
129.84,10,-0.25,4.818,-0.5041,1.643,1.653,-0.2006,0.092
129.889,10,-0.158,4.761,-0.5752,1.648,1.675,-0.1776,0.105
129.939,10,-0.094,4.716,-0.6162,1.673,1.717,-0.1797,0.117
129.989,10,-0.018,4.657,-0.6632,1.688,1.717,-0.153,0.127
130.04,10,0.036,4.612,-0.7038,1.716,1.765,-0.1535,0.135
130.089,10,0.102,4.552,-0.7422,1.743,1.812,-0.1536,0.138
130.139,10,0.166,4.489,-0.7842,1.79,1.859,-0.1575,0.134
130.19,10,0.237,4.412,-0.8402,1.847,1.881,-0.1305,0.124
130.239,10,0.279,4.363,-0.8639,1.87,1.902,-0.1309,0.122
130.29,10,0.334,4.294,-0.903,1.891,1.924,-0.1356,0.13
130.339,10,0.403,4.2,-0.9504,1.921,1.948,-0.1192,0.154
130.389,10,0.46,4.115,-0.9914,1.943,1.974,-0.1117,0.176
130.439,10,0.5,4.05,-1.0204,1.958,2.002,-0.1129,0.196
130.489,10,0.561,3.944,-1.0586,1.988,2.032,-0.1115,0.217
130.54,10,0.605,3.86,-1.0915,2.024,2.063,-0.1118,0.237
130.589,10,0.653,3.761,-1.1239,2.041,2.094,-0.1038,0.257
130.64,10,0.692,3.675,-1.1562,2.061,2.125,-0.1054,0.296
130.689,10,0.736,3.566,-1.1879,2.102,2.156,-0.1042,0.355
130.739,10,0.773,3.466,-1.2253,2.138,2.186,-0.094,0.393
130.789,10,0.795,3.399,-1.2439,2.154,2.215,-0.0942,0.412
130.84,10,0.835,3.269,-1.2831,2.203,2.243,-0.0883,0.4
130.891,10,0.862,3.168,-1.3132,2.231,2.294,-0.0886,0.372
130.939,11,0.89,3.047,-1.3434,2.261,2.294,-0.0807,0.345
130.989,11,0.913,2.938,-1.3758,2.292,2.338,-0.0856,0.322
131.039,11,0.931,2.835,-1.3966,2.312,2.36,-0.0764,0.301
131.089,11,0.949,2.713,-1.429,2.34,2.383,-0.0691,0.282
131.139,11,0.964,2.586,-1.4551,2.364,2.407,-0.0597,0.266
131.189,11,0.972,2.513,-1.4734,2.383,2.432,-0.0554,0.253
131.239,11,0.984,2.349,-1.5021,2.417,2.487,-0.049,0.241
131.289,11,0.99,2.24,-1.5203,2.443,2.517,-0.0386,0.23
131.339,11,0.994,2.133,-1.5352,2.483,2.549,-0.0315,0.22
131.389,11,0.998,1.982,-1.5505,2.528,2.582,-0.0236,0.211
131.439,11,0.999,1.865,-1.5609,2.565,2.615,-0.0184,0.202
131.489,11,0.999,1.732,-1.5696,2.599,2.679,-0.0086,0.193
131.54,11,0.998,1.577,-1.577,2.647,2.71,-0.0043,0.185
131.589,11,0.997,1.449,-1.5798,2.681,2.772,-0.0,0.186
131.64,11,0.996,1.329,-1.5815,2.722,2.802,0.0,0.186
131.689,11,0.994,1.178,-1.582,2.76,2.832,0.0,0.187
131.739,11,0.993,1.054,-1.582,2.811,2.891,0.0063,0.187
131.789,11,0.991,0.892,-1.5809,2.846,2.92,0.0089,0.186
131.839,11,0.99,0.762,-1.5789,2.885,2.949,0.0097,0.185
131.889,11,0.989,0.611,-1.5755,2.923,3.006,0.0086,0.183
131.939,11,0.989,0.442,-1.5704,2.972,3.062,0.0139,0.179
131.989,11,0.989,0.322,-1.5675,3.008,3.089,0.014,0.177
132.04,11,0.991,0.17,-1.5627,3.048,3.143,0.0129,0.172
132.09,11,0.993,-0.009,-1.556,3.101,3.17,0.0144,0.163
132.139,11,0.996,-0.163,-1.5501,3.136,3.223,0.0086,0.16
132.19,11,1.0,-0.321,-1.5439,3.178,3.249,0.0043,0.148
132.239,11,1.004,-0.475,-1.54,3.213,3.301,0.0,0.144
132.289,11,1.009,-0.618,-1.5381,3.248,3.326,0.0,0.135
132.339,11,1.014,-0.785,-1.5381,3.295,3.376,-0.0,0.128
132.389,11,1.021,-0.982,-1.5381,3.34,3.426,-0.0048,0.116
132.441,11,1.026,-1.137,-1.5381,3.377,3.408,-0.0102,0.113
132.49,11,1.031,-1.3,-1.5409,3.401,3.332,-0.0129,0.106
132.539,11,1.035,-1.453,-1.5468,3.399,3.259,-0.0172,0.101
132.589,11,1.038,-1.654,-1.5566,3.338,3.188,-0.0262,0.098
132.639,11,1.04,-1.763,-1.562,3.301,3.154,-0.0218,0.098
132.69,11,1.039,-1.964,-1.577,3.224,3.087,-0.0216,0.101
132.739,11,1.037,-2.107,-1.5867,3.178,3.023,-0.0304,0.104
132.789,11,1.032,-2.301,-1.6022,3.096,2.991,-0.032,0.107
132.839,11,1.028,-2.399,-1.6088,3.069,2.93,-0.0388,0.109
132.889,11,1.019,-2.586,-1.6271,3.01,2.9,-0.0388,0.122
132.939,11,1.01,-2.713,-1.6435,2.953,2.841,-0.0406,0.139
132.989,11,0.994,-2.899,-1.6666,2.896,2.812,-0.0393,0.168
133.039,11,0.984,-2.988,-1.6755,2.875,2.756,-0.0535,0.178
133.09,11,0.964,-3.157,-1.6963,2.827,2.729,-0.0517,0.199
133.139,11,0.947,-3.279,-1.7157,2.787,2.701,-0.0474,0.223
133.19,11,0.919,-3.447,-1.7429,2.736,2.647,-0.0656,0.269
133.239,11,0.895,-3.572,-1.7632,2.704,2.62,-0.0667,0.288
133.29,11,0.864,-3.715,-1.7934,2.654,2.567,-0.0746,0.351
133.339,11,0.835,-3.833,-1.8166,2.619,2.54,-0.0733,0.374
133.389,11,0.805,-3.945,-1.8419,2.587,2.513,-0.0647,0.421
133.439,11,0.768,-4.067,-1.8682,2.548,2.459,-0.0751,0.453
133.49,11,0.732,-4.178,-1.8927,2.519,2.432,-0.069,0.485
133.54,11,0.702,-4.262,-1.9113,2.491,2.432,-0.0653,0.52
133.589,11,0.65,-4.398,-1.9385,2.47,2.375,-0.0688,0.558
133.639,11,0.59,-4.542,-1.9741,2.414,2.347,-0.0659,0.598
133.69,11,0.546,-4.64,-1.9967,2.379,2.317,-0.0598,0.634
133.739,11,0.499,-4.74,-2.0175,2.349,2.254,-0.0724,0.668
133.79,11,0.44,-4.856,-2.0421,2.312,2.22,-0.0773,0.687
133.839,11,0.399,-4.934,-2.0645,2.26,2.185,-0.0729,0.632
133.889,11,0.332,-5.053,-2.0933,2.222,2.147,-0.0759,0.578
133.94,11,0.275,-5.146,-2.1201,2.176,2.068,-0.0882,0.536
133.989,11,0.209,-5.249,-2.1509,2.13,2.026,-0.0879,0.487
134.039,11,0.173,-5.303,-2.1648,2.102,1.983,-0.0876,0.47
134.089,11,0.102,-5.401,-2.1977,2.043,1.983,-0.0766,0.434
134.139,11,0.064,-5.453,-2.2141,2.012,1.938,-0.0828,0.396
134.19,11,-0.028,-5.57,-2.2518,1.964,1.845,-0.1034,0.356
134.239,11,-0.068,-5.617,-2.2649,1.939,1.796,-0.1036,0.345
134.289,11,-0.145,-5.705,-2.2977,1.871,1.796,-0.0905,0.32
134.339,11,-0.211,-5.776,-2.3265,1.814,1.745,-0.0867,0.292
134.39,11,-0.272,-5.838,-2.3499,1.782,1.64,-0.0569,0.264
134.439,11,-0.333,-5.898,-2.3671,1.724,1.64,-0.0486,0.237
134.49,11,-0.384,-5.946,-2.3807,1.663,1.585,-0.0402,0.226
134.539,11,-0.441,-6.0,-2.3921,1.625,1.527,-0.0521,0.218
134.589,11,-0.52,-6.072,-2.406,1.574,1.468,-0.0657,0.207
134.639,11,-0.574,-6.12,-2.4174,1.527,1.402,-0.0879,0.196
134.689,11,-0.629,-6.167,-2.4306,1.473,1.402,-0.0793,0.191
134.739,11,-0.688,-6.216,-2.4515,1.415,1.328,-0.1024,0.18
134.789,11,-0.723,-6.245,-2.4609,1.408,1.24,-0.1259,0.178
134.84,11,-0.789,-6.296,-2.4866,1.34,1.24,-0.1279,0.172
134.89,11,-0.838,-6.333,-2.5073,1.273,1.169,-0.1396,0.167
134.939,11,-0.884,-6.365,-2.5305,1.207,1.169,-0.1584,0.163
134.989,11,-0.941,-6.403,-2.5563,1.175,1.169,-0.1464,0.161
135.039,11,-0.986,-6.431,-2.5819,1.171,1.169,-0.181,0.159
135.089,11,-1.04,-6.463,-2.6099,1.17,1.169,-0.1817,0.159
135.139,11,-1.091,-6.491,-2.6456,1.17,1.232,-0.2324,0.163
135.189,11,-1.139,-6.515,-2.6769,1.205,1.269,-0.2278,0.166
135.239,11,-1.205,-6.545,-2.7284,1.244,1.269,-0.2167,0.16
135.29,11,-1.252,-6.564,-2.7604,1.263,1.306,-0.2688,0.156
135.339,11,-1.301,-6.582,-2.7998,1.28,1.34,-0.313,0.148
135.39,11,-1.377,-6.605,-2.8586,1.301,1.34,-0.288,0.136
135.44,11,-1.447,-6.621,-2.9295,1.324,1.367,-0.2768,0.118
135.49,11,-1.485,-6.628,-2.9587,1.332,1.389,-0.3122,0.113
135.539,11,-1.57,-6.639,-3.0337,1.36,1.406,-0.3365,0.106
135.589,11,-1.642,-6.643,-3.0934,1.369,1.406,-0.3249,0.102
135.639,11,-1.711,-6.642,3.1204,1.383,1.421,-0.3487,0.104
135.69,11,-1.778,-6.637,3.0451,1.387,1.433,-0.3489,0.107
135.74,11,-1.843,-6.627,2.9918,1.397,1.433,-0.3374,0.105
135.789,11,-1.905,-6.613,2.9146,1.4,1.44,-0.3375,0.112
135.839,11,-1.977,-6.592,2.8285,1.411,1.448,-0.3378,0.122
135.889,11,-2.054,-6.561,2.7414,1.422,1.458,-0.3512,0.132
135.939,11,-2.116,-6.531,2.6717,1.429,1.47,-0.3084,0.137
135.989,11,-2.166,-6.502,2.6187,1.437,1.47,-0.2795,0.137
136.039,11,-2.227,-6.463,2.5528,1.457,1.485,-0.2801,0.148
136.09,11,-2.294,-6.412,2.4733,1.471,1.503,-0.2964,0.161
136.139,11,-2.332,-6.379,2.4381,1.477,1.523,-0.3049,0.164
136.189,11,-2.399,-6.314,2.3585,1.489,1.523,-0.269,0.168
136.24,11,-2.446,-6.262,2.2958,1.509,1.545,-0.2695,0.169
136.289,11,-2.483,-6.216,2.2386,1.523,1.571,-0.2478,0.177
136.339,11,-2.542,-6.131,2.1563,1.558,1.6,-0.2467,0.184
136.389,11,-2.569,-6.086,2.1238,1.567,1.6,-0.2232,0.189
136.44,11,-2.612,-6.007,2.0536,1.594,1.637,-0.2237,0.19
136.489,11,-2.649,-5.929,1.9992,1.621,1.682,-0.212,0.198
136.539,11,-2.675,-5.865,1.9484,1.661,1.723,-0.2129,0.204
136.589,11,-2.701,-5.792,1.9011,1.69,1.75,-0.2276,0.199
136.639,11,-2.728,-5.697,1.8312,1.72,1.765,-0.2019,0.194
136.689,11,-2.742,-5.633,1.7898,1.738,1.765,-0.1924,0.192
136.739,11,-2.761,-5.529,1.7295,1.764,1.796,-0.1831,0.197
136.79,11,-2.772,-5.428,1.6731,1.782,1.796,-0.1542,0.223
136.84,11,-2.778,-5.345,1.6309,1.799,1.816,-0.1423,0.231
136.889,11,-2.78,-5.261,1.5927,1.811,1.838,-0.1425,0.246
136.939,11,-2.778,-5.151,1.5394,1.84,1.862,-0.1428,0.263
136.99,11,-2.773,-5.07,1.5032,1.851,1.888,-0.1334,0.278
137.039,11,-2.767,-4.994,1.4801,1.864,1.915,-0.131,0.315
137.09,11,-2.753,-4.889,1.4345,1.899,1.943,-0.1188,0.353
137.14,11,-2.738,-4.8,1.4021,1.92,1.973,-0.1027,0.391
137.189,11,-2.714,-4.68,1.3598,1.957,2.004,-0.1007,0.433
137.24,11,-2.693,-4.592,1.3326,1.979,2.037,-0.095,0.425
137.289,11,-2.668,-4.497,1.3056,2.013,2.071,-0.0926,0.415
137.339,11,-2.644,-4.415,1.2813,2.04,2.107,-0.0749,0.395
137.39,11,-2.606,-4.297,1.2513,2.083,2.144,-0.0719,0.369
137.439,11,-2.582,-4.229,1.2379,2.104,2.183,-0.0584,0.36
137.489,11,-2.535,-4.101,1.2103,2.152,2.221,-0.0546,0.345
137.54,11,-2.498,-4.007,1.1921,2.206,2.259,-0.0462,0.33
137.59,11,-2.46,-3.916,1.1753,2.244,2.296,-0.0338,0.317
137.639,11,-2.408,-3.795,1.1609,2.281,2.333,-0.0338,0.304
137.689,11,-2.355,-3.679,1.144,2.327,2.404,-0.0255,0.286
137.739,11,-2.309,-3.578,1.1345,2.363,2.439,-0.0263,0.28
137.789,11,-2.28,-3.518,1.1298,2.389,2.473,-0.0214,0.27
137.839,11,-2.211,-3.374,1.1177,2.431,2.507,-0.0129,0.261
137.89,11,-2.153,-3.256,1.1104,2.485,2.541,-0.0086,0.252
137.94,11,-2.095,-3.142,1.1055,2.523,2.607,-0.0,0.243
137.989,11,-2.054,-3.06,1.1029,2.553,2.639,0.0055,0.234
138.039,11,-1.969,-2.893,1.1027,2.61,2.671,0.0129,0.223
138.089,11,-1.925,-2.806,1.1055,2.647,2.602,0.0388,0.211
138.139,11,-1.857,-2.668,1.1166,2.65,2.552,0.056,0.187
138.191,11,-1.821,-2.592,1.1251,2.634,2.502,0.07,0.177
138.239,11,-1.766,-2.472,1.1373,2.602,2.46,0.0883,0.154
138.289,11,-1.703,-2.323,1.1799,2.518,2.403,0.0948,0.132
138.339,11,-1.655,-2.199,1.2162,2.455,2.388,0.0946,0.091
138.39,11,-1.628,-2.121,1.2368,2.431,2.38,0.1,0.085
138.439,11,-1.586,-1.985,1.2812,2.397,2.379,0.108,0.074
138.489,11,-1.553,-1.863,1.3176,2.388,2.379,0.0897,0.068
138.54,11,-1.529,-1.758,1.3502,2.387,2.381,0.1045,0.07
138.59,11,-1.506,-1.637,1.3842,2.387,2.386,0.0939,0.084
138.64,11,-1.486,-1.512,1.4211,2.388,2.395,0.0942,0.096
138.689,11,-1.47,-1.386,1.4603,2.397,2.422,0.0989,0.123
138.739,11,-1.463,-1.305,1.4797,2.404,2.439,0.0941,0.135
138.79,11,-1.454,-1.143,1.5295,2.429,2.459,0.0814,0.169
138.839,11,-1.452,-1.03,1.5585,2.445,2.482,0.0651,0.179
138.889,11,-1.453,-0.907,1.5817,2.461,2.507,0.0696,0.197
138.939,11,-1.456,-0.79,1.6063,2.495,2.533,0.0603,0.215
138.989,11,-1.461,-0.705,1.6237,2.512,2.589,0.0664,0.244
139.039,11,-1.475,-0.528,1.6577,2.552,2.616,0.056,0.279
139.09,11,-1.488,-0.407,1.6812,2.591,2.644,0.0532,0.315
139.139,11,-1.503,-0.288,1.7017,2.626,2.699,0.0474,0.349
139.189,11,-1.523,-0.151,1.7227,2.657,2.727,0.0431,0.381
139.239,11,-1.55,0.003,1.7468,2.699,2.783,0.0527,0.424
139.289,11,-1.566,0.091,1.7565,2.717,2.811,0.0474,0.406
139.339,11,-1.599,0.25,1.7808,2.773,2.839,0.0345,0.379
139.389,11,-1.636,0.412,1.8012,2.82,2.895,0.0405,0.354
139.439,11,-1.658,0.503,1.8096,2.84,2.924,0.0345,0.346
139.489,11,-1.702,0.67,1.8305,2.894,2.953,0.0303,0.333
139.539,11,-1.739,0.805,1.845,2.93,2.983,0.0216,0.321
139.589,11,-1.783,0.956,1.8576,2.962,2.954,0.0186,0.311
139.639,11,-1.83,1.109,1.8676,2.968,2.89,0.0108,0.293
139.689,11,-1.867,1.228,1.8747,2.956,2.817,0.0,0.276
139.74,11,-1.909,1.359,1.8778,2.913,2.775,-0.0043,0.263
139.789,11,-1.948,1.482,1.8781,2.859,2.73,-0.0086,0.263
139.84,11,-1.997,1.637,1.8754,2.787,2.633,-0.0216,0.262
139.889,11,-2.046,1.794,1.8683,2.713,2.587,-0.0319,0.262
139.939,11,-2.082,1.917,1.8592,2.656,2.499,-0.0485,0.275
139.989,11,-2.118,2.04,1.8466,2.596,2.458,-0.0577,0.282
140.04,11,-2.146,2.145,1.8307,2.537,2.418,-0.0571,0.294
140.089,11,-2.177,2.266,1.8128,2.481,2.344,-0.0783,0.306
140.139,11,-2.203,2.382,1.7912,2.426,2.31,-0.0771,0.317
140.189,11,-2.225,2.49,1.767,2.375,2.277,-0.0872,0.325
140.239,11,-2.249,2.63,1.7339,2.329,2.246,-0.0868,0.329
140.289,11,-2.264,2.735,1.7084,2.287,2.217,-0.0848,0.327
140.339,11,-2.278,2.856,1.674,2.242,2.162,-0.1055,0.325
140.389,11,-2.287,2.97,1.645,2.208,2.162,-0.0969,0.321
140.439,11,-2.292,3.081,1.6089,2.176,2.109,-0.1178,0.296
140.489,11,-2.293,3.153,1.5914,2.171,2.083,-0.1217,0.286
140.539,11,-2.292,3.287,1.5458,2.125,2.057,-0.135,0.262
140.589,11,-2.287,3.381,1.5142,2.101,2.031,-0.1336,0.242
140.639,11,-2.277,3.489,1.4752,2.069,2.005,-0.1331,0.224
140.689,11,-2.266,3.58,1.4419,2.048,1.979,-0.1498,0.203
140.74,11,-2.247,3.693,1.3992,2.016,1.953,-0.1699,0.186
140.79,11,-2.228,3.781,1.3582,1.994,1.928,-0.1695,0.174
140.839,11,-2.203,3.879,1.3119,1.959,1.904,-0.169,0.163
140.889,11,-2.168,3.991,1.2463,1.922,1.88,-0.1686,0.154
140.939,11,-2.137,4.073,1.2006,1.891,1.858,-0.2055,0.145
140.989,11,-2.101,4.157,1.1573,1.874,1.839,-0.2048,0.141
141.039,11,-2.055,4.248,1.096,1.859,1.821,-0.2078,0.136
141.089,11,-2.027,4.3,1.0659,1.844,1.809,-0.2167,0.134
141.139,11,-1.962,4.403,0.9896,1.814,1.801,-0.2207,0.138
141.189,11,-1.928,4.451,0.9552,1.807,1.793,-0.2156,0.131
141.239,11,-1.855,4.543,0.8756,1.793,1.776,-0.2286,0.118
141.289,11,-1.816,4.587,0.8432,1.789,1.759,-0.2518,0.116
141.339,11,-1.738,4.665,0.7686,1.772,1.759,-0.2272,0.115
141.39,11,-1.679,4.716,0.713,1.754,1.723,-0.2682,0.107
141.439,11,-1.601,4.777,0.6413,1.73,1.723,-0.2421,0.098
141.49,11,-1.539,4.818,0.584,1.718,1.702,-0.2428,0.092
141.539,11,-1.464,4.862,0.5235,1.703,1.683,-0.2508,0.096
141.59,11,-1.379,4.904,0.4429,1.679,1.668,-0.2904,0.096
141.639,11,-1.31,4.934,0.3882,1.677,1.658,-0.2856,0.089
141.689,11,-1.222,4.964,0.3087,1.644,1.651,-0.3102,0.071
141.739,11,-1.171,4.977,0.2691,1.642,1.645,-0.3087,0.067
141.789,11,-1.083,4.996,0.1805,1.632,1.638,-0.3139,0.069
141.839,11,-1.009,5.005,0.1177,1.627,1.638,-0.2874,0.074
141.889,11,-0.91,5.009,0.0264,1.623,1.638,-0.2856,0.074
141.939,11,-0.827,5.006,-0.056,1.62,1.638,-0.2721,0.074
141.989,11,-0.774,5.001,-0.0966,1.623,1.642,-0.2722,0.073
142.039,11,-0.682,4.986,-0.1804,1.626,1.643,-0.2607,0.063
142.089,11,-0.595,4.965,-0.2504,1.633,1.643,-0.2364,0.058
142.139,11,-0.507,4.937,-0.325,1.64,1.643,-0.2423,0.054
142.189,11,-0.456,4.918,-0.3554,1.642,1.643,-0.2177,0.05
142.239,11,-0.367,4.879,-0.4264,1.64,1.643,-0.2005,0.059
142.289,11,-0.316,4.853,-0.4627,1.643,1.645,-0.204,0.076
142.34,11,-0.247,4.815,-0.5192,1.645,1.653,-0.1886,0.091
142.389,11,-0.172,4.768,-0.5663,1.647,1.675,-0.1646,0.104
142.44,11,-0.095,4.714,-0.6221,1.67,1.717,-0.1649,0.116
142.489,11,-0.016,4.653,-0.6744,1.696,1.765,-0.18,0.126
142.54,11,0.045,4.601,-0.714,1.725,1.812,-0.1536,0.133
142.589,11,0.109,4.541,-0.7588,1.775,1.812,-0.1456,0.136
142.639,11,0.166,4.483,-0.7927,1.81,1.859,-0.1482,0.129
142.689,11,0.234,4.409,-0.8378,1.845,1.881,-0.1352,0.122
142.739,11,0.288,4.346,-0.8681,1.875,1.902,-0.1345,0.118
142.789,11,0.337,4.284,-0.903,1.89,1.924,-0.1338,0.13
142.84,11,0.407,4.189,-0.9482,1.92,1.948,-0.1337,0.153
142.889,11,0.441,4.14,-0.9737,1.935,1.974,-0.1192,0.176
142.94,11,0.498,4.049,-0.995,1.948,2.002,-0.1194,0.197
142.989,11,0.564,3.935,-1.0639,1.988,2.032,-0.1074,0.217
143.039,11,0.608,3.851,-1.0926,2.007,2.063,-0.109,0.237
143.089,11,0.648,3.767,-1.1215,2.03,2.094,-0.0995,0.259
143.139,11,0.701,3.649,-1.1639,2.071,2.125,-0.1002,0.297
143.189,11,0.728,3.585,-1.1814,2.098,2.156,-0.1049,0.337
143.24,11,0.776,3.455,-1.2253,2.14,2.186,-0.092,0.396
143.289,11,0.799,3.388,-1.2439,2.155,2.215,-0.0922,0.414
143.339,11,0.839,3.256,-1.2831,2.203,2.243,-0.0883,0.397
