t_s,lap,x,y,yaw,speed_mps,cmd_speed_mps,cmd_steer_rad,min_wall_dist_m
0.036,0,0.8,3.158,-1.5707,0.0,0.0,0.0,0.44
0.085,0,0.8,3.158,-1.5707,0.0,0.0,0.0,0.44
0.135,0,0.8,3.158,-1.5707,0.0,0.0,0.0,0.44
0.186,0,0.8,3.158,-1.5707,0.0,0.0,0.0,0.44
0.235,0,0.8,3.158,-1.5707,0.0,0.0,0.0,0.44
0.285,0,0.8,3.158,-1.5707,0.0,0.0,0.0,0.44
0.336,0,0.8,3.158,-1.5707,0.0,0.0,0.0,0.44
0.385,0,0.8,3.158,-1.5707,0.0,0.0,0.0,0.44
0.435,0,0.8,3.158,-1.5707,0.0,0.0,0.0,0.44
0.487,0,0.8,3.158,-1.5707,0.0,0.0,0.0,0.44
0.535,0,0.8,3.158,-1.5707,0.0,0.0,0.0,0.44
0.585,0,0.8,3.158,-1.5707,0.0,0.0,0.0,0.44
0.636,0,0.8,3.158,-1.5707,0.0,0.0,0.0,0.44
0.685,0,0.8,3.158,-1.5707,0.0,0.0,0.0,0.44
0.735,0,0.8,3.158,-1.5707,0.0,0.0,0.0,0.44
0.785,0,0.8,3.158,-1.5707,0.0,0.0,0.0,0.44
0.837,0,0.8,3.158,-1.5707,0.0,0.0,0.0,0.44
0.886,0,0.8,3.158,-1.5707,0.0,0.0,0.0,0.44
0.936,0,0.8,3.158,-1.5707,0.0,0.0,0.0,0.44
0.985,0,0.8,3.158,-1.5707,0.0,0.0,0.0,0.44
1.036,0,0.8,3.158,-1.5707,0.0,0.0,0.0,0.44
1.085,0,0.8,3.158,-1.5707,0.0,0.0,0.0,0.44
1.135,0,0.8,3.158,-1.5707,0.0,0.0,0.0,0.44
1.185,0,0.8,3.158,-1.5707,0.0,0.0,0.0,0.44
1.235,0,0.8,3.158,-1.5707,0.0,0.0,0.0,0.44
1.285,0,0.8,3.158,-1.5707,0.0,0.0,0.0,0.44
1.337,0,0.8,3.158,-1.5707,0.0,0.0,0.0,0.44
1.386,0,0.8,3.158,-1.5707,0.0,0.0,0.0,0.44
1.436,0,0.8,3.158,-1.5707,0.0,0.0,0.0,0.44
1.486,0,0.8,3.158,-1.5707,0.0,0.0,0.0,0.44
1.535,0,0.8,3.158,-1.5707,0.0,0.0,0.0,0.44
1.585,0,0.8,3.158,-1.5707,0.0,0.0,0.0,0.44
1.636,0,0.8,3.158,-1.5707,0.0,0.0,0.0,0.44
1.688,0,0.8,3.158,-1.5707,0.0,0.0,0.0,0.44
1.736,0,0.8,3.158,-1.5707,0.0,0.0,0.0,0.44
1.785,0,0.8,3.158,-1.5707,0.0,0.0,0.0,0.44
1.838,0,0.8,3.158,-1.5707,0.0,0.0,0.0,0.44
1.887,0,0.8,3.158,-1.5707,0.0,0.0,0.0,0.44
1.936,0,0.8,3.158,-1.5707,0.0,0.0,0.0,0.44
1.985,0,0.8,3.158,-1.5707,0.0,0.0,0.0,0.44
2.035,0,0.8,3.158,-1.5707,0.0,0.0,0.0,0.44
2.086,0,0.8,3.158,-1.5707,0.0,0.0,0.0,0.44
2.136,0,0.8,3.158,-1.5707,0.0,0.0,0.0,0.44
2.186,0,0.8,3.158,-1.5707,0.0,0.0,0.0,0.44
2.235,0,0.8,3.158,-1.5707,0.0,0.0,0.0,0.44
2.285,0,0.8,3.158,-1.5707,0.0,0.0,0.0,0.44
2.335,0,0.8,3.158,-1.5707,0.0,0.0,0.0,0.441
2.388,0,0.8,3.158,-1.5707,0.0,0.0,0.0,0.441
2.435,0,0.8,3.158,-1.5707,0.0,0.0,0.0,0.441
2.485,0,0.8,3.158,-1.5707,0.0,0.0,0.0,0.441
2.535,0,0.8,3.158,-1.5707,0.0,0.0,0.0,0.441
2.585,0,0.8,3.158,-1.5707,0.0,0.0,0.0,0.441
2.638,0,0.8,3.158,-1.5707,0.0,0.0,0.0,0.441
2.685,0,0.8,3.158,-1.5707,0.0,0.0,0.0,0.441
2.735,0,0.8,3.158,-1.5707,0.0,0.0,0.0,0.441
2.785,0,0.8,3.158,-1.5707,0.0,0.0,0.0,0.441
2.839,0,0.8,3.158,-1.5707,0.0,0.0,0.0,0.441
2.889,0,0.8,3.158,-1.5707,0.0,0.0,0.0,0.441
2.938,0,0.8,3.158,-1.5707,0.0,0.0,0.0,0.441
2.986,0,0.8,3.158,-1.5707,0.0,0.0,0.0,0.441
3.035,0,0.8,3.158,-1.5707,0.0,0.0,0.0,0.441
3.085,0,0.8,3.158,-1.5707,0.0,0.0,0.0,0.441
3.137,0,0.8,3.158,-1.5707,0.0,0.0,0.0,0.441
3.187,0,0.8,3.158,-1.5707,0.0,0.0,0.0,0.441
3.238,0,0.8,3.158,-1.5707,0.0,0.0,0.0,0.441
3.287,0,0.8,3.158,-1.5707,0.0,0.0,0.0,0.441
3.336,0,0.8,3.158,-1.5707,0.0,0.0,0.0,0.441
3.385,0,0.8,3.158,-1.5707,0.0,0.0,0.0,0.441
3.439,0,0.8,3.158,-1.5707,0.0,0.0,0.0,0.441
3.49,0,0.8,3.158,-1.5707,0.0,0.0,0.0,0.441
3.537,0,0.8,3.158,-1.5707,0.0,0.0,0.0,0.441
3.585,0,0.8,3.158,-1.5707,0.0,0.0,0.0,0.441
3.636,0,0.8,3.158,-1.5707,0.0,0.0,0.0,0.441
3.693,0,0.8,3.158,-1.5707,0.0,0.0,0.0,0.441
3.735,0,0.8,3.158,-1.5707,0.0,0.0,0.0,0.441
3.786,0,0.8,3.158,-1.5707,0.0,0.0,0.0,0.441
3.838,0,0.8,3.158,-1.5707,0.0,0.0,0.0,0.441
3.885,0,0.8,3.158,-1.5707,0.0,0.0,0.0,0.441
3.937,0,0.8,3.158,-1.5707,0.0,0.0,0.0,0.441
3.987,0,0.8,3.158,-1.5707,0.0,0.0,0.0,0.441
4.036,0,0.8,3.158,-1.5707,0.0,0.0,0.0,0.441
4.086,0,0.8,3.158,-1.5707,0.0,0.0,0.0,0.441
4.136,0,0.8,3.158,-1.5707,0.0,0.0,0.0,0.441
4.185,0,0.8,3.158,-1.5707,0.0,0.0,0.0,0.441
4.235,0,0.8,3.158,-1.5707,0.0,0.0,0.0,0.441
4.286,0,0.8,3.158,-1.5707,0.0,0.0,0.0,0.441
4.335,0,0.8,3.158,-1.5707,0.0,0.0,0.0,0.441
4.387,0,0.8,3.158,-1.5707,0.0,0.0,0.0,0.441
4.436,0,0.8,3.158,-1.5707,0.0,0.0,0.0,0.441
4.485,0,0.8,3.158,-1.5707,0.0,0.0,0.0,0.441
4.535,0,0.8,3.158,-1.5707,0.0,0.0,0.0,0.441
4.586,0,0.8,3.158,-1.5707,0.0,0.0,0.0,0.441
4.638,0,0.8,3.158,-1.5707,0.0,0.0,0.0,0.441
4.687,0,0.8,3.158,-1.5707,0.0,0.0,0.0,0.441
4.736,0,0.8,3.158,-1.5707,0.0,0.0,0.0,0.441
4.785,0,0.8,3.158,-1.5707,0.0,0.0,0.0,0.441
4.835,0,0.8,3.158,-1.5707,0.0,0.0,0.0,0.441
4.887,0,0.8,3.158,-1.5707,0.0,0.0,0.0,0.441
4.936,0,0.8,3.158,-1.5707,0.0,0.0,0.0,0.441
4.986,0,0.8,3.158,-1.5707,0.0,0.0,0.0,0.441
5.036,0,0.8,3.158,-1.5707,0.0,0.0,0.0,0.441
5.085,0,0.8,3.158,-1.5707,0.0,0.0,0.0,0.441
5.135,0,0.8,3.158,-1.5707,0.0,0.0,0.0,0.441
5.185,0,0.8,3.158,-1.5707,0.0,0.0,0.0,0.441
5.235,0,0.8,3.158,-1.5707,0.0,0.0,0.0,0.441
5.286,0,0.8,3.158,-1.5707,0.0,0.0,0.0,0.441
5.336,0,0.8,3.158,-1.5707,0.0,0.0,0.0,0.441
5.385,0,0.8,3.158,-1.5707,0.0,0.0,0.0,0.441
5.435,0,0.8,3.158,-1.5707,0.0,0.0,0.0,0.441
5.485,0,0.8,3.158,-1.5707,0.0,0.0,0.0,0.441
5.536,0,0.8,3.158,-1.5707,0.0,0.0,0.0,0.441
5.588,0,0.8,3.158,-1.5707,0.0,0.0,0.0,0.441
5.636,0,0.8,3.158,-1.5707,0.0,0.0,0.0,0.441
5.688,0,0.8,3.158,-1.5707,0.0,0.0,0.0,0.441
5.736,0,0.8,3.158,-1.5707,0.0,0.0,0.0,0.441
5.785,0,0.8,3.158,-1.5707,0.0,0.0,0.0,0.441
5.838,0,0.8,3.158,-1.5707,0.0,0.0,0.0,0.441
5.885,0,0.8,3.158,-1.5707,0.0,1.679,-0.2076,0.441
5.935,0,0.8,3.158,-1.5707,0.0,1.679,-0.2076,0.441
5.985,0,0.8,3.156,-1.571,0.095,1.679,-0.2076,0.441
6.035,1,0.8,3.144,-1.5738,0.291,1.679,-0.2129,0.441
6.085,1,0.8,3.115,-1.5911,0.604,1.679,-0.2154,0.44
6.135,1,0.798,3.074,-1.6144,0.852,1.729,-0.1982,0.434
6.185,1,0.794,3.02,-1.6494,1.132,1.729,-0.1944,0.428
6.235,1,0.788,2.96,-1.6851,1.38,1.777,-0.1637,0.421
6.285,1,0.776,2.876,-1.7282,1.66,1.824,-0.1166,0.415
6.335,1,0.76,2.795,-1.7644,1.797,1.824,-0.0995,0.406
6.384,1,0.738,2.697,-1.7997,1.857,1.87,-0.0588,0.379
6.435,1,0.717,2.613,-1.8237,1.89,1.915,-0.0302,0.362
6.485,1,0.685,2.498,-1.8421,1.936,1.958,0.0,0.346
6.535,1,0.66,2.409,-1.8428,1.985,2.001,0.0336,0.331
6.585,1,0.639,2.333,-1.8408,2.0,2.043,0.0496,0.318
6.635,1,0.614,2.238,-1.8283,2.056,2.084,0.06,0.295
6.685,1,0.59,2.143,-1.813,2.081,2.124,0.0666,0.275
6.735,1,0.559,2.006,-1.7872,2.147,2.164,0.0628,0.25
6.785,1,0.542,1.921,-1.7723,2.162,2.202,0.0673,0.243
6.835,1,0.521,1.81,-1.7469,2.219,2.24,0.063,0.226
6.885,1,0.504,1.7,-1.724,2.241,2.278,0.0563,0.216
6.935,1,0.488,1.587,-1.7059,2.285,2.315,0.0465,0.207
6.985,1,0.473,1.467,-1.6884,2.334,2.387,0.034,0.2
7.035,1,0.461,1.345,-1.6704,2.376,2.387,0.0346,0.194
7.085,1,0.45,1.23,-1.6582,2.418,2.456,0.0256,0.188
7.135,1,0.44,1.11,-1.6497,2.463,2.491,0.0235,0.182
7.185,1,0.431,0.981,-1.6411,2.49,2.558,0.0173,0.176
7.235,1,0.423,0.86,-1.6347,2.543,2.558,0.0129,0.17
7.285,1,0.414,0.71,-1.628,2.582,2.623,0.0086,0.168
7.335,1,0.407,0.579,-1.6225,2.639,2.687,0.0061,0.161
7.385,1,0.401,0.449,-1.6187,2.667,2.687,0.005,0.156
7.435,1,0.396,0.341,-1.6173,2.697,2.749,0.0,0.153
7.485,1,0.39,0.205,-1.6155,2.735,2.81,0.0,0.147
7.535,1,0.384,0.069,-1.6155,2.783,2.81,0.0,0.141
7.585,1,0.378,-0.066,-1.6155,2.819,2.824,-0.0061,0.135
7.635,1,0.369,-0.251,-1.6176,2.852,2.775,-0.0086,0.131
7.685,1,0.364,-0.365,-1.6196,2.856,2.677,-0.0173,0.13
7.735,1,0.356,-0.51,-1.6263,2.78,2.629,-0.019,0.13
7.785,1,0.349,-0.626,-1.6307,2.742,2.541,-0.0178,0.132
7.835,1,0.341,-0.753,-1.6375,2.654,2.502,-0.0144,0.137
7.885,1,0.332,-0.883,-1.6446,2.6,2.502,-0.0086,0.15
7.935,1,0.319,-1.047,-1.6493,2.556,2.521,-0.0129,0.161
7.985,1,0.31,-1.158,-1.6531,2.542,2.554,-0.0172,0.156
8.035,1,0.297,-1.298,-1.6593,2.561,2.62,-0.022,0.15
8.085,1,0.286,-1.425,-1.6658,2.599,2.62,-0.0172,0.146
8.135,1,0.275,-1.534,-1.6721,2.633,2.683,-0.0172,0.144
8.185,1,0.256,-1.707,-1.6807,2.679,2.715,-0.0175,0.143
8.235,1,0.241,-1.837,-1.6873,2.724,2.692,-0.0146,0.143
8.285,1,0.235,-1.885,-1.6897,2.733,2.691,-0.0086,0.144
8.335,1,0.207,-2.105,-1.6994,2.729,2.746,-0.0061,0.147
8.385,1,0.195,-2.197,-1.7015,2.728,2.777,-0.005,0.148
8.435,1,0.17,-2.386,-1.7048,2.768,2.807,-0.0,0.173
8.485,1,0.155,-2.497,-1.7063,2.788,2.867,-0.0,0.176
8.534,1,0.136,-2.637,-1.7063,2.843,2.896,-0.0,0.157
8.585,1,0.116,-2.78,-1.7063,2.881,2.925,-0.0,0.141
8.635,1,0.096,-2.927,-1.7063,2.922,2.919,-0.0056,0.141
8.685,1,0.075,-3.079,-1.7081,2.952,2.871,-0.0043,0.141
8.735,1,0.059,-3.199,-1.7094,2.951,2.824,-0.0049,0.141
8.785,1,0.032,-3.382,-1.7124,2.889,2.729,-0.0,0.144
8.835,1,0.016,-3.497,-1.7128,2.829,2.685,-0.0,0.147
8.885,1,-0.003,-3.627,-1.7128,2.776,2.591,-0.0043,0.148
8.935,1,-0.021,-3.753,-1.7137,2.695,2.539,-0.0106,0.151
8.985,1,-0.046,-3.928,-1.7165,2.624,2.486,-0.0086,0.153
9.035,1,-0.06,-4.024,-1.719,2.565,2.376,-0.0129,0.149
9.085,1,-0.079,-4.148,-1.7227,2.499,2.267,-0.0129,0.144
9.135,1,-0.1,-4.279,-1.7288,2.393,2.214,-0.0128,0.141
9.185,1,-0.122,-4.411,-1.7338,2.323,2.214,-0.0128,0.14
9.234,1,-0.136,-4.499,-1.7366,2.279,2.139,-0.0309,0.14
9.285,1,-0.16,-4.638,-1.744,2.228,2.095,-0.0338,0.14
9.335,1,-0.179,-4.738,-1.754,2.156,1.969,-0.0589,0.148
9.385,1,-0.194,-4.817,-1.7612,2.134,1.969,-0.0544,0.139
9.435,1,-0.22,-4.941,-1.7821,2.024,1.84,-0.0829,0.119
9.485,1,-0.239,-5.025,-1.7969,1.983,1.84,-0.0838,0.113
9.535,1,-0.261,-5.112,-1.8198,1.9,1.776,-0.0866,0.108
9.585,1,-0.291,-5.22,-1.8488,1.822,1.75,-0.0981,0.105
9.635,1,-0.31,-5.285,-1.8635,1.795,1.724,-0.1058,0.104
9.685,1,-0.336,-5.363,-1.892,1.762,1.693,-0.1148,0.106
9.735,1,-0.364,-5.441,-1.9196,1.734,1.615,-0.1174,0.107
9.785,1,-0.406,-5.547,-1.957,1.69,1.559,-0.1293,0.1
9.835,1,-0.432,-5.606,-1.9769,1.654,1.552,-0.1341,0.098
9.885,1,-0.464,-5.677,-2.0059,1.613,1.552,-0.1412,0.097
9.935,1,-0.498,-5.745,-2.0327,1.583,1.552,-0.1303,0.104
9.985,1,-0.535,-5.815,-2.063,1.575,1.552,-0.1397,0.108
10.035,1,-0.587,-5.904,-2.1042,1.575,1.564,-0.1516,0.112
10.085,1,-0.626,-5.967,-2.1374,1.578,1.564,-0.1396,0.11
10.135,1,-0.668,-6.029,-2.1715,1.586,1.484,-0.1638,0.106
10.185,1,-0.71,-6.087,-2.2034,1.544,1.484,-0.1512,0.109
10.235,1,-0.757,-6.147,-2.2381,1.51,1.462,-0.216,0.116
10.285,1,-0.801,-6.2,-2.2745,1.49,1.446,-0.2343,0.119
10.335,1,-0.849,-6.251,-2.3204,1.465,1.359,-0.2449,0.123
10.385,1,-0.916,-6.316,-2.3865,1.455,1.359,-0.237,0.119
10.435,1,-0.965,-6.359,-2.4372,1.382,1.263,-0.1961,0.116
10.485,1,-1.016,-6.399,-2.4796,1.299,1.263,-0.1957,0.121
10.535,1,-1.068,-6.437,-2.518,1.283,1.242,-0.2566,0.129
10.585,1,-1.117,-6.47,-2.5607,1.256,1.222,-0.2637,0.137
10.635,1,-1.16,-6.496,-2.5985,1.235,1.198,-0.2865,0.139
10.685,1,-1.229,-6.532,-2.6642,1.219,1.123,-0.322,0.145
10.735,1,-1.28,-6.556,-2.7161,1.208,1.123,-0.2973,0.143
10.785,1,-1.322,-6.573,-2.7485,1.157,1.123,-0.3007,0.14
10.835,1,-1.389,-6.596,-2.8182,1.129,1.122,-0.3218,0.13
10.885,1,-1.426,-6.607,-2.856,1.125,1.122,-0.341,0.125
10.935,1,-1.491,-6.622,-2.9318,1.123,1.146,-0.3676,0.11
10.985,1,-1.541,-6.63,-2.9873,1.129,1.146,-0.3524,0.103
11.035,1,-1.61,-6.637,-3.0644,1.147,1.111,-0.3568,0.098
11.085,1,-1.662,-6.638,-3.1186,1.129,1.111,-0.3314,0.098
11.135,1,-1.714,-6.637,3.1114,1.116,1.02,-0.3409,0.101
11.185,1,-1.761,-6.634,3.06,1.045,1.02,-0.3296,0.101
11.235,1,-1.813,-6.627,3.0117,1.027,1.02,-0.3308,0.099
11.285,1,-1.87,-6.617,2.9455,1.025,1.02,-0.339,0.104
11.335,1,-1.92,-6.604,2.8941,1.026,1.064,-0.3176,0.112
11.385,1,-1.964,-6.591,2.8451,1.027,1.064,-0.3038,0.119
11.435,1,-2.003,-6.577,2.8082,1.065,1.064,-0.2955,0.122
11.485,1,-2.067,-6.552,2.7487,1.079,1.141,-0.3395,0.128
11.535,1,-2.114,-6.53,2.6993,1.131,1.141,-0.332,0.132
11.585,1,-2.166,-6.501,2.6302,1.146,1.187,-0.2859,0.14
11.635,1,-2.213,-6.472,2.5804,1.191,1.197,-0.3077,0.149
11.685,1,-2.258,-6.441,2.5319,1.2,1.197,-0.2973,0.157
11.734,1,-2.306,-6.404,2.4808,1.206,1.266,-0.2883,0.163
11.785,1,-2.348,-6.369,2.4311,1.254,1.331,-0.3392,0.166
11.835,1,-2.392,-6.327,2.3742,1.301,1.331,-0.3245,0.171
11.885,1,-2.436,-6.279,2.3098,1.326,1.31,-0.3265,0.173
11.935,1,-2.489,-6.213,2.2253,1.316,1.31,-0.3035,0.178
11.985,1,-2.525,-6.16,2.1587,1.317,1.258,-0.341,0.187
12.035,1,-2.556,-6.109,2.0974,1.264,1.239,-0.3374,0.188
12.085,1,-2.583,-6.056,2.0364,1.247,1.231,-0.3127,0.187
12.135,1,-2.608,-5.998,1.9772,1.248,1.231,-0.2888,0.189
12.185,1,-2.628,-5.946,1.9248,1.243,1.139,-0.3131,0.184
12.235,1,-2.647,-5.887,1.8777,1.194,1.04,-0.2976,0.17
12.285,1,-2.66,-5.838,1.8326,1.153,1.04,-0.2869,0.165
12.335,1,-2.673,-5.778,1.7689,1.063,1.04,-0.2594,0.151
12.385,1,-2.681,-5.727,1.7259,1.056,1.04,-0.249,0.146
12.435,1,-2.687,-5.678,1.6872,1.056,1.04,-0.2248,0.142
12.485,1,-2.692,-5.622,1.6512,1.057,1.04,-0.2248,0.141
12.535,1,-2.694,-5.576,1.6234,1.059,1.062,-0.1791,0.14
12.585,1,-2.695,-5.51,1.5769,1.076,1.062,-0.1831,0.143
12.635,1,-2.694,-5.468,1.5515,1.085,1.111,-0.1795,0.149
12.685,1,-2.691,-5.402,1.5203,1.107,1.171,-0.157,0.152
12.735,1,-2.688,-5.355,1.4959,1.132,1.171,-0.1458,0.155
12.785,1,-2.681,-5.29,1.4642,1.187,1.241,-0.1581,0.155
12.835,1,-2.674,-5.238,1.442,1.239,1.241,-0.1588,0.154
12.885,1,-2.663,-5.169,1.4053,1.265,1.307,-0.1394,0.166
12.935,1,-2.652,-5.11,1.3802,1.297,1.307,-0.1243,0.182
12.985,1,-2.635,-5.033,1.3503,1.332,1.371,-0.1131,0.199
13.035,1,-2.621,-4.972,1.3294,1.385,1.431,-0.1103,0.216
13.085,1,-2.614,-4.947,1.3241,1.39,1.431,-0.0982,0.225
13.135,1,-2.582,-4.832,1.2853,1.457,1.545,-0.0793,0.26
13.185,1,-2.567,-4.783,1.2724,1.464,1.545,-0.0767,0.273
13.236,1,-2.538,-4.694,1.2496,1.56,1.599,-0.0602,0.312
13.285,1,-2.512,-4.621,1.2333,1.592,1.599,-0.0496,0.339
13.335,1,-2.486,-4.549,1.2223,1.619,1.701,-0.0321,0.366
13.385,1,-2.458,-4.474,1.2121,1.659,1.701,-0.0298,0.393
13.435,1,-2.43,-4.401,1.2041,1.706,1.75,-0.0248,0.41
13.485,1,-2.388,-4.294,1.1954,1.748,1.798,-0.0122,0.459
13.535,1,-2.358,-4.219,1.1905,1.809,1.844,-0.0081,0.493
13.585,1,-2.331,-4.151,1.1884,1.835,1.89,-0.0,0.51
13.635,1,-2.284,-4.034,1.1862,1.903,1.89,-0.0,0.525
13.685,1,-2.251,-3.954,1.1862,1.913,1.977,0.0049,0.508
13.735,1,-2.217,-3.869,1.1862,1.947,2.02,0.0096,0.49
13.785,1,-2.182,-3.783,1.1877,1.998,2.061,0.0137,0.471
13.835,1,-2.136,-3.667,1.1913,2.04,2.061,0.013,0.451
13.885,1,-2.102,-3.581,1.1944,2.071,2.102,0.0125,0.432
13.935,1,-2.067,-3.493,1.1983,2.113,2.181,0.0167,0.411
13.985,1,-2.022,-3.376,1.2044,2.17,2.219,0.0168,0.39
14.035,1,-1.99,-3.291,1.2095,2.214,2.219,0.0168,0.366
14.085,1,-1.948,-3.178,1.2163,2.241,2.294,0.018,0.342
14.135,1,-1.91,-3.075,1.2217,2.291,2.331,0.0169,0.317
14.185,1,-1.868,-2.957,1.2283,2.326,2.367,0.0176,0.291
14.235,1,-1.832,-2.855,1.2339,2.367,2.366,0.0172,0.264
14.285,1,-1.787,-2.724,1.2401,2.397,2.316,0.0171,0.236
14.335,1,-1.756,-2.633,1.2437,2.394,2.261,0.0304,0.207
14.385,1,-1.718,-2.519,1.2509,2.345,2.202,0.0385,0.178
14.435,1,-1.678,-2.394,1.2631,2.272,2.075,0.0677,0.152
14.485,1,-1.648,-2.299,1.2782,2.208,2.009,0.0889,0.124
14.535,1,-1.62,-2.198,1.2996,2.125,2.009,0.0838,0.093
14.585,1,-1.591,-2.085,1.331,2.017,1.941,0.1044,0.081
14.635,1,-1.571,-1.994,1.3599,1.971,1.827,0.1197,0.072
14.685,1,-1.553,-1.903,1.3907,1.913,1.827,0.1111,0.066
14.735,1,-1.537,-1.798,1.4225,1.859,1.794,0.1122,0.064
14.785,1,-1.526,-1.71,1.456,1.822,1.743,0.1182,0.067
14.835,1,-1.52,-1.639,1.4781,1.802,1.743,0.1058,0.07
14.885,1,-1.514,-1.556,1.5066,1.774,1.719,0.0974,0.071
14.935,1,-1.51,-1.446,1.5392,1.746,1.703,0.0906,0.073
14.985,1,-1.509,-1.368,1.5644,1.733,1.695,0.0825,0.086
15.035,1,-1.51,-1.285,1.5871,1.72,1.695,0.0727,0.097
15.085,1,-1.513,-1.187,1.6097,1.716,1.695,0.0737,0.106
15.135,1,-1.517,-1.117,1.6236,1.716,1.744,0.0687,0.115
15.185,1,-1.522,-1.033,1.6429,1.735,1.744,0.0662,0.123
15.235,1,-1.53,-0.947,1.6588,1.758,1.792,0.0531,0.13
15.286,1,-1.539,-0.852,1.6763,1.815,1.838,0.0487,0.137
15.335,1,-1.55,-0.764,1.6886,1.849,1.884,0.0387,0.156
15.385,1,-1.562,-0.671,1.7007,1.889,1.928,0.0327,0.174
15.435,1,-1.577,-0.563,1.7104,1.927,1.971,0.0247,0.193
15.485,1,-1.591,-0.468,1.7195,1.97,2.014,0.0217,0.212
15.543,1,-1.601,-0.405,1.7229,2.001,2.055,0.0219,0.222
15.585,1,-1.624,-0.258,1.7327,2.033,2.096,0.0183,0.242
15.635,1,-1.64,-0.164,1.7374,2.089,2.136,0.0083,0.275
15.685,1,-1.656,-0.07,1.7414,2.126,2.175,0.0098,0.296
15.735,1,-1.674,0.032,1.7439,2.163,2.214,0.0059,0.318
15.785,1,-1.69,0.127,1.746,2.186,2.252,0.0047,0.329
15.835,1,-1.715,0.266,1.7482,2.252,2.326,0.0,0.363
15.885,1,-1.731,0.355,1.7485,2.276,2.326,0.0,0.374
15.935,1,-1.757,0.497,1.7485,2.327,2.397,-0.0,0.406
15.985,1,-1.776,0.604,1.7485,2.37,2.432,-0.0,0.393
16.035,1,-1.797,0.72,1.7485,2.426,2.467,-0.0,0.367
16.085,1,-1.822,0.858,1.7485,2.461,2.501,-0.005,0.355
16.135,1,-1.839,0.954,1.7472,2.496,2.568,-0.0064,0.313
16.185,1,-1.859,1.065,1.7454,2.527,2.6,-0.0054,0.296
16.235,1,-1.888,1.233,1.7426,2.597,2.633,-0.0,0.245
16.285,1,-1.905,1.334,1.7413,2.617,2.665,-0.0,0.212
16.335,1,-1.933,1.496,1.7407,2.658,2.665,-0.0043,0.207
16.385,1,-1.953,1.615,1.7392,2.684,2.614,-0.0102,0.203
16.436,1,-1.972,1.73,1.7351,2.655,2.562,-0.0105,0.2
16.485,1,-1.993,1.854,1.7321,2.605,2.455,-0.0107,0.199
16.535,1,-2.013,1.98,1.7281,2.532,2.403,-0.0086,0.198
16.585,1,-2.035,2.123,1.7241,2.468,2.307,-0.0174,0.196
16.635,1,-2.05,2.225,1.7198,2.407,2.307,-0.0129,0.193
16.685,1,-2.07,2.361,1.714,2.351,2.225,-0.0189,0.189
16.735,1,-2.086,2.471,1.7076,2.302,2.168,-0.017,0.185
16.785,1,-2.099,2.572,1.7021,2.245,2.111,-0.0233,0.183
16.835,1,-2.112,2.676,1.6961,2.177,2.052,-0.0253,0.181
16.885,1,-2.126,2.793,1.6879,2.118,2.003,-0.0293,0.18
16.935,1,-2.139,2.908,1.6789,2.056,1.91,-0.0374,0.18
16.985,1,-2.149,3.004,1.6673,1.993,1.851,-0.0473,0.181
17.035,1,-2.157,3.095,1.6581,1.945,1.851,-0.0412,0.182
17.085,1,-2.165,3.2,1.6427,1.848,1.781,-0.0592,0.176
17.135,1,-2.169,3.271,1.6313,1.812,1.704,-0.0774,0.167
17.184,1,-2.174,3.381,1.6087,1.751,1.635,-0.1099,0.16
17.235,1,-2.176,3.454,1.5903,1.686,1.573,-0.1174,0.153
17.285,1,-2.176,3.531,1.5619,1.623,1.573,-0.1167,0.146
17.335,1,-2.174,3.607,1.537,1.591,1.453,-0.1759,0.142
17.385,1,-2.167,3.701,1.497,1.495,1.453,-0.1634,0.14
17.435,1,-2.162,3.758,1.4672,1.467,1.379,-0.1621,0.126
17.485,1,-2.152,3.833,1.428,1.422,1.284,-0.185,0.119
17.535,1,-2.141,3.897,1.3969,1.345,1.284,-0.1898,0.115
17.585,1,-2.128,3.96,1.3591,1.287,1.227,-0.2077,0.112
17.635,1,-2.11,4.029,1.3097,1.233,1.201,-0.1936,0.113
17.685,1,-2.097,4.074,1.2838,1.224,1.201,-0.197,0.114
17.735,1,-2.076,4.136,1.2419,1.209,1.201,-0.2048,0.116
17.785,1,-2.052,4.2,1.1997,1.207,1.2,-0.2163,0.114
17.835,1,-2.031,4.249,1.1628,1.204,1.181,-0.2296,0.115
17.885,1,-2.002,4.31,1.1222,1.205,1.181,-0.2167,0.121
17.935,1,-1.982,4.35,1.0902,1.19,1.181,-0.2291,0.124
17.985,1,-1.944,4.417,1.0382,1.187,1.181,-0.2177,0.129
18.035,1,-1.914,4.464,1.002,1.187,1.18,-0.2159,0.131
18.085,1,-1.883,4.509,0.9641,1.185,1.25,-0.277,0.128
18.135,1,-1.855,4.547,0.9315,1.225,1.25,-0.2627,0.126
18.185,1,-1.812,4.6,0.8746,1.249,1.26,-0.2866,0.121
18.236,1,-1.777,4.639,0.8291,1.252,1.231,-0.2917,0.121
18.285,1,-1.714,4.7,0.7543,1.236,1.231,-0.2776,0.124
18.335,1,-1.673,4.736,0.7134,1.231,1.14,-0.2631,0.115
18.385,1,-1.629,4.77,0.6632,1.185,1.14,-0.2516,0.109
18.435,1,-1.587,4.801,0.6246,1.148,1.055,-0.2664,0.105
18.485,1,-1.536,4.834,0.5712,1.067,1.055,-0.2888,0.103
18.535,1,-1.495,4.859,0.5313,1.056,1.055,-0.2708,0.106
18.585,1,-1.452,4.882,0.4919,1.058,1.055,-0.2838,0.108
18.635,1,-1.393,4.911,0.4376,1.056,1.055,-0.2476,0.109
18.685,1,-1.351,4.929,0.3994,1.06,0.975,-0.2362,0.098
18.735,1,-1.298,4.949,0.3637,0.993,0.975,-0.2248,0.094
18.785,1,-1.257,4.963,0.3323,0.983,0.903,-0.2631,0.084
18.835,1,-1.216,4.976,0.2952,0.917,0.903,-0.25,0.079
18.885,1,-1.175,4.987,0.2647,0.907,0.903,-0.2783,0.076
18.936,1,-1.129,4.998,0.2214,0.906,0.903,-0.2555,0.075
18.985,1,-1.079,5.007,0.1793,0.905,0.903,-0.2668,0.08
19.035,1,-1.038,5.013,0.143,0.906,0.903,-0.2711,0.083
19.085,1,-0.996,5.018,0.1082,0.912,0.993,-0.2828,0.085
19.135,1,-0.942,5.022,0.0675,0.987,1.075,-0.283,0.087
19.185,1,-0.897,5.023,0.0261,1.003,1.075,-0.269,0.086
19.235,1,-0.838,5.023,-0.0219,1.073,1.075,-0.2479,0.089
19.285,1,-0.796,5.021,-0.0511,1.081,1.102,-0.271,0.09
19.335,1,-0.74,5.016,-0.0982,1.096,1.102,-0.2597,0.09
19.385,1,-0.689,5.009,-0.1374,1.106,1.102,-0.2717,0.087
19.435,1,-0.632,4.999,-0.1872,1.105,1.102,-0.2543,0.081
19.485,1,-0.572,4.985,-0.2311,1.107,1.102,-0.2373,0.083
19.536,1,-0.526,4.972,-0.2726,1.107,1.154,-0.2717,0.084
19.585,1,-0.468,4.954,-0.3181,1.129,1.224,-0.261,0.082
19.635,1,-0.409,4.932,-0.3626,1.155,1.224,-0.2383,0.078
19.685,1,-0.361,4.911,-0.4074,1.216,1.224,-0.2272,0.088
19.735,1,-0.299,4.882,-0.4496,1.231,1.229,-0.2423,0.101
19.785,1,-0.26,4.861,-0.4791,1.231,1.229,-0.2675,0.107
19.835,1,-0.203,4.828,-0.5364,1.23,1.229,-0.2422,0.123
19.885,1,-0.147,4.792,-0.5897,1.234,1.284,-0.2284,0.133
19.935,1,-0.1,4.758,-0.6272,1.28,1.284,-0.2171,0.141
19.986,1,-0.05,4.719,-0.6733,1.309,1.348,-0.2585,0.149
20.035,1,-0.001,4.676,-0.719,1.343,1.41,-0.247,0.152
20.086,1,0.05,4.628,-0.7745,1.373,1.341,-0.2542,0.149
20.135,1,0.103,4.571,-0.8305,1.362,1.341,-0.2448,0.132
20.185,1,0.136,4.532,-0.8661,1.348,1.267,-0.2224,0.125
20.235,1,0.179,4.477,-0.9166,1.288,1.202,-0.2418,0.108
20.285,1,0.221,4.418,-0.9658,1.238,1.202,-0.2177,0.1
20.335,1,0.25,4.373,-1.0009,1.213,1.154,-0.2539,0.095
20.385,1,0.286,4.313,-1.0526,1.164,1.154,-0.2274,0.091
20.435,1,0.31,4.268,-1.0887,1.161,1.154,-0.2323,0.095
20.485,1,0.333,4.22,-1.1249,1.162,1.154,-0.2316,0.101
20.535,1,0.354,4.171,-1.1591,1.161,1.154,-0.2039,0.103
20.585,1,0.381,4.102,-1.2051,1.165,1.192,-0.1692,0.108
20.635,1,0.399,4.052,-1.2358,1.201,1.192,-0.1581,0.112
20.685,1,0.416,4.001,-1.2634,1.232,1.261,-0.1858,0.113
20.735,1,0.432,3.944,-1.2936,1.265,1.326,-0.1591,0.113
20.785,1,0.451,3.867,-1.3319,1.303,1.326,-0.1506,0.107
20.835,1,0.464,3.808,-1.3626,1.338,1.352,-0.151,0.106
20.887,1,0.475,3.748,-1.3885,1.36,1.377,-0.1297,0.116
20.935,1,0.486,3.682,-1.4139,1.378,1.405,-0.1136,0.121
20.985,1,0.495,3.616,-1.4382,1.397,1.405,-0.106,0.129
21.035,1,0.505,3.527,-1.466,1.419,1.464,-0.1024,0.141
21.085,1,0.511,3.462,-1.489,1.448,1.464,-0.0984,0.147
21.135,1,0.515,3.397,-1.5084,1.475,1.521,-0.083,0.153
21.185,1,0.518,3.321,-1.5266,1.527,1.575,-0.0674,0.157
21.235,1,0.521,3.249,-1.5413,1.582,1.628,-0.0652,0.159
21.285,2,0.522,3.148,-1.5614,1.615,1.679,-0.052,0.162
21.335,2,0.522,3.072,-1.5736,1.677,1.679,-0.0441,0.165
21.385,2,0.521,2.992,-1.5841,1.705,1.729,-0.0403,0.165
21.435,2,0.519,2.895,-1.5966,1.741,1.777,-0.0283,0.165
21.485,2,0.517,2.824,-1.6029,1.774,1.824,-0.026,0.164
21.535,2,0.513,2.737,-1.6096,1.818,1.87,-0.0208,0.172
21.585,2,0.508,2.622,-1.6179,1.864,1.915,-0.0168,0.187
21.635,2,0.504,2.535,-1.6228,1.913,1.958,-0.0082,0.197
21.685,2,0.499,2.446,-1.6255,1.945,2.001,-0.0054,0.206
21.735,2,0.493,2.345,-1.6266,1.984,2.043,-0.0,0.216
21.786,2,0.487,2.244,-1.6278,2.028,2.084,-0.0,0.226
21.835,2,0.482,2.144,-1.6278,2.067,2.124,0.0,0.231
21.885,2,0.475,2.033,-1.6278,2.111,2.164,0.0,0.225
21.935,2,0.469,1.928,-1.6278,2.149,2.202,0.0042,0.219
21.985,2,0.464,1.828,-1.6275,2.182,2.24,0.0059,0.216
22.035,2,0.458,1.726,-1.626,2.226,2.278,0.0057,0.211
22.085,2,0.45,1.582,-1.6237,2.261,2.315,0.0056,0.203
22.135,2,0.445,1.479,-1.6217,2.308,2.351,0.0053,0.198
22.185,2,0.439,1.362,-1.6199,2.352,2.387,0.0044,0.193
22.235,2,0.433,1.24,-1.6182,2.391,2.456,0.0,0.188
22.285,2,0.428,1.124,-1.6179,2.427,2.491,0.0,0.182
22.335,2,0.422,1.001,-1.6179,2.469,2.524,0.0,0.176
22.385,2,0.417,0.886,-1.6179,2.503,2.558,0.005,0.173
22.436,2,0.411,0.765,-1.6167,2.545,2.623,0.0047,0.168
22.485,2,0.404,0.597,-1.6144,2.6,2.655,0.0,0.163
22.535,2,0.399,0.497,-1.6141,2.634,2.687,0.0,0.158
22.585,2,0.394,0.374,-1.6141,2.662,2.718,0.0,0.152
22.635,2,0.387,0.204,-1.6141,2.711,2.779,0.0,0.143
22.685,2,0.381,0.078,-1.6141,2.762,2.81,0.0,0.137
22.735,2,0.376,-0.05,-1.6141,2.8,2.839,0.0,0.131
22.785,2,0.369,-0.194,-1.6141,2.829,2.775,-0.0105,0.13
22.835,2,0.363,-0.336,-1.6162,2.823,2.727,-0.0151,0.129
22.886,2,0.357,-0.469,-1.6211,2.778,2.629,-0.0192,0.129
22.935,2,0.35,-0.595,-1.6278,2.709,2.58,-0.0183,0.13
22.985,2,0.341,-0.736,-1.6346,2.664,2.502,-0.0129,0.135
23.035,2,0.331,-0.877,-1.6422,2.562,2.502,-0.0086,0.155
23.085,2,0.321,-1.016,-1.6475,2.528,2.502,-0.0142,0.162
23.135,2,0.312,-1.122,-1.6519,2.518,2.554,-0.0172,0.157
23.185,2,0.301,-1.25,-1.6584,2.537,2.554,-0.0185,0.151
23.235,2,0.289,-1.375,-1.6649,2.556,2.62,-0.0192,0.145
23.285,2,0.276,-1.509,-1.6724,2.602,2.652,-0.0193,0.143
23.335,2,0.262,-1.64,-1.6789,2.643,2.683,-0.0129,0.141
23.385,2,0.248,-1.762,-1.6852,2.672,2.692,-0.0086,0.141
23.435,2,0.231,-1.909,-1.6894,2.694,2.692,-0.0086,0.143
23.485,2,0.214,-2.049,-1.6933,2.701,2.691,-0.0107,0.146
23.535,2,0.197,-2.183,-1.697,2.702,2.746,-0.0103,0.147
23.585,2,0.179,-2.315,-1.7009,2.738,2.777,-0.0043,0.163
23.635,2,0.163,-2.442,-1.7039,2.772,2.807,-0.0051,0.185
23.685,2,0.143,-2.583,-1.706,2.797,2.867,-0.0,0.165
23.735,2,0.125,-2.714,-1.7067,2.833,2.925,-0.0,0.155
23.785,2,0.102,-2.885,-1.7066,2.889,2.954,-0.0049,0.142
23.835,2,0.084,-3.019,-1.7084,2.936,2.919,-0.0054,0.141
23.886,2,0.065,-3.152,-1.7103,2.926,2.824,-0.0047,0.141
23.935,2,0.045,-3.293,-1.7121,2.886,2.777,-0.0,0.142
23.985,2,0.02,-3.467,-1.7128,2.82,2.685,-0.0,0.145
24.035,2,0.005,-3.571,-1.7128,2.764,2.64,-0.0,0.147
24.085,2,-0.012,-3.692,-1.7128,2.701,2.539,-0.0101,0.149
24.135,2,-0.032,-3.832,-1.715,2.62,2.486,-0.0086,0.152
24.185,2,-0.055,-3.986,-1.7196,2.536,2.376,-0.0141,0.147
24.235,2,-0.069,-4.077,-1.7217,2.493,2.376,-0.0134,0.145
24.285,2,-0.093,-4.229,-1.727,2.421,2.267,-0.0086,0.141
24.335,2,-0.107,-4.315,-1.7304,2.347,2.214,-0.0128,0.14
24.385,2,-0.13,-4.455,-1.7353,2.275,2.139,-0.03,0.139
24.435,2,-0.147,-4.556,-1.7409,2.215,2.139,-0.0254,0.139
24.485,2,-0.165,-4.655,-1.7484,2.166,2.095,-0.0295,0.151
24.535,2,-0.184,-4.757,-1.7578,2.122,2.033,-0.0387,0.148
24.585,2,-0.208,-4.881,-1.7713,2.064,1.903,-0.0679,0.122
24.635,2,-0.224,-4.954,-1.7812,2.014,1.903,-0.0622,0.119
24.685,2,-0.251,-5.072,-1.8036,1.937,1.84,-0.0784,0.111
24.735,2,-0.266,-5.13,-1.8182,1.881,1.776,-0.0821,0.109
24.785,2,-0.298,-5.247,-1.8481,1.809,1.75,-0.1035,0.105
24.835,2,-0.322,-5.324,-1.8753,1.766,1.724,-0.1115,0.106
24.885,2,-0.348,-5.402,-1.9012,1.733,1.693,-0.1175,0.108
24.935,2,-0.376,-5.476,-1.9283,1.706,1.615,-0.117,0.108
24.985,2,-0.415,-5.574,-1.9623,1.674,1.559,-0.1291,0.101
25.035,2,-0.445,-5.64,-1.9937,1.587,1.552,-0.1284,0.099
25.085,2,-0.483,-5.72,-2.0269,1.564,1.552,-0.1276,0.104
25.135,2,-0.512,-5.776,-2.0456,1.56,1.552,-0.1156,0.109
25.185,2,-0.55,-5.847,-2.0775,1.559,1.552,-0.1422,0.113
25.235,2,-0.587,-5.91,-2.1066,1.557,1.564,-0.1514,0.114
25.285,2,-0.63,-5.977,-2.1436,1.565,1.524,-0.1633,0.111
25.335,2,-0.672,-6.038,-2.1767,1.549,1.484,-0.1779,0.109
25.385,2,-0.729,-6.114,-2.2244,1.498,1.462,-0.2102,0.112
25.435,2,-0.764,-6.158,-2.2518,1.492,1.462,-0.1981,0.118
25.485,2,-0.813,-6.215,-2.2947,1.466,1.446,-0.2337,0.122
25.535,2,-0.862,-6.266,-2.3365,1.449,1.446,-0.2093,0.124
25.585,2,-0.926,-6.326,-2.4002,1.394,1.359,-0.2327,0.121
25.636,2,-0.941,-6.34,-2.4131,1.38,1.263,-0.2078,0.117
25.685,2,-1.023,-6.405,-2.4891,1.322,1.242,-0.2796,0.123
25.735,2,-1.079,-6.445,-2.5365,1.243,1.242,-0.2408,0.131
25.785,2,-1.126,-6.474,-2.5852,1.232,1.222,-0.2633,0.137
25.836,2,-1.174,-6.502,-2.6289,1.219,1.198,-0.2746,0.141
25.885,2,-1.235,-6.533,-2.6835,1.205,1.198,-0.2669,0.143
25.935,2,-1.278,-6.552,-2.718,1.196,1.123,-0.3015,0.143
25.985,2,-1.339,-6.576,-2.7801,1.123,1.122,-0.3322,0.132
26.035,2,-1.385,-6.592,-2.8234,1.11,1.122,-0.3104,0.124
26.085,2,-1.438,-6.606,-2.883,1.11,1.122,-0.3435,0.113
26.135,2,-1.491,-6.618,-2.936,1.108,1.146,-0.3634,0.104
26.185,2,-1.54,-6.625,-2.9854,1.115,1.146,-0.3407,0.101
26.235,2,-1.611,-6.632,-3.0594,1.131,1.111,-0.3453,0.093
26.285,2,-1.664,-6.634,-3.1216,1.114,1.111,-0.3182,0.094
26.335,2,-1.709,-6.633,3.1222,1.105,1.02,-0.329,0.096
26.385,2,-1.773,-6.628,3.0572,1.021,1.02,-0.316,0.097
26.435,2,-1.819,-6.622,3.0083,1.013,1.02,-0.3389,0.096
26.485,2,-1.867,-6.614,2.9583,1.011,1.02,-0.3518,0.102
26.535,2,-1.919,-6.602,2.9044,1.009,1.02,-0.326,0.11
26.585,2,-1.968,-6.587,2.849,1.013,1.064,-0.2921,0.117
26.636,2,-2.003,-6.575,2.8212,1.044,1.064,-0.2925,0.12
26.685,2,-2.065,-6.551,2.7578,1.066,1.141,-0.3391,0.129
26.735,2,-2.107,-6.532,2.7114,1.116,1.187,-0.3202,0.133
26.785,2,-2.157,-6.506,2.6567,1.153,1.187,-0.2953,0.139
26.835,2,-2.21,-6.474,2.591,1.182,1.197,-0.3079,0.149
26.885,2,-2.255,-6.444,2.5415,1.187,1.197,-0.2966,0.157
26.935,2,-2.302,-6.409,2.4926,1.192,1.266,-0.3017,0.164
26.985,2,-2.35,-6.368,2.4313,1.248,1.266,-0.2906,0.169
27.035,2,-2.394,-6.327,2.3813,1.261,1.331,-0.3378,0.173
27.085,2,-2.447,-6.271,2.3046,1.308,1.31,-0.334,0.175
27.135,2,-2.469,-6.245,2.2717,1.302,1.31,-0.3114,0.179
27.185,2,-2.517,-6.181,2.2043,1.299,1.258,-0.3489,0.187
27.235,2,-2.553,-6.124,2.1258,1.27,1.239,-0.3341,0.193
27.285,2,-2.581,-6.072,2.0727,1.245,1.239,-0.3341,0.193
27.335,2,-2.611,-6.006,1.9911,1.228,1.231,-0.3149,0.193
27.385,2,-2.633,-5.95,1.9248,1.226,1.231,-0.2903,0.196
27.435,2,-2.651,-5.895,1.8752,1.229,1.139,-0.2862,0.178
27.485,2,-2.664,-5.845,1.8257,1.113,1.04,-0.2738,0.167
27.535,2,-2.675,-5.796,1.7816,1.043,1.04,-0.2596,0.158
27.585,2,-2.685,-5.738,1.7364,1.042,1.04,-0.2473,0.152
27.635,2,-2.69,-5.699,1.7097,1.044,1.04,-0.2359,0.15
27.685,2,-2.696,-5.634,1.6589,1.045,1.04,-0.2364,0.146
27.735,2,-2.699,-5.586,1.6208,1.045,1.062,-0.1903,0.145
27.785,2,-2.7,-5.542,1.5957,1.058,1.062,-0.1823,0.146
27.835,2,-2.7,-5.487,1.5622,1.072,1.111,-0.1957,0.151
27.885,2,-2.697,-5.423,1.5281,1.097,1.111,-0.1794,0.157
27.936,2,-2.695,-5.377,1.5058,1.118,1.171,-0.1571,0.158
27.991,2,-2.69,-5.322,1.478,1.167,1.171,-0.1461,0.16
28.035,2,-2.682,-5.254,1.4602,1.181,1.241,-0.1703,0.159
28.085,2,-2.673,-5.199,1.4205,1.216,1.241,-0.1465,0.162
28.135,2,-2.663,-5.137,1.3932,1.249,1.307,-0.124,0.178
28.185,2,-2.648,-5.066,1.3632,1.31,1.371,-0.1129,0.195
28.235,2,-2.634,-5.005,1.3421,1.368,1.371,-0.11,0.212
28.285,2,-2.618,-4.944,1.321,1.4,1.431,-0.1102,0.23
28.335,2,-2.599,-4.873,1.2983,1.439,1.489,-0.0867,0.253
28.385,2,-2.58,-4.809,1.2786,1.467,1.545,-0.079,0.265
28.435,2,-2.55,-4.717,1.2562,1.543,1.545,-0.0729,0.304
28.485,2,-2.526,-4.645,1.2373,1.559,1.651,-0.0478,0.331
28.535,2,-2.504,-4.585,1.2282,1.594,1.651,-0.0486,0.344
28.585,2,-2.478,-4.513,1.2172,1.644,1.701,-0.0373,0.371
28.635,2,-2.449,-4.438,1.2075,1.69,1.701,-0.0282,0.399
28.685,2,-2.409,-4.335,1.1961,1.715,1.75,-0.0258,0.449
28.735,2,-2.382,-4.267,1.191,1.749,1.798,-0.0121,0.481
28.785,2,-2.346,-4.178,1.1857,1.803,1.844,-0.0081,0.515
28.835,2,-2.313,-4.098,1.1836,1.847,1.89,-0.0,0.532
28.885,2,-2.271,-3.995,1.1826,1.893,1.934,0.0,0.523
28.935,2,-2.237,-3.911,1.1826,1.933,1.977,0.0054,0.497
28.985,2,-2.202,-3.826,1.1833,1.964,2.02,0.0082,0.479
29.035,2,-2.167,-3.739,1.185,2.002,2.061,0.0124,0.46
29.085,2,-2.122,-3.628,1.1887,2.049,2.102,0.0178,0.442
29.135,2,-2.092,-3.554,1.1913,2.083,2.142,0.0211,0.432
29.185,2,-2.057,-3.464,1.1971,2.112,2.181,0.0167,0.411
29.235,2,-2.014,-3.351,1.203,2.165,2.219,0.0219,0.379
29.285,2,-1.974,-3.247,1.2097,2.204,2.257,0.021,0.356
29.335,2,-1.928,-3.123,1.2173,2.247,2.294,0.0169,0.344
29.385,2,-1.89,-3.02,1.2244,2.294,2.331,0.0187,0.306
29.435,2,-1.855,-2.919,1.2305,2.329,2.367,0.0127,0.279
29.485,2,-1.818,-2.814,1.2359,2.368,2.402,0.0139,0.252
29.535,2,-1.78,-2.703,1.2408,2.402,2.316,0.0214,0.223
29.585,2,-1.741,-2.588,1.2452,2.387,2.261,0.0307,0.194
29.635,2,-1.705,-2.481,1.2524,2.334,2.202,0.0383,0.18
29.685,2,-1.673,-2.379,1.2638,2.259,2.139,0.0508,0.154
29.735,2,-1.633,-2.247,1.2832,2.177,2.075,0.0631,0.112
29.785,2,-1.606,-2.149,1.3041,2.112,1.941,0.1132,0.091
29.835,2,-1.582,-2.055,1.3343,1.991,1.878,0.1207,0.08
29.886,2,-1.567,-1.983,1.3599,1.935,1.827,0.1195,0.076
29.935,2,-1.549,-1.887,1.3915,1.874,1.794,0.119,0.069
29.985,2,-1.531,-1.767,1.4336,1.826,1.769,0.1332,0.065
30.035,2,-1.524,-1.701,1.4576,1.793,1.769,0.118,0.068
30.085,2,-1.516,-1.604,1.4993,1.777,1.743,0.1015,0.071
30.135,2,-1.512,-1.52,1.5267,1.758,1.719,0.0974,0.07
30.185,2,-1.51,-1.431,1.5512,1.736,1.703,0.0892,0.077
30.235,2,-1.51,-1.34,1.5786,1.716,1.695,0.0809,0.089
30.285,2,-1.512,-1.254,1.5982,1.709,1.695,0.0727,0.099
30.335,2,-1.515,-1.173,1.6169,1.706,1.694,0.069,0.108
30.385,2,-1.52,-1.091,1.6332,1.706,1.744,0.0646,0.116
30.435,2,-1.524,-1.034,1.6426,1.707,1.744,0.0565,0.12
30.485,2,-1.536,-0.907,1.6674,1.755,1.792,0.0486,0.13
30.535,2,-1.544,-0.835,1.6769,1.788,1.838,0.0406,0.133
30.585,2,-1.554,-0.748,1.6883,1.82,1.884,0.0326,0.151
30.635,2,-1.569,-0.631,1.7006,1.882,1.928,0.0335,0.169
30.685,2,-1.581,-0.54,1.7109,1.925,1.971,0.0287,0.197
30.735,2,-1.596,-0.443,1.7195,1.967,2.014,0.0206,0.216
30.785,2,-1.608,-0.362,1.7247,2.002,2.055,0.0165,0.226
30.835,2,-1.626,-0.249,1.7312,2.051,2.096,0.0124,0.258
30.885,2,-1.642,-0.153,1.7355,2.089,2.136,0.0143,0.28
30.935,2,-1.66,-0.046,1.7392,2.133,2.175,0.0083,0.302
30.985,2,-1.675,0.039,1.742,2.161,2.214,0.0042,0.313
31.035,2,-1.696,0.156,1.7445,2.209,2.252,0.0056,0.335
31.085,2,-1.721,0.3,1.7464,2.25,2.289,0.0,0.358
31.135,2,-1.74,0.408,1.7467,2.289,2.362,0.0,0.391
31.185,2,-1.754,0.485,1.7466,2.317,2.397,0.0,0.402
31.235,2,-1.776,0.609,1.7466,2.373,2.432,-0.0,0.397
31.285,2,-1.797,0.725,1.7466,2.409,2.467,-0.0,0.372
31.335,2,-1.825,0.884,1.7466,2.459,2.501,-0.0,0.333
31.385,2,-1.844,0.992,1.7466,2.497,2.568,-0.0,0.303
31.435,2,-1.864,1.102,1.7466,2.541,2.6,-0.0049,0.287
31.485,2,-1.885,1.22,1.7457,2.569,2.633,-0.0057,0.254
31.535,2,-1.906,1.341,1.7438,2.611,2.665,-0.006,0.22
31.585,2,-1.931,1.486,1.742,2.635,2.665,-0.0105,0.208
31.635,2,-1.954,1.621,1.7388,2.675,2.614,-0.0086,0.202
31.685,2,-1.976,1.755,1.7351,2.669,2.562,-0.0106,0.199
31.735,2,-1.996,1.874,1.7318,2.616,2.455,-0.0101,0.199
31.785,2,-2.018,2.013,1.7281,2.54,2.403,-0.0086,0.198
31.835,2,-2.037,2.138,1.7241,2.469,2.307,-0.0176,0.195
31.885,2,-2.054,2.251,1.7201,2.41,2.307,-0.0172,0.192
31.935,2,-2.07,2.361,1.7149,2.352,2.225,-0.0171,0.19
31.985,2,-2.085,2.468,1.7094,2.291,2.168,-0.0222,0.186
32.035,2,-2.104,2.611,1.7,2.205,2.111,-0.0211,0.183
32.085,2,-2.117,2.715,1.6934,2.154,2.052,-0.0252,0.181
32.135,2,-2.129,2.815,1.6856,2.086,2.003,-0.0292,0.18
32.185,2,-2.137,2.888,1.6807,2.052,1.957,-0.038,0.18
32.235,2,-2.149,3.001,1.6679,1.983,1.91,-0.0393,0.181
32.285,2,-2.157,3.102,1.6566,1.935,1.851,-0.0412,0.18
32.335,2,-2.164,3.187,1.6454,1.887,1.781,-0.0548,0.177
32.385,2,-2.171,3.306,1.6281,1.811,1.704,-0.0817,0.17
32.435,2,-2.174,3.372,1.6136,1.743,1.635,-0.1108,0.162
32.485,2,-2.176,3.451,1.5906,1.683,1.573,-0.1171,0.155
32.535,2,-2.175,3.553,1.5563,1.597,1.514,-0.1399,0.145
32.585,2,-2.173,3.616,1.5376,1.579,1.514,-0.1444,0.143
32.635,2,-2.167,3.699,1.494,1.52,1.453,-0.1688,0.133
32.685,2,-2.161,3.761,1.468,1.479,1.379,-0.1624,0.128
32.736,2,-2.15,3.838,1.4248,1.395,1.284,-0.1851,0.118
32.785,2,-2.138,3.908,1.3935,1.351,1.227,-0.223,0.114
32.835,2,-2.125,3.97,1.3575,1.292,1.227,-0.2107,0.111
32.886,2,-2.11,4.03,1.3152,1.237,1.201,-0.2214,0.113
32.934,2,-2.09,4.097,1.2719,1.204,1.201,-0.2175,0.115
32.985,2,-2.073,4.144,1.2407,1.199,1.201,-0.2082,0.116
33.035,2,-2.049,4.207,1.1941,1.2,1.2,-0.2211,0.113
33.085,2,-2.036,4.238,1.1736,1.198,1.2,-0.2211,0.113
33.135,2,-2.013,4.288,1.1352,1.199,1.181,-0.2201,0.119
33.185,2,-1.97,4.37,1.0767,1.183,1.181,-0.2331,0.127
33.235,2,-1.947,4.41,1.0426,1.178,1.18,-0.2273,0.13
33.285,2,-1.914,4.462,0.997,1.179,1.18,-0.2329,0.131
33.335,2,-1.88,4.511,0.9592,1.179,1.25,-0.2735,0.126
33.385,2,-1.84,4.564,0.9076,1.222,1.25,-0.2633,0.122
33.435,2,-1.801,4.61,0.8587,1.242,1.26,-0.2768,0.12
33.485,2,-1.762,4.652,0.8101,1.249,1.231,-0.2866,0.121
33.535,2,-1.711,4.7,0.75,1.231,1.231,-0.2636,0.122
33.585,2,-1.669,4.737,0.708,1.228,1.14,-0.2781,0.113
33.635,2,-1.63,4.768,0.6672,1.16,1.055,-0.273,0.107
33.685,2,-1.583,4.802,0.615,1.101,1.055,-0.2775,0.102
33.735,2,-1.54,4.83,0.5736,1.054,1.055,-0.2535,0.101
33.785,2,-1.498,4.855,0.5343,1.053,1.055,-0.2589,0.103
33.835,2,-1.452,4.88,0.5001,1.053,1.055,-0.2854,0.106
33.885,2,-1.401,4.905,0.4493,1.05,1.055,-0.259,0.107
33.935,2,-1.346,4.929,0.4059,1.053,0.975,-0.2361,0.098
33.985,2,-1.302,4.946,0.3661,1.01,0.975,-0.2248,0.089
34.035,2,-1.258,4.962,0.3347,0.979,0.903,-0.2577,0.083
34.085,2,-1.214,4.975,0.2996,0.911,0.903,-0.2578,0.079
34.135,2,-1.176,4.986,0.2724,0.899,0.903,-0.2667,0.077
34.185,2,-1.135,4.996,0.2385,0.901,0.903,-0.2554,0.074
34.235,2,-1.084,5.007,0.2011,0.903,0.903,-0.2901,0.081
34.285,2,-1.046,5.013,0.1689,0.899,0.903,-0.278,0.083
34.335,2,-0.998,5.019,0.1282,0.901,0.993,-0.292,0.087
34.385,2,-0.951,5.023,0.0801,0.95,0.993,-0.278,0.089
34.435,2,-0.893,5.026,0.0353,0.988,1.075,-0.2803,0.089
34.485,2,-0.852,5.026,0.0003,1.028,1.075,-0.2584,0.092
34.535,2,-0.803,5.024,-0.0393,1.069,1.102,-0.2821,0.093
34.585,2,-0.746,5.019,-0.0902,1.084,1.102,-0.2756,0.093
34.635,2,-0.693,5.013,-0.1352,1.097,1.102,-0.2761,0.088
34.685,2,-0.632,5.002,-0.1832,1.1,1.102,-0.2485,0.085
34.735,2,-0.584,4.991,-0.2254,1.102,1.102,-0.2614,0.085
34.785,2,-0.534,4.978,-0.2635,1.101,1.102,-0.2372,0.087
34.835,2,-0.471,4.958,-0.3124,1.103,1.224,-0.2655,0.086
34.884,2,-0.419,4.939,-0.3556,1.152,1.224,-0.2382,0.083
34.935,2,-0.375,4.921,-0.3878,1.207,1.224,-0.2413,0.081
34.985,2,-0.314,4.894,-0.4399,1.223,1.229,-0.2561,0.102
35.035,2,-0.271,4.872,-0.4759,1.226,1.229,-0.263,0.108
35.085,2,-0.217,4.841,-0.5215,1.229,1.229,-0.2534,0.119
35.135,2,-0.151,4.799,-0.581,1.227,1.284,-0.2428,0.134
35.185,2,-0.106,4.766,-0.6253,1.257,1.284,-0.2167,0.143
35.235,2,-0.049,4.722,-0.6741,1.288,1.348,-0.2524,0.15
35.285,2,-0.003,4.682,-0.7193,1.337,1.41,-0.2537,0.156
35.335,2,0.045,4.637,-0.7697,1.392,1.41,-0.2193,0.156
35.385,2,0.091,4.589,-0.812,1.386,1.341,-0.2435,0.139
35.435,2,0.131,4.544,-0.8582,1.348,1.267,-0.219,0.131
35.485,2,0.175,4.488,-0.9115,1.292,1.267,-0.2096,0.113
35.535,2,0.211,4.438,-0.9479,1.273,1.202,-0.2307,0.104
35.585,2,0.246,4.386,-0.9916,1.218,1.154,-0.2648,0.099
35.635,2,0.28,4.329,-1.042,1.166,1.154,-0.2443,0.095
35.685,2,0.305,4.283,-1.078,1.155,1.154,-0.2396,0.095
35.735,2,0.329,4.234,-1.1154,1.155,1.154,-0.2152,0.102
35.785,2,0.354,4.178,-1.1593,1.158,1.154,-0.2038,0.107
35.835,2,0.374,4.128,-1.1905,1.159,1.192,-0.1808,0.111
35.885,2,0.393,4.077,-1.2206,1.174,1.192,-0.1705,0.112
35.935,2,0.416,4.007,-1.2584,1.198,1.261,-0.1698,0.115
35.985,2,0.432,3.952,-1.292,1.255,1.261,-0.1758,0.114
36.035,2,0.445,3.905,-1.3157,1.266,1.326,-0.1517,0.112
36.085,2,0.463,3.825,-1.3531,1.32,1.352,-0.1534,0.108
36.135,2,0.474,3.767,-1.3841,1.354,1.377,-0.1135,0.114
36.185,2,0.487,3.689,-1.4165,1.364,1.377,-0.1135,0.123
36.235,2,0.495,3.627,-1.4379,1.385,1.405,-0.1137,0.132
36.285,2,0.503,3.562,-1.459,1.402,1.405,-0.1021,0.139
36.335,2,0.51,3.481,-1.4844,1.429,1.464,-0.1024,0.146
36.385,2,0.515,3.416,-1.5043,1.49,1.521,-0.0882,0.152
36.435,2,0.519,3.343,-1.5221,1.526,1.575,-0.0755,0.157
36.485,2,0.521,3.272,-1.5388,1.55,1.628,-0.0636,0.159
36.535,2,0.523,3.171,-1.5583,1.624,1.679,-0.0532,0.162
36.585,3,0.523,3.11,-1.5679,1.636,1.679,-0.0483,0.164
36.635,3,0.522,3.007,-1.5844,1.68,1.729,-0.0362,0.166
36.685,3,0.52,2.944,-1.5918,1.69,1.777,-0.0324,0.165
36.735,3,0.517,2.832,-1.6044,1.773,1.824,-0.026,0.164
36.785,3,0.513,2.747,-1.6119,1.808,1.87,-0.0214,0.173
36.835,3,0.509,2.662,-1.6173,1.863,1.87,-0.0171,0.183
36.884,3,0.504,2.555,-1.6223,1.898,1.915,-0.0082,0.188
36.935,3,0.499,2.466,-1.6246,1.921,1.958,-0.0041,0.202
36.985,3,0.494,2.377,-1.6257,1.968,2.001,-0.0041,0.212
37.035,3,0.488,2.263,-1.6269,2.005,2.084,0.0,0.222
37.085,3,0.483,2.182,-1.6272,2.036,2.084,0.0,0.233
37.135,3,0.477,2.076,-1.6272,2.079,2.124,0.0,0.228
37.185,3,0.471,1.969,-1.6272,2.12,2.164,0.0,0.222
37.235,3,0.466,1.869,-1.6272,2.162,2.24,0.0055,0.218
37.285,3,0.46,1.764,-1.6266,2.203,2.278,0.0063,0.213
37.335,3,0.452,1.623,-1.6243,2.267,2.315,0.0058,0.205
37.387,3,0.448,1.547,-1.6228,2.281,2.351,0.0059,0.202
37.435,3,0.441,1.411,-1.6205,2.318,2.387,0.0051,0.194
37.485,3,0.436,1.296,-1.6185,2.356,2.422,0.0,0.19
37.535,3,0.431,1.186,-1.6173,2.405,2.456,0.0,0.187
37.585,3,0.423,1.027,-1.6173,2.448,2.524,0.0,0.182
37.635,3,0.419,0.932,-1.6173,2.494,2.558,0.0,0.176
37.685,3,0.413,0.814,-1.6173,2.538,2.59,0.0045,0.17
37.735,3,0.408,0.69,-1.6161,2.572,2.623,0.0047,0.164
37.785,3,0.4,0.524,-1.6138,2.62,2.687,0.0,0.157
37.835,3,0.395,0.402,-1.6135,2.669,2.749,0.0,0.151
37.885,3,0.39,0.278,-1.6135,2.703,2.749,0.0,0.146
37.935,3,0.384,0.141,-1.6135,2.736,2.81,0.0,0.14
37.985,3,0.378,-0.003,-1.6135,2.781,2.839,0.0,0.134
38.035,3,0.372,-0.14,-1.6135,2.816,2.824,-0.0055,0.13
38.085,3,0.366,-0.284,-1.6153,2.82,2.727,-0.0129,0.129
38.135,3,0.36,-0.415,-1.6194,2.783,2.677,-0.0179,0.129
38.185,3,0.353,-0.544,-1.6252,2.73,2.58,-0.0172,0.129
38.235,3,0.343,-0.709,-1.6337,2.642,2.541,-0.0129,0.135
38.285,3,0.335,-0.828,-1.6401,2.586,2.502,-0.0136,0.145
38.336,3,0.326,-0.947,-1.6449,2.536,2.502,-0.0086,0.165
38.385,3,0.316,-1.071,-1.6484,2.518,2.521,-0.0177,0.16
38.435,3,0.306,-1.201,-1.654,2.518,2.554,-0.0222,0.155
38.485,3,0.295,-1.325,-1.6602,2.542,2.587,-0.0172,0.148
38.535,3,0.282,-1.458,-1.6673,2.581,2.652,-0.0236,0.145
38.585,3,0.269,-1.585,-1.6738,2.618,2.715,-0.0172,0.144
38.635,3,0.256,-1.706,-1.6804,2.653,2.715,-0.0129,0.143
38.685,3,0.242,-1.829,-1.687,2.689,2.692,-0.0139,0.143
38.735,3,0.224,-1.974,-1.6921,2.7,2.691,-0.0086,0.145
38.785,3,0.208,-2.1,-1.6973,2.7,2.715,-0.0043,0.147
38.835,3,0.186,-2.272,-1.7003,2.715,2.777,-0.0043,0.152
38.885,3,0.169,-2.4,-1.7021,2.759,2.807,-0.0043,0.18
38.935,3,0.153,-2.524,-1.7036,2.795,2.837,-0.0063,0.175
38.985,3,0.135,-2.659,-1.7057,2.827,2.896,-0.0063,0.165
39.035,3,0.113,-2.815,-1.7088,2.876,2.925,-0.0048,0.142
39.085,3,0.094,-2.953,-1.7106,2.905,2.919,-0.0,0.142
39.135,3,0.075,-3.083,-1.7106,2.934,2.871,-0.0,0.142
39.185,3,0.05,-3.262,-1.7106,2.906,2.729,-0.0,0.142
39.235,3,0.032,-3.389,-1.7106,2.832,2.729,-0.0,0.145
39.285,3,0.014,-3.518,-1.7106,2.772,2.685,-0.0045,0.148
39.335,3,-0.004,-3.648,-1.7113,2.721,2.539,-0.0086,0.149
39.385,3,-0.025,-3.793,-1.7147,2.647,2.539,-0.0086,0.153
39.435,3,-0.047,-3.94,-1.718,2.578,2.431,-0.0143,0.153
39.485,3,-0.061,-4.032,-1.7202,2.539,2.376,-0.0129,0.149
39.535,3,-0.084,-4.182,-1.7267,2.426,2.319,-0.0086,0.143
39.585,3,-0.09,-4.223,-1.7282,2.411,2.267,-0.0129,0.141
39.635,3,-0.122,-4.417,-1.735,2.308,2.176,-0.0226,0.14
39.685,3,-0.14,-4.52,-1.7397,2.252,2.139,-0.0301,0.14
39.736,3,-0.156,-4.615,-1.7481,2.182,2.095,-0.0341,0.147
39.784,3,-0.176,-4.721,-1.7559,2.15,2.033,-0.038,0.146
39.835,3,-0.198,-4.834,-1.7678,2.088,1.969,-0.0502,0.127
39.885,3,-0.22,-4.936,-1.7818,2.021,1.903,-0.0669,0.121
39.935,3,-0.241,-5.029,-1.8007,1.933,1.84,-0.0829,0.112
39.985,3,-0.264,-5.119,-1.8228,1.852,1.776,-0.0822,0.107
40.035,3,-0.286,-5.199,-1.8445,1.795,1.75,-0.0979,0.103
40.085,3,-0.312,-5.284,-1.8669,1.766,1.724,-0.1104,0.103
40.136,3,-0.337,-5.361,-1.8902,1.744,1.693,-0.1175,0.104
40.185,3,-0.363,-5.435,-1.9157,1.728,1.615,-0.1173,0.106
40.235,3,-0.403,-5.536,-1.9524,1.645,1.615,-0.1169,0.102
40.285,3,-0.433,-5.608,-1.9816,1.62,1.559,-0.1163,0.097
40.335,3,-0.46,-5.667,-2.0032,1.579,1.552,-0.1159,0.096
40.385,3,-0.492,-5.731,-2.0288,1.56,1.552,-0.1317,0.102
40.435,3,-0.54,-5.822,-2.0664,1.555,1.552,-0.1394,0.109
40.485,3,-0.569,-5.873,-2.0873,1.555,1.564,-0.1662,0.11
40.535,3,-0.607,-5.935,-2.1238,1.558,1.564,-0.1394,0.111
40.585,3,-0.662,-6.017,-2.1716,1.564,1.524,-0.1531,0.105
40.635,3,-0.705,-6.077,-2.2055,1.533,1.484,-0.1668,0.105
40.685,3,-0.749,-6.133,-2.2404,1.494,1.462,-0.2106,0.112
40.735,3,-0.795,-6.188,-2.2769,1.465,1.446,-0.2267,0.117
40.785,3,-0.848,-6.245,-2.3272,1.453,1.446,-0.2219,0.119
40.835,3,-0.891,-6.287,-2.364,1.443,1.359,-0.2346,0.119
40.885,3,-0.955,-6.345,-2.4267,1.37,1.263,-0.2083,0.114
40.935,3,-0.997,-6.378,-2.4611,1.289,1.263,-0.2,0.114
40.985,3,-1.046,-6.415,-2.4969,1.263,1.242,-0.2407,0.123
41.035,3,-1.101,-6.453,-2.5485,1.239,1.222,-0.2633,0.13
41.085,3,-1.15,-6.484,-2.591,1.223,1.222,-0.2681,0.136
41.135,3,-1.204,-6.514,-2.6415,1.214,1.198,-0.2791,0.14
41.185,3,-1.256,-6.54,-2.6863,1.197,1.123,-0.3224,0.141
41.235,3,-1.31,-6.564,-2.7407,1.145,1.123,-0.3088,0.135
41.285,3,-1.357,-6.581,-2.777,1.116,1.122,-0.3301,0.132
41.335,3,-1.41,-6.598,-2.8448,1.107,1.122,-0.3533,0.12
41.385,3,-1.473,-6.614,-2.903,1.105,1.122,-0.3344,0.115
41.435,3,-1.516,-6.622,-2.9436,1.107,1.146,-0.3634,0.106
41.485,3,-1.576,-6.631,-3.0209,1.119,1.146,-0.3454,0.097
41.535,3,-1.624,-6.634,-3.0678,1.128,1.111,-0.3295,0.095
41.585,3,-1.684,-6.636,-3.1226,1.118,1.02,-0.3583,0.098
41.635,3,-1.735,-6.634,3.0978,1.046,1.02,-0.3281,0.099
41.685,3,-1.788,-6.629,3.0375,1.01,1.02,-0.3377,0.099
41.735,3,-1.833,-6.622,2.9902,1.008,1.02,-0.3261,0.099
41.785,3,-1.882,-6.612,2.9441,1.01,1.02,-0.3374,0.107
41.835,3,-1.932,-6.6,2.8863,1.008,1.02,-0.3261,0.115
41.885,3,-1.98,-6.585,2.8379,1.021,1.064,-0.3033,0.121
41.935,3,-2.024,-6.569,2.7935,1.054,1.141,-0.3501,0.124
41.985,3,-2.071,-6.55,2.7455,1.094,1.141,-0.342,0.129
42.035,3,-2.123,-6.524,2.6813,1.124,1.187,-0.3063,0.133
42.085,3,-2.185,-6.489,2.6118,1.157,1.187,-0.2892,0.142
42.135,3,-2.224,-6.464,2.578,1.178,1.197,-0.2963,0.151
42.185,3,-2.271,-6.431,2.5133,1.188,1.197,-0.2851,0.155
42.235,3,-2.328,-6.386,2.4553,1.192,1.266,-0.2872,0.165
42.285,3,-2.37,-6.347,2.402,1.248,1.331,-0.3321,0.169
42.335,3,-2.412,-6.306,2.3469,1.294,1.331,-0.3246,0.172
42.385,3,-2.452,-6.26,2.2863,1.306,1.31,-0.3231,0.176
42.435,3,-2.494,-6.207,2.2216,1.298,1.258,-0.3586,0.183
42.485,3,-2.53,-6.154,2.1532,1.267,1.258,-0.3346,0.189
42.536,3,-2.559,-6.104,2.0918,1.246,1.239,-0.3338,0.188
42.585,3,-2.586,-6.05,2.0338,1.23,1.231,-0.3223,0.188
42.635,3,-2.613,-5.989,1.9631,1.222,1.231,-0.2861,0.19
42.685,3,-2.63,-5.941,1.9202,1.227,1.139,-0.2861,0.188
42.735,3,-2.647,-5.89,1.8726,1.169,1.139,-0.278,0.174
42.785,3,-2.663,-5.828,1.8215,1.137,1.04,-0.2725,0.158
42.835,3,-2.674,-5.774,1.7661,1.054,1.04,-0.2629,0.151
42.885,3,-2.683,-5.714,1.7173,1.039,1.04,-0.2368,0.146
42.936,3,-2.688,-5.674,1.6897,1.041,1.04,-0.241,0.144
42.985,3,-2.693,-5.617,1.6465,1.042,1.04,-0.2264,0.141
43.035,3,-2.695,-5.57,1.6124,1.044,1.062,-0.1937,0.142
43.085,3,-2.696,-5.519,1.5823,1.053,1.062,-0.1675,0.144
43.135,3,-2.695,-5.461,1.5501,1.07,1.111,-0.1793,0.15
43.185,3,-2.692,-5.406,1.5234,1.107,1.111,-0.1813,0.153
43.235,3,-2.688,-5.354,1.4954,1.12,1.171,-0.1583,0.155
43.285,3,-2.683,-5.299,1.471,1.162,1.171,-0.1457,0.156
43.335,3,-2.675,-5.237,1.4436,1.181,1.241,-0.1605,0.155
43.385,3,-2.665,-5.174,1.4105,1.237,1.307,-0.135,0.166
43.435,3,-2.654,-5.116,1.3852,1.284,1.307,-0.124,0.182
43.485,3,-2.638,-5.04,1.3578,1.322,1.371,-0.113,0.199
43.535,3,-2.622,-4.973,1.333,1.377,1.431,-0.1135,0.216
43.586,3,-2.609,-4.922,1.3195,1.385,1.431,-0.102,0.225
43.636,3,-2.589,-4.849,1.2913,1.44,1.489,-0.0827,0.26
43.685,3,-2.563,-4.766,1.2701,1.489,1.545,-0.0713,0.285
43.735,3,-2.542,-4.702,1.2555,1.537,1.545,-0.0675,0.312
43.785,3,-2.514,-4.621,1.236,1.557,1.599,-0.0518,0.338
43.835,3,-2.489,-4.55,1.2246,1.601,1.651,-0.0484,0.365
43.885,3,-2.462,-4.478,1.214,1.662,1.701,-0.0372,0.392
43.936,3,-2.433,-4.4,1.2053,1.705,1.75,-0.0296,0.425
43.985,3,-2.402,-4.321,1.1973,1.724,1.798,-0.0162,0.458
44.035,3,-2.366,-4.231,1.1913,1.785,1.844,-0.0129,0.492
44.085,3,-2.335,-4.154,1.1879,1.826,1.844,-0.0081,0.525
44.135,3,-2.292,-4.049,1.1852,1.854,1.89,-0.0053,0.526
44.185,3,-2.26,-3.969,1.1838,1.895,1.934,0.0,0.509
44.235,3,-2.23,-3.895,1.1838,1.931,1.977,0.0052,0.5
44.285,3,-2.195,-3.81,1.1848,1.969,2.02,0.0097,0.482
44.336,3,-2.157,-3.715,1.1869,2.009,2.061,0.0137,0.463
44.385,3,-2.115,-3.611,1.1916,2.058,2.102,0.0125,0.434
44.435,3,-2.086,-3.537,1.1949,2.094,2.142,0.0177,0.424
44.485,3,-2.033,-3.4,1.2015,2.135,2.219,0.0211,0.393
44.535,3,-2.0,-3.315,1.2053,2.169,2.219,0.0168,0.371
44.585,3,-1.96,-3.208,1.2124,2.224,2.257,0.0222,0.348
44.635,3,-1.925,-3.113,1.2195,2.257,2.294,0.0169,0.335
44.685,3,-1.878,-2.984,1.2263,2.296,2.367,0.0183,0.297
44.735,3,-1.843,-2.884,1.2322,2.351,2.402,0.0127,0.27
44.785,3,-1.806,-2.779,1.2368,2.383,2.366,0.0171,0.242
44.835,3,-1.767,-2.666,1.2418,2.393,2.261,0.0308,0.214
44.885,3,-1.733,-2.563,1.2472,2.357,2.261,0.0256,0.199
44.935,3,-1.699,-2.459,1.2546,2.307,2.139,0.0552,0.171
44.985,3,-1.66,-2.339,1.2688,2.228,2.075,0.0677,0.146
45.035,3,-1.632,-2.244,1.2848,2.146,2.009,0.0901,0.117
45.085,3,-1.597,-2.115,1.3139,2.069,1.878,0.1207,0.086
45.135,3,-1.579,-2.037,1.3396,1.988,1.878,0.1076,0.081
45.185,3,-1.561,-1.95,1.3699,1.918,1.827,0.1193,0.073
45.235,3,-1.54,-1.833,1.4098,1.851,1.794,0.1188,0.065
45.285,3,-1.529,-1.748,1.4429,1.822,1.769,0.1312,0.068
45.335,3,-1.52,-1.666,1.474,1.786,1.743,0.1181,0.071
45.385,3,-1.514,-1.583,1.5039,1.771,1.743,0.1064,0.071
45.435,3,-1.51,-1.493,1.532,1.755,1.703,0.0973,0.07
45.485,3,-1.509,-1.406,1.5568,1.73,1.695,0.0906,0.082
45.535,3,-1.509,-1.326,1.578,1.712,1.695,0.077,0.088
45.585,3,-1.512,-1.215,1.606,1.705,1.695,0.0686,0.098
45.635,3,-1.516,-1.152,1.6178,1.705,1.694,0.0661,0.107
45.685,3,-1.52,-1.074,1.635,1.705,1.744,0.0605,0.116
45.735,3,-1.529,-0.963,1.6555,1.743,1.792,0.0526,0.127
45.785,3,-1.537,-0.882,1.6689,1.766,1.838,0.0446,0.133
45.835,3,-1.546,-0.802,1.6823,1.811,1.884,0.0366,0.148
45.885,3,-1.559,-0.698,1.6952,1.873,1.928,0.037,0.167
45.935,3,-1.57,-0.611,1.7049,1.919,1.928,0.0333,0.186
45.985,3,-1.583,-0.521,1.714,1.945,1.971,0.0297,0.195
46.035,3,-1.598,-0.422,1.7211,1.971,2.014,0.0224,0.224
46.085,3,-1.615,-0.319,1.7296,2.018,2.055,0.0165,0.244
46.135,3,-1.63,-0.224,1.7352,2.055,2.096,0.0143,0.255
46.185,3,-1.651,-0.102,1.7398,2.093,2.136,0.0083,0.287
46.235,3,-1.665,-0.021,1.7417,2.126,2.175,0.0085,0.298
46.285,3,-1.683,0.083,1.7445,2.161,2.252,0.0053,0.32
46.335,3,-1.701,0.183,1.7463,2.218,2.289,0.0,0.342
46.385,3,-1.727,0.33,1.7479,2.271,2.362,-0.0,0.376
46.435,3,-1.746,0.437,1.7479,2.315,2.397,-0.0,0.398
46.485,3,-1.765,0.543,1.7479,2.357,2.397,-0.0,0.403
46.535,3,-1.786,0.658,1.7479,2.393,2.432,-0.0,0.377
46.585,3,-1.807,0.777,1.7479,2.423,2.501,-0.0,0.352
46.635,3,-1.831,0.911,1.7479,2.478,2.534,-0.0056,0.326
46.685,3,-1.852,1.026,1.7466,2.512,2.568,-0.0043,0.294
46.735,3,-1.874,1.151,1.7448,2.545,2.6,-0.0055,0.26
46.785,3,-1.896,1.279,1.7426,2.595,2.633,-0.005,0.226
46.835,3,-1.918,1.408,1.7407,2.627,2.665,-0.0088,0.208
46.885,3,-1.94,1.534,1.7388,2.662,2.614,-0.0094,0.205
46.935,3,-1.963,1.671,1.7364,2.676,2.614,-0.0093,0.201
46.985,3,-1.988,1.825,1.7324,2.624,2.455,-0.01,0.199
47.035,3,-2.007,1.942,1.729,2.557,2.455,-0.0095,0.198
47.085,3,-2.026,2.066,1.7253,2.496,2.35,-0.015,0.196
47.135,3,-2.043,2.174,1.7207,2.41,2.307,-0.0174,0.194
47.185,3,-2.062,2.305,1.7152,2.353,2.266,-0.0189,0.19
47.235,3,-2.073,2.383,1.7113,2.315,2.225,-0.0178,0.188
47.285,3,-2.09,2.511,1.704,2.264,2.168,-0.0184,0.183
47.335,3,-2.106,2.63,1.6973,2.204,2.111,-0.0169,0.181
47.385,3,-2.118,2.733,1.6916,2.144,2.052,-0.0258,0.18
47.435,3,-2.13,2.831,1.6843,2.083,2.003,-0.0308,0.179
47.485,3,-2.141,2.941,1.675,2.028,1.957,-0.0347,0.18
47.535,3,-2.15,3.034,1.6655,1.981,1.851,-0.0472,0.18
47.585,3,-2.158,3.122,1.6551,1.915,1.781,-0.059,0.181
47.635,3,-2.166,3.239,1.6366,1.817,1.781,-0.0532,0.17
47.685,3,-2.171,3.323,1.6194,1.763,1.704,-0.0777,0.161
47.735,3,-2.173,3.402,1.6006,1.721,1.635,-0.1055,0.154
47.785,3,-2.175,3.478,1.5792,1.665,1.573,-0.1168,0.151
47.835,3,-2.173,3.565,1.556,1.603,1.514,-0.1403,0.142
47.885,3,-2.169,3.653,1.5173,1.535,1.453,-0.1777,0.138
47.935,3,-2.165,3.712,1.494,1.484,1.453,-0.1674,0.133
47.985,3,-2.154,3.801,1.4442,1.449,1.379,-0.1662,0.12
48.035,3,-2.144,3.864,1.4087,1.389,1.284,-0.1727,0.114
48.085,3,-2.134,3.918,1.3873,1.328,1.227,-0.2219,0.112
48.135,3,-2.119,3.982,1.3376,1.236,1.227,-0.1942,0.108
48.185,3,-2.103,4.042,1.3024,1.227,1.201,-0.1982,0.111
48.235,3,-2.085,4.101,1.2691,1.208,1.201,-0.1982,0.112
48.285,3,-2.066,4.154,1.2314,1.2,1.201,-0.193,0.112
48.335,3,-2.046,4.206,1.1985,1.201,1.2,-0.2162,0.11
48.386,3,-2.019,4.267,1.153,1.198,1.181,-0.2334,0.115
48.435,3,-1.994,4.319,1.1161,1.186,1.181,-0.219,0.121
48.485,3,-1.969,4.367,1.0804,1.18,1.181,-0.2158,0.123
48.535,3,-1.936,4.423,1.0352,1.18,1.18,-0.2392,0.128
48.585,3,-1.9,4.479,0.994,1.177,1.18,-0.2158,0.129
48.635,3,-1.869,4.524,0.9555,1.18,1.25,-0.2735,0.125
48.685,3,-1.833,4.571,0.913,1.217,1.25,-0.2675,0.121
48.735,3,-1.8,4.612,0.877,1.238,1.26,-0.2864,0.12
48.785,3,-1.762,4.654,0.8269,1.245,1.231,-0.2866,0.122
48.835,3,-1.714,4.701,0.7732,1.232,1.231,-0.2633,0.124
48.885,3,-1.665,4.744,0.7108,1.218,1.14,-0.2746,0.116
48.936,3,-1.627,4.774,0.6715,1.149,1.055,-0.2845,0.112
48.986,3,-1.571,4.814,0.615,1.092,1.055,-0.2643,0.106
49.035,3,-1.535,4.837,0.5775,1.054,1.055,-0.2839,0.105
49.085,3,-1.48,4.87,0.5251,1.05,1.055,-0.2589,0.108
49.134,3,-1.439,4.892,0.4849,1.052,1.055,-0.2704,0.111
49.185,3,-1.395,4.913,0.4439,1.05,0.975,-0.2475,0.112
49.235,3,-1.343,4.936,0.403,1.053,0.975,-0.2361,0.101
49.286,3,-1.301,4.952,0.3651,0.989,0.903,-0.2717,0.093
49.336,3,-1.257,4.967,0.3345,0.976,0.903,-0.2629,0.09
49.385,3,-1.232,4.976,0.3126,0.935,0.903,-0.2449,0.085
49.435,3,-1.169,4.993,0.2633,0.899,0.903,-0.2832,0.08
49.486,3,-1.129,5.003,0.2328,0.901,0.903,-0.3013,0.079
49.536,3,-1.08,5.013,0.191,0.9,0.903,-0.2928,0.086
49.585,3,-1.031,5.02,0.1454,0.9,0.993,-0.2892,0.089
49.636,3,-0.992,5.025,0.1122,0.9,0.993,-0.2779,0.092
49.686,3,-0.939,5.029,0.0671,0.982,1.075,-0.28,0.093
49.735,3,-0.902,5.03,0.0379,0.989,1.075,-0.2688,0.093
49.785,3,-0.836,5.03,-0.0197,1.061,1.075,-0.2589,0.096
49.836,3,-0.795,5.028,-0.0501,1.07,1.102,-0.2841,0.097
49.885,3,-0.739,5.023,-0.1002,1.089,1.102,-0.274,0.097
49.935,3,-0.685,5.016,-0.1433,1.098,1.102,-0.2742,0.091
49.985,3,-0.628,5.005,-0.1928,1.098,1.102,-0.26,0.088
50.036,3,-0.576,4.993,-0.2323,1.1,1.102,-0.2497,0.089
50.085,3,-0.521,4.977,-0.2803,1.101,1.154,-0.2716,0.09
50.135,3,-0.473,4.962,-0.3197,1.138,1.154,-0.2602,0.088
50.185,3,-0.414,4.94,-0.3705,1.152,1.224,-0.2539,0.084
50.235,3,-0.362,4.918,-0.4135,1.207,1.224,-0.2273,0.091
50.285,3,-0.3,4.888,-0.4633,1.224,1.229,-0.2282,0.103
50.335,3,-0.253,4.862,-0.5031,1.226,1.229,-0.2646,0.115
50.384,3,-0.196,4.828,-0.5543,1.225,1.284,-0.2398,0.125
50.435,3,-0.156,4.802,-0.5853,1.228,1.284,-0.2291,0.13
50.485,3,-0.103,4.764,-0.6342,1.271,1.284,-0.2176,0.139
50.535,3,-0.054,4.725,-0.6673,1.284,1.348,-0.241,0.147
50.586,3,0.005,4.673,-0.7265,1.335,1.41,-0.2355,0.156
50.635,3,0.049,4.631,-0.7745,1.391,1.41,-0.219,0.151
50.685,3,0.095,4.583,-0.8185,1.389,1.341,-0.2367,0.134
50.735,3,0.134,4.537,-0.8641,1.347,1.267,-0.2198,0.127
50.786,3,0.185,4.472,-0.92,1.314,1.202,-0.2352,0.109
50.836,3,0.217,4.426,-0.9595,1.275,1.202,-0.218,0.102
50.885,3,0.255,4.368,-1.0005,1.215,1.154,-0.255,0.099
50.935,3,0.283,4.322,-1.0446,1.159,1.154,-0.2415,0.093
50.986,3,0.304,4.283,-1.0756,1.154,1.154,-0.2317,0.092
51.035,3,0.336,4.218,-1.1275,1.155,1.154,-0.2178,0.102
51.085,3,0.356,4.17,-1.1639,1.157,1.192,-0.1807,0.107
51.135,3,0.377,4.118,-1.1961,1.158,1.192,-0.1692,0.11
51.185,3,0.395,4.069,-1.2257,1.187,1.261,-0.1941,0.112
51.235,3,0.417,4.0,-1.2631,1.199,1.261,-0.1852,0.114
51.285,3,0.433,3.946,-1.2933,1.251,1.326,-0.1729,0.113
51.336,3,0.451,3.875,-1.3258,1.306,1.352,-0.1609,0.109
51.385,3,0.464,3.816,-1.3577,1.34,1.352,-0.1483,0.107
51.436,3,0.477,3.75,-1.3856,1.358,1.377,-0.1135,0.117
51.486,3,0.487,3.688,-1.4113,1.372,1.405,-0.1137,0.121
51.535,3,0.495,3.631,-1.4334,1.385,1.405,-0.106,0.13
51.585,3,0.505,3.541,-1.4647,1.409,1.464,-0.1139,0.141
51.636,3,0.511,3.476,-1.4863,1.458,1.521,-0.0869,0.148
51.685,3,0.516,3.405,-1.5062,1.479,1.521,-0.0804,0.151
51.735,3,0.519,3.336,-1.5241,1.522,1.575,-0.0681,0.156
51.786,3,0.522,3.237,-1.5463,1.552,1.628,-0.0606,0.161
51.835,3,0.523,3.184,-1.5564,1.603,1.628,-0.0576,0.163
51.885,4,0.523,3.076,-1.5756,1.639,1.679,-0.0484,0.165
51.935,4,0.521,3.008,-1.5849,1.667,1.729,-0.0362,0.166
51.985,4,0.519,2.912,-1.5989,1.72,1.777,-0.0284,0.164
52.036,4,0.516,2.831,-1.6064,1.769,1.824,-0.0246,0.165
52.085,4,0.513,2.742,-1.6127,1.796,1.87,-0.0171,0.175
52.135,4,0.509,2.658,-1.6173,1.844,1.915,-0.0082,0.179
52.185,4,0.504,2.571,-1.6217,1.875,1.958,-0.0084,0.189
52.235,4,0.499,2.467,-1.624,1.937,1.958,-0.0041,0.199
52.285,4,0.492,2.345,-1.6263,1.969,2.043,-0.0,0.213
52.335,4,0.487,2.256,-1.6266,2.003,2.043,-0.0,0.223
52.385,4,0.482,2.162,-1.6266,2.048,2.084,0.0,0.232
52.435,4,0.476,2.063,-1.6266,2.084,2.164,0.0,0.229
52.486,4,0.471,1.967,-1.6266,2.134,2.202,0.0,0.223
52.536,4,0.463,1.826,-1.6266,2.196,2.24,0.0054,0.214
52.585,4,0.459,1.751,-1.6266,2.208,2.278,0.0062,0.211
52.636,4,0.451,1.602,-1.6237,2.27,2.351,0.0063,0.203
52.685,4,0.445,1.497,-1.6222,2.305,2.351,0.0062,0.198
52.736,4,0.441,1.401,-1.6208,2.341,2.387,0.0049,0.195
52.785,4,0.433,1.249,-1.6182,2.381,2.456,0.0,0.188
52.835,4,0.428,1.141,-1.6164,2.418,2.456,0.0,0.183
52.885,4,0.423,1.026,-1.6161,2.459,2.524,0.0,0.178
52.935,4,0.417,0.904,-1.6161,2.5,2.558,0.0,0.172
52.985,4,0.411,0.77,-1.6161,2.541,2.59,0.0,0.166
53.036,4,0.406,0.646,-1.6161,2.581,2.655,0.0045,0.16
53.085,4,0.4,0.524,-1.6161,2.61,2.687,0.0048,0.158
53.136,4,0.395,0.4,-1.615,2.657,2.749,0.0,0.152
53.185,4,0.389,0.271,-1.6132,2.696,2.779,0.0,0.147
53.236,4,0.383,0.123,-1.6127,2.745,2.81,0.0,0.141
53.285,4,0.378,-0.002,-1.6127,2.786,2.839,-0.0,0.136
53.335,4,0.371,-0.157,-1.6127,2.82,2.775,-0.0086,0.13
53.385,4,0.366,-0.284,-1.6141,2.818,2.727,-0.0129,0.13
53.435,4,0.359,-0.437,-1.6182,2.779,2.629,-0.0172,0.129
53.485,4,0.349,-0.607,-1.6267,2.687,2.58,-0.0172,0.132
53.535,4,0.342,-0.726,-1.6334,2.624,2.541,-0.0183,0.137
53.585,4,0.334,-0.845,-1.6396,2.582,2.502,-0.0138,0.15
53.635,4,0.325,-0.966,-1.644,2.535,2.502,-0.0129,0.162
53.685,4,0.316,-1.085,-1.6484,2.518,2.521,-0.0189,0.163
53.735,4,0.307,-1.195,-1.6537,2.519,2.554,-0.0172,0.158
53.785,4,0.292,-1.359,-1.6637,2.548,2.62,-0.0231,0.147
53.835,4,0.281,-1.478,-1.6715,2.596,2.652,-0.0172,0.144
53.885,4,0.267,-1.605,-1.6783,2.628,2.683,-0.0181,0.143
53.935,4,0.254,-1.722,-1.6846,2.664,2.692,-0.014,0.142
53.986,4,0.234,-1.89,-1.6918,2.697,2.691,-0.0096,0.144
54.035,4,0.219,-2.011,-1.6961,2.699,2.715,-0.0043,0.146
54.085,4,0.202,-2.139,-1.6994,2.7,2.715,-0.0043,0.147
54.135,4,0.185,-2.274,-1.7012,2.716,2.777,-0.0061,0.157
54.185,4,0.167,-2.407,-1.703,2.738,2.807,-0.0052,0.17
54.235,4,0.15,-2.536,-1.7051,2.783,2.867,-0.0,0.179
54.285,4,0.129,-2.687,-1.7072,2.828,2.896,-0.0,0.15
54.334,4,0.11,-2.823,-1.7072,2.866,2.954,-0.0,0.141
54.385,4,0.086,-3.002,-1.7072,2.927,2.919,-0.0046,0.141
54.436,4,0.07,-3.118,-1.7081,2.931,2.824,-0.0053,0.141
54.485,4,0.051,-3.254,-1.71,2.925,2.824,-0.0053,0.141
54.536,4,0.026,-3.425,-1.7131,2.861,2.685,-0.0,0.145
54.585,4,0.008,-3.552,-1.7137,2.782,2.64,-0.0,0.147
54.634,4,-0.014,-3.705,-1.7137,2.689,2.591,-0.0058,0.15
54.685,4,-0.03,-3.818,-1.7156,2.631,2.486,-0.0086,0.152
54.736,4,-0.049,-3.943,-1.7187,2.577,2.376,-0.0141,0.148
54.785,4,-0.067,-4.06,-1.7226,2.509,2.376,-0.0086,0.146
54.835,4,-0.089,-4.205,-1.727,2.42,2.319,-0.0106,0.141
54.885,4,-0.104,-4.299,-1.7295,2.367,2.214,-0.0128,0.14
54.935,4,-0.121,-4.403,-1.7332,2.286,2.176,-0.0212,0.139
54.985,4,-0.145,-4.542,-1.7403,2.217,2.095,-0.0295,0.138
55.035,4,-0.162,-4.639,-1.7484,2.17,2.095,-0.0295,0.148
55.085,4,-0.181,-4.739,-1.7574,2.116,1.969,-0.0501,0.142
55.136,4,-0.202,-4.846,-1.7707,2.055,1.903,-0.0623,0.123
55.186,4,-0.219,-4.927,-1.7808,2.012,1.903,-0.0631,0.118
55.235,4,-0.246,-5.043,-1.8026,1.931,1.84,-0.0791,0.11
55.285,4,-0.264,-5.116,-1.8159,1.887,1.776,-0.0822,0.108
55.335,4,-0.286,-5.196,-1.8392,1.812,1.75,-0.0987,0.104
55.386,4,-0.32,-5.31,-1.8709,1.77,1.693,-0.1177,0.103
55.435,4,-0.342,-5.378,-1.8912,1.742,1.693,-0.1175,0.105
55.485,4,-0.369,-5.454,-1.9185,1.71,1.615,-0.1172,0.106
55.536,4,-0.398,-5.527,-1.9453,1.66,1.559,-0.1289,0.102
55.585,4,-0.432,-5.609,-1.9744,1.621,1.559,-0.1163,0.099
55.635,4,-0.463,-5.676,-2.0044,1.571,1.552,-0.1158,0.098
55.685,4,-0.501,-5.753,-2.0372,1.558,1.552,-0.1156,0.107
55.735,4,-0.539,-5.822,-2.0661,1.555,1.552,-0.1515,0.111
55.786,4,-0.578,-5.891,-2.099,1.554,1.564,-0.169,0.113
55.835,4,-0.618,-5.956,-2.1303,1.556,1.564,-0.1546,0.111
55.885,4,-0.662,-6.022,-2.1697,1.558,1.524,-0.1514,0.107
55.936,4,-0.706,-6.081,-2.2041,1.533,1.484,-0.1632,0.109
55.985,4,-0.752,-6.141,-2.2376,1.498,1.462,-0.1982,0.116
56.036,4,-0.799,-6.197,-2.2768,1.47,1.446,-0.2337,0.121
56.085,4,-0.857,-6.26,-2.3299,1.448,1.446,-0.227,0.122
56.135,4,-0.896,-6.298,-2.3592,1.442,1.359,-0.2469,0.123
56.186,4,-0.943,-6.341,-2.4114,1.383,1.263,-0.2231,0.118
56.236,4,-1.008,-6.394,-2.4716,1.277,1.242,-0.2526,0.12
56.285,4,-1.05,-6.425,-2.5014,1.263,1.242,-0.2523,0.125
56.335,4,-1.097,-6.458,-2.5397,1.24,1.222,-0.2751,0.133
56.385,4,-1.157,-6.495,-2.5956,1.225,1.198,-0.2862,0.142
56.435,4,-1.203,-6.521,-2.6356,1.215,1.198,-0.2862,0.144
56.485,4,-1.257,-6.547,-2.6888,1.203,1.123,-0.3091,0.147
56.535,4,-1.311,-6.57,-2.7425,1.137,1.123,-0.3088,0.142
56.586,4,-1.372,-6.592,-2.8084,1.108,1.122,-0.306,0.133
56.635,4,-1.423,-6.607,-2.8619,1.109,1.122,-0.3405,0.123
56.686,4,-1.462,-6.617,-2.9006,1.106,1.122,-0.3317,0.118
56.736,4,-1.533,-6.63,-2.9698,1.108,1.146,-0.3519,0.11
56.785,4,-1.585,-6.636,-3.0317,1.12,1.146,-0.3405,0.101
56.835,4,-1.631,-6.64,-3.0752,1.13,1.111,-0.3296,0.099
56.885,4,-1.679,-6.64,-3.1284,1.107,1.02,-0.3567,0.1
56.935,4,-1.738,-6.638,3.0986,1.038,1.02,-0.3278,0.103
56.985,4,-1.783,-6.634,3.0433,1.01,1.02,-0.3375,0.103
57.035,4,-1.835,-6.626,2.9895,1.008,1.02,-0.3379,0.102
57.085,4,-1.896,-6.613,2.9208,1.008,1.02,-0.3374,0.106
57.135,4,-1.935,-6.603,2.8835,1.009,1.02,-0.3279,0.118
57.185,4,-1.983,-6.588,2.8283,1.028,1.064,-0.3034,0.124
57.235,4,-2.032,-6.57,2.7831,1.055,1.064,-0.2969,0.13
57.285,4,-2.082,-6.548,2.7299,1.068,1.141,-0.339,0.135
57.335,4,-2.138,-6.521,2.6651,1.122,1.187,-0.3196,0.137
57.385,4,-2.183,-6.495,2.614,1.158,1.187,-0.2967,0.146
57.435,4,-2.224,-6.469,2.5766,1.177,1.197,-0.2964,0.15
57.485,4,-2.283,-6.427,2.5102,1.188,1.197,-0.2888,0.162
57.535,4,-2.321,-6.396,2.4674,1.192,1.266,-0.2884,0.168
57.585,4,-2.371,-6.352,2.4021,1.247,1.331,-0.3324,0.173
57.635,4,-2.418,-6.305,2.3385,1.298,1.331,-0.3105,0.176
57.685,4,-2.457,-6.261,2.2811,1.307,1.31,-0.313,0.179
57.735,4,-2.502,-6.202,2.2064,1.299,1.258,-0.3581,0.183
57.785,4,-2.536,-6.152,2.1466,1.263,1.258,-0.3346,0.193
57.835,4,-2.564,-6.103,2.0879,1.245,1.239,-0.3338,0.192
57.885,4,-2.59,-6.052,2.0318,1.233,1.239,-0.298,0.192
57.935,4,-2.618,-5.988,1.9692,1.232,1.139,-0.3095,0.194
57.986,4,-2.632,-5.951,1.9336,1.225,1.139,-0.31,0.194
58.036,4,-2.65,-5.894,1.8756,1.141,1.139,-0.2728,0.179
58.085,4,-2.667,-5.826,1.8062,1.12,1.04,-0.2723,0.162
58.135,4,-2.677,-5.778,1.7651,1.048,1.04,-0.2483,0.155
58.186,4,-2.685,-5.73,1.7256,1.04,1.04,-0.2473,0.149
58.235,4,-2.691,-5.679,1.69,1.042,1.04,-0.2388,0.146
58.286,4,-2.696,-5.621,1.6441,1.043,1.04,-0.218,0.144
58.335,4,-2.698,-5.577,1.6167,1.044,1.062,-0.1789,0.144
58.386,4,-2.698,-5.53,1.5865,1.056,1.062,-0.1675,0.146
58.435,4,-2.697,-5.462,1.5495,1.071,1.111,-0.1919,0.153
58.485,4,-2.695,-5.411,1.5237,1.093,1.111,-0.183,0.156
58.535,4,-2.692,-5.365,1.5003,1.116,1.171,-0.1619,0.157
58.585,4,-2.685,-5.293,1.4648,1.17,1.171,-0.1459,0.159
58.636,4,-2.679,-5.248,1.4473,1.18,1.241,-0.1636,0.158
58.685,4,-2.671,-5.194,1.4208,1.214,1.307,-0.1351,0.158
58.735,4,-2.658,-5.122,1.3927,1.289,1.371,-0.1258,0.182
58.786,4,-2.645,-5.059,1.3619,1.337,1.371,-0.1131,0.191
58.836,4,-2.627,-4.98,1.3342,1.38,1.431,-0.1059,0.217
58.888,4,-2.618,-4.947,1.3228,1.384,1.431,-0.1026,0.226
58.936,4,-2.592,-4.853,1.292,1.44,1.489,-0.0913,0.26
58.985,4,-2.57,-4.781,1.2729,1.471,1.545,-0.0834,0.272
59.035,4,-2.549,-4.714,1.2585,1.501,1.545,-0.0713,0.298
59.086,4,-2.526,-4.648,1.2402,1.551,1.599,-0.0517,0.324
59.135,4,-2.496,-4.564,1.2265,1.595,1.651,-0.0479,0.364
59.185,4,-2.47,-4.494,1.2141,1.627,1.701,-0.032,0.378
59.234,4,-2.436,-4.405,1.2043,1.689,1.75,-0.0242,0.423
59.285,4,-2.408,-4.333,1.1963,1.713,1.75,-0.0246,0.439
59.336,4,-2.369,-4.238,1.1884,1.756,1.844,-0.0094,0.488
59.385,4,-2.335,-4.153,1.184,1.8,1.89,-0.0,0.521
59.436,4,-2.312,-4.097,1.1826,1.834,1.89,-0.0,0.538
59.485,4,-2.276,-4.009,1.1811,1.873,1.934,0.0,0.521
59.535,4,-2.23,-3.897,1.1811,1.931,1.977,0.0041,0.496
59.585,4,-2.191,-3.803,1.1816,1.966,2.061,0.0178,0.478
59.635,4,-2.157,-3.72,1.185,2.017,2.061,0.0124,0.458
59.685,4,-2.121,-3.63,1.1896,2.054,2.102,0.0166,0.449
59.735,4,-2.076,-3.516,1.1947,2.097,2.142,0.0209,0.429
59.785,4,-2.045,-3.437,1.1995,2.121,2.181,0.021,0.408
59.835,4,-1.998,-3.314,1.2066,2.172,2.219,0.0218,0.387
59.885,4,-1.962,-3.219,1.2136,2.214,2.257,0.022,0.352
59.935,4,-1.931,-3.132,1.2188,2.244,2.294,0.0181,0.339
59.986,4,-1.889,-3.017,1.2261,2.291,2.331,0.0127,0.301
60.035,4,-1.851,-2.909,1.231,2.327,2.402,0.0127,0.288
60.085,4,-1.808,-2.787,1.2361,2.382,2.366,0.0178,0.247
60.135,4,-1.773,-2.685,1.2413,2.384,2.316,0.0223,0.233
60.185,4,-1.728,-2.553,1.2474,2.364,2.261,0.0308,0.19
60.235,4,-1.696,-2.454,1.2581,2.299,2.202,0.0403,0.163
60.285,4,-1.66,-2.338,1.271,2.241,2.075,0.0693,0.136
60.335,4,-1.635,-2.255,1.2868,2.149,2.009,0.0839,0.121
60.385,4,-1.609,-2.16,1.3087,2.072,1.941,0.1043,0.09
60.435,4,-1.579,-2.034,1.3455,1.976,1.878,0.1119,0.08
60.485,4,-1.561,-1.947,1.3772,1.926,1.827,0.1196,0.068
60.535,4,-1.547,-1.865,1.4027,1.866,1.794,0.1188,0.065
60.585,4,-1.533,-1.764,1.4413,1.814,1.769,0.1183,0.064
60.634,4,-1.524,-1.681,1.4713,1.786,1.743,0.1056,0.068
60.685,4,-1.518,-1.592,1.5009,1.778,1.743,0.0975,0.069
60.736,4,-1.513,-1.506,1.5256,1.758,1.703,0.0946,0.068
60.785,4,-1.511,-1.409,1.5551,1.734,1.695,0.0809,0.078
60.835,4,-1.511,-1.323,1.5769,1.717,1.695,0.0768,0.09
60.885,4,-1.513,-1.246,1.5956,1.708,1.695,0.0771,0.1
60.936,4,-1.516,-1.161,1.6135,1.705,1.694,0.0658,0.109
60.985,4,-1.522,-1.069,1.6344,1.705,1.744,0.0659,0.118
61.035,4,-1.528,-0.989,1.6493,1.738,1.792,0.0565,0.125
61.085,4,-1.533,-0.928,1.6594,1.752,1.792,0.0486,0.128
61.135,4,-1.545,-0.814,1.6775,1.797,1.838,0.0447,0.145
61.185,4,-1.557,-0.716,1.6919,1.839,1.928,0.0327,0.164
61.235,4,-1.567,-0.638,1.7,1.877,1.971,0.0347,0.173
61.285,4,-1.579,-0.549,1.7085,1.913,1.971,0.0287,0.192
61.336,4,-1.597,-0.429,1.7207,1.971,2.055,0.0224,0.22
61.385,4,-1.612,-0.33,1.7281,2.01,2.096,0.0167,0.241
61.435,4,-1.629,-0.227,1.7333,2.052,2.096,0.0125,0.262
61.485,4,-1.645,-0.13,1.7377,2.095,2.136,0.0134,0.284
61.535,4,-1.662,-0.034,1.7417,2.134,2.175,0.0084,0.306
61.585,4,-1.669,0.006,1.7429,2.138,2.214,0.0042,0.306
61.635,4,-1.699,0.176,1.7463,2.199,2.289,0.0,0.339
61.686,4,-1.721,0.297,1.7479,2.248,2.326,0.0,0.372
61.735,4,-1.741,0.413,1.7479,2.306,2.362,0.0,0.395
61.786,4,-1.76,0.516,1.7479,2.34,2.397,-0.0,0.404
61.835,4,-1.784,0.649,1.7479,2.388,2.432,-0.0,0.382
61.885,4,-1.801,0.746,1.7479,2.409,2.467,-0.0,0.369
61.935,4,-1.828,0.896,1.7479,2.459,2.534,-0.0048,0.331
61.985,4,-1.847,1.006,1.7476,2.499,2.568,-0.0061,0.3
62.035,4,-1.866,1.111,1.7463,2.535,2.6,-0.006,0.283
62.085,4,-1.894,1.27,1.7435,2.584,2.633,-0.0048,0.25
62.135,4,-1.914,1.389,1.7413,2.622,2.696,-0.0043,0.209
62.185,4,-1.934,1.501,1.7398,2.657,2.665,-0.0043,0.207
62.235,4,-1.959,1.649,1.7379,2.675,2.614,-0.0094,0.202
62.286,4,-1.98,1.775,1.7355,2.655,2.562,-0.0103,0.2
62.336,4,-2.0,1.901,1.7318,2.601,2.455,-0.0086,0.198
62.385,4,-2.022,2.035,1.7275,2.52,2.403,-0.0086,0.197
62.435,4,-2.039,2.149,1.7235,2.446,2.35,-0.0149,0.195
62.485,4,-2.059,2.279,1.718,2.372,2.266,-0.022,0.192
62.534,4,-2.072,2.371,1.7128,2.317,2.225,-0.0183,0.19
62.585,4,-2.087,2.477,1.7061,2.271,2.168,-0.0169,0.185
62.635,4,-2.103,2.601,1.7003,2.218,2.111,-0.0169,0.183
62.685,4,-2.115,2.7,1.6946,2.16,2.052,-0.0266,0.181
62.735,4,-2.127,2.798,1.6876,2.097,2.003,-0.0292,0.18
62.785,4,-2.141,2.931,1.6754,2.022,1.957,-0.0333,0.18
62.835,4,-2.151,3.028,1.6655,1.979,1.91,-0.0331,0.182
62.885,4,-2.159,3.123,1.6557,1.936,1.851,-0.0412,0.181
62.936,4,-2.165,3.202,1.6472,1.886,1.781,-0.0533,0.178
62.985,4,-2.173,3.317,1.6307,1.816,1.635,-0.1184,0.171
63.035,4,-2.176,3.388,1.6133,1.736,1.635,-0.1142,0.16
63.085,4,-2.178,3.473,1.5837,1.637,1.573,-0.1302,0.152
63.137,4,-2.177,3.535,1.5664,1.596,1.514,-0.1569,0.149
63.186,4,-2.174,3.632,1.5303,1.569,1.453,-0.1814,0.142
63.235,4,-2.168,3.702,1.4946,1.523,1.453,-0.1663,0.137
63.285,4,-2.161,3.771,1.4626,1.474,1.379,-0.1623,0.128
63.335,4,-2.15,3.848,1.4206,1.395,1.284,-0.1851,0.119
63.385,4,-2.139,3.911,1.3886,1.334,1.284,-0.1882,0.116
63.435,4,-2.125,3.977,1.3522,1.289,1.227,-0.2064,0.113
63.485,4,-2.108,4.042,1.3079,1.235,1.201,-0.2056,0.115
63.536,4,-2.094,4.09,1.2793,1.207,1.201,-0.2164,0.116
63.586,4,-2.07,4.16,1.2346,1.198,1.2,-0.2395,0.118
63.635,4,-2.06,4.187,1.2121,1.2,1.2,-0.2302,0.116
63.686,4,-2.029,4.26,1.1597,1.197,1.181,-0.2393,0.116
63.735,4,-2.004,4.314,1.126,1.184,1.181,-0.2287,0.123
63.785,4,-1.979,4.361,1.0839,1.179,1.181,-0.2287,0.128
63.835,4,-1.941,4.426,1.0343,1.179,1.18,-0.2399,0.132
63.886,4,-1.909,4.475,0.9929,1.178,1.18,-0.2158,0.134
63.935,4,-1.876,4.522,0.9535,1.18,1.25,-0.2745,0.129
63.986,4,-1.843,4.566,0.917,1.206,1.26,-0.2973,0.126
64.035,4,-1.805,4.612,0.8693,1.24,1.26,-0.2863,0.124
64.085,4,-1.772,4.649,0.8372,1.244,1.231,-0.3027,0.125
64.135,4,-1.725,4.695,0.7679,1.227,1.231,-0.2753,0.127
64.185,4,-1.669,4.744,0.7038,1.226,1.14,-0.2745,0.122
64.235,4,-1.632,4.773,0.6666,1.16,1.14,-0.2503,0.115
64.285,4,-1.583,4.808,0.6192,1.138,1.055,-0.2726,0.108
64.335,4,-1.538,4.837,0.5719,1.063,1.055,-0.2835,0.107
64.385,4,-1.49,4.866,0.5233,1.05,1.055,-0.2589,0.11
64.435,4,-1.446,4.889,0.4836,1.053,1.055,-0.2837,0.112
64.485,4,-1.404,4.91,0.4468,1.051,1.055,-0.2728,0.112
64.535,4,-1.349,4.934,0.3975,1.051,0.975,-0.2475,0.101
64.585,4,-1.307,4.95,0.3623,1.013,0.903,-0.2581,0.093
64.635,4,-1.262,4.965,0.3331,0.979,0.903,-0.2604,0.09
64.686,4,-1.216,4.98,0.2938,0.913,0.903,-0.2452,0.082
64.735,4,-1.174,4.991,0.2641,0.903,0.903,-0.2668,0.081
64.785,4,-1.128,5.002,0.2234,0.901,0.903,-0.2554,0.079
64.836,4,-1.079,5.012,0.1888,0.903,0.903,-0.278,0.084
64.885,4,-1.038,5.018,0.1488,0.899,0.903,-0.2666,0.088
64.935,4,-0.995,5.023,0.1142,0.902,0.993,-0.278,0.09
64.985,4,-0.951,5.027,0.0799,0.968,0.993,-0.2683,0.091
65.036,4,-0.892,5.029,0.0311,0.99,1.075,-0.2688,0.092
65.085,4,-0.852,5.029,-0.0027,1.022,1.075,-0.2576,0.093
65.136,4,-0.789,5.026,-0.0521,1.072,1.102,-0.2878,0.096
65.185,4,-0.742,5.022,-0.0944,1.084,1.102,-0.2709,0.096
65.235,4,-0.683,5.014,-0.1401,1.099,1.102,-0.26,0.091
65.285,4,-0.634,5.005,-0.1836,1.1,1.102,-0.2601,0.088
65.335,4,-0.582,4.994,-0.2242,1.1,1.102,-0.2486,0.088
65.385,4,-0.529,4.98,-0.2686,1.101,1.154,-0.283,0.089
65.435,4,-0.48,4.964,-0.3096,1.124,1.154,-0.273,0.089
65.485,4,-0.42,4.942,-0.3638,1.151,1.224,-0.2382,0.084
65.534,4,-0.367,4.92,-0.4072,1.21,1.229,-0.2511,0.089
65.586,4,-0.316,4.896,-0.4481,1.226,1.229,-0.2397,0.102
65.635,4,-0.266,4.87,-0.4859,1.228,1.229,-0.2515,0.108
65.686,4,-0.233,4.851,-0.5145,1.229,1.229,-0.2558,0.12
65.735,4,-0.164,4.808,-0.5755,1.227,1.284,-0.2404,0.13
65.786,4,-0.108,4.768,-0.6289,1.252,1.284,-0.2208,0.143
65.835,4,-0.061,4.731,-0.6637,1.281,1.348,-0.2409,0.146
65.885,4,-0.013,4.69,-0.7133,1.336,1.41,-0.2468,0.153
65.935,4,0.048,4.632,-0.7795,1.397,1.341,-0.2434,0.151
65.985,4,0.094,4.583,-0.8254,1.403,1.341,-0.2476,0.134
66.035,4,0.134,4.536,-0.8729,1.349,1.267,-0.2196,0.119
66.086,4,0.172,4.487,-0.9131,1.329,1.202,-0.2354,0.113
66.135,4,0.217,4.425,-0.9645,1.217,1.202,-0.2187,0.1
66.185,4,0.242,4.385,-0.9991,1.205,1.154,-0.2426,0.096
66.236,4,0.278,4.325,-1.0478,1.162,1.154,-0.2156,0.09
66.286,4,0.303,4.277,-1.088,1.158,1.154,-0.2295,0.092
66.335,4,0.326,4.229,-1.1253,1.156,1.154,-0.2283,0.098
66.385,4,0.345,4.185,-1.1538,1.156,1.154,-0.1922,0.1
66.435,4,0.37,4.124,-1.1905,1.159,1.192,-0.1863,0.106
66.485,4,0.39,4.068,-1.2316,1.181,1.192,-0.1696,0.108
66.535,4,0.408,4.013,-1.2592,1.197,1.261,-0.1832,0.109
66.586,4,0.426,3.951,-1.2928,1.252,1.326,-0.1474,0.107
66.635,4,0.442,3.888,-1.3286,1.269,1.326,-0.1475,0.103
66.685,4,0.456,3.826,-1.3552,1.326,1.352,-0.1401,0.101
66.735,4,0.469,3.757,-1.3872,1.359,1.377,-0.1288,0.11
66.786,4,0.48,3.694,-1.4123,1.375,1.377,-0.1136,0.119
66.835,4,0.49,3.621,-1.4353,1.387,1.405,-0.1112,0.123
66.886,4,0.498,3.546,-1.4628,1.411,1.464,-0.0984,0.135
66.935,4,0.504,3.479,-1.4855,1.46,1.521,-0.083,0.141
66.985,4,0.509,3.407,-1.5059,1.496,1.521,-0.0791,0.147
67.035,4,0.513,3.334,-1.523,1.527,1.575,-0.0675,0.151
67.085,4,0.516,3.254,-1.5388,1.547,1.628,-0.0644,0.155
67.135,4,0.517,3.173,-1.5547,1.583,1.679,-0.0491,0.158
67.186,5,0.517,3.104,-1.5657,1.619,1.729,-0.0456,0.159
67.256,5,0.517,3.024,-1.5772,1.67,1.729,-0.0406,0.161
67.315,5,0.517,3.024,-1.5772,1.67,1.729,-0.0406,0.161
67.345,5,0.517,3.024,-1.5772,1.67,1.729,-0.0362,0.161
67.385,5,0.517,2.995,-1.5809,1.68,1.777,-0.0322,0.161
67.436,5,0.51,2.77,-1.5849,1.688,1.87,-0.0372,0.165
67.49,5,0.503,2.626,-1.6235,1.783,1.915,-0.0081,0.179
67.536,5,0.498,2.557,-1.6296,1.834,1.958,0.0,0.188
67.586,5,0.489,2.422,-1.638,1.916,2.001,0.0082,0.2
67.636,5,0.484,2.348,-1.6395,1.934,2.001,0.0132,0.205
67.687,5,0.475,2.219,-1.6395,1.979,2.084,0.0179,0.218
67.735,5,0.467,2.096,-1.6345,2.015,2.124,0.0166,0.22
67.786,5,0.464,2.032,-1.6316,2.044,2.164,0.0166,0.213
67.835,5,0.46,1.969,-1.6281,2.081,2.202,0.0144,0.211
67.887,5,0.452,1.807,-1.6208,2.143,2.24,0.0131,0.206
67.936,5,0.448,1.728,-1.617,2.169,2.278,0.0093,0.205
67.99,5,0.444,1.627,-1.6138,2.201,2.315,0.0,0.202
68.035,5,0.441,1.546,-1.6095,2.221,2.351,-0.0,0.199
68.086,5,0.434,1.358,-1.6063,2.293,2.387,-0.0,0.194
68.139,5,0.434,1.358,-1.6063,2.293,2.422,-0.0,0.194
68.19,5,0.431,1.257,-1.6063,2.323,2.456,-0.0045,0.19
68.236,5,0.424,1.065,-1.6063,2.355,2.456,-0.0045,0.183
68.289,5,0.419,0.93,-1.6063,2.391,2.558,-0.0063,0.179
68.339,5,0.416,0.837,-1.6066,2.438,2.59,-0.0062,0.174
68.402,5,0.411,0.712,-1.6078,2.471,2.59,-0.0062,0.168
68.437,5,0.405,0.563,-1.6098,2.53,2.655,-0.0057,0.162
68.486,5,0.4,0.439,-1.6127,2.575,2.718,-0.0,0.156
68.537,5,0.395,0.338,-1.6147,2.603,2.749,0.0,0.153
68.586,5,0.384,0.091,-1.6164,2.679,2.81,0.0,0.14
68.639,5,0.379,-0.01,-1.6164,2.722,2.839,0.0,0.137
68.686,5,0.371,-0.195,-1.6164,2.799,2.775,-0.0095,0.13
68.736,5,0.367,-0.285,-1.6164,2.829,2.727,-0.0134,0.13
68.786,5,0.358,-0.471,-1.6191,2.816,2.677,-0.0172,0.13
68.843,5,0.352,-0.582,-1.622,2.801,2.629,-0.0172,0.132
68.887,5,0.346,-0.678,-1.6264,2.76,2.541,-0.0216,0.135
68.937,5,0.34,-0.782,-1.6313,2.716,2.502,-0.0172,0.14
68.986,5,0.324,-1.005,-1.6416,2.649,2.502,-0.0218,0.166
69.037,5,0.315,-1.11,-1.6493,2.576,2.521,-0.0216,0.16
69.085,5,0.305,-1.228,-1.6549,2.533,2.554,-0.0216,0.152
69.135,5,0.291,-1.368,-1.6626,2.515,2.62,-0.0172,0.145
69.199,5,0.279,-1.485,-1.6715,2.528,2.62,-0.0172,0.142
69.236,5,0.269,-1.579,-1.679,2.555,2.715,-0.014,0.141
69.286,5,0.258,-1.675,-1.6852,2.586,2.692,-0.0101,0.14
69.342,5,0.232,-1.876,-1.6961,2.674,2.692,-0.0043,0.141
69.407,5,0.222,-1.954,-1.6997,2.707,2.691,0.0,0.141
69.437,5,0.205,-2.08,-1.7021,2.71,2.691,0.0,0.142
69.486,5,0.181,-2.26,-1.7055,2.709,2.746,0.0,0.142
69.539,5,0.166,-2.368,-1.7073,2.706,2.837,0.0053,0.165
69.586,5,0.14,-2.554,-1.7073,2.731,2.837,0.0058,0.163
69.637,5,0.126,-2.659,-1.7073,2.748,2.867,0.0052,0.153
69.691,5,0.108,-2.788,-1.7057,2.807,2.954,0.0,0.136
69.736,5,0.094,-2.898,-1.7039,2.842,2.919,-0.0,0.136
69.787,5,0.064,-3.127,-1.7023,2.919,2.871,-0.0051,0.136
69.841,5,0.05,-3.229,-1.7023,2.949,2.824,-0.0063,0.136
69.888,5,0.035,-3.343,-1.7024,2.956,2.729,-0.0043,0.14
69.937,5,0.02,-3.455,-1.7042,2.917,2.64,-0.0092,0.142
70.008,5,-0.013,-3.693,-1.7085,2.836,2.591,-0.0086,0.149
70.035,5,-0.013,-3.693,-1.7085,2.836,2.539,-0.0137,0.149
70.088,5,-0.05,-3.95,-1.7119,2.734,2.486,-0.0129,0.152
70.135,5,-0.076,-4.129,-1.7177,2.628,2.376,-0.0193,0.148
70.199,5,-0.089,-4.212,-1.7214,2.575,2.319,-0.0184,0.143
70.25,5,-0.103,-4.305,-1.7248,2.521,2.267,-0.0181,0.142
70.286,5,-0.122,-4.42,-1.7301,2.427,2.214,-0.0172,0.141
70.337,5,-0.144,-4.545,-1.7363,2.341,2.176,-0.0261,0.14
70.387,5,-0.144,-4.545,-1.7363,2.341,2.095,-0.0389,0.14
70.437,5,-0.167,-4.674,-1.7431,2.278,2.033,-0.0484,0.154
70.493,5,-0.194,-4.818,-1.7506,2.247,1.969,-0.0633,0.139
70.541,5,-0.219,-4.943,-1.7618,2.179,1.969,-0.0633,0.123
70.586,5,-0.24,-5.044,-1.777,2.093,1.776,-0.1084,0.119
70.636,5,-0.263,-5.139,-1.7923,2.027,1.75,-0.1387,0.115
70.685,5,-0.286,-5.229,-1.8107,1.974,1.724,-0.1445,0.114
70.735,5,-0.304,-5.297,-1.828,1.951,1.724,-0.1465,0.113
70.786,5,-0.331,-5.384,-1.8499,1.82,1.693,-0.1572,0.118
70.836,5,-0.383,-5.526,-1.9256,1.703,1.615,-0.1537,0.115
70.887,5,-0.41,-5.592,-1.9531,1.704,1.559,-0.1533,0.113
70.935,5,-0.457,-5.69,-2.015,1.625,1.552,-0.1429,0.111
70.986,5,-0.479,-5.732,-2.0361,1.577,1.552,-0.1448,0.113
71.036,5,-0.505,-5.781,-2.0573,1.554,1.552,-0.1394,0.117
71.098,5,-0.565,-5.88,-2.1095,1.546,1.552,-0.1273,0.117
71.146,5,-0.591,-5.921,-2.1328,1.548,1.564,-0.1274,0.113
71.19,5,-0.63,-5.978,-2.1533,1.55,1.564,-0.1274,0.108
71.243,5,-0.711,-6.087,-2.2108,1.562,1.484,-0.1676,0.106
71.289,5,-0.741,-6.125,-2.2348,1.565,1.484,-0.1553,0.11
71.336,5,-0.808,-6.203,-2.2763,1.531,1.446,-0.2403,0.117
71.386,5,-0.844,-6.242,-2.302,1.493,1.446,-0.2226,0.119
71.436,5,-0.878,-6.277,-2.3267,1.475,1.359,-0.2575,0.12
71.486,5,-0.912,-6.31,-2.3582,1.438,1.263,-0.2325,0.118
71.54,5,-1.011,-6.394,-2.4393,1.412,1.263,-0.2383,0.119
71.587,5,-1.042,-6.418,-2.4821,1.339,1.242,-0.266,0.124
71.636,5,-1.084,-6.447,-2.5091,1.274,1.222,-0.2875,0.132
71.686,5,-1.133,-6.478,-2.5453,1.238,1.198,-0.3098,0.138
71.739,5,-1.21,-6.521,-2.6359,1.217,1.198,-0.298,0.143
71.786,5,-1.243,-6.537,-2.6672,1.207,1.123,-0.323,0.144
71.838,5,-1.292,-6.559,-2.6999,1.196,1.123,-0.3085,0.138
71.886,5,-1.346,-6.579,-2.7492,1.183,1.122,-0.3455,0.131
71.945,5,-1.436,-6.606,-2.8526,1.106,1.122,-0.3704,0.117
71.986,5,-1.466,-6.614,-2.8895,1.097,1.146,-0.3746,0.113
72.036,5,-1.536,-6.626,-2.9569,1.095,1.146,-0.3629,0.101
72.089,5,-1.574,-6.63,-3.0015,1.096,1.146,-0.3515,0.098
72.155,5,-1.643,-6.634,-3.0852,1.118,1.111,-0.3424,0.093
72.19,5,-1.681,-6.634,-3.1236,1.125,1.111,-0.3177,0.094
72.236,5,-1.722,-6.632,3.1186,1.126,1.02,-0.3295,0.096
72.297,5,-1.775,-6.626,3.0748,1.098,1.02,-0.3516,0.095
72.336,5,-1.829,-6.618,3.0189,1.093,1.02,-0.363,0.093
72.388,5,-1.88,-6.607,2.9654,1.066,1.02,-0.3522,0.101
72.436,5,-1.958,-6.585,2.8681,0.99,1.064,-0.3145,0.111
72.485,5,-1.991,-6.573,2.8234,0.992,1.064,-0.3027,0.114
72.536,5,-2.047,-6.55,2.753,1.001,1.141,-0.3402,0.12
72.585,5,-2.09,-6.53,2.7245,1.04,1.141,-0.3274,0.123
72.635,5,-2.128,-6.51,2.6801,1.068,1.187,-0.3042,0.124
72.687,5,-2.161,-6.49,2.6352,1.117,1.187,-0.2718,0.131
72.744,5,-2.234,-6.442,2.5527,1.175,1.197,-0.2954,0.142
72.802,5,-2.268,-6.416,2.5168,1.182,1.197,-0.2733,0.145
72.837,5,-2.315,-6.378,2.4811,1.184,1.266,-0.2851,0.151
72.886,5,-2.349,-6.347,2.4313,1.18,1.331,-0.3313,0.154
72.936,5,-2.383,-6.313,2.3905,1.186,1.331,-0.3083,0.155
73.002,5,-2.452,-6.237,2.3069,1.255,1.31,-0.3335,0.164
73.041,5,-2.481,-6.199,2.257,1.299,1.31,-0.3102,0.168
73.087,5,-2.508,-6.161,2.2082,1.313,1.258,-0.335,0.173
73.148,5,-2.557,-6.078,2.1061,1.299,1.239,-0.3467,0.174
73.189,5,-2.575,-6.044,2.066,1.296,1.231,-0.3283,0.175
73.236,5,-2.612,-5.956,1.9834,1.243,1.231,-0.3151,0.176
73.286,5,-2.612,-5.956,1.9834,1.243,1.139,-0.3245,0.179
73.337,5,-2.631,-5.903,1.9297,1.223,1.139,-0.3011,0.165
73.386,5,-2.651,-5.83,1.8756,1.217,1.04,-0.3028,0.152
73.436,5,-2.662,-5.776,1.803,1.215,1.04,-0.2797,0.141
73.485,5,-2.675,-5.669,1.6966,1.104,1.04,-0.2536,0.134
73.54,5,-2.677,-5.631,1.6512,1.025,1.04,-0.2257,0.126
73.586,5,-2.678,-5.566,1.5911,1.024,1.062,-0.1705,0.125
73.635,5,-2.676,-5.505,1.5434,1.043,1.062,-0.1591,0.127
73.693,5,-2.675,-5.475,1.5298,1.06,1.111,-0.157,0.131
73.739,5,-2.672,-5.433,1.5148,1.066,1.111,-0.1449,0.131
73.786,5,-2.668,-5.392,1.4948,1.068,1.171,-0.1343,0.132
73.837,5,-2.664,-5.35,1.4772,1.068,1.171,-0.1271,0.132
73.906,5,-2.652,-5.258,1.4367,1.131,1.241,-0.134,0.129
73.936,5,-2.643,-5.205,1.42,1.172,1.241,-0.1228,0.132
73.985,5,-2.634,-5.158,1.3987,1.183,1.307,-0.1084,0.148
74.044,5,-2.617,-5.077,1.3648,1.23,1.371,-0.0967,0.171
74.086,5,-2.598,-4.995,1.3365,1.303,1.371,-0.0852,0.179
74.137,5,-2.587,-4.953,1.3226,1.324,1.431,-0.0818,0.203
74.185,5,-2.562,-4.866,1.2979,1.391,1.489,-0.0668,0.225
74.246,5,-2.549,-4.822,1.2853,1.431,1.489,-0.0602,0.247
74.286,5,-2.534,-4.774,1.2744,1.443,1.545,-0.0473,0.259
74.336,5,-2.515,-4.717,1.2634,1.457,1.599,-0.0395,0.284
74.401,5,-2.473,-4.595,1.2402,1.514,1.651,-0.0375,0.322
74.448,5,-2.456,-4.547,1.2316,1.56,1.651,-0.0299,0.335
74.487,5,-2.435,-4.488,1.2258,1.597,1.701,-0.016,0.363
74.536,5,-2.408,-4.416,1.2187,1.624,1.75,-0.0137,0.395
74.599,5,-2.36,-4.289,1.2061,1.676,1.798,-0.004,0.444
74.636,5,-2.341,-4.24,1.2029,1.711,1.798,-0.0,0.461
74.685,5,-2.296,-4.125,1.1983,1.767,1.89,0.0044,0.511
74.749,5,-2.27,-4.059,1.1978,1.8,1.89,0.0041,0.529
74.797,5,-2.238,-3.977,1.1978,1.827,1.934,0.01,0.531
74.837,5,-2.21,-3.906,1.199,1.89,2.02,0.0123,0.512
74.895,5,-2.16,-3.776,1.2022,1.942,2.02,0.0123,0.481
74.935,5,-2.115,-3.658,1.2056,1.979,2.102,0.0175,0.461
74.995,5,-2.093,-3.601,1.208,2.012,2.102,0.0174,0.441
75.039,5,-2.072,-3.543,1.2102,2.03,2.142,0.0185,0.43
75.085,5,-2.018,-3.398,1.217,2.099,2.219,0.0167,0.396
75.136,5,-1.993,-3.33,1.2212,2.118,2.219,0.0167,0.384
75.186,5,-1.966,-3.254,1.2249,2.151,2.294,0.0168,0.36
75.235,5,-1.903,-3.075,1.2342,2.206,2.294,0.0144,0.347
75.286,5,-1.874,-2.988,1.2393,2.257,2.331,0.0084,0.294
75.339,5,-1.848,-2.912,1.244,2.295,2.402,0.0042,0.28
75.385,5,-1.794,-2.749,1.2506,2.314,2.366,0.0042,0.266
75.436,5,-1.761,-2.647,1.2529,2.343,2.316,0.0085,0.209
75.509,5,-1.727,-2.544,1.2541,2.395,2.261,0.0215,0.18
75.547,5,-1.693,-2.44,1.2556,2.404,2.202,0.0356,0.168
75.586,5,-1.666,-2.354,1.2588,2.352,2.075,0.0724,0.144
75.636,5,-1.617,-2.198,1.2705,2.273,2.009,0.1018,0.106
75.686,5,-1.597,-2.129,1.2785,2.223,1.941,0.137,0.102
75.736,5,-1.558,-1.983,1.3094,2.091,1.878,0.1514,0.094
75.8,5,-1.541,-1.907,1.3358,1.983,1.827,0.1757,0.083
75.839,5,-1.528,-1.838,1.3679,1.937,1.794,0.1576,0.081
75.885,5,-1.518,-1.771,1.3996,1.886,1.769,0.1557,0.081
75.941,5,-1.503,-1.629,1.4676,1.809,1.743,0.1564,0.086
75.987,5,-1.499,-1.553,1.5004,1.791,1.719,0.1302,0.085
76.038,5,-1.498,-1.438,1.5648,1.747,1.703,0.0973,0.082
76.106,5,-1.499,-1.375,1.5849,1.731,1.695,0.0854,0.092
76.136,5,-1.503,-1.303,1.6087,1.725,1.695,0.0733,0.096
76.185,5,-1.514,-1.174,1.6509,1.708,1.694,0.0493,0.106
76.236,5,-1.519,-1.118,1.6657,1.704,1.694,0.0371,0.111
76.286,5,-1.526,-1.062,1.6779,1.703,1.744,0.0202,0.114
76.335,5,-1.542,-0.934,1.6941,1.709,1.792,0.017,0.12
76.392,5,-1.551,-0.861,1.6998,1.741,1.838,0.0121,0.125
76.436,5,-1.562,-0.785,1.704,1.754,1.838,0.0081,0.133
76.486,5,-1.579,-0.666,1.7107,1.823,1.928,0.0081,0.159
76.536,5,-1.587,-0.607,1.7119,1.844,1.928,0.0092,0.168
76.586,5,-1.602,-0.503,1.7134,1.856,1.971,0.0082,0.195
76.637,5,-1.614,-0.422,1.7158,1.891,2.014,0.0082,0.204
76.698,5,-1.626,-0.34,1.7177,1.911,2.055,0.0128,0.223
76.735,5,-1.64,-0.248,1.7198,1.972,2.136,0.0134,0.244
76.786,5,-1.656,-0.147,1.7222,2.026,2.175,0.0136,0.266
76.835,5,-1.681,0.013,1.729,2.104,2.175,0.0083,0.301
76.888,5,-1.695,0.095,1.7324,2.145,2.214,0.0089,0.312
76.935,5,-1.721,0.253,1.7376,2.194,2.289,0.0042,0.335
76.986,5,-1.733,0.32,1.7395,2.216,2.326,0.0,0.37
77.035,5,-1.758,0.468,1.7423,2.271,2.362,-0.0,0.392
77.099,5,-1.772,0.548,1.7432,2.295,2.397,-0.0,0.406
77.135,5,-1.787,0.631,1.7432,2.327,2.432,-0.0,0.393
77.193,5,-1.816,0.796,1.7432,2.396,2.467,-0.0046,0.355
77.236,5,-1.829,0.871,1.7432,2.427,2.534,-0.0056,0.342
77.288,5,-1.855,1.024,1.7432,2.465,2.568,-0.0064,0.296
77.335,5,-1.869,1.105,1.742,2.475,2.6,-0.0057,0.28
77.385,5,-1.902,1.298,1.7392,2.539,2.633,-0.0049,0.228
77.44,5,-1.916,1.382,1.7373,2.571,2.696,-0.0051,0.213
77.485,5,-1.945,1.558,1.7342,2.612,2.665,-0.0064,0.207
77.535,5,-1.964,1.671,1.733,2.637,2.614,-0.0043,0.2
77.586,5,-1.984,1.798,1.7311,2.684,2.562,-0.0043,0.198
77.636,5,-2.004,1.923,1.7293,2.698,2.509,-0.0043,0.198
77.692,5,-2.032,2.1,1.7262,2.606,2.403,-0.0086,0.197
77.735,5,-2.051,2.224,1.7238,2.498,2.307,-0.0194,0.196
77.786,5,-2.061,2.293,1.722,2.448,2.266,-0.0215,0.194
77.836,5,-2.072,2.365,1.7183,2.379,2.225,-0.0213,0.19
77.899,5,-2.095,2.53,1.7088,2.312,2.168,-0.0263,0.185
77.941,5,-2.107,2.622,1.704,2.288,2.111,-0.0273,0.184
77.986,5,-2.119,2.716,1.6979,2.252,2.003,-0.0383,0.182
78.035,5,-2.135,2.858,1.6861,2.161,1.957,-0.0442,0.181
78.088,5,-2.143,2.928,1.6804,2.132,1.957,-0.0377,0.181
78.136,5,-2.157,3.083,1.6658,2.035,1.851,-0.0553,0.184
78.186,5,-2.164,3.164,1.6569,1.981,1.781,-0.0666,0.18
78.236,5,-2.17,3.247,1.6474,1.94,1.781,-0.0639,0.176
78.286,5,-2.176,3.367,1.6223,1.81,1.635,-0.1186,0.164
78.336,5,-2.178,3.436,1.6107,1.786,1.635,-0.1181,0.158
78.388,5,-2.179,3.504,1.5972,1.771,1.514,-0.1664,0.156
78.436,5,-2.178,3.624,1.5583,1.643,1.514,-0.1655,0.148
78.488,5,-2.175,3.682,1.5345,1.577,1.453,-0.2066,0.144
78.536,5,-2.171,3.736,1.5063,1.516,1.379,-0.1992,0.139
78.586,5,-2.158,3.84,1.4476,1.451,1.284,-0.2251,0.126
78.635,5,-2.149,3.886,1.4155,1.441,1.284,-0.2117,0.123
78.686,5,-2.13,3.976,1.3609,1.373,1.227,-0.2198,0.118
78.737,5,-2.118,4.023,1.3309,1.298,1.201,-0.2347,0.117
78.787,5,-2.105,4.066,1.3001,1.265,1.201,-0.229,0.119
78.837,5,-2.092,4.106,1.2699,1.215,1.201,-0.2215,0.12
78.886,5,-2.057,4.197,1.1997,1.186,1.2,-0.2445,0.116
78.947,5,-2.042,4.23,1.1729,1.189,1.2,-0.2159,0.115
78.986,5,-2.017,4.282,1.1483,1.192,1.2,-0.2044,0.119
79.035,5,-1.973,4.363,1.0722,1.196,1.181,-0.232,0.125
79.086,5,-1.952,4.398,1.047,1.196,1.181,-0.217,0.125
79.137,5,-1.914,4.458,1.0219,1.191,1.18,-0.2277,0.127
79.191,5,-1.887,4.496,0.9732,1.175,1.18,-0.2328,0.124
79.243,5,-1.861,4.529,0.9425,1.173,1.25,-0.2642,0.119
79.285,5,-1.83,4.569,0.9139,1.172,1.26,-0.299,0.117
79.339,5,-1.766,4.64,0.8423,1.188,1.26,-0.2863,0.116
79.389,5,-1.732,4.674,0.8066,1.228,1.231,-0.2787,0.117
79.436,5,-1.667,4.731,0.7221,1.246,1.14,-0.2923,0.108
79.503,5,-1.633,4.758,0.6852,1.227,1.14,-0.2634,0.1
79.541,5,-1.596,4.784,0.6478,1.207,1.055,-0.2919,0.097
79.585,5,-1.531,4.826,0.571,1.111,1.055,-0.2885,0.093
79.636,5,-1.497,4.846,0.5438,1.056,1.055,-0.2603,0.095
79.686,5,-1.461,4.865,0.509,1.04,1.055,-0.2476,0.096
79.737,5,-1.393,4.897,0.445,1.046,1.055,-0.2605,0.093
79.785,5,-1.359,4.911,0.4175,1.05,1.055,-0.236,0.088
79.836,5,-1.292,4.936,0.3623,1.049,0.975,-0.2132,0.074
79.892,5,-1.254,4.949,0.333,1.051,0.903,-0.2609,0.067
79.956,5,-1.213,4.961,0.3053,1.036,0.903,-0.2505,0.064
79.996,5,-1.178,4.97,0.278,0.978,0.903,-0.27,0.061
80.037,5,-1.14,4.979,0.2504,0.9,0.903,-0.2596,0.06
80.085,5,-1.095,4.988,0.221,0.883,0.903,-0.2775,0.065
80.135,5,-1.03,4.999,0.1569,0.886,0.903,-0.2663,0.07
80.186,5,-0.999,5.002,0.1332,0.894,0.993,-0.2819,0.071
80.242,5,-0.942,5.007,0.0831,0.898,0.993,-0.2666,0.072
80.286,5,-0.888,5.009,0.0371,0.965,1.075,-0.2669,0.074
80.335,5,-0.857,5.008,0.0141,0.984,1.075,-0.2618,0.075
80.387,5,-0.792,5.006,-0.0399,1.054,1.102,-0.2855,0.076
80.435,5,-0.76,5.003,-0.0661,1.072,1.102,-0.2594,0.076
80.488,5,-0.719,4.998,-0.0912,1.08,1.102,-0.2711,0.073
80.536,5,-0.623,4.982,-0.1661,1.098,1.102,-0.2599,0.068
80.589,5,-0.594,4.975,-0.2065,1.097,1.102,-0.26,0.069
80.637,5,-0.558,4.966,-0.2317,1.096,1.154,-0.2835,0.07
80.685,5,-0.469,4.939,-0.2995,1.097,1.154,-0.2726,0.068
80.736,5,-0.434,4.926,-0.3349,1.106,1.224,-0.2645,0.065
80.785,5,-0.362,4.895,-0.4025,1.148,1.224,-0.2263,0.069
80.835,5,-0.325,4.877,-0.4336,1.162,1.229,-0.2381,0.081
80.895,5,-0.257,4.84,-0.4891,1.222,1.229,-0.254,0.098
80.935,5,-0.215,4.815,-0.5203,1.228,1.229,-0.2398,0.108
80.985,5,-0.146,4.769,-0.5841,1.228,1.284,-0.2327,0.113
81.041,5,-0.112,4.744,-0.6132,1.232,1.284,-0.221,0.125
81.086,5,-0.049,4.694,-0.6711,1.282,1.348,-0.2445,0.129
81.138,5,-0.017,4.666,-0.6983,1.287,1.41,-0.2411,0.137
81.189,5,0.043,4.61,-0.757,1.338,1.41,-0.2179,0.135
81.236,5,0.101,4.548,-0.8187,1.408,1.341,-0.2433,0.126
81.288,5,0.129,4.514,-0.8467,1.414,1.267,-0.2329,0.104
81.339,5,0.161,4.475,-0.8751,1.405,1.202,-0.2437,0.098
81.388,5,0.206,4.413,-0.939,1.285,1.202,-0.2341,0.085
81.435,5,0.248,4.347,-0.9918,1.21,1.154,-0.2553,0.08
81.486,5,0.27,4.31,-1.0216,1.191,1.154,-0.2423,0.077
81.54,5,0.302,4.251,-1.0745,1.187,1.154,-0.2332,0.084
81.587,5,0.318,4.219,-1.0983,1.162,1.154,-0.2154,0.087
81.64,5,0.349,4.148,-1.1543,1.15,1.154,-0.2037,0.094
81.685,5,0.363,4.112,-1.1782,1.153,1.192,-0.1806,0.096
81.735,5,0.377,4.075,-1.2037,1.154,1.261,-0.1976,0.098
81.786,5,0.404,3.991,-1.2526,1.189,1.261,-0.1857,0.099
81.835,5,0.418,3.944,-1.2761,1.198,1.261,-0.1742,0.099
81.886,5,0.433,3.882,-1.3011,1.212,1.326,-0.1622,0.094
81.936,5,0.444,3.836,-1.3381,1.261,1.352,-0.1359,0.092
81.985,5,0.462,3.737,-1.3849,1.323,1.377,-0.1128,0.103
82.035,5,0.469,3.689,-1.411,1.34,1.377,-0.1132,0.107
82.088,5,0.48,3.604,-1.4486,1.364,1.405,-0.094,0.118
82.136,5,0.484,3.56,-1.4625,1.381,1.464,-0.0863,0.121
82.186,5,0.489,3.504,-1.4773,1.39,1.464,-0.0785,0.127
82.235,5,0.493,3.437,-1.4928,1.412,1.521,-0.0715,0.132
82.286,5,0.498,3.329,-1.5257,1.427,1.575,-0.0591,0.138
82.336,5,0.5,3.28,-1.5368,1.461,1.628,-0.0485,0.139
82.386,5,0.501,3.167,-1.5592,1.539,1.628,-0.0397,0.142
82.436,6,0.501,3.104,-1.5688,1.586,1.679,-0.0335,0.143
82.493,6,0.5,3.04,-1.5778,1.632,1.729,-0.028,0.144
82.543,6,0.498,2.966,-1.5866,1.646,1.777,-0.0171,0.142
82.591,6,0.496,2.879,-1.5949,1.665,1.777,-0.0171,0.142
82.635,6,0.493,2.79,-1.6021,1.731,1.824,-0.0122,0.149
82.685,6,0.486,2.63,-1.6136,1.798,1.915,-0.0,0.159
82.735,6,0.483,2.571,-1.6159,1.836,1.915,0.0,0.173
82.786,6,0.48,2.507,-1.6167,1.871,1.958,0.0053,0.178
82.849,6,0.476,2.421,-1.6173,1.894,2.001,0.006,0.188
82.893,6,0.472,2.323,-1.617,1.93,2.001,0.0041,0.198
82.936,6,0.467,2.219,-1.6156,1.976,2.084,0.0041,0.209
82.987,6,0.463,2.126,-1.6138,2.015,2.124,0.0052,0.22
83.039,6,0.46,2.042,-1.6121,2.023,2.164,0.0,0.218
83.087,6,0.453,1.87,-1.6101,2.064,2.202,0.0,0.211
83.136,6,0.451,1.802,-1.6089,2.114,2.278,0.0,0.209
83.186,6,0.445,1.64,-1.6081,2.195,2.278,-0.0,0.208
83.249,6,0.441,1.545,-1.6081,2.224,2.315,-0.0,0.199
83.285,6,0.437,1.44,-1.608,2.276,2.351,-0.0,0.197
83.335,6,0.433,1.336,-1.6081,2.3,2.387,-0.0,0.193
83.385,6,0.427,1.157,-1.6081,2.359,2.456,-0.0,0.189
83.435,6,0.424,1.078,-1.6081,2.387,2.491,-0.0,0.182
83.486,6,0.42,0.973,-1.6081,2.403,2.524,-0.0,0.18
83.54,6,0.416,0.885,-1.6081,2.451,2.59,-0.0,0.175
83.591,6,0.412,0.77,-1.6081,2.47,2.623,-0.0,0.171
83.641,6,0.408,0.659,-1.6081,2.504,2.655,-0.0046,0.168
83.686,6,0.403,0.529,-1.6081,2.537,2.687,-0.005,0.163
83.737,6,0.394,0.293,-1.608,2.628,2.749,-0.0057,0.153
83.786,6,0.392,0.218,-1.6095,2.664,2.779,-0.0044,0.15
83.835,6,0.388,0.127,-1.6107,2.686,2.81,-0.0,0.144
83.885,6,0.379,-0.083,-1.6135,2.757,2.839,-0.0054,0.134
83.935,6,0.374,-0.181,-1.6147,2.786,2.775,-0.0147,0.134
83.985,6,0.37,-0.293,-1.615,2.811,2.677,-0.0226,0.134
84.038,6,0.358,-0.532,-1.6194,2.807,2.629,-0.0268,0.133
84.114,6,0.352,-0.639,-1.6246,2.798,2.58,-0.0259,0.138
84.135,6,0.343,-0.774,-1.6319,2.732,2.541,-0.0265,0.143
84.189,6,0.333,-0.907,-1.6425,2.662,2.502,-0.0218,0.164
84.236,6,0.321,-1.041,-1.6528,2.602,2.502,-0.0184,0.158
84.285,6,0.321,-1.041,-1.6528,2.602,2.521,-0.0151,0.158
84.335,6,0.296,-1.287,-1.6721,2.518,2.587,-0.0129,0.141
84.385,6,0.282,-1.417,-1.6778,2.509,2.62,-0.0043,0.136
84.441,6,0.27,-1.525,-1.6835,2.523,2.652,-0.006,0.135
84.487,6,0.255,-1.648,-1.6883,2.54,2.683,-0.0,0.134
84.537,6,0.24,-1.774,-1.6897,2.61,2.692,-0.0,0.134
84.585,6,0.228,-1.87,-1.6918,2.659,2.691,-0.0,0.136
84.635,6,0.202,-2.084,-1.6918,2.698,2.715,-0.0,0.139
84.688,6,0.187,-2.205,-1.6918,2.706,2.746,-0.006,0.141
84.736,6,0.172,-2.335,-1.6918,2.71,2.777,-0.0043,0.165
84.785,6,0.158,-2.446,-1.6918,2.723,2.807,-0.0096,0.179
84.836,6,0.135,-2.638,-1.693,2.766,2.867,-0.0141,0.165
84.886,6,0.123,-2.732,-1.6945,2.784,2.896,-0.0145,0.156
84.951,6,0.109,-2.842,-1.6972,2.811,2.925,-0.0129,0.144
84.987,6,0.089,-2.984,-1.7018,2.853,2.954,-0.0148,0.143
85.037,6,0.072,-3.111,-1.7076,2.886,2.824,-0.0043,0.142
85.09,6,0.052,-3.244,-1.7124,2.923,2.777,-0.0,0.143
85.143,6,0.034,-3.367,-1.7176,2.942,2.777,-0.0,0.144
85.191,6,0.007,-3.54,-1.7229,2.953,2.64,0.0043,0.145
85.237,6,-0.015,-3.677,-1.7269,2.899,2.539,0.0043,0.145
85.287,6,-0.036,-3.813,-1.7284,2.853,2.539,0.0043,0.143
85.336,6,-0.064,-3.99,-1.7284,2.787,2.486,0.0043,0.137
85.386,6,-0.081,-4.094,-1.726,2.65,2.376,0.0,0.134
85.436,6,-0.099,-4.211,-1.7248,2.578,2.267,-0.0057,0.133
85.49,6,-0.117,-4.327,-1.7236,2.489,2.214,-0.0138,0.133
85.537,6,-0.135,-4.45,-1.7236,2.407,2.139,-0.0352,0.133
85.587,6,-0.164,-4.634,-1.7254,2.295,2.095,-0.0444,0.144
85.636,6,-0.179,-4.724,-1.7291,2.243,2.033,-0.0551,0.151
85.686,6,-0.19,-4.793,-1.7332,2.202,1.969,-0.0757,0.145
85.736,6,-0.203,-4.867,-1.7422,2.141,1.903,-0.0933,0.135
85.797,6,-0.239,-5.044,-1.7732,2.025,1.84,-0.1144,0.121
85.836,6,-0.258,-5.123,-1.7908,1.975,1.776,-0.1119,0.118
85.885,6,-0.287,-5.234,-1.831,1.889,1.75,-0.1192,0.114
85.942,6,-0.307,-5.301,-1.8482,1.821,1.724,-0.1343,0.111
85.985,6,-0.33,-5.372,-1.8716,1.781,1.724,-0.1182,0.114
86.042,6,-0.353,-5.437,-1.8975,1.751,1.615,-0.1465,0.115
86.092,6,-0.381,-5.51,-1.9223,1.744,1.559,-0.1539,0.111
86.135,6,-0.442,-5.651,-1.9798,1.701,1.559,-0.1415,0.109
86.197,6,-0.469,-5.705,-2.01,1.624,1.552,-0.1453,0.109
86.235,6,-0.494,-5.754,-2.0373,1.568,1.552,-0.1402,0.112
86.287,6,-0.524,-5.808,-2.0603,1.55,1.552,-0.1394,0.115
86.335,6,-0.559,-5.868,-2.0867,1.546,1.564,-0.1666,0.116
86.387,6,-0.629,-5.977,-2.1404,1.552,1.564,-0.1515,0.11
86.444,6,-0.668,-6.032,-2.1681,1.553,1.524,-0.1513,0.107
86.485,6,-0.733,-6.117,-2.2239,1.556,1.484,-0.1656,0.11
86.544,6,-0.764,-6.155,-2.2461,1.536,1.462,-0.2149,0.116
86.585,6,-0.804,-6.201,-2.2687,1.52,1.462,-0.1988,0.119
86.635,6,-0.837,-6.237,-2.2985,1.484,1.446,-0.2259,0.121
86.685,6,-0.919,-6.317,-2.3628,1.452,1.263,-0.2329,0.117
86.741,6,-0.96,-6.353,-2.4001,1.449,1.263,-0.2209,0.116
86.786,6,-0.996,-6.383,-2.437,1.429,1.242,-0.2796,0.118
86.844,6,-1.082,-6.446,-2.5145,1.326,1.242,-0.2664,0.131
86.887,6,-1.113,-6.466,-2.5459,1.263,1.222,-0.28,0.134
86.937,6,-1.181,-6.506,-2.6076,1.221,1.198,-0.301,0.141
86.986,6,-1.219,-6.525,-2.6398,1.222,1.123,-0.3337,0.143
87.035,6,-1.259,-6.544,-2.6757,1.211,1.123,-0.3337,0.143
87.098,6,-1.346,-6.579,-2.7561,1.171,1.122,-0.3557,0.132
87.136,6,-1.39,-6.593,-2.8027,1.109,1.122,-0.3309,0.123
87.187,6,-1.437,-6.606,-2.8508,1.092,1.122,-0.3639,0.117
87.235,6,-1.474,-6.614,-2.9032,1.094,1.146,-0.3767,0.107
87.286,6,-1.516,-6.621,-2.9419,1.099,1.146,-0.3646,0.102
87.335,6,-1.563,-6.627,-2.989,1.098,1.111,-0.3515,0.095
87.388,6,-1.613,-6.63,-3.0427,1.1,1.111,-0.3435,0.091
87.435,6,-1.719,-6.628,3.1188,1.116,1.02,-0.3521,0.09
87.485,6,-1.771,-6.622,3.0646,1.096,1.02,-0.3292,0.091
87.537,6,-1.818,-6.614,3.0099,1.073,1.02,-0.34,0.086
87.592,6,-1.858,-6.606,2.9585,1.008,1.02,-0.3165,0.089
87.636,6,-1.893,-6.597,2.9165,0.996,1.02,-0.3188,0.097
87.694,6,-1.967,-6.574,2.8402,1.006,1.064,-0.305,0.106
87.735,6,-1.994,-6.564,2.8036,1.008,1.064,-0.2692,0.108
87.785,6,-2.028,-6.55,2.7766,1.014,1.141,-0.3263,0.11
87.835,6,-2.109,-6.511,2.698,1.06,1.141,-0.3158,0.116
87.886,6,-2.149,-6.489,2.6634,1.075,1.187,-0.2934,0.125
87.936,6,-2.192,-6.463,2.6186,1.119,1.187,-0.2824,0.129
87.986,6,-2.256,-6.419,2.5318,1.178,1.197,-0.2893,0.14
88.035,6,-2.282,-6.399,2.5026,1.184,1.266,-0.2855,0.143
88.093,6,-2.336,-6.353,2.4435,1.187,1.266,-0.2767,0.15
88.139,6,-2.362,-6.329,2.4125,1.188,1.331,-0.3224,0.151
88.187,6,-2.401,-6.29,2.3812,1.234,1.31,-0.3456,0.153
88.235,6,-2.471,-6.209,2.2842,1.276,1.31,-0.3219,0.165
88.286,6,-2.496,-6.175,2.2366,1.301,1.258,-0.369,0.168
88.336,6,-2.543,-6.103,2.1473,1.294,1.239,-0.3582,0.174
88.386,6,-2.563,-6.066,2.1042,1.288,1.231,-0.3466,0.174
88.435,6,-2.597,-5.994,2.0152,1.236,1.231,-0.3243,0.176
88.489,6,-2.616,-5.943,1.97,1.219,1.231,-0.2979,0.174
88.55,6,-2.633,-5.891,1.9126,1.211,1.139,-0.309,0.157
88.585,6,-2.647,-5.837,1.8551,1.218,1.139,-0.2907,0.151
88.636,6,-2.661,-5.766,1.7666,1.149,1.04,-0.2508,0.136
88.686,6,-2.667,-5.729,1.7379,1.132,1.04,-0.2528,0.133
88.736,6,-2.674,-5.659,1.6794,1.058,1.04,-0.2261,0.128
88.786,6,-2.676,-5.621,1.6518,1.035,1.04,-0.2134,0.125
88.835,6,-2.678,-5.557,1.6014,1.034,1.062,-0.1672,0.126
88.885,6,-2.678,-5.522,1.5786,1.04,1.111,-0.1802,0.128
88.937,6,-2.675,-5.452,1.5356,1.049,1.111,-0.1692,0.133
88.99,6,-2.673,-5.413,1.519,1.069,1.111,-0.1599,0.134
89.035,6,-2.665,-5.335,1.4769,1.121,1.171,-0.134,0.135
89.094,6,-2.66,-5.296,1.4586,1.123,1.171,-0.1227,0.133
89.138,6,-2.655,-5.258,1.4402,1.128,1.241,-0.1228,0.132
89.199,6,-2.64,-5.171,1.4074,1.181,1.307,-0.1233,0.148
89.236,6,-2.633,-5.134,1.3914,1.193,1.371,-0.1053,0.156
89.285,6,-2.615,-5.048,1.3619,1.26,1.371,-0.0968,0.18
89.335,6,-2.602,-4.995,1.3455,1.314,1.371,-0.0893,0.196
89.385,6,-2.591,-4.951,1.3286,1.374,1.431,-0.0823,0.205
89.435,6,-2.564,-4.855,1.3024,1.399,1.489,-0.0707,0.238
89.485,6,-2.547,-4.797,1.2876,1.434,1.545,-0.0631,0.25
89.536,6,-2.53,-4.744,1.2729,1.446,1.599,-0.0529,0.274
89.595,6,-2.5,-4.653,1.2508,1.488,1.599,-0.0445,0.311
89.635,6,-2.481,-4.599,1.2402,1.501,1.651,-0.0317,0.324
89.69,6,-2.446,-4.502,1.2241,1.61,1.701,-0.024,0.365
89.737,6,-2.408,-4.402,1.2131,1.651,1.75,-0.0172,0.397
89.787,6,-2.387,-4.345,1.208,1.667,1.75,-0.0138,0.43
89.837,6,-2.358,-4.271,1.2036,1.703,1.798,-0.0081,0.446
89.886,6,-2.314,-4.16,1.1966,1.762,1.844,0.0,0.496
89.935,6,-2.294,-4.107,1.1954,1.802,1.89,0.0043,0.513
89.987,6,-2.249,-3.994,1.1954,1.862,1.934,0.0084,0.529
90.039,6,-2.228,-3.939,1.1961,1.892,1.977,0.0082,0.519
90.085,6,-2.178,-3.814,1.1981,1.916,2.02,0.0136,0.49
90.136,6,-2.149,-3.738,1.1997,1.968,2.061,0.0166,0.47
90.185,6,-2.114,-3.647,1.2019,1.996,2.061,0.0124,0.449
90.238,6,-2.083,-3.565,1.2058,2.037,2.102,0.0179,0.439
90.294,6,-2.041,-3.454,1.2124,2.079,2.181,0.018,0.406
90.335,6,-2.014,-3.379,1.2144,2.081,2.219,0.0167,0.395
90.386,6,-1.969,-3.255,1.2222,2.163,2.257,0.0167,0.359
90.445,6,-1.943,-3.183,1.2256,2.186,2.294,0.0175,0.347
90.49,6,-1.91,-3.091,1.2295,2.203,2.331,0.0126,0.321
90.536,6,-1.876,-2.992,1.2344,2.235,2.367,0.013,0.295
90.586,6,-1.815,-2.81,1.245,2.315,2.402,0.0098,0.281
90.635,6,-1.778,-2.7,1.2482,2.341,2.366,0.0094,0.224
90.688,6,-1.751,-2.619,1.2526,2.374,2.261,0.0225,0.21
90.738,6,-1.726,-2.54,1.2558,2.383,2.202,0.0299,0.18
90.785,6,-1.663,-2.344,1.2628,2.342,2.139,0.0512,0.167
90.837,6,-1.638,-2.261,1.2698,2.29,2.075,0.073,0.116
90.887,6,-1.612,-2.173,1.2775,2.233,2.009,0.0994,0.102
90.935,6,-1.576,-2.039,1.3081,2.106,1.878,0.1342,0.089
90.993,6,-1.56,-1.974,1.3256,2.048,1.878,0.1386,0.085
91.038,6,-1.546,-1.908,1.3455,2.018,1.794,0.1629,0.079
91.085,6,-1.518,-1.745,1.4038,1.896,1.769,0.169,0.076
91.136,6,-1.51,-1.678,1.4381,1.867,1.769,0.1558,0.081
91.195,6,-1.504,-1.603,1.4708,1.811,1.743,0.1492,0.082
91.236,6,-1.501,-1.528,1.5076,1.788,1.703,0.1178,0.081
91.286,6,-1.501,-1.416,1.5722,1.751,1.703,0.0892,0.085
91.336,6,-1.503,-1.363,1.5946,1.746,1.695,0.0607,0.089
91.388,6,-1.507,-1.289,1.6139,1.725,1.695,0.0525,0.097
91.435,6,-1.514,-1.209,1.6389,1.714,1.694,0.0404,0.1
91.485,6,-1.528,-1.066,1.6722,1.706,1.744,0.0342,0.111
91.538,6,-1.535,-1.005,1.6827,1.705,1.744,0.0246,0.113
91.586,6,-1.543,-0.946,1.6901,1.705,1.838,0.0173,0.117
91.635,6,-1.562,-0.798,1.7016,1.749,1.838,0.0124,0.119
91.685,6,-1.573,-0.719,1.7055,1.8,1.884,0.0081,0.149
91.735,6,-1.585,-0.636,1.7094,1.844,1.928,0.0081,0.167
91.786,6,-1.597,-0.551,1.7125,1.857,1.971,0.0082,0.176
91.836,6,-1.611,-0.459,1.7155,1.871,2.014,0.0082,0.194
91.886,6,-1.63,-0.328,1.7195,1.977,2.055,0.0097,0.222
91.935,6,-1.641,-0.254,1.721,2.011,2.096,0.0096,0.243
91.986,6,-1.653,-0.177,1.7225,2.03,2.136,0.0098,0.254
92.035,6,-1.677,-0.03,1.7265,2.097,2.175,0.0097,0.288
92.086,6,-1.692,0.068,1.7284,2.136,2.214,0.0089,0.312
92.135,6,-1.706,0.149,1.7314,2.158,2.252,0.0087,0.323
92.186,6,-1.731,0.3,1.7355,2.21,2.289,0.0047,0.359
92.238,6,-1.745,0.383,1.7376,2.247,2.326,0.0,0.382
92.286,6,-1.771,0.536,1.741,2.294,2.397,-0.0,0.392
92.336,6,-1.783,0.608,1.741,2.324,2.432,-0.0,0.404
92.385,6,-1.808,0.748,1.741,2.37,2.467,-0.0,0.365
92.438,6,-1.822,0.832,1.741,2.396,2.501,-0.0,0.352
92.488,6,-1.838,0.925,1.741,2.427,2.568,-0.0,0.326
92.535,6,-1.868,1.099,1.741,2.473,2.568,-0.0043,0.277
92.594,6,-1.884,1.194,1.741,2.519,2.6,-0.0043,0.26
92.636,6,-1.904,1.311,1.741,2.56,2.633,-0.0047,0.226
92.689,6,-1.925,1.434,1.741,2.584,2.696,-0.0043,0.211
92.744,6,-1.946,1.555,1.7395,2.608,2.614,-0.0086,0.207
92.785,6,-1.966,1.678,1.7379,2.628,2.562,-0.0134,0.203
92.835,6,-2.003,1.9,1.733,2.679,2.509,-0.0131,0.201
92.885,6,-2.02,2.009,1.7302,2.654,2.403,-0.0129,0.2
92.935,6,-2.036,2.113,1.7262,2.599,2.35,-0.0172,0.199
92.985,6,-2.048,2.19,1.7219,2.537,2.307,-0.0191,0.196
93.036,6,-2.061,2.277,1.7192,2.469,2.266,-0.0225,0.194
93.085,6,-2.087,2.464,1.71,2.347,2.225,-0.0235,0.188
93.136,6,-2.1,2.565,1.7055,2.322,2.168,-0.0213,0.185
93.185,6,-2.122,2.738,1.6933,2.276,2.052,-0.0297,0.183
93.235,6,-2.131,2.815,1.6882,2.217,1.957,-0.0426,0.182
93.285,6,-2.145,2.95,1.6786,2.145,1.957,-0.0378,0.182
93.338,6,-2.152,3.021,1.6709,2.058,1.91,-0.0436,0.183
93.386,6,-2.16,3.115,1.6622,1.992,1.851,-0.0499,0.183
93.436,6,-2.166,3.193,1.6504,1.959,1.704,-0.0909,0.178
93.485,6,-2.174,3.313,1.6316,1.883,1.635,-0.1188,0.167
93.54,6,-2.178,3.418,1.6116,1.775,1.635,-0.1186,0.16
93.587,6,-2.178,3.524,1.5778,1.655,1.573,-0.1172,0.156
93.636,6,-2.178,3.569,1.5591,1.628,1.514,-0.1527,0.146
93.685,6,-2.173,3.657,1.5237,1.577,1.453,-0.1882,0.143
93.736,6,-2.169,3.717,1.5083,1.567,1.453,-0.1816,0.138
93.786,6,-2.158,3.814,1.4538,1.493,1.379,-0.1748,0.126
93.835,6,-2.144,3.898,1.4095,1.446,1.284,-0.2024,0.122
93.903,6,-2.136,3.935,1.3873,1.398,1.227,-0.2373,0.116
93.936,6,-2.115,4.026,1.3358,1.278,1.227,-0.22,0.115
93.999,6,-2.104,4.063,1.3086,1.26,1.201,-0.2177,0.118
94.036,6,-2.09,4.106,1.2818,1.225,1.201,-0.229,0.119
94.085,6,-2.075,4.148,1.2493,1.21,1.2,-0.2395,0.119
94.135,6,-2.044,4.226,1.1915,1.189,1.2,-0.2276,0.116
94.186,6,-2.028,4.262,1.1638,1.191,1.181,-0.2275,0.118
94.239,6,-1.987,4.344,1.1064,1.196,1.181,-0.216,0.126
94.288,6,-1.954,4.401,1.0544,1.182,1.181,-0.2213,0.129
94.335,6,-1.921,4.453,1.0063,1.175,1.18,-0.2323,0.13
94.386,6,-1.921,4.453,1.0063,1.175,1.18,-0.2157,0.131
94.436,6,-1.863,4.534,0.9562,1.175,1.25,-0.288,0.123
94.489,6,-1.831,4.574,0.9194,1.176,1.25,-0.2779,0.121
94.535,6,-1.799,4.611,0.8834,1.188,1.26,-0.2853,0.119
94.585,6,-1.77,4.643,0.8411,1.227,1.231,-0.2862,0.119
94.635,6,-1.727,4.685,0.8049,1.241,1.231,-0.2749,0.121
94.686,6,-1.65,4.75,0.7121,1.242,1.14,-0.2921,0.108
94.735,6,-1.613,4.778,0.6666,1.225,1.14,-0.2633,0.105
94.787,6,-1.554,4.818,0.5932,1.145,1.055,-0.2625,0.099
94.836,6,-1.507,4.846,0.5644,1.127,1.055,-0.2726,0.1
94.887,6,-1.47,4.866,0.5204,1.103,1.055,-0.2884,0.101
94.935,6,-1.418,4.892,0.4587,1.043,1.055,-0.259,0.102
94.989,6,-1.366,4.914,0.4114,1.043,0.975,-0.2358,0.09
95.035,6,-1.338,4.925,0.3881,1.047,0.975,-0.2132,0.085
95.107,6,-1.272,4.948,0.3391,1.046,0.975,-0.216,0.073
95.143,6,-1.235,4.96,0.3144,0.988,0.903,-0.2474,0.07
95.195,6,-1.199,4.97,0.2883,0.969,0.903,-0.2684,0.066
95.237,6,-1.123,4.988,0.2377,0.952,0.903,-0.2685,0.066
95.286,6,-1.095,4.993,0.2099,0.903,0.903,-0.2906,0.068
95.339,6,-1.042,5.002,0.1625,0.89,0.903,-0.2665,0.073
95.386,6,-0.988,5.008,0.1182,0.894,0.993,-0.2777,0.076
95.436,6,-0.96,5.01,0.0955,0.907,0.993,-0.2785,0.076
95.487,6,-0.901,5.013,0.0497,0.985,1.075,-0.28,0.077
95.538,6,-0.872,5.013,0.0215,0.992,1.075,-0.2575,0.078
95.585,6,-0.796,5.01,-0.0347,1.001,1.102,-0.2917,0.08
95.637,6,-0.758,5.007,-0.0655,1.057,1.102,-0.2812,0.08
95.687,6,-0.714,5.002,-0.0952,1.074,1.102,-0.2719,0.079
95.735,6,-0.679,4.997,-0.1294,1.081,1.102,-0.2596,0.074
95.786,6,-0.598,4.981,-0.1949,1.097,1.102,-0.2727,0.073
95.838,6,-0.555,4.97,-0.2288,1.098,1.102,-0.2485,0.073
95.885,6,-0.478,4.946,-0.2967,1.097,1.154,-0.273,0.072
95.947,6,-0.44,4.932,-0.3291,1.102,1.224,-0.26,0.068
95.986,6,-0.405,4.918,-0.3634,1.136,1.224,-0.2264,0.068
96.047,6,-0.324,4.88,-0.4315,1.212,1.229,-0.25,0.087
96.087,6,-0.324,4.88,-0.4315,1.212,1.229,-0.2409,0.087
96.135,6,-0.293,4.864,-0.4658,1.225,1.229,-0.2514,0.092
96.186,6,-0.176,4.794,-0.5545,1.224,1.284,-0.2679,0.118
96.237,6,-0.135,4.765,-0.5893,1.225,1.284,-0.2282,0.122
96.285,6,-0.1,4.739,-0.6271,1.225,1.348,-0.2523,0.129
96.336,6,-0.025,4.676,-0.6954,1.274,1.348,-0.2283,0.137
96.386,6,0.003,4.65,-0.7269,1.291,1.41,-0.2179,0.14
96.435,6,0.073,4.578,-0.7965,1.349,1.341,-0.2548,0.12
96.485,6,0.107,4.54,-0.829,1.363,1.341,-0.2354,0.113
96.536,6,0.158,4.477,-0.8895,1.412,1.267,-0.2121,0.094
96.585,6,0.186,4.439,-0.917,1.407,1.202,-0.2201,0.089
96.635,6,0.232,4.37,-0.9782,1.277,1.154,-0.2542,0.079
96.696,6,0.255,4.332,-1.0062,1.211,1.154,-0.2467,0.077
96.755,6,0.278,4.293,-1.0353,1.192,1.154,-0.2405,0.077
96.789,6,0.305,4.241,-1.0651,1.185,1.154,-0.2405,0.084
96.835,6,0.332,4.182,-1.1088,1.151,1.154,-0.239,0.089
96.889,6,0.351,4.136,-1.1569,1.147,1.192,-0.1805,0.092
96.942,6,0.38,4.055,-1.2246,1.152,1.192,-0.1697,0.095
96.987,6,0.392,4.016,-1.2543,1.164,1.261,-0.1819,0.095
97.035,6,0.407,3.966,-1.2759,1.189,1.261,-0.1578,0.093
97.087,6,0.429,3.876,-1.3309,1.258,1.326,-0.1404,0.086
97.138,6,0.438,3.83,-1.3536,1.271,1.352,-0.1389,0.085
97.186,6,0.446,3.787,-1.3755,1.279,1.377,-0.109,0.09
97.241,6,0.462,3.686,-1.416,1.342,1.377,-0.0976,0.102
97.285,6,0.472,3.601,-1.4475,1.382,1.464,-0.0903,0.109
97.335,6,0.476,3.558,-1.4622,1.389,1.464,-0.0903,0.113
97.385,6,0.484,3.468,-1.4868,1.416,1.464,-0.0762,0.119
97.435,6,0.488,3.406,-1.4999,1.459,1.521,-0.0593,0.127
97.485,6,0.491,3.332,-1.5161,1.477,1.521,-0.0593,0.127
97.536,6,0.491,3.332,-1.5161,1.477,1.575,-0.0523,0.13
97.585,6,0.493,3.249,-1.534,1.482,1.628,-0.0435,0.133
97.636,7,0.494,3.113,-1.5668,1.542,1.679,-0.0336,0.137
97.685,7,0.493,3.009,-1.5809,1.621,1.729,-0.0206,0.137
97.737,7,0.492,2.951,-1.5878,1.647,1.729,-0.0164,0.136
97.792,7,0.49,2.887,-1.5935,1.683,1.824,-0.0086,0.136
97.84,7,0.488,2.814,-1.5972,1.704,1.824,-0.0058,0.142
97.887,7,0.485,2.729,-1.6015,1.736,1.87,-0.0,0.152
97.943,7,0.48,2.584,-1.6072,1.821,1.915,-0.0,0.167
97.986,7,0.478,2.523,-1.6089,1.842,1.958,0.0,0.172
98.036,7,0.474,2.439,-1.6098,1.851,2.001,0.0,0.182
98.088,7,0.469,2.304,-1.6098,1.923,2.043,0.0,0.198
98.136,7,0.466,2.217,-1.6098,1.961,2.084,0.0,0.209
98.198,7,0.462,2.13,-1.6098,2.006,2.084,0.0,0.215
98.237,7,0.458,2.031,-1.6098,2.031,2.124,0.0,0.217
98.309,7,0.454,1.93,-1.6098,2.088,2.164,0.0,0.213
98.339,7,0.451,1.832,-1.6098,2.114,2.202,0.0,0.209
98.385,7,0.444,1.665,-1.6098,2.172,2.278,0.0,0.202
98.435,7,0.441,1.578,-1.6098,2.181,2.315,0.0,0.198
98.486,7,0.437,1.476,-1.6098,2.192,2.351,0.0,0.196
98.536,7,0.433,1.387,-1.6098,2.247,2.422,0.0,0.191
98.588,7,0.429,1.284,-1.6098,2.304,2.456,0.0,0.187
98.639,7,0.425,1.181,-1.6098,2.354,2.491,0.0,0.182
98.685,7,0.417,0.967,-1.6098,2.432,2.524,0.0,0.175
98.736,7,0.413,0.878,-1.6098,2.462,2.558,0.0,0.173
98.787,7,0.409,0.78,-1.6098,2.497,2.623,0.0,0.168
98.837,7,0.403,0.604,-1.6098,2.541,2.655,0.0,0.161
98.886,7,0.398,0.492,-1.6098,2.581,2.687,-0.0,0.155
98.941,7,0.394,0.387,-1.6098,2.621,2.718,-0.0,0.153
98.986,7,0.39,0.281,-1.6098,2.643,2.779,-0.0,0.148
99.035,7,0.385,0.155,-1.6098,2.667,2.81,-0.0,0.142
99.086,7,0.38,0.027,-1.6098,2.698,2.81,-0.0,0.14
99.135,7,0.376,-0.077,-1.6098,2.733,2.824,-0.0104,0.135
99.185,7,0.369,-0.251,-1.6098,2.774,2.727,-0.0172,0.133
99.237,7,0.36,-0.48,-1.6101,2.831,2.677,-0.0278,0.133
99.289,7,0.354,-0.604,-1.6136,2.834,2.58,-0.0355,0.134
99.342,7,0.348,-0.722,-1.62,2.781,2.541,-0.0364,0.14
99.389,7,0.342,-0.83,-1.6261,2.745,2.502,-0.0316,0.15
99.438,7,0.334,-0.937,-1.6372,2.649,2.502,-0.0268,0.162
99.487,7,0.324,-1.062,-1.6487,2.585,2.521,-0.0231,0.166
99.558,7,0.303,-1.263,-1.6727,2.52,2.587,-0.0179,0.146
99.592,7,0.293,-1.358,-1.6796,2.513,2.587,-0.0088,0.141
99.636,7,0.281,-1.458,-1.6868,2.517,2.652,-0.0,0.136
99.694,7,0.266,-1.575,-1.6934,2.532,2.715,0.0,0.135
99.745,7,0.249,-1.706,-1.6967,2.579,2.692,0.0,0.135
99.786,7,0.232,-1.837,-1.6997,2.61,2.692,0.0,0.135
99.854,7,0.214,-1.976,-1.6997,2.664,2.715,0.0,0.136
99.886,7,0.197,-2.111,-1.6997,2.712,2.715,0.0,0.138
99.943,7,0.174,-2.283,-1.6997,2.716,2.746,0.0,0.142
99.995,7,0.16,-2.394,-1.6997,2.718,2.837,0.0,0.169
100.049,7,0.145,-2.508,-1.6997,2.726,2.867,-0.0,0.17
100.089,7,0.127,-2.653,-1.6997,2.747,2.867,-0.0,0.152
100.136,7,0.107,-2.801,-1.6996,2.775,2.896,-0.0,0.138
100.186,7,0.091,-2.928,-1.6996,2.836,2.919,-0.0043,0.138
100.237,7,0.06,-3.168,-1.6996,2.907,2.871,-0.0092,0.138
100.285,7,0.046,-3.27,-1.7018,2.947,2.777,-0.0086,0.139
100.341,7,0.023,-3.439,-1.706,2.93,2.685,-0.0043,0.145
100.385,7,0.01,-3.533,-1.7082,2.904,2.64,-0.0043,0.146
100.436,7,-0.017,-3.721,-1.7131,2.81,2.591,-0.0043,0.15
100.487,7,-0.031,-3.818,-1.7143,2.747,2.539,-0.0101,0.151
100.549,7,-0.049,-3.945,-1.7156,2.692,2.486,-0.0086,0.15
100.585,7,-0.069,-4.079,-1.7174,2.646,2.376,-0.0129,0.146
100.636,7,-0.096,-4.251,-1.7236,2.524,2.267,-0.0129,0.142
100.685,7,-0.112,-4.351,-1.7257,2.499,2.214,-0.0172,0.141
100.739,7,-0.133,-4.48,-1.7298,2.415,2.176,-0.0279,0.14
100.786,7,-0.151,-4.587,-1.7366,2.325,2.139,-0.0342,0.144
100.838,7,-0.17,-4.696,-1.7425,2.235,2.095,-0.0401,0.154
100.885,7,-0.17,-4.696,-1.7425,2.235,2.033,-0.0464,0.154
100.936,7,-0.211,-4.906,-1.7635,2.136,1.969,-0.063,0.123
100.985,7,-0.227,-4.982,-1.7754,2.105,1.903,-0.0753,0.121
101.035,7,-0.248,-5.074,-1.785,2.088,1.84,-0.0974,0.117
101.085,7,-0.274,-5.181,-1.7984,2.038,1.776,-0.1087,0.114
101.136,7,-0.296,-5.264,-1.8195,1.956,1.724,-0.1482,0.112
101.188,7,-0.32,-5.345,-1.8442,1.85,1.693,-0.1558,0.115
101.236,7,-0.361,-5.465,-1.9009,1.738,1.693,-0.1558,0.117
101.287,7,-0.361,-5.465,-1.9009,1.738,1.615,-0.1416,0.118
101.342,7,-0.424,-5.618,-1.9697,1.703,1.559,-0.1665,0.109
101.388,7,-0.448,-5.669,-2.0004,1.689,1.552,-0.1412,0.108
101.441,7,-0.483,-5.738,-2.024,1.638,1.552,-0.1325,0.113
101.485,7,-0.516,-5.797,-2.0572,1.598,1.552,-0.1399,0.116
101.536,7,-0.554,-5.861,-2.0902,1.559,1.564,-0.1634,0.117
101.593,7,-0.617,-5.959,-2.1462,1.547,1.564,-0.1393,0.11
101.636,7,-0.651,-6.008,-2.1673,1.549,1.524,-0.1543,0.108
101.702,7,-0.685,-6.054,-2.1918,1.552,1.484,-0.1634,0.106
101.736,7,-0.732,-6.114,-2.2156,1.562,1.462,-0.2112,0.111
101.787,7,-0.785,-6.178,-2.2471,1.555,1.446,-0.2492,0.117
101.835,7,-0.867,-6.268,-2.3074,1.516,1.446,-0.2358,0.122
101.888,7,-0.903,-6.303,-2.3423,1.459,1.359,-0.272,0.122
101.935,7,-0.974,-6.366,-2.4138,1.418,1.263,-0.2383,0.116
101.986,7,-1.012,-6.396,-2.4517,1.359,1.263,-0.2248,0.121
102.036,7,-1.05,-6.424,-2.4911,1.337,1.242,-0.2801,0.126
102.085,7,-1.091,-6.452,-2.525,1.27,1.222,-0.2881,0.133
102.135,7,-1.133,-6.478,-2.5586,1.25,1.198,-0.2985,0.136
102.188,7,-1.223,-6.528,-2.6407,1.22,1.198,-0.3009,0.144
102.236,7,-1.294,-6.56,-2.7138,1.186,1.123,-0.3088,0.144
102.285,7,-1.335,-6.576,-2.7512,1.178,1.123,-0.2967,0.133
102.336,7,-1.375,-6.589,-2.792,1.167,1.122,-0.3311,0.13
102.388,7,-1.413,-6.6,-2.8311,1.118,1.122,-0.3534,0.12
102.438,7,-1.491,-6.618,-2.9133,1.098,1.122,-0.3426,0.106
102.485,7,-1.559,-6.629,-2.9792,1.104,1.146,-0.3765,0.103
102.549,7,-1.601,-6.633,-3.0189,1.1,1.111,-0.3688,0.095
102.585,7,-1.638,-6.635,-3.065,1.101,1.111,-0.3288,0.094
102.637,7,-1.705,-6.635,3.1362,1.11,1.02,-0.3643,0.098
102.686,7,-1.738,-6.633,3.1028,1.096,1.02,-0.3285,0.098
102.749,7,-1.814,-6.624,3.0261,1.082,1.02,-0.3516,0.096
102.793,7,-1.847,-6.618,2.9886,1.021,1.02,-0.3401,0.097
102.843,7,-1.923,-6.6,2.9129,0.996,1.02,-0.3373,0.109
102.893,7,-1.952,-6.592,2.876,0.996,1.064,-0.3269,0.113
102.935,7,-1.994,-6.578,2.8451,1.002,1.064,-0.303,0.119
102.985,7,-2.06,-6.551,2.761,1.044,1.141,-0.349,0.126
103.039,7,-2.097,-6.534,2.7282,1.055,1.141,-0.3415,0.13
103.085,7,-2.133,-6.515,2.6903,1.067,1.187,-0.3099,0.131
103.144,7,-2.196,-6.478,2.6031,1.134,1.197,-0.3175,0.143
103.187,7,-2.224,-6.459,2.5733,1.165,1.197,-0.2969,0.147
103.247,7,-2.296,-6.405,2.4951,1.18,1.266,-0.3091,0.156
103.288,7,-2.32,-6.385,2.4545,1.185,1.266,-0.262,0.159
103.336,7,-2.357,-6.351,2.4268,1.188,1.331,-0.3348,0.163
103.39,7,-2.398,-6.309,2.3807,1.201,1.31,-0.3466,0.164
103.435,7,-2.438,-6.264,2.3265,1.253,1.31,-0.3218,0.167
103.488,7,-2.504,-6.178,2.2185,1.303,1.258,-0.3691,0.177
103.558,7,-2.531,-6.135,2.1669,1.3,1.258,-0.349,0.181
103.593,7,-2.56,-6.083,2.116,1.282,1.239,-0.349,0.18
103.636,7,-2.596,-6.003,2.0011,1.232,1.231,-0.3096,0.179
103.685,7,-2.612,-5.961,1.9556,1.219,1.231,-0.2862,0.175
103.735,7,-2.629,-5.908,1.9071,1.222,1.139,-0.2974,0.158
103.804,7,-2.644,-5.848,1.8524,1.225,1.139,-0.2744,0.145
103.836,7,-2.653,-5.805,1.7946,1.197,1.04,-0.2745,0.14
103.885,7,-2.664,-5.733,1.7246,1.13,1.04,-0.2424,0.128
103.936,7,-2.668,-5.691,1.6948,1.11,1.04,-0.2267,0.125
103.985,7,-2.672,-5.623,1.6365,1.035,1.04,-0.2051,0.121
104.037,7,-2.673,-5.59,1.6127,1.033,1.04,-0.1936,0.12
104.085,7,-2.673,-5.557,1.5903,1.037,1.062,-0.1568,0.122
104.139,7,-2.672,-5.514,1.5681,1.041,1.111,-0.1704,0.124
104.195,7,-2.667,-5.425,1.514,1.051,1.111,-0.1588,0.128
104.236,7,-2.665,-5.391,1.4959,1.066,1.171,-0.1221,0.128
104.285,7,-2.656,-5.316,1.461,1.11,1.171,-0.126,0.126
104.335,7,-2.646,-5.244,1.4287,1.168,1.241,-0.1278,0.125
104.386,7,-2.638,-5.198,1.4142,1.183,1.241,-0.1117,0.137
104.436,7,-2.628,-5.144,1.3964,1.2,1.307,-0.1118,0.153
104.495,7,-2.616,-5.091,1.374,1.245,1.307,-0.1054,0.16
104.542,7,-2.603,-5.034,1.3539,1.263,1.371,-0.0892,0.176
104.587,7,-2.59,-4.982,1.3348,1.315,1.431,-0.078,0.192
104.647,7,-2.564,-4.889,1.3021,1.332,1.489,-0.0681,0.221
104.685,7,-2.549,-4.836,1.2901,1.37,1.489,-0.0588,0.232
104.736,7,-2.522,-4.749,1.2667,1.447,1.545,-0.0473,0.267
104.785,7,-2.505,-4.699,1.2577,1.486,1.599,-0.0408,0.279
104.835,7,-2.466,-4.584,1.2385,1.56,1.651,-0.0324,0.318
104.886,7,-2.449,-4.537,1.2316,1.602,1.651,-0.0254,0.332
104.935,7,-2.411,-4.435,1.2216,1.651,1.701,-0.012,0.36
104.997,7,-2.388,-4.372,1.2167,1.665,1.75,-0.0131,0.409
105.046,7,-2.367,-4.315,1.2119,1.674,1.798,-0.0084,0.426
105.086,7,-2.344,-4.256,1.2092,1.703,1.844,-0.0,0.459
105.137,7,-2.295,-4.128,1.2043,1.76,1.844,0.0,0.511
105.197,7,-2.272,-4.07,1.2027,1.806,1.89,0.0,0.528
105.242,7,-2.244,-3.995,1.2029,1.846,1.977,0.0088,0.53
105.287,7,-2.213,-3.916,1.2029,1.87,1.977,0.0096,0.511
105.338,7,-2.16,-3.778,1.2039,1.947,2.02,0.013,0.48
105.385,7,-2.117,-3.664,1.2073,1.992,2.102,0.0167,0.46
105.436,7,-2.094,-3.603,1.2093,2.003,2.102,0.0124,0.45
105.485,7,-2.071,-3.541,1.2114,2.049,2.142,0.0178,0.428
105.535,7,-2.012,-3.383,1.219,2.115,2.181,0.0174,0.394
105.586,7,-1.984,-3.304,1.2222,2.127,2.219,0.0175,0.382
105.635,7,-1.933,-3.159,1.231,2.162,2.294,0.0126,0.358
105.693,7,-1.907,-3.086,1.2347,2.206,2.331,0.0141,0.319
105.735,7,-1.878,-3.0,1.2386,2.231,2.331,0.0084,0.306
105.786,7,-1.847,-2.908,1.242,2.286,2.402,0.0085,0.279
105.838,7,-1.798,-2.762,1.2474,2.336,2.366,0.0095,0.237
105.892,7,-1.771,-2.681,1.2496,2.366,2.316,0.0145,0.223
105.936,7,-1.741,-2.59,1.2521,2.386,2.202,0.0342,0.194
105.994,7,-1.682,-2.407,1.2593,2.359,2.139,0.0562,0.155
106.035,7,-1.661,-2.341,1.263,2.336,2.075,0.0742,0.142
106.086,7,-1.615,-2.187,1.2803,2.204,2.009,0.1025,0.1
106.145,7,-1.596,-2.121,1.2938,2.157,1.941,0.122,0.095
106.19,7,-1.575,-2.038,1.3086,2.107,1.878,0.1387,0.088
106.24,7,-1.557,-1.96,1.3279,2.062,1.827,0.1601,0.08
106.285,7,-1.528,-1.804,1.3894,1.931,1.794,0.1583,0.074
106.335,7,-1.52,-1.748,1.4177,1.889,1.769,0.1495,0.076
106.396,7,-1.507,-1.623,1.4735,1.816,1.743,0.1457,0.081
106.435,7,-1.504,-1.566,1.4999,1.799,1.719,0.1142,0.081
106.486,7,-1.502,-1.501,1.5266,1.777,1.703,0.1034,0.078
106.535,7,-1.504,-1.348,1.5789,1.737,1.695,0.0904,0.08
106.589,7,-1.507,-1.274,1.6072,1.723,1.695,0.0728,0.098
106.65,7,-1.513,-1.196,1.6295,1.71,1.695,0.0606,0.106
106.687,7,-1.518,-1.133,1.6506,1.703,1.694,0.0484,0.109
106.736,7,-1.532,-1.01,1.6791,1.704,1.744,0.0282,0.116
106.793,7,-1.54,-0.947,1.6896,1.705,1.792,0.0202,0.118
106.835,7,-1.556,-0.826,1.7028,1.744,1.838,0.0134,0.122
106.886,7,-1.565,-0.758,1.7064,1.786,1.884,0.0081,0.143
106.94,7,-1.576,-0.686,1.7104,1.811,1.884,0.0094,0.152
106.989,7,-1.584,-0.628,1.7137,1.849,1.971,0.0092,0.169
107.035,7,-1.596,-0.546,1.7152,1.881,2.014,0.0098,0.178
107.098,7,-1.62,-0.385,1.7198,1.91,2.055,0.0082,0.215
107.137,7,-1.629,-0.326,1.7219,1.961,2.096,0.0086,0.224
107.187,7,-1.652,-0.183,1.7259,2.028,2.136,0.0091,0.256
107.237,7,-1.662,-0.116,1.7275,2.06,2.175,0.0042,0.267
107.314,7,-1.686,0.028,1.7309,2.11,2.214,0.0042,0.302
107.335,7,-1.699,0.109,1.733,2.138,2.214,0.0057,0.313
107.387,7,-1.714,0.202,1.7339,2.156,2.252,0.0047,0.336
107.436,7,-1.727,0.281,1.7352,2.208,2.326,0.0,0.359
107.485,7,-1.756,0.449,1.7373,2.255,2.362,0.0,0.393
107.538,7,-1.768,0.521,1.7385,2.265,2.397,0.0,0.403
107.588,7,-1.797,0.691,1.7392,2.325,2.432,-0.0,0.377
107.637,7,-1.813,0.787,1.7392,2.362,2.467,-0.0,0.351
107.686,7,-1.83,0.885,1.7392,2.398,2.501,-0.0,0.337
107.735,7,-1.845,0.971,1.7392,2.418,2.568,-0.0,0.308
107.796,7,-1.876,1.158,1.7392,2.496,2.6,-0.0,0.258
107.839,7,-1.891,1.246,1.7392,2.514,2.633,-0.0,0.242
107.885,7,-1.924,1.438,1.7392,2.594,2.696,-0.0051,0.211
107.935,7,-1.944,1.552,1.7392,2.629,2.665,-0.0043,0.206
107.985,7,-1.964,1.673,1.7392,2.651,2.614,-0.0105,0.203
108.037,7,-1.985,1.795,1.7392,2.676,2.562,-0.0131,0.202
108.095,7,-2.011,1.955,1.7345,2.663,2.455,-0.0129,0.201
108.138,7,-2.028,2.058,1.7315,2.623,2.403,-0.0183,0.2
108.185,7,-2.052,2.215,1.7241,2.513,2.266,-0.0261,0.197
108.235,7,-2.072,2.35,1.7155,2.401,2.266,-0.0215,0.193
108.285,7,-2.08,2.408,1.711,2.358,2.225,-0.0228,0.19
108.335,7,-2.099,2.556,1.7006,2.291,2.168,-0.022,0.184
108.39,7,-2.108,2.628,1.6961,2.259,2.111,-0.0217,0.183
108.436,7,-2.126,2.784,1.6858,2.219,2.003,-0.0295,0.181
108.486,7,-2.135,2.861,1.681,2.161,2.003,-0.0298,0.181
108.539,7,-2.141,2.921,1.6759,2.116,1.91,-0.0386,0.181
108.592,7,-2.155,3.072,1.6634,2.019,1.851,-0.0503,0.182
108.638,7,-2.159,3.121,1.6572,2.001,1.781,-0.0579,0.18
108.695,7,-2.17,3.283,1.6416,1.916,1.704,-0.0917,0.17
108.735,7,-2.176,3.385,1.624,1.856,1.635,-0.1187,0.165
108.788,7,-2.178,3.446,1.6142,1.798,1.573,-0.1308,0.158
108.836,7,-2.179,3.516,1.5975,1.722,1.573,-0.1302,0.155
108.885,7,-2.177,3.618,1.5515,1.582,1.514,-0.1666,0.147
108.936,7,-2.174,3.671,1.5331,1.568,1.453,-0.1931,0.145
108.986,7,-2.165,3.776,1.485,1.522,1.379,-0.2014,0.134
109.036,7,-2.159,3.822,1.4594,1.502,1.379,-0.1906,0.13
109.092,7,-2.151,3.877,1.4322,1.454,1.284,-0.2101,0.123
109.136,7,-2.128,3.984,1.3604,1.35,1.227,-0.2315,0.118
109.187,7,-2.117,4.026,1.3315,1.289,1.201,-0.2357,0.117
109.236,7,-2.095,4.099,1.2813,1.266,1.201,-0.2293,0.121
109.286,7,-2.083,4.134,1.2557,1.212,1.201,-0.2297,0.122
109.336,7,-2.053,4.212,1.1995,1.188,1.2,-0.2417,0.118
109.387,7,-2.037,4.249,1.1724,1.19,1.2,-0.229,0.118
109.435,7,-2.0,4.324,1.1191,1.195,1.181,-0.228,0.123
109.485,7,-1.979,4.362,1.0874,1.195,1.181,-0.2414,0.129
109.542,7,-1.959,4.396,1.0571,1.193,1.181,-0.2169,0.131
109.586,7,-1.909,4.473,0.9952,1.173,1.18,-0.2273,0.132
109.637,7,-1.887,4.503,0.9641,1.174,1.18,-0.2208,0.128
109.687,7,-1.843,4.561,0.9132,1.177,1.25,-0.267,0.122
109.735,7,-1.795,4.617,0.8679,1.184,1.26,-0.285,0.121
109.786,7,-1.772,4.642,0.8383,1.22,1.26,-0.2736,0.12
109.835,7,-1.749,4.665,0.8105,1.237,1.231,-0.2748,0.122
109.9,7,-1.68,4.728,0.7447,1.252,1.14,-0.3031,0.114
109.946,7,-1.657,4.747,0.7034,1.247,1.14,-0.2901,0.11
109.986,7,-1.604,4.787,0.6778,1.231,1.055,-0.3009,0.104
110.035,7,-1.532,4.834,0.5819,1.137,1.055,-0.2622,0.1
110.088,7,-1.495,4.855,0.5444,1.119,1.055,-0.2724,0.102
110.137,7,-1.458,4.874,0.5055,1.048,1.055,-0.2642,0.103
110.186,7,-1.42,4.893,0.4723,1.04,1.055,-0.2587,0.104
110.236,7,-1.373,4.913,0.4366,1.038,0.975,-0.2477,0.093
110.298,7,-1.291,4.944,0.357,1.05,0.975,-0.2246,0.079
110.335,7,-1.23,4.963,0.3006,0.984,0.903,-0.2625,0.075
110.395,7,-1.203,4.97,0.281,0.97,0.903,-0.2381,0.067
110.437,7,-1.166,4.979,0.2598,0.911,0.903,-0.2698,0.065
110.485,7,-1.112,4.99,0.2043,0.888,0.903,-0.2777,0.066
110.536,7,-1.084,4.995,0.1848,0.892,0.903,-0.2664,0.068
110.586,7,-1.031,5.002,0.1388,0.898,0.903,-0.2554,0.072
110.635,7,-0.998,5.006,0.1188,0.898,0.993,-0.28,0.073
110.687,7,-0.936,5.01,0.0649,0.902,0.993,-0.2667,0.074
110.736,7,-0.875,5.01,0.0133,0.988,1.075,-0.2569,0.075
110.795,7,-0.847,5.01,-0.0105,0.995,1.075,-0.258,0.076
110.835,7,-0.811,5.008,-0.0327,1.003,1.102,-0.2692,0.077
110.886,7,-0.771,5.005,-0.0607,1.056,1.102,-0.2591,0.077
110.937,7,-0.686,4.994,-0.1238,1.082,1.102,-0.2765,0.07
110.99,7,-0.638,4.985,-0.1599,1.096,1.102,-0.2597,0.068
111.038,7,-0.599,4.976,-0.1995,1.099,1.102,-0.2529,0.068
111.086,7,-0.518,4.954,-0.2635,1.098,1.154,-0.2843,0.069
111.136,7,-0.487,4.944,-0.2961,1.098,1.154,-0.2531,0.068
111.185,7,-0.452,4.932,-0.3211,1.104,1.224,-0.2533,0.064
111.24,7,-0.37,4.898,-0.388,1.15,1.224,-0.2396,0.076
111.288,7,-0.324,4.876,-0.4239,1.169,1.229,-0.2497,0.082
111.342,7,-0.278,4.852,-0.4629,1.214,1.229,-0.2428,0.093
111.385,7,-0.199,4.804,-0.5368,1.232,1.229,-0.2424,0.104
111.436,7,-0.158,4.777,-0.5718,1.229,1.284,-0.2401,0.117
111.485,7,-0.097,4.732,-0.635,1.226,1.348,-0.2515,0.125
111.549,7,-0.062,4.703,-0.6624,1.234,1.348,-0.245,0.131
111.591,7,-0.026,4.672,-0.6949,1.272,1.348,-0.2342,0.133
111.635,7,0.017,4.632,-0.7267,1.296,1.341,-0.2669,0.137
111.688,7,0.081,4.566,-0.8022,1.352,1.341,-0.2467,0.113
111.737,7,0.116,4.525,-0.8345,1.354,1.341,-0.2318,0.105
111.786,7,0.147,4.486,-0.8767,1.338,1.202,-0.244,0.091
111.836,7,0.183,4.436,-0.9173,1.335,1.202,-0.244,0.081
111.886,7,0.222,4.378,-0.9599,1.323,1.154,-0.2555,0.074
111.937,7,0.264,4.307,-1.0395,1.208,1.154,-0.2172,0.072
111.986,7,0.29,4.256,-1.0644,1.193,1.154,-0.2295,0.076
112.037,7,0.311,4.211,-1.1067,1.153,1.154,-0.2214,0.079
112.086,7,0.343,4.138,-1.1672,1.149,1.154,-0.1967,0.083
112.136,7,0.343,4.138,-1.1672,1.149,1.192,-0.169,0.085
112.187,7,0.377,4.041,-1.2268,1.157,1.192,-0.1576,0.088
112.236,7,0.399,3.969,-1.2798,1.166,1.261,-0.1588,0.088
112.286,7,0.407,3.938,-1.2963,1.189,1.326,-0.1464,0.085
112.341,7,0.42,3.886,-1.3117,1.21,1.326,-0.1383,0.081
112.388,7,0.432,3.834,-1.3383,1.261,1.352,-0.1242,0.079
112.435,7,0.442,3.779,-1.3631,1.279,1.377,-0.1128,0.084
112.498,7,0.461,3.665,-1.4141,1.364,1.377,-0.1032,0.101
112.535,7,0.467,3.618,-1.4342,1.375,1.405,-0.0869,0.105
112.586,7,0.476,3.527,-1.4649,1.392,1.464,-0.0864,0.115
112.635,7,0.48,3.48,-1.4784,1.41,1.521,-0.0723,0.118
112.703,7,0.486,3.389,-1.5015,1.425,1.521,-0.063,0.125
112.737,7,0.489,3.337,-1.5136,1.466,1.575,-0.0551,0.128
112.785,7,0.491,3.28,-1.5246,1.516,1.628,-0.0519,0.132
112.837,7,0.494,3.161,-1.5466,1.549,1.628,-0.0438,0.136
112.886,8,0.495,3.064,-1.5631,1.62,1.679,-0.0326,0.138
112.943,8,0.495,3.0,-1.5707,1.638,1.729,-0.028,0.139
112.986,8,0.494,2.941,-1.5775,1.68,1.777,-0.0256,0.139
113.037,8,0.492,2.831,-1.5835,1.7,1.777,-0.0215,0.144
113.088,8,0.49,2.754,-1.5926,1.745,1.824,-0.0161,0.149
113.135,8,0.488,2.69,-1.5989,1.76,1.915,-0.0089,0.16
113.187,8,0.486,2.619,-1.6026,1.789,1.915,-0.0041,0.165
113.243,8,0.48,2.465,-1.6101,1.851,1.958,-0.0,0.185
113.287,8,0.477,2.396,-1.6118,1.906,2.001,-0.0,0.191
113.336,8,0.47,2.25,-1.6144,1.939,2.043,0.0,0.206
113.401,8,0.468,2.183,-1.6144,1.967,2.084,0.0,0.212
113.436,8,0.464,2.102,-1.6144,2.001,2.124,0.0,0.22
113.486,8,0.461,2.021,-1.6144,2.05,2.164,0.0045,0.216
113.536,8,0.457,1.935,-1.6144,2.088,2.202,0.0045,0.214
113.599,8,0.451,1.802,-1.6144,2.128,2.278,0.0046,0.207
113.635,8,0.446,1.689,-1.6141,2.153,2.278,0.0046,0.203
113.687,8,0.441,1.575,-1.6127,2.186,2.315,0.0047,0.199
113.741,8,0.438,1.477,-1.6109,2.215,2.387,0.0,0.195
113.786,8,0.433,1.364,-1.6098,2.224,2.422,0.0,0.191
113.837,8,0.429,1.261,-1.6083,2.285,2.456,-0.0,0.189
113.888,8,0.426,1.154,-1.6069,2.33,2.491,-0.0,0.185
113.935,8,0.421,1.021,-1.6069,2.392,2.524,-0.0,0.181
113.986,8,0.417,0.911,-1.6069,2.442,2.59,-0.0,0.177
114.036,8,0.412,0.783,-1.6069,2.475,2.623,-0.0047,0.172
114.087,8,0.407,0.644,-1.6069,2.51,2.655,-0.0054,0.168
114.136,8,0.403,0.536,-1.6069,2.547,2.687,-0.0056,0.163
114.186,8,0.398,0.406,-1.6069,2.59,2.749,-0.0043,0.158
114.236,8,0.388,0.154,-1.6107,2.654,2.779,-0.0047,0.146
114.288,8,0.384,0.054,-1.6124,2.689,2.81,-0.0,0.143
114.336,8,0.379,-0.056,-1.6141,2.713,2.824,-0.0043,0.136
114.388,8,0.371,-0.243,-1.617,2.792,2.775,-0.0086,0.132
114.437,8,0.363,-0.406,-1.6182,2.825,2.677,-0.0172,0.132
114.488,8,0.359,-0.487,-1.6202,2.813,2.629,-0.0224,0.132
114.55,8,0.351,-0.629,-1.6223,2.801,2.58,-0.0216,0.134
114.587,8,0.344,-0.745,-1.6281,2.747,2.541,-0.0273,0.14
114.641,8,0.337,-0.859,-1.6357,2.674,2.502,-0.0172,0.154
114.686,8,0.328,-0.973,-1.6431,2.618,2.502,-0.0189,0.166
114.737,8,0.307,-1.205,-1.6608,2.559,2.554,-0.023,0.154
114.803,8,0.298,-1.298,-1.6662,2.529,2.587,-0.0129,0.146
114.84,8,0.287,-1.401,-1.6715,2.523,2.62,-0.0129,0.142
114.885,8,0.266,-1.596,-1.6822,2.587,2.683,-0.0086,0.14
114.937,8,0.256,-1.68,-1.6852,2.604,2.715,-0.0102,0.139
114.987,8,0.235,-1.85,-1.6912,2.674,2.692,-0.0062,0.14
115.038,8,0.225,-1.933,-1.6936,2.706,2.692,-0.0059,0.141
115.086,8,0.203,-2.103,-1.6988,2.719,2.715,-0.0,0.143
115.135,8,0.181,-2.267,-1.7015,2.71,2.777,-0.0,0.143
115.188,8,0.169,-2.364,-1.7027,2.709,2.807,-0.0,0.169
115.237,8,0.155,-2.465,-1.7027,2.722,2.837,-0.0,0.183
115.288,8,0.14,-2.577,-1.7027,2.749,2.867,-0.0,0.166
115.343,8,0.121,-2.723,-1.7027,2.798,2.896,-0.0,0.147
115.386,8,0.103,-2.856,-1.7027,2.84,2.954,-0.0064,0.14
115.436,8,0.075,-3.07,-1.7027,2.876,2.871,-0.0043,0.14
115.486,8,0.062,-3.168,-1.703,2.901,2.824,-0.0091,0.14
115.536,8,0.035,-3.363,-1.7066,2.953,2.729,-0.0043,0.144
115.587,8,0.018,-3.486,-1.7091,2.903,2.685,-0.0043,0.147
115.635,8,0.001,-3.603,-1.7125,2.858,2.64,-0.0043,0.147
115.685,8,0.001,-3.603,-1.7125,2.858,2.591,-0.0043,0.148
115.737,8,-0.042,-3.895,-1.718,2.714,2.486,-0.0101,0.149
115.786,8,-0.058,-3.999,-1.7195,2.694,2.431,-0.0086,0.147
115.835,8,-0.084,-4.173,-1.7208,2.661,2.376,-0.0137,0.147
115.886,8,-0.101,-4.282,-1.7232,2.596,2.267,-0.0129,0.141
115.947,8,-0.117,-4.38,-1.7266,2.528,2.214,-0.0172,0.14
115.991,8,-0.132,-4.472,-1.7291,2.463,2.139,-0.0344,0.14
116.036,8,-0.15,-4.585,-1.7328,2.337,2.095,-0.0433,0.144
116.085,8,-0.181,-4.761,-1.7437,2.204,2.033,-0.0506,0.149
116.136,8,-0.204,-4.879,-1.7591,2.119,1.969,-0.0673,0.13
116.206,8,-0.217,-4.943,-1.7688,2.07,1.903,-0.0794,0.127
116.236,8,-0.234,-5.023,-1.7786,2.047,1.84,-0.1009,0.121
116.289,8,-0.257,-5.12,-1.7914,2.025,1.776,-0.1098,0.117
116.337,8,-0.276,-5.194,-1.8114,1.969,1.75,-0.1381,0.114
116.385,8,-0.317,-5.335,-1.8542,1.806,1.724,-0.1315,0.115
116.443,8,-0.334,-5.388,-1.8767,1.768,1.693,-0.1352,0.116
116.494,8,-0.358,-5.457,-1.8992,1.744,1.615,-0.1417,0.117
116.535,8,-0.388,-5.531,-1.9259,1.72,1.559,-0.1535,0.112
116.589,8,-0.419,-5.604,-1.9604,1.694,1.552,-0.156,0.108
116.635,8,-0.452,-5.674,-1.9926,1.671,1.552,-0.1287,0.107
116.686,8,-0.51,-5.785,-2.0592,1.557,1.552,-0.141,0.115
116.736,8,-0.536,-5.83,-2.0835,1.542,1.552,-0.1323,0.116
116.791,8,-0.587,-5.912,-2.1237,1.549,1.564,-0.1544,0.113
116.837,8,-0.64,-5.991,-2.1588,1.552,1.524,-0.1555,0.108
116.898,8,-0.696,-6.068,-2.2019,1.559,1.484,-0.1684,0.106
116.938,8,-0.719,-6.098,-2.2211,1.563,1.484,-0.1514,0.107
116.986,8,-0.748,-6.133,-2.2372,1.536,1.462,-0.1988,0.113
117.036,8,-0.826,-6.223,-2.2882,1.475,1.446,-0.2389,0.119
117.092,8,-0.857,-6.255,-2.3228,1.453,1.446,-0.2215,0.12
117.136,8,-0.9,-6.297,-2.3495,1.452,1.359,-0.246,0.117
117.205,8,-0.982,-6.368,-2.423,1.439,1.263,-0.2335,0.112
117.236,8,-1.022,-6.4,-2.4574,1.424,1.263,-0.2089,0.117
117.286,8,-1.058,-6.426,-2.4947,1.349,1.222,-0.2894,0.126
117.337,8,-1.141,-6.48,-2.5564,1.249,1.222,-0.2757,0.136
117.394,8,-1.188,-6.507,-2.5907,1.238,1.198,-0.2985,0.14
117.438,8,-1.238,-6.534,-2.6357,1.207,1.198,-0.302,0.143
117.489,8,-1.289,-6.557,-2.6837,1.204,1.123,-0.332,0.143
117.535,8,-1.363,-6.586,-2.771,1.17,1.122,-0.3309,0.133
117.587,8,-1.397,-6.597,-2.8074,1.117,1.122,-0.3309,0.13
117.637,8,-1.463,-6.614,-2.882,1.096,1.122,-0.353,0.119
117.686,8,-1.505,-6.623,-2.9116,1.099,1.146,-0.3886,0.107
117.746,8,-1.544,-6.629,-2.9561,1.099,1.146,-0.3746,0.103
117.793,8,-1.591,-6.634,-3.0001,1.098,1.111,-0.3667,0.098
117.839,8,-1.642,-6.637,-3.0578,1.114,1.111,-0.3405,0.096
117.886,8,-1.693,-6.636,-3.1166,1.12,1.02,-0.3522,0.097
117.935,8,-1.785,-6.628,3.0505,1.095,1.02,-0.3291,0.098
117.985,8,-1.816,-6.623,3.0065,1.076,1.02,-0.3166,0.096
118.036,8,-1.884,-6.609,2.9376,1.001,1.02,-0.3377,0.102
118.085,8,-1.92,-6.599,2.8988,1.0,1.02,-0.3258,0.105
118.136,8,-1.954,-6.588,2.8624,1.005,1.064,-0.3172,0.112
118.188,8,-2.026,-6.561,2.7928,1.007,1.064,-0.2944,0.12
118.237,8,-2.061,-6.546,2.7511,1.007,1.141,-0.3489,0.122
118.285,8,-2.115,-6.519,2.6869,1.043,1.187,-0.3073,0.126
118.336,8,-2.149,-6.5,2.6538,1.095,1.187,-0.2827,0.128
118.385,8,-2.182,-6.48,2.6114,1.126,1.197,-0.295,0.136
118.441,8,-2.251,-6.432,2.5372,1.176,1.197,-0.2841,0.146
118.486,8,-2.282,-6.408,2.5,1.184,1.266,-0.2868,0.149
118.545,8,-2.346,-6.352,2.4274,1.19,1.266,-0.2755,0.156
118.586,8,-2.38,-6.319,2.3909,1.197,1.331,-0.3199,0.157
118.642,8,-2.436,-6.257,2.3148,1.258,1.31,-0.3215,0.16
118.686,8,-2.466,-6.22,2.2779,1.273,1.31,-0.3102,0.164
118.743,8,-2.51,-6.159,2.1955,1.3,1.258,-0.3479,0.173
118.79,8,-2.538,-6.113,2.1579,1.3,1.258,-0.323,0.175
118.836,8,-2.562,-6.07,2.1066,1.282,1.231,-0.3477,0.175
118.894,8,-2.597,-5.997,2.0067,1.241,1.231,-0.3242,0.177
118.935,8,-2.611,-5.961,1.9739,1.234,1.139,-0.3095,0.179
118.986,8,-2.627,-5.915,1.9328,1.22,1.139,-0.3095,0.166
119.047,8,-2.652,-5.823,1.8329,1.202,1.04,-0.3006,0.147
119.09,8,-2.658,-5.79,1.7927,1.144,1.04,-0.2505,0.142
119.14,8,-2.665,-5.749,1.761,1.129,1.04,-0.2529,0.134
119.186,8,-2.675,-5.657,1.6782,1.041,1.04,-0.2372,0.127
119.235,8,-2.677,-5.622,1.6456,1.029,1.04,-0.213,0.126
119.285,8,-2.679,-5.557,1.5934,1.035,1.062,-0.1672,0.126
119.345,8,-2.678,-5.515,1.5735,1.041,1.062,-0.1559,0.13
119.388,8,-2.677,-5.48,1.5467,1.05,1.111,-0.1674,0.131
119.436,8,-2.675,-5.439,1.5295,1.064,1.111,-0.1562,0.133
119.486,8,-2.667,-5.353,1.4888,1.078,1.171,-0.1467,0.135
119.536,8,-2.663,-5.316,1.4691,1.11,1.171,-0.1369,0.134
119.592,8,-2.656,-5.266,1.4516,1.119,1.241,-0.1342,0.133
119.638,8,-2.648,-5.215,1.4282,1.135,1.307,-0.1266,0.139
119.686,8,-2.639,-5.16,1.4058,1.188,1.307,-0.1118,0.147
119.736,8,-2.616,-5.057,1.3596,1.268,1.371,-0.1011,0.178
119.788,8,-2.606,-5.013,1.3409,1.313,1.431,-0.0858,0.186
119.844,8,-2.582,-4.923,1.3107,1.329,1.431,-0.0781,0.212
119.885,8,-2.567,-4.873,1.2969,1.376,1.489,-0.0664,0.222
119.937,8,-2.551,-4.82,1.2836,1.429,1.545,-0.0552,0.245
119.987,8,-2.515,-4.71,1.2582,1.493,1.545,-0.0474,0.281
120.036,8,-2.502,-4.669,1.2471,1.515,1.599,-0.0332,0.294
120.086,8,-2.471,-4.581,1.2321,1.558,1.651,-0.0279,0.333
120.135,8,-2.456,-4.541,1.226,1.561,1.651,-0.025,0.346
120.186,8,-2.416,-4.432,1.2162,1.616,1.701,-0.0163,0.391
120.236,8,-2.392,-4.37,1.2114,1.653,1.75,-0.0127,0.408
120.286,8,-2.351,-4.263,1.2036,1.708,1.798,-0.0,0.457
120.336,8,-2.326,-4.2,1.201,1.722,1.844,-0.0,0.474
120.385,8,-2.284,-4.092,1.1964,1.775,1.89,0.0058,0.524
120.435,8,-2.256,-4.021,1.1964,1.828,1.934,0.01,0.534
120.486,8,-2.225,-3.943,1.1964,1.856,1.934,0.0082,0.525
120.538,8,-2.2,-3.879,1.1966,1.879,2.02,0.0166,0.506
120.586,8,-2.147,-3.741,1.2005,1.947,2.061,0.0165,0.475
120.635,8,-2.099,-3.616,1.2058,2.008,2.102,0.0165,0.444
120.685,8,-2.08,-3.567,1.2085,2.026,2.142,0.0166,0.434
120.736,8,-2.044,-3.47,1.2112,2.054,2.142,0.0166,0.434
120.785,8,-2.003,-3.359,1.2163,2.082,2.181,0.0166,0.389
120.843,8,-1.973,-3.275,1.2219,2.123,2.219,0.0167,0.365
120.888,8,-1.946,-3.201,1.2263,2.157,2.294,0.0169,0.353
120.939,8,-1.919,-3.122,1.2303,2.186,2.294,0.0169,0.34
120.986,8,-1.855,-2.936,1.2395,2.246,2.367,0.0126,0.288
121.036,8,-1.827,-2.855,1.244,2.29,2.402,0.0084,0.274
121.085,8,-1.8,-2.773,1.2482,2.313,2.316,0.0145,0.246
121.145,8,-1.747,-2.612,1.2533,2.387,2.316,0.013,0.202
121.186,8,-1.725,-2.545,1.2556,2.386,2.202,0.0357,0.188
121.236,8,-1.673,-2.382,1.2623,2.342,2.139,0.0512,0.149
121.299,8,-1.646,-2.295,1.2655,2.325,2.075,0.0681,0.123
121.338,8,-1.622,-2.213,1.275,2.255,2.009,0.0977,0.109
121.386,8,-1.599,-2.134,1.2842,2.212,1.941,0.1221,0.096
121.435,8,-1.557,-1.968,1.3251,2.037,1.827,0.1619,0.084
121.489,8,-1.543,-1.9,1.3499,2.002,1.827,0.1619,0.081
121.536,8,-1.53,-1.833,1.3749,1.958,1.794,0.1501,0.076
121.598,8,-1.511,-1.695,1.4341,1.854,1.769,0.1563,0.081
121.637,8,-1.505,-1.63,1.466,1.827,1.719,0.1305,0.083
121.686,8,-1.5,-1.511,1.5216,1.793,1.719,0.118,0.081
121.744,8,-1.499,-1.439,1.5471,1.761,1.703,0.1057,0.081
121.786,8,-1.499,-1.439,1.5471,1.761,1.695,0.0982,0.08
121.839,8,-1.506,-1.265,1.6173,1.722,1.695,0.0861,0.102
121.886,8,-1.511,-1.196,1.6357,1.712,1.695,0.0572,0.105
121.937,8,-1.518,-1.119,1.6562,1.703,1.744,0.0363,0.111
121.99,8,-1.528,-1.038,1.6773,1.702,1.792,0.0254,0.116
122.041,8,-1.538,-0.96,1.6905,1.704,1.792,0.0121,0.12
122.088,8,-1.549,-0.879,1.7016,1.714,1.838,0.0081,0.123
122.141,8,-1.569,-0.743,1.7153,1.796,1.884,0.0059,0.146
122.185,8,-1.586,-0.625,1.7186,1.837,1.928,0.0,0.155
122.241,8,-1.595,-0.566,1.7201,1.852,1.971,0.0,0.181
122.293,8,-1.614,-0.44,1.721,1.926,2.014,0.0,0.198
122.335,8,-1.631,-0.326,1.721,1.986,2.055,0.0058,0.208
122.395,8,-1.64,-0.27,1.721,2.01,2.096,0.0041,0.238
122.436,8,-1.652,-0.193,1.7213,2.026,2.096,0.0041,0.249
122.486,8,-1.663,-0.121,1.7225,2.062,2.136,0.01,0.272
122.536,8,-1.675,-0.04,1.7234,2.094,2.214,0.0083,0.283
122.585,8,-1.706,0.156,1.7256,2.116,2.252,0.0084,0.33
122.635,8,-1.722,0.257,1.7268,2.13,2.289,0.0084,0.354
122.695,8,-1.736,0.345,1.7293,2.201,2.326,0.0084,0.366
122.735,8,-1.762,0.504,1.7336,2.283,2.397,0.009,0.4
122.786,8,-1.776,0.59,1.7355,2.321,2.397,0.0042,0.393
122.837,8,-1.792,0.683,1.7376,2.348,2.432,0.0062,0.38
122.886,8,-1.807,0.766,1.7401,2.392,2.501,0.0,0.355
122.941,8,-1.837,0.939,1.7429,2.435,2.534,0.0,0.315
122.986,8,-1.85,1.014,1.7445,2.444,2.568,-0.0,0.299
123.044,8,-1.867,1.112,1.7444,2.482,2.6,-0.0046,0.283
123.087,8,-1.892,1.256,1.7444,2.505,2.665,-0.0043,0.234
123.135,8,-1.928,1.459,1.7444,2.571,2.696,-0.0097,0.21
123.199,8,-1.947,1.568,1.7432,2.606,2.665,-0.0135,0.207
123.249,8,-1.963,1.663,1.7413,2.661,2.562,-0.0129,0.205
123.286,8,-1.983,1.785,1.7385,2.691,2.562,-0.0129,0.201
123.336,8,-2.015,1.983,1.729,2.648,2.455,-0.0134,0.199
123.385,8,-2.032,2.094,1.7253,2.606,2.35,-0.0129,0.196
123.439,8,-2.047,2.197,1.721,2.574,2.35,-0.0129,0.195
123.486,8,-2.059,2.278,1.7164,2.527,2.266,-0.0185,0.191
123.537,8,-2.085,2.463,1.7097,2.392,2.225,-0.0172,0.185
123.588,8,-2.096,2.547,1.7049,2.312,2.168,-0.0221,0.184
123.635,8,-2.115,2.697,1.6964,2.269,2.052,-0.0302,0.181
123.689,8,-2.126,2.783,1.6925,2.239,2.003,-0.0356,0.181
123.748,8,-2.136,2.878,1.6867,2.182,1.957,-0.0421,0.18
123.802,8,-2.144,2.953,1.6781,2.092,1.91,-0.0375,0.181
123.843,8,-2.155,3.064,1.6712,2.053,1.91,-0.0375,0.182
123.916,8,-2.163,3.164,1.6593,1.999,1.851,-0.0499,0.179
123.937,8,-2.167,3.23,1.6469,1.958,1.781,-0.0621,0.176
123.985,8,-2.176,3.37,1.6395,1.928,1.704,-0.0866,0.168
124.037,8,-2.176,3.37,1.6395,1.928,1.635,-0.1332,0.168
124.086,8,-2.184,3.577,1.611,1.877,1.573,-0.1437,0.163
124.136,8,-2.184,3.577,1.611,1.877,1.514,-0.206,0.16
124.194,8,-2.185,3.674,1.5926,1.783,1.514,-0.206,0.158
124.24,8,-2.185,3.674,1.5926,1.783,1.453,-0.2543,0.158
124.289,8,-2.184,3.747,1.5667,1.684,1.379,-0.2498,0.158
124.339,8,-2.161,3.97,1.4324,1.446,1.227,-0.3565,0.148
124.395,8,-2.15,4.023,1.3922,1.416,1.227,-0.28,0.148
124.446,8,-2.14,4.066,1.3503,1.393,1.201,-0.2792,0.151
124.485,8,-2.121,4.129,1.3177,1.353,1.201,-0.2777,0.155
124.536,8,-2.094,4.205,1.2216,1.188,1.2,-0.2743,0.155
124.585,8,-2.081,4.236,1.1939,1.171,1.2,-0.2633,0.153
124.636,8,-2.057,4.288,1.1655,1.176,1.181,-0.2503,0.153
124.69,8,-2.014,4.367,1.0752,1.187,1.181,-0.2505,0.16
124.735,8,-1.975,4.43,1.0171,1.175,1.181,-0.2288,0.163
124.785,8,-1.955,4.459,0.9896,1.169,1.18,-0.241,0.163
124.85,8,-1.912,4.518,0.9331,1.168,1.18,-0.2204,0.152
124.885,8,-1.89,4.545,0.9094,1.169,1.25,-0.2617,0.149
124.936,8,-1.843,4.6,0.8561,1.173,1.26,-0.2734,0.143
124.988,8,-1.798,4.647,0.8143,1.184,1.26,-0.2742,0.142
125.035,8,-1.745,4.696,0.759,1.234,1.231,-0.2767,0.141
125.088,8,-1.712,4.725,0.7296,1.246,1.231,-0.2649,0.13
125.136,8,-1.645,4.776,0.6516,1.224,1.14,-0.2634,0.122
125.187,8,-1.611,4.8,0.6225,1.219,1.055,-0.2745,0.116
125.237,8,-1.574,4.823,0.5894,1.203,1.055,-0.2628,0.114
125.286,8,-1.511,4.859,0.5168,1.047,1.055,-0.2606,0.111
125.336,8,-1.48,4.875,0.4941,1.033,1.055,-0.248,0.112
125.389,8,-1.45,4.89,0.4663,1.034,1.055,-0.2626,0.113
125.435,8,-1.367,4.925,0.4061,1.047,1.055,-0.2473,0.109
125.487,8,-1.33,4.938,0.3727,1.047,0.975,-0.236,0.088
125.536,8,-1.288,4.952,0.3414,1.045,0.975,-0.2132,0.084
125.588,8,-1.227,4.97,0.2818,0.982,0.903,-0.2358,0.074
125.636,8,-1.2,4.977,0.2633,0.967,0.903,-0.257,0.072
125.687,8,-1.145,4.989,0.2228,0.904,0.903,-0.2586,0.068
125.736,8,-1.089,4.999,0.184,0.888,0.903,-0.2798,0.072
125.786,8,-1.061,5.004,0.1615,0.891,0.903,-0.2664,0.074
125.836,8,-1.005,5.01,0.1154,0.893,0.993,-0.2825,0.077
125.885,8,-0.95,5.014,0.0703,0.895,0.993,-0.2669,0.078
125.936,8,-0.921,5.015,0.0491,0.906,0.993,-0.2596,0.078
125.987,8,-0.863,5.014,0.0031,0.984,1.075,-0.2569,0.079
126.035,8,-0.828,5.013,-0.0213,0.99,1.075,-0.246,0.08
126.085,8,-0.796,5.011,-0.0493,1.0,1.102,-0.2722,0.081
126.143,8,-0.722,5.003,-0.1,1.069,1.102,-0.2589,0.077
126.187,8,-0.681,4.997,-0.13,1.075,1.102,-0.2755,0.074
126.235,8,-0.637,4.989,-0.1639,1.09,1.102,-0.2598,0.071
126.286,8,-0.557,4.969,-0.2361,1.094,1.102,-0.2485,0.072
126.335,8,-0.492,4.95,-0.294,1.094,1.154,-0.2657,0.072
126.385,8,-0.458,4.937,-0.322,1.095,1.154,-0.2485,0.068
126.435,8,-0.398,4.914,-0.3733,1.128,1.224,-0.2397,0.069
126.49,8,-0.36,4.896,-0.4013,1.145,1.224,-0.2308,0.075
126.535,8,-0.282,4.857,-0.4682,1.21,1.229,-0.2393,0.093
126.593,8,-0.247,4.837,-0.4977,1.224,1.229,-0.2511,0.104
126.635,8,-0.178,4.794,-0.5549,1.224,1.284,-0.2456,0.109
126.687,8,-0.146,4.772,-0.5862,1.222,1.284,-0.2282,0.122
126.737,8,-0.111,4.746,-0.6155,1.228,1.284,-0.2211,0.126
126.786,8,-0.072,4.716,-0.6473,1.267,1.348,-0.2458,0.133
126.836,8,0.017,4.637,-0.7197,1.298,1.41,-0.2411,0.14
126.886,8,0.05,4.604,-0.7665,1.337,1.341,-0.2647,0.128
126.937,8,0.09,4.561,-0.8009,1.345,1.341,-0.2422,0.119
126.986,8,0.123,4.522,-0.8445,1.344,1.267,-0.2214,0.104
127.056,8,0.178,4.45,-0.9195,1.335,1.202,-0.2305,0.086
127.093,8,0.206,4.409,-0.9504,1.334,1.202,-0.2187,0.082
127.136,8,0.253,4.333,-1.0158,1.261,1.154,-0.2415,0.074
127.187,8,0.272,4.298,-1.0432,1.208,1.154,-0.2173,0.073
127.236,8,0.307,4.23,-1.0978,1.151,1.154,-0.2192,0.081
127.289,8,0.323,4.196,-1.123,1.146,1.154,-0.2205,0.084
127.342,8,0.351,4.129,-1.1723,1.149,1.192,-0.1805,0.09
127.394,8,0.363,4.096,-1.1964,1.15,1.192,-0.1691,0.091
127.437,8,0.38,4.046,-1.2199,1.152,1.261,-0.1849,0.093
127.489,8,0.394,4.003,-1.2525,1.156,1.261,-0.1576,0.093
127.535,8,0.422,3.9,-1.3061,1.211,1.326,-0.1465,0.087
127.585,8,0.422,3.9,-1.3061,1.211,1.326,-0.1399,0.087
127.635,8,0.448,3.777,-1.359,1.287,1.352,-0.1398,0.091
127.686,8,0.457,3.722,-1.3893,1.334,1.377,-0.1128,0.099
127.739,8,0.464,3.673,-1.4126,1.339,1.405,-0.1023,0.103
127.786,8,0.475,3.585,-1.4486,1.373,1.405,-0.0907,0.114
127.837,8,0.48,3.535,-1.4625,1.383,1.464,-0.0902,0.117
127.89,8,0.486,3.467,-1.4771,1.393,1.464,-0.0824,0.123
127.936,8,0.49,3.405,-1.4955,1.411,1.521,-0.063,0.128
127.985,8,0.495,3.299,-1.5249,1.458,1.575,-0.0557,0.134
128.036,8,0.496,3.247,-1.5377,1.48,1.628,-0.0435,0.136
128.089,9,0.497,3.134,-1.5569,1.542,1.679,-0.0357,0.138
128.138,9,0.497,3.073,-1.5659,1.615,1.679,-0.0333,0.141
128.187,9,0.497,2.999,-1.5735,1.639,1.729,-0.028,0.141
128.237,9,0.495,2.912,-1.5829,1.658,1.777,-0.0252,0.141
128.286,9,0.493,2.821,-1.5912,1.695,1.777,-0.0161,0.146
128.336,9,0.49,2.729,-1.5986,1.746,1.824,-0.0121,0.157
128.403,9,0.487,2.641,-1.6049,1.788,1.87,-0.0101,0.167
128.437,9,0.483,2.548,-1.609,1.806,1.915,-0.0046,0.177
128.486,9,0.479,2.458,-1.6121,1.845,1.958,-0.0,0.187
128.535,9,0.475,2.368,-1.615,1.878,2.001,0.0,0.192
128.594,9,0.471,2.287,-1.6173,1.903,2.043,0.0042,0.202
128.636,9,0.468,2.204,-1.6173,1.955,2.124,0.0041,0.212
128.686,9,0.46,2.042,-1.6161,2.04,2.124,0.0041,0.217
128.738,9,0.456,1.945,-1.615,2.062,2.164,0.0042,0.212
128.785,9,0.453,1.881,-1.6138,2.122,2.24,0.005,0.21
128.843,9,0.448,1.745,-1.6124,2.165,2.24,0.0045,0.204
128.888,9,0.445,1.673,-1.6115,2.175,2.315,0.0,0.202
128.935,9,0.438,1.506,-1.6092,2.25,2.351,0.0,0.197
128.987,9,0.435,1.41,-1.6092,2.279,2.387,0.0,0.192
129.037,9,0.431,1.308,-1.6092,2.299,2.422,0.0,0.19
129.086,9,0.427,1.206,-1.6092,2.337,2.491,-0.0,0.185
129.139,9,0.423,1.117,-1.6092,2.387,2.491,-0.0,0.183
129.186,9,0.419,0.998,-1.6092,2.425,2.558,-0.0,0.179
129.236,9,0.414,0.881,-1.6092,2.47,2.59,-0.0,0.174
129.287,9,0.406,0.664,-1.6092,2.511,2.623,-0.0,0.164
129.335,9,0.402,0.566,-1.6092,2.553,2.687,-0.0,0.162
129.386,9,0.397,0.429,-1.6092,2.587,2.687,-0.0,0.157
129.437,9,0.392,0.291,-1.6092,2.619,2.718,-0.0,0.152
129.486,9,0.387,0.155,-1.6092,2.662,2.779,-0.0,0.144
129.537,9,0.381,0.022,-1.6092,2.699,2.81,-0.0,0.141
129.586,9,0.376,-0.111,-1.6092,2.733,2.839,-0.0063,0.136
129.636,9,0.372,-0.226,-1.6092,2.781,2.727,-0.0227,0.135
129.687,9,0.368,-0.33,-1.6092,2.812,2.677,-0.0259,0.135
129.736,9,0.357,-0.584,-1.6127,2.831,2.629,-0.0302,0.136
129.788,9,0.353,-0.661,-1.6205,2.78,2.541,-0.0345,0.139
129.836,9,0.342,-0.84,-1.6331,2.715,2.502,-0.0259,0.151
129.892,9,0.334,-0.944,-1.6407,2.665,2.502,-0.0263,0.164
129.936,9,0.326,-1.041,-1.6513,2.59,2.502,-0.0216,0.167
130.001,9,0.316,-1.149,-1.6588,2.538,2.554,-0.0172,0.158
130.036,9,0.304,-1.272,-1.6671,2.51,2.587,-0.0151,0.149
130.09,9,0.29,-1.394,-1.6763,2.506,2.652,-0.0086,0.142
130.138,9,0.276,-1.52,-1.6841,2.515,2.683,-0.0043,0.14
130.186,9,0.263,-1.627,-1.6904,2.556,2.715,-0.0,0.139
130.238,9,0.234,-1.85,-1.6979,2.644,2.692,-0.0,0.139
130.285,9,0.217,-1.981,-1.7003,2.669,2.692,0.0,0.14
130.345,9,0.217,-1.981,-1.7003,2.669,2.715,0.0,0.14
130.387,9,0.199,-2.121,-1.7003,2.71,2.715,0.0,0.141
130.439,9,0.171,-2.333,-1.7003,2.711,2.746,0.0,0.159
130.485,9,0.157,-2.441,-1.7003,2.714,2.837,-0.0,0.181
130.538,9,0.128,-2.661,-1.7003,2.744,2.867,-0.0,0.154
130.62,9,0.112,-2.786,-1.7003,2.762,2.925,-0.006,0.141
130.639,9,0.093,-2.932,-1.7003,2.819,2.954,-0.0043,0.141
130.686,9,0.074,-3.079,-1.7006,2.859,2.919,-0.0093,0.141
130.736,9,0.054,-3.227,-1.7033,2.918,2.824,-0.0086,0.141
130.785,9,0.034,-3.372,-1.706,2.937,2.777,-0.0101,0.144
130.838,9,0.018,-3.487,-1.71,2.925,2.685,-0.0043,0.146
130.891,9,0.003,-3.589,-1.7131,2.878,2.64,-0.0061,0.148
130.937,9,-0.015,-3.712,-1.7161,2.83,2.539,-0.0043,0.15
130.995,9,-0.036,-3.854,-1.7177,2.737,2.431,-0.0086,0.149
131.038,9,-0.057,-3.988,-1.7205,2.668,2.431,-0.0086,0.145
131.086,9,-0.076,-4.113,-1.7226,2.629,2.319,-0.0086,0.141
131.135,9,-0.107,-4.31,-1.7273,2.477,2.267,-0.0086,0.139
131.185,9,-0.121,-4.395,-1.7294,2.436,2.214,-0.0129,0.139
131.237,9,-0.132,-4.464,-1.7316,2.363,2.139,-0.0298,0.138
131.29,9,-0.145,-4.543,-1.7335,2.312,2.095,-0.0396,0.138
131.338,9,-0.164,-4.655,-1.7366,2.255,2.033,-0.0525,0.149
131.389,9,-0.2,-4.854,-1.749,2.172,1.969,-0.0727,0.131
131.435,9,-0.226,-4.986,-1.7698,2.065,1.903,-0.0842,0.128
131.488,9,-0.24,-5.049,-1.7802,2.037,1.84,-0.0998,0.12
131.536,9,-0.255,-5.11,-1.794,1.991,1.776,-0.1034,0.117
131.586,9,-0.29,-5.246,-1.8297,1.896,1.75,-0.1193,0.113
131.636,9,-0.309,-5.309,-1.8481,1.849,1.724,-0.1373,0.112
131.686,9,-0.334,-5.387,-1.8682,1.791,1.724,-0.1185,0.116
131.736,9,-0.366,-5.476,-1.8982,1.743,1.693,-0.1301,0.117
131.785,9,-0.389,-5.532,-1.9368,1.716,1.559,-0.1414,0.111
131.85,9,-0.441,-5.652,-1.9856,1.698,1.552,-0.1413,0.107
131.887,9,-0.463,-5.696,-2.0119,1.669,1.552,-0.1414,0.108
131.936,9,-0.495,-5.758,-2.0323,1.597,1.552,-0.1466,0.113
131.997,9,-0.532,-5.824,-2.062,1.556,1.552,-0.1279,0.116
132.044,9,-0.571,-5.889,-2.0939,1.541,1.552,-0.1394,0.117
132.092,9,-0.611,-5.951,-2.1267,1.544,1.524,-0.1685,0.112
132.14,9,-0.654,-6.013,-2.1591,1.549,1.484,-0.1805,0.108
132.188,9,-0.697,-6.071,-2.1905,1.552,1.484,-0.1683,0.107
132.236,9,-0.743,-6.13,-2.2203,1.546,1.462,-0.2109,0.111
132.296,9,-0.826,-6.224,-2.2947,1.484,1.446,-0.2342,0.12
132.335,9,-0.861,-6.26,-2.3238,1.472,1.359,-0.2451,0.12
132.385,9,-0.941,-6.334,-2.3913,1.449,1.359,-0.2329,0.115
132.438,9,-0.976,-6.363,-2.4277,1.426,1.263,-0.2209,0.112
132.487,9,-1.012,-6.391,-2.4612,1.368,1.242,-0.2701,0.116
132.535,9,-1.09,-6.446,-2.5253,1.269,1.242,-0.2557,0.128
132.595,9,-1.129,-6.471,-2.5568,1.244,1.222,-0.2757,0.131
132.636,9,-1.16,-6.489,-2.5936,1.224,1.198,-0.2895,0.136
132.695,9,-1.239,-6.53,-2.6618,1.209,1.198,-0.2746,0.14
132.736,9,-1.276,-6.547,-2.6959,1.208,1.123,-0.3104,0.137
132.792,9,-1.35,-6.576,-2.7702,1.185,1.122,-0.3449,0.127
132.84,9,-1.381,-6.587,-2.7994,1.18,1.122,-0.3543,0.124
132.887,9,-1.475,-6.611,-2.8725,1.101,1.122,-0.3545,0.109
132.941,9,-1.509,-6.618,-2.9279,1.096,1.146,-0.3861,0.101
132.987,9,-1.551,-6.624,-2.9623,1.098,1.146,-0.3631,0.097
133.037,9,-1.628,-6.631,-3.0588,1.114,1.111,-0.3516,0.09
133.085,9,-1.697,-6.631,3.1404,1.12,1.111,-0.3291,0.091
133.135,9,-1.728,-6.629,3.1084,1.102,1.02,-0.3327,0.094
133.188,9,-1.764,-6.626,3.075,1.096,1.02,-0.3539,0.094
133.237,9,-1.831,-6.616,3.0003,1.019,1.02,-0.3413,0.092
133.285,9,-1.889,-6.604,2.9388,0.994,1.02,-0.3256,0.1
133.342,9,-1.92,-6.596,2.9036,0.999,1.064,-0.3186,0.104
133.386,9,-1.95,-6.587,2.8693,1.003,1.064,-0.3071,0.11
133.439,9,-2.025,-6.559,2.7952,1.016,1.064,-0.2919,0.118
133.485,9,-2.061,-6.544,2.7585,1.047,1.141,-0.3494,0.12
133.539,9,-2.102,-6.524,2.7223,1.056,1.141,-0.3273,0.124
133.587,9,-2.143,-6.503,2.6791,1.065,1.187,-0.2935,0.128
133.637,9,-2.215,-6.458,2.585,1.128,1.197,-0.3061,0.14
133.693,9,-2.253,-6.43,2.5427,1.141,1.197,-0.2977,0.147
133.735,9,-2.285,-6.405,2.5005,1.174,1.266,-0.288,0.15
133.786,9,-2.321,-6.375,2.4622,1.187,1.331,-0.3314,0.154
133.836,9,-2.359,-6.339,2.4195,1.191,1.331,-0.3199,0.156
133.885,9,-2.399,-6.298,2.3727,1.204,1.31,-0.3319,0.157
133.935,9,-2.468,-6.215,2.2579,1.312,1.31,-0.3258,0.167
133.986,9,-2.515,-6.146,2.1708,1.318,1.258,-0.3397,0.172
134.045,9,-2.538,-6.109,2.1315,1.302,1.239,-0.3352,0.174
134.086,9,-2.557,-6.073,2.0878,1.287,1.239,-0.2993,0.172
134.136,9,-2.593,-5.994,1.9981,1.236,1.231,-0.3123,0.174
134.189,9,-2.609,-5.95,1.9545,1.221,1.231,-0.2909,0.171
134.235,9,-2.625,-5.901,1.9078,1.226,1.139,-0.2745,0.155
134.285,9,-2.647,-5.812,1.8228,1.225,1.04,-0.2746,0.138
134.335,9,-2.656,-5.765,1.7796,1.209,1.04,-0.2637,0.129
134.391,9,-2.663,-5.715,1.7367,1.145,1.04,-0.2509,0.126
134.437,9,-2.667,-5.672,1.6951,1.107,1.04,-0.2278,0.121
134.486,9,-2.67,-5.632,1.6607,1.039,1.04,-0.2016,0.119
134.536,9,-2.672,-5.546,1.5983,1.031,1.062,-0.1672,0.122
134.586,9,-2.671,-5.507,1.5689,1.038,1.062,-0.1559,0.123
134.635,9,-2.668,-5.435,1.5237,1.065,1.111,-0.1579,0.127
134.695,9,-2.665,-5.396,1.508,1.069,1.111,-0.1493,0.128
134.735,9,-2.661,-5.354,1.4897,1.079,1.171,-0.1336,0.129
134.786,9,-2.651,-5.273,1.4511,1.13,1.241,-0.1456,0.127
134.836,9,-2.646,-5.235,1.4359,1.169,1.241,-0.1358,0.126
134.885,9,-2.631,-5.153,1.4032,1.236,1.307,-0.1119,0.14
134.935,9,-2.621,-5.101,1.3857,1.251,1.307,-0.1123,0.165
134.986,9,-2.609,-5.045,1.3647,1.266,1.371,-0.1011,0.173
135.036,9,-2.598,-5.001,1.3437,1.311,1.431,-0.0858,0.188
135.085,9,-2.57,-4.895,1.314,1.371,1.431,-0.0781,0.196
135.137,9,-2.554,-4.84,1.2961,1.397,1.489,-0.0667,0.239
135.186,9,-2.539,-4.792,1.2818,1.437,1.545,-0.0563,0.251
135.25,9,-2.507,-4.693,1.2582,1.46,1.599,-0.0434,0.287
135.298,9,-2.489,-4.639,1.2483,1.489,1.599,-0.0356,0.3
135.338,9,-2.471,-4.587,1.2388,1.542,1.651,-0.0317,0.326
135.386,9,-2.45,-4.529,1.2299,1.567,1.701,-0.0212,0.339
135.436,9,-2.404,-4.404,1.216,1.624,1.75,-0.0175,0.4
135.486,9,-2.381,-4.346,1.2104,1.66,1.798,-0.006,0.416
135.536,9,-2.338,-4.233,1.2031,1.721,1.798,-0.0,0.466
135.595,9,-2.315,-4.173,1.2017,1.759,1.844,0.0,0.483
135.638,9,-2.269,-4.054,1.1995,1.818,1.89,0.005,0.535
135.688,9,-2.247,-3.999,1.1995,1.847,1.934,0.0082,0.536
135.738,9,-2.223,-3.936,1.1995,1.865,1.977,0.0082,0.517
135.785,9,-2.195,-3.864,1.2005,1.897,2.02,0.0134,0.497
135.835,9,-2.139,-3.72,1.2044,1.955,2.061,0.0123,0.466
135.906,9,-2.104,-3.627,1.2063,1.986,2.102,0.0166,0.446
135.936,9,-2.075,-3.55,1.2099,2.033,2.142,0.0165,0.435
135.987,9,-2.05,-3.482,1.2131,2.073,2.181,0.0174,0.413
136.035,9,-2.022,-3.406,1.2168,2.106,2.219,0.0181,0.402
136.085,9,-1.957,-3.226,1.2256,2.158,2.257,0.0182,0.354
136.136,9,-1.928,-3.143,1.2302,2.187,2.294,0.0126,0.341
136.186,9,-1.883,-3.012,1.2386,2.223,2.331,0.0084,0.302
136.236,9,-1.853,-2.923,1.241,2.27,2.402,0.0085,0.289
136.285,9,-1.827,-2.846,1.2445,2.305,2.366,0.0096,0.261
136.34,9,-1.776,-2.694,1.2487,2.367,2.316,0.0146,0.219
136.385,9,-1.747,-2.608,1.2506,2.379,2.261,0.0213,0.205
136.436,9,-1.721,-2.526,1.2533,2.384,2.202,0.0342,0.176
136.495,9,-1.665,-2.354,1.2598,2.343,2.139,0.0555,0.14
136.535,9,-1.638,-2.267,1.265,2.302,2.075,0.0724,0.127
136.586,9,-1.613,-2.183,1.2712,2.271,1.941,0.1386,0.105
136.635,9,-1.573,-2.042,1.2968,2.122,1.878,0.1474,0.092
136.688,9,-1.557,-1.98,1.3173,2.048,1.878,0.1505,0.088
136.75,9,-1.53,-1.844,1.3721,1.935,1.794,0.1569,0.079
136.786,9,-1.519,-1.771,1.402,1.891,1.794,0.144,0.078
136.837,9,-1.509,-1.687,1.435,1.869,1.769,0.1557,0.083
136.898,9,-1.501,-1.563,1.507,1.802,1.719,0.1321,0.084
136.936,9,-1.499,-1.504,1.531,1.792,1.703,0.102,0.082
136.991,9,-1.5,-1.398,1.5804,1.742,1.703,0.0812,0.088
137.035,9,-1.502,-1.348,1.5963,1.731,1.695,0.0648,0.093
137.085,9,-1.51,-1.221,1.6316,1.715,1.695,0.0566,0.104
137.143,9,-1.515,-1.151,1.6465,1.713,1.694,0.0485,0.108
137.188,9,-1.522,-1.085,1.66,1.707,1.744,0.0381,0.114
137.236,9,-1.529,-1.021,1.6722,1.706,1.792,0.0283,0.116
137.303,9,-1.546,-0.881,1.6923,1.711,1.838,0.0286,0.125
137.336,9,-1.554,-0.815,1.6995,1.741,1.838,0.0207,0.131
137.386,9,-1.563,-0.755,1.7068,1.767,1.928,0.0141,0.148
137.435,9,-1.583,-0.618,1.7177,1.848,1.928,0.0082,0.174
137.486,9,-1.592,-0.558,1.7217,1.866,2.014,0.006,0.182
137.535,9,-1.605,-0.474,1.7241,1.913,2.014,0.0042,0.2
137.598,9,-1.631,-0.313,1.7284,1.984,2.055,0.0,0.228
137.636,9,-1.643,-0.237,1.7296,2.018,2.096,0.0,0.238
137.688,9,-1.663,-0.118,1.7315,2.031,2.136,0.0,0.271
137.75,9,-1.677,-0.031,1.7314,2.075,2.175,0.0,0.282
137.797,9,-1.691,0.057,1.7314,2.105,2.214,0.0044,0.304
137.838,9,-1.703,0.134,1.7314,2.144,2.289,0.0058,0.327
137.913,9,-1.73,0.301,1.7315,2.194,2.289,0.0042,0.363
137.949,9,-1.745,0.391,1.7324,2.218,2.326,0.0042,0.375
137.992,9,-1.764,0.504,1.7339,2.258,2.362,0.0042,0.397
138.036,9,-1.779,0.592,1.7358,2.295,2.432,0.0043,0.396
138.096,9,-1.808,0.764,1.738,2.356,2.467,0.0,0.358
138.138,9,-1.821,0.845,1.7392,2.378,2.501,0.0,0.345
138.185,9,-1.838,0.94,1.7401,2.42,2.568,-0.0,0.319
138.238,9,-1.872,1.137,1.7413,2.498,2.6,-0.0,0.27
138.299,9,-1.884,1.208,1.7413,2.537,2.633,-0.0,0.253
138.34,9,-1.905,1.329,1.7413,2.562,2.633,-0.0,0.219
138.386,9,-1.922,1.429,1.7413,2.585,2.665,-0.0098,0.208
138.436,9,-1.942,1.543,1.7413,2.607,2.614,-0.0086,0.207
138.504,9,-1.978,1.754,1.7388,2.687,2.562,-0.0145,0.201
138.536,9,-1.995,1.86,1.7361,2.688,2.509,-0.0138,0.201
138.586,9,-2.02,2.015,1.733,2.65,2.455,-0.015,0.199
138.637,9,-2.038,2.135,1.7262,2.591,2.35,-0.0218,0.197
138.687,9,-2.055,2.244,1.721,2.554,2.307,-0.0172,0.194
138.736,9,-2.067,2.333,1.7161,2.493,2.225,-0.0216,0.19
138.786,9,-2.094,2.523,1.7073,2.371,2.168,-0.0215,0.184
138.835,9,-2.107,2.626,1.7021,2.323,2.111,-0.0257,0.182
138.886,9,-2.115,2.696,1.6955,2.274,2.003,-0.0351,0.182
138.935,9,-2.134,2.856,1.6846,2.155,1.957,-0.0393,0.18
138.985,9,-2.142,2.938,1.6774,2.081,1.957,-0.0393,0.181
139.035,9,-2.151,3.032,1.6691,2.023,1.91,-0.0375,0.181
139.085,9,-2.161,3.154,1.6534,1.972,1.781,-0.0588,0.178
139.136,9,-2.166,3.223,1.6469,1.938,1.781,-0.0588,0.175
139.187,9,-2.17,3.282,1.6392,1.92,1.704,-0.0873,0.168
139.236,9,-2.174,3.355,1.6304,1.881,1.635,-0.1188,0.165
139.285,9,-2.179,3.509,1.6032,1.77,1.573,-0.1303,0.155
139.336,9,-2.179,3.57,1.5849,1.717,1.514,-0.1825,0.153
139.385,9,-2.176,3.697,1.5429,1.63,1.453,-0.2194,0.149
139.44,9,-2.172,3.753,1.5212,1.579,1.379,-0.2125,0.144
139.487,9,-2.168,3.798,1.4943,1.513,1.284,-0.2341,0.14
139.535,9,-2.154,3.899,1.4343,1.382,1.284,-0.221,0.13
139.598,9,-2.145,3.947,1.3995,1.344,1.227,-0.255,0.128
139.636,9,-2.135,3.988,1.365,1.281,1.201,-0.2433,0.126
139.686,9,-2.112,4.071,1.2968,1.215,1.201,-0.228,0.128
139.735,9,-2.089,4.139,1.2444,1.196,1.201,-0.2163,0.129
139.786,9,-2.071,4.185,1.2169,1.193,1.201,-0.2045,0.125
139.835,9,-2.034,4.268,1.1478,1.196,1.2,-0.2276,0.124
139.886,9,-2.02,4.296,1.126,1.196,1.181,-0.2294,0.128
139.935,9,-2.002,4.331,1.1062,1.195,1.181,-0.2276,0.131
139.991,9,-1.966,4.394,1.0507,1.177,1.181,-0.216,0.136
140.035,9,-1.942,4.432,1.0281,1.174,1.181,-0.2041,0.137
140.086,9,-1.891,4.506,0.9659,1.174,1.18,-0.2156,0.132
140.135,9,-1.867,4.538,0.94,1.177,1.25,-0.2734,0.13
140.186,9,-1.844,4.566,0.9157,1.177,1.26,-0.2966,0.126
140.237,9,-1.786,4.634,0.8651,1.193,1.26,-0.298,0.125
140.285,9,-1.756,4.665,0.8256,1.229,1.231,-0.2862,0.126
140.336,9,-1.697,4.72,0.75,1.246,1.231,-0.2767,0.121
140.386,9,-1.663,4.747,0.7125,1.227,1.14,-0.2924,0.117
140.437,9,-1.599,4.795,0.64,1.217,1.055,-0.286,0.107
140.486,9,-1.542,4.832,0.5719,1.129,1.055,-0.2497,0.105
140.539,9,-1.515,4.847,0.5458,1.111,1.055,-0.2749,0.103
140.585,9,-1.461,4.876,0.4954,1.047,1.055,-0.2866,0.106
140.635,9,-1.429,4.892,0.4713,1.041,1.055,-0.2752,0.106
140.686,9,-1.395,4.907,0.4423,1.045,0.975,-0.2483,0.101
140.74,9,-1.326,4.935,0.38,1.049,0.975,-0.238,0.085
140.786,9,-1.294,4.946,0.3523,1.049,0.903,-0.2605,0.081
140.835,9,-1.252,4.959,0.3274,0.991,0.903,-0.2462,0.074
140.885,9,-1.182,4.978,0.2673,0.95,0.903,-0.2684,0.068
140.938,9,-1.146,4.986,0.2425,0.903,0.903,-0.2566,0.067
140.988,9,-1.112,4.993,0.2147,0.891,0.903,-0.2777,0.068
141.036,9,-1.085,4.998,0.1868,0.89,0.903,-0.2665,0.07
141.087,9,-1.007,5.008,0.133,0.896,0.903,-0.2716,0.076
141.136,9,-0.967,5.011,0.1024,0.897,0.993,-0.2778,0.077
141.2,9,-0.928,5.013,0.0693,0.897,0.993,-0.2666,0.077
141.235,9,-0.898,5.014,0.0385,0.897,1.075,-0.2681,0.078
141.285,9,-0.824,5.012,-0.0153,0.974,1.075,-0.2556,0.08
141.338,9,-0.788,5.01,-0.0461,1.002,1.102,-0.2692,0.081
141.389,9,-0.722,5.003,-0.1024,1.079,1.102,-0.2592,0.077
141.438,9,-0.691,4.999,-0.1288,1.095,1.102,-0.2645,0.075
141.487,9,-0.622,4.986,-0.1846,1.1,1.102,-0.2486,0.071
141.54,9,-0.556,4.969,-0.2371,1.096,1.102,-0.2485,0.073
141.605,9,-0.518,4.958,-0.2676,1.097,1.154,-0.2714,0.073
141.643,9,-0.472,4.943,-0.2968,1.098,1.154,-0.26,0.071
141.685,9,-0.424,4.925,-0.3331,1.107,1.224,-0.2535,0.067
141.74,9,-0.347,4.891,-0.4109,1.152,1.229,-0.2649,0.082
141.788,9,-0.303,4.87,-0.4432,1.165,1.229,-0.2382,0.093
141.837,9,-0.253,4.842,-0.4806,1.211,1.229,-0.2616,0.099
141.885,9,-0.179,4.795,-0.5599,1.232,1.284,-0.2399,0.109
141.936,9,-0.147,4.773,-0.5916,1.227,1.284,-0.2311,0.122
141.986,9,-0.117,4.75,-0.6218,1.225,1.348,-0.2398,0.125
142.035,9,-0.043,4.69,-0.6847,1.275,1.348,-0.2284,0.134
142.088,9,-0.003,4.654,-0.7154,1.287,1.41,-0.2292,0.136
142.136,9,0.032,4.62,-0.7507,1.299,1.341,-0.2548,0.135
142.188,9,0.097,4.551,-0.8124,1.391,1.341,-0.2307,0.111
142.237,9,0.133,4.508,-0.85,1.401,1.267,-0.2352,0.103
142.285,9,0.187,4.435,-0.9323,1.322,1.202,-0.2308,0.091
142.339,9,0.213,4.396,-0.9595,1.277,1.202,-0.219,0.078
142.385,9,0.241,4.351,-0.9932,1.248,1.154,-0.2409,0.075
142.435,9,0.263,4.313,-1.0291,1.203,1.154,-0.2278,0.072
142.485,9,0.303,4.236,-1.0835,1.157,1.154,-0.2159,0.074
142.536,9,0.324,4.189,-1.1211,1.146,1.154,-0.2292,0.085
142.585,9,0.343,4.146,-1.1562,1.149,1.154,-0.2036,0.087
142.64,9,0.361,4.097,-1.1881,1.153,1.192,-0.1839,0.089
142.69,9,0.376,4.054,-1.2214,1.157,1.261,-0.1811,0.091
142.735,9,0.405,3.958,-1.2761,1.193,1.261,-0.1578,0.09
142.786,9,0.416,3.914,-1.3013,1.209,1.326,-0.1466,0.085
142.836,9,0.427,3.87,-1.3261,1.256,1.352,-0.1408,0.083
142.888,9,0.443,3.788,-1.3696,1.327,1.352,-0.1275,0.089
142.938,9,0.457,3.704,-1.4026,1.346,1.377,-0.1016,0.097
142.985,9,0.464,3.659,-1.4218,1.359,1.377,-0.0956,0.101
143.037,9,0.474,3.57,-1.4515,1.383,1.405,-0.0823,0.112
143.085,9,0.478,3.527,-1.4652,1.39,1.464,-0.0785,0.115
143.135,9,0.486,3.432,-1.4887,1.417,1.521,-0.0747,0.121
143.185,9,0.49,3.362,-1.5015,1.459,1.521,-0.0669,0.124
143.235,9,0.493,3.289,-1.5177,1.49,1.575,-0.0593,0.129
143.285,9,0.495,3.215,-1.5338,1.531,1.628,-0.0555,0.136
143.335,10,0.497,3.14,-1.5496,1.548,1.628,-0.0493,0.136
143.385,10,0.497,3.059,-1.5628,1.595,1.679,-0.0358,0.14
143.435,10,0.496,2.975,-1.5758,1.639,1.729,-0.0328,0.14
143.485,10,0.494,2.892,-1.5875,1.662,1.777,-0.0201,0.14
143.535,10,0.492,2.834,-1.5961,1.7,1.824,-0.0096,0.141
143.587,10,0.488,2.71,-1.6049,1.776,1.87,-0.006,0.156
143.635,10,0.484,2.62,-1.6087,1.8,1.87,-0.0,0.166
143.689,10,0.481,2.53,-1.611,1.836,1.915,-0.0,0.176
143.753,10,0.477,2.446,-1.6133,1.853,1.958,0.0,0.181
143.79,10,0.474,2.372,-1.6133,1.887,2.001,0.0,0.191
143.841,10,0.47,2.289,-1.6133,1.919,2.084,0.0,0.202
143.89,10,0.464,2.13,-1.6133,1.971,2.124,0.0042,0.218
143.935,10,0.461,2.062,-1.6133,2.016,2.164,0.0048,0.218
143.987,10,0.458,1.997,-1.6133,2.071,2.164,0.0048,0.214
144.035,10,0.454,1.913,-1.6133,2.097,2.202,0.0049,0.212
144.086,10,0.447,1.722,-1.6107,2.174,2.278,0.0,0.204
144.136,10,0.443,1.621,-1.6095,2.187,2.278,0.0,0.201
144.186,10,0.439,1.51,-1.6081,2.213,2.315,0.0,0.197
144.237,10,0.435,1.395,-1.6066,2.232,2.387,-0.0,0.193
144.288,10,0.43,1.277,-1.6066,2.288,2.422,-0.0,0.189
144.338,10,0.426,1.156,-1.6066,2.337,2.456,-0.0,0.189
144.394,10,0.426,1.156,-1.6066,2.337,2.491,-0.0,0.185
144.438,10,0.421,1.02,-1.6066,2.399,2.524,-0.0,0.181
144.486,10,0.415,0.837,-1.6066,2.446,2.524,-0.0,0.174
144.538,10,0.411,0.733,-1.6066,2.489,2.623,-0.0057,0.169
144.587,10,0.405,0.578,-1.6066,2.511,2.623,-0.0057,0.165
144.635,10,0.4,0.436,-1.6072,2.556,2.687,-0.0062,0.159
144.702,10,0.396,0.324,-1.6092,2.601,2.718,-0.0043,0.154
144.744,10,0.39,0.185,-1.6109,2.632,2.749,-0.0052,0.147
144.786,10,0.385,0.074,-1.6135,2.694,2.839,-0.0,0.141
144.835,10,0.379,-0.063,-1.615,2.725,2.824,-0.0043,0.134
144.885,10,0.372,-0.219,-1.6167,2.739,2.824,-0.0043,0.132
144.939,10,0.366,-0.337,-1.6182,2.769,2.677,-0.019,0.132
144.986,10,0.354,-0.589,-1.6196,2.84,2.677,-0.019,0.132
145.035,10,0.354,-0.589,-1.6196,2.84,2.541,-0.0259,0.133
145.085,10,0.34,-0.831,-1.6287,2.746,2.502,-0.0259,0.15
145.136,10,0.333,-0.928,-1.6357,2.694,2.502,-0.0274,0.163
145.185,10,0.326,-1.029,-1.6431,2.61,2.502,-0.0264,0.167
145.236,10,0.312,-1.181,-1.6511,2.566,2.521,-0.0267,0.159
145.286,10,0.302,-1.286,-1.6632,2.519,2.587,-0.0278,0.15
145.341,10,0.289,-1.408,-1.6718,2.51,2.652,-0.0129,0.143
145.385,10,0.262,-1.633,-1.691,2.579,2.683,-0.0086,0.14
145.435,10,0.251,-1.722,-1.6964,2.62,2.715,-0.0,0.139
145.487,10,0.236,-1.839,-1.6997,2.653,2.692,0.0,0.139
145.535,10,0.223,-1.935,-1.7027,2.686,2.691,0.0049,0.139
145.586,10,0.197,-2.128,-1.7051,2.705,2.715,0.0043,0.14
145.639,10,0.182,-2.238,-1.7048,2.707,2.746,0.0063,0.14
145.686,10,0.166,-2.356,-1.7033,2.707,2.807,0.0,0.16
145.736,10,0.142,-2.538,-1.7,2.736,2.837,0.0,0.169
145.785,10,0.131,-2.627,-1.6984,2.768,2.896,-0.0049,0.16
145.836,10,0.108,-2.805,-1.6984,2.816,2.925,-0.0043,0.14
145.887,10,0.093,-2.922,-1.6984,2.839,2.954,-0.0043,0.14
145.935,10,0.079,-3.028,-1.7002,2.883,2.871,-0.0097,0.139
145.987,10,0.047,-3.267,-1.7033,2.945,2.824,-0.0094,0.14
146.037,10,0.034,-3.366,-1.7051,2.954,2.729,-0.0088,0.142
146.093,10,0.016,-3.492,-1.7079,2.919,2.685,-0.0043,0.146
146.14,10,-0.0,-3.61,-1.7113,2.863,2.591,-0.0043,0.148
146.198,10,-0.015,-3.711,-1.7143,2.784,2.539,-0.0089,0.149
146.239,10,-0.034,-3.839,-1.7156,2.731,2.486,-0.0106,0.152
146.286,10,-0.058,-4.0,-1.7174,2.694,2.376,-0.0129,0.147
146.338,10,-0.077,-4.126,-1.7196,2.636,2.319,-0.0129,0.142
146.387,10,-0.096,-4.252,-1.7232,2.565,2.319,-0.0129,0.141
146.438,10,-0.122,-4.41,-1.7273,2.491,2.214,-0.0172,0.14
146.485,10,-0.139,-4.514,-1.7334,2.38,2.176,-0.0274,0.139
146.536,10,-0.157,-4.62,-1.7375,2.333,2.139,-0.0342,0.146
146.587,10,-0.178,-4.737,-1.7418,2.296,2.095,-0.04,0.152
146.635,10,-0.199,-4.851,-1.7515,2.207,1.969,-0.0678,0.135
146.702,10,-0.216,-4.938,-1.7612,2.172,1.84,-0.1049,0.127
146.737,10,-0.237,-5.036,-1.7703,2.129,1.84,-0.1049,0.121
146.808,10,-0.262,-5.14,-1.7901,2.006,1.776,-0.1183,0.117
146.835,10,-0.287,-5.237,-1.8121,1.941,1.75,-0.1325,0.114
146.901,10,-0.312,-5.323,-1.8429,1.844,1.724,-0.1441,0.114
146.95,10,-0.338,-5.403,-1.8709,1.817,1.693,-0.1429,0.118
146.996,10,-0.367,-5.482,-1.9009,1.764,1.693,-0.1304,0.117
147.036,10,-0.401,-5.566,-1.9372,1.716,1.615,-0.1419,0.111
147.088,10,-0.434,-5.639,-1.9755,1.686,1.559,-0.1581,0.108
147.144,10,-0.47,-5.713,-2.0093,1.685,1.552,-0.141,0.111
147.185,10,-0.507,-5.781,-2.0417,1.664,1.552,-0.141,0.116
147.237,10,-0.546,-5.85,-2.0772,1.573,1.564,-0.1636,0.117
147.286,10,-0.615,-5.957,-2.1387,1.538,1.564,-0.1544,0.115
147.335,10,-0.646,-6.002,-2.1639,1.545,1.524,-0.1511,0.11
147.386,10,-0.678,-6.045,-2.1902,1.555,1.484,-0.1635,0.107
147.436,10,-0.715,-6.093,-2.2163,1.557,1.462,-0.2147,0.106
147.486,10,-0.761,-6.149,-2.2431,1.534,1.462,-0.1988,0.112
147.535,10,-0.84,-6.237,-2.3043,1.483,1.446,-0.2223,0.119
147.585,10,-0.881,-6.278,-2.3382,1.453,1.359,-0.2625,0.119
147.639,10,-0.956,-6.346,-2.4056,1.446,1.263,-0.2349,0.112
147.686,10,-0.995,-6.377,-2.4394,1.37,1.263,-0.2223,0.111
147.746,10,-1.056,-6.422,-2.5066,1.271,1.242,-0.2596,0.122
147.785,10,-1.12,-6.464,-2.5557,1.246,1.222,-0.2777,0.126
147.836,10,-1.151,-6.483,-2.5872,1.229,1.222,-0.2635,0.134
147.885,10,-1.222,-6.52,-2.6473,1.21,1.198,-0.2746,0.137
147.939,10,-1.259,-6.538,-2.6835,1.208,1.123,-0.3249,0.136
148.0,10,-1.302,-6.556,-2.7161,1.205,1.123,-0.312,0.132
148.035,10,-1.35,-6.574,-2.7568,1.17,1.123,-0.3028,0.125
148.1,10,-1.397,-6.589,-2.8072,1.108,1.122,-0.3361,0.116
148.141,10,-1.45,-6.603,-2.8548,1.097,1.122,-0.352,0.107
148.186,10,-1.543,-6.62,-2.9591,1.097,1.146,-0.38,0.095
148.235,10,-1.577,-6.624,-3.0049,1.098,1.146,-0.3515,0.089
148.285,10,-1.613,-6.626,-3.0425,1.101,1.111,-0.341,0.087
148.34,10,-1.691,-6.627,-3.13,1.123,1.02,-0.3659,0.09
148.387,10,-1.721,-6.626,3.1138,1.122,1.02,-0.3319,0.09
148.447,10,-1.795,-6.618,3.0419,1.092,1.02,-0.3555,0.089
148.49,10,-1.829,-6.613,3.0047,1.088,1.02,-0.3513,0.088
148.535,10,-1.907,-6.595,2.9262,0.996,1.02,-0.3379,0.096
148.585,10,-1.938,-6.586,2.8843,0.989,1.064,-0.3262,0.106
148.635,10,-1.968,-6.577,2.8493,0.995,1.064,-0.2916,0.109
148.685,10,-2.012,-6.56,2.8155,1.001,1.141,-0.3486,0.114
148.736,10,-2.094,-6.524,2.7178,1.052,1.141,-0.3389,0.118
148.785,10,-2.132,-6.503,2.6826,1.062,1.187,-0.2934,0.123
148.835,10,-2.176,-6.478,2.6381,1.111,1.187,-0.2934,0.132
148.885,10,-2.221,-6.448,2.5858,1.143,1.197,-0.3177,0.135
148.935,10,-2.28,-6.404,2.498,1.183,1.266,-0.2991,0.145
148.985,10,-2.308,-6.38,2.4683,1.184,1.266,-0.2735,0.148
149.038,10,-2.34,-6.352,2.432,1.185,1.331,-0.3198,0.152
149.085,10,-2.412,-6.277,2.3469,1.199,1.331,-0.3083,0.153
149.14,10,-2.444,-6.241,2.3035,1.253,1.31,-0.3202,0.16
149.194,10,-2.471,-6.206,2.2574,1.3,1.31,-0.3132,0.163
149.238,10,-2.502,-6.162,2.2145,1.32,1.258,-0.3353,0.169
149.286,10,-2.532,-6.114,2.1639,1.32,1.239,-0.3353,0.171
149.335,10,-2.579,-6.027,2.0555,1.285,1.231,-0.3483,0.171
149.385,10,-2.607,-5.96,1.9758,1.227,1.231,-0.3011,0.175
149.435,10,-2.62,-5.924,1.9371,1.217,1.139,-0.2858,0.17
149.491,10,-2.64,-5.855,1.8598,1.209,1.139,-0.2774,0.149
149.535,10,-2.656,-5.783,1.7959,1.135,1.04,-0.2648,0.144
149.592,10,-2.662,-5.75,1.7632,1.128,1.04,-0.2609,0.132
149.636,10,-2.667,-5.719,1.7348,1.122,1.04,-0.2378,0.13
149.685,10,-2.672,-5.673,1.71,1.061,1.04,-0.241,0.128
149.735,10,-2.675,-5.632,1.6735,1.032,1.04,-0.241,0.125
149.789,10,-2.678,-5.542,1.6057,1.035,1.062,-0.1786,0.129
149.838,10,-2.678,-5.5,1.5769,1.038,1.062,-0.1723,0.13
149.885,10,-2.674,-5.423,1.5267,1.065,1.111,-0.1677,0.134
149.938,10,-2.671,-5.386,1.5071,1.076,1.171,-0.1449,0.135
149.988,10,-2.664,-5.319,1.4699,1.117,1.171,-0.1363,0.135
150.035,10,-2.659,-5.282,1.4524,1.132,1.241,-0.1343,0.134
150.085,10,-2.647,-5.201,1.4192,1.185,1.241,-0.1232,0.141
150.136,10,-2.637,-5.147,1.4008,1.236,1.307,-0.1118,0.157
150.185,10,-2.626,-5.093,1.379,1.254,1.307,-0.1123,0.165
150.235,10,-2.61,-5.023,1.3455,1.301,1.431,-0.0896,0.188
150.299,10,-2.597,-4.973,1.3332,1.314,1.431,-0.0896,0.196
150.337,10,-2.584,-4.925,1.3162,1.329,1.489,-0.0703,0.214
150.386,10,-2.55,-4.808,1.2858,1.433,1.489,-0.0628,0.248
150.436,10,-2.534,-4.759,1.2696,1.456,1.545,-0.0591,0.273
150.485,10,-2.506,-4.675,1.2498,1.503,1.599,-0.0396,0.298
150.535,10,-2.488,-4.623,1.2417,1.514,1.599,-0.037,0.31
150.59,10,-2.456,-4.535,1.2258,1.591,1.651,-0.0239,0.35
150.644,10,-2.434,-4.474,1.2214,1.608,1.701,-0.0208,0.363
150.685,10,-2.41,-4.411,1.2145,1.622,1.75,-0.0134,0.395
150.759,10,-2.368,-4.3,1.2063,1.7,1.798,-0.0084,0.445
150.8,10,-2.343,-4.235,1.2026,1.72,1.798,-0.0056,0.461
150.84,10,-2.312,-4.156,1.2,1.755,1.844,-0.0,0.495
150.885,10,-2.286,-4.09,1.1968,1.775,1.934,0.0041,0.529
150.936,10,-2.236,-3.964,1.1959,1.852,1.934,0.0092,0.521
150.985,10,-2.212,-3.903,1.1959,1.896,2.02,0.0123,0.512
151.035,10,-2.187,-3.84,1.1966,1.934,2.02,0.0123,0.492
151.089,10,-2.13,-3.693,1.1995,1.99,2.061,0.0165,0.462
151.135,10,-2.105,-3.629,1.2024,2.023,2.102,0.0165,0.452
151.185,10,-2.06,-3.509,1.2085,2.064,2.142,0.0215,0.42
151.235,10,-2.037,-3.447,1.2112,2.072,2.181,0.0167,0.409
151.285,10,-1.978,-3.286,1.2202,2.14,2.219,0.021,0.397
151.344,10,-1.952,-3.212,1.2256,2.159,2.257,0.0167,0.361
151.386,10,-1.924,-3.133,1.2295,2.187,2.331,0.0126,0.335
151.435,10,-1.865,-2.963,1.2391,2.259,2.367,0.0135,0.309
151.491,10,-1.838,-2.882,1.2433,2.277,2.402,0.0085,0.268
151.537,10,-1.808,-2.795,1.2464,2.325,2.402,0.0042,0.254
151.585,10,-1.76,-2.648,1.2533,2.379,2.316,0.0085,0.21
151.65,10,-1.728,-2.55,1.2543,2.401,2.261,0.0218,0.182
151.693,10,-1.691,-2.437,1.2558,2.4,2.202,0.0358,0.158
151.736,10,-1.657,-2.33,1.2588,2.353,2.139,0.0556,0.146
151.785,10,-1.613,-2.188,1.272,2.238,2.009,0.1062,0.107
151.835,10,-1.591,-2.113,1.2815,2.19,1.941,0.1376,0.1
151.893,10,-1.566,-2.021,1.2945,2.151,1.878,0.1471,0.096
151.936,10,-1.546,-1.941,1.3165,2.078,1.827,0.1707,0.089
151.985,10,-1.52,-1.805,1.3778,1.895,1.794,0.1698,0.082
152.035,10,-1.511,-1.743,1.4091,1.864,1.769,0.1823,0.084
152.086,10,-1.504,-1.68,1.4408,1.831,1.743,0.1427,0.088
152.136,10,-1.495,-1.549,1.5051,1.798,1.719,0.1304,0.087
152.19,10,-1.494,-1.477,1.5363,1.776,1.719,0.1179,0.085
152.236,10,-1.495,-1.404,1.5671,1.751,1.695,0.0851,0.09
152.299,10,-1.5,-1.29,1.6214,1.728,1.695,0.0688,0.103
152.335,10,-1.504,-1.24,1.6377,1.725,1.694,0.0445,0.106
152.392,10,-1.517,-1.111,1.6684,1.705,1.694,0.0363,0.115
152.446,10,-1.524,-1.05,1.6797,1.703,1.744,0.0323,0.117
152.49,10,-1.533,-0.976,1.689,1.703,1.792,0.0161,0.121
152.535,10,-1.543,-0.903,1.6986,1.704,1.838,0.0121,0.124
152.586,10,-1.562,-0.768,1.7126,1.745,1.884,0.0081,0.143
152.635,10,-1.571,-0.711,1.7159,1.793,1.928,0.0059,0.151
152.7,10,-1.589,-0.588,1.7192,1.879,1.971,0.0041,0.177
152.742,10,-1.598,-0.526,1.7207,1.897,1.971,0.0057,0.186
152.787,10,-1.608,-0.462,1.7219,1.93,2.014,0.006,0.195
152.84,10,-1.627,-0.339,1.7226,1.965,2.096,0.0041,0.224
152.885,10,-1.641,-0.246,1.7241,1.988,2.136,0.0089,0.244
152.935,10,-1.665,-0.094,1.7269,2.017,2.136,0.0041,0.277
152.985,10,-1.679,-0.009,1.7278,2.077,2.175,0.0088,0.288
153.036,10,-1.693,0.081,1.729,2.109,2.214,0.0088,0.311
153.085,10,-1.718,0.232,1.7321,2.183,2.289,0.0042,0.346
153.136,10,-1.734,0.331,1.7339,2.212,2.326,0.0042,0.37
153.186,10,-1.751,0.431,1.7367,2.235,2.362,0.0062,0.393
153.235,10,-1.769,0.533,1.7392,2.269,2.432,0.0,0.402
153.287,10,-1.784,0.621,1.7404,2.326,2.432,0.0,0.391
153.335,10,-1.799,0.71,1.742,2.366,2.467,-0.0,0.379
153.388,10,-1.832,0.899,1.742,2.437,2.501,-0.0,0.326
153.435,10,-1.858,1.052,1.742,2.452,2.568,-0.0,0.294
153.488,10,-1.872,1.133,1.742,2.468,2.6,-0.0,0.278
153.535,10,-1.9,1.293,1.742,2.54,2.665,-0.0061,0.228
153.585,10,-1.919,1.403,1.742,2.584,2.665,-0.0061,0.211
153.644,10,-1.937,1.509,1.7419,2.611,2.696,-0.0088,0.209
153.687,10,-1.955,1.614,1.7404,2.639,2.562,-0.0145,0.206
153.742,10,-1.986,1.8,1.736,2.693,2.509,-0.0139,0.202
153.803,10,-1.998,1.871,1.7336,2.698,2.455,-0.0151,0.201
153.837,10,-2.021,2.016,1.7305,2.646,2.455,-0.0136,0.199
153.885,10,-2.049,2.206,1.7201,2.537,2.307,-0.0192,0.196
153.94,10,-2.062,2.297,1.7161,2.49,2.266,-0.0172,0.191
153.985,10,-2.073,2.376,1.7122,2.457,2.225,-0.0188,0.188
154.035,10,-2.095,2.541,1.7031,2.33,2.168,-0.0171,0.183
154.085,10,-2.112,2.675,1.6955,2.243,2.052,-0.0254,0.182
154.138,10,-2.121,2.751,1.6916,2.227,2.052,-0.0267,0.18
154.199,10,-2.13,2.828,1.6867,2.162,1.957,-0.0397,0.18
154.241,10,-2.14,2.917,1.6813,2.12,1.957,-0.0397,0.18
154.285,10,-2.15,3.019,1.6744,2.067,1.851,-0.0543,0.181
154.336,10,-2.163,3.179,1.6557,1.966,1.781,-0.0621,0.178
154.388,10,-2.168,3.247,1.6454,1.914,1.781,-0.0624,0.174
154.436,10,-2.175,3.381,1.6223,1.851,1.635,-0.1187,0.167
154.485,10,-2.177,3.443,1.6113,1.8,1.635,-0.1185,0.157
154.535,10,-2.178,3.5,1.5957,1.734,1.514,-0.1659,0.155
154.588,10,-2.177,3.619,1.5571,1.635,1.514,-0.1654,0.147
154.637,10,-2.175,3.664,1.5373,1.582,1.453,-0.1877,0.146
154.687,10,-2.171,3.72,1.5157,1.527,1.379,-0.2023,0.138
154.735,10,-2.158,3.833,1.4599,1.495,1.379,-0.1864,0.127
154.787,10,-2.15,3.885,1.4277,1.44,1.284,-0.21,0.124
154.835,10,-2.128,3.987,1.3599,1.347,1.227,-0.2315,0.12
154.886,10,-2.117,4.028,1.3309,1.283,1.201,-0.2363,0.119
154.938,10,-2.103,4.077,1.3001,1.224,1.201,-0.2233,0.12
154.985,10,-2.087,4.122,1.2646,1.202,1.201,-0.2215,0.121
155.043,10,-2.058,4.198,1.2033,1.189,1.2,-0.2274,0.117
155.091,10,-2.045,4.228,1.1758,1.192,1.2,-0.2044,0.117
155.15,10,-2.007,4.306,1.122,1.194,1.181,-0.23,0.123
155.185,10,-1.986,4.345,1.0954,1.196,1.181,-0.2169,0.125
155.237,10,-1.947,4.412,1.0428,1.197,1.181,-0.2203,0.13
155.285,10,-1.925,4.446,1.0191,1.182,1.18,-0.2298,0.131
155.336,10,-1.883,4.508,0.965,1.172,1.25,-0.2875,0.126
155.385,10,-1.852,4.548,0.9409,1.173,1.25,-0.2763,0.122
155.435,10,-1.815,4.592,0.9058,1.189,1.25,-0.2618,0.12
155.485,10,-1.783,4.628,0.856,1.231,1.231,-0.2991,0.118
155.551,10,-1.723,4.688,0.786,1.245,1.231,-0.275,0.12
155.596,10,-1.691,4.716,0.7487,1.239,1.231,-0.2635,0.116
155.64,10,-1.619,4.773,0.67,1.219,1.14,-0.2628,0.104
155.686,10,-1.584,4.797,0.6339,1.219,1.055,-0.288,0.099
155.736,10,-1.544,4.823,0.5996,1.197,1.055,-0.2628,0.098
155.785,10,-1.48,4.86,0.5233,1.059,1.055,-0.2609,0.099
155.837,10,-1.444,4.879,0.496,1.038,1.055,-0.2861,0.101
155.885,10,-1.379,4.909,0.4357,1.043,1.055,-0.2606,0.101
155.945,10,-1.348,4.921,0.4077,1.046,0.975,-0.2359,0.087
155.987,10,-1.314,4.934,0.3789,1.045,0.975,-0.2131,0.082
156.037,10,-1.248,4.955,0.3195,1.035,0.903,-0.2474,0.071
156.085,10,-1.19,4.972,0.2815,0.973,0.903,-0.2349,0.068
156.145,10,-1.16,4.979,0.2574,0.966,0.903,-0.2724,0.063
156.185,10,-1.129,4.986,0.2361,0.911,0.903,-0.2932,0.065
156.244,10,-1.071,4.997,0.1932,0.89,0.903,-0.2779,0.071
156.286,10,-1.039,5.002,0.1687,0.891,0.903,-0.2805,0.073
156.335,10,-1.001,5.007,0.1396,0.892,0.993,-0.2777,0.075
156.385,10,-0.939,5.011,0.0803,0.895,0.993,-0.2665,0.076
156.438,10,-0.879,5.013,0.0277,0.965,1.075,-0.2668,0.077
156.5,10,-0.848,5.012,0.0015,0.987,1.075,-0.2569,0.079
156.535,10,-0.808,5.011,-0.0239,1.006,1.075,-0.2588,0.08
156.592,10,-0.763,5.007,-0.0561,1.061,1.102,-0.2706,0.08
156.637,10,-0.674,4.996,-0.1278,1.08,1.102,-0.2825,0.074
156.695,10,-0.639,4.989,-0.1649,1.093,1.102,-0.2596,0.072
156.736,10,-0.602,4.981,-0.1943,1.096,1.102,-0.2485,0.072
156.789,10,-0.527,4.961,-0.2625,1.097,1.154,-0.2829,0.073
156.835,10,-0.491,4.95,-0.289,1.098,1.154,-0.2486,0.072
156.895,10,-0.426,4.926,-0.3485,1.103,1.224,-0.2486,0.067
156.938,10,-0.4,4.916,-0.3711,1.127,1.224,-0.2262,0.072
156.985,10,-0.349,4.893,-0.3925,1.145,1.229,-0.2617,0.084
157.044,10,-0.265,4.85,-0.4707,1.216,1.229,-0.2426,0.102
157.085,10,-0.23,4.83,-0.5023,1.228,1.229,-0.2399,0.108
157.147,10,-0.16,4.786,-0.5615,1.226,1.284,-0.2399,0.122
157.186,10,-0.132,4.766,-0.5918,1.224,1.348,-0.263,0.127
157.246,10,-0.06,4.712,-0.6511,1.235,1.348,-0.2514,0.137
157.286,10,-0.029,4.686,-0.6826,1.271,1.41,-0.2408,0.14
157.336,10,0.038,4.622,-0.7521,1.344,1.41,-0.2301,0.139
157.387,10,0.098,4.559,-0.8218,1.396,1.341,-0.244,0.121
157.438,10,0.124,4.527,-0.8511,1.396,1.267,-0.2319,0.106
157.486,10,0.178,4.457,-0.9137,1.342,1.202,-0.2447,0.094
157.537,10,0.201,4.423,-0.9466,1.326,1.202,-0.2317,0.089
157.585,10,0.223,4.391,-0.9739,1.273,1.154,-0.2409,0.082
157.635,10,0.268,4.315,-1.0335,1.193,1.154,-0.2335,0.076
157.702,10,0.287,4.279,-1.064,1.186,1.154,-0.2159,0.078
157.743,10,0.306,4.239,-1.0934,1.157,1.154,-0.2153,0.084
157.79,10,0.329,4.188,-1.1253,1.15,1.154,-0.2037,0.088
157.841,10,0.349,4.139,-1.1634,1.15,1.192,-0.1829,0.09
157.889,10,0.382,4.048,-1.2329,1.156,1.192,-0.1576,0.094
157.935,10,0.393,4.01,-1.2577,1.164,1.261,-0.1692,0.094
157.986,10,0.417,3.921,-1.3054,1.205,1.326,-0.152,0.089
158.038,10,0.426,3.882,-1.3276,1.254,1.326,-0.1382,0.087
158.089,10,0.444,3.798,-1.3665,1.322,1.352,-0.13,0.087
158.137,10,0.451,3.756,-1.3838,1.338,1.352,-0.1132,0.091
158.189,10,0.465,3.67,-1.4181,1.363,1.377,-0.094,0.104
158.236,10,0.47,3.627,-1.4329,1.363,1.405,-0.0908,0.108
158.291,10,0.479,3.541,-1.4606,1.382,1.464,-0.0947,0.118
158.337,10,0.487,3.454,-1.4852,1.415,1.521,-0.079,0.121
158.386,10,0.49,3.398,-1.4966,1.423,1.521,-0.0723,0.129
158.444,10,0.493,3.345,-1.5122,1.47,1.575,-0.063,0.132
158.489,10,0.496,3.284,-1.5243,1.516,1.628,-0.0516,0.135
158.544,11,0.498,3.146,-1.5499,1.582,1.628,-0.0483,0.137
158.585,11,0.499,3.086,-1.5628,1.596,1.679,-0.0359,0.141
158.637,11,0.498,3.015,-1.5719,1.63,1.729,-0.0336,0.142
158.686,11,0.497,2.932,-1.5821,1.642,1.729,-0.0241,0.142
158.736,11,0.494,2.852,-1.5935,1.66,1.777,-0.0202,0.141
158.785,11,0.492,2.779,-1.6012,1.726,1.87,-0.004,0.149
158.835,11,0.487,2.65,-1.6107,1.753,1.87,-0.0,0.163
158.891,11,0.484,2.579,-1.6145,1.789,1.915,0.0,0.173
158.936,11,0.48,2.506,-1.6153,1.857,1.958,0.0,0.178
158.989,11,0.476,2.418,-1.6162,1.887,2.001,0.0059,0.188
159.037,11,0.473,2.344,-1.6162,1.932,2.043,0.0041,0.193
159.088,11,0.465,2.168,-1.6147,2.011,2.084,0.0041,0.214
159.135,11,0.462,2.08,-1.6135,2.026,2.124,0.0056,0.214
159.185,11,0.457,1.977,-1.6124,2.051,2.164,0.0048,0.214
159.235,11,0.453,1.87,-1.6112,2.073,2.202,0.0,0.211
159.285,11,0.449,1.762,-1.6095,2.134,2.24,0.0,0.211
159.335,11,0.449,1.762,-1.6095,2.134,2.278,0.0,0.207
159.385,11,0.445,1.645,-1.6081,2.18,2.315,-0.0,0.203
159.435,11,0.436,1.405,-1.6081,2.263,2.351,-0.0,0.199
159.486,11,0.432,1.313,-1.6081,2.296,2.422,-0.0,0.19
159.551,11,0.428,1.208,-1.6081,2.322,2.422,-0.0,0.188
159.585,11,0.424,1.106,-1.6081,2.35,2.491,-0.0,0.188
159.642,11,0.419,0.955,-1.6081,2.411,2.524,-0.0,0.177
159.685,11,0.414,0.831,-1.6081,2.453,2.558,-0.0,0.172
159.735,11,0.409,0.697,-1.6081,2.504,2.558,-0.0,0.172
159.785,11,0.405,0.572,-1.6081,2.544,2.655,-0.0,0.168
159.836,11,0.4,0.443,-1.6081,2.57,2.687,-0.0044,0.163
159.886,11,0.4,0.443,-1.6081,2.57,2.718,-0.0052,0.158
159.935,11,0.394,0.296,-1.6081,2.591,2.779,-0.0051,0.153
159.985,11,0.385,0.051,-1.6081,2.671,2.81,-0.0055,0.143
160.037,11,0.38,-0.08,-1.6081,2.681,2.839,-0.0095,0.137
160.089,11,0.375,-0.208,-1.6101,2.757,2.824,-0.0129,0.137
160.135,11,0.37,-0.312,-1.6121,2.792,2.677,-0.0274,0.136
160.185,11,0.361,-0.505,-1.6185,2.842,2.629,-0.0259,0.135
160.235,11,0.356,-0.6,-1.6223,2.846,2.541,-0.0259,0.137
160.288,11,0.344,-0.781,-1.6369,2.698,2.502,-0.0216,0.144
160.335,11,0.331,-0.947,-1.6499,2.596,2.502,-0.0129,0.153
160.385,11,0.324,-1.03,-1.6549,2.551,2.502,-0.0138,0.162
160.435,11,0.309,-1.191,-1.6644,2.517,2.554,-0.0148,0.154
160.487,11,0.301,-1.268,-1.6676,2.514,2.587,-0.0086,0.151
160.542,11,0.286,-1.415,-1.6739,2.544,2.62,-0.0086,0.142
160.585,11,0.278,-1.492,-1.6768,2.572,2.683,-0.0136,0.142
160.638,11,0.257,-1.679,-1.6813,2.605,2.715,-0.014,0.14
160.685,11,0.243,-1.798,-1.6849,2.641,2.692,-0.0137,0.141
160.735,11,0.226,-1.941,-1.6897,2.685,2.692,-0.0086,0.143
160.786,11,0.226,-1.941,-1.6897,2.685,2.691,-0.0103,0.143
160.836,11,0.191,-2.204,-1.7012,2.715,2.746,-0.0043,0.145
160.887,11,0.175,-2.328,-1.7043,2.711,2.777,-0.0,0.153
160.935,11,0.148,-2.513,-1.7116,2.705,2.837,0.0,0.174
160.985,11,0.136,-2.598,-1.7116,2.741,2.867,0.0043,0.165
161.037,11,0.112,-2.771,-1.7115,2.816,2.925,0.0054,0.135
161.087,11,0.1,-2.859,-1.7106,2.849,2.919,0.0,0.135
161.135,11,0.071,-3.069,-1.7075,2.903,2.871,0.0,0.135
161.185,11,0.054,-3.191,-1.706,2.934,2.824,-0.0,0.135
161.245,11,0.038,-3.307,-1.706,2.932,2.777,-0.0,0.137
161.286,11,0.021,-3.436,-1.706,2.908,2.729,-0.0,0.141
161.354,11,0.002,-3.577,-1.706,2.885,2.685,-0.0,0.144
161.397,11,-0.014,-3.691,-1.7061,2.821,2.591,-0.01,0.148
161.435,11,-0.033,-3.83,-1.7061,2.788,2.486,-0.0187,0.151
161.494,11,-0.049,-3.945,-1.7061,2.721,2.376,-0.0266,0.154
161.537,11,-0.066,-4.07,-1.7064,2.68,2.319,-0.0259,0.152
161.589,11,-0.085,-4.203,-1.7119,2.581,2.267,-0.0259,0.147
161.638,11,-0.101,-4.307,-1.7196,2.495,2.214,-0.0279,0.145
161.685,11,-0.121,-4.429,-1.7279,2.406,2.176,-0.0305,0.143
161.736,11,-0.154,-4.615,-1.7453,2.274,2.139,-0.0342,0.148
161.789,11,-0.169,-4.697,-1.7525,2.231,2.095,-0.0353,0.154
161.838,11,-0.189,-4.796,-1.76,2.196,1.969,-0.0547,0.139
161.886,11,-0.223,-4.961,-1.7773,2.126,1.903,-0.0717,0.122
161.937,11,-0.223,-4.961,-1.7773,2.126,1.903,-0.0717,0.12
161.985,11,-0.242,-5.044,-1.7872,2.083,1.84,-0.0935,0.116
162.036,11,-0.267,-5.146,-1.801,2.004,1.75,-0.12,0.112
162.088,11,-0.294,-5.248,-1.8185,1.957,1.75,-0.12,0.11
162.139,11,-0.328,-5.364,-1.8418,1.887,1.724,-0.1452,0.114
162.194,11,-0.355,-5.444,-1.8763,1.807,1.615,-0.1547,0.117
162.239,11,-0.383,-5.521,-1.9064,1.748,1.559,-0.1661,0.116
162.285,11,-0.413,-5.596,-1.9357,1.731,1.552,-0.1658,0.112
162.339,11,-0.465,-5.71,-1.999,1.633,1.552,-0.1563,0.115
162.392,11,-0.49,-5.759,-2.029,1.598,1.552,-0.1524,0.117
162.435,11,-0.521,-5.814,-2.0561,1.554,1.552,-0.1566,0.121
162.486,11,-0.584,-5.918,-2.118,1.543,1.564,-0.1631,0.12
162.535,11,-0.609,-5.956,-2.1425,1.546,1.524,-0.1512,0.117
162.587,11,-0.666,-6.037,-2.1906,1.557,1.524,-0.1514,0.111
162.639,11,-0.696,-6.075,-2.2117,1.56,1.484,-0.1555,0.11
162.687,11,-0.738,-6.128,-2.2338,1.556,1.462,-0.2114,0.116
162.736,11,-0.828,-6.229,-2.2952,1.511,1.446,-0.2377,0.118
162.787,11,-0.869,-6.27,-2.3283,1.479,1.446,-0.2272,0.122
162.835,11,-0.931,-6.328,-2.3958,1.433,1.359,-0.2374,0.119
162.885,11,-0.976,-6.366,-2.4238,1.431,1.263,-0.2246,0.114
162.937,11,-1.024,-6.402,-2.4639,1.417,1.263,-0.2088,0.121
162.985,11,-1.064,-6.43,-2.5084,1.358,1.222,-0.2911,0.125
163.043,11,-1.135,-6.476,-2.5712,1.264,1.222,-0.2785,0.135
163.086,11,-1.164,-6.492,-2.6005,1.227,1.198,-0.2869,0.137
163.136,11,-1.246,-6.534,-2.6724,1.195,1.198,-0.2793,0.14
163.187,11,-1.29,-6.553,-2.7098,1.198,1.123,-0.3085,0.136
163.236,11,-1.354,-6.577,-2.7814,1.184,1.122,-0.334,0.126
163.285,11,-1.391,-6.589,-2.8109,1.128,1.122,-0.323,0.122
163.335,11,-1.462,-6.607,-2.883,1.096,1.146,-0.3745,0.107
163.385,11,-1.496,-6.614,-2.9185,1.098,1.146,-0.3745,0.103
163.435,11,-1.569,-6.625,-2.9918,1.097,1.111,-0.3515,0.093
163.485,11,-1.616,-6.628,-3.0359,1.11,1.111,-0.3515,0.088
163.536,11,-1.662,-6.629,-3.0902,1.121,1.111,-0.3404,0.089
163.585,11,-1.732,-6.626,3.106,1.099,1.02,-0.3439,0.092
163.635,11,-1.788,-6.62,3.0349,1.088,1.02,-0.3399,0.091
163.685,11,-1.83,-6.614,3.0073,1.032,1.02,-0.3495,0.089
163.746,11,-1.875,-6.604,2.963,1.0,1.02,-0.3495,0.097
163.81,11,-1.921,-6.592,2.9149,0.994,1.02,-0.3372,0.104
163.835,11,-1.962,-6.579,2.8663,0.997,1.064,-0.3143,0.107
163.889,11,-2.005,-6.564,2.8198,1.001,1.064,-0.3069,0.112
163.938,11,-2.04,-6.549,2.7727,1.003,1.141,-0.3259,0.116
163.985,11,-2.08,-6.53,2.733,1.012,1.141,-0.3148,0.118
164.043,11,-2.162,-6.486,2.6434,1.072,1.187,-0.293,0.127
164.085,11,-2.193,-6.467,2.6012,1.12,1.197,-0.3051,0.132
164.135,11,-2.256,-6.422,2.5284,1.141,1.197,-0.2874,0.142
164.192,11,-2.292,-6.393,2.4945,1.168,1.266,-0.284,0.147
164.237,11,-2.322,-6.367,2.4524,1.185,1.331,-0.3348,0.15
164.285,11,-2.389,-6.303,2.3773,1.244,1.331,-0.3228,0.153
164.345,11,-2.416,-6.274,2.3366,1.259,1.31,-0.3236,0.153
164.393,11,-2.447,-6.237,2.3031,1.271,1.31,-0.315,0.16
164.439,11,-2.483,-6.191,2.255,1.292,1.258,-0.3607,0.167
164.487,11,-2.516,-6.141,2.1942,1.295,1.239,-0.3461,0.169
164.538,11,-2.569,-6.045,2.0806,1.288,1.239,-0.3229,0.17
164.589,11,-2.588,-6.004,2.0224,1.241,1.231,-0.3226,0.171
164.636,11,-2.603,-5.965,1.9746,1.219,1.139,-0.311,0.174
164.685,11,-2.629,-5.886,1.8871,1.214,1.139,-0.2902,0.15
164.741,11,-2.639,-5.846,1.8478,1.215,1.04,-0.2626,0.144
164.787,11,-2.65,-5.797,1.8094,1.203,1.04,-0.2565,0.133
164.835,11,-2.663,-5.709,1.7249,1.11,1.04,-0.238,0.124
164.888,11,-2.667,-5.668,1.6921,1.039,1.04,-0.2288,0.12
164.936,11,-2.67,-5.625,1.6604,1.026,1.04,-0.225,0.119
164.986,11,-2.672,-5.561,1.6037,1.035,1.062,-0.1672,0.121
165.035,11,-2.672,-5.53,1.584,1.038,1.062,-0.1446,0.123
165.086,11,-2.67,-5.454,1.5414,1.05,1.111,-0.1697,0.127
165.138,11,-2.667,-5.409,1.5223,1.064,1.111,-0.1599,0.129
165.185,11,-2.661,-5.34,1.4829,1.108,1.171,-0.1336,0.13
165.247,11,-2.656,-5.298,1.4674,1.122,1.171,-0.1225,0.128
165.286,11,-2.649,-5.247,1.4487,1.168,1.241,-0.1389,0.128
165.335,11,-2.636,-5.168,1.4113,1.19,1.307,-0.1238,0.147
165.385,11,-2.628,-5.124,1.3946,1.231,1.307,-0.1119,0.155
165.435,11,-2.62,-5.085,1.3753,1.247,1.371,-0.0931,0.17
165.487,11,-2.596,-4.985,1.3435,1.303,1.371,-0.0854,0.194
165.536,11,-2.582,-4.931,1.3243,1.328,1.431,-0.0909,0.203
165.585,11,-2.56,-4.852,1.2963,1.384,1.489,-0.0589,0.235
165.636,11,-2.542,-4.793,1.2848,1.424,1.489,-0.0589,0.258
165.686,11,-2.526,-4.743,1.2686,1.45,1.599,-0.0434,0.27
165.75,11,-2.495,-4.649,1.2491,1.507,1.599,-0.0413,0.308
165.787,11,-2.478,-4.602,1.2417,1.541,1.651,-0.0373,0.322
165.838,11,-2.454,-4.532,1.2351,1.589,1.701,-0.024,0.349
165.885,11,-2.428,-4.461,1.2258,1.613,1.75,-0.0211,0.378
165.935,11,-2.38,-4.335,1.209,1.668,1.75,-0.012,0.427
165.987,11,-2.358,-4.278,1.2046,1.707,1.798,-0.004,0.444
166.036,11,-2.311,-4.159,1.1971,1.769,1.844,0.0,0.478
166.085,11,-2.285,-4.092,1.1964,1.8,1.89,0.006,0.529
166.147,11,-2.256,-4.019,1.1956,1.817,1.934,0.0093,0.54
166.186,11,-2.229,-3.951,1.1956,1.849,1.977,0.013,0.522
166.237,11,-2.176,-3.815,1.1976,1.924,2.02,0.0167,0.493
166.285,11,-2.151,-3.749,1.1998,1.95,2.061,0.0164,0.483
166.336,11,-2.126,-3.686,1.2024,1.981,2.102,0.0165,0.462
166.385,11,-2.072,-3.543,1.2088,2.049,2.142,0.0166,0.43
166.437,11,-2.039,-3.455,1.2127,2.07,2.142,0.0166,0.408
166.49,11,-2.007,-3.366,1.217,2.085,2.181,0.0166,0.397
166.535,11,-1.978,-3.286,1.2217,2.116,2.257,0.0185,0.373
166.587,11,-1.93,-3.153,1.2293,2.178,2.294,0.0126,0.336
166.635,11,-1.904,-3.077,1.2327,2.194,2.331,0.0126,0.323
166.685,11,-1.846,-2.908,1.2403,2.294,2.367,0.0084,0.283
166.736,11,-1.819,-2.828,1.2438,2.332,2.402,0.0105,0.256
166.792,11,-1.784,-2.725,1.2469,2.349,2.366,0.0085,0.242
166.835,11,-1.756,-2.639,1.2496,2.38,2.261,0.0264,0.213
166.893,11,-1.705,-2.484,1.2543,2.394,2.202,0.0342,0.171
166.939,11,-1.659,-2.341,1.2596,2.351,2.139,0.06,0.147
166.987,11,-1.638,-2.271,1.2653,2.305,2.075,0.0785,0.121
167.036,11,-1.616,-2.199,1.2728,2.248,2.009,0.1018,0.106
167.085,11,-1.572,-2.038,1.3066,2.104,1.878,0.1501,0.092
167.135,11,-1.555,-1.966,1.3246,2.076,1.878,0.1335,0.084
167.185,11,-1.537,-1.878,1.3519,1.979,1.827,0.1582,0.081
167.236,11,-1.522,-1.786,1.3881,1.926,1.794,0.1569,0.077
167.285,11,-1.508,-1.669,1.4601,1.825,1.743,0.1569,0.083
167.336,11,-1.502,-1.578,1.5015,1.779,1.719,0.118,0.083
167.385,11,-1.5,-1.514,1.5274,1.765,1.719,0.1096,0.082
167.44,11,-1.5,-1.451,1.5575,1.748,1.703,0.081,0.08
167.485,11,-1.505,-1.308,1.6021,1.725,1.695,0.0728,0.089
167.54,11,-1.508,-1.25,1.6252,1.723,1.695,0.066,0.102
167.588,11,-1.517,-1.147,1.6503,1.707,1.744,0.0404,0.108
167.635,11,-1.523,-1.08,1.6609,1.704,1.744,0.0404,0.114
167.692,11,-1.532,-0.998,1.6737,1.703,1.744,0.0366,0.119
167.735,11,-1.542,-0.916,1.6845,1.712,1.792,0.0292,0.121
167.79,11,-1.551,-0.848,1.6943,1.745,1.884,0.0162,0.126
167.835,11,-1.56,-0.782,1.7016,1.754,1.884,0.0122,0.143
167.893,11,-1.579,-0.646,1.7143,1.835,1.928,0.0125,0.169
167.935,11,-1.589,-0.584,1.7171,1.876,1.971,0.0085,0.178
167.986,11,-1.608,-0.456,1.722,1.903,2.014,0.0041,0.204
168.037,11,-1.617,-0.4,1.7241,1.926,2.055,0.0041,0.213
168.089,11,-1.629,-0.324,1.7256,1.959,2.096,0.0041,0.223
168.135,11,-1.659,-0.136,1.7284,2.027,2.136,0.0041,0.243
168.19,11,-1.67,-0.064,1.7296,2.066,2.175,0.0041,0.276
168.236,11,-1.694,0.08,1.7312,2.114,2.214,0.0042,0.299
168.295,11,-1.707,0.161,1.7321,2.142,2.252,0.0042,0.333
168.335,11,-1.721,0.248,1.7333,2.177,2.289,0.0042,0.345
168.386,11,-1.745,0.392,1.7352,2.249,2.326,0.0055,0.38
168.451,11,-1.758,0.469,1.7361,2.281,2.362,0.005,0.391
168.487,11,-1.774,0.565,1.737,2.3,2.397,0.0,0.404
168.535,11,-1.805,0.744,1.7401,2.363,2.467,0.0,0.366
168.593,11,-1.82,0.831,1.7413,2.375,2.501,-0.0,0.34
168.635,11,-1.837,0.929,1.7413,2.4,2.568,-0.0,0.327
168.685,11,-1.867,1.106,1.7413,2.491,2.6,-0.0,0.279
168.737,11,-1.883,1.196,1.7413,2.528,2.6,-0.0,0.263
168.787,11,-1.906,1.33,1.7413,2.567,2.665,-0.0046,0.213
168.836,11,-1.92,1.414,1.7413,2.587,2.665,-0.0101,0.21
168.885,11,-1.939,1.522,1.7413,2.604,2.614,-0.0086,0.207
168.937,11,-1.975,1.733,1.7398,2.674,2.562,-0.0151,0.202
168.986,11,-1.987,1.809,1.7367,2.676,2.455,-0.0129,0.202
169.035,11,-2.015,1.978,1.7324,2.638,2.455,-0.015,0.2
169.092,11,-2.027,2.057,1.729,2.605,2.35,-0.0172,0.2
169.135,11,-2.058,2.26,1.7216,2.481,2.307,-0.0217,0.196
169.185,11,-2.072,2.355,1.7177,2.426,2.225,-0.0214,0.192
169.235,11,-2.085,2.448,1.7128,2.373,2.225,-0.0214,0.189
169.286,11,-2.105,2.598,1.7021,2.291,2.111,-0.0265,0.185
169.335,11,-2.113,2.666,1.697,2.249,2.052,-0.0298,0.184
169.385,11,-2.123,2.748,1.6916,2.201,2.003,-0.0344,0.182
169.436,11,-2.14,2.904,1.6777,2.079,1.957,-0.0377,0.181
169.486,11,-2.147,2.977,1.6712,2.054,1.91,-0.0375,0.182
169.536,11,-2.154,3.051,1.6637,2.022,1.851,-0.047,0.183
169.585,11,-2.164,3.186,1.648,1.946,1.781,-0.058,0.177
169.637,11,-2.169,3.265,1.6413,1.925,1.704,-0.0871,0.171
169.7,11,-2.174,3.349,1.6304,1.873,1.635,-0.1187,0.165
169.739,11,-2.177,3.432,1.6185,1.834,1.635,-0.1187,0.158
169.785,11,-2.178,3.51,1.5975,1.728,1.514,-0.1658,0.153
169.839,11,-2.176,3.632,1.5538,1.63,1.514,-0.1712,0.146
169.885,11,-2.174,3.679,1.532,1.574,1.453,-0.1875,0.145
169.935,11,-2.164,3.785,1.481,1.491,1.379,-0.2006,0.131
169.985,11,-2.155,3.848,1.4513,1.453,1.284,-0.2246,0.127
170.038,11,-2.147,3.898,1.4158,1.442,1.227,-0.2327,0.121
170.087,11,-2.135,3.953,1.3867,1.427,1.227,-0.2339,0.12
170.153,11,-2.111,4.049,1.315,1.274,1.201,-0.2354,0.12
170.185,11,-2.098,4.088,1.2848,1.217,1.201,-0.2059,0.12
170.236,11,-2.071,4.163,1.2231,1.209,1.201,-0.2175,0.118
170.289,11,-2.056,4.2,1.1994,1.199,1.2,-0.2161,0.117
170.336,11,-2.016,4.287,1.1425,1.191,1.181,-0.2276,0.117
170.39,11,-1.996,4.326,1.1095,1.193,1.181,-0.216,0.124
170.445,11,-1.98,4.354,1.0809,1.192,1.181,-0.2217,0.126
170.486,11,-1.956,4.396,1.0592,1.18,1.18,-0.2436,0.128
170.535,11,-1.927,4.442,1.0274,1.175,1.18,-0.2272,0.13
170.585,11,-1.871,4.521,0.9603,1.172,1.25,-0.2878,0.122
170.635,11,-1.837,4.565,0.9243,1.171,1.25,-0.2761,0.119
170.685,11,-1.802,4.606,0.8839,1.174,1.26,-0.2964,0.118
170.735,11,-1.741,4.669,0.8082,1.223,1.231,-0.2852,0.118
170.786,11,-1.712,4.696,0.7696,1.243,1.231,-0.2792,0.116
170.835,11,-1.653,4.745,0.7001,1.229,1.14,-0.2786,0.107
170.887,11,-1.623,4.768,0.6676,1.221,1.055,-0.2745,0.103
170.935,11,-1.557,4.813,0.6047,1.149,1.055,-0.2625,0.096
170.986,11,-1.526,4.832,0.5666,1.11,1.055,-0.2885,0.095
171.036,11,-1.49,4.852,0.5367,1.054,1.055,-0.2603,0.098
171.087,11,-1.425,4.885,0.4696,1.036,1.055,-0.27,0.099
171.136,11,-1.394,4.899,0.4427,1.045,1.055,-0.2589,0.098
171.186,11,-1.334,4.924,0.389,1.049,0.975,-0.2246,0.082
171.235,11,-1.272,4.946,0.3432,1.03,0.975,-0.2157,0.077
171.286,11,-1.272,4.946,0.3432,1.03,0.903,-0.2471,0.074
171.336,11,-1.195,4.969,0.293,0.967,0.903,-0.2461,0.064
171.386,11,-1.147,4.981,0.2661,0.952,0.903,-0.2684,0.064
171.436,11,-1.11,4.988,0.2292,0.895,0.903,-0.2714,0.067
171.486,11,-1.077,4.995,0.2015,0.889,0.903,-0.2832,0.069
171.535,11,-1.012,5.004,0.1454,0.893,0.993,-0.2889,0.073
171.594,11,-0.981,5.007,0.118,0.894,0.993,-0.2777,0.074
171.649,11,-0.953,5.009,0.0913,0.895,0.993,-0.2692,0.075
171.695,11,-0.909,5.011,0.0677,0.895,1.075,-0.2815,0.076
171.735,11,-0.855,5.011,0.0305,0.975,1.075,-0.2741,0.078
171.785,11,-0.786,5.008,-0.0485,1.008,1.102,-0.2804,0.079
171.845,11,-0.726,5.002,-0.0982,1.068,1.102,-0.2589,0.077
171.885,11,-0.696,4.998,-0.1238,1.076,1.102,-0.2652,0.074
171.935,11,-0.621,4.984,-0.1808,1.098,1.102,-0.2739,0.07
171.985,11,-0.591,4.977,-0.2107,1.098,1.102,-0.2489,0.071
172.035,11,-0.515,4.956,-0.2615,1.095,1.154,-0.2715,0.072
172.085,11,-0.462,4.938,-0.2999,1.097,1.154,-0.2715,0.071
172.137,11,-0.419,4.922,-0.3416,1.098,1.224,-0.26,0.067
172.185,11,-0.38,4.906,-0.376,1.099,1.224,-0.2371,0.073
172.236,11,-0.339,4.887,-0.4105,1.136,1.229,-0.2503,0.085
172.286,11,-0.3,4.867,-0.4481,1.154,1.229,-0.2667,0.091
172.336,11,-0.208,4.814,-0.5227,1.229,1.229,-0.2511,0.112
172.386,11,-0.173,4.792,-0.557,1.233,1.284,-0.2399,0.117
172.453,11,-0.133,4.764,-0.5901,1.226,1.348,-0.263,0.125
172.49,11,-0.094,4.734,-0.6294,1.224,1.348,-0.263,0.128
172.537,11,-0.029,4.679,-0.6669,1.234,1.348,-0.2523,0.136
172.587,11,0.011,4.642,-0.7273,1.284,1.41,-0.2177,0.14
172.636,11,0.054,4.598,-0.7651,1.294,1.341,-0.2413,0.131
172.694,11,0.099,4.549,-0.8137,1.354,1.267,-0.2342,0.113
172.735,11,0.141,4.497,-0.8636,1.409,1.267,-0.2084,0.098
172.789,11,0.205,4.407,-0.9574,1.331,1.202,-0.2354,0.078
172.837,11,0.237,4.356,-0.9873,1.278,1.154,-0.2421,0.073
172.888,11,0.264,4.309,-1.0298,1.241,1.154,-0.2293,0.071
172.936,11,0.287,4.265,-1.0675,1.189,1.154,-0.2178,0.074
172.996,11,0.317,4.201,-1.1294,1.146,1.154,-0.2037,0.082
173.035,11,0.33,4.171,-1.1522,1.148,1.154,-0.1806,0.084
173.087,11,0.365,4.077,-1.2065,1.157,1.192,-0.1726,0.087
173.136,11,0.377,4.041,-1.2371,1.16,1.192,-0.1461,0.088
173.187,11,0.39,4.0,-1.2575,1.16,1.261,-0.1585,0.088
173.255,11,0.413,3.915,-1.2993,1.206,1.326,-0.1477,0.084
173.285,11,0.422,3.877,-1.32,1.256,1.326,-0.1392,0.082
173.335,11,0.434,3.826,-1.3385,1.271,1.352,-0.1243,0.081
173.398,11,0.451,3.733,-1.3812,1.321,1.377,-0.1128,0.095
173.436,11,0.459,3.688,-1.4021,1.336,1.405,-0.1062,0.099
173.491,11,0.472,3.587,-1.4358,1.385,1.405,-0.0982,0.111
173.537,11,0.477,3.544,-1.452,1.392,1.464,-0.0923,0.114
173.585,11,0.485,3.453,-1.4798,1.416,1.521,-0.083,0.124
173.645,11,0.488,3.405,-1.4931,1.457,1.521,-0.0752,0.126
173.689,11,0.492,3.345,-1.507,1.474,1.575,-0.0595,0.131
173.762,11,0.496,3.218,-1.5382,1.526,1.628,-0.0515,0.136
173.786,11,0.497,3.169,-1.5513,1.537,1.628,-0.0437,0.137
