t_s,lap,x,y,yaw,speed_mps,cmd_speed_mps,cmd_steer_rad,min_wall_dist_m
0.026,0,0.904,-2.846,0.006,0.0,0.0,0.0,0.0
0.075,0,0.904,-2.846,0.006,0.0,0.0,0.0,0.0
0.127,0,0.904,-2.846,0.006,0.0,0.0,0.0,0.0
0.175,0,0.904,-2.846,0.006,0.0,0.0,0.0,0.0
0.225,0,0.904,-2.846,0.006,0.0,0.0,0.0,0.0
0.276,0,0.904,-2.846,0.006,0.0,0.0,0.0,0.0
0.326,0,0.904,-2.846,0.006,0.0,0.0,0.0,0.0
0.375,0,0.904,-2.846,0.006,0.0,0.0,0.0,0.0
0.425,0,0.904,-2.846,0.006,0.0,0.0,0.0,0.0
0.476,0,0.904,-2.846,0.006,0.0,0.0,0.0,0.0
0.525,0,0.904,-2.846,0.006,0.0,0.0,0.0,0.0
0.575,0,0.904,-2.846,0.006,0.0,0.0,0.0,0.0
0.626,0,0.904,-2.846,0.006,0.0,0.0,0.0,0.0
0.676,0,0.904,-2.846,0.006,0.0,0.0,0.0,0.0
0.725,0,0.904,-2.846,0.006,0.0,0.0,0.0,0.0
0.775,0,0.904,-2.846,0.006,0.0,0.0,0.0,0.0
0.825,0,0.904,-2.846,0.006,0.0,0.0,0.0,0.0
0.875,0,0.904,-2.846,0.006,0.0,0.0,0.0,0.0
0.925,0,0.904,-2.846,0.006,0.0,0.0,0.0,0.0
0.976,0,0.904,-2.846,0.006,0.0,0.0,0.0,0.0
1.025,0,0.904,-2.846,0.006,0.0,0.0,0.0,0.0
1.077,0,0.904,-2.846,0.006,0.0,0.0,0.0,0.0
1.126,0,0.904,-2.846,0.006,0.0,0.0,0.0,0.0
1.176,0,0.904,-2.846,0.006,0.0,0.0,0.0,0.0
1.227,0,0.904,-2.846,0.006,0.0,0.0,0.0,0.0
1.276,0,0.904,-2.846,0.006,0.0,0.0,0.0,0.0
1.326,0,0.904,-2.846,0.006,0.0,0.0,0.0,0.0
1.376,0,0.904,-2.846,0.006,0.0,2.284,-0.4,0.0
1.426,0,0.904,-2.846,0.006,0.0,2.284,-0.4,0.0
1.475,0,0.904,-2.846,0.006,0.0,2.284,-0.4,0.0
1.526,0,0.904,-2.846,0.006,0.0,2.284,-0.4,0.0
1.576,0,0.904,-2.846,0.006,0.0,2.284,-0.4,0.0
1.626,0,0.904,-2.846,0.006,0.0,2.284,-0.4,0.0
1.676,0,0.904,-2.846,0.006,0.0,2.284,-0.4,0.0
1.726,0,0.904,-2.846,0.006,0.0,2.284,-0.4,0.0
1.776,0,0.904,-2.846,0.006,0.0,0.685,-0.4,0.0
1.826,0,0.904,-2.846,0.006,0.0,0.685,-0.4,0.0
1.875,0,0.904,-2.846,0.006,0.0,0.685,-0.4,0.0
1.926,0,0.904,-2.846,0.006,0.0,0.685,-0.4,0.0
1.975,0,0.904,-2.847,0.0059,0.013,0.685,-0.4,0.0
2.026,0,0.904,-2.847,0.0059,0.007,0.685,-0.4,0.0
2.075,0,0.904,-2.847,0.0059,0.003,0.685,-0.4,0.0
2.125,0,0.904,-2.847,0.0059,0.001,0.685,-0.4,0.0
2.176,0,0.904,-2.847,0.0059,0.0,0.685,-0.4,0.0
2.226,0,0.904,-2.847,0.0059,0.0,0.685,-0.4,0.0
2.276,0,0.904,-2.847,0.0059,0.0,0.206,-0.1116,0.0
2.326,0,0.904,-2.847,0.0059,0.0,0.206,-0.1116,0.0
2.376,0,0.904,-2.847,0.0059,0.0,0.206,-0.1116,0.0
2.426,0,0.904,-2.847,0.0059,0.0,0.206,-0.1116,0.0
2.476,0,0.904,-2.847,0.0059,0.0,0.206,-0.1116,0.0
2.526,0,0.904,-2.847,0.0059,0.0,0.206,-0.1116,0.0
2.576,0,0.904,-2.847,0.0059,0.0,0.206,-0.1116,0.0
2.625,0,0.904,-2.847,0.006,0.0,0.206,-0.1116,0.0
2.676,0,0.904,-2.847,0.006,0.0,0.206,-0.1116,0.0
2.726,0,0.904,-2.847,0.006,0.0,0.206,-0.1116,0.0
2.776,0,0.904,-2.847,0.006,0.0,0.062,-0.0069,0.0
2.826,0,0.904,-2.847,0.008,0.0,0.062,-0.0069,0.0
2.875,0,0.904,-2.847,0.008,0.0,0.062,-0.0069,0.0
2.926,0,0.904,-2.848,0.008,0.007,0.062,-0.0069,0.0
2.976,0,0.904,-2.848,0.008,0.003,0.062,-0.0069,0.0
3.026,0,0.904,-2.848,0.008,0.002,0.062,-0.0069,0.0
3.076,0,0.904,-2.848,0.008,0.0,0.062,-0.0069,0.0
3.126,0,0.904,-2.848,0.008,0.0,0.062,-0.0069,0.0
3.175,0,0.904,-2.848,0.008,0.0,0.062,-0.0069,0.0
3.226,0,0.904,-2.848,0.008,0.0,0.062,-0.0069,0.0
3.276,0,0.904,-2.848,0.008,0.0,0.019,-0.0,0.0
3.326,0,0.904,-2.848,0.008,0.0,0.019,-0.0,0.0
3.376,0,0.904,-2.848,0.008,0.0,0.019,-0.0,0.0
3.425,0,0.904,-2.848,0.008,0.0,0.019,-0.0,0.0
3.476,0,0.904,-2.848,0.008,0.0,0.019,-0.0,0.0
3.525,0,0.904,-2.848,0.008,0.0,0.019,-0.0,0.0
3.576,0,0.904,-2.848,0.008,0.0,0.019,-0.0,0.0
3.626,0,0.904,-2.848,0.008,0.0,0.019,-0.0,0.0
3.676,0,0.904,-2.848,0.008,0.0,0.019,-0.0,0.0
3.725,0,0.904,-2.848,0.008,0.0,0.019,-0.0,0.0
3.776,0,0.904,-2.848,0.008,0.0,0.006,-0.0,0.0
3.826,0,0.904,-2.848,0.008,0.0,0.006,-0.0,0.0
3.875,0,0.904,-2.848,0.008,0.0,0.006,-0.0,0.0
3.925,0,0.904,-2.848,0.008,0.0,0.006,-0.0,0.0
3.975,0,0.904,-2.848,0.008,0.0,0.006,-0.0,0.0
4.026,0,0.904,-2.849,0.008,0.012,0.006,-0.0,0.0
4.075,0,0.904,-2.849,0.008,0.006,0.006,-0.0,0.0
4.126,0,0.904,-2.849,0.01,0.002,0.006,-0.0,0.0
4.175,0,0.904,-2.849,0.01,0.001,0.006,-0.0,0.0
4.226,0,0.904,-2.849,0.01,0.0,0.006,-0.0,0.0
4.276,0,0.904,-2.849,0.01,0.0,0.002,-0.0,0.0
4.326,0,0.904,-2.849,0.01,0.0,0.002,-0.0,0.0
4.376,0,0.904,-2.849,0.01,0.0,0.002,-0.0,0.0
4.426,0,0.904,-2.849,0.01,0.0,0.002,-0.0,0.0
4.476,0,0.904,-2.849,0.01,0.0,0.002,-0.0,0.0
4.526,0,0.904,-2.849,0.01,0.0,0.002,-0.0,0.0
4.576,0,0.904,-2.849,0.01,0.0,0.002,-0.0,0.0
4.626,0,0.904,-2.849,0.01,0.0,0.002,-0.0,0.0
4.675,0,0.904,-2.849,0.01,0.0,0.002,-0.0,0.0
4.726,0,0.904,-2.849,0.01,0.0,0.002,-0.0,0.0
4.776,0,0.904,-2.849,0.01,0.0,0.0,-0.0,0.0
4.826,0,0.904,-2.849,0.01,0.0,0.0,-0.0,0.0
4.875,0,0.904,-2.849,0.01,0.0,0.0,-0.0,0.0
4.926,0,0.904,-2.849,0.01,0.0,0.0,-0.0,0.0
4.976,0,0.904,-2.849,0.01,0.0,0.0,-0.0,0.0
5.026,0,0.904,-2.849,0.01,0.0,0.0,-0.0,0.0
5.076,0,0.904,-2.849,0.01,0.0,0.0,-0.0,0.0
5.125,0,0.904,-2.849,0.01,0.0,0.0,-0.0,0.0
5.176,0,0.904,-2.849,0.01,0.0,0.0,-0.0,0.0
5.225,0,0.904,-2.849,0.01,0.0,0.0,-0.0,0.0
5.276,0,0.904,-2.849,0.01,0.0,0.0,-0.0,0.0
5.326,0,0.905,-2.849,0.01,0.014,0.0,-0.0,0.0
5.376,0,0.905,-2.849,0.01,0.007,0.0,-0.0,0.0
5.426,0,0.905,-2.849,0.01,0.002,0.0,-0.0,0.0
5.476,0,0.905,-2.849,0.01,0.001,0.0,-0.0,0.0
5.526,0,0.905,-2.849,0.01,0.0,0.0,-0.0,0.0
5.576,0,0.905,-2.849,0.01,0.0,0.0,-0.0,0.0
5.626,0,0.905,-2.849,0.01,0.0,0.0,-0.0,0.0
5.676,0,0.905,-2.849,0.01,0.0,0.0,-0.0,0.0
5.726,0,0.905,-2.849,0.01,0.0,0.0,-0.0,0.0
5.776,0,0.905,-2.849,0.01,0.0,0.0,-0.0,0.0
5.826,0,0.905,-2.849,0.01,0.0,0.0,-0.0,0.0
5.876,0,0.905,-2.849,0.01,0.0,0.0,-0.0,0.0
5.925,0,0.905,-2.849,0.01,0.0,0.0,-0.0,0.0
5.976,0,0.905,-2.849,0.01,0.0,0.0,-0.0,0.0
6.026,0,0.905,-2.849,0.01,0.0,0.0,-0.0,0.0
6.075,0,0.905,-2.849,0.01,0.0,0.0,-0.0,0.0
6.126,0,0.905,-2.849,0.01,0.0,0.0,-0.0,0.0
6.176,0,0.905,-2.849,0.01,0.0,0.0,-0.0,0.0
6.225,0,0.905,-2.849,0.01,0.0,0.0,-0.0,0.0
6.276,0,0.905,-2.849,0.01,0.0,0.0,-0.0,0.0
6.326,0,0.905,-2.849,0.01,0.0,0.0,-0.0,0.0
6.376,0,0.905,-2.849,0.01,0.0,0.0,-0.0,0.0
6.426,0,0.905,-2.849,0.01,0.0,0.0,-0.0,0.0
6.475,0,0.905,-2.849,0.01,0.0,0.0,-0.0,0.0
6.526,0,0.905,-2.849,0.01,0.0,0.0,-0.0,0.0
6.575,0,0.905,-2.849,0.01,0.0,0.0,-0.0,0.0
6.626,0,0.905,-2.849,0.01,0.0,0.0,-0.0,0.0
6.676,0,0.905,-2.849,0.01,0.0,0.0,-0.0,0.0
6.726,0,0.905,-2.849,0.01,0.0,0.0,-0.0,0.0
6.775,0,0.905,-2.849,0.01,0.0,0.0,-0.0,0.0
6.826,0,0.905,-2.849,0.01,0.0,0.0,-0.0,0.0
6.876,0,0.905,-2.849,0.01,0.0,0.0,-0.0,0.0
6.926,0,0.905,-2.849,0.01,0.0,0.0,-0.0,0.0
6.975,0,0.905,-2.849,0.01,0.0,0.0,-0.0,0.0
7.026,0,0.905,-2.849,0.01,0.0,0.0,-0.0,0.0
7.075,0,0.905,-2.849,0.01,0.0,0.0,-0.0,0.0
7.126,0,0.905,-2.849,0.01,0.0,0.0,-0.0,0.0
7.175,0,0.905,-2.849,0.01,0.0,0.0,-0.0,0.0
7.226,0,0.905,-2.849,0.01,0.0,0.0,-0.0,0.0
7.275,0,0.905,-2.849,0.01,0.0,0.0,-0.0,0.0
7.326,0,0.905,-2.849,0.01,0.0,0.0,-0.0,0.0
7.376,0,0.905,-2.849,0.01,0.0,0.0,-0.0,0.0
7.426,0,0.905,-2.849,0.01,0.0,0.0,-0.0,0.0
7.476,0,0.905,-2.849,0.01,0.0,0.0,-0.0,0.0
7.526,0,0.905,-2.849,0.01,0.0,0.0,-0.0,0.0
7.576,0,0.905,-2.849,0.01,0.0,0.0,-0.0,0.0
7.625,0,0.905,-2.849,0.01,0.0,0.0,-0.0,0.0
7.675,0,0.905,-2.849,0.01,0.0,0.0,-0.0,0.0
7.726,0,0.905,-2.849,0.01,0.0,0.0,-0.0,0.0
7.776,0,0.905,-2.849,0.01,0.0,0.0,-0.0,0.0
7.825,0,0.905,-2.849,0.01,0.0,0.0,-0.0,0.0
7.875,0,0.905,-2.849,0.01,0.0,0.0,-0.0,0.0
7.925,0,0.905,-2.849,0.01,0.0,0.0,-0.0,0.0
7.976,0,0.905,-2.849,0.01,0.0,0.0,-0.0,0.0
8.026,0,0.905,-2.849,0.01,0.0,0.0,-0.0,0.0
8.076,0,0.905,-2.849,0.01,0.0,0.0,-0.0,0.0
8.126,0,0.905,-2.849,0.01,0.0,0.0,-0.0,0.0
8.175,0,0.905,-2.849,0.01,0.0,0.0,-0.0,0.0
8.226,0,0.905,-2.849,0.01,0.0,0.0,-0.0,0.0
8.275,0,0.905,-2.849,0.01,0.0,0.0,-0.0,0.0
8.326,0,0.905,-2.849,0.01,0.0,0.0,-0.0,0.0
8.376,0,0.905,-2.849,0.01,0.0,0.0,-0.0,0.0
8.426,0,0.905,-2.849,0.01,0.0,0.0,-0.0,0.0
8.476,0,0.905,-2.849,0.01,0.0,0.0,-0.0,0.0
8.526,0,0.905,-2.849,0.01,0.0,0.0,-0.0,0.0
8.575,0,0.905,-2.849,0.01,0.0,0.0,-0.0,0.0
8.626,0,0.905,-2.849,0.01,0.0,0.0,-0.0,0.0
8.676,0,0.905,-2.849,0.01,0.0,0.0,-0.0,0.0
8.725,0,0.905,-2.849,0.01,0.0,0.0,-0.0,0.0
8.776,0,0.905,-2.849,0.01,0.0,0.0,-0.0,0.0
8.826,0,0.905,-2.849,0.01,0.0,0.0,-0.0,0.0
8.876,0,0.905,-2.849,0.01,0.0,0.0,-0.0,0.0
8.926,0,0.905,-2.849,0.01,0.0,0.0,-0.0,0.0
8.976,0,0.905,-2.849,0.01,0.0,0.0,-0.0,0.0
9.026,0,0.905,-2.849,0.01,0.0,0.0,-0.0,0.0
9.076,0,0.905,-2.849,0.01,0.0,0.0,-0.0,0.0
9.125,0,0.905,-2.849,0.01,0.0,0.0,-0.0,0.0
9.175,0,0.905,-2.849,0.01,0.0,0.0,-0.0,0.0
9.226,0,0.905,-2.849,0.01,0.0,0.0,-0.0,0.0
9.275,0,0.905,-2.849,0.01,0.0,0.0,-0.0,0.0
9.326,0,0.905,-2.849,0.01,0.0,0.0,-0.0,0.0
9.376,0,0.905,-2.849,0.01,0.0,0.0,-0.0,0.0
9.426,0,0.905,-2.849,0.01,0.0,0.0,-0.0,0.0
9.476,0,0.905,-2.849,0.01,0.0,0.0,-0.0,0.0
9.526,0,0.905,-2.849,0.01,0.0,0.0,-0.0,0.0
9.576,0,0.905,-2.849,0.01,0.0,0.0,-0.0,0.0
9.625,0,0.905,-2.849,0.01,0.0,0.0,-0.0,0.0
9.676,0,0.905,-2.849,0.01,0.0,0.0,-0.0,0.0
9.726,0,0.905,-2.849,0.01,0.0,0.0,-0.0,0.0
9.776,0,0.905,-2.849,0.01,0.0,0.0,-0.0,0.0
9.827,0,0.905,-2.849,0.01,0.0,0.0,-0.0,0.0
9.875,0,0.905,-2.849,0.01,0.0,0.0,-0.0,0.0
9.926,0,0.905,-2.849,0.01,0.0,0.0,-0.0,0.0
9.976,0,0.905,-2.849,0.01,0.0,0.0,-0.0,0.0
10.026,0,0.905,-2.849,0.01,0.0,0.0,-0.0,0.0
10.076,0,0.905,-2.849,0.01,0.0,0.0,-0.0,0.0
10.126,0,0.905,-2.849,0.01,0.0,0.0,-0.0,0.0
10.176,0,0.905,-2.849,0.01,0.0,0.0,-0.0,0.0
10.225,0,0.905,-2.849,0.01,0.0,0.0,-0.0,0.0
10.276,0,0.905,-2.849,0.01,0.0,0.0,-0.0,0.0
10.326,0,0.905,-2.849,0.01,0.0,0.0,-0.0,0.0
10.376,0,0.905,-2.849,0.01,0.0,0.0,-0.0,0.0
10.426,0,0.905,-2.849,0.01,0.0,0.0,-0.0,0.0
10.475,0,0.905,-2.849,0.01,0.0,0.0,-0.0,0.0
10.526,0,0.905,-2.849,0.01,0.0,0.0,-0.0,0.0
10.576,0,0.905,-2.849,0.01,0.0,0.0,-0.0,0.0
10.626,0,0.905,-2.849,0.01,0.0,0.0,-0.0,0.0
10.676,0,0.905,-2.849,0.01,0.0,0.0,-0.0,0.0
10.726,0,0.905,-2.849,0.01,0.0,0.0,-0.0,0.0
10.776,0,0.905,-2.849,0.01,0.0,0.0,-0.0,0.0
10.825,0,0.905,-2.849,0.01,0.0,0.0,-0.0,0.0
10.876,0,0.905,-2.849,0.01,0.0,0.0,-0.0,0.0
10.927,0,0.905,-2.849,0.01,0.0,0.0,-0.0,0.0
10.975,0,0.905,-2.849,0.01,0.0,0.0,-0.0,0.0
11.026,0,0.905,-2.849,0.01,0.0,0.0,-0.0,0.0
11.076,0,0.905,-2.849,0.01,0.0,0.0,-0.0,0.0
11.127,0,0.905,-2.849,0.01,0.0,0.0,-0.0,0.0
11.175,0,0.905,-2.849,0.01,0.0,0.0,-0.0,0.0
11.226,0,0.905,-2.849,0.01,0.0,0.0,-0.0,0.0
11.275,0,0.905,-2.849,0.01,0.0,2.284,-0.4,0.0
11.327,0,0.905,-2.849,0.01,0.0,2.284,-0.4,0.0
11.376,0,0.905,-2.849,0.01,0.0,2.284,-0.4,0.0
11.426,0,0.905,-2.849,0.01,0.0,2.284,-0.4,0.0
11.476,0,0.905,-2.849,0.01,0.0,2.284,-0.4,0.0
11.526,0,0.905,-2.849,0.01,0.0,2.284,-0.4,0.0
11.576,0,0.905,-2.849,0.01,0.0,2.284,-0.4,0.0
11.625,0,0.905,-2.849,0.01,0.0,2.284,-0.4,0.0
11.676,0,0.905,-2.849,0.01,0.0,2.284,-0.4,0.0
11.725,0,0.905,-2.849,0.01,0.0,2.284,-0.4,0.0
11.776,0,0.905,-2.849,0.01,0.0,2.284,-0.4,0.0
11.826,0,0.905,-2.849,0.01,0.0,2.284,-0.4,0.0
11.876,0,0.905,-2.849,0.01,0.0,2.284,-0.4,0.0
11.926,0,0.904,-2.849,0.01,0.013,2.284,-0.4,0.0
11.975,0,0.904,-2.849,0.01,0.006,2.284,-0.4,0.0
12.026,0,0.904,-2.849,0.0099,0.002,2.284,-0.4,0.0
12.076,0,0.904,-2.849,0.0099,0.001,2.284,-0.4,0.0
12.126,0,0.904,-2.849,0.0099,0.0,2.284,-0.4,0.0
12.176,0,0.904,-2.849,0.0079,0.0,2.284,-0.4,0.0
12.226,0,0.904,-2.85,0.0079,0.013,2.284,-0.4,0.0
12.276,0,0.904,-2.85,0.0079,0.006,2.284,-0.4,0.0
12.326,0,0.904,-2.85,0.0079,0.003,2.284,-0.4,0.0
12.376,0,0.904,-2.85,0.0079,0.001,2.284,-0.4,0.0
12.426,0,0.904,-2.85,0.0079,0.0,2.284,-0.4,0.0
12.476,0,0.904,-2.85,0.0079,0.0,2.284,-0.4,0.0
12.526,0,0.904,-2.85,0.0079,0.0,2.284,-0.4,0.0
12.576,0,0.904,-2.85,0.0079,0.0,2.284,-0.4,0.0
12.626,0,0.904,-2.85,0.0079,0.0,2.284,-0.4,0.0
12.676,0,0.904,-2.85,0.0079,0.0,2.284,-0.4,0.0
12.726,0,0.904,-2.85,0.0079,0.0,2.284,-0.4,0.0
12.775,0,0.904,-2.85,0.0079,0.0,2.284,-0.4,0.0
12.826,0,0.904,-2.85,0.0079,0.0,2.284,-0.4,0.0
12.875,0,0.904,-2.85,0.0079,0.0,2.284,-0.4,0.0
12.926,0,0.904,-2.85,0.0079,0.0,2.284,-0.4,0.0
12.976,0,0.87,-2.851,0.0079,0.395,2.284,-0.4,0.007
13.026,0,0.844,-2.851,0.0099,0.588,2.284,-0.4,0.007
13.075,0,0.788,-2.852,0.0099,0.724,2.284,-0.4,0.042
13.126,0,0.757,-2.852,0.0099,0.751,2.284,-0.4,0.123
13.176,0,0.728,-2.852,0.01,0.803,2.284,-0.4,0.123
13.226,0,0.671,-2.853,0.01,0.81,2.284,-0.4,0.205
13.276,0,0.644,-2.853,0.01,0.794,2.284,-0.4,0.205
13.326,0,0.615,-2.853,0.01,0.795,2.284,-0.4,0.246
13.376,0,0.556,-2.854,0.01,0.816,2.284,-0.4,0.286
13.427,0,0.527,-2.854,0.01,0.813,2.284,-0.4,0.327
13.474,0,0.468,-2.855,0.01,0.809,2.284,-0.4,0.409
13.526,0,0.44,-2.855,0.01,0.792,2.284,-0.4,0.409
13.576,0,0.41,-2.855,0.01,0.802,2.284,-0.4,0.45
13.626,0,0.35,-2.856,0.01,0.792,2.284,-0.4,0.532
13.676,0,0.321,-2.856,0.01,0.798,2.284,-0.4,0.532
13.726,0,0.289,-2.856,0.01,0.827,2.284,-0.4,0.573
13.775,0,0.229,-2.857,0.01,0.785,2.284,-0.4,0.588
13.826,0,0.197,-2.857,0.01,0.833,2.284,-0.4,0.548
13.875,0,0.17,-2.858,0.01,0.806,2.284,-0.4,0.509
13.925,0,0.127,-2.858,0.014,0.588,2.284,-0.4,0.471
13.976,0,0.118,-2.858,0.026,0.414,2.284,-0.4,0.442
14.026,0,0.116,-2.858,0.034,0.234,2.284,-0.4,0.429
14.075,0,0.135,-2.858,0.028,0.151,2.284,-0.4,0.435
14.126,0,0.154,-2.858,0.012,0.328,2.284,-0.4131,0.46
14.176,0,0.181,-2.858,-0.014,0.549,2.284,-0.4219,0.508
14.226,0,0.252,-2.865,-0.0861,0.892,2.284,-0.4274,0.581
14.276,0,0.297,-2.872,-0.1401,1.071,2.284,-0.4428,0.602
14.325,0,0.345,-2.884,-0.2045,1.224,2.284,-0.4489,0.533
14.376,0,0.468,-2.93,-0.3602,1.611,2.257,-0.4549,0.459
14.426,0,0.54,-2.969,-0.4583,1.78,2.257,-0.4711,0.384
14.476,0,0.612,-3.023,-0.5764,1.951,2.231,-0.4779,0.318
14.525,0,0.675,-3.082,-0.7047,1.957,2.231,-0.4782,0.272
14.576,0,0.731,-3.153,-0.8322,2.019,2.205,-0.4433,0.272
14.626,0,0.78,-3.236,-0.9682,2.098,2.18,-0.4013,0.254
14.676,0,0.815,-3.318,-1.1137,1.928,2.154,-0.3413,0.265
14.726,0,0.842,-3.427,-1.2486,2.025,2.13,-0.2694,0.298
14.776,0,0.853,-3.531,-1.4034,2.005,2.105,-0.1755,0.348
14.827,0,0.85,-3.64,-1.5358,2.048,2.081,-0.0839,0.352
14.876,0,0.836,-3.751,-1.6499,2.156,2.058,-0.0,0.365
14.926,0,0.814,-3.858,-1.7404,2.176,2.034,0.0682,0.393
14.976,0,0.786,-3.968,-1.8001,2.171,2.011,0.1091,0.43
15.027,0,0.756,-4.081,-1.8292,2.247,1.966,0.114,0.459
15.076,0,0.728,-4.187,-1.829,2.164,1.944,0.1007,0.484
15.126,0,0.703,-4.3,-1.8123,2.19,1.922,0.0717,0.508
15.176,0,0.683,-4.405,-1.7737,2.021,1.901,0.0169,0.529
15.226,0,0.663,-4.533,-1.7393,2.126,1.879,-0.0383,0.558
15.276,0,0.65,-4.646,-1.6994,2.137,1.879,-0.0383,0.546
15.326,0,0.64,-4.745,-1.6754,2.031,1.858,-0.1088,0.539
15.375,0,0.64,-4.745,-1.6754,2.031,1.837,-0.1576,0.539
15.426,0,0.629,-4.854,-1.6694,2.063,1.796,-0.2217,0.54
15.476,0,0.617,-4.953,-1.6813,1.98,1.775,-0.2313,0.547
15.526,0,0.6,-5.054,-1.7116,1.993,1.755,-0.2688,0.547
15.576,0,0.581,-5.143,-1.7581,1.923,1.755,-0.2573,0.549
15.627,0,0.554,-5.239,-1.8155,1.868,1.735,-0.2292,0.556
15.675,0,0.521,-5.327,-1.8854,1.904,1.715,-0.2071,0.578
15.725,0,0.485,-5.408,-1.9593,1.841,1.696,-0.1692,0.609
15.775,0,0.442,-5.488,-2.0291,1.836,1.677,-0.1339,0.648
15.826,0,0.397,-5.563,-2.0907,1.833,1.657,-0.1183,0.692
15.875,0,0.35,-5.631,-2.1446,1.764,1.638,-0.0904,0.74
15.925,0,0.244,-5.77,-2.2219,1.766,1.62,-0.0735,0.718
15.976,0,0.192,-5.833,-2.25,1.829,1.583,-0.0612,0.695
16.026,0,0.141,-5.892,-2.2728,1.714,1.583,-0.0493,0.674
16.076,0,0.086,-5.954,-2.2888,1.729,1.565,-0.0647,0.652
16.126,0,0.031,-6.014,-2.3061,1.66,1.547,-0.0775,0.631
16.175,0,-0.026,-6.075,-2.3212,1.778,1.53,-0.0894,0.609
16.226,0,-0.077,-6.127,-2.3317,1.703,1.513,-0.1109,0.591
16.275,0,-0.13,-6.18,-2.347,1.69,1.513,-0.1059,0.581
16.327,0,-0.18,-6.228,-2.3636,1.634,1.497,-0.1163,0.571
16.376,0,-0.233,-6.278,-2.3824,1.647,1.481,-0.1285,0.558
16.427,0,-0.286,-6.325,-2.4054,1.587,1.466,-0.1398,0.542
16.475,0,-0.343,-6.373,-2.4286,1.589,1.466,-0.1279,0.542
16.526,0,-0.459,-6.463,-2.4819,1.593,1.452,-0.1635,0.505
16.576,0,-0.513,-6.5,-2.5135,1.527,1.438,-0.163,0.491
16.625,0,-0.575,-6.542,-2.539,1.427,1.438,-0.163,0.491
16.676,0,-0.646,-6.585,-2.5743,1.661,1.414,-0.189,0.469
16.726,0,-0.71,-6.62,-2.6181,1.578,1.405,-0.2037,0.459
16.776,0,-0.767,-6.649,-2.6527,1.561,1.397,-0.2151,0.452
16.826,0,-0.823,-6.675,-2.6875,1.51,1.397,-0.1996,0.443
16.876,0,-0.886,-6.701,-2.7227,1.542,1.391,-0.214,0.422
16.926,0,-0.943,-6.722,-2.7653,1.459,1.391,-0.1857,0.422
16.976,0,-1.058,-6.758,-2.8429,1.513,1.386,-0.2104,0.378
17.026,0,-1.11,-6.771,-2.8788,1.472,1.386,-0.203,0.355
17.076,0,-1.168,-6.783,-2.9072,1.418,1.221,-0.2344,0.333
17.126,0,-1.227,-6.794,-2.9435,1.432,1.206,-0.2471,0.333
17.176,0,-1.34,-6.808,-3.0157,1.463,1.193,-0.2467,0.3
17.226,0,-1.392,-6.812,-3.0498,1.447,1.193,-0.2338,0.286
17.276,0,-1.444,-6.814,-3.0877,1.325,1.181,-0.2428,0.275
17.326,0,-1.495,-6.813,-3.1218,1.266,1.181,-0.2175,0.275
17.375,0,-1.604,-6.807,3.0893,1.317,1.172,-0.2277,0.259
17.426,0,-1.65,-6.802,3.0454,1.265,1.166,-0.2292,0.254
17.476,0,-1.698,-6.794,3.0114,1.228,1.163,-0.2531,0.246
17.526,0,-1.748,-6.785,2.9794,1.235,1.163,-0.2437,0.246
17.576,0,-1.842,-6.763,2.9127,1.23,1.162,-0.2517,0.233
17.626,0,-1.886,-6.75,2.8746,1.222,1.161,-0.2515,0.23
17.676,0,-1.929,-6.735,2.8406,1.246,1.161,-0.2404,0.23
17.726,0,-2.011,-6.703,2.7715,1.171,1.161,-0.2658,0.228
17.776,0,-2.055,-6.684,2.7391,1.249,1.161,-0.2444,0.231
17.826,0,-2.095,-6.664,2.7038,1.223,1.163,-0.2515,0.231
17.876,0,-2.171,-6.622,2.6342,1.184,1.166,-0.2507,0.242
17.925,0,-2.211,-6.596,2.6031,1.098,1.166,-0.2504,0.242
17.976,0,-2.255,-6.567,2.5675,1.302,1.17,-0.265,0.242
18.026,0,-2.326,-6.513,2.4957,1.229,1.17,-0.2577,0.247
18.076,0,-2.361,-6.483,2.4628,1.2,1.176,-0.251,0.255
18.126,0,-2.396,-6.452,2.4269,1.287,1.181,-0.28,0.255
18.176,0,-2.46,-6.387,2.3607,1.251,1.181,-0.2615,0.263
18.226,0,-2.49,-6.353,2.3209,1.235,1.187,-0.2676,0.263
18.276,0,-2.517,-6.32,2.2827,1.247,1.193,-0.2779,0.263
18.326,0,-2.573,-6.245,2.2125,1.243,1.193,-0.2649,0.27
18.376,0,-2.598,-6.207,2.1736,1.236,1.197,-0.2518,0.27
18.425,0,-2.622,-6.167,2.1353,1.241,1.201,-0.268,0.275
18.476,0,-2.664,-6.088,2.0592,1.25,1.201,-0.2289,0.274
18.526,0,-2.682,-6.049,2.0237,1.269,1.203,-0.2415,0.274
18.575,0,-2.699,-6.007,1.991,1.239,1.203,-0.217,0.276
18.626,0,-2.732,-5.919,1.9237,1.247,1.206,-0.2196,0.277
18.676,0,-2.746,-5.874,1.8918,1.256,1.21,-0.2174,0.266
18.725,0,-2.759,-5.828,1.8611,1.238,1.21,-0.2054,0.259
18.776,0,-2.78,-5.734,1.799,1.262,1.218,-0.2071,0.253
18.826,0,-2.789,-5.686,1.767,1.264,1.229,-0.2059,0.248
18.877,0,-2.795,-5.64,1.7361,1.245,1.229,-0.198,0.246
18.926,0,-2.805,-5.542,1.6722,1.228,1.244,-0.1944,0.246
18.976,0,-2.808,-5.494,1.6456,1.282,1.26,-0.1962,0.248
19.026,0,-2.81,-5.444,1.6164,1.305,1.26,-0.1715,0.256
19.076,0,-2.808,-5.347,1.5593,1.325,1.278,-0.1367,0.266
19.126,0,-2.806,-5.302,1.5314,1.342,1.298,-0.1498,0.273
19.176,0,-2.802,-5.258,1.5038,1.269,1.298,-0.1243,0.278
19.226,0,-2.791,-5.153,1.4631,1.397,1.32,-0.1258,0.28
19.276,0,-2.783,-5.102,1.4391,1.372,1.342,-0.1377,0.282
19.325,0,-2.775,-5.051,1.4205,1.346,1.342,-0.1289,0.296
19.376,0,-2.756,-4.952,1.3814,1.345,1.366,-0.1056,0.321
19.427,0,-2.744,-4.9,1.3605,1.373,1.391,-0.1115,0.346
19.475,0,-2.731,-4.847,1.3402,1.407,1.391,-0.0983,0.37
19.526,0,-2.703,-4.745,1.302,1.446,1.417,-0.0951,0.393
19.575,0,-2.689,-4.698,1.2871,1.437,1.445,-0.0996,0.422
19.626,0,-2.656,-4.598,1.2573,1.477,1.473,-0.0835,0.45
19.675,0,-2.639,-4.549,1.2424,1.511,1.503,-0.0834,0.477
19.725,0,-2.603,-4.454,1.2106,1.436,1.503,-0.0755,0.477
19.776,0,-2.579,-4.394,1.1986,1.521,1.534,-0.0675,0.471
19.826,0,-2.557,-4.341,1.1841,1.617,1.567,-0.0617,0.463
19.875,0,-2.512,-4.239,1.1576,1.631,1.6,-0.0523,0.457
19.926,0,-2.49,-4.19,1.1456,1.426,1.6,-0.0446,0.452
19.976,0,-2.457,-4.121,1.1362,1.594,1.635,-0.0447,0.446
20.026,0,-2.427,-4.058,1.1243,1.637,1.669,-0.0365,0.446
20.076,0,-2.396,-3.995,1.1125,1.39,1.701,-0.0275,0.441
20.126,0,-2.347,-3.901,1.1055,1.964,1.733,-0.0248,0.433
20.175,0,-2.285,-3.784,1.082,1.82,1.733,-0.0181,0.429
20.227,0,-2.256,-3.73,1.0773,1.823,1.794,-0.0,0.425
20.276,0,-2.228,-3.679,1.0725,1.706,1.794,0.0,0.425
20.326,0,-2.161,-3.557,1.0683,1.823,1.823,0.004,0.418
20.376,0,-2.125,-3.493,1.0683,1.898,1.851,0.0176,0.414
20.425,0,-2.094,-3.435,1.0683,1.885,1.879,0.0205,0.414
20.476,0,-2.032,-3.323,1.0704,1.912,1.906,0.0288,0.402
20.526,0,-2.0,-3.264,1.0726,1.883,1.933,0.0421,0.402
20.576,0,-1.935,-3.141,1.0821,1.983,1.948,0.0501,0.383
20.626,0,-1.903,-3.08,1.089,1.954,1.91,0.0536,0.383
20.675,0,-1.843,-2.96,1.1056,1.997,1.875,0.0588,0.357
20.726,0,-1.812,-2.895,1.1152,1.977,1.843,0.0718,0.357
20.775,0,-1.782,-2.832,1.1271,1.982,1.814,0.0744,0.341
20.826,0,-1.722,-2.697,1.1506,1.956,1.787,0.0783,0.302
20.875,0,-1.694,-2.631,1.1623,1.957,1.763,0.1005,0.302
20.926,0,-1.648,-2.516,1.1938,1.912,1.742,0.0945,0.257
20.975,0,-1.625,-2.453,1.2084,1.847,1.724,0.1021,0.257
21.026,0,-1.587,-2.34,1.245,1.794,1.724,0.0957,0.206
21.076,0,-1.568,-2.279,1.2623,1.809,1.697,0.1066,0.206
21.125,0,-1.552,-2.223,1.2826,1.774,1.697,0.0954,0.177
21.176,0,-1.521,-2.101,1.3176,1.719,1.684,0.1068,0.16
21.226,0,-1.506,-2.036,1.3377,1.739,1.684,0.0974,0.15
21.275,0,-1.493,-1.973,1.3558,1.765,1.682,0.1014,0.144
21.326,0,-1.469,-1.836,1.397,1.829,1.681,0.0982,0.139
21.376,0,-1.46,-1.772,1.4181,1.779,1.681,0.0975,0.136
21.426,0,-1.447,-1.663,1.4526,1.734,1.683,0.0931,0.136
21.476,0,-1.442,-1.608,1.4687,1.672,1.688,0.1013,0.141
21.526,0,-1.437,-1.542,1.485,1.766,1.688,0.095,0.145
21.576,0,-1.431,-1.413,1.5233,1.777,1.706,0.1017,0.147
21.626,0,-1.43,-1.359,1.5428,1.735,1.706,0.0902,0.151
21.676,0,-1.43,-1.242,1.5765,1.718,1.717,0.0852,0.164
21.726,0,-1.432,-1.186,1.5936,1.722,1.73,0.0849,0.176
21.776,0,-1.438,-1.065,1.6253,1.76,1.745,0.0826,0.187
21.826,0,-1.443,-1.003,1.64,1.753,1.761,0.0858,0.197
21.876,0,-1.455,-0.883,1.6725,1.793,1.778,0.0695,0.205
21.926,0,-1.463,-0.823,1.6874,1.794,1.797,0.0703,0.212
21.976,0,-1.479,-0.71,1.7146,1.83,1.817,0.0612,0.217
22.025,0,-1.5,-0.591,1.7363,1.862,1.817,0.0528,0.236
22.076,0,-1.511,-0.529,1.7516,1.871,1.86,0.0593,0.255
22.125,0,-1.535,-0.414,1.7706,1.786,1.86,0.0533,0.273
22.176,0,-1.551,-0.342,1.7802,1.892,1.908,0.0492,0.29
22.226,0,-1.565,-0.282,1.793,1.874,1.908,0.0409,0.306
22.276,0,-1.597,-0.153,1.8125,1.948,1.96,0.0432,0.321
22.326,0,-1.613,-0.089,1.8223,1.917,1.96,0.0373,0.334
22.376,0,-1.651,0.046,1.8417,1.99,2.01,0.0291,0.345
22.426,0,-1.671,0.114,1.8512,1.961,2.01,0.0223,0.356
22.476,0,-1.711,0.248,1.8649,2.03,2.034,0.0166,0.366
22.526,0,-1.731,0.309,1.8717,2.044,2.058,0.0083,0.374
22.576,0,-1.752,0.378,1.8749,2.041,2.082,0.0083,0.374
22.626,0,-1.8,0.525,1.8818,2.094,2.127,0.0042,0.386
22.676,0,-1.823,0.596,1.885,2.135,2.127,0.0,0.389
22.726,0,-1.865,0.726,1.8882,2.106,2.171,-0.0,0.392
22.776,0,-1.89,0.8,1.8887,2.124,2.192,-0.0,0.395
22.826,0,-1.936,0.939,1.8887,2.145,2.213,-0.0042,0.397
22.876,0,-1.96,1.013,1.8887,2.195,2.233,-0.0127,0.399
22.926,0,-2.005,1.149,1.8887,2.25,2.193,-0.0169,0.401
22.976,0,-2.028,1.22,1.8882,2.235,2.152,-0.0264,0.401
23.026,0,-2.074,1.362,1.885,2.247,2.113,-0.0296,0.421
23.076,0,-2.097,1.435,1.8813,2.139,2.075,-0.0335,0.421
23.125,0,-2.144,1.589,1.868,2.234,2.039,-0.044,0.417
23.176,0,-2.165,1.659,1.8616,2.166,1.969,-0.0562,0.417
23.226,0,-2.204,1.798,1.8448,2.129,1.969,-0.0503,0.417
23.276,0,-2.222,1.868,1.8349,2.057,1.904,-0.054,0.424
23.325,0,-2.241,1.941,1.825,2.083,1.904,-0.05,0.424
23.376,0,-2.271,2.068,1.8023,1.974,1.843,-0.0636,0.436
23.427,0,-2.285,2.134,1.7925,1.964,1.843,-0.0584,0.436
23.476,0,-2.31,2.258,1.7705,1.784,1.786,-0.0658,0.446
23.526,0,-2.324,2.33,1.7609,1.92,1.786,-0.0637,0.446
23.576,0,-2.345,2.46,1.7331,1.888,1.758,-0.0699,0.45
23.625,0,-2.354,2.518,1.7207,1.9,1.731,-0.0698,0.45
23.676,0,-2.369,2.639,1.6964,1.762,1.704,-0.0777,0.44
23.726,0,-2.376,2.701,1.6842,1.775,1.679,-0.0791,0.44
23.775,0,-2.386,2.818,1.6574,1.727,1.653,-0.0944,0.43
23.826,0,-2.39,2.878,1.6427,1.751,1.628,-0.0932,0.43
23.876,0,-2.393,2.936,1.6281,1.753,1.604,-0.1028,0.419
23.926,0,-2.396,3.057,1.5962,1.694,1.579,-0.1018,0.405
23.975,0,-2.396,3.116,1.5792,1.723,1.579,-0.0942,0.39
24.026,0,-2.393,3.22,1.5481,1.653,1.532,-0.1165,0.371
24.075,0,-2.39,3.273,1.5314,1.596,1.532,-0.1131,0.352
24.126,0,-2.382,3.389,1.5012,1.569,1.509,-0.1159,0.333
24.176,0,-2.377,3.442,1.4794,1.644,1.486,-0.1164,0.32
24.226,0,-2.364,3.541,1.4444,1.595,1.463,-0.1412,0.305
24.276,0,-2.356,3.591,1.4258,1.535,1.463,-0.1311,0.288
24.326,0,-2.338,3.69,1.3916,1.474,1.441,-0.1433,0.275
24.376,0,-2.327,3.741,1.371,1.542,1.419,-0.1438,0.264
24.425,0,-2.305,3.832,1.3297,1.423,1.419,-0.1268,0.255
24.475,0,-2.292,3.88,1.3121,1.509,1.397,-0.127,0.247
24.526,0,-2.263,3.972,1.272,1.416,1.375,-0.1435,0.242
24.576,0,-2.247,4.018,1.255,1.437,1.354,-0.1617,0.239
24.625,0,-2.229,4.069,1.235,1.434,1.354,-0.1661,0.235
24.676,0,-2.195,4.154,1.1937,1.393,1.333,-0.1611,0.229
24.725,0,-2.175,4.199,1.172,1.407,1.312,-0.1731,0.224
24.776,0,-2.136,4.281,1.1217,1.388,1.291,-0.1728,0.221
24.826,0,-2.115,4.321,1.1007,1.334,1.291,-0.1753,0.22
24.876,0,-2.07,4.401,1.0541,1.32,1.271,-0.1718,0.221
24.925,0,-2.045,4.44,1.0311,1.349,1.251,-0.2191,0.225
24.976,0,-1.996,4.513,0.9834,1.299,1.232,-0.2334,0.227
25.026,0,-1.972,4.546,0.9581,1.297,1.232,-0.2227,0.221
25.075,0,-1.922,4.611,0.9138,1.236,1.214,-0.2312,0.216
25.126,0,-1.893,4.645,0.8847,1.269,1.214,-0.22,0.212
25.176,0,-1.834,4.709,0.8252,1.217,1.197,-0.2316,0.211
25.226,0,-1.802,4.74,0.7971,1.236,1.182,-0.2341,0.212
25.275,0,-1.771,4.769,0.7665,1.213,1.182,-0.2215,0.212
25.325,0,-1.71,4.821,0.7088,1.196,1.171,-0.2162,0.203
25.376,0,-1.676,4.848,0.6808,1.215,1.171,-0.205,0.203
25.426,0,-1.607,4.898,0.6242,1.188,1.163,-0.2204,0.195
25.476,0,-1.575,4.919,0.5969,1.192,1.16,-0.2277,0.195
25.526,0,-1.508,4.96,0.5508,1.195,1.16,-0.2975,0.195
25.576,0,-1.474,4.978,0.524,1.146,1.16,-0.2855,0.195
25.626,0,-1.404,5.013,0.4684,1.141,1.159,-0.2843,0.205
25.676,0,-1.368,5.029,0.4374,1.182,1.159,-0.2738,0.205
25.726,0,-1.298,5.056,0.368,1.148,1.161,-0.2268,0.189
25.776,0,-1.261,5.069,0.3376,1.137,1.161,-0.2269,0.189
25.825,0,-1.182,5.09,0.2728,1.178,1.164,-0.2307,0.177
25.876,0,-1.143,5.099,0.2426,1.195,1.17,-0.2393,0.177
25.926,0,-1.066,5.113,0.1881,1.188,1.17,-0.2296,0.175
25.976,0,-1.028,5.119,0.1601,1.171,1.176,-0.2388,0.175
26.026,0,-0.948,5.127,0.104,1.16,1.176,-0.2386,0.185
26.076,0,-0.907,5.13,0.0779,1.189,1.183,-0.2392,0.185
26.125,0,-0.828,5.131,0.0179,1.138,1.189,-0.2676,0.19
26.175,0,-0.786,5.13,-0.0102,1.226,1.189,-0.24,0.193
26.226,0,-0.745,5.127,-0.0422,1.165,1.195,-0.2502,0.195
26.275,0,-0.659,5.118,-0.1042,1.212,1.201,-0.2661,0.2
26.326,0,-0.62,5.112,-0.1384,1.201,1.201,-0.2515,0.198
26.376,0,-0.536,5.095,-0.2006,1.179,1.207,-0.2678,0.195
26.426,0,-0.493,5.084,-0.2348,1.193,1.207,-0.2277,0.195
26.476,0,-0.452,5.071,-0.267,1.237,1.212,-0.2402,0.197
26.526,0,-0.372,5.043,-0.3379,1.19,1.216,-0.2409,0.199
26.575,0,-0.331,5.027,-0.3662,1.191,1.216,-0.2303,0.196
26.626,0,-0.289,5.008,-0.3967,1.158,1.22,-0.2395,0.195
26.676,0,-0.203,4.964,-0.4687,1.229,1.225,-0.2299,0.196
26.726,0,-0.163,4.942,-0.4994,1.222,1.225,-0.2051,0.205
26.776,0,-0.12,4.915,-0.5326,1.171,1.233,-0.2157,0.218
26.825,0,-0.077,4.887,-0.5657,1.266,1.233,-0.2097,0.232
26.878,0,-0.04,4.861,-0.6012,1.236,1.244,-0.2053,0.232
26.926,0,0.001,4.83,-0.6286,1.031,1.244,-0.1902,0.245
26.976,0,0.098,4.747,-0.7109,1.33,1.257,-0.2089,0.266
27.026,0,0.136,4.711,-0.7411,1.27,1.272,-0.1638,0.273
27.076,0,0.172,4.675,-0.7714,1.307,1.288,-0.1599,0.267
27.126,0,0.21,4.634,-0.8017,1.252,1.288,-0.1474,0.255
27.175,0,0.247,4.591,-0.8366,1.238,1.305,-0.1473,0.246
27.226,0,0.284,4.547,-0.865,1.3,1.305,-0.1364,0.246
27.276,0,0.318,4.503,-0.8913,1.27,1.323,-0.1519,0.239
27.326,0,0.389,4.405,-0.9428,1.346,1.323,-0.1422,0.232
27.376,0,0.42,4.36,-0.9674,1.316,1.362,-0.1483,0.231
27.426,0,0.45,4.312,-0.9923,1.344,1.362,-0.1369,0.232
27.476,0,0.483,4.257,-1.0174,1.378,1.382,-0.1256,0.235
27.526,0,0.509,4.21,-1.0449,1.369,1.382,-0.1137,0.235
27.576,0,0.564,4.104,-1.0913,1.428,1.402,-0.1136,0.266
27.626,0,0.588,4.055,-1.1148,1.409,1.423,-0.1141,0.279
27.676,0,0.611,4.003,-1.1338,1.372,1.444,-0.1137,0.291
27.726,0,0.634,3.949,-1.1529,1.379,1.444,-0.1138,0.291
27.776,0,0.659,3.888,-1.1722,1.413,1.466,-0.1075,0.301
27.826,0,0.682,3.826,-1.1939,1.449,1.488,-0.1119,0.31
27.876,0,0.705,3.762,-1.2181,1.443,1.488,-0.0999,0.318
27.925,0,0.727,3.696,-1.2403,1.467,1.511,-0.1035,0.333
27.975,0,0.765,3.568,-1.2849,1.516,1.534,-0.0913,0.381
28.026,0,0.783,3.499,-1.3049,1.507,1.558,-0.0966,0.403
28.075,0,0.799,3.429,-1.3249,1.474,1.582,-0.0831,0.423
28.126,0,0.815,3.356,-1.3479,1.542,1.606,-0.0836,0.423
28.176,0,0.83,3.28,-1.3686,1.522,1.606,-0.0715,0.442
28.226,0,0.844,3.199,-1.3892,1.599,1.632,-0.072,0.428
28.276,1,0.856,3.118,-1.4103,1.615,1.657,-0.0681,0.414
28.326,1,0.866,3.04,-1.4314,1.598,1.684,-0.056,0.402
28.376,1,0.876,2.957,-1.4473,1.628,1.712,-0.0561,0.39
28.426,1,0.884,2.869,-1.4633,1.659,1.74,-0.0563,0.38
28.476,1,0.891,2.787,-1.4822,1.715,1.74,-0.0444,0.371
28.526,1,0.897,2.702,-1.4958,1.69,1.769,-0.0455,0.362
28.576,1,0.902,2.614,-1.5094,1.727,1.799,-0.0364,0.354
28.626,1,0.905,2.525,-1.5232,1.716,1.828,-0.0323,0.347
28.676,1,0.908,2.426,-1.5371,1.777,1.828,-0.0323,0.34
28.726,1,0.909,2.333,-1.5482,1.807,1.856,-0.0284,0.334
28.776,1,0.91,2.239,-1.5595,1.837,1.884,-0.0204,0.328
28.826,1,0.91,2.146,-1.5679,1.83,1.911,-0.0163,0.323
28.876,1,0.909,2.051,-1.5764,1.895,1.937,-0.0122,0.317
28.926,1,0.908,1.954,-1.582,1.894,1.963,-0.01,0.311
28.975,1,0.906,1.852,-1.5849,1.981,1.988,-0.006,0.306
29.026,1,0.904,1.748,-1.5906,2.015,2.013,-0.0,0.3
29.076,1,0.902,1.651,-1.5935,1.997,2.037,0.0,0.294
29.125,1,0.899,1.55,-1.5935,1.994,2.061,0.0,0.29
29.176,1,0.897,1.447,-1.5935,2.037,2.084,0.0051,0.29
29.226,1,0.895,1.344,-1.5935,2.074,2.107,0.0042,0.29
29.276,1,0.892,1.239,-1.5935,2.078,2.13,0.0042,0.29
29.325,1,0.89,1.132,-1.5934,2.128,2.173,0.014,0.29
29.375,1,0.888,1.024,-1.5906,2.132,2.173,0.014,0.291
29.426,1,0.886,0.917,-1.5906,2.122,2.194,0.0137,0.292
29.476,1,0.884,0.805,-1.5877,2.185,2.215,0.0174,0.292
29.526,1,0.883,0.692,-1.582,2.207,2.236,0.0168,0.292
29.576,1,0.883,0.58,-1.5792,2.219,2.256,0.0189,0.289
29.626,1,0.883,0.466,-1.5735,2.236,2.295,0.0214,0.285
29.676,1,0.884,0.352,-1.5678,2.265,2.314,0.0169,0.281
29.726,1,0.885,0.239,-1.5594,2.295,2.333,0.0169,0.276
29.776,1,0.888,0.124,-1.5538,2.348,2.37,0.0128,0.269
29.826,1,0.891,0.008,-1.5482,2.316,2.388,0.0085,0.262
29.876,1,0.895,-0.12,-1.5426,2.371,2.388,0.0085,0.255
29.925,1,0.9,-0.24,-1.5342,2.316,2.424,0.0085,0.255
29.975,1,0.9,-0.24,-1.5342,2.316,2.441,0.0042,0.247
30.025,1,0.905,-0.373,-1.5314,2.459,2.458,0.0043,0.239
30.075,1,0.916,-0.616,-1.5231,2.486,2.475,0.0,0.231
30.125,1,0.922,-0.738,-1.5231,2.502,2.508,0.0,0.214
30.175,1,0.922,-0.738,-1.5231,2.502,2.524,0.0,0.214
30.225,1,0.935,-0.986,-1.5203,2.512,2.54,0.0,0.198
30.275,1,0.941,-1.116,-1.5203,2.527,2.555,0.0,0.198
30.325,1,0.947,-1.242,-1.5203,2.54,2.586,0.0,0.181
30.375,1,0.954,-1.373,-1.5203,2.59,2.601,-0.0,0.173
30.425,1,0.96,-1.498,-1.5203,2.552,2.616,-0.0,0.165
30.476,1,0.966,-1.624,-1.5203,2.643,2.65,-0.0086,0.157
30.525,1,0.973,-1.754,-1.5203,2.676,2.616,-0.0129,0.148
30.576,1,0.979,-1.881,-1.5204,2.622,2.582,-0.0172,0.141
30.626,1,0.985,-2.01,-1.5232,2.644,2.517,-0.0259,0.134
30.675,1,0.99,-2.14,-1.5259,2.675,2.486,-0.0302,0.134
30.726,1,0.995,-2.27,-1.5315,2.572,2.455,-0.0345,0.136
30.775,1,0.999,-2.41,-1.5399,2.556,2.455,-0.0345,0.137
30.826,1,1.001,-2.539,-1.5482,2.632,2.367,-0.0478,0.138
30.876,1,1.002,-2.665,-1.5595,2.639,2.339,-0.0431,0.143
30.926,1,1.0,-2.783,-1.5736,2.478,2.311,-0.0387,0.149
30.975,1,0.997,-2.903,-1.5879,2.36,2.311,-0.0387,0.158
31.026,1,0.992,-3.029,-1.6051,2.454,2.284,-0.0341,0.168
31.076,1,0.985,-3.148,-1.6224,2.423,2.231,-0.0387,0.179
31.126,1,0.977,-3.264,-1.6341,2.369,2.205,-0.0348,0.192
31.176,1,0.967,-3.376,-1.6488,2.344,2.18,-0.0343,0.206
31.225,1,0.957,-3.486,-1.6607,2.288,2.13,-0.0349,0.221
31.275,1,0.945,-3.595,-1.6725,2.28,2.105,-0.0359,0.244
31.326,1,0.932,-3.702,-1.6844,2.252,2.058,-0.0465,0.269
31.376,1,0.919,-3.802,-1.6935,2.177,2.034,-0.0555,0.295
31.426,1,0.905,-3.903,-1.7055,2.141,2.011,-0.0591,0.322
31.475,1,0.889,-4.005,-1.7176,1.957,2.011,-0.0591,0.348
31.526,1,0.868,-4.129,-1.7302,2.219,1.989,-0.062,0.359
31.576,1,0.849,-4.229,-1.7519,2.109,1.966,-0.076,0.372
31.625,1,0.827,-4.331,-1.7676,2.058,1.944,-0.0725,0.386
31.675,1,0.827,-4.331,-1.7676,2.058,1.922,-0.0707,0.386
31.726,1,0.804,-4.43,-1.7896,1.99,1.901,-0.0721,0.402
31.775,1,0.754,-4.617,-1.8323,1.991,1.879,-0.0662,0.44
31.826,1,0.728,-4.703,-1.8518,1.964,1.858,-0.0744,0.454
31.876,1,0.7,-4.79,-1.8718,1.889,1.837,-0.0743,0.469
31.926,1,0.671,-4.877,-1.8889,1.941,1.796,-0.0824,0.484
31.976,1,0.64,-4.961,-1.9093,1.903,1.775,-0.0833,0.502
32.026,1,0.609,-5.041,-1.9299,1.866,1.775,-0.0696,0.521
32.076,1,0.576,-5.122,-1.948,1.911,1.755,-0.0821,0.542
32.126,1,0.547,-5.191,-1.9696,1.855,1.735,-0.0873,0.565
32.175,1,0.513,-5.264,-1.9874,1.784,1.715,-0.0894,0.593
32.226,1,0.479,-5.337,-2.0026,1.754,1.696,-0.0973,0.593
32.275,1,0.443,-5.408,-2.0247,1.811,1.677,-0.1027,0.627
32.325,1,0.371,-5.542,-2.0636,1.73,1.677,-0.0947,0.702
32.376,1,0.335,-5.605,-2.0862,1.731,1.638,-0.1153,0.741
32.425,1,0.295,-5.67,-2.1074,1.719,1.62,-0.1172,0.74
32.475,1,0.254,-5.734,-2.1279,1.694,1.62,-0.1089,0.727
32.526,1,0.212,-5.795,-2.153,1.677,1.601,-0.1139,0.712
32.575,1,0.169,-5.855,-2.1783,1.63,1.583,-0.1163,0.712
32.626,1,0.126,-5.912,-2.2049,1.621,1.565,-0.1282,0.695
32.675,1,0.08,-5.97,-2.2274,1.651,1.565,-0.1165,0.676
32.726,1,0.038,-6.02,-2.2533,1.54,1.547,-0.1154,0.655
32.775,1,-0.065,-6.135,-2.306,1.603,1.53,-0.128,0.612
32.826,1,-0.11,-6.181,-2.3317,1.569,1.513,-0.1157,0.599
32.875,1,-0.162,-6.231,-2.353,1.576,1.497,-0.1277,0.586
32.926,1,-0.207,-6.274,-2.3805,1.55,1.481,-0.1439,0.586
32.975,1,-0.256,-6.317,-2.4069,1.564,1.481,-0.1321,0.57
33.025,1,-0.303,-6.356,-2.4286,1.501,1.466,-0.1421,0.554
33.075,1,-0.402,-6.433,-2.4786,1.48,1.452,-0.1622,0.514
33.125,1,-0.456,-6.472,-2.5023,1.522,1.438,-0.1761,0.499
33.175,1,-0.505,-6.505,-2.5326,1.502,1.438,-0.1507,0.499
33.226,1,-0.555,-6.537,-2.5598,1.475,1.426,-0.1622,0.485
33.275,1,-0.648,-6.591,-2.6133,1.449,1.414,-0.1619,0.463
33.326,1,-0.696,-6.616,-2.6427,1.405,1.405,-0.173,0.463
33.376,1,-0.746,-6.641,-2.6674,1.494,1.405,-0.1744,0.455
33.426,1,-0.837,-6.681,-2.7208,1.439,1.397,-0.1766,0.432
33.475,1,-0.886,-6.701,-2.7448,1.402,1.391,-0.1848,0.432
33.525,1,-0.934,-6.719,-2.7737,1.412,1.391,-0.1731,0.413
33.576,1,-1.031,-6.75,-2.8288,1.344,1.387,-0.1839,0.376
33.625,1,-1.086,-6.765,-2.8551,1.402,1.386,-0.2139,0.376
33.676,1,-1.18,-6.787,-2.9149,1.453,1.221,-0.2451,0.337
33.726,1,-1.223,-6.795,-2.9415,1.377,1.221,-0.2213,0.337
33.775,1,-1.272,-6.802,-2.9675,1.343,1.206,-0.2308,0.321
33.826,1,-1.354,-6.811,-3.0316,1.171,1.193,-0.2273,0.305
33.875,1,-1.4,-6.814,-3.0577,1.205,1.193,-0.2164,0.292
33.925,1,-1.443,-6.816,-3.0898,1.198,1.181,-0.2398,0.282
33.976,1,-1.527,-6.815,3.1334,1.187,1.172,-0.2433,0.273
34.026,1,-1.57,-6.813,3.1074,1.166,1.172,-0.2272,0.266
34.075,1,-1.611,-6.809,3.0774,1.201,1.166,-0.2395,0.26
34.126,1,-1.711,-6.796,3.0193,1.28,1.163,-0.2528,0.256
34.175,1,-1.752,-6.788,2.975,1.208,1.163,-0.2434,0.248
34.225,1,-1.829,-6.77,2.9127,1.155,1.162,-0.2519,0.236
34.276,1,-1.867,-6.76,2.8869,1.171,1.162,-0.2398,0.236
34.326,1,-1.905,-6.748,2.8567,1.151,1.161,-0.2499,0.233
34.375,1,-1.98,-6.721,2.7976,1.183,1.161,-0.2639,0.232
34.426,1,-2.014,-6.707,2.7697,1.142,1.161,-0.2537,0.233
34.476,1,-2.089,-6.672,2.7104,1.146,1.163,-0.2622,0.235
34.526,1,-2.124,-6.654,2.682,1.13,1.163,-0.253,0.241
34.576,1,-2.192,-6.615,2.6243,1.174,1.166,-0.2633,0.246
34.625,1,-2.225,-6.594,2.5918,1.15,1.166,-0.2512,0.247
34.675,1,-2.29,-6.548,2.5307,1.169,1.17,-0.2617,0.248
34.726,1,-2.319,-6.526,2.5005,1.144,1.176,-0.2752,0.25
34.776,1,-2.377,-6.476,2.4408,1.103,1.176,-0.2663,0.258
34.826,1,-2.407,-6.449,2.4113,1.101,1.181,-0.2603,0.264
34.875,1,-2.436,-6.42,2.3802,1.174,1.181,-0.2621,0.269
34.926,1,-2.492,-6.358,2.3162,1.17,1.187,-0.2655,0.267
34.975,1,-2.518,-6.327,2.2816,1.167,1.193,-0.2772,0.268
35.026,1,-2.568,-6.26,2.217,1.148,1.193,-0.2642,0.27
35.076,1,-2.592,-6.225,2.1824,1.217,1.197,-0.2652,0.276
35.125,1,-2.633,-6.157,2.1182,1.15,1.197,-0.2388,0.276
35.176,1,-2.653,-6.119,2.086,1.199,1.201,-0.2394,0.278
35.226,1,-2.672,-6.082,2.0509,1.198,1.203,-0.2547,0.278
35.275,1,-2.704,-6.009,1.9904,1.189,1.203,-0.2291,0.28
35.325,1,-2.72,-5.968,1.9621,1.209,1.206,-0.228,0.282
35.376,1,-2.745,-5.896,1.902,1.155,1.21,-0.231,0.272
35.425,1,-2.756,-5.857,1.8748,1.175,1.21,-0.2196,0.264
35.475,1,-2.776,-5.779,1.8186,1.194,1.218,-0.2046,0.258
35.526,1,-2.785,-5.734,1.7928,1.211,1.218,-0.2054,0.253
35.575,1,-2.798,-5.656,1.7361,1.178,1.229,-0.198,0.251
35.625,1,-2.803,-5.611,1.7116,1.252,1.244,-0.2091,0.251
35.675,1,-2.81,-5.534,1.6604,1.23,1.244,-0.1828,0.252
35.726,1,-2.812,-5.494,1.6368,1.225,1.26,-0.1819,0.252
35.775,1,-2.814,-5.415,1.5905,1.191,1.278,-0.1605,0.266
35.826,1,-2.813,-5.371,1.5678,1.307,1.278,-0.1518,0.266
35.876,1,-2.809,-5.289,1.5231,1.263,1.298,-0.1359,0.279
35.926,1,-2.805,-5.246,1.5039,1.286,1.298,-0.1383,0.279
35.975,1,-2.796,-5.16,1.4632,1.289,1.32,-0.1246,0.284
36.025,1,-2.79,-5.117,1.447,1.294,1.342,-0.1363,0.284
36.075,1,-2.776,-5.03,1.4127,1.304,1.342,-0.1285,0.308
36.126,1,-2.768,-4.987,1.3942,1.347,1.366,-0.1135,0.308
36.175,1,-2.75,-4.903,1.3631,1.316,1.391,-0.1132,0.357
36.225,1,-2.739,-4.859,1.348,1.327,1.391,-0.1055,0.357
36.276,1,-2.715,-4.764,1.3149,1.36,1.417,-0.1073,0.403
36.326,1,-2.701,-4.717,1.2971,1.419,1.445,-0.1103,0.403
36.376,1,-2.673,-4.631,1.2645,1.338,1.473,-0.086,0.458
36.425,1,-2.657,-4.581,1.2522,1.488,1.473,-0.0832,0.458
36.475,1,-2.621,-4.484,1.2202,1.462,1.503,-0.0846,0.473
36.526,1,-2.603,-4.437,1.2055,1.452,1.534,-0.075,0.473
36.576,1,-2.584,-4.391,1.1937,1.521,1.534,-0.0675,0.465
36.625,1,-2.542,-4.293,1.1697,1.447,1.567,-0.0565,0.459
36.676,1,-2.518,-4.239,1.1576,1.604,1.6,-0.0563,0.453
36.726,1,-2.474,-4.145,1.1363,1.565,1.635,-0.0439,0.448
36.776,1,-2.449,-4.093,1.1265,1.597,1.635,-0.04,0.442
36.826,1,-2.401,-3.996,1.1103,1.621,1.701,-0.0325,0.438
36.875,1,-2.376,-3.946,1.1033,1.61,1.701,-0.0286,0.433
36.926,1,-2.324,-3.847,1.0916,1.699,1.733,-0.0212,0.429
36.975,1,-2.296,-3.795,1.0842,1.725,1.764,-0.0121,0.425
37.026,1,-2.243,-3.696,1.0773,1.719,1.794,-0.0058,0.421
37.076,1,-2.21,-3.636,1.0725,1.754,1.823,0.0,0.417
37.126,1,-2.154,-3.535,1.0683,1.722,1.823,0.0041,0.414
37.175,1,-2.126,-3.483,1.0657,1.757,1.851,0.0122,0.41
37.225,1,-2.07,-3.382,1.0657,1.878,1.906,0.0302,0.406
37.275,1,-2.044,-3.335,1.0657,1.816,1.906,0.0285,0.401
37.325,1,-1.987,-3.23,1.0705,1.883,1.933,0.0412,0.394
37.375,1,-1.931,-3.125,1.0821,1.845,1.948,0.0451,0.385
37.425,1,-1.902,-3.07,1.0869,1.993,1.91,0.0555,0.375
37.475,1,-1.846,-2.96,1.1034,1.971,1.875,0.0581,0.362
37.525,1,-1.818,-2.902,1.1104,1.925,1.843,0.0699,0.347
37.575,1,-1.761,-2.779,1.1315,1.972,1.814,0.0789,0.33
37.626,1,-1.735,-2.721,1.1435,1.887,1.787,0.0826,0.311
37.675,1,-1.686,-2.606,1.1721,1.833,1.763,0.099,0.289
37.725,1,-1.663,-2.547,1.1866,1.878,1.742,0.0988,0.266
37.775,1,-1.641,-2.49,1.2011,1.824,1.742,0.0917,0.243
37.826,1,-1.602,-2.376,1.238,1.722,1.709,0.097,0.218
37.875,1,-1.58,-2.307,1.2549,1.824,1.709,0.0897,0.192
37.925,1,-1.548,-2.195,1.2925,1.799,1.689,0.1019,0.165
37.975,1,-1.534,-2.14,1.3075,1.737,1.689,0.0942,0.154
38.026,1,-1.508,-2.031,1.3405,1.748,1.684,0.0932,0.146
38.075,1,-1.496,-1.971,1.3558,1.744,1.682,0.0972,0.139
38.126,1,-1.476,-1.86,1.3893,1.692,1.681,0.105,0.135
38.175,1,-1.466,-1.802,1.4077,1.66,1.681,0.1005,0.133
38.225,1,-1.452,-1.691,1.4393,1.75,1.681,0.0967,0.135
38.275,1,-1.446,-1.634,1.4552,1.652,1.683,0.0924,0.14
38.325,1,-1.44,-1.572,1.4742,1.673,1.688,0.0966,0.14
38.375,1,-1.433,-1.457,1.5096,1.704,1.696,0.0928,0.146
38.425,1,-1.431,-1.4,1.5261,1.685,1.706,0.0967,0.146
38.475,1,-1.43,-1.289,1.5595,1.726,1.717,0.0947,0.165
38.526,1,-1.431,-1.231,1.5765,1.662,1.73,0.0971,0.165
38.575,1,-1.435,-1.115,1.6079,1.714,1.745,0.0929,0.187
38.625,1,-1.439,-1.057,1.6225,1.686,1.745,0.0806,0.187
38.675,1,-1.448,-0.943,1.6546,1.722,1.761,0.0778,0.205
38.726,1,-1.455,-0.882,1.6695,1.725,1.778,0.0687,0.205
38.775,1,-1.47,-0.77,1.6995,1.737,1.797,0.0607,0.217
38.826,1,-1.479,-0.71,1.7148,1.767,1.817,0.0609,0.217
38.876,1,-1.5,-0.587,1.7424,1.762,1.838,0.0527,0.253
38.926,1,-1.512,-0.526,1.7547,1.831,1.86,0.053,0.253
38.976,1,-1.535,-0.412,1.7737,1.739,1.883,0.0445,0.271
39.026,1,-1.55,-0.347,1.7833,1.86,1.908,0.045,0.287
39.076,1,-1.578,-0.229,1.8024,1.775,1.934,0.0406,0.303
39.126,1,-1.594,-0.165,1.809,1.896,1.934,0.0369,0.317
39.175,1,-1.627,-0.037,1.8282,1.979,1.985,0.0351,0.33
39.226,1,-1.645,0.029,1.8349,1.95,1.985,0.0288,0.343
39.276,1,-1.68,0.152,1.8485,1.9,2.034,0.0299,0.354
39.326,1,-1.701,0.221,1.8548,1.962,2.034,0.0257,0.364
39.375,1,-1.722,0.29,1.8617,1.957,2.058,0.0206,0.374
39.426,1,-1.765,0.426,1.8754,2.054,2.104,0.0135,0.382
39.475,1,-1.785,0.491,1.8818,1.951,2.104,0.0094,0.388
39.525,1,-1.809,0.562,1.885,1.909,2.127,0.0061,0.391
39.575,1,-1.864,0.728,1.8925,2.053,2.171,-0.0,0.394
39.625,1,-1.892,0.811,1.8957,2.209,2.192,-0.0088,0.396
39.675,1,-1.941,0.954,1.8957,2.202,2.192,-0.0099,0.397
39.725,1,-1.963,1.019,1.8957,2.214,2.233,-0.0168,0.399
39.775,1,-2.008,1.154,1.8924,2.176,2.193,-0.021,0.399
39.825,1,-2.03,1.221,1.8919,2.216,2.152,-0.0311,0.401
39.876,1,-2.076,1.362,1.8823,2.186,2.113,-0.0294,0.411
39.925,1,-2.097,1.429,1.8786,2.189,2.075,-0.0336,0.421
39.975,1,-2.14,1.574,1.8648,2.054,2.039,-0.0378,0.418
40.026,1,-2.164,1.655,1.858,2.211,1.969,-0.0505,0.417
40.075,1,-2.182,1.719,1.8484,2.163,1.969,-0.0472,0.417
40.126,1,-2.218,1.851,1.8349,2.087,1.904,-0.0542,0.42
40.175,1,-2.234,1.916,1.825,2.01,1.904,-0.0511,0.427
40.226,1,-2.265,2.046,1.8058,1.962,1.843,-0.0619,0.433
40.276,1,-2.28,2.111,1.796,1.896,1.843,-0.0574,0.437
40.326,1,-2.307,2.24,1.7767,1.922,1.786,-0.0709,0.443
40.375,1,-2.319,2.304,1.7643,1.896,1.786,-0.0615,0.447
40.425,1,-2.341,2.431,1.7423,1.897,1.731,-0.082,0.45
40.475,1,-2.349,2.487,1.7298,1.836,1.731,-0.0735,0.449
40.526,1,-2.365,2.6,1.7056,1.78,1.704,-0.0731,0.443
40.576,1,-2.371,2.655,1.6934,1.716,1.679,-0.0824,0.439
40.626,1,-2.382,2.77,1.6693,1.682,1.653,-0.0943,0.436
40.675,1,-2.387,2.833,1.6574,1.741,1.628,-0.1012,0.429
40.726,1,-2.394,2.947,1.628,1.683,1.628,-0.0944,0.417
40.775,1,-2.395,3.003,1.6106,1.62,1.604,-0.0936,0.403
40.825,1,-2.396,3.115,1.5792,1.611,1.579,-0.1024,0.388
40.875,1,-2.395,3.175,1.5622,1.628,1.556,-0.1134,0.37
40.925,1,-2.393,3.23,1.5454,1.62,1.532,-0.1162,0.37
40.976,1,-2.388,3.331,1.5148,1.611,1.509,-0.1161,0.334
41.025,1,-2.379,3.43,1.4847,1.573,1.509,-0.1152,0.321
41.075,1,-2.373,3.48,1.4685,1.482,1.486,-0.1148,0.307
41.126,1,-2.367,3.533,1.4525,1.278,1.463,-0.1361,0.307
41.176,1,-2.354,3.614,1.4338,1.704,1.441,-0.1534,0.29
41.226,1,-2.335,3.716,1.3865,1.537,1.419,-0.1543,0.267
41.275,1,-2.325,3.763,1.3658,1.492,1.419,-0.1443,0.267
41.326,1,-2.313,3.811,1.3452,1.498,1.397,-0.1531,0.257
41.375,1,-2.283,3.917,1.2944,1.431,1.375,-0.138,0.244
41.425,1,-2.256,4.0,1.2522,1.411,1.375,-0.1259,0.24
41.476,1,-2.24,4.043,1.235,1.369,1.354,-0.1619,0.24
41.525,1,-2.207,4.127,1.1987,1.374,1.333,-0.1758,0.229
41.575,1,-2.19,4.166,1.1769,1.404,1.333,-0.1494,0.229
41.625,1,-2.175,4.201,1.1576,1.326,1.312,-0.1727,0.224
41.676,1,-2.13,4.289,1.1103,1.287,1.291,-0.1746,0.221
41.726,1,-2.108,4.331,1.0868,1.355,1.291,-0.1605,0.219
41.776,1,-2.063,4.408,1.0426,1.324,1.271,-0.1728,0.219
41.826,1,-2.041,4.442,1.0172,1.303,1.251,-0.2066,0.222
41.876,1,-1.995,4.51,0.9763,1.267,1.232,-0.2176,0.225
41.926,1,-1.969,4.545,0.9536,1.303,1.232,-0.2066,0.218
41.975,1,-1.92,4.607,0.9068,1.259,1.214,-0.2174,0.213
42.026,1,-1.894,4.638,0.8823,1.194,1.214,-0.2046,0.209
42.075,1,-1.838,4.7,0.832,1.219,1.197,-0.2203,0.208
42.126,1,-1.809,4.729,0.8057,1.204,1.182,-0.2279,0.208
42.176,1,-1.749,4.785,0.7515,1.219,1.182,-0.205,0.21
42.225,1,-1.694,4.831,0.7001,1.184,1.171,-0.2302,0.203
42.276,1,-1.665,4.854,0.679,1.177,1.163,-0.2394,0.198
42.325,1,-1.603,4.899,0.6323,1.142,1.163,-0.2322,0.195
42.376,1,-1.569,4.921,0.6072,1.114,1.16,-0.2427,0.194
42.426,1,-1.533,4.944,0.5778,1.191,1.16,-0.2277,0.194
42.475,1,-1.468,4.981,0.524,1.155,1.16,-0.2873,0.196
42.526,1,-1.435,4.999,0.497,1.14,1.16,-0.2769,0.202
42.576,1,-1.365,5.031,0.4374,1.122,1.159,-0.2723,0.205
42.626,1,-1.328,5.046,0.4027,1.133,1.161,-0.2534,0.195
42.675,1,-1.257,5.07,0.3334,1.164,1.161,-0.2156,0.187
42.726,1,-1.223,5.08,0.305,1.113,1.164,-0.2416,0.181
42.775,1,-1.147,5.099,0.2464,1.11,1.17,-0.2375,0.178
42.825,1,-1.11,5.107,0.2183,1.14,1.17,-0.2398,0.176
42.876,1,-1.034,5.12,0.168,1.176,1.176,-0.2537,0.176
42.926,1,-0.994,5.125,0.1399,1.141,1.176,-0.2435,0.182
42.976,1,-0.917,5.131,0.0839,1.172,1.183,-0.253,0.188
43.025,1,-0.875,5.133,0.0558,1.148,1.183,-0.2436,0.193
43.075,1,-0.796,5.132,-0.0042,1.149,1.189,-0.2498,0.196
43.126,1,-0.754,5.13,-0.0362,1.133,1.195,-0.2639,0.198
43.176,1,-0.71,5.126,-0.0661,1.163,1.195,-0.2542,0.198
43.225,1,-0.629,5.115,-0.1303,1.177,1.201,-0.2554,0.199
43.275,1,-0.589,5.108,-0.1624,1.182,1.201,-0.2427,0.199
43.325,1,-0.509,5.089,-0.2286,1.169,1.207,-0.2398,0.196
43.375,1,-0.47,5.078,-0.2608,1.15,1.212,-0.2499,0.198
43.426,1,-0.43,5.065,-0.2891,1.193,1.212,-0.2399,0.198
43.475,1,-0.349,5.035,-0.354,1.229,1.216,-0.2285,0.196
43.526,1,-0.312,5.019,-0.3844,1.205,1.216,-0.2218,0.196
43.575,1,-0.23,4.98,-0.448,1.176,1.22,-0.2328,0.196
43.626,1,-0.193,4.96,-0.4769,1.191,1.225,-0.2161,0.196
43.676,1,-0.155,4.938,-0.5055,1.246,1.225,-0.2055,0.205
43.726,1,-0.08,4.89,-0.5657,1.207,1.233,-0.2084,0.232
43.775,1,-0.042,4.863,-0.595,1.205,1.244,-0.2177,0.232
43.826,1,-0.007,4.837,-0.6245,1.165,1.244,-0.1925,0.245
43.876,1,0.067,4.776,-0.6811,1.222,1.257,-0.2054,0.266
43.925,1,0.104,4.743,-0.7133,1.201,1.272,-0.1699,0.266
43.975,1,0.142,4.707,-0.7411,1.236,1.272,-0.1589,0.274
44.026,1,0.178,4.671,-0.7733,1.216,1.288,-0.1586,0.27
44.076,1,0.213,4.633,-0.806,1.255,1.288,-0.1475,0.259
44.125,1,0.282,4.554,-0.8563,1.256,1.305,-0.1625,0.251
44.176,1,0.316,4.512,-0.88,1.274,1.323,-0.1623,0.244
44.226,1,0.349,4.468,-0.9046,1.289,1.323,-0.151,0.239
44.275,1,0.382,4.423,-0.9319,1.269,1.342,-0.1477,0.236
44.326,1,0.416,4.373,-0.9563,1.328,1.362,-0.1602,0.235
44.375,1,0.473,4.281,-1.0082,1.335,1.362,-0.1495,0.235
44.426,1,0.501,4.232,-1.0335,1.317,1.382,-0.1132,0.237
44.476,1,0.532,4.175,-1.0616,1.369,1.402,-0.1286,0.25
44.525,1,0.557,4.124,-1.0891,1.377,1.402,-0.1138,0.265
44.576,1,0.583,4.072,-1.1127,1.355,1.423,-0.1135,0.279
44.626,1,0.606,4.019,-1.1316,1.375,1.444,-0.1137,0.291
44.675,1,0.632,3.96,-1.1529,1.398,1.444,-0.114,0.301
44.725,1,0.676,3.846,-1.1966,1.424,1.466,-0.1034,0.31
44.776,1,0.698,3.785,-1.2154,1.429,1.488,-0.1004,0.317
44.825,1,0.719,3.723,-1.2375,1.47,1.511,-0.1037,0.328
44.876,1,0.736,3.667,-1.2571,1.446,1.511,-0.0908,0.35
44.926,1,0.755,3.604,-1.2749,1.485,1.534,-0.095,0.373
44.976,1,0.773,3.537,-1.2949,1.468,1.558,-0.0989,0.373
45.026,1,0.791,3.465,-1.3147,1.477,1.558,-0.0871,0.396
45.076,1,0.808,3.393,-1.3351,1.474,1.582,-0.0791,0.416
45.125,1,0.823,3.318,-1.3557,1.524,1.606,-0.0795,0.435
45.175,1,0.836,3.247,-1.379,1.552,1.632,-0.0757,0.432
45.226,1,0.849,3.171,-1.3971,1.549,1.657,-0.0798,0.419
45.275,2,0.86,3.093,-1.4155,1.588,1.657,-0.0689,0.405
45.326,2,0.871,3.012,-1.4339,1.605,1.684,-0.0606,0.394
45.375,2,0.88,2.929,-1.4526,1.628,1.712,-0.058,0.383
45.426,2,0.887,2.844,-1.4713,1.662,1.74,-0.0536,0.374
45.476,2,0.894,2.759,-1.4876,1.675,1.769,-0.0483,0.366
45.526,2,0.899,2.672,-1.504,1.692,1.799,-0.0415,0.358
45.576,2,0.903,2.584,-1.5177,1.72,1.799,-0.0329,0.351
45.625,2,0.906,2.496,-1.5316,1.753,1.828,-0.0289,0.345
45.676,2,0.908,2.405,-1.5454,1.766,1.856,-0.0203,0.339
45.726,2,0.908,2.314,-1.5566,1.777,1.884,-0.0122,0.334
45.776,2,0.909,2.22,-1.5651,1.84,1.911,-0.0138,0.328
45.825,2,0.908,2.125,-1.5736,1.873,1.937,-0.0091,0.322
45.876,2,0.907,2.036,-1.5792,1.86,1.963,-0.006,0.316
45.926,2,0.906,1.935,-1.582,1.915,1.988,-0.0047,0.31
45.975,2,0.905,1.837,-1.5849,1.937,2.013,-0.0,0.304
46.026,2,0.903,1.743,-1.5877,1.929,2.037,-0.0,0.297
46.076,2,0.901,1.645,-1.5906,1.968,2.061,0.0,0.29
46.126,2,0.899,1.541,-1.5906,1.936,2.084,0.0,0.289
46.175,2,0.897,1.429,-1.5906,2.026,2.107,0.0,0.289
46.226,2,0.895,1.325,-1.5906,2.062,2.13,0.0054,0.289
46.276,2,0.893,1.218,-1.5906,2.101,2.152,0.0042,0.289
46.326,2,0.89,1.111,-1.5906,2.071,2.173,0.0083,0.289
46.376,2,0.888,1.004,-1.5906,2.148,2.194,0.0136,0.29
46.426,2,0.886,0.896,-1.5877,2.127,2.215,0.0125,0.291
46.475,2,0.885,0.787,-1.5877,2.185,2.236,0.0187,0.292
46.526,2,0.883,0.676,-1.5849,2.197,2.276,0.021,0.292
46.576,2,0.883,0.565,-1.5792,2.219,2.295,0.0217,0.29
46.625,2,0.882,0.455,-1.5763,2.034,2.314,0.0207,0.286
46.675,2,0.883,0.315,-1.5707,2.3,2.333,0.0212,0.282
46.726,2,0.885,0.191,-1.5622,2.216,2.352,0.0211,0.276
46.776,2,0.885,0.191,-1.5622,2.216,2.352,0.0211,0.276
46.826,2,0.888,0.055,-1.5538,2.11,2.388,0.0182,0.27
46.875,2,0.893,-0.108,-1.5453,2.548,2.406,0.0148,0.262
46.926,2,0.898,-0.244,-1.5342,2.544,2.441,0.0092,0.245
46.975,2,0.904,-0.364,-1.5259,2.494,2.458,0.0,0.235
47.026,2,0.91,-0.485,-1.5204,2.467,2.475,-0.0,0.224
47.075,2,0.917,-0.602,-1.5149,2.478,2.491,-0.0063,0.214
47.126,2,0.924,-0.719,-1.5121,2.347,2.524,-0.0086,0.214
47.175,2,0.932,-0.855,-1.5121,2.473,2.54,-0.0096,0.196
47.225,2,0.939,-0.978,-1.5121,2.534,2.555,-0.0107,0.196
47.275,2,0.946,-1.107,-1.5149,2.482,2.571,-0.0093,0.188
47.326,2,0.953,-1.24,-1.5176,2.534,2.601,-0.0043,0.174
47.375,2,0.959,-1.368,-1.5204,2.591,2.616,-0.0043,0.174
47.426,2,0.965,-1.497,-1.5259,2.541,2.631,-0.005,0.167
47.476,2,0.97,-1.631,-1.5287,2.617,2.65,-0.0043,0.161
47.526,2,0.976,-1.765,-1.5315,2.614,2.616,-0.0043,0.155
47.575,2,0.981,-1.897,-1.5315,2.633,2.582,-0.0086,0.149
47.625,2,0.985,-2.03,-1.5343,2.647,2.517,-0.0191,0.143
47.676,2,0.99,-2.163,-1.537,2.654,2.486,-0.0233,0.139
47.726,2,0.994,-2.287,-1.537,2.68,2.455,-0.0302,0.139
47.775,2,0.997,-2.414,-1.5398,2.604,2.396,-0.0388,0.14
47.826,2,1.0,-2.548,-1.5482,2.579,2.367,-0.0431,0.14
47.876,2,1.001,-2.673,-1.5567,2.594,2.339,-0.0487,0.145
47.926,2,1.0,-2.79,-1.568,2.423,2.311,-0.0428,0.152
47.975,2,0.998,-2.917,-1.5821,2.392,2.257,-0.0513,0.16
48.026,2,0.994,-3.037,-1.5993,2.433,2.231,-0.0484,0.169
48.076,2,0.988,-3.154,-1.6166,2.418,2.205,-0.0429,0.18
48.126,2,0.98,-3.266,-1.6311,2.358,2.18,-0.0396,0.192
48.176,2,0.971,-3.37,-1.6488,2.262,2.154,-0.0338,0.205
48.226,2,0.96,-3.478,-1.6635,2.265,2.13,-0.0341,0.222
48.276,2,0.948,-3.587,-1.6755,2.226,2.105,-0.0348,0.245
48.326,2,0.935,-3.693,-1.6876,2.043,2.081,-0.0332,0.27
48.375,2,0.919,-3.814,-1.6995,2.328,2.034,-0.0529,0.297
48.426,2,0.904,-3.915,-1.7118,2.169,2.011,-0.0551,0.325
48.476,2,0.888,-4.017,-1.7209,2.138,1.989,-0.0586,0.349
48.526,2,0.87,-4.119,-1.733,2.16,1.966,-0.0727,0.361
48.575,2,0.852,-4.218,-1.7485,2.05,1.944,-0.075,0.373
48.625,2,0.833,-4.31,-1.7645,2.02,1.922,-0.0746,0.388
48.675,2,0.811,-4.409,-1.7803,2.048,1.901,-0.0804,0.403
48.726,2,0.79,-4.494,-1.8028,1.993,1.879,-0.0744,0.421
48.775,2,0.763,-4.591,-1.822,1.957,1.858,-0.0825,0.441
48.825,2,0.738,-4.677,-1.845,1.939,1.837,-0.0829,0.454
48.875,2,0.684,-4.844,-1.8857,1.905,1.837,-0.0711,0.468
48.925,2,0.653,-4.928,-1.9061,1.842,1.816,-0.0715,0.484
48.976,2,0.623,-5.006,-1.9272,1.883,1.775,-0.0697,0.502
49.026,2,0.594,-5.079,-1.9474,1.9,1.755,-0.083,0.522
49.075,2,0.564,-5.149,-1.9623,1.764,1.735,-0.0852,0.544
49.126,2,0.53,-5.226,-1.9774,1.83,1.735,-0.0824,0.567
49.176,2,0.498,-5.296,-1.9953,1.756,1.715,-0.0851,0.596
49.226,2,0.462,-5.368,-2.014,1.799,1.696,-0.0895,0.63
49.275,2,0.395,-5.497,-2.0519,1.746,1.677,-0.0955,0.667
49.326,2,0.358,-5.564,-2.0711,1.752,1.657,-0.1071,0.705
49.376,2,0.324,-5.621,-2.0913,1.718,1.638,-0.1091,0.744
49.425,2,0.287,-5.681,-2.1108,1.688,1.62,-0.1169,0.739
49.475,2,0.249,-5.739,-2.1347,1.689,1.62,-0.1053,0.726
49.525,2,0.174,-5.847,-2.1773,1.61,1.601,-0.1084,0.711
49.575,2,0.133,-5.902,-2.1994,1.693,1.583,-0.1064,0.695
49.625,2,0.094,-5.953,-2.2207,1.639,1.565,-0.1164,0.677
49.675,2,0.056,-6.0,-2.2408,1.527,1.547,-0.1272,0.657
49.726,2,0.01,-6.054,-2.2624,1.595,1.547,-0.116,0.635
49.776,2,-0.076,-6.148,-2.306,1.59,1.513,-0.143,0.617
49.825,2,-0.121,-6.195,-2.3305,1.494,1.513,-0.1311,0.604
49.876,2,-0.171,-6.244,-2.3517,1.562,1.497,-0.143,0.593
49.926,2,-0.219,-6.288,-2.3791,1.541,1.481,-0.1393,0.578
49.975,2,-0.27,-6.333,-2.4069,1.519,1.481,-0.1271,0.56
50.026,2,-0.322,-6.377,-2.4334,1.518,1.466,-0.139,0.541
50.075,2,-0.415,-6.448,-2.4867,1.509,1.452,-0.1508,0.52
50.126,2,-0.462,-6.482,-2.5087,1.479,1.438,-0.1759,0.504
50.176,2,-0.508,-6.512,-2.5342,1.466,1.426,-0.1865,0.491
50.225,2,-0.605,-6.572,-2.5857,1.455,1.426,-0.1755,0.48
50.275,2,-0.655,-6.6,-2.6164,1.435,1.414,-0.1742,0.469
50.325,2,-0.702,-6.624,-2.6461,1.433,1.405,-0.1735,0.46
50.376,2,-0.751,-6.648,-2.6757,1.433,1.405,-0.1616,0.46
50.426,2,-0.844,-6.688,-2.731,1.404,1.397,-0.173,0.435
50.475,2,-0.891,-6.706,-2.7598,1.464,1.391,-0.189,0.416
50.525,2,-0.983,-6.738,-2.8044,1.42,1.387,-0.2021,0.397
50.576,2,-1.027,-6.752,-2.8325,1.4,1.387,-0.1903,0.38
50.625,2,-1.074,-6.764,-2.857,1.393,1.386,-0.2116,0.38
50.675,2,-1.171,-6.787,-2.913,1.402,1.221,-0.2331,0.339
50.726,2,-1.217,-6.795,-2.9434,1.317,1.221,-0.2068,0.339
50.776,2,-1.317,-6.809,-3.0078,1.4,1.206,-0.2216,0.306
50.826,2,-1.362,-6.813,-3.0355,1.246,1.193,-0.2288,0.292
50.875,2,-1.416,-6.816,-3.0677,1.294,1.181,-0.2415,0.292
50.925,2,-1.501,-6.816,-3.1338,1.187,1.181,-0.2334,0.272
50.976,2,-1.543,-6.814,3.1214,1.201,1.172,-0.2279,0.265
51.025,2,-1.584,-6.811,3.0895,1.143,1.172,-0.2152,0.265
51.075,2,-1.665,-6.803,3.0332,1.188,1.166,-0.2276,0.255
51.126,2,-1.713,-6.795,3.0094,1.103,1.163,-0.2542,0.248
51.175,2,-1.759,-6.787,2.977,1.202,1.163,-0.2395,0.248
51.225,2,-1.845,-6.766,2.9107,1.176,1.162,-0.2498,0.237
51.275,2,-1.884,-6.755,2.8765,1.155,1.161,-0.2639,0.234
51.325,2,-1.924,-6.742,2.8482,1.131,1.161,-0.2549,0.234
51.375,2,-2.004,-6.712,2.7836,1.174,1.161,-0.2505,0.233
51.425,2,-2.038,-6.697,2.7511,1.13,1.161,-0.2379,0.233
51.476,2,-2.104,-6.666,2.6955,1.133,1.163,-0.2495,0.242
51.525,2,-2.139,-6.647,2.6689,1.164,1.163,-0.2387,0.242
51.576,2,-2.204,-6.609,2.6113,1.089,1.166,-0.2605,0.248
51.626,2,-2.241,-6.584,2.5837,1.132,1.17,-0.2779,0.248
51.675,2,-2.276,-6.56,2.5515,1.115,1.17,-0.2606,0.249
51.725,2,-2.346,-6.506,2.4831,1.136,1.176,-0.2857,0.258
51.776,2,-2.38,-6.476,2.447,1.154,1.176,-0.25,0.258
51.825,2,-2.412,-6.446,2.4079,1.169,1.181,-0.2619,0.266
51.875,2,-2.471,-6.384,2.3361,1.149,1.181,-0.2498,0.27
51.925,2,-2.498,-6.352,2.3024,1.14,1.187,-0.2497,0.268
51.975,2,-2.524,-6.321,2.269,1.17,1.193,-0.2619,0.269
52.025,2,-2.574,-6.252,2.208,1.176,1.197,-0.274,0.27
52.075,2,-2.597,-6.217,2.1737,1.144,1.197,-0.2498,0.275
52.126,2,-2.62,-6.181,2.1431,1.129,1.197,-0.2379,0.28
52.175,2,-2.662,-6.104,2.0717,1.196,1.201,-0.2431,0.279
52.226,2,-2.679,-6.068,2.0367,1.168,1.203,-0.2388,0.279
52.276,2,-2.697,-6.027,2.0064,1.192,1.203,-0.2277,0.281
52.326,2,-2.73,-5.94,1.9406,1.225,1.206,-0.2304,0.284
52.375,2,-2.743,-5.901,1.9058,1.165,1.21,-0.2325,0.274
52.426,2,-2.766,-5.821,1.8483,1.21,1.21,-0.2218,0.266
52.476,2,-2.775,-5.783,1.8186,1.18,1.218,-0.2043,0.259
52.526,2,-2.784,-5.741,1.7925,1.196,1.218,-0.193,0.254
52.576,2,-2.798,-5.655,1.733,1.188,1.229,-0.1959,0.251
52.626,2,-2.803,-5.612,1.7084,1.174,1.244,-0.2051,0.25
52.676,2,-2.807,-5.563,1.6812,1.21,1.244,-0.1817,0.251
52.726,2,-2.812,-5.47,1.6251,1.266,1.26,-0.1861,0.254
52.775,2,-2.813,-5.427,1.5962,1.209,1.26,-0.1585,0.263
52.825,2,-2.81,-5.336,1.5453,1.254,1.278,-0.1526,0.271
52.875,2,-2.808,-5.295,1.5203,1.239,1.298,-0.1356,0.277
52.926,2,-2.804,-5.246,1.4983,1.275,1.298,-0.1244,0.281
52.976,2,-2.793,-5.157,1.4577,1.283,1.32,-0.1296,0.282
53.025,2,-2.787,-5.114,1.4391,1.304,1.342,-0.1371,0.285
53.076,2,-2.78,-5.067,1.4205,1.274,1.342,-0.128,0.285
53.125,2,-2.761,-4.97,1.3811,1.363,1.366,-0.1072,0.323
53.176,2,-2.751,-4.926,1.3631,1.303,1.391,-0.1109,0.346
53.225,2,-2.727,-4.829,1.3275,1.391,1.417,-0.107,0.369
53.275,2,-2.715,-4.786,1.3121,1.373,1.417,-0.0988,0.391
53.325,2,-2.686,-4.689,1.282,1.408,1.417,-0.0916,0.418
53.375,2,-2.671,-4.642,1.2645,1.38,1.473,-0.0824,0.445
53.426,2,-2.654,-4.593,1.2499,1.357,1.473,-0.0744,0.445
53.475,2,-2.616,-4.488,1.2179,1.465,1.503,-0.0806,0.482
53.525,2,-2.596,-4.436,1.2055,1.437,1.534,-0.0728,0.473
53.575,2,-2.575,-4.385,1.1937,1.497,1.534,-0.0634,0.473
53.625,2,-2.533,-4.287,1.1697,1.473,1.567,-0.0526,0.46
53.675,2,-2.51,-4.235,1.1576,1.581,1.6,-0.0521,0.46
53.725,2,-2.467,-4.143,1.1363,1.513,1.6,-0.0447,0.449
53.775,2,-2.439,-4.084,1.1292,1.545,1.669,-0.0358,0.443
53.825,2,-2.413,-4.031,1.1195,1.633,1.669,-0.0333,0.443
53.876,2,-2.362,-3.93,1.1055,1.665,1.701,-0.0241,0.434
53.926,2,-2.337,-3.881,1.0985,1.623,1.733,-0.02,0.434
53.975,2,-2.278,-3.768,1.0868,1.748,1.764,-0.0164,0.425
54.025,2,-2.25,-3.717,1.0821,1.685,1.794,-0.004,0.425
54.075,2,-2.22,-3.661,1.0799,1.751,1.794,-0.0051,0.42
54.126,2,-2.159,-3.548,1.0725,1.749,1.851,0.01,0.412
54.175,2,-2.128,-3.491,1.073,1.815,1.851,0.0081,0.412
54.225,2,-2.066,-3.379,1.0704,1.857,1.906,0.0245,0.402
54.275,2,-2.037,-3.325,1.0726,1.763,1.906,0.0243,0.402
54.325,2,-2.005,-3.265,1.0752,1.896,1.933,0.0328,0.395
54.376,2,-1.94,-3.142,1.0821,1.92,1.948,0.0461,0.387
54.425,2,-1.907,-3.079,1.0895,1.973,1.91,0.0495,0.378
54.476,2,-1.844,-2.955,1.1029,1.97,1.875,0.0591,0.352
54.526,2,-1.814,-2.892,1.1126,1.929,1.843,0.0712,0.352
54.576,2,-1.783,-2.827,1.1245,1.936,1.814,0.0741,0.335
54.625,2,-1.727,-2.703,1.1479,1.91,1.787,0.078,0.317
54.675,2,-1.704,-2.649,1.1627,1.85,1.763,0.0955,0.296
54.725,2,-1.656,-2.528,1.1889,1.849,1.742,0.0982,0.274
54.775,2,-1.634,-2.469,1.2061,1.753,1.724,0.1028,0.252
54.826,2,-1.612,-2.408,1.2208,1.749,1.724,0.0932,0.23
54.876,2,-1.573,-2.288,1.2549,1.771,1.697,0.1055,0.205
54.926,2,-1.555,-2.228,1.275,1.733,1.697,0.0971,0.178
54.976,2,-1.538,-2.165,1.2922,1.736,1.689,0.1058,0.161
55.026,2,-1.509,-2.046,1.3327,1.725,1.684,0.097,0.151
55.075,2,-1.497,-1.992,1.348,1.699,1.682,0.1049,0.144
55.125,2,-1.476,-1.879,1.3841,1.661,1.681,0.1005,0.139
55.175,2,-1.467,-1.823,1.4024,1.709,1.681,0.0942,0.136
55.225,2,-1.45,-1.698,1.4393,1.664,1.681,0.1009,0.135
55.275,2,-1.45,-1.698,1.4393,1.664,1.683,0.1006,0.135
55.325,2,-1.437,-1.545,1.4769,1.949,1.688,0.0989,0.144
55.375,2,-1.433,-1.483,1.5042,1.837,1.696,0.0992,0.147
55.426,2,-1.43,-1.368,1.54,1.684,1.706,0.0886,0.147
55.475,2,-1.429,-1.304,1.5568,1.709,1.717,0.0929,0.16
55.525,2,-1.43,-1.244,1.5737,1.686,1.717,0.0846,0.172
55.575,2,-1.435,-1.122,1.6079,1.72,1.745,0.0889,0.183
55.626,2,-1.439,-1.057,1.6253,1.77,1.745,0.0829,0.193
55.675,2,-1.449,-0.938,1.6546,1.688,1.761,0.0857,0.202
55.726,2,-1.456,-0.877,1.6725,1.724,1.778,0.0692,0.209
55.775,2,-1.464,-0.813,1.6874,1.765,1.797,0.0709,0.209
55.825,2,-1.483,-0.687,1.7178,1.776,1.817,0.0621,0.227
55.875,2,-1.493,-0.627,1.733,1.719,1.838,0.0611,0.245
55.925,2,-1.518,-0.495,1.758,1.824,1.838,0.0539,0.264
55.976,2,-1.531,-0.431,1.7706,1.803,1.883,0.0494,0.281
56.025,2,-1.559,-0.309,1.793,1.87,1.883,0.0418,0.281
56.075,2,-1.575,-0.243,1.8027,1.8,1.934,0.042,0.311
56.126,2,-1.593,-0.17,1.8121,1.824,1.934,0.0369,0.324
56.176,2,-1.613,-0.097,1.8219,1.943,1.96,0.0329,0.324
56.225,2,-1.651,0.041,1.8413,1.961,2.01,0.0247,0.347
56.275,2,-1.67,0.107,1.848,1.911,2.01,0.0205,0.347
56.325,2,-1.71,0.242,1.8617,1.978,2.034,0.0207,0.367
56.376,2,-1.733,0.317,1.8653,1.966,2.058,0.0182,0.376
56.426,2,-1.755,0.387,1.8717,2.059,2.082,0.0137,0.376
56.475,2,-1.799,0.524,1.8786,2.051,2.127,0.0096,0.387
56.525,2,-1.822,0.595,1.8823,2.1,2.127,0.0042,0.387
56.576,2,-1.843,0.658,1.8882,1.955,2.149,0.0,0.391
56.626,2,-1.87,0.741,1.8887,1.91,2.171,-0.0,0.393
56.675,2,-1.932,0.926,1.8919,2.216,2.192,-0.0041,0.395
56.725,2,-1.96,1.011,1.8919,2.3,2.233,-0.0127,0.397
56.776,2,-1.985,1.086,1.8919,2.312,2.193,-0.0213,0.399
56.825,2,-2.035,1.237,1.8914,2.131,2.193,-0.0226,0.403
56.876,2,-2.064,1.326,1.8882,2.304,2.113,-0.0358,0.403
56.926,2,-2.088,1.401,1.8818,2.261,2.075,-0.0338,0.422
56.975,2,-2.135,1.553,1.8685,2.239,2.039,-0.038,0.419
57.026,2,-2.154,1.618,1.8616,2.107,2.003,-0.0435,0.418
57.076,2,-2.176,1.696,1.8548,1.945,1.969,-0.0513,0.417
57.125,2,-2.198,1.777,1.8448,1.979,1.936,-0.0496,0.417
57.175,2,-2.243,1.95,1.825,2.163,1.904,-0.0538,0.424
57.225,2,-2.26,2.019,1.8089,2.101,1.873,-0.0501,0.431
57.276,2,-2.275,2.089,1.7991,2.042,1.843,-0.0581,0.436
57.325,2,-2.304,2.226,1.777,1.965,1.814,-0.0578,0.44
57.375,2,-2.316,2.289,1.7674,1.861,1.786,-0.0657,0.445
57.425,2,-2.339,2.418,1.7423,1.827,1.758,-0.078,0.449
57.475,2,-2.349,2.486,1.73,1.824,1.731,-0.0734,0.451
57.526,2,-2.358,2.546,1.7207,1.814,1.704,-0.0815,0.446
57.575,2,-2.372,2.665,1.6934,1.811,1.679,-0.0815,0.441
57.626,2,-2.378,2.722,1.6812,1.742,1.679,-0.078,0.438
57.675,2,-2.389,2.846,1.6546,1.773,1.628,-0.1015,0.435
57.725,2,-2.392,2.9,1.6427,1.678,1.628,-0.0977,0.426
57.776,2,-2.395,2.965,1.6281,1.623,1.604,-0.1049,0.413
57.825,2,-2.398,3.094,1.5906,1.744,1.579,-0.1026,0.398
57.876,2,-2.398,3.147,1.5735,1.663,1.556,-0.1166,0.381
57.925,2,-2.394,3.259,1.537,1.583,1.556,-0.1125,0.362
57.976,2,-2.39,3.32,1.5204,1.575,1.509,-0.1157,0.342
58.025,2,-2.386,3.373,1.5011,1.622,1.509,-0.1162,0.328
58.076,2,-2.375,3.475,1.4658,1.513,1.486,-0.1151,0.314
58.126,2,-2.368,3.531,1.4498,1.575,1.463,-0.1397,0.298
58.175,2,-2.352,3.627,1.4127,1.413,1.463,-0.1259,0.282
58.225,2,-2.343,3.68,1.397,1.542,1.441,-0.1402,0.271
58.276,2,-2.321,3.78,1.358,1.494,1.419,-0.1384,0.262
58.326,2,-2.309,3.827,1.3402,1.436,1.397,-0.1508,0.255
58.375,2,-2.295,3.879,1.3198,1.459,1.397,-0.1429,0.255
58.426,2,-2.269,3.966,1.2771,1.391,1.375,-0.1419,0.244
58.476,2,-2.253,4.012,1.257,1.379,1.354,-0.1759,0.244
58.526,2,-2.218,4.106,1.2179,1.405,1.333,-0.173,0.236
58.575,2,-2.201,4.149,1.1937,1.347,1.333,-0.1604,0.23
58.625,2,-2.161,4.238,1.1482,1.378,1.312,-0.1846,0.226
58.675,2,-2.141,4.278,1.1217,1.258,1.291,-0.1832,0.223
58.725,2,-2.117,4.322,1.1007,1.327,1.291,-0.1768,0.223
58.776,2,-2.07,4.404,1.052,1.355,1.271,-0.1723,0.224
58.826,2,-2.046,4.443,1.0265,1.257,1.251,-0.2174,0.228
58.876,2,-2.019,4.483,1.0013,1.308,1.251,-0.2067,0.228
58.926,2,-1.967,4.555,0.9536,1.229,1.232,-0.2211,0.221
58.975,2,-1.939,4.593,0.9291,1.321,1.214,-0.2303,0.221
59.025,2,-1.886,4.655,0.8735,1.214,1.214,-0.2049,0.213
59.076,2,-1.856,4.688,0.8449,1.234,1.197,-0.2286,0.213
59.126,2,-1.825,4.719,0.8166,1.202,1.197,-0.2167,0.212
59.176,2,-1.765,4.777,0.7599,1.172,1.182,-0.2196,0.211
59.226,2,-1.735,4.803,0.7342,1.198,1.171,-0.2278,0.211
59.276,2,-1.672,4.853,0.679,1.161,1.171,-0.204,0.2
59.325,2,-1.641,4.876,0.6535,1.166,1.163,-0.2316,0.2
59.375,2,-1.57,4.925,0.6009,1.187,1.163,-0.2149,0.197
59.426,2,-1.538,4.945,0.5738,1.202,1.16,-0.2279,0.197
59.476,2,-1.504,4.965,0.549,1.124,1.16,-0.2974,0.197
59.526,2,-1.433,5.003,0.4931,1.131,1.16,-0.2767,0.201
59.576,2,-1.398,5.02,0.4679,1.122,1.159,-0.2989,0.207
59.626,2,-1.325,5.051,0.4006,1.104,1.161,-0.2546,0.205
59.675,2,-1.285,5.065,0.368,1.108,1.161,-0.2429,0.195
59.726,2,-1.246,5.078,0.3293,1.133,1.164,-0.2495,0.188
59.775,2,-1.166,5.098,0.2605,1.131,1.164,-0.2281,0.183
59.825,2,-1.126,5.107,0.2303,1.092,1.17,-0.2371,0.18
59.875,2,-1.041,5.121,0.166,1.187,1.17,-0.2268,0.179
59.925,2,-1.004,5.126,0.1379,1.134,1.176,-0.2413,0.18
59.976,2,-0.96,5.13,0.1119,1.155,1.183,-0.2625,0.186
60.025,2,-0.873,5.134,0.0538,1.172,1.183,-0.2494,0.192
60.076,2,-0.832,5.134,0.0199,1.175,1.189,-0.2505,0.196
60.126,2,-0.791,5.133,-0.0102,1.154,1.189,-0.2385,0.198
60.176,2,-0.706,5.127,-0.0721,1.165,1.195,-0.2521,0.201
60.225,2,-0.664,5.122,-0.1042,1.002,1.201,-0.262,0.203
60.276,2,-0.601,5.111,-0.1343,1.234,1.201,-0.2518,0.199
60.326,2,-0.552,5.101,-0.1845,1.22,1.207,-0.2515,0.198
60.375,2,-0.506,5.09,-0.2227,1.222,1.207,-0.2399,0.198
60.426,2,-0.418,5.062,-0.2953,1.197,1.212,-0.2278,0.2
60.475,2,-0.375,5.047,-0.3296,1.195,1.216,-0.2393,0.2
60.526,2,-0.335,5.031,-0.3623,1.177,1.216,-0.2332,0.197
60.576,2,-0.257,4.995,-0.4253,1.153,1.22,-0.2273,0.197
60.625,2,-0.213,4.973,-0.454,1.172,1.225,-0.239,0.199
60.675,2,-0.173,4.951,-0.489,1.158,1.225,-0.2155,0.211
60.725,2,-0.129,4.924,-0.5221,1.211,1.233,-0.2309,0.211
60.776,2,-0.052,4.872,-0.591,1.145,1.233,-0.205,0.237
60.825,2,-0.008,4.84,-0.62,1.206,1.244,-0.2076,0.25
60.875,2,0.034,4.805,-0.6579,1.241,1.257,-0.211,0.261
60.926,2,0.072,4.772,-0.6921,1.198,1.257,-0.1815,0.261
60.975,2,0.112,4.736,-0.7215,1.201,1.272,-0.1723,0.269
61.026,2,0.153,4.696,-0.756,1.25,1.272,-0.1474,0.276
61.075,2,0.19,4.657,-0.7932,1.231,1.288,-0.1472,0.264
61.125,2,0.261,4.577,-0.8495,1.212,1.288,-0.136,0.246
61.176,2,0.299,4.53,-0.8713,1.278,1.323,-0.164,0.24
61.226,2,0.333,4.486,-0.8982,1.278,1.323,-0.151,0.24
61.275,2,0.366,4.441,-0.9204,1.231,1.342,-0.1607,0.236
61.325,2,0.403,4.387,-0.9448,1.343,1.342,-0.1514,0.234
61.376,2,0.435,4.34,-0.9765,1.343,1.362,-0.1544,0.233
61.426,2,0.465,4.291,-1.004,1.348,1.362,-0.1392,0.233
61.476,2,0.492,4.243,-1.0314,1.266,1.382,-0.1127,0.237
61.526,2,0.525,4.184,-1.0543,1.162,1.402,-0.1232,0.252
61.576,2,0.562,4.11,-1.087,1.43,1.423,-0.1261,0.267
61.625,2,0.591,4.047,-1.1197,1.452,1.423,-0.1145,0.28
61.676,2,0.619,3.985,-1.1435,1.495,1.444,-0.115,0.291
61.726,2,0.642,3.928,-1.165,1.269,1.466,-0.1067,0.301
61.775,2,0.673,3.849,-1.1889,1.389,1.466,-0.0943,0.309
61.826,2,0.699,3.775,-1.2181,1.536,1.488,-0.0955,0.316
61.875,2,0.722,3.704,-1.2426,1.502,1.511,-0.0994,0.329
61.925,2,0.742,3.637,-1.2674,1.484,1.534,-0.099,0.353
61.975,2,0.76,3.571,-1.2873,1.508,1.534,-0.0882,0.375
62.026,2,0.778,3.502,-1.3074,1.515,1.558,-0.0874,0.397
62.075,2,0.795,3.434,-1.3277,1.492,1.582,-0.0793,0.417
62.126,2,0.81,3.363,-1.3454,1.445,1.606,-0.0837,0.435
62.176,2,0.825,3.289,-1.366,1.542,1.606,-0.0734,0.433
62.226,2,0.838,3.211,-1.3841,1.598,1.632,-0.072,0.433
62.278,3,0.85,3.138,-1.4051,1.561,1.657,-0.0719,0.419
62.326,3,0.861,3.059,-1.4207,1.248,1.684,-0.0634,0.406
62.376,3,0.877,2.922,-1.4392,2.005,1.712,-0.0681,0.384
62.426,3,0.885,2.836,-1.4686,1.846,1.74,-0.0548,0.375
62.476,3,0.892,2.752,-1.4876,1.809,1.769,-0.0497,0.366
62.526,3,0.896,2.67,-1.5012,1.733,1.799,-0.0415,0.359
62.576,3,0.9,2.583,-1.5177,1.737,1.799,-0.0283,0.353
62.625,3,0.903,2.499,-1.5315,1.719,1.828,-0.0242,0.347
62.676,3,0.905,2.406,-1.5455,1.729,1.856,-0.0208,0.342
62.726,3,0.906,2.307,-1.5566,1.756,1.856,-0.0208,0.336
62.775,3,0.906,2.212,-1.5651,1.787,1.884,-0.0122,0.33
62.826,3,0.906,2.212,-1.5651,1.787,1.911,-0.0081,0.33
62.876,3,0.906,2.109,-1.5707,1.86,1.937,-0.0099,0.324
62.926,3,0.905,2.013,-1.5764,1.858,1.963,-0.0041,0.317
62.976,3,0.904,1.913,-1.582,1.872,1.988,-0.0,0.311
63.026,3,0.902,1.81,-1.582,1.94,2.013,-0.0,0.304
63.076,3,0.901,1.713,-1.5849,2.018,2.037,-0.0,0.297
63.126,3,0.899,1.615,-1.5877,1.998,2.061,0.0,0.29
63.175,3,0.897,1.514,-1.5877,1.987,2.084,0.0,0.289
63.226,3,0.896,1.412,-1.5877,1.969,2.107,0.0,0.289
63.275,3,0.894,1.305,-1.5877,2.027,2.13,0.0,0.289
63.326,3,0.892,1.194,-1.5877,2.045,2.152,0.0057,0.289
63.376,3,0.89,1.084,-1.5877,2.116,2.173,0.0086,0.289
63.426,3,0.888,0.973,-1.5877,2.133,2.215,0.0133,0.29
63.476,3,0.887,0.862,-1.5877,2.195,2.236,0.0126,0.29
63.526,3,0.885,0.756,-1.5849,2.143,2.256,0.0167,0.291
63.576,3,0.884,0.643,-1.582,2.199,2.276,0.0212,0.29
63.626,3,0.884,0.531,-1.5792,2.202,2.295,0.0213,0.288
63.675,3,0.884,0.415,-1.5735,2.307,2.314,0.0213,0.285
63.726,3,0.884,0.31,-1.5678,2.227,2.333,0.0212,0.281
63.775,3,0.886,0.183,-1.5622,2.283,2.37,0.023,0.275
63.825,3,0.889,0.06,-1.5538,2.288,2.388,0.0174,0.269
63.876,3,0.892,-0.064,-1.5454,2.318,2.406,0.0138,0.261
63.925,3,0.897,-0.185,-1.537,2.374,2.424,0.0043,0.253
63.975,3,0.902,-0.302,-1.5286,2.374,2.441,0.0,0.243
64.026,3,0.908,-0.421,-1.5231,2.41,2.475,0.0,0.234
64.076,3,0.914,-0.54,-1.5204,2.41,2.491,-0.0,0.224
64.126,3,0.92,-0.66,-1.5176,2.545,2.508,-0.0,0.216
64.176,3,0.926,-0.766,-1.5176,2.416,2.524,-0.0,0.208
64.226,3,0.932,-0.883,-1.5176,2.421,2.54,-0.0,0.199
64.276,3,0.939,-1.004,-1.5176,2.449,2.555,-0.0043,0.191
64.326,3,0.945,-1.128,-1.5176,2.571,2.586,-0.005,0.182
64.376,3,0.952,-1.255,-1.5176,2.536,2.601,-0.0043,0.174
64.425,3,0.958,-1.379,-1.5176,2.587,2.616,-0.0089,0.166
64.475,3,0.971,-1.633,-1.5204,2.635,2.631,-0.0096,0.158
64.525,3,0.971,-1.633,-1.5204,2.635,2.65,-0.0129,0.158
64.576,3,0.977,-1.764,-1.5232,2.542,2.616,-0.0129,0.151
64.626,3,0.983,-1.901,-1.5259,2.646,2.582,-0.0193,0.144
64.676,3,0.988,-2.037,-1.5315,2.657,2.517,-0.0216,0.139
64.725,3,0.996,-2.288,-1.5398,2.656,2.486,-0.0259,0.137
64.774,3,0.998,-2.417,-1.5482,2.582,2.455,-0.0319,0.137
64.825,3,1.0,-2.544,-1.5566,2.563,2.396,-0.0353,0.139
64.875,3,1.0,-2.668,-1.5651,2.552,2.367,-0.0392,0.146
64.925,3,0.998,-2.787,-1.5764,2.437,2.339,-0.04,0.146
64.975,3,0.995,-2.902,-1.5907,2.433,2.311,-0.0343,0.162
65.025,3,0.99,-3.027,-1.6022,2.427,2.284,-0.03,0.172
65.075,3,0.99,-3.027,-1.6022,2.427,2.231,-0.0386,0.172
65.125,3,0.985,-3.136,-1.6167,2.263,2.205,-0.0384,0.183
65.176,3,0.977,-3.258,-1.6283,2.327,2.18,-0.0386,0.196
65.226,3,0.968,-3.373,-1.6399,2.32,2.154,-0.0426,0.209
65.275,3,0.958,-3.484,-1.6517,2.263,2.13,-0.0433,0.225
65.326,3,0.947,-3.598,-1.6664,2.318,2.105,-0.0434,0.247
65.375,3,0.935,-3.706,-1.6784,2.228,2.058,-0.0548,0.271
65.426,3,0.921,-3.808,-1.6933,2.059,2.034,-0.0541,0.296
65.475,3,0.904,-3.927,-1.7055,2.122,2.011,-0.0585,0.323
65.526,3,0.887,-4.038,-1.7209,2.094,1.989,-0.0644,0.347
65.576,3,0.866,-4.152,-1.7394,2.142,1.966,-0.067,0.358
65.626,3,0.847,-4.25,-1.758,2.11,1.944,-0.0668,0.371
65.676,3,0.826,-4.348,-1.7741,1.996,1.922,-0.0721,0.386
65.725,3,0.802,-4.446,-1.793,1.986,1.901,-0.0717,0.403
65.775,3,0.776,-4.547,-1.8153,2.01,1.879,-0.0663,0.421
65.826,3,0.75,-4.641,-1.835,1.991,1.858,-0.0787,0.441
65.876,3,0.722,-4.731,-1.8549,1.991,1.837,-0.0789,0.454
65.925,3,0.694,-4.819,-1.875,1.874,1.816,-0.0796,0.468
65.975,3,0.662,-4.912,-1.8921,1.881,1.796,-0.0819,0.484
66.025,3,0.63,-4.996,-1.9163,1.903,1.775,-0.0825,0.501
66.076,3,0.597,-5.081,-1.937,1.873,1.755,-0.0947,0.521
66.126,3,0.564,-5.159,-1.9584,1.822,1.735,-0.0938,0.542
66.176,3,0.529,-5.238,-1.9768,1.815,1.715,-0.0978,0.565
66.226,3,0.492,-5.316,-1.9987,1.792,1.715,-0.0854,0.594
66.276,3,0.455,-5.391,-2.0207,1.761,1.696,-0.0892,0.629
66.326,3,0.413,-5.47,-2.0437,1.749,1.677,-0.095,0.666
66.375,3,0.375,-5.539,-2.0678,1.804,1.657,-0.1058,0.704
66.426,3,0.301,-5.663,-2.1099,1.652,1.638,-0.1154,0.739
66.476,3,0.261,-5.726,-2.1279,1.684,1.62,-0.1088,0.739
66.525,3,0.219,-5.788,-2.152,1.612,1.601,-0.1161,0.727
66.575,3,0.176,-5.848,-2.1773,1.663,1.583,-0.1166,0.712
66.625,3,0.132,-5.908,-2.1994,1.483,1.583,-0.1072,0.696
66.676,3,0.071,-5.984,-2.2229,1.727,1.565,-0.1327,0.677
66.726,3,0.025,-6.039,-2.2578,1.581,1.547,-0.1287,0.656
66.776,3,-0.027,-6.098,-2.2818,1.627,1.53,-0.1283,0.633
66.826,3,-0.075,-6.149,-2.3073,1.607,1.513,-0.1433,0.615
66.875,3,-0.123,-6.198,-2.3351,1.618,1.513,-0.1299,0.602
66.926,3,-0.175,-6.248,-2.361,1.552,1.497,-0.1275,0.589
66.976,3,-0.223,-6.291,-2.3886,1.51,1.481,-0.1416,0.573
67.026,3,-0.276,-6.337,-2.4164,1.522,1.466,-0.1391,0.554
67.075,3,-0.382,-6.421,-2.4708,1.491,1.466,-0.1272,0.535
67.125,3,-0.433,-6.457,-2.4993,1.509,1.438,-0.175,0.513
67.175,3,-0.485,-6.494,-2.5262,1.526,1.438,-0.1642,0.498
67.226,3,-0.536,-6.527,-2.5486,1.474,1.426,-0.1786,0.487
67.275,3,-0.587,-6.559,-2.5726,1.432,1.426,-0.1616,0.477
67.326,3,-0.643,-6.59,-2.6035,1.424,1.414,-0.1791,0.467
67.375,3,-0.75,-6.646,-2.6674,1.454,1.405,-0.1854,0.458
67.426,3,-0.799,-6.668,-2.6958,1.399,1.397,-0.1899,0.452
67.475,3,-0.854,-6.691,-2.7244,1.445,1.391,-0.1973,0.435
67.526,3,-0.904,-6.711,-2.7568,1.404,1.391,-0.1848,0.415
67.575,3,-1.008,-6.745,-2.8185,1.323,1.387,-0.2091,0.395
67.626,3,-1.061,-6.76,-2.8485,1.337,1.386,-0.2072,0.377
67.675,3,-1.12,-6.775,-2.8788,1.422,1.386,-0.1969,0.356
67.725,3,-1.173,-6.786,-2.9175,1.395,1.221,-0.22,0.334
67.776,3,-1.274,-6.802,-2.9817,1.386,1.206,-0.2199,0.316
67.826,3,-1.325,-6.807,-3.0157,1.322,1.193,-0.2303,0.301
67.876,3,-1.372,-6.811,-3.0478,1.297,1.193,-0.2181,0.288
67.925,3,-1.457,-6.814,-3.1058,1.149,1.193,-0.2056,0.278
67.975,3,-1.504,-6.813,-3.1358,1.166,1.181,-0.2192,0.269
68.026,3,-1.551,-6.811,3.1154,1.204,1.172,-0.2279,0.262
68.075,3,-1.636,-6.804,3.0594,1.185,1.172,-0.2157,0.257
68.125,3,-1.675,-6.799,3.0293,1.159,1.166,-0.2315,0.253
68.176,3,-1.717,-6.792,3.0031,1.125,1.163,-0.2503,0.246
68.225,3,-1.805,-6.774,2.947,1.166,1.163,-0.2415,0.246
68.276,3,-1.85,-6.763,2.9127,1.2,1.162,-0.2519,0.236
68.326,3,-1.889,-6.752,2.8823,1.15,1.161,-0.2615,0.233
68.375,3,-1.969,-6.725,2.82,1.146,1.161,-0.2498,0.232
68.426,3,-2.008,-6.71,2.7873,1.06,1.161,-0.2615,0.232
68.475,3,-2.052,-6.691,2.7547,1.216,1.161,-0.2557,0.235
68.525,3,-2.123,-6.656,2.692,1.117,1.163,-0.2618,0.241
68.576,3,-2.162,-6.635,2.6571,1.18,1.166,-0.2768,0.247
68.626,3,-2.195,-6.615,2.6228,1.119,1.166,-0.2626,0.247
68.676,3,-2.266,-6.567,2.5595,1.136,1.17,-0.2723,0.249
68.725,3,-2.303,-6.54,2.5211,1.12,1.17,-0.2492,0.252
68.776,3,-2.337,-6.512,2.4831,1.127,1.176,-0.2609,0.252
68.825,3,-2.371,-6.483,2.447,1.169,1.176,-0.2503,0.258
68.875,3,-2.433,-6.423,2.3788,1.168,1.181,-0.2503,0.269
68.926,3,-2.461,-6.393,2.3454,1.155,1.187,-0.2735,0.269
68.975,3,-2.517,-6.328,2.2816,1.164,1.187,-0.2613,0.267
69.026,3,-2.541,-6.296,2.2485,1.133,1.193,-0.2629,0.27
69.076,3,-2.566,-6.262,2.2136,1.178,1.193,-0.239,0.27
69.125,3,-2.613,-6.19,2.1484,1.167,1.197,-0.2387,0.279
69.179,3,-2.613,-6.19,2.1484,1.167,1.197,-0.2387,0.279
69.226,3,-2.635,-6.15,2.1139,0.889,1.201,-0.2441,0.279
69.275,3,-2.676,-6.072,2.0792,1.438,1.203,-0.2816,0.277
69.326,3,-2.714,-5.982,1.9772,1.325,1.206,-0.2421,0.282
69.376,3,-2.729,-5.941,1.9438,1.236,1.206,-0.2322,0.282
69.426,3,-2.743,-5.9,1.9058,1.203,1.21,-0.2333,0.273
69.476,3,-2.766,-5.816,1.8415,1.205,1.21,-0.1932,0.264
69.525,3,-2.775,-5.775,1.812,1.18,1.218,-0.2099,0.257
69.575,3,-2.791,-5.687,1.7517,1.188,1.218,-0.1974,0.252
69.626,3,-2.798,-5.641,1.727,1.193,1.229,-0.1814,0.249
69.676,3,-2.802,-5.601,1.7021,1.21,1.244,-0.1933,0.248
69.725,3,-2.809,-5.511,1.6515,1.18,1.244,-0.1808,0.249
69.776,3,-2.811,-5.466,1.6251,1.177,1.26,-0.1844,0.251
69.826,3,-2.812,-5.415,1.602,1.257,1.278,-0.1591,0.261
69.876,3,-2.811,-5.369,1.5735,1.227,1.278,-0.1471,0.269
69.925,3,-2.806,-5.267,1.5204,1.264,1.298,-0.1604,0.276
69.976,3,-2.802,-5.221,1.4956,1.328,1.32,-0.1523,0.28
70.025,3,-2.791,-5.131,1.4523,1.291,1.32,-0.1404,0.283
70.075,3,-2.785,-5.087,1.431,1.278,1.342,-0.1244,0.286
70.126,3,-2.776,-5.04,1.4153,1.287,1.342,-0.1277,0.299
70.175,3,-2.758,-4.949,1.3763,1.301,1.366,-0.1062,0.322
70.225,3,-2.748,-4.905,1.358,1.303,1.391,-0.1104,0.346
70.276,3,-2.736,-4.855,1.3427,1.317,1.391,-0.1015,0.369
70.326,3,-2.709,-4.753,1.3097,1.405,1.417,-0.1027,0.391
70.375,3,-2.694,-4.703,1.2923,1.399,1.445,-0.1022,0.417
70.425,3,-2.662,-4.605,1.2597,1.399,1.445,-0.0946,0.445
70.476,3,-2.647,-4.561,1.2451,1.401,1.473,-0.0795,0.471
70.526,3,-2.63,-4.515,1.2303,1.429,1.503,-0.0807,0.478
70.576,3,-2.594,-4.42,1.2032,1.49,1.534,-0.0754,0.471
70.626,3,-2.574,-4.372,1.1887,1.448,1.534,-0.0632,0.464
70.675,3,-2.532,-4.275,1.1648,1.594,1.567,-0.0531,0.457
70.726,3,-2.512,-4.231,1.1554,1.473,1.6,-0.0527,0.451
70.775,3,-2.466,-4.13,1.1336,1.503,1.635,-0.0478,0.446
70.826,3,-2.438,-4.073,1.1266,1.538,1.669,-0.0358,0.441
70.876,3,-2.41,-4.016,1.1173,1.601,1.669,-0.032,0.436
70.925,3,-2.354,-3.907,1.1007,1.642,1.701,-0.0281,0.436
70.976,3,-2.327,-3.855,1.0938,1.657,1.733,-0.0219,0.427
71.026,3,-2.299,-3.801,1.0868,1.658,1.764,-0.0161,0.423
71.076,3,-2.241,-3.695,1.0773,1.734,1.794,-0.0048,0.419
71.126,3,-2.213,-3.642,1.0752,1.732,1.823,0.0,0.416
71.176,3,-2.151,-3.529,1.0683,1.796,1.823,0.0042,0.412
71.226,3,-2.121,-3.474,1.0683,1.759,1.851,0.0127,0.408
71.275,3,-2.09,-3.419,1.0657,1.806,1.879,0.0216,0.408
71.326,3,-2.026,-3.303,1.0683,1.822,1.906,0.0285,0.398
71.376,3,-1.994,-3.244,1.0705,1.883,1.933,0.0411,0.398
71.426,3,-1.93,-3.123,1.08,1.863,1.948,0.0494,0.382
71.476,3,-1.896,-3.059,1.0843,1.858,1.91,0.0579,0.372
71.526,3,-1.863,-2.995,1.0917,1.955,1.875,0.0618,0.372
71.576,3,-1.802,-2.87,1.1153,1.955,1.843,0.0718,0.343
71.626,3,-1.774,-2.811,1.1245,1.896,1.814,0.0779,0.343
71.675,3,-1.744,-2.746,1.1364,1.862,1.787,0.0876,0.325
71.726,3,-1.688,-2.614,1.1672,1.855,1.787,0.0789,0.281
71.775,3,-1.664,-2.554,1.1866,1.832,1.742,0.0992,0.281
71.826,3,-1.639,-2.486,1.2038,1.829,1.724,0.102,0.258
71.876,3,-1.599,-2.37,1.2352,1.747,1.709,0.1031,0.211
71.926,3,-1.58,-2.31,1.2525,1.776,1.709,0.0949,0.211
71.976,3,-1.546,-2.192,1.2898,1.771,1.697,0.0985,0.161
72.026,3,-1.53,-2.133,1.3072,1.729,1.689,0.093,0.161
72.076,3,-1.517,-2.078,1.325,1.649,1.684,0.1015,0.152
72.126,3,-1.491,-1.957,1.3608,1.72,1.682,0.097,0.144
72.176,3,-1.482,-1.904,1.3762,1.678,1.681,0.1056,0.139
72.226,3,-1.462,-1.785,1.4129,1.655,1.681,0.1021,0.136
72.276,3,-1.454,-1.721,1.4286,1.645,1.683,0.1087,0.134
72.326,3,-1.442,-1.61,1.4661,1.607,1.683,0.0977,0.138
72.376,3,-1.437,-1.548,1.4823,1.679,1.688,0.0926,0.143
72.426,3,-1.434,-1.486,1.5013,1.717,1.696,0.097,0.146
72.476,3,-1.43,-1.372,1.5372,1.687,1.706,0.0934,0.147
72.526,3,-1.429,-1.31,1.5511,1.721,1.717,0.097,0.157
72.576,3,-1.431,-1.189,1.585,1.723,1.717,0.0883,0.169
72.626,3,-1.433,-1.131,1.6022,1.762,1.745,0.0978,0.181
72.675,3,-1.437,-1.071,1.6195,1.681,1.745,0.0846,0.191
72.725,3,-1.447,-0.946,1.6517,1.751,1.761,0.077,0.2
72.775,3,-1.453,-0.891,1.6695,1.745,1.778,0.0689,0.208
72.826,3,-1.47,-0.764,1.6995,1.797,1.797,0.061,0.215
72.876,3,-1.479,-0.703,1.7146,1.738,1.817,0.0649,0.223
72.925,3,-1.5,-0.581,1.7394,1.834,1.817,0.0583,0.241
72.976,3,-1.511,-0.518,1.7516,1.858,1.86,0.0615,0.26
73.025,3,-1.523,-0.458,1.7613,1.779,1.86,0.0528,0.278
73.076,3,-1.55,-0.336,1.7833,1.873,1.908,0.0491,0.294
73.127,3,-1.564,-0.276,1.7961,1.808,1.908,0.0407,0.31
73.176,3,-1.597,-0.142,1.8153,1.923,1.96,0.0411,0.323
73.226,3,-1.614,-0.078,1.8251,1.851,1.96,0.0327,0.336
73.276,3,-1.651,0.055,1.8417,2.006,1.985,0.0341,0.348
73.326,3,-1.67,0.121,1.8485,1.964,2.01,0.0248,0.358
73.375,3,-1.691,0.191,1.8553,1.942,2.034,0.0255,0.368
73.425,3,-1.738,0.342,1.8717,2.054,2.058,0.0164,0.377
73.476,3,-1.759,0.407,1.8781,1.995,2.082,0.0083,0.384
73.525,3,-1.781,0.476,1.8818,2.08,2.104,0.0087,0.384
73.576,3,-1.825,0.61,1.8887,2.068,2.149,0.0,0.392
73.625,3,-1.848,0.68,1.892,2.107,2.149,-0.0,0.392
73.676,3,-1.896,0.823,1.8925,2.134,2.192,-0.0061,0.396
73.726,3,-1.919,0.892,1.8951,2.162,2.213,-0.0084,0.398
73.775,3,-1.968,1.038,1.8951,2.118,2.213,-0.0126,0.399
73.826,3,-1.994,1.115,1.8919,2.043,2.193,-0.021,0.401
73.876,3,-2.025,1.21,1.8919,2.04,2.152,-0.0292,0.402
73.925,3,-2.058,1.312,1.8882,2.285,2.113,-0.034,0.402
73.976,3,-2.085,1.396,1.8823,2.338,2.075,-0.034,0.418
74.026,3,-2.131,1.545,1.8716,2.222,2.039,-0.0422,0.417
74.076,3,-2.152,1.616,1.8648,2.2,2.003,-0.0421,0.417
74.126,3,-2.194,1.761,1.8484,2.049,1.969,-0.0513,0.416
74.176,3,-2.215,1.84,1.8384,2.039,1.936,-0.0514,0.422
74.226,3,-2.235,1.919,1.8285,2.109,1.904,-0.0548,0.422
74.276,3,-2.267,2.054,1.8058,1.99,1.873,-0.0554,0.434
74.325,3,-2.282,2.12,1.7929,1.957,1.843,-0.0579,0.434
74.376,3,-2.296,2.186,1.7832,1.919,1.814,-0.0632,0.439
74.426,3,-2.322,2.324,1.7609,1.975,1.786,-0.0628,0.448
74.476,3,-2.333,2.385,1.7486,1.843,1.758,-0.0744,0.448
74.525,3,-2.345,2.46,1.7361,1.841,1.731,-0.0776,0.451
74.576,3,-2.362,2.582,1.7114,1.751,1.704,-0.077,0.447
74.626,3,-2.37,2.648,1.6994,1.776,1.679,-0.0868,0.442
74.675,3,-2.377,2.71,1.6842,1.721,1.679,-0.0768,0.438
74.726,3,-2.387,2.834,1.6546,1.731,1.628,-0.1014,0.436
74.775,3,-2.391,2.889,1.6398,1.699,1.628,-0.0943,0.426
74.825,3,-2.396,3.004,1.6164,1.664,1.604,-0.0965,0.416
74.876,3,-2.397,3.065,1.5992,1.705,1.579,-0.1056,0.401
74.925,3,-2.396,3.172,1.565,1.559,1.556,-0.1156,0.386
74.975,3,-2.394,3.236,1.5509,1.605,1.532,-0.116,0.368
75.026,3,-2.392,3.294,1.5314,1.605,1.532,-0.116,0.349
75.076,3,-2.383,3.403,1.4956,1.615,1.509,-0.1161,0.333
75.126,3,-2.379,3.451,1.4794,1.569,1.486,-0.1157,0.32
75.175,3,-2.365,3.555,1.4445,1.544,1.463,-0.145,0.304
75.225,3,-2.358,3.601,1.4258,1.513,1.463,-0.127,0.288
75.276,3,-2.34,3.699,1.3916,1.399,1.441,-0.1258,0.277
75.326,3,-2.33,3.749,1.371,1.492,1.419,-0.1387,0.266
75.375,3,-2.306,3.846,1.3297,1.431,1.397,-0.138,0.258
75.426,3,-2.292,3.895,1.3121,1.503,1.397,-0.141,0.252
75.476,3,-2.266,3.98,1.2744,1.434,1.375,-0.1435,0.247
75.526,3,-2.251,4.024,1.2573,1.372,1.354,-0.1725,0.244
75.575,3,-2.217,4.117,1.2156,1.409,1.354,-0.1613,0.241
75.625,3,-2.201,4.155,1.1937,1.351,1.333,-0.1738,0.235
75.675,3,-2.163,4.241,1.1505,1.311,1.312,-0.1883,0.23
75.725,3,-2.142,4.283,1.1292,1.367,1.291,-0.1842,0.228
75.775,3,-2.099,4.363,1.0773,1.337,1.291,-0.1718,0.227
75.826,3,-2.076,4.402,1.0541,1.312,1.271,-0.1843,0.228
75.875,3,-2.055,4.436,1.0286,1.26,1.251,-0.2174,0.231
75.929,3,-2.031,4.474,1.0085,1.28,1.251,-0.2215,0.231
75.975,3,-2.006,4.51,0.9854,0.994,1.251,-0.2009,0.233
76.026,3,-1.934,4.604,0.9088,1.408,1.214,-0.2203,0.22
76.076,3,-1.907,4.636,0.8847,1.284,1.214,-0.2205,0.217
76.126,3,-1.847,4.702,0.8295,1.237,1.197,-0.217,0.215
76.175,3,-1.82,4.729,0.8033,1.19,1.197,-0.2045,0.216
76.226,3,-1.761,4.783,0.7497,1.184,1.182,-0.2044,0.215
76.275,3,-1.729,4.811,0.7236,1.203,1.171,-0.2321,0.208
76.326,3,-1.669,4.858,0.6703,1.185,1.171,-0.2044,0.203
76.375,3,-1.637,4.882,0.6472,1.154,1.163,-0.2303,0.2
76.426,3,-1.576,4.923,0.5987,1.179,1.16,-0.2411,0.198
76.476,3,-1.543,4.944,0.576,1.135,1.16,-0.2265,0.199
76.526,3,-1.476,4.983,0.524,1.183,1.16,-0.2905,0.201
76.575,3,-1.443,5.0,0.497,1.137,1.16,-0.2727,0.201
76.625,3,-1.41,5.016,0.4701,1.083,1.159,-0.2973,0.207
76.675,3,-1.321,5.053,0.3985,1.148,1.159,-0.2838,0.208
76.725,3,-1.278,5.068,0.3536,1.153,1.161,-0.2269,0.189
76.775,3,-1.234,5.081,0.3133,1.212,1.164,-0.2397,0.189
76.825,3,-1.156,5.1,0.2464,1.143,1.164,-0.2292,0.179
76.876,3,-1.117,5.108,0.2163,1.153,1.17,-0.2388,0.179
76.925,3,-1.039,5.12,0.1601,1.138,1.17,-0.2297,0.178
76.975,3,-0.998,5.125,0.132,1.116,1.176,-0.2261,0.183
77.026,3,-0.954,5.128,0.102,1.171,1.183,-0.2504,0.183
77.076,3,-0.875,5.132,0.0439,1.165,1.183,-0.2272,0.193
77.126,3,-0.836,5.132,0.0179,1.148,1.189,-0.2542,0.193
77.176,3,-0.759,5.129,-0.0381,1.157,1.195,-0.2501,0.197
77.225,3,-0.717,5.125,-0.0641,1.198,1.195,-0.2537,0.197
77.275,3,-0.637,5.115,-0.1202,1.165,1.195,-0.2419,0.198
77.326,3,-0.598,5.108,-0.1523,1.162,1.201,-0.2386,0.198
77.375,3,-0.52,5.091,-0.2125,1.17,1.207,-0.251,0.196
77.426,3,-0.481,5.081,-0.2408,1.158,1.212,-0.2501,0.196
77.476,3,-0.44,5.069,-0.2711,1.188,1.212,-0.2392,0.197
77.525,3,-0.355,5.039,-0.3379,1.178,1.212,-0.2272,0.2
77.575,3,-0.318,5.023,-0.3725,1.204,1.216,-0.2298,0.197
77.626,3,-0.28,5.006,-0.4009,1.201,1.22,-0.2406,0.197
77.676,3,-0.199,4.966,-0.4604,1.208,1.225,-0.228,0.198
77.726,3,-0.162,4.945,-0.4951,1.193,1.225,-0.2213,0.207
77.776,3,-0.119,4.919,-0.5265,1.188,1.233,-0.23,0.221
77.825,3,-0.079,4.893,-0.5595,1.189,1.233,-0.2045,0.235
77.876,3,0.001,4.835,-0.6245,1.183,1.244,-0.2067,0.248
77.926,3,0.04,4.804,-0.6579,1.214,1.257,-0.2049,0.259
77.976,3,0.076,4.773,-0.6875,1.196,1.257,-0.1985,0.269
78.026,3,0.112,4.74,-0.7197,1.231,1.272,-0.1756,0.277
78.075,3,0.185,4.667,-0.7823,1.198,1.272,-0.1617,0.277
78.125,3,0.222,4.626,-0.8121,1.261,1.288,-0.1527,0.26
78.175,3,0.257,4.586,-0.8433,1.27,1.305,-0.1477,0.252
78.226,3,0.292,4.544,-0.8669,1.243,1.305,-0.1357,0.245
78.275,3,0.329,4.497,-0.8938,1.273,1.323,-0.1477,0.24
78.326,3,0.365,4.447,-0.9204,1.296,1.342,-0.1629,0.237
78.375,3,0.397,4.401,-0.9473,1.277,1.342,-0.1489,0.237
78.426,3,0.46,4.305,-0.9923,1.31,1.362,-0.1486,0.235
78.475,3,0.489,4.256,-1.02,1.318,1.382,-0.1249,0.238
78.526,3,0.519,4.203,-1.0449,1.312,1.402,-0.1383,0.251
78.575,3,0.548,4.147,-1.0727,1.374,1.402,-0.1137,0.266
78.626,3,0.576,4.09,-1.1009,1.362,1.423,-0.1266,0.28
78.676,3,0.601,4.037,-1.1245,1.4,1.423,-0.114,0.28
78.726,3,0.624,3.983,-1.1484,1.408,1.444,-0.1141,0.292
78.775,3,0.648,3.926,-1.1672,1.428,1.466,-0.1064,0.302
78.826,3,0.691,3.811,-1.2135,1.417,1.466,-0.094,0.318
78.875,3,0.713,3.744,-1.2352,1.442,1.511,-0.1039,0.328
78.926,3,0.732,3.684,-1.2548,1.449,1.511,-0.0908,0.349
78.976,3,0.751,3.618,-1.2749,1.463,1.534,-0.0949,0.349
79.026,3,0.77,3.551,-1.2949,1.494,1.558,-0.1007,0.372
79.075,3,0.787,3.483,-1.3147,1.486,1.558,-0.0871,0.394
79.125,3,0.802,3.416,-1.3354,1.506,1.582,-0.0796,0.415
79.175,3,0.818,3.341,-1.3532,1.491,1.606,-0.0792,0.434
79.226,3,0.832,3.261,-1.3762,1.554,1.632,-0.0757,0.436
79.276,3,0.845,3.182,-1.3997,1.557,1.632,-0.065,0.423
79.326,4,0.857,3.099,-1.4181,1.593,1.657,-0.0646,0.411
79.375,4,0.867,3.018,-1.4392,1.623,1.684,-0.0538,0.4
79.426,4,0.876,2.931,-1.4579,1.634,1.712,-0.0481,0.389
79.476,4,0.883,2.852,-1.4741,1.631,1.74,-0.0482,0.379
79.526,4,0.889,2.769,-1.4876,1.686,1.769,-0.0443,0.371
79.576,4,0.895,2.687,-1.5012,1.667,1.769,-0.0362,0.362
79.626,4,0.899,2.597,-1.5122,1.708,1.799,-0.0341,0.354
79.675,4,0.903,2.506,-1.526,1.754,1.828,-0.0284,0.347
79.726,4,0.905,2.42,-1.5371,1.762,1.856,-0.0243,0.34
79.775,4,0.907,2.319,-1.5482,1.794,1.884,-0.0221,0.333
79.826,4,0.908,2.231,-1.5566,1.778,1.911,-0.0162,0.327
79.875,4,0.908,2.134,-1.5651,1.857,1.937,-0.0123,0.321
79.925,4,0.908,2.042,-1.5707,1.863,1.963,-0.0142,0.315
79.976,4,0.907,1.946,-1.5764,1.817,1.988,-0.0099,0.309
80.026,4,0.905,1.839,-1.582,1.941,2.013,-0.0059,0.302
80.076,4,0.904,1.736,-1.5849,1.951,2.037,-0.0044,0.296
80.126,4,0.901,1.624,-1.5906,1.947,2.037,-0.0044,0.291
80.175,4,0.899,1.51,-1.5935,2.034,2.061,0.0,0.291
80.225,4,0.896,1.408,-1.5935,2.033,2.084,0.0045,0.29
80.275,4,0.896,1.408,-1.5935,2.033,2.107,0.0041,0.29
80.326,4,0.894,1.306,-1.5963,1.995,2.13,0.0083,0.29
80.376,4,0.891,1.195,-1.5963,2.087,2.152,0.0142,0.29
80.426,4,0.888,1.088,-1.5934,2.119,2.173,0.0125,0.29
80.476,4,0.886,0.978,-1.5934,2.088,2.215,0.0167,0.292
80.526,4,0.884,0.859,-1.5906,2.135,2.236,0.0217,0.293
80.576,4,0.883,0.743,-1.5849,2.171,2.256,0.0168,0.294
80.626,4,0.882,0.626,-1.582,2.222,2.276,0.0211,0.293
80.676,4,0.882,0.511,-1.5763,2.241,2.295,0.0169,0.29
80.726,4,0.882,0.393,-1.5678,2.273,2.314,0.0185,0.286
80.775,4,0.884,0.276,-1.5622,2.276,2.352,0.0169,0.281
80.826,4,0.886,0.161,-1.5538,2.226,2.37,0.0126,0.275
80.875,4,0.889,0.038,-1.5482,2.34,2.388,0.0134,0.269
80.926,4,0.893,-0.08,-1.5426,2.385,2.406,0.0085,0.262
80.975,4,0.897,-0.196,-1.537,2.393,2.424,0.0089,0.254
81.025,4,0.901,-0.312,-1.5314,2.339,2.441,0.0043,0.246
81.075,4,0.907,-0.432,-1.5287,2.373,2.475,0.0043,0.238
81.126,4,0.913,-0.551,-1.5259,2.422,2.491,0.0047,0.23
81.176,4,0.919,-0.676,-1.5203,2.448,2.508,0.0,0.221
81.226,4,0.925,-0.8,-1.5204,2.472,2.524,0.0,0.212
81.276,4,0.932,-0.928,-1.5176,2.51,2.555,-0.0,0.203
81.325,4,0.939,-1.051,-1.5176,2.452,2.571,-0.0,0.194
81.375,4,0.946,-1.183,-1.5176,2.473,2.586,-0.0,0.186
81.425,4,0.953,-1.321,-1.5176,2.609,2.616,-0.0043,0.177
81.476,4,0.96,-1.448,-1.5176,2.627,2.631,-0.0098,0.168
81.525,4,0.967,-1.573,-1.5176,2.583,2.645,-0.0139,0.16
81.576,4,0.974,-1.704,-1.5176,2.507,2.65,-0.0187,0.151
81.625,4,0.981,-1.849,-1.5176,2.677,2.582,-0.026,0.143
81.676,4,0.987,-1.973,-1.5232,2.712,2.549,-0.0259,0.137
81.726,4,0.991,-2.088,-1.5287,2.631,2.517,-0.0259,0.132
81.775,4,0.996,-2.22,-1.5343,2.584,2.455,-0.0345,0.135
81.825,4,0.999,-2.358,-1.5426,2.56,2.425,-0.0364,0.137
81.875,4,1.001,-2.491,-1.5538,2.62,2.396,-0.0302,0.137
81.926,4,1.001,-2.616,-1.5651,2.618,2.339,-0.0391,0.143
81.975,4,0.999,-2.735,-1.5764,2.437,2.311,-0.0363,0.151
82.026,4,0.996,-2.869,-1.5907,2.459,2.284,-0.0301,0.161
82.076,4,0.991,-2.993,-1.605,2.436,2.257,-0.0313,0.171
82.125,4,0.984,-3.117,-1.6195,2.443,2.205,-0.03,0.183
82.175,4,0.977,-3.229,-1.6312,2.339,2.18,-0.0298,0.195
82.226,4,0.968,-3.345,-1.6428,2.302,2.154,-0.0339,0.209
82.275,4,0.959,-3.454,-1.6516,2.308,2.13,-0.0382,0.224
82.325,4,0.948,-3.562,-1.6606,2.29,2.105,-0.0424,0.247
82.375,4,0.937,-3.665,-1.6723,2.256,2.081,-0.0468,0.27
82.425,4,0.926,-3.759,-1.6814,2.081,2.058,-0.0559,0.295
82.475,4,0.912,-3.866,-1.6933,2.111,2.034,-0.0598,0.321
82.526,4,0.897,-3.972,-1.7055,2.162,2.011,-0.0646,0.346
82.576,4,0.881,-4.073,-1.7209,2.138,1.989,-0.0628,0.356
82.626,4,0.864,-4.171,-1.7363,2.06,1.966,-0.0753,0.369
82.676,4,0.845,-4.267,-1.7519,2.116,1.944,-0.0752,0.382
82.726,4,0.825,-4.363,-1.7707,2.043,1.922,-0.0748,0.398
82.776,4,0.804,-4.453,-1.7899,1.918,1.901,-0.074,0.398
82.826,4,0.779,-4.552,-1.8122,1.942,1.879,-0.076,0.435
82.876,4,0.751,-4.65,-1.8323,1.801,1.858,-0.0833,0.449
82.93,4,0.751,-4.65,-1.8323,1.801,1.858,-0.0833,0.449
82.975,4,0.716,-4.763,-1.8554,1.639,1.837,-0.0815,0.463
83.026,4,0.669,-4.901,-1.8819,2.282,1.796,-0.0932,0.478
83.075,4,0.634,-4.994,-1.9158,2.141,1.775,-0.0837,0.496
83.126,4,0.599,-5.083,-1.9402,2.03,1.755,-0.0954,0.516
83.176,4,0.564,-5.164,-1.9623,1.9,1.735,-0.0952,0.538
83.226,4,0.528,-5.244,-1.9874,1.71,1.715,-0.0932,0.561
83.276,4,0.485,-5.333,-2.0093,1.822,1.696,-0.0938,0.59
83.326,4,0.445,-5.409,-2.0363,1.754,1.677,-0.095,0.625
83.376,4,0.403,-5.485,-2.0595,1.777,1.677,-0.0832,0.662
83.426,4,0.362,-5.557,-2.0837,1.764,1.657,-0.0933,0.701
83.476,4,0.322,-5.622,-2.1074,1.731,1.638,-0.0979,0.741
83.525,4,0.278,-5.69,-2.1279,1.681,1.62,-0.1007,0.732
83.576,4,0.194,-5.814,-2.1695,1.67,1.601,-0.1098,0.706
83.626,4,0.152,-5.871,-2.1916,1.637,1.583,-0.1058,0.691
83.676,4,0.106,-5.931,-2.2128,1.591,1.565,-0.1159,0.673
83.725,4,0.059,-5.989,-2.2363,1.632,1.547,-0.1284,0.653
83.775,4,0.012,-6.045,-2.259,1.529,1.547,-0.1153,0.632
83.825,4,-0.04,-6.103,-2.2818,1.545,1.53,-0.1328,0.614
83.875,4,-0.09,-6.158,-2.3073,1.614,1.513,-0.1419,0.614
83.925,4,-0.142,-6.21,-2.3364,1.557,1.497,-0.1395,0.6
83.976,4,-0.193,-6.259,-2.3624,1.594,1.497,-0.1279,0.589
84.025,4,-0.245,-6.306,-2.3899,1.542,1.481,-0.1417,0.574
84.076,4,-0.295,-6.349,-2.4192,1.5,1.466,-0.1388,0.557
84.126,4,-0.35,-6.394,-2.4458,1.471,1.466,-0.1266,0.538
84.175,4,-0.407,-6.436,-2.4741,1.515,1.452,-0.166,0.517
84.226,4,-0.508,-6.508,-2.5278,1.506,1.438,-0.1657,0.49
84.276,4,-0.562,-6.543,-2.5518,1.437,1.426,-0.1735,0.479
84.325,4,-0.62,-6.577,-2.584,1.508,1.414,-0.1909,0.479
84.376,4,-0.668,-6.604,-2.6181,1.445,1.414,-0.1618,0.468
84.426,4,-0.721,-6.631,-2.6461,1.392,1.405,-0.1859,0.46
84.476,4,-0.824,-6.679,-2.7077,1.45,1.397,-0.1867,0.439
84.525,4,-0.872,-6.699,-2.7346,1.378,1.391,-0.1962,0.439
84.575,4,-0.921,-6.718,-2.7634,1.401,1.391,-0.1848,0.42
84.626,4,-0.976,-6.736,-2.796,1.36,1.387,-0.1958,0.399
84.676,4,-1.089,-6.769,-2.8627,1.407,1.387,-0.1841,0.361
84.726,4,-1.144,-6.781,-2.8949,1.393,1.221,-0.2318,0.361
84.775,4,-1.197,-6.792,-2.9272,1.429,1.221,-0.2207,0.34
84.826,4,-1.248,-6.8,-2.9577,1.36,1.206,-0.2311,0.324
84.876,4,-1.339,-6.812,-3.0177,1.263,1.193,-0.2436,0.31
84.926,4,-1.381,-6.815,-3.0478,1.207,1.193,-0.2306,0.296
84.975,4,-1.425,-6.817,-3.0777,1.18,1.181,-0.2446,0.285
85.026,4,-1.516,-6.817,3.1394,1.16,1.172,-0.2386,0.275
85.075,4,-1.559,-6.814,3.1094,1.191,1.172,-0.2277,0.267
85.126,4,-1.601,-6.811,3.0774,1.137,1.172,-0.2151,0.261
85.176,4,-1.687,-6.8,3.0154,1.17,1.166,-0.2157,0.257
85.226,4,-1.728,-6.793,2.9853,1.159,1.163,-0.2439,0.249
85.276,4,-1.77,-6.784,2.9593,1.127,1.163,-0.2264,0.242
85.325,4,-1.856,-6.763,2.8992,1.16,1.162,-0.2386,0.237
85.376,4,-1.896,-6.751,2.8689,1.13,1.161,-0.2612,0.234
85.426,4,-1.937,-6.737,2.8379,1.146,1.161,-0.2516,0.232
85.476,4,-2.016,-6.707,2.7799,1.135,1.161,-0.2496,0.232
85.526,4,-2.058,-6.689,2.7492,1.177,1.161,-0.2532,0.234
85.575,4,-2.097,-6.67,2.714,1.181,1.163,-0.2622,0.24
85.626,4,-2.169,-6.631,2.6506,1.131,1.166,-0.2734,0.246
85.675,4,-2.204,-6.61,2.6178,1.125,1.166,-0.2623,0.249
85.725,4,-2.237,-6.588,2.5854,1.076,1.17,-0.2712,0.249
85.776,4,-2.312,-6.534,2.5147,1.144,1.176,-0.2728,0.251
85.826,4,-2.345,-6.507,2.4768,1.15,1.176,-0.2614,0.257
85.875,4,-2.38,-6.476,2.4441,1.165,1.176,-0.2502,0.264
85.926,4,-2.442,-6.416,2.3728,1.156,1.181,-0.2501,0.269
85.976,4,-2.47,-6.385,2.3361,1.148,1.187,-0.2614,0.268
86.026,4,-2.5,-6.351,2.3024,1.144,1.187,-0.2498,0.268
86.076,4,-2.549,-6.288,2.2361,1.161,1.193,-0.2502,0.27
86.125,4,-2.574,-6.253,2.208,1.16,1.197,-0.2738,0.274
86.175,4,-2.62,-6.18,2.1397,1.17,1.197,-0.2506,0.279
86.226,4,-2.641,-6.143,2.1071,1.155,1.201,-0.25,0.279
86.276,4,-2.662,-6.103,2.0742,1.142,1.201,-0.2435,0.278
86.326,4,-2.698,-6.025,2.0057,1.18,1.203,-0.2512,0.28
86.376,4,-2.713,-5.988,1.9732,1.164,1.206,-0.2421,0.283
86.425,4,-2.729,-5.943,1.9438,1.128,1.206,-0.2301,0.277
86.476,4,-2.756,-5.857,1.878,1.234,1.21,-0.2274,0.268
86.526,4,-2.768,-5.815,1.8479,1.194,1.21,-0.2098,0.261
86.575,4,-2.778,-5.768,1.8155,1.203,1.218,-0.2047,0.256
86.625,4,-2.787,-5.723,1.7831,1.171,1.218,-0.1926,0.256
86.675,4,-2.802,-5.624,1.7237,1.263,1.229,-0.204,0.252
86.725,4,-2.807,-5.581,1.6902,1.253,1.244,-0.1987,0.251
86.776,4,-2.81,-5.538,1.6634,1.202,1.244,-0.1842,0.251
86.826,4,-2.813,-5.442,1.6106,1.272,1.26,-0.1815,0.261
86.875,4,-2.813,-5.4,1.5791,1.212,1.278,-0.1469,0.27
86.926,4,-2.812,-5.35,1.5565,1.269,1.278,-0.136,0.27
86.975,4,-2.806,-5.264,1.5065,1.236,1.298,-0.137,0.28
87.026,4,-2.802,-5.22,1.4848,1.206,1.32,-0.1352,0.28
87.076,4,-2.795,-5.169,1.4658,1.272,1.32,-0.1244,0.282
87.126,4,-2.78,-5.07,1.4231,1.315,1.342,-0.1298,0.294
87.176,4,-2.772,-5.023,1.4021,1.344,1.366,-0.1134,0.294
87.225,4,-2.753,-4.933,1.3684,1.334,1.366,-0.1052,0.34
87.276,4,-2.741,-4.882,1.3477,1.273,1.391,-0.1011,0.34
87.325,4,-2.729,-4.833,1.3272,1.382,1.417,-0.107,0.363
87.375,4,-2.701,-4.737,1.2972,1.412,1.417,-0.0997,0.41
87.426,4,-2.687,-4.69,1.2847,1.356,1.445,-0.0981,0.41
87.476,4,-2.671,-4.64,1.2672,1.402,1.473,-0.0876,0.437
87.526,4,-2.635,-4.536,1.2377,1.404,1.473,-0.0804,0.483
87.576,4,-2.615,-4.484,1.2202,1.447,1.503,-0.073,0.483
87.626,4,-2.594,-4.43,1.2055,1.505,1.534,-0.0714,0.475
87.676,4,-2.552,-4.329,1.1792,1.471,1.534,-0.0634,0.467
87.726,4,-2.53,-4.276,1.167,1.504,1.567,-0.0526,0.461
87.776,4,-2.506,-4.225,1.1554,1.507,1.6,-0.0476,0.455
87.825,4,-2.46,-4.125,1.1341,1.555,1.635,-0.0398,0.449
87.876,4,-2.437,-4.077,1.127,1.543,1.669,-0.0358,0.444
87.926,4,-2.385,-3.973,1.1103,1.595,1.669,-0.0324,0.439
87.975,4,-2.357,-3.917,1.1033,1.642,1.701,-0.0241,0.434
88.026,4,-2.331,-3.868,1.0964,1.673,1.733,-0.0218,0.43
88.076,4,-2.274,-3.76,1.0868,1.717,1.764,-0.0121,0.425
88.126,4,-2.245,-3.705,1.0794,1.682,1.794,-0.0055,0.421
88.175,4,-2.184,-3.594,1.0725,1.736,1.823,-0.0,0.417
88.226,4,-2.153,-3.536,1.0704,1.788,1.851,0.0081,0.414
88.276,4,-2.122,-3.48,1.0704,1.809,1.851,0.0127,0.409
88.326,4,-2.057,-3.362,1.0704,1.802,1.879,0.0163,0.404
88.375,4,-2.025,-3.302,1.073,1.847,1.906,0.0245,0.398
88.426,4,-1.99,-3.238,1.0752,1.837,1.933,0.0378,0.392
88.476,4,-1.919,-3.105,1.0821,1.936,1.948,0.0497,0.383
88.526,4,-1.889,-3.047,1.0895,1.9,1.91,0.0551,0.373
88.575,4,-1.856,-2.981,1.0964,1.957,1.875,0.0627,0.36
88.626,4,-1.793,-2.853,1.1174,1.967,1.814,0.0836,0.345
88.675,4,-1.764,-2.791,1.1293,1.92,1.814,0.0784,0.327
88.725,4,-1.714,-2.677,1.1556,1.865,1.787,0.0822,0.306
88.776,4,-1.689,-2.616,1.1695,1.847,1.763,0.0899,0.283
88.826,4,-1.666,-2.558,1.1866,1.769,1.742,0.0979,0.283
88.875,4,-1.62,-2.434,1.2181,1.753,1.724,0.0975,0.238
88.925,4,-1.597,-2.365,1.2329,1.712,1.709,0.1055,0.214
88.975,4,-1.575,-2.295,1.2525,1.791,1.697,0.1111,0.189
89.025,4,-1.538,-2.168,1.2922,1.763,1.697,0.1024,0.189
89.076,4,-1.523,-2.109,1.3124,1.658,1.684,0.1094,0.155
89.125,4,-1.507,-2.041,1.3303,1.818,1.684,0.1034,0.147
89.175,4,-1.483,-1.921,1.3712,1.713,1.682,0.1009,0.141
89.226,4,-1.473,-1.859,1.3921,1.716,1.681,0.0988,0.137
89.275,4,-1.465,-1.806,1.4101,1.654,1.681,0.1024,0.137
89.326,4,-1.449,-1.68,1.4446,1.73,1.683,0.0971,0.138
89.375,4,-1.443,-1.625,1.4634,1.696,1.688,0.1008,0.138
89.426,4,-1.435,-1.509,1.4959,1.684,1.688,0.0924,0.146
89.476,4,-1.432,-1.445,1.5123,1.65,1.696,0.0939,0.147
89.525,4,-1.43,-1.379,1.5316,1.696,1.706,0.0974,0.147
89.576,4,-1.43,-1.262,1.568,1.671,1.717,0.0898,0.168
89.626,4,-1.431,-1.204,1.585,1.712,1.73,0.0933,0.168
89.675,4,-1.436,-1.088,1.6166,1.689,1.745,0.0846,0.19
89.725,4,-1.441,-1.026,1.6312,1.711,1.761,0.0888,0.19
89.775,4,-1.446,-0.963,1.6488,1.704,1.761,0.0814,0.199
89.826,4,-1.46,-0.841,1.6814,1.701,1.778,0.0605,0.207
89.875,4,-1.468,-0.775,1.6965,1.806,1.797,0.067,0.214
89.927,4,-1.478,-0.714,1.7118,1.765,1.817,0.0661,0.221
89.976,4,-1.488,-0.649,1.7269,1.394,1.817,0.0559,0.239
90.025,4,-1.508,-0.54,1.7394,2.248,1.86,0.0722,0.258
90.075,4,-1.535,-0.406,1.7737,1.947,1.883,0.0496,0.275
90.126,4,-1.55,-0.34,1.7864,1.86,1.908,0.045,0.292
90.175,4,-1.584,-0.202,1.8121,1.842,1.908,0.0368,0.307
90.225,4,-1.602,-0.133,1.8219,1.908,1.96,0.0329,0.32
90.276,4,-1.619,-0.072,1.8318,1.89,1.96,0.0246,0.332
90.326,4,-1.659,0.071,1.8453,1.936,1.985,0.0258,0.343
90.376,4,-1.678,0.136,1.8548,1.962,2.034,0.0221,0.354
90.426,4,-1.699,0.207,1.8585,1.961,2.034,0.0165,0.363
90.476,4,-1.74,0.339,1.8685,2.062,2.082,0.0125,0.372
90.526,4,-1.762,0.407,1.8749,1.943,2.082,0.0082,0.38
90.576,4,-1.808,0.552,1.8818,2.076,2.104,0.0098,0.386
90.626,4,-1.831,0.623,1.885,2.027,2.149,0.0,0.389
90.675,4,-1.856,0.697,1.8855,2.097,2.149,0.0,0.392
90.726,4,-1.902,0.838,1.892,2.121,2.192,-0.0042,0.394
90.775,4,-1.927,0.914,1.8919,2.172,2.213,-0.0102,0.396
90.826,4,-1.952,0.99,1.8919,2.096,2.233,-0.0125,0.398
90.876,4,-2.005,1.15,1.8887,2.24,2.193,-0.0188,0.4
90.925,4,-2.029,1.224,1.8882,2.189,2.152,-0.0261,0.402
90.975,4,-2.081,1.385,1.8818,2.317,2.113,-0.0309,0.415
91.025,4,-2.104,1.459,1.8753,2.209,2.075,-0.0295,0.418
91.076,4,-2.127,1.535,1.8712,2.176,2.039,-0.0378,0.416
91.126,4,-2.168,1.675,1.8552,2.164,1.969,-0.0461,0.415
91.176,4,-2.189,1.747,1.8511,2.063,1.969,-0.0458,0.415
91.225,4,-2.208,1.819,1.8448,2.05,1.936,-0.0546,0.415
91.275,4,-2.246,1.963,1.825,2.013,1.873,-0.058,0.427
91.326,4,-2.262,2.029,1.8152,1.909,1.873,-0.0534,0.434
91.375,4,-2.279,2.102,1.8026,1.964,1.843,-0.0661,0.434
91.425,4,-2.308,2.238,1.7798,1.796,1.786,-0.0735,0.444
91.476,4,-2.322,2.313,1.7674,1.739,1.786,-0.0648,0.449
91.526,4,-2.337,2.399,1.7548,1.697,1.758,-0.081,0.452
91.575,4,-2.351,2.49,1.7361,2.073,1.731,-0.0853,0.449
91.626,4,-2.361,2.558,1.7146,1.832,1.704,-0.0827,0.449
91.675,4,-2.377,2.694,1.6842,1.828,1.679,-0.0863,0.439
91.726,4,-2.382,2.754,1.6692,1.728,1.653,-0.0944,0.435
91.776,4,-2.387,2.818,1.6544,1.786,1.653,-0.0853,0.435
91.826,4,-2.393,2.938,1.6222,1.622,1.604,-0.0972,0.412
91.876,4,-2.394,3.003,1.6049,1.684,1.604,-0.0888,0.399
91.925,4,-2.395,3.065,1.5877,1.698,1.579,-0.0928,0.399
91.975,4,-2.393,3.181,1.5566,1.645,1.556,-0.1044,0.365
92.026,4,-2.391,3.236,1.5398,1.599,1.532,-0.116,0.365
92.076,4,-2.384,3.351,1.5093,1.585,1.532,-0.1079,0.33
92.126,4,-2.379,3.406,1.4929,1.563,1.509,-0.1117,0.317
92.175,4,-2.374,3.456,1.4739,1.502,1.486,-0.115,0.317
92.225,4,-2.358,3.575,1.4391,1.542,1.463,-0.1397,0.287
92.276,4,-2.349,3.627,1.4179,1.485,1.441,-0.1386,0.287
92.325,4,-2.339,3.681,1.4022,1.504,1.441,-0.1411,0.274
92.376,4,-2.318,3.777,1.358,1.432,1.419,-0.1261,0.263
92.426,4,-2.306,3.828,1.3374,1.458,1.397,-0.1383,0.254
92.476,4,-2.292,3.878,1.3146,1.357,1.397,-0.1253,0.247
92.526,4,-2.26,3.983,1.272,1.45,1.375,-0.139,0.242
92.576,4,-2.244,4.029,1.2522,1.408,1.354,-0.1732,0.239
92.625,4,-2.212,4.116,1.2179,1.411,1.333,-0.1731,0.237
92.676,4,-2.195,4.156,1.196,1.4,1.333,-0.1612,0.231
92.726,4,-2.157,4.241,1.1505,1.336,1.312,-0.175,0.226
92.776,4,-2.137,4.282,1.1265,1.306,1.291,-0.187,0.223
92.827,4,-2.111,4.332,1.1055,1.291,1.291,-0.1713,0.222
92.876,4,-2.068,4.407,1.052,1.295,1.271,-0.1714,0.223
92.925,4,-2.026,4.473,1.0059,1.253,1.251,-0.2182,0.23
92.976,4,-2.003,4.507,0.9854,1.227,1.251,-0.2078,0.23
93.025,4,-1.977,4.543,0.9626,1.265,1.232,-0.2175,0.224
93.076,4,-1.926,4.608,0.9113,1.234,1.214,-0.2292,0.218
93.126,4,-1.898,4.641,0.8847,1.243,1.214,-0.219,0.214
93.176,4,-1.843,4.701,0.832,1.173,1.197,-0.2158,0.212
93.226,4,-1.813,4.732,0.8033,1.209,1.197,-0.2048,0.212
93.276,4,-1.752,4.788,0.7449,1.172,1.182,-0.2042,0.214
93.325,4,-1.722,4.813,0.7194,1.197,1.171,-0.2287,0.207
93.375,4,-1.658,4.863,0.668,1.204,1.163,-0.2279,0.202
93.425,4,-1.629,4.885,0.6427,1.144,1.163,-0.2274,0.198
93.475,4,-1.565,4.928,0.5924,1.133,1.163,-0.2202,0.197
93.526,4,-1.535,4.946,0.5676,1.121,1.16,-0.2286,0.197
93.576,4,-1.464,4.986,0.5179,1.141,1.16,-0.2843,0.198
93.626,4,-1.429,5.004,0.4887,1.146,1.16,-0.2742,0.204
93.675,4,-1.358,5.036,0.4292,1.139,1.159,-0.285,0.208
93.726,4,-1.324,5.05,0.3964,1.122,1.161,-0.2517,0.198
93.775,4,-1.254,5.074,0.3334,1.122,1.161,-0.2399,0.19
93.826,4,-1.22,5.084,0.3009,1.108,1.164,-0.2416,0.184
93.876,4,-1.178,5.095,0.2746,1.106,1.164,-0.226,0.18
93.926,4,-1.1,5.112,0.2163,1.122,1.17,-0.2424,0.179
93.976,4,-1.059,5.119,0.1862,1.164,1.176,-0.2502,0.179
94.026,4,-0.98,5.128,0.128,1.161,1.176,-0.2403,0.183
94.076,4,-0.944,5.132,0.098,1.174,1.183,-0.2504,0.19
94.126,4,-0.87,5.134,0.0419,1.093,1.189,-0.2625,0.194
94.175,4,-0.825,5.134,0.0159,1.188,1.189,-0.2508,0.197
94.225,4,-0.752,5.131,-0.0442,1.123,1.195,-0.2493,0.199
94.276,4,-0.708,5.127,-0.0721,1.127,1.195,-0.2506,0.203
94.328,4,-0.664,5.121,-0.1082,1.168,1.201,-0.2627,0.203
94.376,4,-0.578,5.106,-0.1724,1.158,1.207,-0.2632,0.197
94.426,4,-0.539,5.097,-0.2066,1.177,1.207,-0.2389,0.197
94.476,4,-0.498,5.086,-0.2388,1.193,1.207,-0.2277,0.197
94.526,4,-0.414,5.06,-0.3033,1.222,1.212,-0.2283,0.2
94.576,4,-0.375,5.046,-0.3337,1.197,1.216,-0.2444,0.2
94.626,4,-0.296,5.013,-0.3907,1.183,1.22,-0.2437,0.196
94.676,4,-0.258,4.995,-0.4214,1.208,1.22,-0.2307,0.196
94.726,4,-0.221,4.976,-0.4518,1.179,1.22,-0.2163,0.197
94.776,4,-0.145,4.933,-0.5116,1.145,1.225,-0.2037,0.217
94.826,4,-0.103,4.906,-0.5449,1.236,1.233,-0.2196,0.217
94.876,4,-0.066,4.881,-0.5785,1.21,1.233,-0.1933,0.231
94.926,4,0.009,4.826,-0.6349,1.175,1.244,-0.2052,0.256
94.975,4,0.048,4.794,-0.6642,1.219,1.257,-0.2092,0.256
95.026,4,0.085,4.762,-0.6939,1.247,1.257,-0.1949,0.266
95.076,4,0.121,4.73,-0.7239,1.213,1.272,-0.1736,0.274
95.125,4,0.193,4.658,-0.7842,1.215,1.272,-0.1614,0.275
95.176,4,0.229,4.618,-0.8121,1.23,1.288,-0.1471,0.263
95.226,4,0.264,4.577,-0.8408,1.254,1.305,-0.1602,0.254
95.276,4,0.301,4.533,-0.8669,1.28,1.305,-0.1496,0.247
95.326,4,0.333,4.492,-0.8938,1.284,1.323,-0.1479,0.242
95.376,4,0.364,4.451,-0.9159,1.271,1.342,-0.1593,0.238
95.425,4,0.429,4.356,-0.9654,1.287,1.342,-0.1477,0.237
95.475,4,0.46,4.307,-0.9923,1.358,1.362,-0.1502,0.236
95.526,4,0.488,4.26,-1.02,1.301,1.382,-0.1247,0.238
95.576,4,0.519,4.204,-1.0428,1.355,1.402,-0.1406,0.249
95.626,4,0.546,4.153,-1.0727,1.37,1.402,-0.1137,0.265
95.675,4,0.573,4.098,-1.1009,1.36,1.423,-0.1262,0.278
95.726,4,0.6,4.04,-1.1223,1.374,1.423,-0.1137,0.291
95.776,4,0.626,3.981,-1.148,1.386,1.444,-0.1139,0.291
95.826,4,0.671,3.865,-1.1939,1.434,1.466,-0.0964,0.31
95.876,4,0.692,3.808,-1.2158,1.434,1.488,-0.0996,0.317
95.925,4,0.711,3.752,-1.2352,1.411,1.488,-0.0866,0.326
95.976,4,0.731,3.689,-1.2551,1.451,1.511,-0.0908,0.346
96.025,4,0.749,3.626,-1.2722,1.424,1.534,-0.0986,0.369
96.076,4,0.769,3.555,-1.2921,1.484,1.558,-0.099,0.369
96.126,4,0.787,3.485,-1.3098,1.493,1.558,-0.0912,0.391
96.176,4,0.802,3.419,-1.3302,1.516,1.582,-0.0839,0.411
96.225,4,0.817,3.346,-1.3507,1.502,1.606,-0.0838,0.431
96.276,4,0.832,3.27,-1.3711,1.557,1.632,-0.0842,0.437
96.326,4,0.844,3.195,-1.3918,1.582,1.632,-0.0679,0.423
96.376,5,0.855,3.124,-1.4129,1.543,1.657,-0.0686,0.41
96.426,5,0.866,3.044,-1.4286,1.592,1.684,-0.06,0.399
96.475,5,0.883,2.883,-1.466,1.665,1.712,-0.0573,0.388
96.525,5,0.889,2.8,-1.4822,1.68,1.712,-0.0442,0.37
96.575,5,0.895,2.716,-1.4958,1.681,1.74,-0.0451,0.37
96.626,5,0.895,2.716,-1.4958,1.681,1.769,-0.0403,0.361
96.676,5,0.9,2.63,-1.5094,1.608,1.799,-0.0372,0.353
96.726,5,0.904,2.531,-1.5233,1.692,1.828,-0.0341,0.346
96.775,5,0.907,2.43,-1.5343,1.746,1.856,-0.0284,0.339
96.825,5,0.909,2.332,-1.5482,1.842,1.884,-0.0204,0.333
96.875,5,0.909,2.24,-1.5566,1.814,1.911,-0.0205,0.327
96.925,5,0.909,2.141,-1.5679,1.869,1.937,-0.0123,0.322
96.975,5,0.909,2.042,-1.5736,1.872,1.963,-0.0126,0.316
97.026,5,0.907,1.944,-1.5792,1.94,1.988,-0.0041,0.31
97.076,5,0.906,1.845,-1.5849,1.935,2.013,-0.0042,0.305
97.125,5,0.903,1.745,-1.5906,1.933,2.037,0.0,0.299
97.175,5,0.901,1.649,-1.5935,1.952,2.061,0.0045,0.294
97.225,5,0.899,1.548,-1.5935,1.644,2.061,0.0045,0.291
97.275,5,0.899,1.548,-1.5935,1.644,2.084,0.0049,0.291
97.325,5,0.895,1.386,-1.5963,2.334,2.107,0.0099,0.291
97.376,5,0.892,1.276,-1.5963,2.238,2.152,0.0142,0.291
97.426,5,0.89,1.174,-1.5934,2.132,2.173,0.0143,0.291
97.476,5,0.887,1.06,-1.5934,2.105,2.194,0.017,0.292
97.526,5,0.885,0.951,-1.5906,2.155,2.215,0.0183,0.293
97.575,5,0.884,0.841,-1.5849,2.155,2.236,0.0169,0.293
97.626,5,0.883,0.728,-1.5792,2.184,2.256,0.0126,0.29
97.675,5,0.883,0.608,-1.5735,2.198,2.276,0.0126,0.286
97.726,5,0.884,0.494,-1.5678,2.284,2.295,0.0085,0.282
97.776,5,0.885,0.383,-1.5622,2.185,2.333,0.0136,0.277
97.826,5,0.887,0.259,-1.5594,2.306,2.352,0.0127,0.273
97.876,5,0.889,0.146,-1.5538,2.313,2.37,0.0137,0.268
97.926,5,0.892,0.029,-1.5509,2.333,2.388,0.0135,0.262
97.975,5,0.895,-0.084,-1.5454,2.292,2.406,0.0085,0.256
98.026,5,0.899,-0.212,-1.5426,2.362,2.424,0.0085,0.248
98.075,5,0.903,-0.332,-1.537,2.402,2.458,0.0086,0.24
98.126,5,0.908,-0.456,-1.5314,2.452,2.475,0.0095,0.233
98.176,5,0.913,-0.573,-1.5287,2.358,2.491,0.0043,0.224
98.226,5,0.919,-0.706,-1.5259,2.512,2.508,0.0043,0.216
98.276,5,0.925,-0.825,-1.5231,2.45,2.54,0.0054,0.206
98.326,5,0.932,-0.947,-1.5204,2.486,2.555,0.0,0.197
98.376,5,0.939,-1.067,-1.5148,2.471,2.571,-0.0044,0.197
98.426,5,0.946,-1.193,-1.5149,2.484,2.586,-0.0056,0.187
98.476,5,0.953,-1.318,-1.5121,2.551,2.616,-0.0086,0.178
98.526,5,0.961,-1.452,-1.5121,2.572,2.631,-0.0129,0.168
98.576,5,0.968,-1.582,-1.5149,2.595,2.645,-0.0129,0.16
98.626,5,0.975,-1.711,-1.5177,2.585,2.616,-0.0216,0.152
98.676,5,0.981,-1.843,-1.5204,2.658,2.582,-0.0237,0.145
98.725,5,0.987,-1.976,-1.5259,2.651,2.549,-0.0261,0.139
98.775,5,0.992,-2.109,-1.5315,2.659,2.486,-0.0302,0.134
98.826,5,0.995,-2.237,-1.5399,2.62,2.455,-0.0308,0.136
98.875,5,0.998,-2.367,-1.5482,2.533,2.425,-0.0306,0.138
98.926,5,0.999,-2.499,-1.5595,2.602,2.396,-0.0276,0.139
98.976,5,0.998,-2.629,-1.5708,2.557,2.339,-0.0317,0.144
99.026,5,0.996,-2.75,-1.5821,2.488,2.311,-0.0258,0.152
99.076,5,0.993,-2.871,-1.5935,2.483,2.284,-0.0278,0.162
99.126,5,0.988,-2.988,-1.6021,2.43,2.257,-0.0307,0.172
99.176,5,0.983,-3.102,-1.6137,2.345,2.231,-0.0301,0.183
99.226,5,0.976,-3.219,-1.6224,2.301,2.18,-0.0394,0.195
99.276,5,0.969,-3.333,-1.6312,2.283,2.154,-0.0471,0.207
99.326,5,0.96,-3.452,-1.6428,2.342,2.13,-0.0468,0.221
99.376,5,0.951,-3.556,-1.6518,2.304,2.105,-0.0509,0.241
99.426,5,0.94,-3.66,-1.6636,2.205,2.081,-0.0557,0.264
99.475,5,0.928,-3.768,-1.6784,2.147,2.058,-0.0586,0.288
99.525,5,0.913,-3.881,-1.6934,2.042,2.034,-0.0628,0.313
99.575,5,0.894,-4.005,-1.7088,2.148,1.989,-0.0712,0.34
99.625,5,0.876,-4.115,-1.7303,2.032,1.966,-0.0747,0.352
99.676,5,0.853,-4.232,-1.7489,2.151,1.944,-0.0754,0.364
99.726,5,0.831,-4.335,-1.771,2.045,1.944,-0.0754,0.379
99.776,5,0.831,-4.335,-1.771,2.045,1.922,-0.0759,0.379
99.826,5,0.807,-4.433,-1.7931,1.926,1.901,-0.0719,0.395
99.876,5,0.78,-4.539,-1.8158,2.04,1.879,-0.0711,0.433
99.927,5,0.75,-4.642,-1.8418,2.011,1.858,-0.0704,0.449
99.977,5,0.721,-4.733,-1.865,1.97,1.837,-0.066,0.463
100.027,5,0.691,-4.823,-1.8852,1.922,1.816,-0.0706,0.48
100.076,5,0.657,-4.916,-1.9055,1.887,1.796,-0.0712,0.498
100.126,5,0.623,-5.007,-1.9266,1.855,1.775,-0.0695,0.518
100.176,5,0.587,-5.094,-1.9447,1.917,1.755,-0.0822,0.539
100.226,5,0.553,-5.174,-1.9656,1.859,1.735,-0.0859,0.561
100.275,5,0.518,-5.252,-1.9833,1.825,1.715,-0.0897,0.587
100.326,5,0.48,-5.333,-1.9993,1.772,1.696,-0.0974,0.621
100.376,5,0.443,-5.407,-2.0214,1.76,1.696,-0.0904,0.657
100.426,5,0.404,-5.482,-2.0437,1.813,1.677,-0.0949,0.694
100.476,5,0.327,-5.617,-2.0871,1.734,1.657,-0.1047,0.733
100.526,5,0.285,-5.685,-2.1099,1.74,1.62,-0.1174,0.743
100.576,5,0.245,-5.747,-2.1313,1.679,1.62,-0.1096,0.732
100.625,5,0.202,-5.81,-2.153,1.579,1.601,-0.1158,0.718
100.676,5,0.154,-5.877,-2.1817,1.653,1.583,-0.1165,0.702
100.726,5,0.108,-5.937,-2.2094,1.634,1.565,-0.1284,0.683
100.776,5,0.06,-5.997,-2.2353,1.629,1.547,-0.1411,0.663
100.825,5,0.016,-6.049,-2.2601,1.574,1.547,-0.128,0.641
100.875,5,-0.032,-6.103,-2.283,1.614,1.53,-0.1282,0.62
100.926,5,-0.082,-6.156,-2.3119,1.52,1.513,-0.1397,0.604
100.976,5,-0.136,-6.21,-2.3423,1.566,1.497,-0.1441,0.591
101.026,5,-0.185,-6.256,-2.3717,1.562,1.497,-0.1293,0.591
101.076,5,-0.234,-6.3,-2.396,1.511,1.481,-0.127,0.577
101.126,5,-0.295,-6.351,-2.4239,1.524,1.466,-0.1391,0.559
101.176,5,-0.399,-6.431,-2.4867,1.472,1.452,-0.1633,0.518
101.226,5,-0.449,-6.467,-2.5087,1.506,1.438,-0.1627,0.501
101.275,5,-0.502,-6.502,-2.5342,1.466,1.438,-0.1502,0.487
101.326,5,-0.551,-6.534,-2.563,1.452,1.426,-0.1619,0.474
101.375,5,-0.605,-6.565,-2.5921,1.472,1.414,-0.1791,0.474
101.426,5,-0.705,-6.619,-2.6461,1.42,1.405,-0.1733,0.455
101.476,5,-0.755,-6.643,-2.6757,1.462,1.405,-0.1676,0.448
101.526,5,-0.803,-6.664,-2.7042,1.392,1.397,-0.1728,0.448
101.576,5,-0.901,-6.704,-2.7598,1.415,1.397,-0.1613,0.416
101.626,5,-0.951,-6.721,-2.7839,1.363,1.387,-0.1959,0.396
101.675,5,-1.003,-6.739,-2.81,1.387,1.387,-0.1973,0.381
101.725,5,-1.103,-6.767,-2.8627,1.363,1.386,-0.2089,0.364
101.776,5,-1.157,-6.78,-2.891,1.369,1.221,-0.2313,0.343
101.826,5,-1.211,-6.79,-2.9253,1.384,1.221,-0.2198,0.325
101.876,5,-1.26,-6.799,-2.9596,1.374,1.206,-0.2314,0.325
101.926,5,-1.352,-6.809,-3.0236,1.237,1.193,-0.2286,0.296
101.975,5,-1.406,-6.813,-3.0518,1.228,1.193,-0.2311,0.284
102.026,5,-1.449,-6.814,-3.0898,1.215,1.181,-0.24,0.284
102.076,5,-1.531,-6.814,3.1374,1.167,1.172,-0.2387,0.268
102.125,5,-1.574,-6.812,3.1074,1.187,1.172,-0.2276,0.268
102.175,5,-1.615,-6.808,3.0774,1.154,1.166,-0.2504,0.262
102.226,5,-1.701,-6.797,3.0193,1.147,1.163,-0.2498,0.251
102.275,5,-1.744,-6.79,2.9873,1.155,1.163,-0.2385,0.251
102.326,5,-1.783,-6.782,2.9549,1.146,1.163,-0.2268,0.244
102.376,5,-1.863,-6.761,2.8927,1.101,1.162,-0.241,0.235
102.425,5,-1.905,-6.749,2.8624,1.159,1.161,-0.2501,0.235
102.475,5,-1.984,-6.72,2.7994,1.137,1.161,-0.2517,0.233
102.526,5,-2.022,-6.705,2.7715,1.091,1.161,-0.2486,0.233
102.576,5,-2.065,-6.685,2.7409,1.046,1.163,-0.2732,0.234
102.626,5,-2.113,-6.661,2.7039,1.116,1.163,-0.264,0.239
102.676,5,-2.156,-6.638,2.6623,1.204,1.166,-0.2789,0.245
102.725,5,-2.236,-6.588,2.5885,1.21,1.166,-0.2645,0.249
102.776,5,-2.269,-6.565,2.5515,1.167,1.17,-0.2666,0.248
102.826,5,-2.302,-6.54,2.5147,1.164,1.17,-0.2525,0.25
102.876,5,-2.366,-6.486,2.447,1.206,1.176,-0.2564,0.255
102.926,5,-2.393,-6.462,2.4147,1.124,1.181,-0.2608,0.262
102.975,5,-2.452,-6.402,2.3514,1.15,1.181,-0.2496,0.267
103.026,5,-2.48,-6.37,2.3209,1.146,1.187,-0.2633,0.267
103.076,5,-2.505,-6.341,2.2861,1.129,1.187,-0.2379,0.266
103.126,5,-2.556,-6.274,2.2259,1.168,1.193,-0.2541,0.267
103.176,5,-2.58,-6.238,2.1913,1.168,1.197,-0.2642,0.271
103.225,5,-2.604,-6.202,2.1605,1.161,1.197,-0.2534,0.276
103.276,5,-2.645,-6.13,2.0944,1.141,1.201,-0.2382,0.276
103.326,5,-2.665,-6.09,2.0633,1.175,1.201,-0.2273,0.276
103.375,5,-2.684,-6.051,2.0286,1.153,1.203,-0.2439,0.277
103.426,5,-2.717,-5.969,1.9621,1.219,1.206,-0.2282,0.28
103.476,5,-2.731,-5.931,1.9335,1.189,1.206,-0.2161,0.276
103.526,5,-2.755,-5.853,1.8716,1.205,1.21,-0.2172,0.266
103.576,5,-2.765,-5.816,1.8447,1.19,1.21,-0.2052,0.259
103.625,5,-2.784,-5.731,1.7928,1.197,1.218,-0.193,0.254
103.676,5,-2.791,-5.689,1.7612,1.151,1.229,-0.2086,0.251
103.726,5,-2.798,-5.645,1.7361,1.188,1.229,-0.1929,0.249
103.775,5,-2.807,-5.562,1.6812,1.162,1.244,-0.1809,0.249
103.826,5,-2.81,-5.516,1.6573,1.183,1.26,-0.1928,0.251
103.876,5,-2.812,-5.466,1.6309,1.188,1.26,-0.1813,0.259
103.925,5,-2.812,-5.367,1.5763,1.239,1.278,-0.159,0.268
103.976,5,-2.811,-5.322,1.5453,1.285,1.278,-0.142,0.275
104.026,5,-2.808,-5.275,1.5231,1.246,1.298,-0.1486,0.28
104.075,5,-2.798,-5.171,1.4794,1.307,1.298,-0.1395,0.28
104.126,5,-2.792,-5.124,1.4551,1.27,1.342,-0.1505,0.285
104.175,5,-2.785,-5.081,1.4364,1.236,1.342,-0.1404,0.296
104.226,5,-2.769,-4.989,1.397,1.304,1.366,-0.113,0.317
104.275,5,-2.759,-4.942,1.376,1.25,1.366,-0.1047,0.341
104.325,5,-2.747,-4.888,1.358,1.37,1.391,-0.1137,0.341
104.376,5,-2.721,-4.787,1.3198,1.377,1.391,-0.1018,0.387
104.426,5,-2.708,-4.742,1.302,1.408,1.417,-0.0995,0.412
104.476,5,-2.693,-4.693,1.2871,1.392,1.445,-0.1038,0.412
104.525,5,-2.66,-4.59,1.2573,1.395,1.445,-0.0938,0.465
104.576,5,-2.643,-4.543,1.2401,1.362,1.503,-0.0874,0.478
104.626,5,-2.622,-4.486,1.2253,1.466,1.503,-0.0791,0.478
104.676,5,-2.586,-4.395,1.1964,1.479,1.534,-0.0731,0.463
104.725,5,-2.565,-4.345,1.1814,1.477,1.567,-0.0594,0.463
104.776,5,-2.521,-4.244,1.1554,1.548,1.567,-0.0574,0.452
104.826,5,-2.498,-4.195,1.1433,1.47,1.6,-0.0435,0.452
104.876,5,-2.473,-4.142,1.1336,1.584,1.635,-0.0439,0.447
104.925,5,-2.448,-4.09,1.1243,1.607,1.669,-0.036,0.442
104.976,5,-2.421,-4.035,1.1151,1.245,1.669,-0.0328,0.438
105.025,5,-2.37,-3.935,1.1082,2.023,1.701,-0.0336,0.434
105.076,5,-2.313,-3.828,1.0868,1.756,1.733,-0.017,0.43
105.126,5,-2.284,-3.775,1.0799,1.786,1.764,-0.0098,0.426
105.176,5,-2.229,-3.673,1.0704,1.773,1.794,0.0,0.423
105.225,5,-2.201,-3.623,1.0683,1.771,1.823,0.0041,0.419
105.275,5,-2.145,-3.521,1.0657,1.631,1.851,0.012,0.416
105.326,5,-2.108,-3.455,1.0657,1.809,1.879,0.022,0.412
105.376,5,-2.075,-3.395,1.0657,1.795,1.879,0.0203,0.407
105.426,5,-2.01,-3.277,1.0704,1.848,1.933,0.041,0.402
105.475,5,-1.977,-3.216,1.0726,1.908,1.933,0.0421,0.394
105.526,5,-1.948,-3.16,1.0773,1.827,1.948,0.0501,0.386
105.576,5,-1.878,-3.027,1.0917,2.033,1.875,0.0622,0.375
105.626,5,-1.843,-2.955,1.1008,1.986,1.875,0.0579,0.362
105.676,5,-1.809,-2.887,1.1152,2.033,1.843,0.072,0.346
105.726,5,-1.752,-2.762,1.1386,1.931,1.787,0.0823,0.329
105.776,5,-1.724,-2.699,1.1506,1.932,1.787,0.08,0.31
105.826,5,-1.676,-2.582,1.1794,1.819,1.763,0.0949,0.288
105.876,5,-1.654,-2.525,1.1938,1.807,1.742,0.0946,0.264
105.926,5,-1.631,-2.464,1.2084,1.771,1.724,0.1025,0.243
105.976,5,-1.59,-2.342,1.2427,1.8,1.709,0.0977,0.219
106.026,5,-1.572,-2.285,1.2627,1.752,1.697,0.1013,0.193
106.075,5,-1.537,-2.161,1.2974,1.77,1.697,0.0929,0.166
106.125,5,-1.524,-2.108,1.3176,1.697,1.684,0.1049,0.155
106.176,5,-1.51,-2.048,1.3327,1.679,1.684,0.0986,0.147
106.226,5,-1.485,-1.928,1.3658,1.673,1.682,0.0984,0.142
106.276,5,-1.475,-1.868,1.3839,1.652,1.681,0.1004,0.137
106.326,5,-1.457,-1.752,1.4208,1.702,1.681,0.1052,0.135
106.375,5,-1.45,-1.697,1.4365,1.698,1.683,0.1062,0.137
106.425,5,-1.439,-1.583,1.4714,1.682,1.683,0.0924,0.142
106.476,5,-1.435,-1.528,1.4904,1.626,1.696,0.1047,0.146
106.526,5,-1.431,-1.462,1.5041,1.701,1.696,0.0968,0.148
106.576,5,-1.428,-1.344,1.54,1.695,1.706,0.0928,0.153
106.625,5,-1.428,-1.285,1.5595,1.484,1.717,0.0911,0.166
106.676,5,-1.429,-1.203,1.5765,1.522,1.73,0.1003,0.178
106.727,5,-1.433,-1.114,1.6022,1.588,1.73,0.1003,0.178
106.776,5,-1.433,-1.114,1.6022,1.588,1.745,0.0959,0.189
106.826,5,-1.441,-1.005,1.6254,1.572,1.761,0.0958,0.198
106.876,5,-1.462,-0.822,1.6904,2.026,1.797,0.0663,0.213
106.926,5,-1.472,-0.757,1.7088,1.851,1.797,0.0572,0.218
106.976,5,-1.484,-0.685,1.7272,1.855,1.817,0.0544,0.218
107.026,5,-1.507,-0.564,1.758,1.719,1.838,0.0413,0.251
107.076,5,-1.521,-0.493,1.7676,1.826,1.86,0.0408,0.268
107.126,5,-1.535,-0.43,1.7802,1.794,1.883,0.0366,0.268
107.176,5,-1.565,-0.302,1.7961,1.862,1.908,0.0327,0.298
107.226,5,-1.58,-0.237,1.8059,1.852,1.934,0.037,0.298
107.275,5,-1.598,-0.167,1.8121,1.878,1.934,0.0336,0.312
107.326,5,-1.634,-0.028,1.8255,1.908,1.985,0.0339,0.337
107.376,5,-1.652,0.037,1.8349,1.934,2.01,0.0288,0.337
107.426,5,-1.691,0.175,1.848,1.944,2.01,0.0247,0.359
107.476,5,-1.711,0.24,1.8548,2.008,2.058,0.025,0.359
107.526,5,-1.733,0.313,1.8617,2.015,2.058,0.0166,0.369
107.576,5,-1.776,0.454,1.8717,2.01,2.104,0.0124,0.385
107.626,5,-1.8,0.526,1.8781,2.11,2.127,0.0098,0.385
107.676,5,-1.845,0.666,1.885,2.086,2.127,0.0042,0.392
107.725,5,-1.867,0.734,1.8882,2.077,2.171,-0.0,0.392
107.776,5,-1.891,0.806,1.8887,2.131,2.192,-0.0,0.394
107.825,5,-1.943,0.961,1.892,2.191,2.213,-0.0084,0.399
107.876,5,-1.967,1.036,1.8919,2.151,2.233,-0.0126,0.399
107.925,5,-1.99,1.105,1.8919,2.07,2.193,-0.0166,0.4
107.976,5,-2.041,1.258,1.8887,2.285,2.152,-0.0254,0.402
108.026,5,-2.066,1.334,1.8882,2.234,2.113,-0.0353,0.41
108.075,5,-2.111,1.476,1.8781,2.174,2.039,-0.042,0.421
108.126,5,-2.134,1.553,1.8717,2.176,2.039,-0.0429,0.419
108.176,5,-2.157,1.628,1.8653,2.136,2.003,-0.0471,0.418
108.226,5,-2.2,1.781,1.848,1.995,1.969,-0.0552,0.417
108.276,5,-2.223,1.867,1.838,2.199,1.904,-0.0589,0.42
108.326,5,-2.241,1.935,1.825,2.069,1.904,-0.0541,0.428
108.376,5,-2.274,2.077,1.8023,2.032,1.843,-0.0622,0.434
108.425,5,-2.288,2.143,1.7898,1.962,1.814,-0.0671,0.439
108.476,5,-2.302,2.208,1.7798,1.739,1.814,-0.0619,0.444
108.526,5,-2.317,2.29,1.7674,1.766,1.786,-0.0659,0.448
108.575,5,-2.332,2.374,1.7517,1.86,1.758,-0.0736,0.451
108.626,5,-2.355,2.525,1.7237,1.93,1.731,-0.0755,0.449
108.676,5,-2.364,2.593,1.7084,1.885,1.704,-0.0793,0.443
108.726,5,-2.377,2.712,1.6783,1.759,1.679,-0.0829,0.438
108.776,5,-2.382,2.775,1.6634,1.71,1.653,-0.0896,0.435
108.826,5,-2.387,2.839,1.6487,1.691,1.628,-0.0927,0.427
108.876,5,-2.393,2.958,1.6222,1.671,1.604,-0.0966,0.416
108.926,5,-2.394,3.013,1.6049,1.662,1.604,-0.0893,0.403
108.976,5,-2.395,3.072,1.5906,1.595,1.579,-0.0972,0.388
109.026,5,-2.393,3.191,1.5566,1.622,1.556,-0.1089,0.371
109.076,5,-2.391,3.251,1.5426,1.672,1.532,-0.1167,0.352
109.126,5,-2.384,3.362,1.5093,1.563,1.532,-0.1119,0.334
109.176,5,-2.379,3.421,1.4902,1.606,1.486,-0.1289,0.321
109.226,5,-2.373,3.474,1.4712,1.521,1.486,-0.1152,0.307
109.276,5,-2.359,3.578,1.4338,1.502,1.463,-0.1269,0.29
109.326,5,-2.349,3.637,1.4153,1.498,1.441,-0.1388,0.276
109.376,5,-2.339,3.687,1.3916,1.426,1.441,-0.1261,0.276
109.426,5,-2.315,3.792,1.3502,1.473,1.419,-0.1266,0.256
109.476,5,-2.303,3.839,1.33,1.431,1.397,-0.1428,0.249
109.526,5,-2.276,3.935,1.292,1.434,1.375,-0.138,0.243
109.576,5,-2.259,3.987,1.272,1.441,1.375,-0.1397,0.24
109.626,5,-2.23,4.071,1.235,1.403,1.354,-0.1612,0.238
109.676,5,-2.213,4.116,1.2179,1.362,1.333,-0.1724,0.233
109.725,5,-2.177,4.201,1.1742,1.35,1.333,-0.1761,0.228
109.776,5,-2.157,4.245,1.1527,1.347,1.312,-0.1722,0.225
109.825,5,-2.137,4.286,1.1292,1.338,1.291,-0.1837,0.225
109.876,5,-2.095,4.364,1.082,1.321,1.271,-0.1835,0.224
109.926,5,-2.074,4.401,1.0588,1.3,1.271,-0.1858,0.224
109.976,5,-2.029,4.473,1.0151,1.248,1.251,-0.2172,0.231
110.026,5,-2.005,4.507,0.99,1.26,1.251,-0.2058,0.231
110.075,5,-1.958,4.572,0.9381,1.229,1.232,-0.2052,0.221
110.126,5,-1.931,4.605,0.9132,1.238,1.214,-0.231,0.221
110.176,5,-1.878,4.667,0.8579,1.22,1.197,-0.2324,0.214
110.226,5,-1.849,4.697,0.8338,1.22,1.197,-0.2167,0.214
110.276,5,-1.793,4.752,0.7797,1.202,1.182,-0.2163,0.214
110.325,5,-1.737,4.802,0.7277,1.223,1.182,-0.2162,0.208
110.375,5,-1.708,4.826,0.7024,1.142,1.171,-0.2152,0.208
110.426,5,-1.676,4.851,0.679,1.173,1.171,-0.2042,0.203
110.476,5,-1.615,4.895,0.626,1.151,1.163,-0.2205,0.199
110.525,5,-1.584,4.916,0.6009,1.17,1.16,-0.2392,0.197
110.576,5,-1.516,4.957,0.5486,1.147,1.16,-0.2153,0.196
110.626,5,-1.483,4.975,0.524,1.121,1.16,-0.2723,0.198
110.676,5,-1.413,5.01,0.4701,1.158,1.159,-0.2847,0.203
110.725,5,-1.379,5.026,0.4434,1.171,1.159,-0.2855,0.207
110.776,5,-1.311,5.053,0.3841,1.139,1.161,-0.2382,0.198
110.825,5,-1.241,5.076,0.3192,1.128,1.161,-0.2264,0.189
110.876,5,-1.204,5.087,0.2908,1.143,1.164,-0.2386,0.183
110.925,5,-1.134,5.103,0.2406,1.084,1.164,-0.2288,0.179
110.976,5,-1.089,5.112,0.2143,1.117,1.17,-0.242,0.178
111.026,5,-1.047,5.119,0.1822,1.191,1.176,-0.2508,0.178
111.076,5,-0.968,5.129,0.1239,1.165,1.176,-0.2403,0.182
111.125,5,-0.928,5.132,0.0939,1.134,1.183,-0.2495,0.188
111.176,5,-0.849,5.135,0.0359,1.144,1.183,-0.2386,0.193
111.225,5,-0.812,5.134,0.0079,1.147,1.189,-0.2545,0.197
111.276,5,-0.733,5.13,-0.0482,1.15,1.195,-0.2624,0.199
111.326,5,-0.692,5.126,-0.0762,1.154,1.195,-0.2526,0.203
111.375,5,-0.651,5.121,-0.1082,1.146,1.201,-0.2662,0.203
111.425,5,-0.606,5.114,-0.1402,1.155,1.201,-0.2552,0.203
111.476,5,-0.514,5.094,-0.2105,1.216,1.207,-0.2545,0.2
111.527,5,-0.472,5.082,-0.2508,1.24,1.212,-0.2519,0.201
111.576,5,-0.39,5.055,-0.3195,1.205,1.212,-0.2441,0.204
111.626,5,-0.351,5.039,-0.354,1.189,1.216,-0.2276,0.2
111.676,5,-0.311,5.022,-0.3844,1.179,1.216,-0.2159,0.198
111.725,5,-0.226,4.981,-0.4523,1.175,1.22,-0.2313,0.198
111.776,5,-0.185,4.958,-0.4851,1.191,1.225,-0.2161,0.203
111.826,5,-0.144,4.934,-0.5138,1.206,1.225,-0.2048,0.217
111.876,5,-0.104,4.909,-0.5471,1.206,1.233,-0.2184,0.217
111.925,5,-0.023,4.852,-0.6097,1.217,1.233,-0.1928,0.231
111.976,5,0.014,4.823,-0.6412,1.234,1.244,-0.197,0.256
112.026,5,0.052,4.792,-0.6706,1.203,1.257,-0.2055,0.266
112.076,5,0.089,4.76,-0.698,1.209,1.257,-0.1817,0.266
112.125,5,0.16,4.692,-0.7583,1.244,1.272,-0.1715,0.276
112.175,5,0.201,4.65,-0.7884,1.185,1.272,-0.1473,0.276
112.226,5,0.24,4.606,-0.8187,1.256,1.288,-0.1591,0.255
112.276,5,0.275,4.565,-0.8495,1.267,1.305,-0.1476,0.248
112.325,5,0.311,4.521,-0.8737,1.253,1.323,-0.1591,0.248
112.376,5,0.345,4.477,-0.8982,1.291,1.323,-0.1479,0.243
112.426,5,0.378,4.431,-0.9274,1.284,1.342,-0.161,0.239
112.476,5,0.415,4.378,-0.9518,1.308,1.342,-0.1513,0.237
112.526,5,0.447,4.329,-0.9811,1.331,1.362,-0.1485,0.237
112.575,5,0.504,4.232,-1.0381,1.33,1.382,-0.1133,0.248
112.626,5,0.53,4.185,-1.0612,1.35,1.402,-0.1298,0.248
112.675,5,0.555,4.135,-1.0844,1.353,1.402,-0.1135,0.263
112.726,5,0.582,4.08,-1.1079,1.391,1.423,-0.1139,0.277
112.775,5,0.606,4.026,-1.1294,1.384,1.444,-0.1288,0.29
112.826,5,0.652,3.917,-1.1722,1.416,1.466,-0.1078,0.301
112.876,5,0.673,3.862,-1.1939,1.402,1.466,-0.0944,0.31
112.926,5,0.695,3.802,-1.2158,1.401,1.488,-0.0983,0.317
112.976,5,0.716,3.738,-1.2375,1.432,1.511,-0.1034,0.325
113.026,5,0.737,3.67,-1.2599,1.455,1.511,-0.092,0.344
113.076,5,0.756,3.602,-1.2797,1.477,1.534,-0.0952,0.367
113.126,5,0.773,3.54,-1.2997,1.451,1.558,-0.0948,0.389
113.176,5,0.79,3.472,-1.32,1.49,1.558,-0.0832,0.41
113.226,5,0.806,3.4,-1.3376,1.52,1.582,-0.0795,0.429
113.276,5,0.821,3.326,-1.3582,1.52,1.606,-0.0755,0.439
113.326,5,0.834,3.253,-1.3787,1.49,1.632,-0.0753,0.439
113.376,5,0.848,3.17,-1.3971,1.53,1.657,-0.0755,0.411
113.426,5,0.86,3.084,-1.4181,1.592,1.657,-0.064,0.399
113.476,5,0.871,2.999,-1.4366,1.624,1.684,-0.058,0.388
113.525,5,0.88,2.918,-1.4553,1.649,1.712,-0.0522,0.379
113.576,5,0.887,2.836,-1.4741,1.667,1.74,-0.0483,0.37
113.626,5,0.893,2.755,-1.4903,1.626,1.769,-0.0441,0.37
113.675,5,0.898,2.666,-1.5041,1.697,1.799,-0.0406,0.361
113.725,5,0.903,2.574,-1.5178,1.723,1.828,-0.0381,0.346
113.775,5,0.906,2.487,-1.5287,1.707,1.828,-0.0283,0.346
113.826,5,0.908,2.389,-1.5398,1.803,1.856,-0.0244,0.334
113.876,5,0.909,2.29,-1.5538,1.82,1.884,-0.0163,0.328
113.926,5,0.909,2.188,-1.5651,1.81,1.911,-0.014,0.322
113.976,5,0.909,2.094,-1.5736,1.856,1.937,-0.0082,0.317
114.026,5,0.908,1.996,-1.5792,1.911,1.963,-0.0041,0.311
114.076,5,0.907,1.902,-1.582,1.884,1.988,-0.006,0.305
114.125,5,0.905,1.791,-1.5877,1.934,2.013,-0.0,0.299
114.176,5,0.903,1.694,-1.5906,1.938,2.037,0.0,0.293
114.226,5,0.901,1.594,-1.5906,1.995,2.061,0.0,0.289
114.276,5,0.898,1.493,-1.5935,1.981,2.084,0.0051,0.29
114.326,5,0.896,1.389,-1.5935,1.98,2.107,0.0041,0.29
114.376,5,0.894,1.277,-1.5935,2.044,2.107,0.0041,0.29
114.425,5,0.894,1.277,-1.5935,2.044,2.152,0.0098,0.29
114.475,5,0.891,1.161,-1.5935,2.081,2.173,0.0133,0.29
114.525,5,0.889,1.053,-1.5906,2.147,2.194,0.0129,0.29
114.575,5,0.886,0.843,-1.5877,2.145,2.215,0.0126,0.292
114.625,5,0.885,0.73,-1.582,2.21,2.236,0.0176,0.29
114.676,5,0.885,0.73,-1.582,2.21,2.256,0.0126,0.29
114.726,5,0.884,0.621,-1.5792,2.07,2.276,0.0187,0.288
114.776,5,0.884,0.497,-1.5735,2.239,2.295,0.017,0.284
114.826,5,0.885,0.375,-1.5678,2.307,2.333,0.019,0.28
114.876,5,0.886,0.25,-1.5622,2.341,2.352,0.0187,0.276
114.925,5,0.888,0.139,-1.5566,2.288,2.37,0.0174,0.27
114.976,5,0.891,0.022,-1.5509,2.226,2.388,0.0144,0.263
115.026,5,0.894,-0.1,-1.5454,2.441,2.406,0.0135,0.256
115.076,5,0.899,-0.214,-1.537,2.368,2.441,0.0096,0.248
115.126,5,0.904,-0.334,-1.5314,2.423,2.458,0.0043,0.239
115.176,5,0.909,-0.446,-1.5259,2.457,2.475,0.0,0.23
115.225,5,0.915,-0.563,-1.5231,2.4,2.491,0.0,0.22
115.275,5,0.927,-0.802,-1.5176,2.476,2.508,-0.0,0.211
115.325,5,0.934,-0.928,-1.5176,2.491,2.524,-0.0,0.211
115.375,5,0.941,-1.054,-1.5176,2.518,2.555,-0.0,0.195
115.426,5,0.947,-1.173,-1.5176,2.516,2.571,-0.0,0.186
115.476,5,0.954,-1.298,-1.5176,2.538,2.586,-0.0049,0.178
115.526,5,0.96,-1.419,-1.5176,2.599,2.631,-0.0086,0.169
115.576,5,0.967,-1.546,-1.5176,2.53,2.645,-0.0149,0.16
115.626,5,0.974,-1.682,-1.5204,2.655,2.65,-0.0129,0.152
115.676,5,0.98,-1.811,-1.5204,2.565,2.582,-0.0235,0.145
115.725,5,0.986,-1.947,-1.5231,2.656,2.549,-0.0259,0.139
115.776,5,0.991,-2.078,-1.5315,2.678,2.517,-0.0264,0.134
115.826,5,0.995,-2.21,-1.5342,2.636,2.455,-0.036,0.135
115.876,5,0.998,-2.338,-1.5454,2.649,2.425,-0.0302,0.137
115.926,5,1.0,-2.463,-1.5538,2.585,2.396,-0.0302,0.138
115.976,5,1.0,-2.584,-1.5651,2.598,2.367,-0.0302,0.142
116.025,5,0.998,-2.702,-1.5764,2.499,2.339,-0.0259,0.15
116.076,5,0.996,-2.828,-1.5878,2.452,2.284,-0.0301,0.159
116.126,5,0.992,-2.947,-1.5993,2.446,2.257,-0.0346,0.17
116.176,5,0.987,-3.06,-1.6108,2.372,2.231,-0.0299,0.18
116.226,5,0.981,-3.167,-1.6195,2.453,2.205,-0.0355,0.192
116.276,5,0.975,-3.272,-1.6282,2.26,2.18,-0.0338,0.205
116.325,5,0.966,-3.386,-1.637,2.246,2.154,-0.0422,0.218
116.376,5,0.957,-3.495,-1.6487,2.273,2.13,-0.0423,0.238
116.426,5,0.947,-3.606,-1.6605,2.251,2.081,-0.0549,0.26
116.476,5,0.935,-3.712,-1.6723,2.192,2.058,-0.0651,0.285
116.526,5,0.923,-3.813,-1.6844,2.189,2.034,-0.0685,0.31
116.576,5,0.91,-3.913,-1.6965,2.142,2.011,-0.0724,0.31
116.625,5,0.894,-4.017,-1.7146,1.997,1.989,-0.0706,0.336
116.675,5,0.875,-4.124,-1.7333,1.925,1.966,-0.074,0.362
116.726,5,0.852,-4.237,-1.755,2.205,1.944,-0.0715,0.376
116.776,5,0.829,-4.339,-1.7803,2.104,1.922,-0.0677,0.393
116.826,5,0.805,-4.437,-1.8025,1.963,1.901,-0.0619,0.411
116.876,5,0.778,-4.537,-1.8252,1.936,1.901,-0.0619,0.432
116.926,5,0.746,-4.644,-1.8454,2.102,1.879,-0.0576,0.45
116.976,5,0.719,-4.731,-1.8686,1.96,1.858,-0.0679,0.464
117.026,5,0.69,-4.817,-1.8857,1.88,1.837,-0.0619,0.48
117.076,5,0.659,-4.903,-1.9023,1.891,1.816,-0.0672,0.498
117.126,5,0.626,-4.993,-1.9196,1.933,1.775,-0.0741,0.517
117.176,5,0.594,-5.074,-1.937,1.865,1.755,-0.0859,0.538
117.226,5,0.562,-5.152,-1.9551,1.831,1.735,-0.0945,0.56
117.276,5,0.528,-5.229,-1.9728,1.775,1.715,-0.0975,0.56
117.326,5,0.492,-5.309,-1.9913,1.807,1.715,-0.0896,0.584
117.376,5,0.455,-5.384,-2.0133,1.829,1.696,-0.0956,0.617
117.425,5,0.421,-5.449,-2.0362,1.734,1.677,-0.0931,0.652
117.477,5,0.382,-5.521,-2.0586,1.689,1.657,-0.1088,0.689
117.526,5,0.341,-5.592,-2.0795,1.761,1.638,-0.1176,0.728
117.576,5,0.303,-5.655,-2.1023,1.684,1.638,-0.1061,0.745
117.626,5,0.262,-5.719,-2.1227,1.614,1.62,-0.1081,0.732
117.676,5,0.22,-5.783,-2.1477,1.661,1.601,-0.1166,0.718
117.726,5,0.175,-5.846,-2.1739,1.706,1.583,-0.1171,0.702
117.775,5,0.083,-5.966,-2.2229,1.642,1.583,-0.1044,0.664
117.826,5,0.04,-6.019,-2.2488,1.581,1.547,-0.1319,0.664
117.876,5,-0.011,-6.077,-2.2727,1.581,1.53,-0.1278,0.642
117.926,5,-0.058,-6.129,-2.2968,1.576,1.53,-0.1284,0.622
117.976,5,-0.109,-6.182,-2.3212,1.541,1.513,-0.1274,0.608
118.025,5,-0.109,-6.182,-2.3212,1.541,1.513,-0.1274,0.608
118.076,5,-0.181,-6.252,-2.3483,1.531,1.497,-0.1392,0.596
118.125,5,-0.296,-6.354,-2.4191,1.572,1.481,-0.1393,0.566
118.176,5,-0.344,-6.392,-2.4458,1.51,1.466,-0.127,0.548
118.226,5,-0.396,-6.433,-2.4708,1.539,1.452,-0.1631,0.527
118.276,5,-0.449,-6.471,-2.4993,1.449,1.438,-0.1789,0.509
118.326,5,-0.501,-6.507,-2.5262,1.459,1.438,-0.1678,0.497
118.376,5,-0.554,-6.541,-2.5486,1.493,1.426,-0.1744,0.486
118.427,5,-0.608,-6.574,-2.5808,1.493,1.414,-0.1863,0.475
118.475,5,-0.719,-6.634,-2.641,1.448,1.414,-0.1729,0.466
118.526,5,-0.769,-6.658,-2.6757,1.455,1.397,-0.2025,0.458
118.575,5,-0.819,-6.681,-2.7059,1.423,1.397,-0.1898,0.448
118.626,5,-0.869,-6.701,-2.7346,1.379,1.391,-0.1962,0.43
118.675,5,-0.974,-6.739,-2.796,1.375,1.391,-0.1845,0.408
118.726,5,-1.031,-6.756,-2.8307,1.371,1.387,-0.1843,0.389
118.776,5,-1.088,-6.771,-2.8646,1.408,1.386,-0.2117,0.37
118.826,5,-1.142,-6.784,-2.8968,1.343,1.221,-0.2308,0.347
118.876,5,-1.199,-6.795,-2.9311,1.414,1.221,-0.2204,0.33
118.926,5,-1.301,-6.81,-2.9995,1.301,1.206,-0.2182,0.314
118.976,5,-1.349,-6.814,-3.0316,1.27,1.193,-0.2293,0.299
119.026,5,-1.395,-6.817,-3.0637,1.253,1.193,-0.2173,0.287
119.075,5,-1.477,-6.818,-3.1238,1.159,1.181,-0.2155,0.278
119.126,5,-1.52,-6.817,3.1334,1.158,1.172,-0.2423,0.27
119.175,5,-1.565,-6.814,3.1055,1.147,1.172,-0.2268,0.263
119.226,5,-1.657,-6.805,3.0435,1.151,1.166,-0.2394,0.259
119.276,5,-1.702,-6.798,3.0114,1.19,1.163,-0.2557,0.252
119.326,5,-1.749,-6.79,2.9795,1.164,1.163,-0.2387,0.245
119.376,5,-1.829,-6.771,2.9172,1.164,1.163,-0.2312,0.239
119.426,5,-1.865,-6.761,2.885,1.134,1.162,-0.2265,0.235
119.476,5,-1.905,-6.748,2.8586,1.127,1.161,-0.2494,0.235
119.526,5,-1.985,-6.72,2.7976,1.138,1.161,-0.2645,0.232
119.576,5,-2.026,-6.703,2.7697,1.161,1.161,-0.2502,0.234
119.626,5,-2.063,-6.686,2.7361,1.127,1.163,-0.2609,0.234
119.676,5,-2.136,-6.649,2.6754,1.115,1.163,-0.2523,0.245
119.725,5,-2.172,-6.629,2.6424,1.126,1.166,-0.2609,0.249
119.776,5,-2.211,-6.604,2.6096,1.136,1.166,-0.2496,0.249
119.826,5,-2.282,-6.556,2.5403,1.171,1.17,-0.2635,0.25
119.876,5,-2.314,-6.531,2.5069,1.119,1.176,-0.2774,0.25
119.925,5,-2.348,-6.503,2.4768,1.145,1.176,-0.2613,0.253
119.976,5,-2.412,-6.445,2.4052,1.148,1.181,-0.2614,0.267
120.026,5,-2.44,-6.417,2.3714,1.135,1.181,-0.2496,0.267
120.075,5,-2.497,-6.352,2.3057,1.179,1.187,-0.2726,0.268
120.126,5,-2.523,-6.321,2.269,1.136,1.193,-0.2611,0.268
120.176,5,-2.549,-6.287,2.2395,1.112,1.193,-0.2491,0.268
120.226,5,-2.575,-6.249,2.2036,1.137,1.197,-0.2611,0.272
120.276,5,-2.622,-6.174,2.1311,1.178,1.197,-0.2419,0.278
120.325,5,-2.644,-6.135,2.0986,1.212,1.201,-0.2531,0.278
120.376,5,-2.664,-6.095,2.0633,1.175,1.201,-0.2273,0.277
120.425,5,-2.701,-6.013,1.9951,1.155,1.203,-0.2298,0.28
120.476,5,-2.718,-5.97,1.9621,1.238,1.206,-0.2286,0.28
120.525,5,-2.744,-5.891,1.8993,1.157,1.206,-0.2162,0.277
120.577,5,-2.756,-5.85,1.8716,1.222,1.21,-0.2182,0.268
120.625,5,-2.756,-5.85,1.8716,1.222,1.21,-0.2182,0.268
120.676,5,-2.784,-5.731,1.8151,1.598,1.218,-0.2285,0.255
120.726,5,-2.791,-5.692,1.7578,1.372,1.229,-0.21,0.251
120.776,5,-2.797,-5.645,1.733,1.23,1.229,-0.1966,0.249
120.826,5,-2.808,-5.541,1.6782,1.247,1.244,-0.2054,0.251
120.876,5,-2.811,-5.495,1.6456,1.253,1.26,-0.1979,0.251
120.926,5,-2.812,-5.45,1.6164,1.207,1.26,-0.17,0.257
120.977,5,-2.812,-5.403,1.5905,1.182,1.278,-0.1607,0.266
121.026,5,-2.808,-5.302,1.5342,1.261,1.278,-0.1473,0.274
121.076,5,-2.805,-5.253,1.5065,1.336,1.298,-0.1395,0.279
121.127,5,-2.8,-5.207,1.4848,1.274,1.32,-0.1361,0.282
121.176,5,-2.787,-5.113,1.4417,1.327,1.342,-0.1396,0.283
121.226,5,-2.78,-5.069,1.4179,1.322,1.342,-0.126,0.29
121.275,5,-2.762,-4.975,1.3839,1.278,1.366,-0.1125,0.309
121.326,5,-2.751,-4.925,1.3631,1.358,1.391,-0.1136,0.332
121.377,5,-2.741,-4.882,1.3452,1.329,1.391,-0.1024,0.356
121.426,5,-2.716,-4.787,1.3121,1.305,1.417,-0.0986,0.378
121.476,5,-2.7,-4.733,1.2971,1.223,1.445,-0.1006,0.402
121.526,5,-2.679,-4.668,1.2796,1.524,1.445,-0.0965,0.429
121.577,5,-2.663,-4.618,1.257,1.47,1.473,-0.0791,0.456
121.626,5,-2.627,-4.517,1.228,1.496,1.503,-0.0767,0.482
121.676,5,-2.609,-4.471,1.2106,1.423,1.503,-0.063,0.479
121.725,5,-2.568,-4.368,1.1887,1.481,1.534,-0.0672,0.479
121.777,5,-2.546,-4.319,1.1769,1.487,1.567,-0.0558,0.464
121.827,5,-2.523,-4.266,1.1648,1.455,1.6,-0.0514,0.458
121.875,5,-2.473,-4.156,1.1412,1.608,1.6,-0.0486,0.452
121.926,5,-2.448,-4.104,1.1314,1.543,1.635,-0.0407,0.447
121.976,5,-2.422,-4.051,1.1217,1.568,1.669,-0.0335,0.442
122.026,5,-2.371,-3.948,1.1055,1.61,1.701,-0.0323,0.437
122.076,5,-2.343,-3.895,1.0985,1.616,1.733,-0.0215,0.433
122.125,5,-2.29,-3.793,1.0868,1.667,1.733,-0.0169,0.433
122.176,5,-2.26,-3.737,1.0821,1.728,1.794,-0.006,0.424
122.226,5,-2.233,-3.687,1.0773,1.684,1.794,-0.0,0.424
122.277,5,-2.178,-3.586,1.073,1.67,1.823,0.0053,0.417
122.326,5,-2.147,-3.529,1.0704,1.828,1.851,0.0133,0.417
122.376,5,-2.083,-3.412,1.0704,1.841,1.879,0.0162,0.407
122.426,5,-2.05,-3.352,1.0704,1.826,1.906,0.0297,0.401
122.476,5,-2.015,-3.288,1.0752,1.873,1.933,0.0373,0.401
122.526,5,-1.954,-3.173,1.0795,1.897,1.948,0.0451,0.385
122.576,5,-1.924,-3.115,1.0869,1.906,1.91,0.0536,0.385
122.627,5,-1.863,-2.996,1.1012,1.87,1.875,0.0579,0.362
122.676,5,-1.833,-2.934,1.1077,1.939,1.843,0.07,0.362
122.726,5,-1.78,-2.823,1.1293,1.907,1.814,0.0749,0.33
122.776,5,-1.751,-2.759,1.1386,1.818,1.787,0.0815,0.33
122.827,5,-1.723,-2.694,1.1506,1.913,1.787,0.0794,0.311
122.877,5,-1.672,-2.569,1.1794,1.828,1.742,0.1021,0.266
122.927,5,-1.649,-2.509,1.1961,1.879,1.742,0.0901,0.266
122.976,5,-1.607,-2.393,1.2278,1.79,1.724,0.0975,0.22
123.026,5,-1.589,-2.335,1.2478,1.769,1.709,0.0933,0.22
123.077,5,-1.571,-2.278,1.2651,1.708,1.697,0.1011,0.194
123.126,5,-1.537,-2.155,1.2998,1.729,1.689,0.0971,0.155
123.176,5,-1.522,-2.096,1.3176,1.735,1.684,0.1057,0.155
123.225,5,-1.509,-2.036,1.3352,1.685,1.684,0.0927,0.147
123.276,5,-1.484,-1.917,1.3712,1.638,1.681,0.1043,0.141
123.327,5,-1.473,-1.854,1.3867,1.7,1.681,0.1026,0.137
123.376,5,-1.456,-1.738,1.4234,1.664,1.681,0.0981,0.135
123.427,5,-1.449,-1.679,1.442,1.652,1.683,0.1024,0.136
123.477,5,-1.442,-1.613,1.4579,1.646,1.688,0.1094,0.141
123.527,5,-1.433,-1.485,1.4986,1.733,1.688,0.0981,0.145
123.576,5,-1.431,-1.43,1.5179,1.737,1.696,0.089,0.147
123.626,5,-1.429,-1.313,1.554,1.69,1.706,0.0935,0.151
123.677,5,-1.429,-1.249,1.5708,1.687,1.717,0.0897,0.164
123.726,5,-1.431,-1.184,1.5907,1.71,1.73,0.0907,0.176
123.776,5,-1.434,-1.121,1.6079,1.635,1.745,0.0924,0.187
123.826,5,-1.445,-0.986,1.6458,1.633,1.745,0.081,0.196
123.877,5,-1.452,-0.915,1.6635,1.694,1.778,0.0735,0.204
123.926,5,-1.461,-0.84,1.6814,1.795,1.778,0.061,0.211
123.976,5,-1.48,-0.709,1.7148,1.84,1.797,0.0627,0.216
124.027,5,-1.491,-0.644,1.7302,1.783,1.817,0.0535,0.232
124.076,5,-1.503,-0.575,1.7424,1.849,1.838,0.0531,0.25
124.126,5,-1.529,-0.446,1.7672,1.813,1.86,0.0528,0.268
124.177,5,-1.543,-0.38,1.7771,1.776,1.883,0.0454,0.284
124.226,5,-1.558,-0.314,1.7895,1.807,1.908,0.0407,0.3
124.276,5,-1.593,-0.173,1.809,1.88,1.934,0.0409,0.314
124.326,5,-1.609,-0.11,1.8187,1.907,1.96,0.0384,0.327
124.377,5,-1.626,-0.045,1.8282,1.891,1.985,0.0337,0.34
124.427,5,-1.664,0.092,1.8449,1.879,2.01,0.0246,0.351
124.476,5,-1.685,0.162,1.8516,1.999,2.034,0.026,0.361
124.526,5,-1.724,0.292,1.8649,2.019,2.058,0.0207,0.37
124.576,5,-1.743,0.353,1.8685,2.026,2.082,0.0169,0.379
124.627,5,-1.785,0.484,1.8786,1.977,2.082,0.0083,0.386
124.677,5,-1.809,0.557,1.8818,2.089,2.127,0.0042,0.389
124.726,5,-1.832,0.627,1.8855,2.031,2.149,0.0,0.389
124.777,5,-1.878,0.768,1.8887,2.093,2.171,-0.0,0.394
124.826,5,-1.903,0.841,1.892,2.189,2.192,-0.0042,0.394
124.877,5,-1.949,0.981,1.8919,2.224,2.213,-0.0084,0.399
124.926,5,-1.973,1.053,1.8919,2.118,2.233,-0.0125,0.4
124.976,5,-2.023,1.206,1.8887,2.304,2.193,-0.0212,0.402
125.027,5,-2.047,1.28,1.8855,2.227,2.113,-0.03,0.408
125.077,5,-2.071,1.354,1.885,2.202,2.113,-0.0295,0.408
125.127,5,-2.12,1.508,1.8749,2.2,2.039,-0.0437,0.418
125.176,5,-2.14,1.576,1.868,2.142,2.003,-0.0419,0.418
125.225,5,-2.182,1.72,1.8548,2.062,2.003,-0.0433,0.417
125.276,5,-2.203,1.795,1.8448,2.153,1.936,-0.0552,0.418
125.326,5,-2.221,1.864,1.8349,2.012,1.904,-0.0538,0.418
125.376,5,-2.255,2.002,1.8124,1.978,1.873,-0.0496,0.432
125.427,5,-2.271,2.07,1.8026,2.005,1.843,-0.0638,0.432
125.475,5,-2.285,2.134,1.7925,1.955,1.843,-0.0584,0.437
125.527,5,-2.312,2.268,1.7705,1.806,1.786,-0.0666,0.442
125.576,5,-2.325,2.339,1.7579,1.893,1.758,-0.0795,0.447
125.626,5,-2.336,2.402,1.7456,1.766,1.758,-0.069,0.45
125.676,5,-2.358,2.551,1.7207,1.847,1.731,-0.0775,0.444
125.727,5,-2.367,2.619,1.7054,1.835,1.704,-0.0783,0.444
125.777,5,-2.374,2.678,1.6904,1.757,1.679,-0.0824,0.44
125.826,5,-2.385,2.803,1.6633,1.793,1.653,-0.0895,0.437
125.876,5,-2.39,2.862,1.6485,1.724,1.628,-0.097,0.431
125.926,5,-2.395,2.98,1.6193,1.616,1.604,-0.1062,0.42
125.976,5,-2.397,3.043,1.6049,1.656,1.579,-0.1045,0.408
126.027,5,-2.397,3.104,1.5877,1.691,1.579,-0.0967,0.393
126.076,5,-2.395,3.215,1.5509,1.556,1.556,-0.1085,0.375
126.127,5,-2.393,3.273,1.537,1.636,1.532,-0.1164,0.356
126.176,5,-2.385,3.378,1.5012,1.548,1.509,-0.1164,0.336
126.227,5,-2.38,3.433,1.482,1.519,1.486,-0.1152,0.324
126.276,5,-2.373,3.488,1.4658,1.569,1.486,-0.1157,0.309
126.327,5,-2.357,3.597,1.4258,1.515,1.463,-0.1271,0.293
126.376,5,-2.349,3.645,1.4073,1.541,1.441,-0.1435,0.279
126.426,5,-2.329,3.745,1.371,1.457,1.419,-0.1383,0.268
126.476,5,-2.317,3.795,1.3502,1.512,1.419,-0.127,0.259
126.526,5,-2.291,3.891,1.3121,1.446,1.397,-0.1382,0.252
126.576,5,-2.276,3.941,1.292,1.401,1.375,-0.1376,0.246
126.626,5,-2.261,3.989,1.2696,1.399,1.375,-0.1395,0.243
126.676,5,-2.228,4.082,1.2303,1.346,1.354,-0.1743,0.241
126.726,5,-2.21,4.128,1.2106,1.381,1.333,-0.1727,0.234
126.776,5,-2.173,4.213,1.1648,1.379,1.333,-0.1609,0.229
126.827,5,-2.154,4.254,1.1407,1.359,1.312,-0.1725,0.226
126.875,5,-2.132,4.296,1.1173,1.34,1.291,-0.1848,0.224
126.926,5,-2.09,4.373,1.0751,1.329,1.271,-0.1836,0.224
126.976,5,-2.067,4.413,1.052,1.284,1.271,-0.1833,0.227
127.027,5,-2.023,4.482,1.0033,1.288,1.251,-0.2183,0.231
127.077,5,-1.999,4.517,0.9809,1.225,1.232,-0.2337,0.228
127.127,5,-1.946,4.588,0.9336,1.295,1.232,-0.2064,0.222
127.176,5,-1.922,4.618,0.9068,1.243,1.214,-0.2306,0.218
127.226,5,-1.87,4.677,0.8492,1.227,1.197,-0.2297,0.216
127.276,5,-1.817,4.731,0.8014,1.224,1.197,-0.2224,0.215
127.325,5,-1.792,4.755,0.7754,1.166,1.182,-0.2156,0.217
127.376,5,-1.733,4.807,0.7259,1.168,1.182,-0.2036,0.21
127.427,5,-1.7,4.834,0.6983,1.171,1.171,-0.2157,0.204
127.476,5,-1.637,4.881,0.6472,1.192,1.171,-0.2043,0.2
127.527,5,-1.604,4.904,0.6242,1.159,1.163,-0.2155,0.198
127.575,5,-1.54,4.945,0.5738,1.124,1.16,-0.2406,0.198
127.627,5,-1.507,4.965,0.5508,1.116,1.16,-0.2989,0.199
127.675,5,-1.474,4.983,0.5262,1.146,1.16,-0.2844,0.199
127.726,5,-1.405,5.018,0.4723,1.172,1.159,-0.3024,0.21
127.775,5,-1.371,5.033,0.4352,1.13,1.159,-0.2725,0.21
127.827,5,-1.301,5.06,0.3722,1.125,1.161,-0.2427,0.192
127.876,5,-1.264,5.072,0.3376,1.114,1.161,-0.2285,0.192
127.926,5,-1.186,5.093,0.2708,1.153,1.164,-0.2307,0.181
127.976,5,-1.149,5.102,0.2423,1.151,1.17,-0.2384,0.181
128.026,5,-1.073,5.116,0.1921,1.139,1.17,-0.2266,0.179
128.076,5,-1.033,5.122,0.1621,1.17,1.176,-0.2511,0.179
128.126,5,-0.955,5.13,0.1079,1.163,1.183,-0.2502,0.188
128.176,5,-0.916,5.133,0.0799,1.173,1.183,-0.2519,0.188
128.226,5,-0.835,5.134,0.0259,1.15,1.183,-0.2406,0.197
128.276,5,-0.795,5.133,-0.0082,1.144,1.189,-0.2383,0.197
128.326,5,-0.755,5.131,-0.0382,1.179,1.195,-0.264,0.198
128.376,5,-0.674,5.123,-0.0982,1.16,1.201,-0.2673,0.202
128.427,5,-0.633,5.117,-0.1283,1.154,1.201,-0.25,0.202
128.476,5,-0.549,5.1,-0.1945,1.146,1.201,-0.2432,0.197
128.527,5,-0.507,5.089,-0.2286,1.215,1.207,-0.2415,0.197
128.577,5,-0.467,5.078,-0.2608,1.185,1.212,-0.2519,0.198
128.627,5,-0.387,5.051,-0.3216,1.199,1.216,-0.2394,0.201
128.676,5,-0.349,5.036,-0.356,1.182,1.216,-0.2275,0.198
128.727,5,-0.274,5.003,-0.4133,1.2,1.22,-0.233,0.196
128.776,5,-0.236,4.984,-0.4437,1.162,1.22,-0.2186,0.197
128.827,5,-0.194,4.962,-0.4725,1.176,1.225,-0.2295,0.201
128.877,5,-0.117,4.915,-0.5344,1.2,1.233,-0.2163,0.214
128.926,5,-0.08,4.891,-0.5656,1.208,1.233,-0.209,0.228
128.976,5,-0.045,4.866,-0.595,1.123,1.244,-0.2159,0.241
129.026,5,-0.001,4.833,-0.62,1.205,1.244,-0.2083,0.253
129.076,5,0.075,4.771,-0.6898,1.234,1.257,-0.1957,0.264
129.126,5,0.113,4.737,-0.7197,1.223,1.272,-0.1748,0.272
129.175,5,0.147,4.703,-0.7494,1.239,1.272,-0.1608,0.276
129.227,5,0.183,4.667,-0.7799,1.219,1.288,-0.1586,0.264
129.276,5,0.222,4.625,-0.8102,1.242,1.288,-0.1473,0.264
129.327,5,0.258,4.583,-0.8384,1.223,1.305,-0.1599,0.254
129.376,5,0.333,4.489,-0.8957,1.299,1.305,-0.1359,0.241
129.425,5,0.366,4.444,-0.9224,1.286,1.342,-0.1609,0.237
129.477,5,0.398,4.398,-0.9493,1.312,1.342,-0.1365,0.235
129.526,5,0.428,4.353,-0.972,1.297,1.362,-0.148,0.234
129.576,5,0.461,4.3,-0.9948,1.296,1.362,-0.1363,0.234
129.627,5,0.491,4.249,-1.0241,1.356,1.382,-0.1297,0.236
129.676,5,0.544,4.152,-1.0727,1.389,1.402,-0.1251,0.259
129.725,5,0.569,4.102,-1.0987,1.392,1.423,-0.1263,0.274
129.776,5,0.594,4.049,-1.1197,1.384,1.423,-0.1138,0.286
129.826,5,0.619,3.992,-1.1413,1.367,1.444,-0.1137,0.286
129.877,5,0.641,3.937,-1.165,1.378,1.444,-0.1079,0.297
129.926,5,0.664,3.88,-1.1866,1.414,1.466,-0.0991,0.307
129.976,5,0.706,3.763,-1.2278,1.425,1.488,-0.1024,0.322
130.026,5,0.725,3.701,-1.2477,1.423,1.511,-0.0945,0.34
130.076,5,0.746,3.633,-1.2674,1.462,1.534,-0.0988,0.364
130.126,5,0.765,3.564,-1.2873,1.483,1.534,-0.0911,0.386
130.176,5,0.783,3.496,-1.3074,1.531,1.558,-0.0915,0.386
130.227,5,0.798,3.431,-1.3277,1.48,1.582,-0.0837,0.407
130.276,5,0.813,3.364,-1.3454,1.53,1.606,-0.0835,0.427
130.327,5,0.827,3.291,-1.366,1.515,1.606,-0.0715,0.439
130.376,5,0.841,3.216,-1.3841,1.54,1.632,-0.0767,0.425
130.427,5,0.853,3.14,-1.4051,1.588,1.657,-0.0719,0.412
130.476,5,0.864,3.063,-1.4233,1.589,1.684,-0.0657,0.399
130.527,5,0.873,2.985,-1.4392,1.61,1.684,-0.0569,0.388
130.576,5,0.882,2.907,-1.4553,1.631,1.712,-0.0567,0.377
130.627,5,0.889,2.826,-1.4713,1.653,1.74,-0.0522,0.368
130.677,5,0.895,2.748,-1.4876,1.683,1.769,-0.0483,0.36
130.727,5,0.9,2.669,-1.5012,1.687,1.799,-0.0444,0.352
130.776,5,0.904,2.58,-1.515,1.712,1.799,-0.0323,0.345
130.827,5,0.907,2.495,-1.5288,1.665,1.828,-0.0282,0.345
130.877,5,0.91,2.394,-1.5399,1.813,1.856,-0.0302,0.333
130.926,5,0.911,2.307,-1.5538,1.782,1.884,-0.0209,0.327
130.976,5,0.911,2.217,-1.5623,1.838,1.911,-0.0178,0.327
131.027,5,0.911,2.123,-1.5679,1.877,1.937,-0.0164,0.321
131.077,5,0.91,2.031,-1.5764,1.833,1.963,-0.0082,0.316
131.127,5,0.909,1.931,-1.5821,1.909,1.988,-0.0041,0.31
131.176,5,0.907,1.834,-1.5877,1.898,2.013,-0.0,0.305
131.227,5,0.904,1.728,-1.5935,1.938,2.037,0.0,0.3
131.276,5,0.902,1.622,-1.5935,2.014,2.061,0.0,0.29
131.327,5,0.899,1.514,-1.5963,1.827,2.084,0.0041,0.29
131.376,5,0.896,1.385,-1.5963,2.15,2.107,0.0089,0.29
131.427,5,0.893,1.281,-1.5963,2.148,2.152,0.0133,0.29
131.476,5,0.891,1.178,-1.5963,2.043,2.173,0.0125,0.29
131.526,5,0.888,1.066,-1.5934,2.145,2.194,0.0126,0.291
131.575,5,0.886,0.963,-1.5906,2.132,2.215,0.0174,0.292
131.626,5,0.884,0.844,-1.5877,2.146,2.236,0.0168,0.293
131.677,5,0.883,0.733,-1.582,2.209,2.256,0.0185,0.292
131.727,5,0.883,0.622,-1.5792,2.13,2.276,0.0167,0.289
131.777,5,0.883,0.507,-1.5735,2.245,2.295,0.0177,0.286
131.827,5,0.883,0.394,-1.5678,2.271,2.314,0.0176,0.281
131.876,5,0.885,0.279,-1.5622,2.338,2.352,0.0188,0.276
131.926,5,0.887,0.169,-1.5566,2.283,2.37,0.0174,0.271
131.976,5,0.889,0.05,-1.5509,2.327,2.388,0.0128,0.264
132.027,5,0.893,-0.063,-1.5454,2.333,2.406,0.0129,0.256
132.076,5,0.897,-0.186,-1.537,2.342,2.424,0.0043,0.248
132.126,5,0.902,-0.309,-1.5314,2.428,2.441,0.0057,0.24
132.176,5,0.907,-0.42,-1.5258,2.396,2.475,0.0,0.23
132.226,5,0.913,-0.537,-1.5231,2.365,2.491,0.0,0.23
132.276,5,0.919,-0.657,-1.5203,2.441,2.508,-0.0,0.222
132.327,5,0.926,-0.783,-1.5204,2.467,2.524,-0.0,0.213
132.377,5,0.932,-0.903,-1.5204,2.456,2.54,0.0,0.205
132.426,5,0.938,-1.029,-1.5204,2.506,2.571,-0.0,0.197
132.476,5,0.945,-1.156,-1.5204,2.52,2.586,-0.0,0.189
132.527,5,0.951,-1.281,-1.5204,2.508,2.601,-0.0,0.18
132.576,5,0.958,-1.412,-1.5204,2.599,2.631,-0.0043,0.172
132.627,5,0.965,-1.539,-1.5204,2.633,2.645,-0.0107,0.164
132.676,5,0.971,-1.667,-1.5204,2.549,2.65,-0.0145,0.155
132.726,5,0.978,-1.799,-1.5204,2.628,2.616,-0.0172,0.147
132.776,5,0.984,-1.929,-1.5204,2.647,2.549,-0.0259,0.139
132.827,5,0.99,-2.065,-1.5259,2.593,2.517,-0.0307,0.133
132.876,5,0.995,-2.198,-1.5315,2.693,2.486,-0.0302,0.134
132.927,5,0.999,-2.326,-1.537,2.657,2.425,-0.0388,0.136
132.976,5,1.001,-2.452,-1.5482,2.578,2.396,-0.0345,0.137
133.027,5,1.002,-2.578,-1.5595,2.551,2.367,-0.0394,0.14
133.076,5,1.001,-2.707,-1.5708,2.571,2.311,-0.0388,0.148
133.127,5,0.998,-2.826,-1.585,2.488,2.284,-0.0344,0.156
133.176,5,0.995,-2.941,-1.5965,2.471,2.257,-0.0396,0.166
133.226,5,0.99,-3.048,-1.6108,2.369,2.231,-0.0352,0.177
133.277,5,0.983,-3.159,-1.6225,2.387,2.205,-0.0299,0.189
133.326,5,0.975,-3.271,-1.6341,2.33,2.18,-0.0298,0.202
133.376,5,0.967,-3.377,-1.6458,2.295,2.154,-0.0339,0.217
133.427,5,0.957,-3.49,-1.6576,2.265,2.13,-0.0338,0.237
133.476,5,0.946,-3.592,-1.6665,2.159,2.105,-0.0377,0.26
133.527,5,0.934,-3.705,-1.6754,2.156,2.058,-0.0602,0.285
133.577,5,0.92,-3.817,-1.6874,2.156,2.034,-0.0639,0.31
133.626,5,0.906,-3.919,-1.6995,2.22,2.011,-0.0681,0.337
133.677,5,0.892,-4.016,-1.7116,2.125,1.989,-0.0722,0.351
133.726,5,0.876,-4.113,-1.727,2.112,1.966,-0.0794,0.351
133.775,5,0.857,-4.212,-1.7458,2.089,1.944,-0.0804,0.363
133.827,5,0.838,-4.304,-1.7673,1.964,1.922,-0.0743,0.376
133.876,5,0.794,-4.485,-1.8091,2.022,1.901,-0.0756,0.409
133.926,5,0.768,-4.576,-1.8319,1.964,1.879,-0.0705,0.428
133.976,5,0.743,-4.661,-1.8518,1.959,1.858,-0.0619,0.446
134.026,5,0.716,-4.745,-1.8718,1.896,1.837,-0.0615,0.461
134.076,5,0.687,-4.83,-1.8889,1.906,1.816,-0.0666,0.477
134.127,5,0.659,-4.909,-1.9055,1.932,1.796,-0.0706,0.494
134.176,5,0.629,-4.989,-1.9201,1.866,1.775,-0.0737,0.513
134.227,5,0.6,-5.064,-1.937,1.898,1.755,-0.0906,0.534
134.277,5,0.569,-5.139,-1.9519,1.829,1.735,-0.0938,0.534
134.325,5,0.537,-5.214,-1.9695,1.77,1.735,-0.0852,0.555
134.377,5,0.501,-5.293,-1.9873,1.824,1.715,-0.0955,0.579
134.427,5,0.467,-5.363,-2.01,1.766,1.696,-0.0933,0.611
134.475,5,0.391,-5.508,-2.0519,1.79,1.677,-0.0967,0.646
134.525,5,0.353,-5.574,-2.0753,1.771,1.657,-0.1015,0.722
134.577,5,0.316,-5.637,-2.0955,1.684,1.638,-0.1088,0.748
134.627,5,0.277,-5.698,-2.1184,1.738,1.62,-0.1149,0.733
134.676,5,0.239,-5.757,-2.1434,1.634,1.601,-0.1163,0.72
134.727,5,0.199,-5.814,-2.1642,1.676,1.601,-0.1047,0.72
134.775,5,0.12,-5.922,-2.2094,1.62,1.583,-0.1135,0.686
134.826,5,0.079,-5.973,-2.2319,1.599,1.565,-0.116,0.667
134.876,5,0.036,-6.024,-2.2533,1.58,1.547,-0.1291,0.645
134.927,5,-0.01,-6.077,-2.2738,1.569,1.53,-0.1277,0.645
134.976,5,-0.054,-6.125,-2.3026,1.532,1.53,-0.1153,0.623
135.026,5,-0.102,-6.174,-2.3258,1.574,1.513,-0.1313,0.607
135.076,5,-0.194,-6.263,-2.3744,1.547,1.497,-0.1273,0.58
135.127,5,-0.24,-6.304,-2.3994,1.548,1.481,-0.1274,0.564
135.175,5,-0.286,-6.343,-2.4239,1.546,1.466,-0.144,0.564
135.227,5,-0.332,-6.381,-2.4458,1.479,1.466,-0.1267,0.546
135.277,5,-0.385,-6.421,-2.4693,1.49,1.452,-0.1666,0.526
135.327,5,-0.48,-6.49,-2.5183,1.496,1.438,-0.1625,0.497
135.376,5,-0.528,-6.522,-2.539,1.434,1.426,-0.1735,0.497
135.426,5,-0.576,-6.552,-2.5662,1.491,1.426,-0.1625,0.484
135.476,5,-0.674,-6.608,-2.6246,1.489,1.414,-0.1739,0.463
135.526,5,-0.72,-6.632,-2.6509,1.4,1.405,-0.173,0.463
135.577,5,-0.768,-6.655,-2.6774,1.442,1.397,-0.1991,0.456
135.626,5,-0.86,-6.695,-2.731,1.413,1.391,-0.1968,0.43
135.676,5,-0.905,-6.712,-2.755,1.329,1.391,-0.1836,0.43
135.727,5,-0.959,-6.731,-2.7839,1.423,1.387,-0.2127,0.409
135.776,5,-1.051,-6.759,-2.8447,1.363,1.386,-0.2077,0.371
135.826,5,-1.101,-6.772,-2.873,1.34,1.386,-0.1955,0.371
135.876,5,-1.196,-6.792,-2.9311,1.373,1.221,-0.2383,0.33
135.927,5,-1.247,-6.801,-2.9596,1.333,1.206,-0.2306,0.33
135.976,5,-1.293,-6.807,-2.9896,1.292,1.206,-0.2181,0.315
136.025,5,-1.342,-6.812,-3.0237,1.282,1.193,-0.2295,0.3
136.077,5,-1.425,-6.816,-3.0898,1.179,1.181,-0.2274,0.287
136.127,5,-1.469,-6.816,-3.1158,1.173,1.181,-0.2158,0.277
136.176,5,-1.549,-6.813,3.1094,1.165,1.172,-0.2312,0.269
136.227,5,-1.586,-6.811,3.0834,1.164,1.172,-0.2156,0.262
136.276,5,-1.663,-6.802,3.0293,1.134,1.166,-0.2292,0.257
136.327,5,-1.7,-6.796,3.0031,1.149,1.163,-0.2384,0.251
136.377,5,-1.776,-6.781,2.949,1.108,1.163,-0.2288,0.243
136.425,5,-1.818,-6.771,2.9211,1.176,1.162,-0.2389,0.237
136.477,5,-1.892,-6.75,2.8624,1.141,1.162,-0.2271,0.233
136.526,5,-1.928,-6.738,2.836,1.158,1.161,-0.2385,0.23
136.577,5,-2.002,-6.71,2.7836,1.16,1.161,-0.2386,0.23
136.625,5,-2.036,-6.695,2.7565,1.118,1.161,-0.2377,0.231
136.676,5,-2.074,-6.678,2.7289,1.016,1.163,-0.2583,0.234
136.726,5,-2.152,-6.637,2.6654,1.176,1.163,-0.263,0.241
136.776,5,-2.187,-6.617,2.6359,1.158,1.166,-0.2616,0.246
136.826,5,-2.252,-6.576,2.5756,1.15,1.166,-0.2507,0.247
136.876,5,-2.283,-6.554,2.5451,1.155,1.17,-0.266,0.248
136.926,5,-2.315,-6.53,2.5147,1.148,1.176,-0.2729,0.252
136.976,5,-2.376,-6.479,2.4532,1.15,1.176,-0.2628,0.26
137.026,5,-2.406,-6.452,2.4175,1.202,1.181,-0.2777,0.267
137.076,5,-2.461,-6.396,2.3527,1.169,1.187,-0.2734,0.27
137.127,5,-2.487,-6.367,2.3209,1.143,1.187,-0.2669,0.269
137.176,5,-2.536,-6.306,2.2576,1.164,1.193,-0.2618,0.27
137.227,5,-2.558,-6.277,2.2225,1.105,1.193,-0.2524,0.273
137.277,5,-2.603,-6.209,2.1615,1.177,1.197,-0.2549,0.278
137.326,5,-2.623,-6.175,2.1301,1.191,1.197,-0.2424,0.28
137.377,5,-2.662,-6.103,2.0675,1.162,1.201,-0.2525,0.279
137.427,5,-2.68,-6.067,2.036,1.218,1.203,-0.2398,0.279
137.476,5,-2.71,-5.996,1.9765,1.211,1.206,-0.2437,0.281
137.527,5,-2.722,-5.963,1.9477,1.165,1.206,-0.2294,0.28
137.576,5,-2.748,-5.886,1.8951,1.188,1.21,-0.2287,0.271
137.627,5,-2.758,-5.848,1.8647,1.156,1.21,-0.2039,0.262
137.676,5,-2.778,-5.767,1.8088,1.187,1.218,-0.2215,0.256
137.727,5,-2.786,-5.724,1.7797,1.21,1.218,-0.197,0.252
137.777,5,-2.793,-5.684,1.7517,1.193,1.229,-0.193,0.252
137.826,5,-2.803,-5.601,1.6963,1.254,1.244,-0.1984,0.249
137.876,5,-2.807,-5.561,1.6723,1.228,1.244,-0.1866,0.249
137.926,5,-2.811,-5.479,1.6251,1.201,1.26,-0.183,0.256
137.977,5,-2.812,-5.437,1.602,1.236,1.26,-0.172,0.256
138.026,5,-2.81,-5.353,1.5537,1.255,1.278,-0.1358,0.272
138.077,5,-2.808,-5.313,1.5314,1.22,1.298,-0.1477,0.272
138.125,5,-2.801,-5.222,1.4902,1.295,1.32,-0.1363,0.281
138.176,5,-2.796,-5.182,1.4713,1.239,1.32,-0.1364,0.281
138.226,5,-2.783,-5.09,1.4338,1.318,1.342,-0.1249,0.289
138.276,5,-2.776,-5.049,1.4153,1.288,1.342,-0.1255,0.289
138.327,5,-2.76,-4.962,1.3814,1.335,1.366,-0.1055,0.331
138.376,5,-2.751,-4.921,1.3659,1.272,1.391,-0.1127,0.331
138.426,5,-2.728,-4.829,1.33,1.277,1.391,-0.1061,0.378
138.477,5,-2.715,-4.779,1.3174,1.362,1.417,-0.1019,0.378
138.526,5,-2.689,-4.691,1.2871,1.425,1.445,-0.1074,0.429
138.576,5,-2.675,-4.646,1.272,1.383,1.445,-0.0903,0.429
138.626,5,-2.645,-4.559,1.2424,1.39,1.473,-0.0847,0.482
138.677,5,-2.627,-4.51,1.2303,1.424,1.503,-0.0803,0.482
138.726,5,-2.593,-4.421,1.2032,1.467,1.503,-0.0726,0.467
138.777,5,-2.574,-4.373,1.1937,1.501,1.534,-0.0674,0.467
138.826,5,-2.533,-4.277,1.1697,1.512,1.567,-0.0595,0.453
138.876,5,-2.512,-4.229,1.1603,1.507,1.6,-0.0574,0.453
138.926,5,-2.489,-4.18,1.1478,1.495,1.635,-0.0515,0.447
138.976,5,-2.44,-4.077,1.1292,1.576,1.669,-0.0418,0.442
139.026,5,-2.417,-4.029,1.1195,1.657,1.669,-0.0368,0.437
139.076,5,-2.367,-3.931,1.1033,1.602,1.701,-0.0281,0.433
139.127,5,-2.343,-3.884,1.0959,1.667,1.733,-0.0201,0.429
139.177,5,-2.289,-3.782,1.0842,1.705,1.764,-0.0121,0.425
139.227,5,-2.263,-3.734,1.0799,1.656,1.794,-0.004,0.421
139.276,5,-2.203,-3.623,1.0725,1.715,1.794,-0.0,0.417
139.327,5,-2.175,-3.572,1.0704,1.844,1.823,0.0042,0.413
139.377,5,-2.118,-3.467,1.0704,1.79,1.879,0.0122,0.409
139.427,5,-2.09,-3.416,1.0704,1.786,1.879,0.0167,0.404
139.476,5,-2.031,-3.309,1.0726,1.894,1.906,0.0262,0.398
139.526,5,-2.003,-3.256,1.0752,1.912,1.933,0.0348,0.391
139.576,5,-1.949,-3.155,1.0821,1.87,1.948,0.0409,0.382
139.627,5,-1.918,-3.096,1.0869,1.866,1.91,0.0491,0.372
139.676,5,-1.858,-2.978,1.1008,1.983,1.875,0.0537,0.36
139.726,5,-1.828,-2.917,1.1104,1.967,1.843,0.066,0.345
139.776,5,-1.775,-2.804,1.1293,1.938,1.814,0.07,0.328
139.827,5,-1.747,-2.744,1.1386,1.953,1.787,0.0838,0.31
139.876,5,-1.7,-2.636,1.16,1.906,1.763,0.0944,0.29
139.927,5,-1.677,-2.58,1.1721,1.765,1.742,0.1061,0.29
139.976,5,-1.632,-2.465,1.2011,1.859,1.724,0.1063,0.248
140.025,5,-1.612,-2.409,1.2131,1.78,1.724,0.1035,0.248
140.076,5,-1.576,-2.3,1.2478,1.794,1.697,0.1147,0.199
140.127,5,-1.559,-2.245,1.2647,1.676,1.697,0.1059,0.199
140.176,5,-1.529,-2.137,1.3023,1.726,1.689,0.1018,0.16
140.228,5,-1.515,-2.081,1.3201,1.667,1.684,0.1046,0.16
140.277,5,-1.491,-1.969,1.3611,1.687,1.682,0.0967,0.144
140.326,5,-1.481,-1.914,1.3765,1.629,1.681,0.1061,0.144
140.376,5,-1.463,-1.806,1.4075,1.699,1.681,0.1063,0.137
140.425,5,-1.455,-1.751,1.4234,1.676,1.681,0.0966,0.137
140.476,5,-1.443,-1.644,1.4554,1.669,1.683,0.0971,0.143
140.526,5,-1.434,-1.53,1.4877,1.71,1.688,0.1007,0.147
140.575,5,-1.43,-1.468,1.5041,1.703,1.696,0.1013,0.149
140.626,5,-1.428,-1.412,1.5205,1.676,1.706,0.1054,0.149
140.676,5,-1.426,-1.302,1.5539,1.694,1.717,0.101,0.167
140.725,5,-1.428,-1.19,1.5879,1.75,1.717,0.0886,0.179
140.776,5,-1.43,-1.134,1.6051,1.685,1.73,0.0853,0.179
140.825,5,-1.434,-1.079,1.6196,1.683,1.745,0.0846,0.19
140.876,5,-1.443,-0.962,1.6517,1.709,1.761,0.0816,0.2
140.926,5,-1.456,-0.849,1.6814,1.745,1.778,0.0733,0.215
140.976,5,-1.463,-0.793,1.6963,1.745,1.797,0.0648,0.215
141.026,5,-1.481,-0.674,1.7209,1.806,1.817,0.0697,0.236
141.076,5,-1.491,-0.616,1.7333,1.737,1.838,0.0607,0.236
141.125,5,-1.514,-0.498,1.758,1.79,1.838,0.058,0.273
141.176,5,-1.525,-0.441,1.7675,1.841,1.883,0.0544,0.273
141.226,5,-1.551,-0.326,1.7895,1.824,1.908,0.0449,0.29
141.276,5,-1.566,-0.264,1.7992,1.833,1.908,0.0416,0.305
141.326,5,-1.595,-0.146,1.8188,1.864,1.96,0.0368,0.319
141.376,5,-1.613,-0.081,1.8255,1.859,1.96,0.0327,0.332
141.426,5,-1.646,0.038,1.8417,1.949,2.01,0.0309,0.344
141.476,5,-1.665,0.102,1.8485,1.874,2.01,0.0262,0.355
141.526,5,-1.704,0.234,1.8617,1.971,2.034,0.0255,0.364
141.576,5,-1.725,0.303,1.8681,1.994,2.058,0.0165,0.373
141.626,5,-1.768,0.437,1.8786,2.134,2.082,0.0137,0.382
141.677,5,-1.787,0.494,1.8818,2.025,2.104,0.0086,0.388
141.726,5,-1.828,0.621,1.8887,1.993,2.149,0.0,0.391
141.777,5,-1.851,0.69,1.892,2.098,2.149,-0.0,0.394
141.826,5,-1.898,0.829,1.8952,2.1,2.171,-0.0,0.396
141.875,5,-1.921,0.897,1.8951,2.193,2.213,-0.0084,0.397
141.927,5,-1.945,0.969,1.8951,1.764,2.213,-0.0128,0.399
141.976,5,-1.981,1.078,1.8951,2.735,2.233,-0.0194,0.4
142.027,5,-2.03,1.225,1.8919,2.343,2.152,-0.0304,0.402
142.076,5,-2.054,1.297,1.8887,2.365,2.113,-0.0349,0.409
142.127,5,-2.099,1.438,1.8786,2.208,2.075,-0.0356,0.42
142.176,5,-2.12,1.507,1.8717,2.189,2.039,-0.0378,0.418
142.226,5,-2.161,1.647,1.858,2.07,2.003,-0.0375,0.416
142.277,5,-2.18,1.714,1.8511,2.209,1.969,-0.0463,0.416
142.327,5,-2.215,1.843,1.8349,2.028,1.936,-0.0477,0.417
142.376,5,-2.232,1.91,1.8254,2.059,1.904,-0.0509,0.425
142.427,5,-2.262,2.033,1.8058,1.965,1.873,-0.0454,0.431
142.478,5,-2.275,2.094,1.7991,1.918,1.843,-0.0575,0.436
142.527,5,-2.302,2.218,1.7801,1.912,1.814,-0.0619,0.441
142.576,5,-2.315,2.283,1.7708,1.889,1.786,-0.0656,0.446
142.627,5,-2.336,2.402,1.7486,1.852,1.758,-0.0736,0.45
142.676,5,-2.347,2.466,1.7392,1.812,1.731,-0.0815,0.452
142.726,5,-2.363,2.58,1.7116,1.798,1.704,-0.0773,0.446
142.776,5,-2.37,2.641,1.6994,1.762,1.679,-0.0867,0.441
142.827,5,-2.377,2.706,1.6872,1.666,1.679,-0.0814,0.441
142.877,5,-2.388,2.832,1.6574,1.824,1.628,-0.1019,0.433
142.927,5,-2.392,2.887,1.6427,1.709,1.628,-0.0975,0.433
142.976,5,-2.396,2.999,1.6106,1.688,1.604,-0.0927,0.407
143.027,5,-2.397,3.052,1.5934,1.627,1.579,-0.0962,0.407
143.076,5,-2.396,3.166,1.5622,1.59,1.579,-0.094,0.375
143.127,5,-2.394,3.223,1.5454,1.56,1.532,-0.1156,0.356
143.175,5,-2.388,3.331,1.5149,1.605,1.532,-0.1164,0.356
143.227,5,-2.384,3.381,1.5011,1.517,1.509,-0.1152,0.325
143.276,5,-2.379,3.436,1.4848,1.525,1.486,-0.1152,0.325
143.326,5,-2.365,3.545,1.4472,1.559,1.463,-0.1449,0.294
143.376,5,-2.358,3.593,1.4286,1.509,1.463,-0.127,0.294
143.426,5,-2.34,3.689,1.3944,1.497,1.441,-0.1269,0.269
143.476,5,-2.33,3.735,1.3735,1.482,1.419,-0.1386,0.269
143.526,5,-2.307,3.83,1.3325,1.427,1.397,-0.1379,0.251
143.576,5,-2.294,3.878,1.3149,1.449,1.397,-0.1263,0.251
143.627,5,-2.268,3.965,1.2771,1.398,1.375,-0.141,0.242
143.676,5,-2.252,4.011,1.2573,1.425,1.354,-0.1758,0.242
143.726,5,-2.223,4.089,1.2202,1.4,1.333,-0.173,0.239
143.775,5,-2.191,4.168,1.1864,1.354,1.333,-0.1732,0.233
143.827,5,-2.172,4.21,1.1621,1.347,1.312,-0.1722,0.228
143.876,5,-2.137,4.283,1.12,1.275,1.312,-0.1604,0.222
143.926,5,-2.116,4.323,1.0985,1.319,1.291,-0.1751,0.222
143.976,5,-2.075,4.395,1.0541,1.277,1.271,-0.1883,0.222
144.026,5,-2.053,4.43,1.0358,1.293,1.271,-0.1738,0.223
144.076,5,-2.006,4.501,0.99,1.277,1.251,-0.2101,0.228
144.125,5,-1.984,4.533,0.9647,1.267,1.232,-0.2176,0.225
144.176,5,-1.934,4.597,0.9202,1.213,1.214,-0.2319,0.22
144.227,5,-1.909,4.628,0.8935,1.229,1.214,-0.2216,0.215
144.276,5,-1.857,4.686,0.8406,1.225,1.197,-0.2168,0.213
144.325,5,-1.804,4.739,0.7929,1.209,1.197,-0.2046,0.212
144.376,5,-1.776,4.766,0.7665,1.17,1.182,-0.2203,0.213
144.425,5,-1.719,4.816,0.7218,1.156,1.182,-0.2044,0.209
144.476,5,-1.69,4.839,0.6936,1.185,1.171,-0.22,0.203
144.527,5,-1.655,4.866,0.6703,1.161,1.163,-0.2388,0.199
144.575,5,-1.591,4.911,0.6157,1.164,1.163,-0.2199,0.197
144.625,5,-1.557,4.932,0.5884,1.149,1.16,-0.2268,0.196
144.676,5,-1.495,4.969,0.5341,1.157,1.16,-0.2891,0.197
144.725,5,-1.462,4.987,0.5114,1.128,1.16,-0.2725,0.202
144.776,5,-1.397,5.019,0.4619,1.106,1.159,-0.2834,0.206
144.825,5,-1.362,5.035,0.4395,1.123,1.159,-0.2874,0.203
144.876,5,-1.294,5.062,0.376,1.111,1.161,-0.2375,0.195
144.927,5,-1.253,5.076,0.3498,1.132,1.161,-0.2395,0.189
144.976,5,-1.179,5.097,0.2829,1.159,1.164,-0.2417,0.184
145.026,5,-1.143,5.106,0.2567,1.098,1.17,-0.2488,0.182
145.076,5,-1.065,5.121,0.2003,1.105,1.17,-0.2413,0.182
145.127,5,-1.021,5.128,0.17,1.111,1.176,-0.249,0.184
145.176,5,-0.978,5.133,0.1379,1.183,1.176,-0.251,0.184
145.227,5,-0.897,5.139,0.0759,1.171,1.183,-0.2504,0.197
145.276,5,-0.857,5.14,0.0459,1.178,1.189,-0.2737,0.197
145.326,5,-0.78,5.139,-0.0142,1.158,1.189,-0.2514,0.204
145.377,5,-0.743,5.136,-0.0442,1.119,1.195,-0.2648,0.204
145.427,5,-0.665,5.128,-0.1082,1.15,1.201,-0.2661,0.208
145.476,5,-0.624,5.121,-0.1363,1.17,1.201,-0.2503,0.208
145.525,5,-0.544,5.105,-0.2006,1.165,1.207,-0.2555,0.203
145.577,5,-0.506,5.095,-0.2347,1.162,1.207,-0.2403,0.203
145.625,5,-0.465,5.083,-0.2649,1.152,1.212,-0.252,0.204
145.676,5,-0.386,5.056,-0.3296,1.188,1.216,-0.2392,0.203
145.726,5,-0.346,5.04,-0.3602,1.184,1.216,-0.2275,0.203
145.776,5,-0.267,5.004,-0.4253,1.175,1.216,-0.2213,0.201
145.826,5,-0.229,4.985,-0.454,1.148,1.22,-0.2037,0.201
145.877,5,-0.188,4.962,-0.4851,1.202,1.225,-0.2163,0.203
145.926,5,-0.11,4.915,-0.5449,1.185,1.225,-0.2099,0.227
145.976,5,-0.071,4.888,-0.5741,1.207,1.233,-0.2063,0.227
146.027,5,-0.034,4.862,-0.6034,1.219,1.244,-0.205,0.24
146.076,5,0.039,4.804,-0.6625,1.235,1.244,-0.193,0.264
146.127,5,0.073,4.775,-0.6921,1.197,1.257,-0.1939,0.264
146.176,5,0.111,4.741,-0.7197,1.208,1.272,-0.175,0.272
146.227,5,0.144,4.71,-0.7499,1.216,1.272,-0.1612,0.279
146.275,5,0.213,4.637,-0.8059,1.199,1.288,-0.1586,0.269
146.326,5,0.251,4.594,-0.8341,1.243,1.305,-0.1629,0.258
146.376,5,0.285,4.554,-0.8606,1.258,1.305,-0.151,0.25
146.425,5,0.32,4.509,-0.885,1.304,1.323,-0.1606,0.244
146.476,5,0.352,4.467,-0.909,1.278,1.323,-0.1493,0.24
146.526,5,0.382,4.425,-0.9358,1.258,1.342,-0.1475,0.237
146.576,5,0.414,4.378,-0.9583,1.279,1.342,-0.1361,0.237
146.625,5,0.448,4.324,-0.9857,1.32,1.362,-0.1513,0.236
146.676,5,0.511,4.217,-1.0381,1.366,1.382,-0.1241,0.241
146.726,5,0.539,4.164,-1.0658,1.419,1.402,-0.1283,0.256
146.776,5,0.563,4.117,-1.0939,1.383,1.402,-0.1138,0.271
146.826,5,0.587,4.066,-1.1127,1.346,1.423,-0.1135,0.284
146.876,5,0.612,4.01,-1.1342,1.372,1.444,-0.1258,0.284
146.926,5,0.658,3.9,-1.1771,1.419,1.444,-0.1142,0.305
146.976,5,0.68,3.842,-1.1961,1.414,1.488,-0.111,0.314
147.027,5,0.7,3.786,-1.2208,1.439,1.488,-0.0947,0.321
147.076,5,0.721,3.722,-1.2403,1.445,1.511,-0.1027,0.334
147.127,5,0.739,3.662,-1.2599,1.459,1.511,-0.0924,0.358
147.177,5,0.758,3.599,-1.2797,1.436,1.534,-0.096,0.358
147.227,5,0.776,3.53,-1.2997,1.475,1.558,-0.095,0.38
147.276,5,0.793,3.459,-1.32,1.489,1.582,-0.0886,0.402
147.327,5,0.81,3.388,-1.3376,1.483,1.582,-0.0811,0.422
147.376,5,0.824,3.314,-1.361,1.537,1.606,-0.0756,0.44
147.426,5,0.838,3.241,-1.3815,1.539,1.632,-0.0756,0.429
147.476,5,0.85,3.164,-1.3997,1.54,1.657,-0.0756,0.416
147.526,5,0.861,3.086,-1.4181,1.585,1.657,-0.0639,0.403
147.576,5,0.871,3.008,-1.4366,1.602,1.684,-0.056,0.392
147.625,5,0.88,2.927,-1.4553,1.659,1.712,-0.0523,0.382
147.675,5,0.893,2.766,-1.4876,1.676,1.74,-0.0537,0.364
147.725,5,0.893,2.766,-1.4876,1.676,1.769,-0.0503,0.364
147.776,5,0.899,2.677,-1.5012,1.688,1.799,-0.0403,0.355
147.827,5,0.903,2.59,-1.515,1.704,1.799,-0.0323,0.348
147.876,5,0.906,2.498,-1.5288,1.733,1.828,-0.0283,0.342
147.926,5,0.909,2.408,-1.5426,1.754,1.856,-0.0243,0.336
147.976,5,0.91,2.313,-1.551,1.775,1.884,-0.0223,0.33
148.026,5,0.91,2.214,-1.5623,1.827,1.911,-0.017,0.324
148.076,5,0.91,2.117,-1.5707,1.871,1.937,-0.0133,0.318
148.126,5,0.909,2.026,-1.5764,1.834,1.963,-0.0082,0.313
148.176,5,0.908,1.93,-1.5821,1.936,1.988,-0.0041,0.307
148.227,5,0.906,1.835,-1.5877,1.889,2.013,-0.0,0.302
148.276,5,0.904,1.737,-1.5906,1.939,2.037,0.0,0.296
148.327,5,0.902,1.635,-1.5935,1.953,2.061,0.0,0.29
148.376,5,0.9,1.534,-1.5935,2.03,2.084,0.0,0.29
148.427,5,0.897,1.436,-1.5935,2.007,2.107,0.0062,0.29
148.476,5,0.895,1.332,-1.5935,2.055,2.13,0.0042,0.29
148.527,5,0.892,1.229,-1.5935,2.095,2.152,0.0083,0.29
148.576,5,0.89,1.128,-1.5934,2.091,2.173,0.014,0.29
148.627,5,0.888,1.025,-1.5934,2.123,2.194,0.0125,0.29
148.677,5,0.886,0.915,-1.5906,2.126,2.215,0.0175,0.291
148.726,5,0.884,0.806,-1.5877,2.178,2.236,0.0168,0.292
148.777,5,0.883,0.696,-1.5848,2.153,2.256,0.0213,0.293
148.826,5,0.882,0.584,-1.5792,2.187,2.295,0.0222,0.291
148.876,5,0.882,0.472,-1.5735,2.233,2.314,0.0218,0.288
148.927,5,0.883,0.359,-1.5678,2.282,2.333,0.0169,0.284
148.976,5,0.885,0.244,-1.5622,2.224,2.352,0.0169,0.279
149.026,5,0.887,0.116,-1.5538,2.322,2.37,0.0127,0.273
149.077,5,0.891,-0.004,-1.5454,2.331,2.388,0.0106,0.266
149.126,5,0.895,-0.122,-1.5398,2.366,2.424,0.0103,0.258
149.176,5,0.9,-0.244,-1.5342,2.385,2.441,0.0043,0.25
149.227,5,0.905,-0.361,-1.5287,2.336,2.458,0.0,0.242
149.276,5,0.911,-0.485,-1.5259,2.415,2.475,0.0,0.234
149.327,5,0.917,-0.607,-1.5203,2.401,2.491,-0.0,0.225
149.376,5,0.923,-0.733,-1.5204,2.497,2.524,0.0,0.216
149.427,5,0.929,-0.855,-1.5204,2.502,2.54,0.0,0.208
149.477,5,0.936,-0.98,-1.5204,2.528,2.555,-0.0,0.2
149.526,5,0.942,-1.102,-1.5204,2.49,2.571,-0.0,0.192
149.576,5,0.948,-1.226,-1.5204,2.49,2.601,-0.0,0.184
149.626,5,0.955,-1.357,-1.5204,2.589,2.616,-0.0045,0.176
149.676,5,0.961,-1.483,-1.5204,2.532,2.631,-0.0043,0.167
149.726,5,0.968,-1.616,-1.5204,2.625,2.65,-0.0134,0.159
149.776,5,0.975,-1.748,-1.5204,2.65,2.616,-0.0182,0.151
149.827,5,0.981,-1.877,-1.5232,2.592,2.582,-0.0172,0.143
149.877,5,0.986,-2.002,-1.5231,2.613,2.549,-0.0273,0.136
149.927,5,0.992,-2.135,-1.5287,2.663,2.486,-0.0302,0.135
149.976,5,0.996,-2.264,-1.537,2.627,2.455,-0.0302,0.137
150.025,5,0.999,-2.396,-1.5426,2.635,2.425,-0.0345,0.138
150.075,5,1.001,-2.638,-1.5651,2.527,2.367,-0.0388,0.139
150.126,5,0.999,-2.756,-1.5736,2.506,2.339,-0.0398,0.154
150.176,5,0.997,-2.869,-1.5878,2.443,2.311,-0.0399,0.163
150.227,5,0.993,-2.985,-1.5993,2.413,2.257,-0.0342,0.173
150.275,5,0.987,-3.097,-1.6137,2.272,2.257,-0.0342,0.185
150.326,5,0.98,-3.219,-1.6254,2.414,2.18,-0.0405,0.197
150.376,5,0.971,-3.33,-1.64,2.342,2.154,-0.0383,0.211
150.425,5,0.962,-3.436,-1.6517,2.285,2.13,-0.0381,0.229
150.475,5,0.952,-3.542,-1.6605,2.225,2.105,-0.0422,0.229
150.525,5,0.941,-3.648,-1.6725,2.267,2.081,-0.0478,0.251
150.575,5,0.929,-3.748,-1.6844,2.188,2.058,-0.0504,0.275
150.625,5,0.915,-3.851,-1.6965,2.156,2.034,-0.0545,0.301
150.675,5,0.9,-3.952,-1.7088,2.065,2.011,-0.0603,0.327
150.726,5,0.883,-4.061,-1.7239,2.109,1.989,-0.0631,0.349
150.775,5,0.865,-4.159,-1.7394,2.01,1.966,-0.0705,0.36
150.825,5,0.844,-4.265,-1.758,2.126,1.944,-0.0713,0.373
150.875,5,0.824,-4.359,-1.7768,1.965,1.922,-0.0706,0.388
150.926,5,0.799,-4.463,-1.793,2.043,1.901,-0.0706,0.404
150.976,5,0.775,-4.555,-1.8157,1.99,1.879,-0.0712,0.423
151.025,5,0.748,-4.65,-1.8354,1.995,1.858,-0.0795,0.443
151.075,5,0.722,-4.736,-1.8581,1.992,1.837,-0.0744,0.455
151.126,5,0.694,-4.822,-1.8755,1.864,1.816,-0.0777,0.469
151.175,5,0.664,-4.907,-1.8953,1.867,1.796,-0.0777,0.486
151.226,5,0.632,-4.993,-1.9163,1.844,1.775,-0.0825,0.503
151.275,5,0.6,-5.074,-1.937,1.79,1.755,-0.0936,0.523
151.326,5,0.564,-5.161,-1.9552,1.909,1.735,-0.1001,0.545
151.375,5,0.53,-5.238,-1.9768,1.883,1.715,-0.0983,0.568
151.426,5,0.495,-5.311,-1.9987,1.724,1.715,-0.0849,0.598
151.477,5,0.454,-5.393,-2.0214,1.498,1.715,-0.0849,0.598
151.525,5,0.454,-5.393,-2.0214,1.498,1.696,-0.0872,0.634
151.575,5,0.354,-5.574,-2.0829,1.915,1.657,-0.1196,0.709
151.626,5,0.315,-5.638,-2.1031,1.765,1.638,-0.1014,0.749
151.675,5,0.272,-5.705,-2.1236,1.734,1.62,-0.1112,0.734
151.726,5,0.228,-5.771,-2.152,1.609,1.601,-0.1081,0.72
151.775,5,0.179,-5.84,-2.1739,1.668,1.583,-0.1167,0.706
151.825,5,0.132,-5.903,-2.1994,1.685,1.583,-0.1063,0.689
151.875,5,0.087,-5.959,-2.2263,1.692,1.565,-0.1169,0.67
151.926,5,0.043,-6.013,-2.2488,1.601,1.547,-0.1302,0.649
151.976,5,-0.005,-6.068,-2.2727,1.567,1.53,-0.1276,0.627
152.026,5,-0.053,-6.12,-2.2968,1.598,1.53,-0.116,0.61
152.076,5,-0.101,-6.17,-2.3212,1.515,1.513,-0.1322,0.61
152.138,5,-0.153,-6.222,-2.347,1.513,1.497,-0.14,0.597
152.175,5,-0.207,-6.273,-2.3744,1.245,1.481,-0.1357,0.584
152.225,5,-0.294,-6.348,-2.4007,1.915,1.466,-0.1561,0.552
152.275,5,-0.344,-6.389,-2.4458,1.653,1.466,-0.1286,0.532
152.325,5,-0.396,-6.429,-2.4723,1.574,1.452,-0.1672,0.512
152.375,5,-0.453,-6.47,-2.4993,1.615,1.438,-0.1795,0.512
152.425,5,-0.499,-6.501,-2.5326,1.441,1.438,-0.1499,0.496
152.475,5,-0.602,-6.565,-2.5824,1.474,1.414,-0.1871,0.473
152.525,5,-0.654,-6.594,-2.6149,1.447,1.414,-0.1618,0.463
152.575,5,-0.701,-6.619,-2.641,1.398,1.405,-0.1848,0.455
152.625,5,-0.753,-6.645,-2.6692,1.425,1.405,-0.1738,0.455
152.676,5,-0.856,-6.689,-2.7292,1.423,1.391,-0.2015,0.432
152.725,5,-0.904,-6.708,-2.755,1.401,1.391,-0.1848,0.413
152.775,5,-0.962,-6.729,-2.7821,1.329,1.387,-0.2107,0.395
152.826,5,-1.018,-6.747,-2.8147,1.418,1.387,-0.1999,0.395
152.875,5,-1.12,-6.774,-2.8788,1.359,1.386,-0.2087,0.356
152.926,5,-1.172,-6.785,-2.9072,1.445,1.221,-0.2367,0.336
152.975,5,-1.219,-6.794,-2.9395,1.366,1.221,-0.2214,0.336
153.026,5,-1.319,-6.808,-3.0015,1.311,1.206,-0.2309,0.304
153.076,5,-1.368,-6.812,-3.0356,1.227,1.193,-0.2284,0.291
153.126,5,-1.413,-6.815,-3.0697,1.174,1.193,-0.2204,0.291
153.175,5,-1.463,-6.816,-3.1018,1.217,1.181,-0.2282,0.281
153.225,5,-1.547,-6.813,3.1154,1.172,1.172,-0.2273,0.264
153.275,5,-1.594,-6.81,3.0895,1.154,1.172,-0.2275,0.264
153.325,5,-1.639,-6.805,3.0574,1.18,1.166,-0.2431,0.259
153.375,5,-1.72,-6.794,2.9991,1.136,1.163,-0.2501,0.247
153.425,5,-1.763,-6.785,2.9711,1.184,1.163,-0.2424,0.247
153.475,5,-1.803,-6.777,2.9412,1.14,1.162,-0.2497,0.241
153.525,5,-1.886,-6.754,2.8804,1.143,1.161,-0.2663,0.234
153.576,5,-1.923,-6.742,2.8482,1.17,1.161,-0.2554,0.234
153.625,5,-1.999,-6.714,2.7891,1.145,1.161,-0.2374,0.233
153.675,5,-2.034,-6.699,2.7565,1.085,1.161,-0.2494,0.233
153.725,5,-2.074,-6.681,2.7259,1.158,1.163,-0.2616,0.235
153.775,5,-2.146,-6.643,2.6623,1.113,1.166,-0.2737,0.241
153.825,5,-2.184,-6.621,2.6325,1.121,1.166,-0.2654,0.247
153.875,5,-2.219,-6.598,2.5966,1.118,1.166,-0.2519,0.247
153.925,5,-2.286,-6.551,2.529,1.113,1.17,-0.2491,0.248
153.975,5,-2.32,-6.525,2.499,1.187,1.176,-0.2755,0.25
154.025,5,-2.381,-6.472,2.4379,1.194,1.181,-0.2741,0.257
154.075,5,-2.409,-6.447,2.4052,1.163,1.181,-0.2618,0.263
154.125,5,-2.436,-6.419,2.3775,1.108,1.181,-0.249,0.268
154.175,5,-2.495,-6.355,2.3104,1.141,1.187,-0.2622,0.267
154.225,5,-2.522,-6.321,2.2736,1.137,1.193,-0.2611,0.267
154.275,5,-2.55,-6.285,2.2406,1.121,1.193,-0.261,0.269
154.326,5,-2.601,-6.208,2.1649,1.173,1.197,-0.2629,0.274
154.375,5,-2.624,-6.17,2.1311,1.139,1.201,-0.2643,0.279
154.425,5,-2.645,-6.132,2.0953,1.185,1.201,-0.2391,0.277
154.475,5,-2.683,-6.055,2.0286,1.195,1.201,-0.2278,0.276
154.526,5,-2.699,-6.016,1.9951,1.17,1.203,-0.2289,0.278
154.575,5,-2.715,-5.975,1.9653,1.141,1.206,-0.2266,0.281
154.625,5,-2.745,-5.89,1.9026,1.207,1.21,-0.2323,0.273
154.675,5,-2.757,-5.848,1.8716,1.138,1.21,-0.2173,0.264
154.726,5,-2.769,-5.803,1.8415,1.215,1.218,-0.2166,0.258
154.775,5,-2.786,-5.719,1.78,1.192,1.218,-0.1972,0.253
154.826,5,-2.793,-5.678,1.7547,1.181,1.229,-0.2066,0.25
154.875,5,-2.804,-5.596,1.7023,1.194,1.229,-0.1944,0.249
154.925,5,-2.808,-5.554,1.6782,1.184,1.244,-0.1812,0.25
154.975,5,-2.811,-5.51,1.6515,1.174,1.26,-0.1927,0.253
155.025,5,-2.813,-5.418,1.5991,1.248,1.278,-0.159,0.262
155.075,5,-2.813,-5.374,1.5735,1.24,1.278,-0.1473,0.271
155.125,5,-2.808,-5.282,1.5259,1.266,1.278,-0.1358,0.277
155.175,5,-2.805,-5.237,1.5038,1.225,1.298,-0.1392,0.282
155.225,5,-2.8,-5.19,1.4848,1.286,1.32,-0.1483,0.284
155.276,5,-2.788,-5.097,1.4444,1.298,1.32,-0.1381,0.288
155.326,5,-2.781,-5.054,1.4231,1.318,1.342,-0.1249,0.301
155.375,5,-2.765,-4.965,1.3865,1.298,1.366,-0.1128,0.325
155.425,5,-2.754,-4.917,1.3684,1.283,1.391,-0.1128,0.349
155.475,5,-2.742,-4.866,1.3505,1.353,1.391,-0.1115,0.349
155.525,5,-2.717,-4.77,1.3146,1.392,1.417,-0.107,0.394
155.575,5,-2.703,-4.72,1.2996,1.334,1.445,-0.1133,0.421
155.626,5,-2.688,-4.671,1.282,1.414,1.445,-0.1033,0.421
155.676,5,-2.657,-4.579,1.2499,1.416,1.473,-0.0842,0.475
155.725,5,-2.64,-4.534,1.235,1.415,1.503,-0.0827,0.475
155.775,5,-2.605,-4.441,1.2032,1.421,1.534,-0.0754,0.469
155.826,5,-2.585,-4.392,1.191,1.432,1.534,-0.0688,0.469
155.875,5,-2.542,-4.292,1.1674,1.515,1.567,-0.0614,0.456
155.926,5,-2.521,-4.244,1.1554,1.482,1.6,-0.0515,0.456
155.975,5,-2.498,-4.196,1.1433,1.522,1.6,-0.0437,0.451
156.025,5,-2.449,-4.093,1.1243,1.547,1.635,-0.0401,0.441
156.075,5,-2.424,-4.042,1.1147,1.648,1.669,-0.033,0.441
156.125,5,-2.374,-3.943,1.1007,1.63,1.701,-0.0241,0.432
156.175,5,-2.346,-3.889,1.0937,1.613,1.733,-0.022,0.432
156.225,5,-2.319,-3.838,1.089,1.728,1.733,-0.0162,0.428
156.275,5,-2.262,-3.732,1.0799,1.698,1.794,-0.004,0.423
156.326,5,-2.231,-3.676,1.0752,1.718,1.794,-0.0,0.419
156.375,5,-2.174,-3.571,1.0704,1.781,1.823,0.0045,0.415
156.425,5,-2.146,-3.52,1.0683,1.73,1.851,0.0122,0.412
156.475,5,-2.082,-3.403,1.0683,1.712,1.879,0.0183,0.402
156.525,5,-2.047,-3.34,1.0678,1.877,1.906,0.0297,0.402
156.576,5,-2.014,-3.28,1.0705,1.862,1.933,0.0368,0.397
156.625,5,-1.954,-3.168,1.0773,1.793,1.933,0.037,0.389
156.675,5,-1.917,-3.096,1.0821,1.703,1.91,0.0525,0.38
156.726,5,-1.877,-3.019,1.0917,2.067,1.875,0.0634,0.368
156.776,5,-1.844,-2.954,1.1008,2.062,1.875,0.0603,0.355
156.826,5,-1.78,-2.82,1.1223,2.017,1.814,0.0806,0.34
156.875,5,-1.753,-2.76,1.1364,1.956,1.787,0.0825,0.321
156.925,5,-1.699,-2.638,1.16,1.876,1.787,0.0779,0.302
156.975,5,-1.675,-2.579,1.1771,1.777,1.742,0.1034,0.28
157.025,5,-1.65,-2.514,1.1916,1.814,1.742,0.0937,0.257
157.075,5,-1.607,-2.393,1.2278,1.801,1.709,0.1071,0.235
157.126,5,-1.589,-2.338,1.2478,1.776,1.709,0.0934,0.209
157.175,5,-1.554,-2.219,1.285,1.759,1.697,0.1025,0.181
157.226,5,-1.539,-2.165,1.3023,1.716,1.689,0.097,0.159
157.275,5,-1.524,-2.104,1.3176,1.685,1.684,0.1007,0.15
157.325,5,-1.499,-1.987,1.3558,1.685,1.682,0.0967,0.142
157.375,5,-1.487,-1.927,1.3739,1.733,1.682,0.091,0.137
157.425,5,-1.469,-1.814,1.4049,1.63,1.681,0.0922,0.133
157.475,5,-1.46,-1.753,1.4234,1.725,1.681,0.093,0.132
157.525,5,-1.447,-1.637,1.458,1.681,1.683,0.0967,0.136
157.576,5,-1.442,-1.58,1.4742,1.716,1.688,0.0981,0.141
157.625,5,-1.438,-1.52,1.4904,1.677,1.696,0.1007,0.144
157.675,5,-1.432,-1.407,1.5233,1.644,1.706,0.0964,0.145
157.725,5,-1.431,-1.342,1.5372,1.652,1.706,0.0944,0.156
157.775,5,-1.431,-1.219,1.5737,1.682,1.717,0.0929,0.169
157.825,5,-1.433,-1.155,1.5907,1.732,1.73,0.089,0.181
157.875,5,-1.436,-1.096,1.6108,1.697,1.745,0.0887,0.181
157.925,5,-1.445,-0.974,1.6428,1.691,1.761,0.0855,0.2
157.976,5,-1.451,-0.912,1.6577,1.708,1.778,0.0767,0.208
158.025,5,-1.465,-0.791,1.6903,1.735,1.778,0.0698,0.215
158.075,5,-1.474,-0.73,1.7055,1.733,1.817,0.0688,0.224
158.126,5,-1.484,-0.663,1.7178,1.781,1.817,0.0658,0.224
158.175,5,-1.506,-0.539,1.7455,1.749,1.86,0.0658,0.262
158.225,5,-1.519,-0.475,1.758,1.83,1.86,0.0585,0.262
158.275,5,-1.533,-0.409,1.7706,1.805,1.883,0.0488,0.28
158.325,5,-1.564,-0.271,1.7961,1.831,1.908,0.0408,0.311
158.375,5,-1.582,-0.2,1.809,1.873,1.934,0.0415,0.311
158.426,5,-1.615,-0.075,1.8287,1.84,1.96,0.0371,0.337
158.475,5,-1.634,-0.008,1.8353,1.883,1.985,0.0305,0.337
158.525,5,-1.653,0.061,1.8449,1.923,2.01,0.0247,0.348
158.576,5,-1.693,0.195,1.8585,1.956,2.034,0.0222,0.368
158.626,5,-1.714,0.262,1.8649,2.078,2.058,0.0167,0.368
158.675,5,-1.755,0.395,1.8749,1.96,2.082,0.0124,0.384
158.726,5,-1.78,0.471,1.8786,2.055,2.104,0.0083,0.384
158.775,5,-1.803,0.541,1.885,1.991,2.127,0.0053,0.389
158.825,5,-1.851,0.688,1.8887,2.076,2.149,0.0,0.394
158.875,5,-1.876,0.763,1.892,2.13,2.171,-0.0,0.394
158.925,5,-1.925,0.907,1.8924,2.153,2.192,-0.0062,0.398
158.975,5,-1.948,0.977,1.8924,2.133,2.213,-0.0084,0.398
159.025,5,-1.971,1.047,1.8924,2.213,2.233,-0.0126,0.399
159.075,5,-2.019,1.192,1.8887,2.184,2.152,-0.0261,0.4
159.126,5,-2.042,1.262,1.8882,2.153,2.152,-0.0251,0.402
159.175,5,-2.089,1.409,1.8818,2.182,2.075,-0.0336,0.42
159.226,5,-2.112,1.482,1.8749,2.186,2.039,-0.0426,0.419
159.275,5,-2.157,1.633,1.8616,2.155,2.039,-0.0392,0.417
159.325,5,-2.178,1.706,1.8548,2.138,1.969,-0.0518,0.416
159.375,5,-2.196,1.772,1.8448,2.093,1.936,-0.05,0.416
159.425,5,-2.234,1.914,1.8285,1.998,1.904,-0.0543,0.422
159.475,5,-2.251,1.983,1.8183,1.915,1.873,-0.0534,0.429
159.525,5,-2.268,2.059,1.8058,1.907,1.843,-0.0616,0.434
159.575,5,-2.286,2.139,1.796,1.964,1.814,-0.0711,0.439
159.625,5,-2.316,2.287,1.7705,1.917,1.814,-0.0614,0.444
159.675,5,-2.329,2.357,1.7548,1.845,1.758,-0.0785,0.449
159.726,5,-2.341,2.431,1.7423,1.912,1.731,-0.0821,0.451
159.775,5,-2.351,2.502,1.727,1.808,1.731,-0.0752,0.447
159.825,5,-2.369,2.636,1.6964,1.603,1.704,-0.0822,0.447
159.875,5,-2.377,2.717,1.6812,1.738,1.679,-0.0772,0.437
159.925,5,-2.383,2.791,1.6634,1.745,1.653,-0.091,0.432
159.975,5,-2.388,2.862,1.6456,1.806,1.628,-0.0936,0.422
160.025,5,-2.393,2.987,1.6135,1.7,1.604,-0.097,0.411
160.075,5,-2.394,3.05,1.5963,1.684,1.579,-0.0967,0.397
160.126,5,-2.394,3.114,1.5792,1.675,1.579,-0.0886,0.38
160.176,5,-2.393,3.172,1.5622,1.523,1.556,-0.1073,0.38
160.225,5,-2.391,3.241,1.5454,1.635,1.532,-0.1163,0.363
160.275,5,-2.387,3.302,1.5259,1.536,1.532,-0.1074,0.343
160.325,5,-2.382,3.369,1.5093,1.279,1.509,-0.1128,0.328
160.375,5,-2.37,3.491,1.4874,1.624,1.486,-0.1338,0.315
160.425,5,-2.36,3.563,1.4472,1.627,1.463,-0.1461,0.3
160.475,5,-2.348,3.636,1.4231,1.69,1.441,-0.155,0.284
160.525,5,-2.337,3.696,1.3995,1.492,1.441,-0.1415,0.272
160.576,5,-2.309,3.817,1.3452,1.424,1.419,-0.1394,0.252
160.625,5,-2.292,3.878,1.3198,1.454,1.397,-0.1404,0.246
160.675,5,-2.275,3.936,1.292,1.482,1.375,-0.1386,0.241
160.725,5,-2.258,3.988,1.2672,1.383,1.375,-0.1256,0.241
160.775,5,-2.258,3.988,1.2672,1.383,1.375,-0.1256,0.241
160.828,5,-2.258,3.988,1.2672,1.383,1.375,-0.1256,0.241
160.875,5,-2.238,4.042,1.2424,0.902,1.354,-0.1592,0.237
160.926,5,-2.139,4.273,1.1411,1.989,1.312,-0.2418,0.221
160.975,5,-2.115,4.321,1.1173,1.703,1.291,-0.1932,0.221
161.025,5,-2.091,4.365,1.0911,1.497,1.271,-0.2023,0.22
161.075,5,-2.066,4.409,1.0678,1.305,1.271,-0.1832,0.221
161.125,5,-2.04,4.452,1.0358,1.232,1.251,-0.2334,0.226
161.175,5,-2.012,4.495,1.0059,1.221,1.251,-0.2208,0.23
161.225,5,-2.012,4.495,1.0059,1.221,1.251,-0.2208,0.23
161.275,5,-1.907,4.632,0.9426,1.727,1.232,-0.2217,0.214
161.329,5,-1.868,4.675,0.8604,1.494,1.214,-0.2628,0.214
161.375,5,-1.868,4.675,0.8604,1.494,1.197,-0.2338,0.214
161.425,5,-1.821,4.724,0.8233,1.095,1.197,-0.2142,0.213
161.475,5,-1.748,4.79,0.7772,1.747,1.182,-0.239,0.211
161.525,5,-1.711,4.821,0.7107,1.459,1.171,-0.2213,0.204
161.575,5,-1.639,4.875,0.6472,1.248,1.171,-0.207,0.199
161.625,5,-1.604,4.899,0.618,1.154,1.163,-0.2157,0.195
161.675,5,-1.571,4.92,0.5884,1.149,1.16,-0.2313,0.194
161.725,5,-1.501,4.962,0.5407,1.107,1.16,-0.215,0.194
161.775,5,-1.463,4.982,0.5135,1.119,1.16,-0.2722,0.195
161.825,5,-1.429,4.999,0.4826,1.092,1.16,-0.2643,0.2
161.875,5,-1.358,5.031,0.4211,1.118,1.159,-0.2607,0.203
161.925,5,-1.321,5.046,0.3925,1.084,1.161,-0.237,0.193
161.975,5,-1.246,5.071,0.3254,1.113,1.161,-0.2262,0.185
162.025,5,-1.208,5.082,0.2929,1.139,1.164,-0.2266,0.179
162.075,5,-1.132,5.1,0.2365,1.13,1.164,-0.2148,0.175
162.125,5,-1.092,5.108,0.2102,1.124,1.17,-0.2263,0.173
162.175,5,-1.055,5.114,0.1822,1.128,1.176,-0.2494,0.173
162.225,5,-0.976,5.124,0.134,1.162,1.176,-0.2421,0.178
162.275,5,-0.937,5.128,0.1059,1.112,1.183,-0.2491,0.184
162.325,5,-0.89,5.13,0.0759,1.133,1.183,-0.2514,0.19
162.375,5,-0.85,5.131,0.0419,1.112,1.189,-0.2654,0.19
162.425,5,-0.797,5.131,0.0139,0.993,1.189,-0.2464,0.193
162.475,5,-0.727,5.127,-0.0261,1.097,1.189,-0.2464,0.195
162.525,5,-0.672,5.121,-0.0802,1.101,1.201,-0.2773,0.2
162.575,5,-0.568,5.104,-0.1663,1.314,1.201,-0.2659,0.198
162.625,5,-0.529,5.095,-0.2026,1.199,1.207,-0.2545,0.197
162.675,5,-0.487,5.084,-0.2368,1.178,1.212,-0.264,0.198
162.725,5,-0.405,5.058,-0.3053,1.148,1.212,-0.2389,0.201
162.775,5,-0.366,5.043,-0.3379,1.125,1.216,-0.2421,0.198
162.825,5,-0.322,5.025,-0.3725,1.168,1.216,-0.2284,0.196
162.875,5,-0.239,4.986,-0.4355,1.194,1.22,-0.2272,0.196
162.926,5,-0.199,4.964,-0.4704,1.134,1.225,-0.2287,0.2
162.975,5,-0.155,4.939,-0.5016,1.172,1.225,-0.2167,0.213
163.025,5,-0.113,4.913,-0.5366,1.189,1.233,-0.2161,0.213
163.075,5,-0.073,4.887,-0.5679,1.157,1.233,-0.2083,0.226
163.125,5,-0.03,4.855,-0.6012,1.183,1.244,-0.2044,0.239
163.175,5,0.051,4.791,-0.6688,1.192,1.244,-0.1984,0.262
163.225,5,0.09,4.757,-0.7003,1.224,1.257,-0.1819,0.271
163.275,5,0.125,4.724,-0.7322,1.175,1.272,-0.158,0.271
163.325,5,0.166,4.684,-0.7601,1.224,1.272,-0.1471,0.277
163.375,5,0.201,4.647,-0.795,1.218,1.288,-0.1593,0.265
163.425,5,0.239,4.605,-0.823,1.206,1.305,-0.1584,0.256
163.475,5,0.276,4.562,-0.8495,1.231,1.305,-0.1472,0.248
163.525,5,0.313,4.515,-0.8737,1.222,1.323,-0.1587,0.243
163.575,5,0.351,4.465,-0.9026,1.293,1.323,-0.1529,0.238
163.625,5,0.421,4.366,-0.9583,1.313,1.342,-0.1478,0.236
163.675,5,0.453,4.315,-0.9882,1.304,1.362,-0.1599,0.236
163.725,5,0.486,4.261,-1.0154,1.311,1.362,-0.15,0.236
163.776,5,0.518,4.203,-1.0428,1.331,1.402,-0.1394,0.241
163.825,5,0.545,4.152,-1.0753,1.344,1.402,-0.1134,0.256
163.875,5,0.572,4.097,-1.0987,1.367,1.423,-0.127,0.27
163.925,5,0.6,4.037,-1.1223,1.34,1.423,-0.1134,0.284
163.975,5,0.628,3.973,-1.148,1.379,1.444,-0.1138,0.295
164.025,5,0.652,3.912,-1.1722,1.385,1.466,-0.1066,0.305
164.075,5,0.676,3.85,-1.1961,1.37,1.466,-0.0951,0.313
164.125,5,0.7,3.779,-1.2208,1.434,1.488,-0.0946,0.319
164.175,5,0.722,3.713,-1.245,1.449,1.511,-0.0947,0.332
164.225,5,0.741,3.65,-1.2674,1.434,1.534,-0.0996,0.355
164.275,5,0.76,3.585,-1.2845,1.4,1.534,-0.0915,0.377
164.325,5,0.778,3.512,-1.3049,1.43,1.558,-0.0907,0.398
164.375,5,0.796,3.437,-1.3249,1.503,1.582,-0.0851,0.418
164.425,5,0.813,3.358,-1.3479,1.542,1.606,-0.0843,0.437
164.476,5,0.828,3.279,-1.3683,1.506,1.606,-0.0729,0.433
164.526,5,0.841,3.202,-1.392,1.566,1.632,-0.0694,0.42
164.575,5,0.854,3.12,-1.4129,1.551,1.657,-0.0637,0.409
164.625,5,0.865,3.034,-1.434,1.551,1.684,-0.0567,0.397
164.675,5,0.874,2.949,-1.4526,1.61,1.712,-0.0539,0.387
164.725,5,0.882,2.86,-1.4686,1.649,1.74,-0.0522,0.378
164.776,5,0.889,2.773,-1.4848,1.653,1.769,-0.0495,0.369
164.825,5,0.895,2.682,-1.5013,1.706,1.769,-0.0363,0.361
164.875,5,0.899,2.594,-1.515,1.694,1.799,-0.0282,0.353
164.925,5,0.902,2.506,-1.5288,1.673,1.799,-0.0282,0.347
164.975,5,0.905,2.408,-1.5398,1.772,1.828,-0.0242,0.347
165.025,5,0.905,2.408,-1.5398,1.772,1.856,-0.0257,0.341
165.075,5,0.906,2.309,-1.551,1.793,1.884,-0.0163,0.334
165.125,5,0.907,2.213,-1.5595,1.734,1.911,-0.0166,0.328
165.175,5,0.907,2.112,-1.5679,1.781,1.937,-0.013,0.321
165.226,5,0.906,2.001,-1.5736,1.85,1.963,-0.0082,0.316
165.275,5,0.905,1.89,-1.5792,1.946,1.988,-0.0041,0.309
165.325,5,0.903,1.777,-1.5849,1.916,2.037,-0.0,0.298
165.375,5,0.901,1.665,-1.5877,1.943,2.037,-0.0,0.292
165.425,5,0.901,1.665,-1.5877,1.943,2.061,-0.0,0.292
165.475,5,0.898,1.552,-1.5906,1.95,2.084,0.0,0.291
165.526,5,0.896,1.438,-1.5935,2.017,2.107,0.0041,0.291
165.575,5,0.893,1.327,-1.5935,1.953,2.13,0.0095,0.291
165.625,5,0.891,1.204,-1.5934,2.019,2.152,0.0083,0.291
165.675,5,0.888,1.07,-1.5934,2.166,2.194,0.0126,0.291
165.725,5,0.886,0.948,-1.5906,2.153,2.215,0.0175,0.292
165.775,5,0.884,0.823,-1.5877,2.14,2.215,0.0175,0.292
165.825,5,0.884,0.823,-1.5877,2.14,2.236,0.0167,0.293
165.875,5,0.882,0.7,-1.5849,2.203,2.256,0.0223,0.293
165.925,5,0.882,0.585,-1.5792,2.231,2.276,0.0213,0.29
165.975,5,0.881,0.471,-1.5735,1.966,2.276,0.0213,0.287
166.025,5,0.883,0.315,-1.5678,2.035,2.314,0.0222,0.282
166.075,5,0.883,0.315,-1.5678,2.035,2.333,0.0216,0.282
166.125,5,0.886,0.144,-1.5594,2.551,2.37,0.022,0.269
166.175,5,0.89,0.006,-1.5482,2.456,2.388,0.0137,0.261
166.226,5,0.894,-0.124,-1.5369,2.39,2.424,0.0087,0.253
166.275,5,0.9,-0.257,-1.5286,2.438,2.441,0.0,0.243
166.325,5,0.907,-0.378,-1.5203,2.319,2.458,-0.0047,0.233
166.375,5,0.915,-0.522,-1.5176,2.413,2.491,-0.0055,0.223
166.426,5,0.923,-0.66,-1.5121,2.448,2.508,-0.0086,0.214
166.475,5,0.93,-0.79,-1.5121,2.487,2.524,-0.0086,0.205
166.525,5,0.937,-0.922,-1.5149,2.435,2.524,-0.0086,0.197
166.575,5,0.937,-0.922,-1.5149,2.435,2.555,-0.0086,0.197
166.626,5,0.945,-1.065,-1.5176,2.522,2.571,-0.0043,0.19
166.675,5,0.952,-1.204,-1.5204,2.312,2.586,-0.0056,0.183
166.725,5,0.952,-1.204,-1.5204,2.312,2.586,-0.0056,0.183
166.777,5,0.959,-1.362,-1.5231,1.785,2.586,-0.0056,0.17
166.825,5,0.972,-1.693,-1.5287,3.806,2.616,-0.0051,0.157
166.875,5,0.972,-1.693,-1.5287,3.806,2.65,-0.0086,0.157
166.925,5,0.978,-1.839,-1.5314,3.279,2.582,-0.013,0.151
166.975,5,0.982,-1.978,-1.5343,2.858,2.549,-0.0135,0.146
167.025,5,0.987,-2.125,-1.537,2.849,2.486,-0.0172,0.14
167.075,5,0.991,-2.265,-1.5399,2.676,2.455,-0.0271,0.142
167.125,5,0.994,-2.41,-1.5454,2.558,2.396,-0.0302,0.143
167.175,5,0.996,-2.55,-1.551,2.611,2.367,-0.0409,0.147
167.225,5,0.997,-2.677,-1.5595,2.497,2.339,-0.0388,0.153
167.275,5,0.997,-2.807,-1.5708,2.484,2.284,-0.0479,0.16
167.325,5,0.995,-2.933,-1.5821,2.342,2.257,-0.0517,0.168
167.375,5,0.99,-3.062,-1.5964,2.355,2.257,-0.0517,0.178
167.425,5,0.99,-3.062,-1.5964,2.355,2.231,-0.0489,0.178
167.475,5,0.976,-3.305,-1.6283,2.354,2.205,-0.0473,0.189
167.525,5,0.976,-3.305,-1.6283,2.354,2.154,-0.0532,0.201
167.575,5,0.966,-3.426,-1.6458,2.259,2.13,-0.0465,0.214
167.625,5,0.954,-3.54,-1.6636,2.138,2.105,-0.0439,0.235
167.675,5,0.94,-3.662,-1.6814,2.27,2.081,-0.0381,0.259
167.725,5,0.924,-3.778,-1.6996,2.191,2.058,-0.0378,0.285
167.775,5,0.906,-3.893,-1.7149,2.2,2.034,-0.0379,0.312
167.825,5,0.887,-4.004,-1.7302,2.118,1.989,-0.0507,0.341
167.875,5,0.868,-4.111,-1.7427,2.126,1.966,-0.0606,0.357
167.925,5,0.849,-4.208,-1.7549,2.033,1.944,-0.0622,0.371
167.975,5,0.825,-4.325,-1.7676,1.995,1.922,-0.0713,0.4
168.032,5,0.825,-4.325,-1.7676,1.995,1.922,-0.0713,0.4
168.075,5,0.8,-4.434,-1.7865,1.568,1.901,-0.0678,0.417
168.125,5,0.754,-4.614,-1.8055,2.413,1.901,-0.0678,0.452
168.175,5,0.754,-4.614,-1.8055,2.413,1.858,-0.1029,0.452
168.225,5,0.724,-4.717,-1.8386,2.172,1.837,-0.0881,0.464
168.275,5,0.69,-4.825,-1.8618,2.128,1.816,-0.0878,0.478
168.326,5,0.659,-4.918,-1.8852,2.003,1.796,-0.0869,0.494
168.375,5,0.627,-5.004,-1.9131,1.895,1.775,-0.082,0.511
168.425,5,0.593,-5.089,-1.9376,1.818,1.755,-0.0938,0.531
168.475,5,0.558,-5.17,-1.9623,1.875,1.735,-0.0901,0.552
168.525,5,0.526,-5.242,-1.9841,1.816,1.715,-0.0945,0.576
168.575,5,0.452,-5.394,-2.0255,1.819,1.715,-0.0806,0.645
168.625,5,0.416,-5.461,-2.0486,1.691,1.696,-0.0856,0.682
168.675,5,0.375,-5.533,-2.0711,1.676,1.677,-0.0888,0.721
168.725,5,0.334,-5.603,-2.0904,1.729,1.638,-0.1102,0.721
168.775,5,0.295,-5.666,-2.1108,1.739,1.62,-0.1174,0.745
168.825,5,0.256,-5.727,-2.1313,1.669,1.62,-0.1059,0.732
168.875,5,0.212,-5.792,-2.152,1.64,1.601,-0.1127,0.719
168.925,5,0.167,-5.856,-2.1783,1.651,1.583,-0.1165,0.704
168.975,5,0.123,-5.914,-2.2049,1.573,1.565,-0.1277,0.687
169.025,5,0.08,-5.969,-2.2273,1.572,1.565,-0.1157,0.668
169.076,5,0.032,-6.026,-2.2499,1.537,1.547,-0.1304,0.646
169.125,5,-0.017,-6.082,-2.2772,1.346,1.53,-0.1252,0.624
169.175,5,-0.087,-6.156,-2.306,1.699,1.513,-0.144,0.607
169.225,5,-0.142,-6.212,-2.341,1.576,1.497,-0.1438,0.595
169.275,5,-0.199,-6.265,-2.3697,1.678,1.497,-0.1318,0.582
169.325,5,-0.253,-6.313,-2.3994,1.585,1.481,-0.1278,0.565
169.375,5,-0.303,-6.355,-2.4301,1.424,1.466,-0.1394,0.546
169.425,5,-0.364,-6.403,-2.4583,1.522,1.452,-0.1629,0.526
169.475,5,-0.42,-6.444,-2.4882,1.427,1.452,-0.1546,0.507
169.525,5,-0.487,-6.491,-2.515,1.496,1.438,-0.1625,0.493
169.575,5,-0.541,-6.526,-2.5486,1.449,1.426,-0.1761,0.481
169.625,5,-0.599,-6.562,-2.5808,1.386,1.414,-0.1855,0.47
169.675,5,-0.663,-6.597,-2.6116,1.391,1.414,-0.173,0.461
169.725,5,-0.725,-6.629,-2.6461,1.462,1.405,-0.1739,0.452
169.775,5,-0.786,-6.658,-2.684,1.466,1.397,-0.1858,0.444
169.825,5,-0.846,-6.683,-2.7208,1.445,1.397,-0.1769,0.426
169.875,5,-0.9,-6.704,-2.7532,1.431,1.391,-0.1909,0.426
169.925,5,-1.004,-6.739,-2.8138,1.326,1.387,-0.1966,0.389
169.975,5,-1.063,-6.756,-2.8429,1.369,1.386,-0.2078,0.371
170.025,5,-1.12,-6.771,-2.8769,1.384,1.386,-0.1963,0.35
170.075,5,-1.173,-6.782,-2.9111,1.387,1.221,-0.2199,0.331
170.125,5,-1.229,-6.793,-2.9415,1.381,1.206,-0.2469,0.331
170.175,5,-1.333,-6.806,-3.0098,1.283,1.193,-0.2445,0.301
170.225,5,-1.383,-6.81,-3.0418,1.211,1.193,-0.2315,0.288
170.275,5,-1.433,-6.812,-3.0777,1.267,1.181,-0.2448,0.277
170.325,5,-1.475,-6.813,-3.1138,1.134,1.181,-0.227,0.277
170.375,5,-1.571,-6.809,3.1055,1.155,1.172,-0.2443,0.261
170.426,5,-1.614,-6.805,3.0714,1.148,1.166,-0.2383,0.256
170.475,5,-1.661,-6.799,3.0435,1.116,1.166,-0.2261,0.251
170.525,5,-1.708,-6.792,3.0075,1.155,1.163,-0.2509,0.251
170.575,5,-1.794,-6.774,2.9412,1.127,1.163,-0.227,0.236
170.625,5,-1.838,-6.763,2.9088,1.157,1.162,-0.244,0.232
170.675,5,-1.878,-6.752,2.8785,1.127,1.162,-0.2264,0.232
170.725,5,-1.957,-6.725,2.8219,1.115,1.161,-0.2528,0.228
170.775,5,-1.999,-6.709,2.792,1.111,1.161,-0.2613,0.228
170.825,5,-2.04,-6.691,2.7576,1.138,1.161,-0.2501,0.228
170.875,5,-2.08,-6.673,2.7241,1.137,1.163,-0.2667,0.231
170.926,5,-2.152,-6.635,2.6571,1.085,1.166,-0.2599,0.242
170.975,5,-2.19,-6.612,2.6293,1.104,1.166,-0.2625,0.242
171.025,5,-2.228,-6.588,2.5934,1.149,1.17,-0.273,0.244
171.075,5,-2.296,-6.54,2.5259,1.119,1.17,-0.2492,0.247
171.125,5,-2.33,-6.513,2.4927,1.13,1.176,-0.261,0.247
171.175,5,-2.363,-6.485,2.4565,1.13,1.176,-0.2495,0.253
171.225,5,-2.394,-6.456,2.4222,1.151,1.181,-0.2736,0.26
171.275,5,-2.46,-6.389,2.3561,1.21,1.187,-0.2801,0.264
171.325,5,-2.487,-6.359,2.3163,1.225,1.187,-0.2639,0.264
171.375,5,-2.538,-6.295,2.2542,1.159,1.193,-0.2651,0.266
171.425,5,-2.562,-6.263,2.217,1.145,1.193,-0.2383,0.266
171.475,5,-2.585,-6.229,2.1824,1.098,1.197,-0.2487,0.27
171.525,5,-2.628,-6.156,2.1148,1.15,1.201,-0.2545,0.275
171.575,5,-2.647,-6.121,2.086,1.181,1.201,-0.2441,0.274
171.625,5,-2.666,-6.083,2.055,1.13,1.203,-0.2521,0.273
171.675,5,-2.704,-5.998,1.9844,1.134,1.203,-0.215,0.275
171.726,5,-2.719,-5.956,1.9516,1.179,1.206,-0.23,0.278
171.775,5,-2.733,-5.915,1.9166,1.158,1.206,-0.2039,0.27
171.825,5,-2.759,-5.827,1.8579,1.212,1.21,-0.2104,0.262
171.875,5,-2.769,-5.786,1.8249,1.215,1.218,-0.205,0.255
171.925,5,-2.785,-5.705,1.7735,1.154,1.218,-0.1921,0.25
171.975,5,-2.792,-5.659,1.7455,1.187,1.229,-0.1929,0.247
172.025,5,-2.798,-5.615,1.7176,1.177,1.244,-0.2083,0.246
172.076,5,-2.806,-5.529,1.6663,1.26,1.244,-0.1852,0.246
172.125,5,-2.809,-5.489,1.6397,1.241,1.26,-0.1822,0.249
172.175,5,-2.81,-5.402,1.5905,1.249,1.26,-0.1695,0.257
172.225,5,-2.809,-5.359,1.5678,1.168,1.278,-0.149,0.266
172.275,5,-2.807,-5.312,1.5425,1.214,1.298,-0.1469,0.273
172.325,5,-2.8,-5.221,1.4956,1.288,1.298,-0.136,0.278
172.375,5,-2.796,-5.176,1.4767,1.241,1.32,-0.1357,0.281
172.425,5,-2.79,-5.128,1.455,1.277,1.32,-0.1244,0.283
172.475,5,-2.775,-5.036,1.4179,1.278,1.342,-0.1299,0.294
172.525,5,-2.766,-4.987,1.3942,1.274,1.366,-0.1127,0.316
172.575,5,-2.756,-4.938,1.376,1.283,1.366,-0.105,0.34
172.625,5,-2.732,-4.837,1.3349,1.323,1.391,-0.1112,0.363
172.675,5,-2.718,-4.787,1.3198,1.364,1.417,-0.1065,0.385
172.725,5,-2.692,-4.699,1.2871,1.371,1.417,-0.0945,0.41
172.775,5,-2.679,-4.655,1.2748,1.364,1.445,-0.0956,0.437
172.825,5,-2.663,-4.609,1.2597,1.329,1.473,-0.082,0.464
172.875,5,-2.645,-4.555,1.2475,1.348,1.473,-0.0783,0.464
172.925,5,-2.603,-4.444,1.2133,1.383,1.503,-0.0789,0.472
172.975,5,-2.581,-4.388,1.1986,1.512,1.534,-0.0715,0.464
173.025,5,-2.581,-4.388,1.1986,1.512,1.534,-0.0715,0.464
173.077,5,-2.558,-4.333,1.1837,1.022,1.534,-0.0715,0.457
173.125,5,-2.489,-4.179,1.1719,2.597,1.635,-0.0776,0.448
173.176,5,-2.463,-4.125,1.1314,2.143,1.635,-0.0419,0.448
173.225,5,-2.412,-4.022,1.1081,1.637,1.669,-0.0326,0.443
173.275,5,-2.381,-3.964,1.0937,1.58,1.701,-0.0176,0.441
173.325,5,-2.351,-3.907,1.0868,1.642,1.733,-0.0129,0.437
173.375,5,-2.321,-3.851,1.0799,1.607,1.733,-0.004,0.437
173.427,5,-2.288,-3.791,1.0752,1.661,1.764,-0.0,0.433
173.475,5,-2.244,-3.71,1.073,1.363,1.764,-0.0,0.429
173.526,5,-2.181,-3.595,1.0704,1.953,1.794,0.0,0.419
173.575,5,-2.14,-3.52,1.0678,1.98,1.851,0.0175,0.415
173.625,5,-2.107,-3.46,1.0678,1.972,1.879,0.0206,0.415
173.675,5,-2.044,-3.344,1.0705,1.857,1.879,0.0205,0.404
173.725,5,-2.013,-3.288,1.0752,1.858,1.933,0.0387,0.397
173.775,5,-1.984,-3.234,1.0773,1.83,1.933,0.0367,0.397
173.825,5,-1.917,-3.106,1.0869,1.873,1.91,0.0532,0.378
173.875,5,-1.884,-3.041,1.0938,1.923,1.91,0.0535,0.378
173.925,5,-1.856,-2.984,1.1034,1.875,1.875,0.0577,0.366
173.975,5,-1.797,-2.863,1.1223,1.93,1.843,0.0676,0.351
174.026,5,-1.771,-2.807,1.1315,1.884,1.814,0.0754,0.335
174.075,5,-1.718,-2.687,1.1556,1.846,1.787,0.0735,0.316
174.125,5,-1.692,-2.625,1.1699,1.829,1.763,0.0897,0.295
174.175,5,-1.645,-2.502,1.2011,1.809,1.742,0.0996,0.25
174.225,5,-1.623,-2.442,1.2158,1.828,1.724,0.0991,0.25
174.275,5,-1.604,-2.388,1.2329,1.751,1.709,0.1013,0.227
174.325,5,-1.568,-2.273,1.2647,1.718,1.697,0.101,0.202
174.375,5,-1.551,-2.213,1.285,1.729,1.697,0.089,0.174
174.425,5,-1.522,-2.099,1.3201,1.652,1.689,0.0975,0.158
174.475,5,-1.509,-2.04,1.3377,1.696,1.684,0.0928,0.149
174.526,5,-1.496,-1.981,1.3557,1.687,1.682,0.1011,0.142
174.575,5,-1.475,-1.864,1.3921,1.699,1.681,0.0973,0.137
174.625,5,-1.466,-1.804,1.4103,1.676,1.681,0.1017,0.134
174.675,5,-1.451,-1.689,1.442,1.715,1.683,0.1014,0.133
174.725,5,-1.446,-1.631,1.4579,1.641,1.683,0.0926,0.138
174.775,5,-1.44,-1.568,1.4769,1.653,1.688,0.0973,0.142
174.825,5,-1.433,-1.448,1.5095,1.678,1.696,0.0926,0.145
174.875,5,-1.431,-1.386,1.5288,1.689,1.706,0.0983,0.146
174.925,5,-1.43,-1.269,1.5624,1.622,1.717,0.1028,0.159
174.975,5,-1.431,-1.205,1.5793,1.658,1.73,0.0974,0.171
175.025,5,-1.433,-1.142,1.5965,1.713,1.73,0.089,0.183
175.075,5,-1.441,-1.028,1.6312,1.706,1.761,0.0888,0.193
175.125,5,-1.446,-0.964,1.6488,1.742,1.761,0.0815,0.202
175.175,5,-1.459,-0.847,1.6814,1.638,1.778,0.0727,0.209
175.225,5,-1.468,-0.783,1.6965,1.778,1.797,0.0655,0.215
175.275,5,-1.477,-0.721,1.7118,1.646,1.817,0.065,0.225
175.325,5,-1.502,-0.581,1.7424,1.79,1.817,0.053,0.243
175.375,5,-1.513,-0.519,1.7549,1.791,1.86,0.0529,0.262
175.425,5,-1.527,-0.452,1.7675,1.779,1.86,0.0447,0.278
175.475,5,-1.556,-0.324,1.7895,1.816,1.908,0.0407,0.294
175.525,5,-1.57,-0.261,1.7992,1.845,1.908,0.0368,0.309
175.575,5,-1.601,-0.138,1.8184,1.853,1.96,0.0382,0.322
175.625,5,-1.619,-0.072,1.825,1.863,1.96,0.034,0.335
175.675,5,-1.655,0.058,1.8385,1.887,1.985,0.0287,0.335
175.725,5,-1.675,0.127,1.848,1.911,2.01,0.0249,0.357
175.775,5,-1.695,0.197,1.8548,1.947,2.034,0.0206,0.366
175.825,5,-1.738,0.336,1.8681,1.982,2.058,0.0218,0.375
175.875,5,-1.759,0.403,1.8717,1.949,2.082,0.0124,0.383
175.925,5,-1.783,0.48,1.8781,2.076,2.104,0.0083,0.383
175.975,5,-1.828,0.618,1.8855,1.97,2.127,0.0084,0.391
176.025,5,-1.855,0.699,1.8887,2.045,2.149,0.0,0.394
176.075,5,-1.881,0.775,1.892,2.162,2.171,-0.0,0.394
176.125,5,-1.925,0.908,1.8957,2.093,2.213,-0.0133,0.397
176.175,5,-1.949,0.977,1.8957,2.087,2.213,-0.0125,0.397
176.226,5,-1.998,1.123,1.8957,2.129,2.193,-0.0255,0.399
176.275,5,-2.024,1.202,1.8924,2.185,2.152,-0.0312,0.399
176.325,5,-2.05,1.28,1.8887,2.216,2.113,-0.0352,0.401
176.375,5,-2.098,1.432,1.8812,2.207,2.075,-0.0383,0.421
176.425,5,-2.122,1.508,1.8748,2.122,2.039,-0.0418,0.421
176.475,5,-2.146,1.588,1.8653,2.201,2.003,-0.0463,0.419
176.526,5,-2.189,1.74,1.8484,2.024,1.969,-0.0504,0.418
176.576,5,-2.209,1.814,1.8384,2.121,1.936,-0.0513,0.418
176.626,5,-2.209,1.814,1.8384,2.121,1.936,-0.0513,0.418
176.675,5,-2.226,1.879,1.8281,1.592,1.904,-0.048,0.423
176.725,5,-2.26,2.022,1.8183,1.814,1.873,-0.0582,0.43
176.775,5,-2.305,2.231,1.7767,2.26,1.814,-0.0743,0.444
176.826,5,-2.317,2.297,1.7643,2.038,1.786,-0.0643,0.444
176.875,5,-2.329,2.366,1.7517,1.889,1.758,-0.0754,0.448
176.925,5,-2.34,2.436,1.7361,1.894,1.731,-0.078,0.45
176.975,5,-2.358,2.562,1.7086,1.733,1.704,-0.0747,0.444
177.025,5,-2.366,2.627,1.6962,1.829,1.679,-0.0819,0.438
177.075,5,-2.377,2.743,1.6693,1.734,1.653,-0.0903,0.434
177.126,5,-2.381,2.802,1.6574,1.754,1.653,-0.0811,0.431
177.175,5,-2.388,2.913,1.631,1.658,1.628,-0.0853,0.421
177.225,5,-2.39,2.971,1.6164,1.598,1.604,-0.092,0.409
177.275,5,-2.391,3.033,1.5992,1.681,1.579,-0.0984,0.395
177.326,5,-2.391,3.15,1.5707,1.625,1.556,-0.1142,0.38
177.375,5,-2.39,3.209,1.5538,1.641,1.556,-0.1044,0.363
177.425,5,-2.387,3.265,1.537,1.564,1.532,-0.1156,0.344
177.475,5,-2.379,3.382,1.5011,1.554,1.509,-0.1155,0.327
177.526,5,-2.374,3.434,1.4821,1.554,1.486,-0.1155,0.314
177.575,5,-2.36,3.545,1.4444,1.509,1.486,-0.1112,0.299
177.625,5,-2.351,3.602,1.4259,1.506,1.463,-0.1296,0.282
177.675,5,-2.341,3.657,1.4047,1.551,1.441,-0.1275,0.27
177.725,5,-2.321,3.756,1.371,1.448,1.419,-0.1384,0.261
177.775,5,-2.309,3.807,1.3502,1.487,1.397,-0.1528,0.253
177.825,5,-2.296,3.855,1.3297,1.43,1.397,-0.1428,0.246
177.875,5,-2.27,3.947,1.2895,1.372,1.375,-0.1372,0.241
177.925,5,-2.254,3.995,1.2696,1.436,1.354,-0.1735,0.238
177.975,5,-2.238,4.041,1.2499,1.329,1.354,-0.1602,0.238
178.025,5,-2.219,4.092,1.228,1.285,1.333,-0.1834,0.234
178.075,5,-2.172,4.204,1.1769,1.346,1.312,-0.1869,0.224
178.125,5,-2.147,4.258,1.1478,1.479,1.312,-0.1771,0.221
178.175,5,-2.127,4.296,1.1173,1.335,1.291,-0.172,0.221
178.225,5,-2.079,4.383,1.0656,1.284,1.271,-0.1838,0.221
178.275,5,-2.054,4.425,1.0379,1.278,1.271,-0.1729,0.223
178.327,5,-2.022,4.474,1.0126,1.226,1.251,-0.2188,0.227
178.375,5,-1.995,4.514,0.9834,1.296,1.232,-0.2335,0.227
178.425,5,-1.938,4.59,0.9336,1.226,1.232,-0.221,0.216
178.475,5,-1.905,4.629,0.8999,1.223,1.214,-0.2167,0.212
178.525,5,-1.873,4.665,0.8647,1.287,1.197,-0.2296,0.212
178.575,5,-1.812,4.728,0.8033,1.2,1.197,-0.2214,0.21
178.625,5,-1.782,4.757,0.7754,1.154,1.182,-0.2154,0.211
178.675,5,-1.748,4.787,0.7473,1.207,1.182,-0.2048,0.211
178.725,5,-1.685,4.839,0.6918,1.162,1.171,-0.217,0.199
178.776,5,-1.651,4.865,0.664,1.116,1.163,-0.2262,0.199
178.825,5,-1.608,4.896,0.6369,1.153,1.163,-0.2154,0.195
178.875,5,-1.57,4.92,0.6009,1.152,1.16,-0.2391,0.193
178.926,5,-1.494,4.966,0.5425,1.131,1.16,-0.2302,0.195
178.975,5,-1.456,4.987,0.5135,1.15,1.16,-0.273,0.195
179.025,5,-1.414,5.008,0.4826,1.125,1.159,-0.2954,0.2
179.075,5,-1.371,5.027,0.4498,1.104,1.159,-0.2888,0.205
179.125,5,-1.289,5.059,0.3722,1.111,1.161,-0.2511,0.188
179.175,5,-1.247,5.073,0.3334,1.125,1.164,-0.2546,0.188
179.225,5,-1.206,5.084,0.295,1.073,1.164,-0.2376,0.181
179.276,5,-1.159,5.096,0.2626,1.144,1.164,-0.2287,0.177
179.326,5,-1.068,5.113,0.1962,1.164,1.17,-0.2378,0.175
179.375,5,-1.024,5.12,0.1621,1.153,1.176,-0.2507,0.175
179.425,5,-0.979,5.125,0.13,1.152,1.176,-0.2395,0.179
179.475,5,-0.936,5.128,0.098,1.151,1.183,-0.2499,0.186
179.525,5,-0.851,5.131,0.0379,1.159,1.189,-0.2637,0.19
179.575,5,-0.806,5.131,0.0059,1.172,1.189,-0.2532,0.194
179.625,5,-0.727,5.126,-0.0561,1.115,1.195,-0.2652,0.195
179.675,5,-0.68,5.121,-0.0902,1.137,1.195,-0.2431,0.2
179.726,5,-0.636,5.114,-0.1283,1.21,1.201,-0.2546,0.198
179.775,5,-0.593,5.106,-0.1624,1.154,1.201,-0.2394,0.195
179.825,5,-0.507,5.086,-0.2286,1.154,1.207,-0.2269,0.194
179.875,5,-0.465,5.074,-0.2608,1.187,1.212,-0.2392,0.195
179.926,5,-0.382,5.046,-0.3236,1.203,1.212,-0.2272,0.198
179.975,5,-0.342,5.03,-0.354,1.131,1.216,-0.2264,0.195
180.025,5,-0.296,5.01,-0.3848,1.179,1.22,-0.239,0.194
180.075,5,-0.255,4.991,-0.4171,1.148,1.22,-0.2318,0.194
180.125,5,-0.17,4.947,-0.4829,1.181,1.225,-0.2422,0.201
180.175,5,-0.131,4.923,-0.5182,1.169,1.233,-0.2313,0.214
180.225,5,-0.091,4.897,-0.5511,1.172,1.233,-0.2159,0.228
180.275,5,-0.051,4.87,-0.5843,1.202,1.244,-0.2163,0.241
180.325,5,-0.009,4.839,-0.616,1.198,1.244,-0.2094,0.241
180.375,5,0.072,4.773,-0.6857,1.213,1.257,-0.2049,0.263
180.425,5,0.11,4.738,-0.7197,1.186,1.272,-0.173,0.271
180.475,5,0.15,4.698,-0.7518,1.223,1.272,-0.1587,0.273
180.526,5,0.187,4.661,-0.786,1.203,1.288,-0.1623,0.26
180.575,5,0.225,4.619,-0.8169,1.28,1.288,-0.1487,0.26
180.625,5,0.26,4.577,-0.8476,1.217,1.305,-0.1522,0.251
180.675,5,0.296,4.533,-0.8713,1.252,1.305,-0.1358,0.243
180.725,5,0.331,4.487,-0.9001,1.276,1.323,-0.1485,0.238
180.775,5,0.368,4.436,-0.9268,1.289,1.342,-0.1479,0.234
180.825,5,0.403,4.385,-0.9563,1.255,1.342,-0.1405,0.231
180.875,5,0.47,4.279,-1.0082,1.321,1.362,-0.1503,0.231
180.925,5,0.5,4.227,-1.036,1.3,1.382,-0.1249,0.24
180.975,5,0.531,4.169,-1.0611,1.347,1.402,-0.1266,0.255
181.026,5,0.558,4.115,-1.0918,1.42,1.402,-0.1063,0.269
181.075,5,0.584,4.062,-1.1127,1.35,1.423,-0.1135,0.269
181.125,5,0.61,4.003,-1.1316,1.385,1.444,-0.1138,0.282
181.175,5,0.635,3.945,-1.1551,1.39,1.444,-0.1139,0.293
181.226,5,0.659,3.885,-1.1771,1.376,1.466,-0.103,0.303
181.275,5,0.683,3.821,-1.1989,1.378,1.488,-0.1074,0.311
181.325,5,0.706,3.755,-1.2204,1.415,1.488,-0.0945,0.319
181.375,5,0.727,3.693,-1.245,1.438,1.511,-0.0991,0.336
181.425,5,0.746,3.628,-1.265,1.428,1.534,-0.0985,0.36
181.475,5,0.766,3.556,-1.2873,1.291,1.558,-0.1026,0.383
181.526,5,0.766,3.556,-1.2873,1.291,1.558,-0.1026,0.383
181.575,5,0.792,3.455,-1.3074,1.272,1.582,-0.0951,0.404
181.625,5,0.818,3.336,-1.3376,1.89,1.606,-0.0943,0.442
181.675,5,0.832,3.259,-1.3736,1.701,1.632,-0.0823,0.429
181.725,5,0.846,3.176,-1.3972,1.607,1.632,-0.064,0.417
181.775,5,0.857,3.094,-1.4207,1.58,1.657,-0.0599,0.406
181.825,5,0.867,3.008,-1.4447,1.638,1.684,-0.0491,0.397
181.875,5,0.876,2.921,-1.4633,1.572,1.712,-0.0457,0.388
181.925,5,0.883,2.828,-1.4822,1.662,1.74,-0.0409,0.379
181.975,5,0.889,2.743,-1.4986,1.572,1.769,-0.0367,0.37
182.025,5,0.894,2.639,-1.5094,1.711,1.799,-0.0329,0.362
182.075,5,0.894,2.639,-1.5094,1.711,1.799,-0.0329,0.362
182.125,5,0.899,2.538,-1.5232,1.723,1.828,-0.0301,0.354
182.175,5,0.902,2.436,-1.5342,1.778,1.856,-0.0244,0.347
182.226,5,0.904,2.333,-1.5454,1.784,1.884,-0.0218,0.34
182.275,5,0.904,2.229,-1.5566,1.825,1.911,-0.0165,0.328
182.325,5,0.905,2.127,-1.5651,1.834,1.937,-0.0136,0.322
182.375,5,0.904,2.029,-1.5736,1.884,1.963,-0.0084,0.316
182.425,5,0.903,1.928,-1.5792,1.901,1.988,-0.0047,0.311
182.475,5,0.901,1.832,-1.5849,1.87,2.013,-0.0,0.305
182.525,5,0.899,1.724,-1.5906,1.954,2.037,0.0046,0.299
182.575,5,0.897,1.626,-1.5906,1.897,2.061,0.0052,0.294
182.625,5,0.894,1.513,-1.5935,2.045,2.084,0.0088,0.294
182.675,5,0.892,1.409,-1.5935,1.967,2.107,0.0101,0.294
182.725,5,0.89,1.29,-1.5906,2.081,2.107,0.0101,0.294
182.775,5,0.89,1.29,-1.5906,2.081,2.13,0.0095,0.294
182.826,5,0.888,1.18,-1.5906,2.015,2.173,0.0134,0.294
182.875,5,0.886,1.059,-1.5877,2.148,2.194,0.013,0.294
182.925,5,0.885,0.945,-1.5848,2.118,2.215,0.0134,0.294
182.975,5,0.884,0.822,-1.5792,2.109,2.236,0.0084,0.292
183.025,5,0.883,0.696,-1.5763,2.174,2.256,0.0137,0.29
183.075,5,0.884,0.569,-1.5707,2.218,2.295,0.0135,0.287
183.125,5,0.885,0.441,-1.565,2.245,2.314,0.0084,0.28
183.175,5,0.886,0.316,-1.5622,2.263,2.333,0.0143,0.276
183.225,5,0.888,0.199,-1.5566,2.292,2.352,0.013,0.271
183.275,5,0.89,0.081,-1.5538,2.274,2.352,0.013,0.266
183.326,5,0.89,0.081,-1.5538,2.274,2.388,0.0127,0.266
183.375,5,0.893,-0.048,-1.5509,2.28,2.406,0.0173,0.26
183.425,5,0.897,-0.173,-1.5454,2.378,2.424,0.0128,0.253
183.475,5,0.901,-0.305,-1.5398,2.346,2.441,0.014,0.246
183.525,5,0.906,-0.438,-1.5342,2.399,2.475,0.0131,0.238
183.575,5,0.912,-0.569,-1.5286,2.415,2.491,0.0088,0.229
183.625,5,0.918,-0.699,-1.5259,2.442,2.508,0.0043,0.22
183.675,5,0.926,-0.838,-1.5204,2.516,2.54,0.0,0.21
183.726,5,0.934,-0.973,-1.5149,2.493,2.555,-0.0,0.199
183.775,5,0.942,-1.113,-1.5093,2.473,2.586,-0.0105,0.189
183.825,5,0.951,-1.248,-1.5094,2.555,2.601,-0.0138,0.179
183.875,5,0.959,-1.378,-1.5094,2.575,2.616,-0.0173,0.169
183.926,5,0.967,-1.508,-1.5094,2.544,2.631,-0.0217,0.16
183.975,5,0.967,-1.508,-1.5094,2.544,2.631,-0.0217,0.16
184.026,5,0.975,-1.651,-1.5121,2.403,2.65,-0.0263,0.152
184.076,5,0.983,-1.819,-1.5176,2.582,2.582,-0.0259,0.14
184.125,5,0.989,-1.983,-1.5287,2.737,2.549,-0.0216,0.136
184.175,5,0.993,-2.133,-1.537,2.691,2.486,-0.0261,0.137
184.225,5,0.995,-2.276,-1.551,2.626,2.455,-0.0172,0.14
184.276,5,0.996,-2.424,-1.5595,2.643,2.396,-0.0216,0.141
184.326,5,0.996,-2.424,-1.5595,2.643,2.396,-0.0216,0.141
184.375,5,0.995,-2.566,-1.5708,2.216,2.367,-0.0214,0.143
184.425,5,0.993,-2.755,-1.5821,2.939,2.311,-0.0261,0.161
184.475,5,0.989,-2.891,-1.5907,2.65,2.284,-0.0277,0.17
184.525,5,0.985,-3.021,-1.5993,2.498,2.231,-0.0397,0.18
184.575,5,0.98,-3.151,-1.6079,2.434,2.205,-0.0434,0.191
184.626,5,0.973,-3.278,-1.6166,2.343,2.205,-0.0434,0.202
184.675,5,0.965,-3.401,-1.6282,2.357,2.18,-0.0469,0.214
184.725,5,0.956,-3.511,-1.6429,2.301,2.154,-0.0511,0.23
184.775,5,0.956,-3.511,-1.6429,2.301,2.105,-0.0604,0.23
184.825,5,0.945,-3.628,-1.6576,2.148,2.081,-0.0603,0.252
184.875,5,0.931,-3.752,-1.6725,2.263,2.058,-0.068,0.275
184.925,5,0.917,-3.859,-1.6934,2.228,2.034,-0.0635,0.3
184.976,5,0.902,-3.963,-1.7116,2.14,2.011,-0.0586,0.326
185.025,5,0.884,-4.064,-1.73,2.064,1.989,-0.0593,0.346
185.075,5,0.863,-4.176,-1.7517,2.094,1.966,-0.0584,0.358
185.125,5,0.839,-4.286,-1.771,2.066,1.944,-0.0582,0.372
185.175,5,0.817,-4.379,-1.7927,2.038,1.922,-0.054,0.389
185.225,5,0.793,-4.476,-1.809,1.929,1.901,-0.0588,0.406
185.275,5,0.765,-4.58,-1.8255,1.97,1.858,-0.0784,0.446
185.326,5,0.736,-4.679,-1.845,1.975,1.837,-0.0785,0.459
185.375,5,0.706,-4.776,-1.8618,1.906,1.816,-0.0821,0.473
185.425,5,0.675,-4.87,-1.8787,1.931,1.796,-0.0911,0.488
185.475,5,0.643,-4.96,-1.9023,1.901,1.775,-0.0905,0.506
185.525,5,0.61,-5.046,-1.9234,1.845,1.775,-0.0776,0.525
185.575,5,0.575,-5.133,-1.9447,1.858,1.755,-0.0919,0.546
185.625,5,0.542,-5.209,-1.9702,1.783,1.735,-0.0899,0.569
185.675,5,0.506,-5.287,-1.9947,1.812,1.715,-0.0905,0.599
185.725,5,0.467,-5.366,-2.0133,1.742,1.696,-0.0931,0.635
185.775,5,0.428,-5.441,-2.0362,1.787,1.677,-0.0981,0.672
185.825,5,0.39,-5.512,-2.0594,1.774,1.657,-0.1096,0.672
185.875,5,0.352,-5.578,-2.082,1.729,1.657,-0.0971,0.71
185.925,5,0.313,-5.642,-2.1023,1.679,1.638,-0.106,0.75
185.975,5,0.274,-5.703,-2.1236,1.686,1.62,-0.1088,0.735
186.025,5,0.192,-5.823,-2.1705,1.649,1.601,-0.1139,0.707
186.075,5,0.148,-5.882,-2.195,1.652,1.583,-0.1045,0.69
186.126,5,0.103,-5.94,-2.2173,1.578,1.565,-0.1158,0.67
186.175,5,0.054,-6.0,-2.2408,1.565,1.547,-0.1276,0.65
186.225,5,0.002,-6.061,-2.2647,1.596,1.53,-0.1428,0.629
186.275,5,-0.048,-6.117,-2.291,1.601,1.53,-0.1308,0.629
186.325,5,-0.096,-6.167,-2.3165,1.577,1.513,-0.1277,0.612
186.375,5,-0.142,-6.213,-2.3423,1.543,1.497,-0.1431,0.599
186.426,5,-0.192,-6.26,-2.3697,1.566,1.497,-0.1304,0.585
186.475,5,-0.239,-6.302,-2.396,1.518,1.481,-0.1271,0.57
186.525,5,-0.338,-6.385,-2.4472,1.527,1.466,-0.1387,0.532
186.576,5,-0.384,-6.42,-2.4723,1.463,1.452,-0.1635,0.532
186.626,5,-0.437,-6.459,-2.4945,1.439,1.438,-0.1778,0.513
186.676,5,-0.491,-6.496,-2.5214,1.373,1.438,-0.1653,0.498
186.725,5,-0.556,-6.539,-2.5469,1.457,1.426,-0.1738,0.487
186.775,5,-0.618,-6.576,-2.584,1.461,1.414,-0.1899,0.475
186.825,5,-0.678,-6.609,-2.6215,1.47,1.405,-0.1859,0.465
186.875,5,-0.736,-6.638,-2.6557,1.36,1.405,-0.1723,0.456
186.925,5,-0.802,-6.668,-2.6893,1.41,1.397,-0.1849,0.449
186.975,5,-0.865,-6.694,-2.731,1.49,1.391,-0.1981,0.431
187.025,5,-0.917,-6.713,-2.7671,1.418,1.391,-0.1858,0.411
187.075,5,-0.974,-6.733,-2.796,1.349,1.387,-0.1957,0.391
187.125,5,-1.092,-6.766,-2.8665,1.374,1.386,-0.2224,0.373
187.176,5,-1.147,-6.779,-2.8968,1.372,1.221,-0.237,0.353
187.226,5,-1.2,-6.789,-2.9311,1.357,1.221,-0.2222,0.332
187.275,5,-1.261,-6.798,-2.9675,1.403,1.206,-0.2357,0.315
187.325,5,-1.31,-6.804,-3.0014,1.324,1.206,-0.22,0.3
187.375,5,-1.402,-6.811,-3.0697,1.144,1.193,-0.2312,0.287
187.426,5,-1.456,-6.812,-3.0978,1.224,1.181,-0.2283,0.276
187.475,5,-1.504,-6.811,-3.1338,1.18,1.181,-0.2194,0.267
187.525,5,-1.554,-6.809,3.1154,1.201,1.172,-0.2279,0.26
187.575,5,-1.645,-6.801,3.0514,1.18,1.172,-0.2205,0.255
187.625,5,-1.689,-6.794,3.0193,1.153,1.166,-0.2154,0.25
187.675,5,-1.734,-6.786,2.9873,1.12,1.163,-0.2422,0.242
187.725,5,-1.783,-6.776,2.9574,1.093,1.163,-0.2257,0.236
187.775,5,-1.835,-6.764,2.923,1.065,1.162,-0.2503,0.232
187.825,5,-1.892,-6.747,2.8888,1.201,1.161,-0.2626,0.229
187.875,5,-1.936,-6.733,2.8463,1.176,1.161,-0.2551,0.228
187.926,5,-2.019,-6.701,2.7818,1.188,1.161,-0.2508,0.229
187.975,5,-2.055,-6.686,2.7474,1.097,1.161,-0.2372,0.231
188.025,5,-2.094,-6.667,2.7158,1.164,1.163,-0.2661,0.231
188.075,5,-2.172,-6.625,2.6506,1.141,1.166,-0.2612,0.243
188.125,5,-2.206,-6.605,2.6178,1.089,1.166,-0.2605,0.246
188.175,5,-2.246,-6.579,2.5869,1.096,1.17,-0.2717,0.246
188.225,5,-2.282,-6.553,2.5499,1.104,1.17,-0.2604,0.246
188.275,5,-2.364,-6.488,2.4753,1.224,1.176,-0.2836,0.249
188.325,5,-2.397,-6.459,2.4331,1.178,1.181,-0.2737,0.263
188.375,5,-2.43,-6.427,2.3991,1.096,1.181,-0.2602,0.269
188.425,5,-2.465,-6.391,2.3587,1.188,1.187,-0.2739,0.269
188.476,5,-2.518,-6.329,2.2861,1.118,1.187,-0.2619,0.269
188.525,5,-2.546,-6.293,2.253,1.14,1.193,-0.2612,0.271
188.575,5,-2.572,-6.257,2.217,1.198,1.193,-0.2563,0.271
188.625,5,-2.617,-6.188,2.1518,1.146,1.197,-0.2539,0.281
188.676,5,-2.641,-6.146,2.1157,1.166,1.201,-0.2629,0.28
188.725,5,-2.661,-6.108,2.0784,1.171,1.201,-0.2388,0.28
188.775,5,-2.697,-6.033,2.013,1.148,1.203,-0.2408,0.282
188.825,5,-2.713,-5.993,1.9805,1.214,1.206,-0.2397,0.282
188.875,5,-2.741,-5.914,1.9128,1.158,1.206,-0.2277,0.286
188.925,5,-2.753,-5.876,1.8849,1.14,1.21,-0.2151,0.267
188.976,5,-2.765,-5.829,1.8547,1.196,1.21,-0.2046,0.267
189.025,5,-2.783,-5.749,1.7956,1.191,1.218,-0.205,0.256
189.075,5,-2.792,-5.7,1.7673,1.172,1.229,-0.2042,0.253
189.125,5,-2.799,-5.655,1.7361,1.203,1.229,-0.1932,0.253
189.175,5,-2.808,-5.572,1.6784,1.185,1.244,-0.1813,0.252
189.225,5,-2.811,-5.53,1.6544,1.209,1.244,-0.1701,0.252
189.276,5,-2.814,-5.44,1.6048,1.226,1.26,-0.1864,0.254
189.326,5,-2.813,-5.396,1.5791,1.211,1.278,-0.1469,0.263
189.375,5,-2.812,-5.349,1.5565,1.273,1.278,-0.1361,0.271
189.426,5,-2.81,-5.309,1.5286,1.147,1.298,-0.1468,0.277
189.476,5,-2.801,-5.206,1.4821,1.268,1.32,-0.136,0.281
189.525,5,-2.795,-5.161,1.4632,1.325,1.32,-0.125,0.283
189.576,5,-2.782,-5.074,1.4258,1.284,1.342,-0.1245,0.286
189.625,5,-2.775,-5.03,1.4073,1.291,1.342,-0.1129,0.298
189.676,5,-2.756,-4.937,1.3709,1.345,1.366,-0.113,0.321
189.725,5,-2.745,-4.893,1.353,1.367,1.391,-0.1058,0.345
189.775,5,-2.734,-4.845,1.3349,1.33,1.391,-0.0977,0.368
189.826,5,-2.709,-4.754,1.3048,1.318,1.417,-0.0978,0.39
189.875,5,-2.694,-4.705,1.2896,1.421,1.445,-0.1029,0.416
189.925,5,-2.662,-4.605,1.2597,1.394,1.445,-0.0951,0.443
189.975,5,-2.644,-4.554,1.2424,1.4,1.473,-0.0747,0.469
190.025,5,-2.625,-4.504,1.228,1.449,1.503,-0.0793,0.48
190.075,5,-2.586,-4.404,1.1982,1.498,1.503,-0.0674,0.472
190.125,5,-2.568,-4.359,1.1864,1.514,1.567,-0.0641,0.464
190.175,5,-2.546,-4.308,1.1769,1.43,1.567,-0.0592,0.457
190.225,5,-2.5,-4.204,1.1527,1.528,1.6,-0.0524,0.451
190.275,5,-2.478,-4.156,1.1433,1.577,1.635,-0.0521,0.445
190.325,5,-2.428,-4.053,1.1244,1.553,1.635,-0.0437,0.44
190.375,5,-2.402,-4.0,1.1147,1.595,1.701,-0.032,0.436
190.425,5,-2.374,-3.946,1.1055,1.62,1.701,-0.029,0.432
190.476,5,-2.321,-3.844,1.0916,1.638,1.733,-0.0201,0.428
190.525,5,-2.293,-3.79,1.0868,1.688,1.764,-0.0162,0.424
190.575,5,-2.238,-3.688,1.0778,1.712,1.794,-0.0057,0.419
190.625,5,-2.21,-3.636,1.0725,1.72,1.823,0.0,0.416
190.675,5,-2.147,-3.522,1.0683,1.778,1.823,0.0044,0.413
190.726,5,-2.118,-3.47,1.0683,1.751,1.879,0.0162,0.409
190.775,5,-2.086,-3.412,1.0683,1.841,1.879,0.0163,0.404
190.825,5,-2.019,-3.289,1.0678,1.911,1.933,0.037,0.398
190.875,5,-1.988,-3.233,1.0731,1.797,1.933,0.0366,0.391
190.925,5,-1.924,-3.113,1.0821,1.881,1.948,0.0513,0.391
190.975,5,-1.892,-3.051,1.089,2.007,1.91,0.055,0.371
191.026,5,-1.86,-2.986,1.096,1.938,1.875,0.0576,0.371
191.075,5,-1.801,-2.865,1.1174,1.84,1.843,0.0699,0.341
191.125,5,-1.766,-2.79,1.1293,1.825,1.814,0.0734,0.323
191.175,5,-1.73,-2.71,1.1435,1.899,1.787,0.0837,0.303
191.225,5,-1.702,-2.643,1.16,1.864,1.763,0.0941,0.303
191.275,5,-1.673,-2.572,1.1744,1.876,1.742,0.1065,0.282
191.325,5,-1.625,-2.445,1.2084,1.889,1.724,0.1025,0.237
191.375,5,-1.606,-2.39,1.2278,1.758,1.709,0.107,0.237
191.425,5,-1.565,-2.26,1.2675,1.801,1.709,0.0986,0.212
191.475,5,-1.547,-2.197,1.2874,1.724,1.689,0.1062,0.161
191.525,5,-1.53,-2.131,1.3075,1.743,1.689,0.0931,0.161
191.575,5,-1.503,-2.012,1.348,1.714,1.684,0.0973,0.143
191.625,5,-1.492,-1.956,1.3661,1.581,1.682,0.0937,0.138
191.675,5,-1.481,-1.892,1.3816,1.696,1.681,0.1019,0.138
191.725,5,-1.471,-1.83,1.3998,1.674,1.681,0.093,0.134
191.775,5,-1.453,-1.697,1.4367,1.75,1.683,0.1013,0.136
191.825,5,-1.446,-1.638,1.4554,1.698,1.683,0.0928,0.136
191.876,5,-1.44,-1.568,1.4714,1.679,1.688,0.1018,0.141
191.925,5,-1.436,-1.501,1.4932,1.603,1.696,0.1,0.144
191.975,5,-1.432,-1.429,1.5123,1.597,1.706,0.104,0.146
192.025,5,-1.43,-1.275,1.5539,1.709,1.706,0.0965,0.155
192.076,5,-1.43,-1.275,1.5539,1.709,1.717,0.0969,0.155
192.126,5,-1.431,-1.196,1.5765,1.474,1.73,0.099,0.168
192.175,5,-1.441,-1.024,1.6312,1.841,1.761,0.0898,0.191
192.225,5,-1.447,-0.954,1.6488,1.804,1.761,0.0826,0.2
192.275,5,-1.454,-0.885,1.6695,1.772,1.778,0.069,0.208
192.325,5,-1.463,-0.817,1.6906,1.669,1.797,0.0644,0.214
192.375,5,-1.477,-0.73,1.7088,1.757,1.817,0.0665,0.22
192.425,5,-1.489,-0.655,1.7302,1.644,1.817,0.0525,0.238
192.475,5,-1.521,-0.493,1.7642,1.904,1.838,0.049,0.256
192.526,5,-1.535,-0.428,1.7771,1.825,1.883,0.0419,0.273
192.575,5,-1.552,-0.351,1.7895,1.907,1.883,0.0328,0.288
192.625,5,-1.585,-0.217,1.809,1.816,1.908,0.0328,0.303
192.675,5,-1.603,-0.148,1.8188,1.822,1.96,0.0338,0.316
192.725,5,-1.622,-0.076,1.8251,1.831,1.96,0.0303,0.328
192.775,5,-1.642,0.0,1.8318,1.824,1.985,0.029,0.34
192.826,5,-1.665,0.081,1.8385,1.907,2.01,0.0292,0.351
192.875,5,-1.712,0.242,1.8553,2.0,2.034,0.0261,0.361
192.925,5,-1.736,0.321,1.8617,1.982,2.058,0.0165,0.37
192.975,5,-1.763,0.406,1.8712,1.988,2.082,0.0126,0.379
193.025,5,-1.788,0.485,1.8781,1.885,2.104,0.0084,0.384
193.075,5,-1.821,0.587,1.8823,2.238,2.127,0.0055,0.388
193.125,5,-1.844,0.654,1.8887,2.122,2.149,-0.0,0.388
193.175,5,-1.873,0.742,1.892,1.897,2.171,-0.0041,0.39
193.225,5,-1.915,0.868,1.8925,1.787,2.192,-0.0094,0.392
193.275,5,-1.915,0.868,1.8925,1.787,2.192,-0.0094,0.392
193.325,5,-2.002,1.125,1.8957,2.507,2.233,-0.0216,0.396
193.375,5,-2.031,1.214,1.8951,2.414,2.152,-0.0342,0.397
193.426,5,-2.065,1.314,1.8919,2.303,2.113,-0.0426,0.41
193.475,5,-2.095,1.41,1.8849,2.424,2.075,-0.0445,0.426
193.525,5,-2.143,1.565,1.8711,2.189,2.039,-0.0512,0.426
193.575,5,-2.167,1.646,1.8611,2.237,2.003,-0.0464,0.422
193.625,5,-2.186,1.714,1.8484,2.14,1.969,-0.0516,0.422
193.675,5,-2.222,1.852,1.8281,1.995,1.904,-0.054,0.425
193.725,5,-2.24,1.924,1.8187,1.993,1.904,-0.0455,0.432
193.775,5,-2.257,1.997,1.8089,2.006,1.873,-0.0497,0.432
193.825,5,-2.286,2.128,1.7863,1.933,1.843,-0.0547,0.441
193.875,5,-2.299,2.191,1.777,1.916,1.814,-0.0575,0.441
193.925,5,-2.324,2.324,1.7579,1.876,1.786,-0.061,0.45
193.975,5,-2.337,2.399,1.7456,1.874,1.758,-0.0744,0.452
194.025,5,-2.347,2.463,1.7359,1.842,1.731,-0.0776,0.452
194.075,5,-2.366,2.599,1.7114,1.789,1.704,-0.0878,0.45
194.125,5,-2.374,2.662,1.6962,1.814,1.679,-0.0875,0.44
194.175,5,-2.38,2.721,1.6812,1.737,1.679,-0.0769,0.44
194.225,5,-2.389,2.842,1.6485,1.712,1.628,-0.0982,0.427
194.276,5,-2.392,2.903,1.6339,1.732,1.628,-0.089,0.427
194.325,5,-2.396,3.021,1.602,1.667,1.604,-0.0974,0.415
194.375,5,-2.396,3.081,1.5849,1.646,1.579,-0.0924,0.401
194.425,5,-2.396,3.139,1.5678,1.638,1.556,-0.1164,0.385
194.475,5,-2.391,3.259,1.5342,1.612,1.556,-0.106,0.347
194.525,5,-2.388,3.312,1.5176,1.438,1.532,-0.1026,0.347
194.582,5,-2.382,3.376,1.4984,1.515,1.532,-0.1026,0.329
194.625,5,-2.382,3.376,1.4984,1.515,1.509,-0.1125,0.329
194.675,5,-2.37,3.484,1.4794,1.41,1.486,-0.1141,0.3
194.725,5,-2.358,3.572,1.4417,1.619,1.463,-0.1421,0.284
194.775,5,-2.345,3.648,1.4153,1.386,1.441,-0.1374,0.272
194.825,5,-2.325,3.747,1.389,1.458,1.441,-0.1374,0.262
194.875,5,-2.303,3.836,1.3555,1.582,1.419,-0.1501,0.254
194.925,5,-2.283,3.908,1.3173,1.545,1.397,-0.1518,0.247
194.975,5,-2.283,3.908,1.3173,1.545,1.375,-0.1513,0.247
195.025,5,-2.263,3.972,1.2844,1.385,1.375,-0.1374,0.242
195.075,5,-2.238,4.044,1.2546,1.429,1.354,-0.1774,0.238
195.125,5,-2.186,4.174,1.1887,1.561,1.312,-0.1874,0.228
195.175,5,-2.164,4.222,1.1598,1.476,1.312,-0.1796,0.224
195.225,5,-2.142,4.267,1.1341,1.378,1.291,-0.1895,0.221
195.275,5,-2.117,4.315,1.1077,1.345,1.291,-0.1721,0.22
195.325,5,-2.093,4.358,1.0773,1.211,1.271,-0.1857,0.22
195.375,5,-2.037,4.45,1.0198,1.153,1.271,-0.1712,0.22
195.443,5,-2.037,4.45,1.0198,1.153,1.251,-0.2169,0.223
195.509,5,-2.037,4.45,1.0198,1.153,1.251,-0.2169,0.223
195.525,5,-2.037,4.45,1.0198,1.153,1.251,-0.2169,0.223
195.575,5,-1.997,4.508,0.9921,0.809,1.251,-0.2023,0.225
195.625,5,-1.881,4.656,0.9536,1.974,1.214,-0.2807,0.211
195.675,5,-1.824,4.717,0.8579,1.721,1.197,-0.2546,0.21
195.725,5,-1.781,4.761,0.8033,1.373,1.182,-0.2476,0.21
195.775,5,-1.727,4.809,0.7664,1.346,1.171,-0.2543,0.207
195.825,5,-1.683,4.846,0.7088,1.292,1.171,-0.2349,0.202
195.875,5,-1.646,4.873,0.664,1.137,1.163,-0.2266,0.202
195.926,5,-1.599,4.906,0.6305,1.102,1.163,-0.2264,0.198
195.975,5,-1.548,4.938,0.5862,1.175,1.16,-0.2273,0.196
196.025,5,-1.503,4.964,0.5446,1.195,1.16,-0.2857,0.196
196.075,5,-1.459,4.987,0.5096,1.144,1.16,-0.2728,0.198
196.126,5,-1.377,5.026,0.4417,1.156,1.159,-0.2731,0.204
196.175,5,-1.337,5.042,0.4066,1.137,1.161,-0.2536,0.194
196.226,5,-1.296,5.057,0.3701,1.136,1.161,-0.2396,0.194
196.275,5,-1.214,5.081,0.295,1.135,1.161,-0.2146,0.179
196.325,5,-1.172,5.092,0.2626,1.125,1.164,-0.2148,0.176
196.375,5,-1.132,5.101,0.2324,1.136,1.17,-0.243,0.176
196.425,5,-1.052,5.115,0.1802,1.123,1.176,-0.2548,0.174
196.475,5,-1.006,5.121,0.1541,1.14,1.176,-0.2382,0.179
196.525,5,-0.964,5.126,0.124,1.151,1.183,-0.2671,0.179
196.576,5,-0.883,5.131,0.0639,1.099,1.183,-0.2373,0.191
196.625,5,-0.835,5.131,0.0339,1.117,1.189,-0.2636,0.191
196.675,5,-0.78,5.13,-0.0062,1.009,1.189,-0.2636,0.194
196.725,5,-0.78,5.13,-0.0062,1.009,1.189,-0.2474,0.194
196.775,5,-0.714,5.125,-0.0462,0.845,1.195,-0.2582,0.2
196.825,5,-0.604,5.109,-0.0942,1.601,1.201,-0.284,0.199
196.875,5,-0.551,5.098,-0.1825,1.377,1.207,-0.255,0.196
196.926,5,-0.491,5.083,-0.2227,1.272,1.207,-0.241,0.195
196.975,5,-0.439,5.067,-0.2711,1.196,1.212,-0.2394,0.197
197.025,5,-0.386,5.048,-0.3174,1.129,1.216,-0.2507,0.198
197.075,5,-0.33,5.026,-0.3602,1.17,1.216,-0.2272,0.195
197.125,5,-0.277,5.001,-0.4031,1.18,1.22,-0.2274,0.194
197.175,5,-0.227,4.976,-0.4458,1.17,1.22,-0.2173,0.194
197.225,5,-0.17,4.944,-0.489,1.184,1.22,-0.2173,0.199
197.275,5,-0.117,4.911,-0.5326,1.233,1.233,-0.2169,0.212
197.325,5,-0.071,4.879,-0.5763,1.264,1.233,-0.1942,0.225
197.375,5,-0.031,4.85,-0.6115,1.228,1.244,-0.2057,0.238
197.425,5,0.011,4.817,-0.6452,1.212,1.244,-0.1817,0.249
197.475,5,0.053,4.782,-0.6793,1.178,1.257,-0.1942,0.259
197.525,5,0.097,4.743,-0.7109,1.175,1.272,-0.1736,0.266
197.575,5,0.139,4.702,-0.7452,1.132,1.272,-0.1459,0.269
197.625,5,0.186,4.654,-0.7775,1.274,1.288,-0.1594,0.257
197.675,5,0.231,4.605,-0.8145,1.261,1.288,-0.1485,0.247
197.725,5,0.27,4.559,-0.8495,1.294,1.305,-0.1516,0.24
197.775,5,0.306,4.514,-0.8762,1.242,1.323,-0.1473,0.235
197.826,5,0.344,4.464,-0.9026,1.244,1.323,-0.1357,0.235
197.875,5,0.382,4.411,-0.9338,1.292,1.342,-0.1522,0.231
197.926,5,0.418,4.359,-0.9629,1.297,1.362,-0.148,0.229
197.975,5,0.453,4.303,-0.9902,1.322,1.362,-0.1366,0.228
198.025,5,0.484,4.25,-1.0174,1.327,1.382,-0.1297,0.23
198.075,5,0.517,4.192,-1.0454,1.33,1.402,-0.125,0.238
198.125,5,0.549,4.132,-1.0727,1.305,1.402,-0.113,0.254
198.175,5,0.581,4.066,-1.1009,1.416,1.423,-0.1142,0.268
198.225,5,0.608,4.007,-1.1294,1.411,1.444,-0.1265,0.281
198.275,5,0.632,3.95,-1.1529,1.387,1.444,-0.1139,0.292
198.325,5,0.68,3.827,-1.1961,1.426,1.466,-0.1033,0.31
198.375,5,0.701,3.767,-1.2204,1.434,1.488,-0.0959,0.318
198.425,5,0.722,3.705,-1.2426,1.427,1.511,-0.0989,0.336
198.475,5,0.742,3.64,-1.2622,1.423,1.534,-0.103,0.359
198.525,5,0.762,3.567,-1.2849,1.488,1.534,-0.0871,0.382
198.575,5,0.78,3.497,-1.3046,1.456,1.558,-0.0909,0.403
198.625,5,0.798,3.421,-1.3277,1.508,1.582,-0.0794,0.423
198.676,5,0.815,3.342,-1.3507,1.475,1.606,-0.0791,0.441
198.726,5,0.83,3.261,-1.3711,1.555,1.632,-0.0797,0.429
198.776,5,0.845,3.176,-1.3918,1.549,1.632,-0.0797,0.415
198.825,5,0.845,3.176,-1.3918,1.549,1.632,-0.0677,0.415
198.875,5,0.868,3.009,-1.4311,1.674,1.657,-0.0676,0.403
198.925,5,0.868,3.009,-1.4311,1.674,1.684,-0.0606,0.392
198.975,5,0.877,2.929,-1.4526,1.597,1.712,-0.052,0.382
199.025,5,0.885,2.841,-1.4686,1.652,1.74,-0.0541,0.373
199.075,5,0.892,2.751,-1.4848,1.58,1.769,-0.0479,0.364
199.125,5,0.898,2.646,-1.5012,1.745,1.799,-0.0405,0.356
199.175,5,0.902,2.556,-1.5177,1.74,1.828,-0.0373,0.349
199.226,5,0.905,2.457,-1.5315,1.776,1.856,-0.0328,0.343
199.275,5,0.907,2.358,-1.5454,1.741,1.884,-0.0202,0.337
199.325,5,0.907,2.253,-1.5595,1.691,1.884,-0.0202,0.332
199.375,5,0.907,2.253,-1.5595,1.691,1.911,-0.0163,0.332
199.426,5,0.907,2.133,-1.5707,1.928,1.937,-0.0082,0.323
199.476,5,0.905,2.031,-1.5821,1.858,1.963,-0.0,0.318
199.525,5,0.903,1.923,-1.5877,1.957,1.988,0.0,0.313
199.575,5,0.901,1.818,-1.5935,1.916,2.013,0.0041,0.307
199.625,5,0.898,1.7,-1.5935,1.933,2.037,0.0041,0.301
199.675,5,0.895,1.59,-1.5935,1.888,2.061,0.0091,0.295
199.725,5,0.893,1.467,-1.5935,2.047,2.061,0.0091,0.295
199.775,5,0.893,1.467,-1.5935,2.047,2.107,0.0099,0.295
199.825,5,0.89,1.351,-1.5935,2.015,2.13,0.0083,0.295
199.875,5,0.888,1.233,-1.5906,2.046,2.152,0.0083,0.295
199.925,5,0.886,1.108,-1.5877,2.031,2.173,0.0083,0.295
199.975,5,0.884,0.989,-1.5849,2.146,2.194,0.0084,0.295
200.025,5,0.883,0.868,-1.582,2.166,2.236,0.0126,0.294
200.075,5,0.882,0.745,-1.5792,2.075,2.256,0.0125,0.292
200.16,5,0.882,0.745,-1.5792,2.075,2.256,0.0125,0.292
200.176,5,0.882,0.745,-1.5792,2.075,2.256,0.0125,0.292
200.225,5,0.882,0.608,-1.5763,1.635,2.276,0.0175,0.29
200.275,5,0.882,0.348,-1.5735,3.149,2.333,0.0272,0.285
200.325,5,0.883,0.23,-1.5622,2.722,2.352,0.0222,0.281
200.375,5,0.885,0.111,-1.5594,2.471,2.37,0.0215,0.276
200.425,5,0.888,-0.022,-1.5538,2.469,2.406,0.0234,0.262
200.482,5,0.888,-0.022,-1.5538,2.469,2.406,0.0234,0.262
200.525,5,0.892,-0.146,-1.5426,1.766,2.424,0.0122,0.254
200.575,5,0.892,-0.146,-1.5426,1.766,2.424,0.0122,0.254
200.625,5,0.905,-0.415,-1.5342,2.756,2.475,0.013,0.234
200.675,5,0.915,-0.591,-1.5176,2.553,2.491,-0.0,0.223
200.725,5,0.915,-0.591,-1.5176,2.553,2.491,-0.0,0.223
200.775,5,0.928,-0.77,-1.5038,2.535,2.524,-0.0176,0.198
200.825,5,0.941,-0.948,-1.4983,2.418,2.555,-0.0265,0.185
200.875,5,0.941,-0.948,-1.4983,2.418,2.555,-0.0265,0.185
200.925,5,0.957,-1.146,-1.4901,2.634,2.586,-0.0393,0.161
200.975,5,0.97,-1.313,-1.493,2.597,2.616,-0.0442,0.152
201.025,5,0.981,-1.484,-1.5011,2.589,2.631,-0.0434,0.144
201.075,5,0.981,-1.484,-1.5011,2.589,2.631,-0.0434,0.144
201.125,5,0.989,-1.659,-1.5149,2.638,2.65,-0.0345,0.138
201.175,5,0.993,-1.828,-1.5343,2.543,2.582,-0.022,0.139
201.226,5,0.994,-1.999,-1.5566,2.687,2.549,-0.0,0.143
201.276,5,0.991,-2.168,-1.5792,2.792,2.486,0.0131,0.148
201.326,5,0.987,-2.318,-1.5964,2.743,2.486,0.0131,0.151
201.375,5,0.987,-2.318,-1.5964,2.743,2.425,0.023,0.151
201.425,5,0.982,-2.463,-1.605,2.663,2.396,0.0259,0.154
201.475,5,0.977,-2.599,-1.605,2.571,2.367,0.0267,0.165
201.525,5,0.974,-2.731,-1.5992,2.511,2.311,0.0056,0.176
201.575,5,0.972,-2.863,-1.5906,2.452,2.284,-0.0086,0.185
201.625,5,0.971,-2.993,-1.5792,2.429,2.257,-0.0358,0.194
201.675,5,0.972,-3.121,-1.5707,2.385,2.205,-0.0641,0.201
201.725,5,0.972,-3.247,-1.5679,2.319,2.18,-0.0807,0.208
201.775,5,0.971,-3.374,-1.5707,2.292,2.154,-0.1072,0.214
201.825,5,0.968,-3.5,-1.585,2.237,2.13,-0.1097,0.221
201.878,5,0.968,-3.5,-1.585,2.237,2.13,-0.1097,0.221
201.925,5,0.968,-3.5,-1.585,2.237,2.13,-0.1097,0.221
201.976,5,0.962,-3.622,-1.608,1.682,2.081,-0.1094,0.236
202.026,5,0.938,-3.85,-1.637,2.506,2.034,-0.125,0.299
202.075,5,0.912,-4.004,-1.7117,2.345,1.989,-0.0869,0.323
202.125,5,0.912,-4.004,-1.7117,2.345,1.989,-0.0869,0.323
202.175,5,0.88,-4.151,-1.7612,2.267,1.966,-0.0638,0.337
202.225,5,0.844,-4.285,-1.8095,2.178,1.944,-0.0294,0.375
202.275,5,0.806,-4.404,-1.8619,2.041,1.901,-0.0042,0.4
202.325,5,0.806,-4.404,-1.8619,2.041,1.901,-0.0042,0.4
202.375,5,0.764,-4.526,-1.8927,2.117,1.879,0.0042,0.426
202.425,5,0.728,-4.623,-1.9164,1.882,1.858,0.0123,0.455
202.476,5,0.684,-4.742,-1.9266,1.987,1.837,0.0099,0.497
202.525,5,0.644,-4.848,-1.9272,1.923,1.816,-0.0041,0.517
202.576,5,0.605,-4.956,-1.9266,1.876,1.816,-0.0041,0.517
202.625,5,0.605,-4.956,-1.9266,1.876,1.775,-0.041,0.537
202.675,5,0.566,-5.062,-1.9227,1.798,1.755,-0.0732,0.557
202.725,5,0.523,-5.18,-1.9194,1.914,1.735,-0.1072,0.595
202.776,5,0.488,-5.275,-1.92,1.764,1.715,-0.1323,0.615
202.825,5,0.45,-5.371,-1.9331,1.758,1.715,-0.1323,0.642
202.875,5,0.45,-5.371,-1.9331,1.758,1.696,-0.1419,0.642
202.925,5,0.409,-5.469,-1.9545,1.838,1.677,-0.1611,0.671
202.975,5,0.369,-5.555,-1.9873,1.697,1.657,-0.1793,0.702
203.025,5,0.325,-5.641,-2.0248,1.858,1.638,-0.1676,0.735
203.075,5,0.285,-5.711,-2.067,1.757,1.62,-0.1677,0.771
203.125,5,0.243,-5.779,-2.1032,1.708,1.601,-0.1534,0.756
203.175,5,0.199,-5.844,-2.1477,1.671,1.583,-0.1408,0.738
203.225,5,0.157,-5.901,-2.1862,1.579,1.583,-0.1283,0.717
203.275,5,0.106,-5.965,-2.2218,1.475,1.565,-0.1395,0.694
203.325,5,0.047,-6.034,-2.2591,1.483,1.547,-0.1267,0.67
203.375,5,-0.015,-6.102,-2.2969,1.529,1.53,-0.1329,0.644
203.425,5,-0.084,-6.171,-2.3318,1.573,1.513,-0.1333,0.603
203.475,5,-0.084,-6.171,-2.3318,1.573,1.513,-0.1333,0.603
203.525,5,-0.153,-6.235,-2.3731,1.517,1.497,-0.1285,0.588
203.575,5,-0.222,-6.295,-2.4069,1.595,1.481,-0.132,0.571
203.625,5,-0.287,-6.348,-2.4444,1.429,1.466,-0.1306,0.552
203.675,5,-0.365,-6.406,-2.4756,1.592,1.452,-0.1519,0.532
203.725,5,-0.431,-6.453,-2.5135,1.519,1.438,-0.1509,0.49
203.775,5,-0.431,-6.453,-2.5135,1.519,1.438,-0.1509,0.49
203.825,5,-0.5,-6.498,-2.5454,1.445,1.438,-0.1381,0.478
203.875,5,-0.571,-6.541,-2.5775,1.461,1.426,-0.1502,0.466
203.925,5,-0.641,-6.58,-2.6149,1.545,1.414,-0.1652,0.456
203.975,5,-0.763,-6.64,-2.6792,1.562,1.405,-0.1619,0.442
204.025,5,-0.818,-6.665,-2.7089,1.453,1.397,-0.1762,0.428
204.075,5,-0.871,-6.686,-2.7394,1.353,1.391,-0.1894,0.411
204.125,5,-0.931,-6.709,-2.7652,1.471,1.391,-0.174,0.411
204.175,5,-0.98,-6.726,-2.796,1.36,1.387,-0.1984,0.393
204.225,5,-1.031,-6.742,-2.8222,1.374,1.387,-0.1893,0.377
204.275,5,-1.143,-6.771,-2.8826,1.358,1.386,-0.2086,0.34
204.325,5,-1.198,-6.783,-2.913,1.316,1.221,-0.2185,0.34
204.375,5,-1.255,-6.793,-2.9454,1.181,1.221,-0.2185,0.324
204.425,5,-1.336,-6.804,-2.9817,1.448,1.193,-0.2566,0.308
204.475,5,-1.392,-6.809,-3.0316,1.408,1.193,-0.2321,0.295
204.525,5,-1.437,-6.811,-3.0677,1.266,1.181,-0.2409,0.284
204.575,5,-1.487,-6.812,-3.1018,1.25,1.181,-0.2289,0.274
204.625,5,-1.575,-6.809,3.1114,1.11,1.172,-0.2392,0.26
204.675,5,-1.623,-6.806,3.0814,1.138,1.166,-0.2536,0.26
204.725,5,-1.67,-6.8,3.0475,1.152,1.166,-0.2421,0.256
204.775,5,-1.713,-6.794,3.0134,1.113,1.163,-0.2491,0.251
204.825,5,-1.761,-6.785,2.9834,1.115,1.163,-0.2376,0.244
204.876,5,-1.855,-6.763,2.9088,1.126,1.162,-0.2647,0.238
204.925,5,-1.895,-6.751,2.8746,1.144,1.161,-0.2647,0.235
204.975,5,-1.936,-6.738,2.8445,1.132,1.161,-0.2495,0.233
205.026,5,-2.011,-6.709,2.777,1.112,1.161,-0.249,0.232
205.075,5,-2.05,-6.692,2.7492,1.16,1.161,-0.2505,0.234
205.125,5,-2.087,-6.674,2.714,1.13,1.163,-0.264,0.238
205.176,5,-2.16,-6.635,2.6523,1.142,1.166,-0.2612,0.244
205.225,5,-2.194,-6.615,2.6194,1.133,1.166,-0.2495,0.248
205.275,5,-2.228,-6.592,2.5886,1.079,1.17,-0.2758,0.248
205.325,5,-2.265,-6.567,2.5563,1.061,1.17,-0.2594,0.248
205.376,5,-2.344,-6.506,2.4831,1.137,1.176,-0.2846,0.252
205.425,5,-2.378,-6.476,2.4441,1.107,1.176,-0.2489,0.26
205.475,5,-2.42,-6.436,2.4066,1.1,1.181,-0.2721,0.266
205.525,5,-2.456,-6.398,2.3574,1.138,1.187,-0.2727,0.267
205.575,5,-2.49,-6.359,2.3128,1.15,1.187,-0.2618,0.266
205.625,5,-2.523,-6.318,2.2736,1.131,1.193,-0.261,0.267
205.675,5,-2.555,-6.274,2.2304,1.153,1.193,-0.25,0.27
205.725,5,-2.584,-6.231,2.1858,1.176,1.197,-0.2622,0.27
205.775,5,-2.609,-6.191,2.144,1.135,1.197,-0.2434,0.275
205.825,5,-2.64,-6.135,2.1071,1.092,1.201,-0.2534,0.275
205.875,5,-2.665,-6.085,2.0584,1.272,1.201,-0.2293,0.274
205.925,5,-2.703,-5.996,1.9798,1.242,1.203,-0.221,0.276
205.975,5,-2.718,-5.954,1.9412,1.251,1.206,-0.2173,0.273
206.025,5,-2.732,-5.913,1.9123,1.202,1.206,-0.2104,0.273
206.075,5,-2.757,-5.827,1.8547,1.09,1.21,-0.215,0.256
206.125,5,-2.769,-5.776,1.8218,1.147,1.218,-0.2037,0.25
206.175,5,-2.78,-5.721,1.7894,1.154,1.218,-0.1923,0.246
206.225,5,-2.789,-5.664,1.7544,1.083,1.218,-0.1923,0.246
206.275,5,-2.797,-5.598,1.7176,1.244,1.244,-0.2103,0.243
206.326,5,-2.802,-5.543,1.6782,1.216,1.244,-0.1818,0.244
206.375,5,-2.806,-5.483,1.6456,1.219,1.26,-0.195,0.249
206.425,5,-2.807,-5.426,1.6106,1.152,1.26,-0.1692,0.259
206.475,5,-2.806,-5.361,1.5763,1.28,1.278,-0.1478,0.267
206.525,5,-2.803,-5.307,1.5397,1.225,1.298,-0.1514,0.267
206.575,5,-2.798,-5.242,1.5093,1.264,1.298,-0.1375,0.276
206.625,5,-2.792,-5.184,1.4765,1.288,1.32,-0.1376,0.276
206.675,5,-2.785,-5.131,1.4497,1.128,1.32,-0.1113,0.277
206.725,5,-2.774,-5.064,1.4258,1.32,1.342,-0.1288,0.282
206.775,5,-2.763,-5.006,1.3995,1.4,1.366,-0.114,0.298
206.825,5,-2.74,-4.902,1.358,1.379,1.366,-0.0981,0.344
206.875,5,-2.728,-4.853,1.3374,1.189,1.391,-0.1065,0.367
206.926,5,-2.71,-4.786,1.3198,1.323,1.391,-0.094,0.389
206.975,5,-2.692,-4.723,1.2996,1.36,1.445,-0.1034,0.389
207.025,5,-2.673,-4.661,1.2796,1.506,1.445,-0.0913,0.416
207.075,5,-2.657,-4.614,1.2621,1.459,1.473,-0.079,0.443
207.126,5,-2.623,-4.517,1.2327,1.408,1.503,-0.0747,0.469
207.175,5,-2.603,-4.465,1.2179,1.426,1.503,-0.0689,0.483
207.225,5,-2.564,-4.366,1.1937,1.459,1.534,-0.0725,0.474
207.275,5,-2.542,-4.312,1.1814,1.47,1.567,-0.0554,0.467
207.325,5,-2.517,-4.255,1.1697,1.454,1.6,-0.0553,0.46
207.375,5,-2.492,-4.199,1.1554,1.557,1.6,-0.0478,0.454
207.425,5,-2.466,-4.144,1.1433,1.431,1.635,-0.0475,0.448
207.475,5,-2.409,-4.026,1.1195,1.618,1.669,-0.0323,0.444
207.526,5,-2.383,-3.972,1.1125,1.544,1.701,-0.0279,0.439
207.575,5,-2.353,-3.915,1.1029,1.63,1.733,-0.0245,0.434
207.625,5,-2.323,-3.856,1.0959,1.673,1.733,-0.0203,0.43
207.675,5,-2.255,-3.727,1.0842,1.718,1.764,-0.0165,0.425
207.726,5,-2.223,-3.669,1.0799,1.725,1.794,-0.0041,0.42
207.775,5,-2.187,-3.601,1.0752,1.789,1.823,0.0,0.417
207.825,5,-2.155,-3.544,1.073,1.786,1.851,0.0081,0.414
207.875,5,-2.089,-3.423,1.0683,1.761,1.879,0.0216,0.41
207.925,5,-2.054,-3.359,1.0683,1.836,1.906,0.0286,0.405
207.975,5,-2.021,-3.3,1.0704,1.896,1.933,0.0413,0.399
208.026,5,-1.988,-3.237,1.0731,1.874,1.933,0.0368,0.399
208.075,5,-1.955,-3.176,1.0773,1.478,1.948,0.049,0.392
208.126,5,-1.861,-2.995,1.0986,2.137,1.91,0.059,0.37
208.175,5,-1.828,-2.928,1.1056,2.016,1.843,0.0746,0.356
208.226,5,-1.796,-2.86,1.1174,1.95,1.843,0.0717,0.34
208.275,5,-1.764,-2.792,1.1315,1.811,1.814,0.0733,0.322
208.325,5,-1.701,-2.647,1.1578,1.968,1.787,0.0827,0.303
208.375,5,-1.677,-2.59,1.1748,1.877,1.763,0.0901,0.281
208.425,5,-1.633,-2.475,1.2034,1.763,1.742,0.1036,0.259
208.475,5,-1.613,-2.419,1.2209,1.724,1.724,0.0978,0.236
208.525,5,-1.592,-2.358,1.2352,1.798,1.709,0.1071,0.212
208.575,5,-1.56,-2.252,1.2723,1.711,1.697,0.0969,0.184
208.625,5,-1.544,-2.196,1.2898,1.691,1.689,0.1061,0.163
208.675,5,-1.516,-2.084,1.3225,1.664,1.684,0.1048,0.154
208.725,5,-1.502,-2.023,1.3404,1.694,1.684,0.097,0.147
208.775,5,-1.49,-1.966,1.3582,1.618,1.682,0.1002,0.147
208.825,5,-1.478,-1.898,1.3765,1.614,1.681,0.1041,0.142
208.875,5,-1.456,-1.757,1.4181,1.618,1.681,0.102,0.137
208.925,5,-1.447,-1.679,1.4393,1.733,1.683,0.1067,0.141
208.976,5,-1.44,-1.607,1.4607,1.61,1.688,0.1085,0.145
209.025,5,-1.434,-1.528,1.4823,1.595,1.696,0.1079,0.145
209.076,5,-1.434,-1.528,1.4823,1.595,1.696,0.1079,0.145
209.125,5,-1.427,-1.331,1.5316,2.016,1.696,0.0987,0.159
209.175,5,-1.428,-1.258,1.5708,1.905,1.717,0.0914,0.171
209.226,5,-1.43,-1.188,1.5936,1.661,1.73,0.0844,0.171
209.275,5,-1.435,-1.107,1.6137,1.741,1.745,0.0893,0.182
209.325,5,-1.44,-1.037,1.637,1.759,1.745,0.0748,0.192
209.375,5,-1.447,-0.964,1.6548,1.603,1.761,0.072,0.2
209.425,5,-1.456,-0.882,1.6725,1.733,1.778,0.0647,0.207
209.475,5,-1.467,-0.804,1.6935,1.715,1.797,0.0649,0.212
209.525,5,-1.479,-0.721,1.7118,1.535,1.817,0.0597,0.219
209.575,5,-1.498,-0.613,1.73,1.92,1.838,0.0634,0.237
209.625,5,-1.513,-0.532,1.7516,1.927,1.86,0.0535,0.255
209.675,5,-1.53,-0.452,1.7675,1.746,1.86,0.0456,0.272
209.726,5,-1.566,-0.296,1.7961,1.856,1.883,0.0371,0.302
209.775,5,-1.584,-0.223,1.809,1.85,1.934,0.0344,0.302
209.825,5,-1.604,-0.145,1.8188,1.931,1.96,0.034,0.315
209.875,5,-1.623,-0.072,1.8282,1.905,1.96,0.0246,0.327
209.925,5,-1.643,-0.001,1.8349,1.877,1.985,0.0255,0.339
209.975,5,-1.665,0.078,1.8417,1.727,2.01,0.0254,0.349
210.025,5,-1.717,0.253,1.858,2.063,2.058,0.0208,0.359
210.075,5,-1.739,0.326,1.8648,2.002,2.082,0.0124,0.368
210.125,5,-1.766,0.41,1.8712,1.944,2.082,0.0082,0.377
210.175,5,-1.792,0.492,1.8781,2.026,2.104,0.0041,0.383
210.225,5,-1.822,0.586,1.8818,2.092,2.127,0.0047,0.386
210.276,5,-1.86,0.701,1.885,1.95,2.171,-0.0,0.389
210.326,5,-1.894,0.804,1.8887,2.28,2.192,-0.0063,0.391
210.376,5,-1.921,0.886,1.892,2.232,2.192,-0.0096,0.393
210.426,5,-1.974,1.045,1.8919,2.117,2.233,-0.0188,0.395
210.476,5,-2.002,1.128,1.8919,2.207,2.193,-0.021,0.397
210.526,5,-2.028,1.209,1.8887,2.238,2.152,-0.0296,0.398
210.576,5,-2.074,1.353,1.8812,2.225,2.113,-0.0316,0.409
210.626,5,-2.101,1.438,1.8748,2.221,2.075,-0.0342,0.421
210.675,5,-2.12,1.504,1.868,2.027,2.039,-0.038,0.418
210.726,5,-2.165,1.657,1.8548,2.211,1.969,-0.0507,0.417
210.776,5,-2.183,1.723,1.8452,2.033,1.969,-0.0415,0.417
210.825,5,-2.203,1.796,1.8384,1.775,1.936,-0.0447,0.417
210.875,5,-2.231,1.904,1.8285,2.016,1.904,-0.0497,0.427
210.926,5,-2.251,1.987,1.8124,1.904,1.873,-0.0493,0.427
210.976,5,-2.273,2.085,1.8026,2.052,1.843,-0.0637,0.432
211.025,5,-2.292,2.169,1.7894,1.958,1.814,-0.0671,0.437
211.076,5,-2.323,2.327,1.7643,1.929,1.786,-0.0658,0.447
211.126,5,-2.334,2.395,1.7514,1.886,1.758,-0.0738,0.45
211.176,5,-2.346,2.467,1.7361,1.689,1.731,-0.0766,0.45
211.226,5,-2.358,2.553,1.7207,1.804,1.704,-0.0814,0.448
211.276,5,-2.368,2.631,1.7054,1.824,1.679,-0.0905,0.443
211.326,5,-2.382,2.778,1.6722,1.889,1.679,-0.0767,0.435
211.376,5,-2.387,2.84,1.6515,1.773,1.628,-0.0994,0.427
211.426,5,-2.391,2.906,1.6367,1.61,1.628,-0.0881,0.417
211.476,5,-2.393,2.98,1.6194,1.732,1.604,-0.0984,0.417
211.526,5,-2.395,3.109,1.582,1.712,1.579,-0.1011,0.387
211.576,5,-2.394,3.17,1.5622,1.667,1.556,-0.1086,0.37
211.625,5,-2.392,3.229,1.5481,1.604,1.532,-0.116,0.37
211.676,5,-2.389,3.29,1.5286,1.587,1.532,-0.1124,0.351
211.726,5,-2.38,3.406,1.4956,1.549,1.509,-0.1155,0.32
211.775,5,-2.373,3.463,1.4739,1.557,1.486,-0.1156,0.32
211.825,5,-2.358,3.573,1.4364,1.551,1.463,-0.1395,0.29
211.876,5,-2.35,3.622,1.4179,1.427,1.441,-0.1379,0.276
211.926,5,-2.34,3.679,1.3996,1.497,1.441,-0.1391,0.276
211.975,5,-2.317,3.783,1.3555,1.449,1.419,-0.1382,0.256
212.025,5,-2.305,3.831,1.3352,1.455,1.397,-0.1383,0.256
212.076,5,-2.292,3.878,1.3121,1.466,1.397,-0.1265,0.248
212.126,5,-2.263,3.971,1.272,1.386,1.375,-0.1256,0.239
212.176,5,-2.247,4.019,1.255,1.398,1.354,-0.1733,0.239
212.226,5,-2.212,4.113,1.2156,1.394,1.354,-0.1645,0.231
212.276,5,-2.194,4.158,1.196,1.371,1.333,-0.1608,0.231
212.326,5,-2.158,4.24,1.1576,1.34,1.312,-0.1891,0.224
212.376,5,-2.139,4.278,1.1336,1.287,1.291,-0.1829,0.224
212.426,5,-2.117,4.321,1.1125,1.321,1.291,-0.1846,0.222
212.476,5,-2.076,4.395,1.0635,1.284,1.271,-0.1868,0.222
212.526,5,-2.053,4.433,1.0426,1.284,1.251,-0.2296,0.225
212.576,5,-2.006,4.505,0.9921,1.296,1.251,-0.2065,0.229
212.626,5,-1.984,4.536,0.9672,1.229,1.232,-0.2168,0.227
212.676,5,-1.935,4.6,0.9202,1.19,1.214,-0.2277,0.221
212.726,5,-1.906,4.635,0.8935,1.222,1.214,-0.2167,0.217
212.776,5,-1.853,4.693,0.8363,1.193,1.197,-0.2161,0.214
212.827,5,-1.822,4.724,0.8124,1.147,1.197,-0.2037,0.214
212.876,5,-1.788,4.757,0.782,1.104,1.182,-0.2274,0.215
212.926,5,-1.748,4.793,0.7497,1.12,1.182,-0.2168,0.21
212.976,5,-1.706,4.828,0.7153,1.229,1.171,-0.2321,0.204
213.026,5,-1.629,4.886,0.6472,1.187,1.171,-0.2172,0.2
213.076,5,-1.588,4.914,0.6157,1.159,1.16,-0.2386,0.198
213.126,5,-1.55,4.938,0.5822,1.159,1.16,-0.227,0.197
213.176,5,-1.51,4.961,0.553,1.147,1.16,-0.2152,0.198
213.226,5,-1.469,4.984,0.5196,1.086,1.16,-0.2847,0.198
213.276,5,-1.382,5.026,0.4537,1.224,1.159,-0.2864,0.207
213.326,5,-1.346,5.042,0.4211,1.162,1.159,-0.2733,0.203
213.376,5,-1.301,5.059,0.3883,1.119,1.161,-0.2521,0.194
213.426,5,-1.222,5.084,0.3071,1.091,1.161,-0.2273,0.187
213.476,5,-1.177,5.095,0.2746,1.16,1.164,-0.227,0.182
213.526,5,-1.136,5.105,0.2405,1.134,1.17,-0.2504,0.179
213.576,5,-1.052,5.12,0.1802,1.165,1.17,-0.2415,0.179
213.626,5,-1.007,5.126,0.152,1.067,1.176,-0.2485,0.181
213.676,5,-0.959,5.131,0.1179,1.109,1.183,-0.2661,0.187
213.726,5,-0.904,5.134,0.0839,1.092,1.183,-0.2486,0.193
213.776,5,-0.848,5.135,0.0419,1.081,1.189,-0.2598,0.197
213.826,5,-0.789,5.133,-0.0002,1.139,1.189,-0.254,0.198
213.876,5,-0.736,5.13,-0.0482,1.15,1.195,-0.2499,0.201
213.925,5,-0.678,5.123,-0.0882,1.173,1.201,-0.262,0.201
213.976,5,-0.626,5.115,-0.1343,1.203,1.201,-0.2542,0.201
214.025,5,-0.574,5.105,-0.1744,1.188,1.207,-0.2633,0.198
214.076,5,-0.574,5.105,-0.1744,1.188,1.207,-0.2633,0.198
214.126,5,-0.431,5.064,-0.2549,1.501,1.207,-0.2333,0.199
214.176,5,-0.382,5.046,-0.3275,1.375,1.216,-0.2432,0.195
214.226,5,-0.336,5.027,-0.3704,1.274,1.216,-0.2177,0.195
214.276,5,-0.29,5.006,-0.4048,1.262,1.22,-0.2344,0.193
214.325,5,-0.213,4.966,-0.4769,1.147,1.22,-0.2052,0.193
214.375,5,-0.171,4.942,-0.5055,1.201,1.225,-0.2074,0.205
214.426,5,-0.13,4.916,-0.5388,1.18,1.233,-0.2043,0.205
214.475,5,-0.086,4.887,-0.5701,1.122,1.233,-0.1918,0.218
214.527,5,-0.04,4.854,-0.6034,1.21,1.244,-0.2082,0.23
214.576,5,0.002,4.821,-0.6389,1.248,1.244,-0.1823,0.242
214.626,5,0.077,4.758,-0.7003,1.219,1.257,-0.1978,0.261
214.676,5,0.113,4.724,-0.7304,1.224,1.272,-0.1625,0.261
214.725,5,0.147,4.691,-0.7559,1.163,1.272,-0.1505,0.268
214.776,5,0.184,4.653,-0.7841,1.221,1.288,-0.1591,0.259
214.827,5,0.222,4.612,-0.8169,1.217,1.288,-0.1354,0.248
214.876,5,0.26,4.568,-0.8427,1.228,1.305,-0.1526,0.241
214.925,5,0.295,4.525,-0.8693,1.277,1.323,-0.1611,0.235
214.975,5,0.332,4.477,-0.8938,1.207,1.323,-0.1495,0.231
215.026,5,0.372,4.423,-0.9179,1.231,1.342,-0.1608,0.228
215.076,5,0.414,4.362,-0.9498,1.198,1.362,-0.1583,0.227
215.126,5,0.456,4.297,-0.9831,1.324,1.362,-0.1507,0.228
215.176,5,0.494,4.231,-1.0174,1.358,1.382,-0.1253,0.233
215.226,5,0.53,4.166,-1.0543,1.342,1.402,-0.1301,0.248
215.276,5,0.562,4.101,-1.0891,1.37,1.423,-0.1282,0.263
215.325,5,0.594,4.032,-1.1223,1.362,1.423,-0.1282,0.276
215.376,5,0.594,4.032,-1.1223,1.362,1.423,-0.1058,0.276
215.426,5,0.623,3.965,-1.1507,1.335,1.444,-0.1108,0.287
215.476,5,0.653,3.89,-1.1794,1.415,1.466,-0.0984,0.297
215.526,5,0.679,3.817,-1.2085,1.461,1.488,-0.0948,0.305
215.576,5,0.702,3.748,-1.2329,1.519,1.488,-0.0846,0.311
215.626,5,0.721,3.688,-1.2575,1.438,1.511,-0.084,0.324
215.675,5,0.761,3.545,-1.2946,1.527,1.534,-0.0869,0.368
215.726,5,0.778,3.478,-1.315,1.462,1.558,-0.0934,0.39
215.775,5,0.778,3.478,-1.315,1.462,1.558,-0.0809,0.39
215.825,5,0.796,3.399,-1.3326,1.501,1.582,-0.0714,0.41
215.875,5,0.826,3.25,-1.3736,1.523,1.606,-0.0762,0.429
215.926,5,0.826,3.25,-1.3736,1.523,1.632,-0.0757,0.438
215.976,5,0.84,3.17,-1.3918,1.526,1.657,-0.0768,0.424
216.026,5,0.852,3.09,-1.4074,1.594,1.657,-0.0686,0.41
216.076,5,0.863,3.009,-1.4259,1.581,1.684,-0.0602,0.398
216.127,5,0.873,2.926,-1.4445,1.643,1.712,-0.0562,0.387
216.176,5,0.881,2.838,-1.4633,1.634,1.74,-0.0522,0.377
216.227,5,0.889,2.746,-1.4822,1.647,1.769,-0.0482,0.368
216.276,5,0.895,2.65,-1.4985,1.563,1.799,-0.0399,0.36
216.326,5,0.9,2.539,-1.515,1.631,1.828,-0.0374,0.352
216.376,5,0.9,2.539,-1.515,1.631,1.828,-0.0374,0.352
216.426,5,0.904,2.424,-1.5316,1.662,1.856,-0.0281,0.34
216.476,5,0.906,2.298,-1.5482,1.764,1.884,-0.0213,0.334
216.526,5,0.906,2.298,-1.5482,1.764,1.884,-0.0213,0.334
216.577,5,0.906,2.172,-1.5623,1.607,1.937,-0.0161,0.329
216.625,5,0.904,2.005,-1.5764,1.907,1.963,-0.0041,0.32
216.675,5,0.904,2.005,-1.5764,1.907,1.963,-0.0041,0.32
216.726,5,0.9,1.86,-1.5906,1.815,2.013,0.0056,0.312
216.775,5,0.9,1.86,-1.5906,1.815,2.013,0.0056,0.312
216.826,5,0.895,1.693,-1.5992,1.631,2.037,0.012,0.308
216.875,5,0.895,1.693,-1.5992,1.631,2.037,0.012,0.308
216.926,5,0.887,1.474,-1.605,2.657,2.107,0.0216,0.304
216.975,5,0.883,1.353,-1.6079,2.338,2.13,0.0314,0.304
217.026,5,0.878,1.234,-1.6078,2.078,2.152,0.0333,0.304
217.076,5,0.874,1.087,-1.602,2.134,2.173,0.0335,0.304
217.126,5,0.874,1.087,-1.602,2.134,2.173,0.0335,0.304
217.176,5,0.872,0.952,-1.5934,2.079,2.215,0.0292,0.306
217.226,5,0.872,0.806,-1.5792,2.192,2.236,0.0229,0.3
217.276,5,0.874,0.665,-1.565,2.121,2.276,0.0142,0.294
217.326,5,0.874,0.665,-1.565,2.121,2.276,0.0142,0.294
217.376,5,0.877,0.518,-1.5509,2.166,2.295,0.0,0.286
217.426,5,0.883,0.368,-1.5397,2.175,2.333,-0.0,0.269
217.476,5,0.89,0.21,-1.5286,2.373,2.352,-0.0145,0.26
217.526,5,0.896,0.074,-1.5231,2.327,2.352,-0.0145,0.252
217.576,5,0.896,0.074,-1.5231,2.327,2.388,-0.0128,0.252
217.627,5,0.903,-0.076,-1.5231,2.435,2.406,-0.0129,0.245
217.677,5,0.909,-0.204,-1.5231,2.342,2.424,-0.0143,0.238
217.726,5,0.915,-0.342,-1.5287,2.503,2.458,-0.0057,0.229
217.776,5,0.919,-0.463,-1.5343,2.388,2.475,0.0,0.225
217.827,5,0.923,-0.599,-1.5398,2.462,2.491,0.01,0.222
217.876,5,0.926,-0.731,-1.5454,2.501,2.524,0.0172,0.218
217.927,5,0.929,-0.852,-1.5454,2.459,2.54,0.0235,0.214
217.976,5,0.933,-0.982,-1.5454,2.432,2.555,0.0261,0.208
218.026,5,0.933,-0.982,-1.5454,2.432,2.555,0.0261,0.208
218.076,5,0.937,-1.111,-1.5426,2.028,2.571,0.025,0.2
218.126,5,0.945,-1.322,-1.537,3.089,2.616,0.0145,0.19
218.176,5,0.953,-1.453,-1.5203,2.449,2.631,-0.0,0.179
218.226,5,0.967,-1.663,-1.5121,3.096,2.65,-0.0172,0.151
218.276,5,0.976,-1.788,-1.4956,2.733,2.616,-0.0405,0.136
218.326,5,0.988,-1.932,-1.4902,2.672,2.616,-0.0405,0.123
218.376,5,0.988,-1.932,-1.4902,2.672,2.549,-0.0608,0.123
218.426,5,0.999,-2.066,-1.4902,2.299,2.517,-0.07,0.112
218.476,5,1.011,-2.256,-1.4985,2.814,2.455,-0.0839,0.114
218.526,5,1.016,-2.408,-1.5205,2.686,2.396,-0.0747,0.12
218.576,5,1.016,-2.408,-1.5205,2.686,2.396,-0.0747,0.12
218.626,5,1.018,-2.554,-1.5483,2.352,2.367,-0.0596,0.126
218.676,5,1.012,-2.743,-1.5793,2.767,2.311,-0.0431,0.136
218.726,5,1.003,-2.882,-1.6254,2.699,2.284,-0.0097,0.148
218.776,5,0.991,-3.001,-1.6547,2.52,2.257,0.0137,0.164
218.826,5,0.978,-3.116,-1.6755,2.485,2.205,0.0172,0.181
218.876,5,0.964,-3.229,-1.6905,2.362,2.18,0.0272,0.199
218.926,5,0.951,-3.338,-1.6936,2.314,2.154,0.0212,0.218
218.976,5,0.938,-3.446,-1.6904,2.26,2.13,0.0085,0.238
219.026,5,0.926,-3.554,-1.6843,2.238,2.105,-0.0044,0.262
219.076,5,0.916,-3.657,-1.6754,2.214,2.081,-0.0256,0.287
219.126,5,0.906,-3.759,-1.6693,2.161,2.058,-0.0461,0.311
219.176,5,0.897,-3.857,-1.6665,2.1,2.034,-0.0685,0.334
219.226,5,0.887,-3.957,-1.6665,2.117,2.011,-0.0836,0.357
219.275,5,0.876,-4.053,-1.6754,2.079,1.989,-0.0916,0.366
219.326,5,0.85,-4.242,-1.7088,1.999,1.966,-0.1144,0.381
219.376,5,0.833,-4.34,-1.7303,2.046,1.944,-0.1124,0.392
219.426,5,0.813,-4.436,-1.7581,1.99,1.922,-0.1129,0.406
219.475,5,0.792,-4.522,-1.79,1.816,1.901,-0.1034,0.406
219.526,5,0.792,-4.522,-1.79,1.816,1.879,-0.0946,0.423
219.576,5,0.762,-4.633,-1.822,1.937,1.858,-0.0947,0.438
219.626,5,0.733,-4.723,-1.8586,1.99,1.837,-0.0786,0.452
219.675,5,0.67,-4.902,-1.9164,1.963,1.816,-0.0699,0.468
219.726,5,0.638,-4.98,-1.9409,1.849,1.796,-0.0678,0.508
219.775,5,0.604,-5.062,-1.9617,1.893,1.775,-0.0631,0.531
219.826,5,0.57,-5.138,-1.9801,1.859,1.755,-0.0572,0.531
219.876,5,0.535,-5.212,-1.9953,1.792,1.735,-0.0652,0.556
219.927,5,0.502,-5.282,-2.01,1.803,1.715,-0.0692,0.582
219.975,5,0.466,-5.354,-2.0247,1.781,1.696,-0.0772,0.616
220.026,5,0.433,-5.418,-2.0396,1.751,1.677,-0.0851,0.653
220.076,5,0.397,-5.485,-2.0519,1.735,1.677,-0.0809,0.69
220.125,5,0.329,-5.606,-2.0829,1.667,1.657,-0.1013,0.729
220.176,5,0.289,-5.673,-2.0989,1.726,1.62,-0.1173,0.745
220.226,5,0.254,-5.73,-2.1194,1.675,1.62,-0.1167,0.735
220.276,5,0.217,-5.786,-2.139,1.622,1.601,-0.1162,0.723
220.325,5,0.179,-5.84,-2.1608,1.601,1.583,-0.116,0.708
220.376,5,0.138,-5.897,-2.1861,1.594,1.583,-0.1159,0.691
220.426,5,0.055,-6.004,-2.2318,1.561,1.565,-0.1277,0.672
220.476,5,0.007,-6.061,-2.2544,1.622,1.547,-0.1282,0.651
220.526,5,-0.037,-6.111,-2.2818,1.572,1.53,-0.1397,0.63
220.575,5,-0.084,-6.162,-2.306,1.599,1.513,-0.14,0.613
220.626,5,-0.127,-6.205,-2.3364,1.56,1.513,-0.1309,0.601
220.675,5,-0.217,-6.29,-2.3838,1.512,1.497,-0.1271,0.601
220.726,5,-0.267,-6.333,-2.4116,1.538,1.481,-0.1273,0.57
220.776,5,-0.316,-6.374,-2.4348,1.49,1.466,-0.1443,0.552
220.825,5,-0.364,-6.412,-2.4597,1.465,1.452,-0.175,0.532
220.876,5,-0.412,-6.448,-2.4867,1.48,1.452,-0.1626,0.514
220.925,5,-0.462,-6.483,-2.5087,1.502,1.438,-0.1769,0.514
220.976,5,-0.56,-6.547,-2.5662,1.447,1.426,-0.1618,0.487
221.026,5,-0.606,-6.574,-2.5921,1.449,1.414,-0.1737,0.475
221.076,5,-0.654,-6.601,-2.6215,1.394,1.414,-0.1611,0.465
221.126,5,-0.755,-6.651,-2.6792,1.451,1.405,-0.1732,0.457
221.176,5,-0.801,-6.671,-2.7059,1.414,1.397,-0.1732,0.447
221.225,5,-0.855,-6.694,-2.731,1.406,1.391,-0.1966,0.431
221.275,5,-0.956,-6.731,-2.7857,1.423,1.391,-0.1846,0.431
221.327,5,-0.998,-6.745,-2.8119,1.37,1.387,-0.2004,0.394
221.376,5,-1.043,-6.758,-2.8382,1.357,1.386,-0.2198,0.376
221.427,5,-1.138,-6.782,-2.891,1.386,1.221,-0.2316,0.355
221.476,5,-1.188,-6.793,-2.9214,1.379,1.221,-0.2321,0.336
221.526,5,-1.277,-6.807,-2.9837,1.328,1.206,-0.231,0.318
221.576,5,-1.318,-6.811,-3.0138,1.255,1.206,-0.2057,0.303
221.625,5,-1.362,-6.815,-3.0418,1.197,1.193,-0.2314,0.303
221.676,5,-1.44,-6.818,-3.1038,1.186,1.181,-0.231,0.28
221.726,5,-1.478,-6.818,-3.1258,1.158,1.181,-0.2155,0.28
221.776,5,-1.561,-6.814,3.1035,1.184,1.172,-0.2314,0.265
221.826,5,-1.605,-6.811,3.0774,1.136,1.166,-0.2381,0.26
221.876,5,-1.649,-6.806,3.0475,1.154,1.166,-0.2397,0.26
221.926,5,-1.729,-6.793,2.9873,1.181,1.163,-0.239,0.247
221.977,5,-1.766,-6.786,2.9593,1.157,1.163,-0.227,0.247
222.026,5,-1.842,-6.767,2.903,1.151,1.162,-0.2439,0.236
222.076,5,-1.878,-6.757,2.8766,1.13,1.162,-0.2264,0.236
222.126,5,-1.954,-6.731,2.8257,1.106,1.161,-0.2526,0.232
222.176,5,-1.996,-6.715,2.7939,1.061,1.161,-0.2627,0.233
222.226,5,-2.042,-6.695,2.7595,1.126,1.161,-0.2539,0.233
222.276,5,-2.089,-6.674,2.7223,1.132,1.163,-0.261,0.236
222.326,5,-2.164,-6.633,2.6489,1.139,1.163,-0.252,0.247
222.375,5,-2.199,-6.612,2.6194,1.145,1.166,-0.262,0.247
222.426,5,-2.233,-6.59,2.5886,1.162,1.17,-0.2733,0.248
222.476,5,-2.297,-6.545,2.5259,1.131,1.17,-0.2495,0.251
222.525,5,-2.33,-6.519,2.4942,1.145,1.176,-0.275,0.251
222.576,5,-2.389,-6.467,2.4284,1.144,1.181,-0.2776,0.265
222.625,5,-2.417,-6.44,2.4004,1.12,1.181,-0.2607,0.265
222.675,5,-2.449,-6.408,2.3681,0.917,1.181,-0.2447,0.27
222.726,5,-2.497,-6.354,2.3314,1.372,1.187,-0.2826,0.268
222.776,5,-2.546,-6.292,2.2395,1.216,1.193,-0.2649,0.271
222.825,5,-2.567,-6.262,2.2091,1.191,1.193,-0.2393,0.271
222.876,5,-2.588,-6.231,2.178,1.199,1.197,-0.251,0.276
222.926,5,-2.632,-6.158,2.1157,1.211,1.201,-0.2513,0.28
222.976,5,-2.651,-6.124,2.086,1.211,1.201,-0.2397,0.278
223.026,5,-2.687,-6.048,2.0245,1.162,1.203,-0.2431,0.278
223.076,5,-2.703,-6.01,1.9911,1.158,1.203,-0.2283,0.279
223.126,5,-2.731,-5.936,1.9341,1.165,1.206,-0.2273,0.283
223.176,5,-2.744,-5.897,1.9058,1.156,1.21,-0.227,0.275
223.226,5,-2.766,-5.82,1.8479,1.199,1.21,-0.2204,0.266
223.276,5,-2.775,-5.785,1.8222,1.174,1.218,-0.2169,0.26
223.325,5,-2.79,-5.707,1.7735,1.175,1.218,-0.2076,0.255
223.376,5,-2.797,-5.666,1.7483,1.193,1.229,-0.2058,0.252
223.426,5,-2.807,-5.585,1.6963,1.186,1.229,-0.1812,0.251
223.476,5,-2.81,-5.542,1.6693,1.2,1.244,-0.1815,0.252
223.525,5,-2.814,-5.462,1.6193,1.215,1.26,-0.1957,0.255
223.576,5,-2.815,-5.424,1.5962,1.255,1.26,-0.1722,0.264
223.626,5,-2.813,-5.343,1.5537,1.228,1.278,-0.1467,0.272
223.676,5,-2.811,-5.303,1.5314,1.279,1.298,-0.1522,0.279
223.726,5,-2.808,-5.261,1.5094,1.242,1.298,-0.1411,0.283
223.776,5,-2.797,-5.158,1.4712,1.284,1.32,-0.1465,0.285
223.826,5,-2.79,-5.109,1.4444,1.291,1.342,-0.1363,0.288
223.876,5,-2.781,-5.055,1.4231,1.288,1.342,-0.1246,0.3
223.926,5,-2.77,-4.996,1.3995,1.236,1.366,-0.1124,0.323
223.976,5,-2.756,-4.931,1.3735,1.223,1.366,-0.1045,0.347
224.026,5,-2.739,-4.861,1.348,1.431,1.391,-0.1064,0.37
224.076,5,-2.724,-4.806,1.3198,1.432,1.417,-0.1025,0.37
224.126,5,-2.694,-4.703,1.2844,1.385,1.417,-0.0943,0.417
224.176,5,-2.677,-4.651,1.2696,1.289,1.445,-0.0907,0.443
224.226,5,-2.655,-4.587,1.2522,1.424,1.473,-0.0788,0.469
224.276,5,-2.635,-4.531,1.2327,1.443,1.503,-0.0809,0.482
224.326,5,-2.614,-4.475,1.2156,1.473,1.503,-0.0719,0.482
224.376,5,-2.572,-4.373,1.1864,1.51,1.534,-0.0595,0.467
224.426,5,-2.551,-4.322,1.1742,1.528,1.567,-0.0563,0.461
224.476,5,-2.509,-4.228,1.1527,1.545,1.6,-0.0478,0.455
224.526,5,-2.487,-4.182,1.1433,1.587,1.635,-0.0488,0.455
224.576,5,-2.446,-4.094,1.1292,1.546,1.635,-0.0414,0.443
224.625,5,-2.42,-4.041,1.1222,1.568,1.669,-0.0361,0.443
224.676,5,-2.371,-3.943,1.1055,1.524,1.701,-0.0324,0.433
224.727,5,-2.34,-3.883,1.0985,1.526,1.733,-0.0199,0.429
224.775,5,-2.308,-3.823,1.0916,1.739,1.764,-0.0181,0.429
224.826,5,-2.251,-3.715,1.0794,1.681,1.764,-0.0126,0.42
224.876,5,-2.219,-3.656,1.0773,1.733,1.794,-0.0043,0.42
224.926,5,-2.189,-3.6,1.0725,1.763,1.823,0.0,0.416
224.976,5,-2.131,-3.495,1.0704,1.688,1.851,0.0081,0.409
225.026,5,-2.096,-3.432,1.0704,1.859,1.879,0.0184,0.409
225.076,5,-2.039,-3.328,1.0704,1.8,1.906,0.0288,0.398
225.127,5,-2.009,-3.272,1.0704,1.892,1.933,0.0369,0.398
225.176,5,-1.95,-3.162,1.0773,1.787,1.933,0.0368,0.382
225.226,5,-1.914,-3.095,1.0847,1.734,1.91,0.0526,0.382
225.276,5,-1.877,-3.023,1.089,1.966,1.875,0.0662,0.372
225.327,5,-1.843,-2.955,1.0986,1.836,1.875,0.062,0.36
225.376,5,-1.777,-2.818,1.1196,2.027,1.814,0.0846,0.346
225.426,5,-1.749,-2.758,1.1342,1.994,1.787,0.0869,0.328
225.476,5,-1.696,-2.636,1.16,1.904,1.787,0.0817,0.285
225.527,5,-1.673,-2.578,1.1794,1.851,1.742,0.1035,0.285
225.575,5,-1.651,-2.523,1.1939,1.802,1.742,0.0936,0.262
225.626,5,-1.611,-2.412,1.2255,1.739,1.724,0.0945,0.241
225.675,5,-1.593,-2.357,1.2403,1.75,1.709,0.1017,0.216
225.726,5,-1.558,-2.243,1.2723,1.743,1.697,0.0972,0.19
225.775,5,-1.543,-2.19,1.2898,1.735,1.689,0.1066,0.166
225.826,5,-1.516,-2.081,1.3225,1.732,1.684,0.1011,0.156
225.875,5,-1.503,-2.025,1.3405,1.647,1.684,0.0924,0.148
225.926,5,-1.478,-1.895,1.3788,1.772,1.681,0.1071,0.142
225.975,5,-1.469,-1.844,1.397,1.645,1.681,0.097,0.138
226.026,5,-1.453,-1.727,1.4286,1.7,1.681,0.1008,0.136
226.076,5,-1.446,-1.667,1.4473,1.668,1.683,0.1008,0.139
226.126,5,-1.436,-1.559,1.4823,1.67,1.688,0.1011,0.144
226.176,5,-1.433,-1.507,1.4959,1.624,1.696,0.1002,0.147
226.226,5,-1.428,-1.389,1.5317,1.745,1.696,0.0926,0.149
226.276,5,-1.427,-1.332,1.5483,1.661,1.706,0.0897,0.156
226.326,5,-1.428,-1.222,1.5793,1.695,1.717,0.0926,0.169
226.376,5,-1.43,-1.166,1.5936,1.706,1.73,0.0888,0.181
226.426,5,-1.437,-1.051,1.6282,1.722,1.745,0.0928,0.191
226.475,5,-1.441,-0.998,1.6429,1.69,1.761,0.0853,0.2
226.526,5,-1.453,-0.88,1.6755,1.732,1.761,0.073,0.208
226.576,5,-1.461,-0.82,1.6903,1.751,1.797,0.0697,0.215
226.626,5,-1.478,-0.706,1.7176,1.783,1.797,0.0566,0.22
226.676,5,-1.487,-0.65,1.7272,1.664,1.817,0.0576,0.239
226.726,5,-1.5,-0.58,1.7394,1.686,1.838,0.0564,0.239
226.776,5,-1.5,-0.58,1.7394,1.686,1.838,0.0564,0.239
226.826,5,-1.546,-0.356,1.7672,2.777,1.86,0.0559,0.291
226.876,5,-1.562,-0.287,1.793,2.369,1.908,0.0427,0.306
226.926,5,-1.578,-0.219,1.8055,2.125,1.934,0.0418,0.306
226.976,5,-1.614,-0.082,1.8283,1.953,1.934,0.0331,0.333
227.026,5,-1.631,-0.022,1.8354,1.854,1.985,0.0294,0.344
227.075,5,-1.649,0.041,1.8449,1.862,2.01,0.0264,0.344
227.126,5,-1.688,0.172,1.858,1.929,2.034,0.0206,0.363
227.176,5,-1.707,0.235,1.8649,1.936,2.058,0.018,0.363
227.227,5,-1.748,0.366,1.8749,2.006,2.082,0.0083,0.38
227.276,5,-1.768,0.43,1.8781,2.002,2.104,0.0099,0.38
227.326,5,-1.81,0.56,1.885,2.062,2.127,0.0048,0.389
227.376,5,-1.832,0.625,1.8855,2.038,2.149,0.0,0.389
227.426,5,-1.875,0.755,1.892,1.97,2.171,-0.0046,0.394
227.476,5,-1.903,0.838,1.8919,2.109,2.192,-0.0042,0.394
227.526,5,-1.947,0.973,1.8919,2.198,2.213,-0.0084,0.398
227.576,5,-1.971,1.043,1.8919,2.111,2.233,-0.0168,0.398
227.626,5,-2.019,1.191,1.8887,2.274,2.193,-0.0216,0.401
227.675,5,-2.041,1.258,1.8855,2.204,2.152,-0.0255,0.401
227.726,5,-2.087,1.401,1.8818,2.217,2.113,-0.0296,0.42
227.776,5,-2.108,1.468,1.8753,2.123,2.039,-0.0425,0.42
227.826,5,-2.15,1.606,1.8648,2.16,2.039,-0.0429,0.417
227.876,5,-2.169,1.67,1.858,2.12,1.969,-0.0502,0.417
227.926,5,-2.204,1.799,1.8412,2.061,1.936,-0.0518,0.419
227.976,5,-2.221,1.861,1.8317,1.983,1.904,-0.0547,0.419
228.026,5,-2.251,1.983,1.8155,1.902,1.873,-0.0548,0.427
228.076,5,-2.267,2.053,1.8058,1.956,1.843,-0.0618,0.433
228.126,5,-2.294,2.178,1.7863,1.938,1.843,-0.0578,0.437
228.175,5,-2.307,2.238,1.7739,1.835,1.786,-0.0653,0.442
228.226,5,-2.33,2.365,1.7517,1.891,1.786,-0.0613,0.447
228.276,5,-2.34,2.426,1.7423,1.845,1.758,-0.0694,0.45
228.326,5,-2.358,2.542,1.7207,1.821,1.731,-0.0732,0.45
228.376,5,-2.365,2.598,1.7086,1.779,1.704,-0.0772,0.445
228.426,5,-2.378,2.713,1.6842,1.692,1.679,-0.0867,0.441
228.481,5,-2.378,2.713,1.6842,1.692,1.679,-0.0766,0.441
228.526,5,-2.391,2.879,1.6544,2.115,1.653,-0.0901,0.431
228.576,5,-2.394,2.932,1.628,1.871,1.604,-0.1044,0.42
228.625,5,-2.397,3.046,1.5991,1.686,1.604,-0.0976,0.407
228.676,5,-2.397,3.105,1.582,1.529,1.579,-0.0914,0.391
228.725,5,-2.396,3.17,1.5622,1.651,1.556,-0.1139,0.373
228.776,5,-2.391,3.281,1.5287,1.594,1.532,-0.1167,0.354
228.826,5,-2.387,3.335,1.5121,1.577,1.509,-0.1158,0.335
228.876,5,-2.378,3.436,1.4767,1.516,1.509,-0.1159,0.322
228.926,5,-2.371,3.493,1.4605,1.498,1.486,-0.115,0.307
228.976,5,-2.364,3.543,1.4391,1.534,1.463,-0.1273,0.291
229.026,5,-2.347,3.642,1.4047,1.472,1.441,-0.1266,0.276
229.075,5,-2.336,3.697,1.3893,1.479,1.441,-0.1267,0.266
229.126,5,-2.316,3.789,1.3505,1.463,1.419,-0.1265,0.257
229.176,5,-2.303,3.839,1.3325,1.493,1.397,-0.1387,0.25
229.24,5,-2.29,3.884,1.3149,1.384,1.397,-0.1256,0.25
229.275,5,-2.277,3.931,1.2972,0.968,1.397,-0.1256,0.25
229.326,5,-2.238,4.049,1.2771,2.085,1.354,-0.2088,0.239
229.376,5,-2.22,4.097,1.228,1.801,1.333,-0.1945,0.234
229.426,5,-2.184,4.186,1.1864,1.464,1.312,-0.1858,0.229
229.475,5,-2.165,4.227,1.1598,1.398,1.312,-0.1729,0.225
229.526,5,-2.129,4.299,1.1125,1.284,1.291,-0.1712,0.223
229.575,5,-2.108,4.337,1.0889,1.29,1.291,-0.1596,0.222
229.626,5,-2.068,4.407,1.0452,1.259,1.271,-0.1757,0.224
229.676,5,-2.045,4.443,1.0244,1.255,1.251,-0.2227,0.224
229.726,5,-1.999,4.511,0.9809,1.281,1.251,-0.1945,0.226
229.775,5,-1.976,4.544,0.9606,1.277,1.232,-0.2178,0.226
229.826,5,-1.923,4.612,0.9113,1.169,1.232,-0.2056,0.216
229.876,5,-1.893,4.648,0.8867,1.261,1.214,-0.2231,0.216
229.925,5,-1.868,4.676,0.8604,1.214,1.197,-0.2281,0.214
229.976,5,-1.808,4.739,0.81,1.139,1.182,-0.2417,0.214
230.026,5,-1.773,4.772,0.7797,1.109,1.182,-0.2307,0.214
230.076,5,-1.733,4.807,0.7473,1.225,1.171,-0.24,0.214
230.126,5,-1.698,4.836,0.713,1.18,1.171,-0.2326,0.208
230.176,5,-1.661,4.866,0.6813,1.104,1.163,-0.2374,0.203
230.226,5,-1.615,4.899,0.6472,1.176,1.163,-0.2274,0.201
230.276,5,-1.576,4.925,0.6072,0.974,1.16,-0.2346,0.2
230.326,5,-1.513,4.963,0.576,1.221,1.16,-0.2442,0.201
230.377,5,-1.468,4.988,0.5218,1.175,1.16,-0.2851,0.204
230.426,5,-1.416,5.014,0.4866,1.087,1.159,-0.3082,0.209
230.476,5,-1.357,5.04,0.4455,1.204,1.159,-0.2976,0.206
230.527,5,-1.306,5.06,0.3985,1.229,1.161,-0.2517,0.198
230.576,5,-1.262,5.075,0.3516,1.034,1.161,-0.2377,0.19
230.626,5,-1.164,5.101,0.2505,1.254,1.164,-0.2173,0.185
230.676,5,-1.124,5.109,0.2204,1.104,1.17,-0.2405,0.182
230.727,5,-1.079,5.117,0.1921,1.151,1.17,-0.2269,0.18
230.775,5,-0.999,5.127,0.13,1.165,1.176,-0.2271,0.181
230.826,5,-0.962,5.13,0.102,1.142,1.183,-0.2554,0.186
230.876,5,-0.882,5.133,0.0459,1.11,1.183,-0.2384,0.191
230.926,5,-0.84,5.134,0.0179,1.13,1.189,-0.2542,0.195
230.976,5,-0.798,5.132,-0.0101,1.152,1.189,-0.2384,0.196
231.025,5,-0.716,5.126,-0.0701,1.165,1.195,-0.2387,0.199
231.076,5,-0.679,5.122,-0.1022,1.136,1.195,-0.2266,0.202
231.126,5,-0.595,5.108,-0.1583,1.193,1.201,-0.2436,0.198
231.176,5,-0.551,5.099,-0.1884,1.152,1.207,-0.25,0.196
231.226,5,-0.508,5.088,-0.2227,1.159,1.207,-0.2434,0.196
231.276,5,-0.467,5.077,-0.257,1.206,1.212,-0.2545,0.196
231.326,5,-0.378,5.047,-0.3195,1.157,1.216,-0.2527,0.199
231.376,5,-0.332,5.028,-0.3581,1.233,1.216,-0.2285,0.196
231.426,5,-0.292,5.011,-0.3967,1.185,1.22,-0.2403,0.196
231.476,5,-0.208,4.969,-0.4643,1.198,1.22,-0.2282,0.197
231.526,5,-0.171,4.948,-0.4951,1.181,1.225,-0.2179,0.207
231.577,5,-0.128,4.922,-0.5261,1.222,1.233,-0.2167,0.22
231.626,5,-0.094,4.899,-0.5617,1.102,1.233,-0.2062,0.22
231.676,5,-0.048,4.868,-0.5887,1.189,1.244,-0.2211,0.233
231.726,5,-0.005,4.835,-0.6245,1.159,1.244,-0.1924,0.245
231.776,5,0.082,4.762,-0.6962,1.232,1.257,-0.2086,0.266
231.826,5,0.119,4.728,-0.7327,1.202,1.272,-0.1584,0.273
231.876,5,0.163,4.684,-0.7602,1.265,1.272,-0.1476,0.266
231.926,5,0.201,4.643,-0.7992,1.185,1.288,-0.1466,0.255
231.976,5,0.239,4.601,-0.8298,1.337,1.305,-0.1624,0.255
232.026,5,0.271,4.563,-0.8563,1.262,1.305,-0.1484,0.247
232.076,5,0.305,4.521,-0.8781,1.274,1.323,-0.1596,0.241
232.126,5,0.337,4.479,-0.9026,1.165,1.323,-0.1464,0.236
232.175,5,0.375,4.427,-0.9249,1.202,1.342,-0.1584,0.233
232.227,5,0.415,4.368,-0.9538,1.17,1.362,-0.1579,0.232
232.276,5,0.459,4.298,-0.9857,1.339,1.362,-0.1516,0.232
232.326,5,0.499,4.231,-1.022,1.376,1.382,-0.1255,0.234
232.376,5,0.532,4.17,-1.059,1.399,1.402,-0.1297,0.247
232.426,5,0.563,4.106,-1.0913,1.372,1.423,-0.1284,0.262
232.476,5,0.592,4.044,-1.1245,1.376,1.423,-0.1059,0.275
232.526,5,0.62,3.979,-1.148,1.356,1.444,-0.1136,0.287
232.576,5,0.646,3.912,-1.1771,1.402,1.466,-0.0991,0.297
232.626,5,0.67,3.847,-1.2034,1.405,1.466,-0.0826,0.305
232.676,5,0.695,3.775,-1.2255,1.441,1.488,-0.0868,0.311
232.726,5,0.717,3.707,-1.2501,1.459,1.511,-0.0869,0.32
232.776,5,0.738,3.635,-1.2725,1.403,1.534,-0.0909,0.341
232.826,5,0.759,3.562,-1.2897,1.522,1.534,-0.0842,0.363
232.878,5,0.759,3.562,-1.2897,1.522,1.534,-0.0842,0.363
232.926,5,0.777,3.489,-1.3098,1.224,1.558,-0.0813,0.385
232.976,5,0.805,3.37,-1.3274,1.68,1.582,-0.0806,0.425
233.026,5,0.822,3.285,-1.3607,1.73,1.606,-0.0728,0.441
233.075,5,0.835,3.212,-1.3841,1.625,1.632,-0.0681,0.427
233.126,5,0.848,3.13,-1.3997,1.546,1.657,-0.0717,0.413
233.176,5,0.86,3.041,-1.4207,1.641,1.684,-0.0602,0.401
233.226,5,0.87,2.962,-1.4392,1.645,1.712,-0.0622,0.39
233.275,5,0.878,2.884,-1.4553,1.657,1.712,-0.0526,0.379
233.327,5,0.886,2.806,-1.4713,1.616,1.74,-0.0481,0.37
233.376,5,0.892,2.723,-1.4876,1.65,1.769,-0.0484,0.361
233.426,5,0.897,2.633,-1.5012,1.689,1.799,-0.0416,0.353
233.476,5,0.902,2.547,-1.5149,1.607,1.828,-0.036,0.346
233.525,5,0.905,2.442,-1.5288,1.647,1.828,-0.036,0.346
233.575,5,0.905,2.442,-1.5288,1.647,1.856,-0.0321,0.339
233.626,5,0.908,2.331,-1.5426,1.715,1.884,-0.0242,0.333
233.676,5,0.909,2.218,-1.5566,1.815,1.911,-0.0207,0.328
233.726,5,0.908,2.11,-1.5679,1.859,1.937,-0.014,0.322
233.775,5,0.907,1.997,-1.5792,1.869,1.963,-0.0041,0.313
233.826,5,0.905,1.88,-1.5849,1.916,1.963,-0.0041,0.308
233.876,5,0.905,1.88,-1.5849,1.916,2.013,-0.0,0.308
233.927,5,0.902,1.766,-1.5935,1.938,2.037,0.0051,0.303
233.975,5,0.899,1.649,-1.5964,1.918,2.061,0.0088,0.298
234.026,5,0.895,1.523,-1.5992,2.038,2.084,0.0128,0.295
234.076,5,0.892,1.405,-1.5992,2.117,2.107,0.0125,0.295
234.126,5,0.889,1.299,-1.5963,2.048,2.13,0.0125,0.295
234.176,5,0.887,1.188,-1.5934,2.127,2.152,0.0125,0.295
234.226,5,0.885,1.083,-1.5906,2.115,2.194,0.0125,0.295
234.276,5,0.883,0.974,-1.5849,2.128,2.215,0.0125,0.296
234.326,5,0.882,0.869,-1.582,2.119,2.236,0.0125,0.296
234.376,5,0.882,0.755,-1.5792,2.164,2.256,0.0126,0.291
234.426,5,0.882,0.64,-1.5735,2.051,2.256,0.0126,0.288
234.475,5,0.882,0.64,-1.5735,2.051,2.276,0.0125,0.288
234.526,5,0.882,0.503,-1.5707,2.183,2.295,0.0126,0.285
234.576,5,0.883,0.376,-1.565,2.161,2.333,0.0179,0.281
234.626,5,0.885,0.231,-1.5594,2.236,2.352,0.0174,0.276
234.676,5,0.888,0.092,-1.5538,2.222,2.37,0.0126,0.271
234.725,5,0.891,-0.06,-1.5509,2.399,2.37,0.0126,0.258
234.776,5,0.891,-0.06,-1.5509,2.399,2.406,0.0171,0.258
234.826,5,0.896,-0.2,-1.5426,2.337,2.424,0.0128,0.251
234.875,5,0.902,-0.348,-1.5342,2.435,2.458,0.0086,0.242
234.926,5,0.908,-0.488,-1.5287,2.433,2.475,0.0043,0.233
234.976,5,0.915,-0.627,-1.5231,2.383,2.508,0.0045,0.224
235.026,5,0.923,-0.767,-1.5176,2.496,2.524,-0.0,0.214
235.076,5,0.931,-0.9,-1.5121,2.609,2.54,-0.0043,0.204
235.126,5,0.939,-1.026,-1.5121,2.55,2.571,-0.0089,0.194
235.176,5,0.946,-1.152,-1.5093,2.533,2.586,-0.0086,0.184
235.226,5,0.954,-1.276,-1.5093,2.533,2.601,-0.0129,0.175
235.276,5,0.961,-1.402,-1.5122,2.56,2.616,-0.0129,0.166
235.326,5,0.968,-1.531,-1.5148,2.64,2.645,-0.0189,0.159
235.375,5,0.974,-1.651,-1.5176,2.588,2.65,-0.0172,0.152
235.426,5,0.98,-1.782,-1.5232,2.496,2.616,-0.0193,0.145
235.476,5,0.986,-1.927,-1.5287,2.619,2.549,-0.0233,0.14
235.526,5,0.99,-2.063,-1.537,2.6,2.517,-0.0172,0.137
235.576,5,0.99,-2.063,-1.537,2.6,2.517,-0.0172,0.137
235.626,5,0.994,-2.214,-1.5426,2.551,2.455,-0.0273,0.138
235.676,5,0.996,-2.364,-1.551,2.606,2.425,-0.0262,0.14
235.725,5,0.997,-2.51,-1.5623,2.113,2.425,-0.0262,0.14
235.776,5,0.997,-2.51,-1.5623,2.113,2.367,-0.0295,0.141
235.826,5,0.995,-2.74,-1.5707,2.875,2.311,-0.0345,0.153
235.876,5,0.991,-2.889,-1.5878,2.738,2.284,-0.0319,0.162
235.927,5,0.987,-3.028,-1.5993,2.612,2.231,-0.0388,0.182
235.976,5,0.98,-3.159,-1.6108,2.481,2.205,-0.0387,0.194
236.026,5,0.973,-3.284,-1.6253,2.465,2.18,-0.0404,0.206
236.076,5,0.964,-3.402,-1.637,2.417,2.154,-0.0449,0.219
236.126,5,0.955,-3.507,-1.6517,2.25,2.105,-0.0513,0.239
236.176,5,0.945,-3.61,-1.6635,2.289,2.081,-0.0509,0.261
236.225,5,0.934,-3.713,-1.6755,2.258,2.058,-0.0592,0.285
236.275,5,0.922,-3.807,-1.6876,2.132,2.034,-0.0637,0.31
236.325,5,0.908,-3.904,-1.7026,2.063,2.011,-0.0637,0.31
236.375,5,0.892,-4.004,-1.7179,2.167,1.989,-0.0629,0.337
236.426,5,0.876,-4.096,-1.7364,2.044,1.966,-0.0665,0.352
236.476,5,0.858,-4.191,-1.7547,2.072,1.966,-0.0583,0.364
236.526,5,0.838,-4.284,-1.7707,2.014,1.944,-0.0591,0.379
236.576,5,0.817,-4.377,-1.7896,1.952,1.922,-0.0585,0.395
236.626,5,0.793,-4.472,-1.809,1.997,1.901,-0.0581,0.413
236.676,5,0.768,-4.562,-1.8251,1.934,1.879,-0.0576,0.433
236.725,5,0.743,-4.649,-1.8418,1.902,1.858,-0.0657,0.451
236.776,5,0.715,-4.744,-1.8581,1.718,1.837,-0.0729,0.464
236.826,5,0.675,-4.866,-1.875,2.169,1.796,-0.0923,0.479
236.876,5,0.649,-4.94,-1.8958,1.966,1.796,-0.0784,0.495
236.925,5,0.62,-5.021,-1.9098,1.963,1.775,-0.0866,0.512
236.975,5,0.559,-5.174,-1.9486,1.853,1.755,-0.1021,0.552
237.026,5,0.528,-5.245,-1.9696,1.823,1.715,-0.106,0.575
237.076,5,0.496,-5.317,-1.988,1.752,1.715,-0.0973,0.607
237.126,5,0.46,-5.39,-2.0133,1.781,1.696,-0.0975,0.642
237.175,5,0.426,-5.455,-2.037,1.693,1.677,-0.1014,0.642
237.227,5,0.39,-5.52,-2.0603,1.793,1.657,-0.1179,0.678
237.276,5,0.357,-5.578,-2.0829,1.709,1.657,-0.1009,0.717
237.325,5,0.283,-5.697,-2.1227,1.686,1.62,-0.1142,0.735
237.376,5,0.245,-5.755,-2.1477,1.648,1.601,-0.1165,0.735
237.426,5,0.204,-5.814,-2.1661,1.707,1.601,-0.1093,0.722
237.475,5,0.166,-5.866,-2.1906,1.626,1.583,-0.1082,0.706
237.526,5,0.121,-5.925,-2.2128,1.618,1.565,-0.1332,0.688
237.576,5,0.039,-6.024,-2.259,1.547,1.565,-0.1163,0.646
237.625,5,-0.008,-6.077,-2.2784,1.473,1.547,-0.1155,0.646
237.676,5,-0.059,-6.132,-2.3073,1.622,1.53,-0.1162,0.623
237.726,5,-0.104,-6.178,-2.3317,1.505,1.513,-0.1275,0.607
237.776,5,-0.153,-6.226,-2.3543,1.524,1.497,-0.1272,0.595
237.826,5,-0.206,-6.275,-2.3791,1.438,1.481,-0.138,0.582
237.876,5,-0.269,-6.33,-2.4054,1.614,1.481,-0.1281,0.567
237.926,5,-0.32,-6.372,-2.4362,1.518,1.466,-0.1409,0.549
237.976,5,-0.377,-6.417,-2.463,1.556,1.452,-0.1634,0.529
238.026,5,-0.435,-6.46,-2.4912,1.435,1.438,-0.1735,0.51
238.075,5,-0.498,-6.503,-2.5199,1.487,1.438,-0.1624,0.497
238.126,5,-0.549,-6.537,-2.5518,1.567,1.426,-0.1812,0.485
238.177,5,-0.647,-6.594,-2.6116,1.478,1.414,-0.1758,0.474
238.226,5,-0.693,-6.618,-2.641,1.395,1.405,-0.1855,0.464
238.275,5,-0.744,-6.643,-2.6675,1.349,1.405,-0.1741,0.455
238.327,5,-0.796,-6.667,-2.7006,1.367,1.397,-0.1856,0.444
238.376,5,-0.854,-6.691,-2.731,1.404,1.391,-0.2015,0.425
238.426,5,-0.968,-6.732,-2.7997,1.394,1.391,-0.188,0.405
238.476,5,-1.017,-6.746,-2.8306,1.425,1.387,-0.1879,0.386
238.527,5,-1.063,-6.759,-2.8608,1.433,1.386,-0.1971,0.366
238.576,5,-1.16,-6.781,-2.9175,1.351,1.221,-0.2236,0.344
238.627,5,-1.212,-6.79,-2.9454,1.316,1.221,-0.2125,0.325
238.675,5,-1.268,-6.799,-2.9753,1.304,1.206,-0.2183,0.309
238.725,5,-1.326,-6.805,-3.0078,1.346,1.193,-0.2456,0.296
238.776,5,-1.415,-6.811,-3.0737,1.22,1.181,-0.2424,0.284
238.826,5,-1.463,-6.812,-3.1018,1.202,1.181,-0.2333,0.274
238.874,5,-1.504,-6.811,-3.1378,1.209,1.181,-0.2173,0.266
238.926,5,-1.556,-6.809,3.1194,1.042,1.172,-0.2246,0.259
238.976,5,-1.616,-6.804,3.0814,1.172,1.166,-0.2513,0.254
239.026,5,-1.666,-6.798,3.0395,1.115,1.166,-0.2261,0.254
239.076,5,-1.765,-6.781,2.9672,1.256,1.163,-0.2565,0.241
239.126,5,-1.803,-6.772,2.9353,1.188,1.162,-0.2536,0.235
239.176,5,-1.84,-6.763,2.9088,1.12,1.162,-0.2377,0.235
239.226,5,-1.919,-6.739,2.8482,1.068,1.161,-0.25,0.228
239.275,5,-1.919,-6.739,2.8482,1.068,1.161,-0.25,0.228
239.326,5,-1.966,-6.722,2.8163,0.942,1.161,-0.2381,0.227
239.376,5,-2.077,-6.674,2.7325,1.312,1.163,-0.2652,0.232
239.426,5,-2.113,-6.656,2.6955,1.24,1.163,-0.2519,0.238
239.476,5,-2.184,-6.616,2.6342,1.171,1.166,-0.2657,0.243
239.526,5,-2.218,-6.595,2.6015,1.156,1.166,-0.254,0.244
239.575,5,-2.282,-6.55,2.5354,1.124,1.17,-0.261,0.244
239.626,5,-2.314,-6.526,2.5053,1.137,1.176,-0.2753,0.248
239.676,5,-2.344,-6.501,2.4738,1.123,1.176,-0.2637,0.248
239.726,5,-2.401,-6.449,2.4127,1.157,1.181,-0.2616,0.262
239.782,5,-2.427,-6.424,2.3802,1.09,1.181,-0.2616,0.262
239.826,5,-2.457,-6.392,2.3514,0.916,1.187,-0.2688,0.265
239.876,5,-2.503,-6.339,2.3163,1.291,1.187,-0.2647,0.263
239.926,5,-2.559,-6.267,2.2259,1.232,1.193,-0.2638,0.267
239.975,5,-2.582,-6.232,2.1903,1.213,1.197,-0.2649,0.273
240.026,5,-2.604,-6.198,2.1561,1.137,1.197,-0.2381,0.273
240.076,5,-2.627,-6.16,2.1234,1.148,1.201,-0.2499,0.275
240.125,5,-2.647,-6.123,2.0902,1.001,1.201,-0.2352,0.274
240.176,5,-2.693,-6.024,2.0057,1.225,1.203,-0.2337,0.276
240.226,5,-2.709,-5.985,1.9726,1.249,1.206,-0.2406,0.276
240.275,5,-2.735,-5.913,1.9128,1.162,1.206,-0.204,0.277
240.325,5,-2.747,-5.871,1.8854,1.001,1.21,-0.2173,0.267
240.375,5,-2.764,-5.809,1.8551,1.06,1.21,-0.2173,0.259
240.425,5,-2.779,-5.743,1.8151,1.348,1.218,-0.2193,0.253
240.475,5,-2.788,-5.695,1.7735,1.284,1.229,-0.2062,0.249
240.525,5,-2.795,-5.65,1.7422,1.247,1.229,-0.1939,0.247
240.575,5,-2.8,-5.607,1.7085,1.184,1.244,-0.1928,0.247
240.625,5,-2.808,-5.5,1.6456,1.256,1.26,-0.195,0.248
240.675,5,-2.809,-5.45,1.6164,1.249,1.26,-0.1707,0.252
240.725,5,-2.809,-5.404,1.5848,1.239,1.278,-0.1473,0.262
240.775,5,-2.808,-5.358,1.5593,1.34,1.278,-0.1369,0.269
240.825,5,-2.806,-5.315,1.5342,1.056,1.298,-0.1458,0.269
240.875,5,-2.8,-5.241,1.5121,1.318,1.298,-0.1419,0.278
240.925,5,-2.786,-5.126,1.4498,1.241,1.32,-0.1372,0.278
240.975,5,-2.786,-5.126,1.4498,1.241,1.32,-0.1247,0.279
241.025,5,-2.776,-5.066,1.4258,1.109,1.342,-0.1274,0.284
241.075,5,-2.76,-4.984,1.3995,1.261,1.366,-0.1126,0.3
241.126,5,-2.742,-4.902,1.3656,1.291,1.391,-0.1129,0.347
241.175,5,-2.721,-4.821,1.3349,1.379,1.417,-0.1107,0.369
241.225,5,-2.699,-4.745,1.3048,1.512,1.417,-0.0913,0.391
241.275,5,-2.682,-4.69,1.2772,1.484,1.445,-0.0871,0.418
241.325,5,-2.663,-4.635,1.257,1.454,1.473,-0.0767,0.444
241.375,5,-2.644,-4.581,1.2401,1.155,1.473,-0.0767,0.444
241.425,5,-2.611,-4.492,1.2225,1.669,1.503,-0.0684,0.49
241.475,5,-2.587,-4.433,1.1986,1.579,1.534,-0.0599,0.483
241.525,5,-2.564,-4.378,1.1814,1.462,1.534,-0.0474,0.483
241.575,5,-2.519,-4.275,1.1576,1.587,1.6,-0.0443,0.47
241.625,5,-2.497,-4.227,1.1483,1.527,1.6,-0.0358,0.464
241.675,5,-2.454,-4.136,1.1336,1.538,1.635,-0.0318,0.457
241.726,5,-2.43,-4.085,1.1266,1.556,1.669,-0.0279,0.451
241.775,5,-2.383,-3.99,1.1151,1.583,1.701,-0.024,0.445
241.825,5,-2.356,-3.936,1.1103,1.461,1.701,-0.0198,0.439
241.875,5,-2.322,-3.868,1.1055,1.543,1.733,-0.0199,0.433
241.925,5,-2.262,-3.753,1.0938,1.744,1.764,-0.0177,0.433
241.975,5,-2.233,-3.696,1.0916,1.703,1.764,-0.0139,0.421
242.025,5,-2.201,-3.636,1.0868,1.531,1.823,-0.0,0.417
242.075,5,-2.161,-3.56,1.0847,2.024,1.851,0.0,0.417
242.125,5,-2.099,-3.445,1.0799,1.889,1.879,0.0135,0.408
242.175,5,-2.068,-3.387,1.0799,1.873,1.906,0.0217,0.402
242.226,5,-2.036,-3.327,1.0799,1.802,1.906,0.0203,0.402
242.275,5,-1.977,-3.217,1.0821,1.908,1.933,0.0344,0.388
242.325,5,-1.922,-3.111,1.0895,1.784,1.948,0.0451,0.38
242.375,5,-1.888,-3.046,1.0916,2.001,1.91,0.0542,0.369
242.425,5,-1.83,-2.93,1.1077,1.99,1.875,0.0575,0.355
242.475,5,-1.805,-2.878,1.1174,1.956,1.843,0.066,0.339
242.525,5,-1.756,-2.772,1.1364,1.787,1.814,0.0732,0.321
242.575,5,-1.729,-2.71,1.148,1.872,1.787,0.0778,0.321
242.625,5,-1.704,-2.651,1.1627,1.73,1.763,0.095,0.3
242.675,5,-1.655,-2.53,1.1916,1.827,1.742,0.0938,0.257
242.725,5,-1.634,-2.473,1.2034,1.794,1.724,0.1061,0.257
242.775,5,-1.595,-2.36,1.238,1.789,1.709,0.1028,0.21
242.825,5,-1.576,-2.303,1.2524,1.757,1.709,0.0932,0.21
242.875,5,-1.542,-2.184,1.2874,1.746,1.697,0.1027,0.164
242.925,5,-1.527,-2.13,1.305,1.733,1.689,0.0971,0.164
242.975,5,-1.514,-2.076,1.3225,1.708,1.684,0.106,0.155
243.025,5,-1.501,-2.016,1.3377,1.367,1.684,0.0941,0.147
243.075,5,-1.48,-1.914,1.3582,1.821,1.681,0.1182,0.142
243.125,5,-1.458,-1.777,1.4075,1.896,1.681,0.1114,0.139
243.175,5,-1.45,-1.716,1.4288,1.744,1.683,0.1093,0.138
243.226,5,-1.443,-1.652,1.4499,1.716,1.683,0.1017,0.142
243.275,5,-1.433,-1.531,1.4904,1.634,1.688,0.0934,0.147
243.325,5,-1.43,-1.47,1.5095,1.66,1.696,0.0965,0.149
243.375,5,-1.428,-1.41,1.5289,1.707,1.706,0.0969,0.15
243.425,5,-1.427,-1.288,1.5652,1.699,1.717,0.0888,0.159
243.475,5,-1.429,-1.227,1.5822,1.747,1.73,0.0952,0.172
243.525,5,-1.431,-1.168,1.5993,1.594,1.73,0.0846,0.183
243.575,5,-1.439,-1.032,1.6341,1.723,1.761,0.0898,0.193
243.626,5,-1.445,-0.97,1.6517,1.57,1.761,0.0778,0.201
243.675,5,-1.454,-0.889,1.6665,1.888,1.778,0.0746,0.209
243.725,5,-1.47,-0.765,1.7025,1.711,1.797,0.0618,0.215
243.775,5,-1.481,-0.699,1.7178,1.843,1.817,0.0619,0.223
243.825,5,-1.491,-0.636,1.7333,1.767,1.838,0.061,0.241
243.875,5,-1.515,-0.511,1.758,1.854,1.86,0.0542,0.259
243.925,5,-1.529,-0.443,1.7706,1.717,1.883,0.0444,0.276
243.975,5,-1.558,-0.316,1.793,1.844,1.908,0.0414,0.292
244.025,5,-1.574,-0.251,1.8024,1.856,1.934,0.0415,0.307
244.075,5,-1.592,-0.178,1.8125,1.911,1.934,0.0329,0.32
244.125,5,-1.629,-0.04,1.8314,1.952,1.985,0.0302,0.332
244.175,5,-1.646,0.021,1.8385,1.951,1.985,0.0258,0.344
244.225,5,-1.682,0.147,1.8517,1.99,2.034,0.0207,0.354
244.275,5,-1.701,0.21,1.858,1.967,2.034,0.0165,0.364
244.325,5,-1.741,0.34,1.868,2.012,2.082,0.0124,0.373
244.375,5,-1.761,0.404,1.8717,1.963,2.082,0.0133,0.381
244.425,5,-1.802,0.534,1.8786,2.054,2.127,0.0098,0.386
244.475,5,-1.823,0.599,1.8818,2.073,2.127,0.0042,0.389
244.525,5,-1.866,0.73,1.8882,2.098,2.171,-0.0,0.392
244.575,5,-1.89,0.801,1.8887,2.056,2.192,-0.0,0.395
244.625,5,-1.94,0.952,1.8919,2.271,2.192,-0.0042,0.395
244.675,5,-1.962,1.018,1.8919,2.233,2.233,-0.0127,0.399
244.726,5,-2.005,1.149,1.8914,2.206,2.193,-0.0168,0.4
244.775,5,-2.028,1.218,1.8887,2.154,2.152,-0.0272,0.402
244.825,5,-2.071,1.351,1.885,2.178,2.113,-0.0294,0.418
244.875,5,-2.092,1.418,1.8786,2.154,2.075,-0.0342,0.418
244.925,5,-2.134,1.555,1.868,2.119,2.039,-0.039,0.417
244.975,5,-2.155,1.626,1.8616,2.119,2.003,-0.0427,0.417
245.025,5,-2.193,1.76,1.848,2.113,1.936,-0.0557,0.416
245.075,5,-2.211,1.827,1.8384,2.055,1.936,-0.0503,0.416
245.125,5,-2.244,1.956,1.8218,2.013,1.904,-0.0557,0.429
245.175,5,-2.259,2.02,1.8089,1.896,1.873,-0.0506,0.429
245.225,5,-2.287,2.144,1.7867,1.967,1.843,-0.0577,0.438
245.275,5,-2.298,2.201,1.777,1.891,1.814,-0.0579,0.438
245.326,5,-2.321,2.321,1.7579,1.823,1.786,-0.0631,0.447
245.375,5,-2.331,2.382,1.7456,1.848,1.758,-0.0703,0.447
245.425,5,-2.35,2.506,1.7237,1.85,1.731,-0.0776,0.445
245.475,5,-2.358,2.566,1.7114,1.813,1.704,-0.0733,0.445
245.525,5,-2.372,2.681,1.6872,1.822,1.704,-0.0687,0.436
245.575,5,-2.377,2.734,1.6723,1.706,1.653,-0.0888,0.436
245.625,5,-2.382,2.793,1.6633,1.673,1.653,-0.0895,0.433
245.675,5,-2.389,2.913,1.6339,1.68,1.628,-0.0887,0.425
245.725,5,-2.392,2.971,1.6222,1.628,1.604,-0.0962,0.414
245.775,5,-2.394,3.092,1.5906,1.635,1.579,-0.1048,0.385
245.825,5,-2.394,3.15,1.5735,1.609,1.556,-0.1161,0.385
245.875,5,-2.393,3.207,1.5566,1.606,1.556,-0.1081,0.367
245.925,5,-2.387,3.315,1.5231,1.593,1.532,-0.1079,0.348
245.975,5,-2.383,3.367,1.5038,1.559,1.509,-0.1156,0.33
246.025,5,-2.372,3.472,1.4685,1.495,1.486,-0.1149,0.317
246.075,5,-2.365,3.526,1.4525,1.553,1.463,-0.1447,0.302
246.125,5,-2.35,3.626,1.4153,1.463,1.463,-0.127,0.286
246.175,5,-2.341,3.675,1.3996,1.516,1.441,-0.139,0.274
246.225,5,-2.319,3.776,1.3606,1.489,1.419,-0.1384,0.264
246.275,5,-2.309,3.821,1.3427,1.429,1.397,-0.1507,0.256
246.325,5,-2.282,3.916,1.3048,1.452,1.397,-0.1378,0.249
246.375,5,-2.269,3.959,1.2847,1.414,1.375,-0.1378,0.244
246.425,5,-2.24,4.047,1.2448,1.384,1.354,-0.1734,0.241
246.475,5,-2.225,4.086,1.2253,1.374,1.333,-0.1726,0.238
246.525,5,-2.19,4.172,1.1841,1.357,1.333,-0.1724,0.231
246.575,5,-2.172,4.21,1.1625,1.355,1.312,-0.1723,0.226
246.625,5,-2.136,4.286,1.1221,1.321,1.312,-0.1598,0.224
246.675,5,-2.115,4.326,1.0985,1.249,1.291,-0.1749,0.222
246.725,5,-2.09,4.37,1.0751,1.293,1.271,-0.183,0.223
246.775,5,-2.042,4.449,1.0239,1.317,1.251,-0.2185,0.226
246.825,5,-2.02,4.482,1.0013,1.292,1.251,-0.2064,0.23
246.875,5,-1.97,4.553,0.9581,1.259,1.232,-0.2174,0.224
246.925,5,-1.946,4.584,0.9311,1.3,1.232,-0.2065,0.219
246.975,5,-1.897,4.643,0.8779,1.21,1.214,-0.2049,0.215
247.025,5,-1.871,4.672,0.8536,1.196,1.197,-0.2295,0.213
247.075,5,-1.814,4.731,0.8014,1.207,1.197,-0.21,0.213
247.125,5,-1.786,4.757,0.7773,1.181,1.182,-0.2159,0.214
247.175,5,-1.729,4.808,0.7277,1.186,1.171,-0.2326,0.208
247.225,5,-1.67,4.855,0.679,1.197,1.171,-0.216,0.203
247.275,5,-1.641,4.877,0.6558,1.164,1.163,-0.2271,0.199
247.325,5,-1.577,4.921,0.6072,1.159,1.163,-0.2153,0.198
247.375,5,-1.544,4.942,0.5822,1.169,1.16,-0.2272,0.198
247.425,5,-1.479,4.98,0.5363,1.136,1.16,-0.2301,0.2
247.475,5,-1.443,5.0,0.5074,1.155,1.16,-0.2868,0.206
247.525,5,-1.379,5.031,0.4537,1.144,1.159,-0.2956,0.211
247.575,5,-1.344,5.046,0.4228,1.133,1.159,-0.2726,0.203
247.625,5,-1.274,5.072,0.3557,1.118,1.161,-0.2518,0.194
247.675,5,-1.237,5.083,0.3213,1.119,1.164,-0.2534,0.188
247.725,5,-1.163,5.102,0.2587,1.141,1.164,-0.2405,0.184
247.775,5,-1.125,5.11,0.2304,1.113,1.17,-0.2376,0.182
247.825,5,-1.086,5.118,0.2023,1.15,1.17,-0.2394,0.182
247.875,5,-1.007,5.129,0.146,1.155,1.176,-0.2385,0.186
247.925,5,-0.971,5.133,0.1159,1.116,1.176,-0.2262,0.186
247.975,5,-0.891,5.137,0.0599,1.141,1.183,-0.2382,0.197
248.026,5,-0.852,5.138,0.0299,1.164,1.189,-0.2627,0.197
248.075,5,-0.776,5.136,-0.0262,1.124,1.189,-0.2417,0.202
248.125,5,-0.735,5.133,-0.0542,1.2,1.195,-0.251,0.202
248.175,5,-0.66,5.124,-0.1122,1.122,1.201,-0.2619,0.206
248.225,5,-0.619,5.118,-0.1402,1.184,1.201,-0.254,0.204
248.275,5,-0.533,5.1,-0.1985,1.185,1.207,-0.2616,0.201
248.325,5,-0.492,5.089,-0.2347,1.207,1.207,-0.2431,0.201
248.375,5,-0.457,5.079,-0.269,1.182,1.212,-0.2507,0.202
248.425,5,-0.381,5.053,-0.3258,1.197,1.216,-0.2513,0.205
248.475,5,-0.342,5.037,-0.3581,1.188,1.216,-0.2276,0.201
248.525,5,-0.303,5.02,-0.3907,1.186,1.22,-0.2442,0.2
248.576,5,-0.215,4.977,-0.4583,1.164,1.22,-0.2304,0.201
248.626,5,-0.173,4.953,-0.4933,1.233,1.225,-0.2217,0.205
248.675,5,-0.134,4.929,-0.5282,1.245,1.225,-0.1939,0.218
248.725,5,-0.056,4.877,-0.591,1.224,1.233,-0.2046,0.231
248.775,5,-0.018,4.849,-0.6223,1.197,1.244,-0.1931,0.244
248.825,5,0.019,4.819,-0.6498,1.19,1.244,-0.1814,0.256
248.875,5,0.057,4.787,-0.6793,1.223,1.257,-0.1935,0.265
248.925,5,0.094,4.755,-0.7091,1.205,1.257,-0.1849,0.265
248.975,5,0.166,4.685,-0.7648,1.247,1.272,-0.1474,0.276
249.025,5,0.198,4.652,-0.7926,1.199,1.288,-0.1608,0.264
249.075,5,0.234,4.611,-0.8187,1.247,1.288,-0.1496,0.255
249.125,5,0.272,4.568,-0.8427,1.229,1.305,-0.1603,0.255
249.184,5,0.306,4.527,-0.8718,1.307,1.323,-0.1599,0.248
249.225,5,0.338,4.485,-0.8957,1.04,1.323,-0.1447,0.242
249.275,5,0.388,4.417,-0.9229,1.619,1.342,-0.1643,0.239
249.325,5,0.419,4.37,-0.9629,1.442,1.362,-0.1646,0.236
249.375,5,0.479,4.273,-1.0127,1.345,1.382,-0.1252,0.237
249.425,5,0.507,4.223,-1.0402,1.345,1.382,-0.1134,0.246
249.475,5,0.535,4.171,-1.068,1.358,1.402,-0.1136,0.261
249.525,5,0.562,4.118,-1.0966,1.346,1.402,-0.1096,0.261
249.575,5,0.586,4.065,-1.1175,1.365,1.423,-0.1137,0.275
249.625,5,0.612,4.008,-1.1364,1.376,1.444,-0.1138,0.287
249.675,5,0.657,3.899,-1.1771,1.392,1.444,-0.1141,0.307
249.725,5,0.678,3.845,-1.1961,1.422,1.466,-0.0961,0.315
249.775,5,0.698,3.788,-1.2158,1.416,1.488,-0.0984,0.315
249.825,5,0.717,3.732,-1.2379,1.416,1.511,-0.1028,0.323
249.875,5,0.738,3.666,-1.2575,1.446,1.511,-0.0908,0.34
249.925,5,0.756,3.604,-1.2773,1.453,1.534,-0.0948,0.364
249.975,5,0.788,3.482,-1.315,1.461,1.558,-0.0988,0.407
250.025,5,0.803,3.415,-1.3302,1.489,1.582,-0.0841,0.427
250.075,5,0.819,3.34,-1.3507,1.539,1.606,-0.0851,0.439
250.125,5,0.833,3.268,-1.3711,1.52,1.632,-0.0846,0.439
250.175,5,0.846,3.195,-1.392,1.537,1.632,-0.0729,0.425
250.225,5,0.857,3.12,-1.4103,1.585,1.657,-0.0724,0.411
250.275,5,0.867,3.042,-1.4286,1.605,1.684,-0.06,0.4
250.325,5,0.876,2.962,-1.4472,1.62,1.712,-0.0604,0.389
250.375,5,0.884,2.88,-1.466,1.634,1.712,-0.0489,0.379
250.425,5,0.891,2.798,-1.4821,1.633,1.74,-0.0441,0.371
250.475,5,0.896,2.712,-1.4985,1.713,1.769,-0.0404,0.363
250.526,5,0.901,2.629,-1.5122,1.725,1.799,-0.0323,0.355
250.575,5,0.904,2.544,-1.5232,1.703,1.828,-0.0342,0.348
250.626,5,0.907,2.456,-1.5342,1.729,1.856,-0.0283,0.341
250.675,5,0.909,2.364,-1.5454,1.744,1.884,-0.0256,0.334
250.725,5,0.91,2.267,-1.5538,1.793,1.911,-0.0203,0.328
250.775,5,0.91,2.172,-1.5651,1.856,1.937,-0.0173,0.323
250.825,5,0.909,2.08,-1.5736,1.8,1.963,-0.0081,0.317
250.875,5,0.908,1.976,-1.5792,1.902,1.988,-0.0041,0.312
250.925,5,0.906,1.879,-1.5849,1.909,2.013,-0.0,0.307
250.975,5,0.904,1.78,-1.5906,1.971,2.037,0.0,0.301
251.025,5,0.902,1.68,-1.5935,1.978,2.061,0.0042,0.295
251.075,5,0.9,1.579,-1.5935,1.99,2.084,0.0046,0.29
251.126,5,0.897,1.471,-1.5935,2.052,2.107,0.0042,0.29
251.175,5,0.895,1.362,-1.5935,2.066,2.13,0.0042,0.29
251.225,5,0.893,1.259,-1.5934,2.057,2.152,0.0083,0.29
251.275,5,0.891,1.154,-1.5906,2.079,2.173,0.0083,0.29
251.325,5,0.889,1.047,-1.5906,2.101,2.194,0.0129,0.29
251.375,5,0.887,0.93,-1.5877,2.136,2.194,0.0129,0.291
251.425,5,0.885,0.819,-1.5849,2.177,2.215,0.0141,0.292
251.475,5,0.884,0.709,-1.582,2.133,2.236,0.0126,0.291
251.526,5,0.884,0.598,-1.5792,2.25,2.256,0.0177,0.289
251.575,5,0.883,0.491,-1.5735,2.271,2.295,0.018,0.286
251.625,5,0.884,0.382,-1.5707,2.213,2.333,0.022,0.283
251.675,5,0.885,0.266,-1.565,2.274,2.352,0.0216,0.278
251.725,5,0.886,0.155,-1.5594,2.271,2.37,0.0213,0.273
251.775,5,0.889,0.041,-1.5538,2.272,2.388,0.018,0.266
251.825,5,0.892,-0.079,-1.5454,2.305,2.406,0.0144,0.258
251.875,5,0.897,-0.208,-1.537,2.318,2.406,0.0144,0.249
251.925,5,0.903,-0.342,-1.5286,2.453,2.424,0.0094,0.249
251.975,5,0.903,-0.342,-1.5286,2.453,2.458,0.0051,0.24
252.026,5,0.909,-0.456,-1.5231,2.279,2.475,0.0,0.23
252.075,5,0.917,-0.6,-1.5176,2.309,2.491,-0.0,0.22
252.126,5,0.925,-0.737,-1.5149,2.38,2.524,-0.0062,0.21
252.175,5,0.933,-0.876,-1.5121,2.451,2.54,-0.0096,0.201
252.225,5,0.941,-1.017,-1.5121,2.505,2.571,-0.0086,0.192
252.275,5,0.95,-1.16,-1.5121,2.66,2.586,-0.0131,0.183
252.325,5,0.956,-1.287,-1.5149,2.646,2.601,-0.0086,0.175
252.375,5,0.963,-1.416,-1.5176,2.588,2.631,-0.0137,0.168
252.425,5,0.969,-1.548,-1.5232,2.553,2.645,-0.0086,0.161
252.475,5,0.975,-1.691,-1.5259,2.602,2.65,-0.0086,0.155
252.526,5,0.98,-1.822,-1.5315,2.635,2.582,-0.0134,0.149
252.575,5,0.985,-1.955,-1.537,2.631,2.549,-0.0143,0.145
252.625,5,0.989,-2.091,-1.5398,2.616,2.517,-0.0129,0.14
252.679,5,0.989,-2.091,-1.5398,2.616,2.517,-0.0129,0.14
252.725,5,0.993,-2.239,-1.5426,2.221,2.455,-0.0259,0.141
252.775,5,0.996,-2.444,-1.5482,2.746,2.396,-0.0302,0.141
252.825,5,0.998,-2.599,-1.5566,2.671,2.396,-0.0302,0.144
252.875,5,0.998,-2.599,-1.5566,2.671,2.367,-0.0345,0.144
252.925,5,0.998,-2.761,-1.5623,2.599,2.311,-0.0493,0.158
252.975,5,0.997,-2.903,-1.5764,2.464,2.284,-0.0478,0.166
253.025,5,0.993,-3.058,-1.5878,2.409,2.231,-0.0556,0.175
253.075,5,0.986,-3.207,-1.6051,2.372,2.231,-0.0556,0.175
253.125,5,0.986,-3.207,-1.6051,2.372,2.18,-0.0614,0.185
253.175,5,0.977,-3.355,-1.6254,2.254,2.154,-0.0592,0.197
253.225,5,0.962,-3.517,-1.6458,2.354,2.105,-0.0596,0.23
253.275,5,0.945,-3.661,-1.6725,2.318,2.105,-0.0596,0.254
253.325,5,0.945,-3.661,-1.6725,2.318,2.081,-0.0531,0.254
253.375,5,0.927,-3.792,-1.6996,2.304,2.058,-0.0469,0.28
253.425,5,0.908,-3.907,-1.7239,1.966,2.011,-0.0459,0.308
253.475,5,0.879,-4.06,-1.7427,2.214,1.989,-0.0421,0.354
253.525,5,0.852,-4.188,-1.7676,2.289,1.989,-0.0421,0.369
253.575,5,0.829,-4.294,-1.7865,2.195,1.966,-0.0381,0.386
253.625,5,0.805,-4.391,-1.7996,2.1,1.922,-0.0524,0.404
253.675,5,0.781,-4.484,-1.8126,2.01,1.901,-0.0558,0.423
253.73,5,0.781,-4.484,-1.8126,2.01,1.879,-0.058,0.423
253.775,5,0.755,-4.584,-1.8252,1.55,1.858,-0.0718,0.443
253.825,5,0.706,-4.75,-1.8414,2.487,1.837,-0.0868,0.472
253.875,5,0.676,-4.846,-1.8686,2.2,1.837,-0.0868,0.486
253.925,5,0.645,-4.937,-1.8857,2.057,1.816,-0.0819,0.502
253.975,5,0.614,-5.024,-1.906,1.958,1.796,-0.0831,0.519
254.025,5,0.582,-5.105,-1.9305,1.85,1.775,-0.0866,0.537
254.075,5,0.549,-5.186,-1.9513,1.819,1.755,-0.094,0.558
254.125,5,0.514,-5.265,-1.9729,1.788,1.715,-0.1016,0.581
254.175,5,0.478,-5.342,-1.9953,1.788,1.696,-0.1071,0.612
254.225,5,0.442,-5.415,-2.0181,1.746,1.677,-0.1094,0.647
254.276,5,0.404,-5.487,-2.0437,1.756,1.677,-0.0932,0.683
254.325,5,0.365,-5.556,-2.0669,1.69,1.657,-0.1088,0.722
254.375,5,0.325,-5.625,-2.0913,1.738,1.638,-0.1147,0.747
254.425,5,0.282,-5.693,-2.1184,1.735,1.62,-0.1173,0.734
254.475,5,0.241,-5.756,-2.14,1.58,1.601,-0.1158,0.734
254.525,5,0.194,-5.823,-2.1651,1.651,1.601,-0.1045,0.72
254.575,5,0.149,-5.885,-2.1916,1.6,1.583,-0.108,0.704
254.625,5,0.101,-5.946,-2.2184,1.593,1.565,-0.1292,0.686
254.675,5,0.046,-6.012,-2.2454,1.618,1.547,-0.1341,0.666
254.725,5,-0.005,-6.07,-2.2738,1.562,1.53,-0.1276,0.644
254.775,5,-0.058,-6.129,-2.3002,1.569,1.53,-0.1157,0.622
254.826,5,-0.112,-6.184,-2.3304,1.503,1.513,-0.1285,0.605
254.875,5,-0.17,-6.239,-2.361,1.559,1.497,-0.1331,0.592
254.926,5,-0.226,-6.29,-2.3899,1.523,1.481,-0.1271,0.578
254.975,5,-0.283,-6.339,-2.4177,1.562,1.466,-0.1395,0.563
255.025,5,-0.34,-6.385,-2.4458,1.501,1.466,-0.1269,0.545
255.075,5,-0.396,-6.428,-2.4756,1.528,1.452,-0.1631,0.524
255.126,5,-0.449,-6.466,-2.5008,1.434,1.438,-0.1739,0.506
255.175,5,-0.507,-6.506,-2.5278,1.566,1.438,-0.1654,0.493
255.225,5,-0.558,-6.538,-2.5549,1.508,1.426,-0.1761,0.482
255.275,5,-0.666,-6.601,-2.6133,1.422,1.414,-0.1878,0.462
255.325,5,-0.718,-6.628,-2.6461,1.437,1.405,-0.1735,0.454
255.376,5,-0.766,-6.651,-2.6774,1.429,1.397,-0.1852,0.454
255.425,5,-0.818,-6.674,-2.7077,1.389,1.397,-0.1728,0.444
255.475,5,-0.869,-6.695,-2.7394,1.36,1.391,-0.1961,0.425
255.525,5,-0.982,-6.735,-2.7997,1.373,1.391,-0.1868,0.388
255.575,5,-1.038,-6.752,-2.8306,1.394,1.386,-0.2217,0.388
255.625,5,-1.094,-6.767,-2.8646,1.414,1.386,-0.2089,0.369
255.675,5,-1.144,-6.778,-2.8949,1.375,1.221,-0.2314,0.348
255.725,5,-1.247,-6.797,-2.9596,1.363,1.206,-0.2312,0.328
255.775,5,-1.293,-6.803,-2.9936,1.311,1.206,-0.2225,0.311
255.826,5,-1.336,-6.807,-3.0256,1.234,1.193,-0.2338,0.297
255.875,5,-1.423,-6.812,-3.0857,1.24,1.181,-0.2287,0.284
255.925,5,-1.464,-6.812,-3.1158,1.143,1.181,-0.2152,0.274
255.975,5,-1.512,-6.811,3.1394,1.158,1.172,-0.2407,0.265
256.025,5,-1.601,-6.805,3.0754,1.169,1.172,-0.2171,0.258
256.075,5,-1.645,-6.8,3.0475,1.152,1.166,-0.2269,0.253
256.125,5,-1.689,-6.794,3.0154,1.13,1.166,-0.2149,0.247
256.175,5,-1.77,-6.778,2.9574,1.115,1.163,-0.2305,0.24
256.227,5,-1.77,-6.778,2.9574,1.115,1.163,-0.2305,0.24
256.275,5,-1.879,-6.75,2.9011,1.426,1.162,-0.2443,0.23
256.325,5,-1.918,-6.738,2.8501,1.263,1.161,-0.2546,0.227
256.375,5,-1.957,-6.724,2.8219,1.188,1.161,-0.2441,0.227
256.425,5,-2.035,-6.692,2.7595,1.112,1.161,-0.2376,0.227
256.475,5,-2.076,-6.674,2.7289,1.117,1.163,-0.2607,0.23
256.525,5,-2.112,-6.656,2.6955,1.113,1.163,-0.2491,0.237
256.575,5,-2.18,-6.618,2.6359,1.136,1.166,-0.2647,0.242
256.625,5,-2.213,-6.598,2.6096,1.122,1.166,-0.2493,0.243
256.675,5,-2.28,-6.552,2.5483,1.08,1.17,-0.2744,0.244
256.725,5,-2.28,-6.552,2.5483,1.08,1.17,-0.2638,0.244
256.775,5,-2.374,-6.476,2.4768,1.448,1.176,-0.2669,0.255
256.825,5,-2.404,-6.449,2.4161,1.285,1.181,-0.2768,0.262
256.875,5,-2.433,-6.419,2.3835,1.192,1.181,-0.2625,0.266
256.925,5,-2.49,-6.357,2.3163,1.137,1.187,-0.2784,0.265
256.975,5,-2.518,-6.323,2.2816,1.157,1.193,-0.2762,0.266
257.025,5,-2.545,-6.288,2.244,1.129,1.193,-0.2494,0.268
257.075,5,-2.592,-6.219,2.1726,1.145,1.197,-0.2498,0.273
257.125,5,-2.613,-6.185,2.1388,1.184,1.197,-0.2426,0.277
257.175,5,-2.633,-6.15,2.1063,1.131,1.201,-0.2508,0.277
257.225,5,-2.67,-6.076,2.0401,1.184,1.203,-0.2391,0.274
257.275,5,-2.688,-6.036,2.0097,1.125,1.203,-0.2319,0.276
257.325,5,-2.706,-5.991,1.9765,1.175,1.206,-0.24,0.276
257.375,5,-2.735,-5.909,1.909,1.178,1.206,-0.2097,0.267
257.425,5,-2.747,-5.868,1.8785,1.205,1.21,-0.2164,0.267
257.475,5,-2.768,-5.785,1.8218,1.175,1.21,-0.192,0.252
257.525,5,-2.777,-5.741,1.7928,1.19,1.218,-0.1929,0.248
257.575,5,-2.785,-5.7,1.7643,1.178,1.229,-0.2064,0.248
257.625,5,-2.797,-5.615,1.7146,1.182,1.244,-0.2054,0.244
257.675,5,-2.802,-5.569,1.6903,1.173,1.244,-0.1948,0.245
257.725,5,-2.805,-5.525,1.6634,1.18,1.244,-0.1813,0.245
257.775,5,-2.809,-5.436,1.6106,1.247,1.26,-0.1706,0.258
257.825,5,-2.809,-5.395,1.5848,1.191,1.278,-0.1466,0.258
257.875,5,-2.805,-5.3,1.5341,1.25,1.278,-0.1359,0.273
257.926,5,-2.802,-5.258,1.512,1.234,1.298,-0.1392,0.273
257.975,5,-2.798,-5.212,1.4929,1.261,1.32,-0.1483,0.277
258.025,5,-2.787,-5.12,1.4578,1.236,1.32,-0.1394,0.283
258.075,5,-2.78,-5.071,1.4364,1.258,1.342,-0.1393,0.283
258.125,5,-2.772,-5.021,1.4151,1.326,1.366,-0.1264,0.298
258.175,5,-2.754,-4.933,1.376,1.305,1.366,-0.1053,0.322
258.225,5,-2.743,-4.885,1.3555,1.367,1.391,-0.111,0.346
258.275,5,-2.732,-4.838,1.3349,1.312,1.391,-0.0975,0.369
258.325,5,-2.704,-4.739,1.3048,1.358,1.417,-0.0991,0.391
258.375,5,-2.689,-4.688,1.2871,1.415,1.445,-0.1027,0.417
258.425,5,-2.659,-4.595,1.257,1.365,1.473,-0.0907,0.47
258.475,5,-2.641,-4.544,1.2451,1.42,1.503,-0.0866,0.47
258.525,5,-2.623,-4.496,1.2276,1.426,1.503,-0.0801,0.477
258.575,5,-2.586,-4.4,1.2036,1.494,1.534,-0.0772,0.469
258.625,5,-2.565,-4.348,1.1887,1.443,1.567,-0.0631,0.461
258.675,5,-2.543,-4.297,1.1769,1.443,1.567,-0.0611,0.455
258.725,5,-2.494,-4.188,1.1482,1.532,1.6,-0.0477,0.45
258.775,5,-2.469,-4.134,1.1385,1.551,1.635,-0.0478,0.444
258.825,5,-2.421,-4.035,1.1173,1.614,1.669,-0.0404,0.44
258.875,5,-2.396,-3.985,1.1103,1.575,1.701,-0.033,0.435
258.925,5,-2.37,-3.935,1.1033,1.647,1.701,-0.0288,0.431
258.975,5,-2.316,-3.831,1.0916,1.642,1.733,-0.0218,0.427
259.025,5,-2.286,-3.776,1.0842,1.673,1.764,-0.0121,0.422
259.075,5,-2.226,-3.664,1.0752,1.727,1.794,-0.0082,0.418
259.125,5,-2.198,-3.613,1.0704,1.792,1.823,0.0,0.415
259.175,5,-2.14,-3.508,1.0683,1.779,1.851,0.0081,0.412
259.225,5,-2.11,-3.452,1.0657,1.782,1.879,0.0163,0.408
259.275,5,-2.079,-3.396,1.0657,1.782,1.879,0.0208,0.403
259.326,5,-2.012,-3.276,1.0704,1.923,1.933,0.037,0.397
259.375,5,-1.981,-3.218,1.0726,1.897,1.933,0.0369,0.39
259.425,5,-1.917,-3.096,1.0821,1.968,1.948,0.05,0.382
259.475,5,-1.885,-3.035,1.089,1.91,1.91,0.0545,0.371
259.525,5,-1.852,-2.97,1.096,1.971,1.875,0.0627,0.357
259.575,5,-1.795,-2.853,1.1174,1.939,1.814,0.0782,0.342
259.625,5,-1.766,-2.791,1.1267,1.916,1.814,0.079,0.325
259.675,5,-1.713,-2.672,1.1529,1.875,1.787,0.0815,0.305
259.725,5,-1.688,-2.612,1.1672,1.848,1.763,0.0955,0.282
259.775,5,-1.642,-2.495,1.1988,1.86,1.742,0.0978,0.282
259.825,5,-1.621,-2.437,1.2131,1.762,1.724,0.1014,0.238
259.875,5,-1.6,-2.374,1.2329,1.757,1.709,0.1014,0.212
259.925,5,-1.563,-2.255,1.2699,1.723,1.709,0.0943,0.186
259.975,5,-1.547,-2.197,1.2898,1.772,1.689,0.1015,0.162
260.025,5,-1.519,-2.085,1.3225,1.694,1.689,0.0932,0.162
260.075,5,-1.505,-2.026,1.3405,1.729,1.684,0.093,0.145
260.125,5,-1.493,-1.968,1.3555,1.688,1.682,0.1027,0.145
260.176,5,-1.473,-1.854,1.3918,1.72,1.681,0.0988,0.137
260.225,5,-1.463,-1.796,1.4077,1.653,1.681,0.1055,0.137
260.275,5,-1.455,-1.735,1.4234,1.625,1.681,0.0962,0.135
260.325,5,-1.441,-1.61,1.4607,1.634,1.688,0.1043,0.144
260.375,5,-1.436,-1.548,1.4796,1.735,1.688,0.0971,0.144
260.425,5,-1.43,-1.436,1.515,1.593,1.696,0.0934,0.148
260.475,5,-1.428,-1.37,1.5317,1.716,1.706,0.097,0.148
260.525,5,-1.428,-1.255,1.568,1.689,1.717,0.1018,0.17
260.575,5,-1.429,-1.195,1.585,1.68,1.73,0.0926,0.17
260.625,5,-1.435,-1.081,1.6196,1.683,1.745,0.098,0.181
260.675,5,-1.439,-1.024,1.6341,1.655,1.761,0.0904,0.192
260.725,5,-1.444,-0.961,1.6488,1.748,1.761,0.081,0.201
260.775,5,-1.458,-0.841,1.6844,1.673,1.778,0.0741,0.215
260.825,5,-1.468,-0.768,1.6995,1.717,1.797,0.0653,0.215
260.875,5,-1.479,-0.702,1.7178,1.818,1.817,0.0628,0.221
260.926,5,-1.501,-0.577,1.7485,1.8,1.838,0.0488,0.24
260.975,5,-1.514,-0.513,1.7611,1.838,1.86,0.049,0.258
261.025,5,-1.54,-0.392,1.7833,1.786,1.86,0.046,0.291
261.075,5,-1.556,-0.32,1.7926,1.794,1.908,0.0421,0.291
261.126,5,-1.573,-0.25,1.8024,1.921,1.934,0.0428,0.305
261.175,5,-1.605,-0.126,1.8187,1.839,1.96,0.0375,0.319
261.225,5,-1.624,-0.056,1.8282,1.898,1.985,0.0287,0.331
261.275,5,-1.643,0.013,1.8353,1.906,1.985,0.0246,0.343
261.325,5,-1.684,0.156,1.8517,1.989,2.034,0.0252,0.354
261.375,5,-1.704,0.225,1.858,1.962,2.034,0.0216,0.363
261.425,5,-1.726,0.296,1.8617,1.928,2.058,0.0215,0.373
261.475,5,-1.75,0.373,1.868,1.753,2.082,0.0166,0.381
261.525,5,-1.783,0.478,1.8749,2.121,2.104,0.0134,0.387
261.575,5,-1.834,0.633,1.8882,2.159,2.149,0.0,0.39
261.625,5,-1.856,0.699,1.892,2.188,2.149,-0.0,0.393
261.675,5,-1.901,0.833,1.8957,2.122,2.192,-0.0102,0.394
261.725,5,-1.924,0.899,1.8957,2.096,2.213,-0.0125,0.396
261.775,5,-1.975,1.05,1.8957,2.135,2.213,-0.0125,0.397
261.825,5,-2.0,1.125,1.8951,2.161,2.193,-0.0263,0.398
261.875,5,-2.026,1.206,1.8919,2.252,2.152,-0.0316,0.399
261.925,5,-2.076,1.36,1.885,2.213,2.113,-0.0348,0.411
261.975,5,-2.101,1.437,1.8785,2.204,2.075,-0.0337,0.422
262.025,5,-2.123,1.511,1.8716,2.191,2.039,-0.0427,0.419
262.075,5,-2.166,1.658,1.8552,2.159,1.969,-0.0515,0.418
262.125,5,-2.187,1.732,1.848,2.083,1.969,-0.0458,0.418
262.176,5,-2.222,1.867,1.8281,1.962,1.936,-0.0506,0.421
262.225,5,-2.238,1.932,1.8187,2.018,1.904,-0.0466,0.428
262.275,5,-2.255,2.002,1.8089,1.946,1.873,-0.0502,0.428
262.326,5,-2.286,2.143,1.7867,1.954,1.814,-0.0629,0.437
262.375,5,-2.3,2.21,1.777,1.943,1.814,-0.0588,0.442
262.425,5,-2.323,2.335,1.7548,1.812,1.786,-0.0615,0.447
262.475,5,-2.334,2.401,1.7453,1.828,1.758,-0.0711,0.449
262.525,5,-2.352,2.519,1.7207,1.813,1.731,-0.0738,0.446
262.575,5,-2.361,2.582,1.7084,1.769,1.704,-0.073,0.441
262.625,5,-2.367,2.639,1.6962,1.758,1.679,-0.082,0.441
262.675,5,-2.381,2.779,1.6692,1.771,1.679,-0.0727,0.434
262.725,5,-2.385,2.838,1.6544,1.708,1.628,-0.0969,0.426
262.775,5,-2.389,2.894,1.6398,1.718,1.628,-0.0929,0.426
262.825,5,-2.394,3.006,1.6135,1.665,1.604,-0.0925,0.404
262.875,5,-2.395,3.06,1.5992,1.606,1.579,-0.1001,0.404
262.925,5,-2.394,3.171,1.5707,1.545,1.556,-0.1154,0.372
262.975,5,-2.393,3.233,1.5538,1.63,1.532,-0.1163,0.372
263.025,5,-2.39,3.286,1.5342,1.59,1.532,-0.1159,0.353
263.075,5,-2.382,3.402,1.5011,1.565,1.509,-0.1156,0.323
263.125,5,-2.377,3.456,1.4793,1.588,1.486,-0.1159,0.323
263.176,5,-2.361,3.571,1.4391,1.564,1.463,-0.1525,0.291
263.225,5,-2.354,3.618,1.4205,1.481,1.441,-0.1386,0.291
263.275,5,-2.344,3.67,1.4022,1.48,1.441,-0.1416,0.278
263.325,5,-2.321,3.776,1.3527,1.423,1.419,-0.126,0.256
263.375,5,-2.308,3.827,1.3325,1.475,1.397,-0.1385,0.256
263.425,5,-2.281,3.92,1.2895,1.38,1.397,-0.1262,0.243
263.475,5,-2.266,3.967,1.272,1.42,1.375,-0.126,0.243
263.525,5,-2.25,4.015,1.2546,1.408,1.354,-0.1736,0.24
263.575,5,-2.216,4.107,1.2156,1.36,1.333,-0.1724,0.237
263.626,5,-2.199,4.148,1.1937,1.413,1.333,-0.1614,0.231
263.675,5,-2.162,4.229,1.1478,1.313,1.312,-0.1599,0.225
263.725,5,-2.141,4.271,1.1265,1.351,1.291,-0.1849,0.222
263.775,5,-2.1,4.349,1.0794,1.311,1.271,-0.188,0.221
263.826,5,-2.08,4.383,1.0588,1.278,1.271,-0.1711,0.221
263.875,5,-2.031,4.461,1.0126,1.276,1.271,-0.1731,0.223
263.925,5,-2.007,4.496,0.9875,1.3,1.251,-0.1948,0.227
263.975,5,-1.957,4.565,0.9426,1.234,1.232,-0.2174,0.222
264.025,5,-1.932,4.598,0.9221,1.241,1.214,-0.2337,0.217
264.075,5,-1.878,4.661,0.8691,1.241,1.214,-0.2168,0.213
264.126,5,-1.851,4.69,0.8425,1.232,1.197,-0.2169,0.211
264.175,5,-1.823,4.719,0.8166,1.163,1.197,-0.204,0.211
264.225,5,-1.765,4.775,0.7622,1.217,1.182,-0.2207,0.212
264.275,5,-1.737,4.8,0.7366,1.159,1.171,-0.227,0.208
264.326,5,-1.704,4.827,0.713,1.179,1.171,-0.2284,0.208
264.375,5,-1.647,4.871,0.6872,0.983,1.171,-0.2284,0.199
264.425,5,-1.647,4.871,0.6872,0.983,1.163,-0.247,0.199
264.475,5,-1.57,4.925,0.6409,1.255,1.16,-0.2697,0.197
264.526,5,-1.481,4.978,0.5363,1.248,1.16,-0.287,0.199
264.575,5,-1.444,4.998,0.503,1.225,1.16,-0.2748,0.204
264.63,5,-1.411,5.014,0.4683,1.115,1.159,-0.2955,0.204
264.675,5,-1.372,5.031,0.4374,0.872,1.159,-0.2662,0.208
264.725,5,-1.264,5.07,0.3394,1.33,1.161,-0.2583,0.19
264.775,5,-1.225,5.082,0.3029,1.214,1.164,-0.2437,0.183
264.825,5,-1.186,5.091,0.2667,1.15,1.164,-0.2153,0.178
264.875,5,-1.111,5.107,0.2063,1.117,1.17,-0.2315,0.176
264.925,5,-1.073,5.113,0.1802,1.071,1.17,-0.2138,0.176
264.975,5,-1.031,5.119,0.152,1.007,1.176,-0.2393,0.176
265.025,5,-0.938,5.127,0.0859,1.234,1.183,-0.2402,0.184
265.075,5,-0.894,5.129,0.0599,1.052,1.183,-0.2376,0.189
265.125,5,-0.834,5.129,0.0319,1.155,1.189,-0.2622,0.192
265.175,5,-0.789,5.128,-0.0101,1.293,1.189,-0.2414,0.192
265.225,5,-0.705,5.122,-0.0741,1.233,1.195,-0.2402,0.197
265.275,5,-0.664,5.116,-0.1082,1.125,1.201,-0.2494,0.196
265.325,5,-0.584,5.103,-0.1703,1.188,1.201,-0.2394,0.193
265.375,5,-0.542,5.093,-0.1985,1.164,1.207,-0.2505,0.192
265.425,5,-0.5,5.083,-0.2286,1.156,1.207,-0.2392,0.192
265.475,5,-0.418,5.058,-0.2911,1.135,1.212,-0.2509,0.193
265.526,5,-0.37,5.041,-0.3216,1.179,1.216,-0.2519,0.195
265.575,5,-0.328,5.024,-0.3581,1.199,1.216,-0.2278,0.195
265.625,5,-0.251,4.989,-0.4235,1.186,1.22,-0.2426,0.193
265.675,5,-0.214,4.97,-0.454,1.191,1.225,-0.2277,0.194
265.725,5,-0.178,4.951,-0.4868,1.154,1.225,-0.2154,0.199
265.775,5,-0.1,4.902,-0.5489,1.184,1.225,-0.2098,0.226
265.825,5,-0.064,4.878,-0.5803,1.174,1.233,-0.1927,0.226
265.875,5,-0.024,4.849,-0.6075,1.245,1.244,-0.2055,0.239
265.925,5,0.01,4.823,-0.6366,1.134,1.244,-0.1962,0.251
265.976,5,0.086,4.76,-0.6962,1.207,1.257,-0.1816,0.262
266.025,5,0.123,4.726,-0.7215,1.21,1.272,-0.1748,0.27
266.075,5,0.161,4.69,-0.7518,1.26,1.272,-0.1627,0.277
266.125,5,0.192,4.657,-0.7841,1.23,1.288,-0.1588,0.266
266.175,5,0.259,4.583,-0.8341,1.203,1.288,-0.1472,0.257
266.225,5,0.295,4.54,-0.8606,1.256,1.305,-0.1525,0.249
266.275,5,0.326,4.5,-0.8869,1.252,1.323,-0.1593,0.243
266.325,5,0.359,4.457,-0.909,1.258,1.323,-0.1504,0.24
266.375,5,0.392,4.412,-0.9313,1.298,1.342,-0.1618,0.238
266.425,5,0.452,4.322,-0.9811,1.309,1.362,-0.1482,0.237
266.475,5,0.479,4.278,-1.0061,1.319,1.382,-0.1417,0.238
266.525,5,0.509,4.225,-1.0314,1.345,1.382,-0.1304,0.245
266.575,5,0.536,4.175,-1.0616,1.362,1.402,-0.1254,0.261
266.625,5,0.561,4.127,-1.0844,1.298,1.402,-0.113,0.276
266.676,5,0.589,4.067,-1.1079,1.37,1.423,-0.1256,0.276
266.727,5,0.614,4.011,-1.1338,1.198,1.444,-0.1259,0.288
266.775,5,0.646,3.938,-1.1578,1.49,1.444,-0.1149,0.3
266.825,5,0.691,3.817,-1.2085,1.466,1.466,-0.1052,0.309
266.875,5,0.713,3.754,-1.2329,1.445,1.488,-0.1028,0.324
266.925,5,0.733,3.69,-1.2548,1.453,1.511,-0.0958,0.34
266.975,5,0.75,3.629,-1.2746,1.451,1.534,-0.0948,0.363
267.026,5,0.768,3.566,-1.2949,1.495,1.534,-0.0879,0.385
267.075,5,0.784,3.501,-1.3123,1.45,1.558,-0.0911,0.405
267.125,5,0.8,3.432,-1.3326,1.511,1.582,-0.0794,0.405
267.175,5,0.814,3.366,-1.3504,1.498,1.606,-0.0834,0.425
267.226,5,0.829,3.291,-1.3686,1.516,1.606,-0.0715,0.442
267.275,5,0.841,3.218,-1.3892,1.506,1.632,-0.0725,0.428
267.325,5,0.854,3.135,-1.4077,1.571,1.657,-0.0729,0.415
267.377,5,0.865,3.057,-1.4259,1.592,1.684,-0.0642,0.402
267.425,5,0.874,2.978,-1.4445,1.621,1.684,-0.0533,0.391
267.475,5,0.883,2.891,-1.4606,1.639,1.712,-0.0527,0.381
267.525,5,0.89,2.809,-1.4795,1.658,1.74,-0.0484,0.372
267.576,5,0.895,2.726,-1.4958,1.677,1.769,-0.0403,0.364
267.625,5,0.9,2.642,-1.5095,1.656,1.799,-0.0374,0.355
267.675,5,0.904,2.555,-1.5204,1.734,1.828,-0.0366,0.348
267.725,5,0.907,2.467,-1.5343,1.727,1.856,-0.0283,0.342
267.775,5,0.909,2.376,-1.5426,1.764,1.884,-0.0243,0.335
267.825,5,0.91,2.287,-1.5538,1.848,1.884,-0.0163,0.329
267.875,5,0.91,2.197,-1.5623,1.834,1.911,-0.0172,0.324
267.925,5,0.91,2.101,-1.5707,1.869,1.937,-0.0135,0.318
267.975,5,0.909,2.008,-1.5764,1.869,1.963,-0.0082,0.312
268.025,5,0.907,1.906,-1.582,1.922,1.988,-0.006,0.306
268.076,5,0.906,1.815,-1.5877,1.902,2.013,-0.0,0.301
268.125,5,0.903,1.711,-1.5906,1.942,2.037,0.0,0.295
268.175,5,0.901,1.611,-1.5935,1.982,2.061,0.0,0.29
268.225,5,0.899,1.506,-1.5935,1.977,2.084,0.0044,0.29
268.275,5,0.896,1.404,-1.5935,1.953,2.107,0.0041,0.29
268.325,5,0.894,1.299,-1.5935,2.022,2.13,0.0084,0.29
268.375,5,0.891,1.194,-1.5935,2.122,2.152,0.0084,0.29
268.425,5,0.889,1.085,-1.5934,2.115,2.173,0.0125,0.29
268.475,5,0.887,0.984,-1.5906,2.145,2.215,0.0126,0.292
268.525,5,0.885,0.879,-1.5906,2.127,2.236,0.0167,0.293
268.575,5,0.883,0.772,-1.5877,2.15,2.256,0.0209,0.293
268.625,5,0.882,0.664,-1.582,2.184,2.276,0.0228,0.292
268.675,5,0.882,0.554,-1.5792,2.194,2.295,0.0226,0.289
268.725,5,0.882,0.432,-1.5735,2.276,2.314,0.0227,0.285
268.775,5,0.883,0.317,-1.565,2.203,2.333,0.0168,0.279
268.826,5,0.885,0.202,-1.5594,2.137,2.352,0.0181,0.273
268.875,5,0.888,0.062,-1.5509,2.172,2.388,0.0126,0.266
268.925,5,0.888,0.062,-1.5509,2.172,2.388,0.0126,0.266
268.975,5,0.893,-0.09,-1.5397,2.315,2.406,0.009,0.258
269.025,5,0.899,-0.226,-1.5342,2.481,2.441,0.0043,0.249
269.075,5,0.905,-0.351,-1.5259,2.413,2.458,0.0,0.24
269.125,5,0.912,-0.489,-1.5231,2.43,2.475,-0.0,0.231
269.175,5,0.919,-0.626,-1.5176,2.447,2.508,-0.0,0.222
269.225,5,0.926,-0.759,-1.5176,2.498,2.524,-0.0,0.205
269.275,5,0.933,-0.89,-1.5176,2.431,2.54,-0.0,0.196
269.326,5,0.941,-1.031,-1.5176,2.591,2.571,-0.0053,0.187
269.375,5,0.948,-1.155,-1.5176,2.535,2.586,-0.0043,0.179
269.426,5,0.955,-1.279,-1.5176,2.49,2.601,-0.0088,0.17
269.475,5,0.962,-1.416,-1.5176,2.485,2.631,-0.0086,0.162
269.525,5,0.969,-1.555,-1.5176,2.602,2.645,-0.0129,0.154
269.575,5,0.975,-1.686,-1.5204,2.685,2.65,-0.0177,0.148
269.625,5,0.981,-1.81,-1.5231,2.58,2.582,-0.0219,0.141
269.675,5,0.987,-1.948,-1.5259,2.609,2.549,-0.0266,0.136
269.725,5,0.992,-2.087,-1.5314,2.725,2.517,-0.0273,0.135
269.775,5,0.995,-2.214,-1.5398,2.591,2.455,-0.0308,0.138
269.825,5,0.998,-2.357,-1.5482,2.625,2.425,-0.0305,0.139
269.875,5,0.998,-2.495,-1.5595,2.593,2.396,-0.0266,0.141
269.925,5,0.998,-2.495,-1.5595,2.593,2.396,-0.0266,0.141
269.975,5,0.998,-2.628,-1.5708,2.383,2.339,-0.0314,0.149
270.025,5,0.995,-2.773,-1.5821,2.57,2.311,-0.0259,0.158
270.075,5,0.991,-2.91,-1.5964,2.533,2.257,-0.0302,0.168
270.125,5,0.986,-3.036,-1.6079,2.354,2.231,-0.0298,0.178
270.176,5,0.979,-3.167,-1.6195,2.517,2.205,-0.0302,0.19
270.225,5,0.971,-3.283,-1.6282,2.367,2.18,-0.0358,0.202
270.276,5,0.963,-3.402,-1.6398,2.222,2.154,-0.0379,0.216
270.326,5,0.953,-3.524,-1.6487,2.214,2.105,-0.0505,0.233
270.376,5,0.94,-3.652,-1.6605,2.278,2.081,-0.055,0.254
270.425,5,0.927,-3.77,-1.6725,2.194,2.058,-0.0631,0.278
270.476,5,0.913,-3.886,-1.6874,2.217,2.058,-0.0631,0.328
270.525,5,0.898,-3.99,-1.7055,2.112,2.034,-0.0674,0.347
270.575,5,0.898,-3.99,-1.7055,2.112,2.011,-0.0685,0.347
270.625,5,0.879,-4.104,-1.7239,2.129,1.966,-0.0849,0.358
270.676,5,0.842,-4.295,-1.7645,2.062,1.944,-0.0816,0.385
270.725,5,0.821,-4.388,-1.7834,2.018,1.922,-0.0807,0.385
270.775,5,0.821,-4.388,-1.7834,2.018,1.901,-0.0801,0.385
270.825,5,0.797,-4.482,-1.806,1.891,1.901,-0.066,0.402
270.875,5,0.742,-4.671,-1.8554,1.935,1.858,-0.079,0.441
270.925,5,0.742,-4.671,-1.8554,1.935,1.858,-0.0634,0.441
270.976,5,0.68,-4.852,-1.8958,1.962,1.837,-0.0575,0.471
271.025,5,0.652,-4.928,-1.9169,1.894,1.796,-0.0624,0.488
271.076,5,0.62,-5.011,-1.9337,1.903,1.775,-0.0669,0.508
271.126,5,0.591,-5.083,-1.9479,1.812,1.755,-0.0774,0.529
271.175,5,0.558,-5.161,-1.9623,1.832,1.735,-0.0857,0.551
271.225,5,0.525,-5.236,-1.9774,1.806,1.715,-0.0936,0.574
271.276,5,0.49,-5.311,-1.9946,1.806,1.715,-0.0855,0.605
271.325,5,0.454,-5.384,-2.0133,1.759,1.696,-0.0943,0.639
271.376,5,0.417,-5.456,-2.0355,1.72,1.677,-0.0975,0.675
271.426,5,0.379,-5.526,-2.0561,1.69,1.657,-0.1147,0.713
271.475,5,0.34,-5.594,-2.0787,1.527,1.638,-0.1153,0.752
271.526,5,0.286,-5.683,-2.0998,1.557,1.62,-0.1156,0.737
271.576,5,0.228,-5.772,-2.1313,1.911,1.601,-0.1191,0.724
271.626,5,0.185,-5.834,-2.1661,1.765,1.583,-0.1176,0.709
271.675,5,0.14,-5.895,-2.1916,1.779,1.583,-0.1097,0.691
271.726,5,0.099,-5.947,-2.2184,1.639,1.565,-0.1292,0.671
271.775,5,0.054,-6.002,-2.2409,1.571,1.547,-0.1277,0.671
271.826,5,0.008,-6.056,-2.2682,1.633,1.547,-0.1163,0.65
271.875,5,-0.085,-6.156,-2.3199,1.535,1.53,-0.1288,0.609
271.926,5,-0.136,-6.207,-2.3436,1.499,1.513,-0.1322,0.596
271.976,5,-0.191,-6.259,-2.3684,1.575,1.497,-0.1313,0.584
272.026,5,-0.24,-6.303,-2.3974,1.524,1.481,-0.1272,0.568
272.076,5,-0.29,-6.346,-2.4239,1.544,1.466,-0.1444,0.549
272.126,5,-0.342,-6.387,-2.452,1.513,1.466,-0.1311,0.529
272.176,5,-0.396,-6.428,-2.4771,1.477,1.452,-0.1504,0.51
272.226,5,-0.45,-6.467,-2.5023,1.497,1.438,-0.1625,0.51
272.275,5,-0.547,-6.532,-2.555,1.467,1.438,-0.1505,0.484
272.326,5,-0.595,-6.561,-2.5759,1.41,1.414,-0.1898,0.474
272.376,5,-0.648,-6.592,-2.6035,1.453,1.414,-0.1738,0.465
272.426,5,-0.702,-6.621,-2.6296,1.484,1.405,-0.1861,0.465
272.476,5,-0.802,-6.669,-2.6875,1.435,1.405,-0.1729,0.451
272.526,5,-0.852,-6.691,-2.7208,1.397,1.397,-0.1729,0.435
272.576,5,-0.909,-6.713,-2.7514,1.416,1.391,-0.1978,0.415
272.626,5,-0.962,-6.732,-2.7821,1.403,1.391,-0.1978,0.415
272.675,5,-1.013,-6.749,-2.8119,1.213,1.387,-0.1933,0.398
272.725,5,-1.084,-6.769,-2.8382,1.51,1.386,-0.2222,0.382
272.775,5,-1.185,-6.793,-2.9091,1.416,1.221,-0.2322,0.343
272.825,5,-1.24,-6.803,-2.9395,1.368,1.206,-0.256,0.326
272.875,5,-1.289,-6.81,-2.9773,1.341,1.206,-0.2307,0.326
272.925,5,-1.375,-6.818,-3.0418,1.217,1.193,-0.2282,0.297
272.975,5,-1.424,-6.82,-3.0757,1.148,1.181,-0.2383,0.286
273.026,5,-1.474,-6.821,-3.1098,1.221,1.181,-0.2283,0.286
273.075,5,-1.518,-6.82,3.1374,1.199,1.172,-0.2394,0.276
273.126,5,-1.607,-6.814,3.0754,1.143,1.166,-0.2502,0.263
273.175,5,-1.652,-6.808,3.0435,1.174,1.166,-0.2396,0.263
273.225,5,-1.729,-6.796,2.9834,1.157,1.166,-0.2283,0.25
273.276,5,-1.769,-6.788,2.9554,1.08,1.163,-0.2254,0.243
273.325,5,-1.813,-6.777,2.9269,1.118,1.162,-0.253,0.243
273.375,5,-1.895,-6.754,2.8643,1.184,1.162,-0.2431,0.236
273.426,5,-1.93,-6.742,2.836,1.171,1.161,-0.2506,0.236
273.475,5,-1.969,-6.728,2.8079,1.111,1.161,-0.2409,0.234
273.526,5,-2.008,-6.712,2.777,1.174,1.161,-0.2505,0.235
273.576,5,-2.008,-6.712,2.777,1.174,1.161,-0.2505,0.235
273.626,5,-2.087,-6.676,2.7463,0.934,1.163,-0.2797,0.237
273.675,5,-2.087,-6.676,2.7463,0.934,1.163,-0.2797,0.237
273.726,5,-2.206,-6.608,2.682,1.254,1.166,-0.2988,0.249
273.775,5,-2.29,-6.55,2.5339,1.248,1.17,-0.2832,0.249
273.826,5,-2.322,-6.525,2.4957,1.226,1.176,-0.2755,0.252
273.876,5,-2.352,-6.499,2.458,1.139,1.176,-0.2497,0.258
273.926,5,-2.413,-6.442,2.3883,1.137,1.181,-0.2496,0.264
273.976,5,-2.44,-6.414,2.354,1.19,1.181,-0.2392,0.267
274.026,5,-2.49,-6.357,2.2978,1.134,1.187,-0.251,0.265
274.075,5,-2.518,-6.323,2.2678,1.165,1.193,-0.2673,0.265
274.126,5,-2.566,-6.257,2.2036,1.143,1.193,-0.256,0.267
274.175,5,-2.566,-6.257,2.2036,1.143,1.193,-0.2419,0.267
274.226,5,-2.624,-6.164,2.1431,1.403,1.201,-0.2674,0.276
274.275,5,-2.645,-6.126,2.091,1.252,1.201,-0.2406,0.274
274.326,5,-2.666,-6.084,2.0592,1.238,1.203,-0.2575,0.274
274.376,5,-2.7,-6.008,1.9911,1.201,1.203,-0.2163,0.275
274.426,5,-2.715,-5.968,1.9581,1.202,1.206,-0.2328,0.279
274.476,5,-2.73,-5.925,1.9264,1.148,1.206,-0.2183,0.27
274.525,5,-2.756,-5.839,1.8647,1.181,1.21,-0.2043,0.261
274.576,5,-2.767,-5.796,1.8348,1.181,1.218,-0.2201,0.255
274.625,5,-2.776,-5.755,1.8053,1.164,1.218,-0.2061,0.25
274.676,5,-2.791,-5.668,1.7514,1.205,1.229,-0.1932,0.247
274.725,5,-2.797,-5.626,1.7237,1.223,1.229,-0.1819,0.246
274.775,5,-2.806,-5.536,1.6721,1.229,1.244,-0.1981,0.247
274.826,5,-2.808,-5.492,1.6426,1.204,1.26,-0.1816,0.249
274.876,5,-2.81,-5.445,1.6193,1.21,1.26,-0.1825,0.259
274.926,5,-2.809,-5.358,1.565,1.135,1.278,-0.1601,0.259
274.976,5,-2.807,-5.306,1.5425,1.262,1.298,-0.1476,0.274
275.025,5,-2.803,-5.256,1.512,1.314,1.298,-0.1412,0.278
275.075,5,-2.793,-5.16,1.4685,1.305,1.32,-0.136,0.278
275.125,5,-2.787,-5.113,1.447,1.311,1.342,-0.1365,0.284
275.176,5,-2.78,-5.069,1.4258,1.303,1.342,-0.1247,0.284
275.226,5,-2.764,-4.98,1.389,1.279,1.366,-0.1128,0.32
275.276,5,-2.754,-4.935,1.3735,1.266,1.366,-0.101,0.344
275.326,5,-2.732,-4.84,1.3374,1.37,1.391,-0.111,0.367
275.376,5,-2.719,-4.792,1.3223,1.333,1.417,-0.1073,0.39
275.425,5,-2.705,-4.743,1.3097,1.442,1.417,-0.1031,0.39
275.476,5,-2.678,-4.654,1.2772,1.375,1.445,-0.0941,0.444
275.525,5,-2.661,-4.602,1.2648,1.405,1.473,-0.0906,0.444
275.576,5,-2.628,-4.508,1.2299,1.375,1.473,-0.0787,0.477
275.626,5,-2.609,-4.457,1.2179,1.442,1.503,-0.0762,0.469
275.676,5,-2.588,-4.404,1.2032,1.441,1.534,-0.0765,0.469
275.726,5,-2.546,-4.303,1.1765,1.532,1.567,-0.0612,0.454
275.775,5,-2.526,-4.256,1.1648,1.48,1.6,-0.0606,0.454
275.826,5,-2.48,-4.156,1.1433,1.586,1.6,-0.0516,0.444
275.876,5,-2.457,-4.107,1.134,1.549,1.635,-0.0483,0.444
275.926,5,-2.431,-4.054,1.1217,1.547,1.669,-0.0358,0.439
275.976,5,-2.376,-3.946,1.1055,1.656,1.701,-0.0281,0.431
276.026,5,-2.349,-3.893,1.0937,1.632,1.733,-0.0201,0.431
276.075,5,-2.294,-3.791,1.0821,1.682,1.733,-0.0179,0.425
276.126,5,-2.267,-3.742,1.0778,1.641,1.764,-0.0088,0.425
276.176,5,-2.236,-3.684,1.0725,1.71,1.794,-0.0,0.42
276.225,5,-2.171,-3.566,1.0657,1.682,1.823,0.0,0.417
276.276,5,-2.136,-3.503,1.0662,1.805,1.851,0.0122,0.414
276.325,5,-2.104,-3.445,1.0662,1.824,1.879,0.0208,0.41
276.375,5,-2.041,-3.332,1.0657,1.854,1.906,0.0329,0.405
276.426,5,-2.009,-3.273,1.0683,1.908,1.933,0.0422,0.399
276.475,5,-1.978,-3.215,1.0726,1.813,1.933,0.0367,0.392
276.526,5,-1.916,-3.099,1.0847,1.903,1.91,0.0534,0.383
276.575,5,-1.886,-3.04,1.0917,1.855,1.91,0.0491,0.371
276.626,5,-1.824,-2.915,1.1082,1.922,1.843,0.0741,0.359
276.675,5,-1.792,-2.849,1.1174,1.658,1.843,0.0741,0.344
276.725,5,-1.749,-2.756,1.1267,1.792,1.814,0.0811,0.327
276.775,5,-1.709,-2.666,1.1457,2.104,1.763,0.1085,0.307
276.825,5,-1.681,-2.6,1.1672,2.02,1.763,0.0999,0.285
276.875,5,-1.632,-2.472,1.2011,1.876,1.742,0.1046,0.262
276.926,5,-1.61,-2.411,1.2232,1.794,1.724,0.0935,0.239
276.976,5,-1.59,-2.35,1.2427,1.821,1.709,0.0978,0.214
277.026,5,-1.557,-2.238,1.2798,1.753,1.697,0.0932,0.186
277.076,5,-1.541,-2.178,1.2974,1.699,1.689,0.0968,0.163
277.125,5,-1.512,-2.061,1.3327,1.699,1.689,0.095,0.153
277.176,5,-1.499,-2.0,1.3479,1.713,1.682,0.1062,0.146
277.226,5,-1.487,-1.94,1.3661,1.732,1.682,0.0979,0.141
277.276,5,-1.468,-1.829,1.397,1.701,1.681,0.0977,0.137
277.326,5,-1.46,-1.776,1.4153,1.676,1.681,0.1019,0.136
277.376,5,-1.446,-1.66,1.4499,1.652,1.683,0.0964,0.139
277.425,5,-1.44,-1.6,1.4687,1.686,1.688,0.1007,0.143
277.476,5,-1.433,-1.48,1.5041,1.706,1.688,0.0926,0.147
277.526,5,-1.43,-1.422,1.5205,1.58,1.706,0.0998,0.148
277.575,5,-1.429,-1.359,1.54,1.642,1.706,0.0926,0.156
277.626,5,-1.429,-1.29,1.5567,1.713,1.717,0.0976,0.156
277.676,5,-1.432,-1.15,1.5936,1.755,1.73,0.0958,0.181
277.725,5,-1.436,-1.087,1.6166,1.728,1.745,0.0849,0.191
277.776,5,-1.441,-1.019,1.6341,1.772,1.761,0.0904,0.191
277.825,5,-1.454,-0.892,1.6724,1.734,1.761,0.0774,0.207
277.876,5,-1.462,-0.829,1.6875,1.774,1.797,0.0699,0.214
277.926,5,-1.471,-0.764,1.7055,1.552,1.797,0.0558,0.214
277.976,5,-1.486,-0.669,1.7209,1.697,1.817,0.0565,0.22
278.025,5,-1.502,-0.584,1.7394,1.866,1.838,0.0576,0.238
278.075,5,-1.516,-0.511,1.758,1.864,1.86,0.0534,0.256
278.126,5,-1.544,-0.377,1.7802,1.855,1.883,0.0409,0.29
278.176,5,-1.559,-0.312,1.7926,1.916,1.908,0.042,0.29
278.226,5,-1.591,-0.183,1.8121,1.843,1.934,0.0414,0.318
278.275,5,-1.61,-0.111,1.8188,1.68,1.96,0.0366,0.331
278.326,5,-1.633,-0.024,1.8286,1.799,1.985,0.0327,0.331
278.376,5,-1.658,0.064,1.8413,1.982,2.01,0.0248,0.342
278.426,5,-1.684,0.153,1.8485,2.104,2.034,0.025,0.353
278.475,5,-1.706,0.225,1.8585,2.0,2.034,0.0166,0.363
278.526,5,-1.751,0.372,1.8717,2.001,2.082,0.0129,0.38
278.575,5,-1.775,0.445,1.8781,2.058,2.104,0.0084,0.38
278.626,5,-1.798,0.518,1.8818,2.058,2.127,0.006,0.385
278.676,5,-1.822,0.59,1.885,1.89,2.127,0.0,0.388
278.726,5,-1.883,0.775,1.8887,2.154,2.149,-0.0,0.393
278.776,5,-1.909,0.854,1.8919,2.091,2.192,-0.0042,0.393
278.826,5,-1.939,0.944,1.8919,2.308,2.213,-0.0085,0.395
278.876,5,-1.966,1.025,1.8919,2.134,2.233,-0.0173,0.397
278.927,5,-1.996,1.116,1.8919,2.08,2.193,-0.0224,0.398
278.975,5,-2.027,1.211,1.8914,2.179,2.152,-0.0305,0.4
279.026,5,-2.056,1.299,1.8882,2.121,2.113,-0.0349,0.4
279.076,5,-2.09,1.403,1.8818,2.17,2.075,-0.0385,0.413
279.126,5,-2.149,1.597,1.8648,2.29,2.003,-0.0469,0.419
279.176,5,-2.173,1.683,1.8552,2.227,1.969,-0.0506,0.418
279.225,5,-2.196,1.765,1.8452,2.193,1.936,-0.0553,0.418
279.276,5,-2.217,1.843,1.8349,1.963,1.936,-0.0454,0.422
279.325,5,-2.255,2.001,1.812,2.076,1.873,-0.05,0.429
279.375,5,-2.255,2.001,1.812,2.076,1.873,-0.05,0.429
279.43,5,-2.255,2.001,1.812,2.076,1.873,-0.05,0.429
279.475,5,-2.272,2.074,1.7991,1.342,1.843,-0.0548,0.434
279.527,5,-2.318,2.299,1.7894,3.072,1.786,-0.0905,0.443
279.576,5,-2.334,2.389,1.7548,2.345,1.758,-0.0809,0.448
279.626,5,-2.351,2.495,1.7423,2.206,1.731,-0.0884,0.45
279.677,5,-2.363,2.58,1.7237,2.248,1.704,-0.0941,0.45
279.725,5,-2.379,2.725,1.6843,1.938,1.679,-0.0859,0.439
279.775,5,-2.385,2.787,1.6635,1.671,1.653,-0.0885,0.436
279.825,5,-2.389,2.855,1.6456,1.768,1.628,-0.0933,0.426
279.878,5,-2.392,2.918,1.6281,1.612,1.628,-0.0933,0.413
279.927,5,-2.392,2.918,1.6281,1.612,1.628,-0.0841,0.413
279.975,5,-2.394,2.986,1.6107,1.187,1.604,-0.0849,0.413
280.025,5,-2.394,3.139,1.5934,1.963,1.556,-0.1381,0.384
