t_s,lap,x,y,yaw,speed_mps,cmd_speed_mps,cmd_steer_rad,min_wall_dist_m
0.038,0,0.8,3.158,-1.5707,0.0,0.0,0.0,0.441
0.087,0,0.8,3.158,-1.5707,0.0,0.0,0.0,0.441
0.137,0,0.8,3.158,-1.5707,0.0,0.0,0.0,0.441
0.187,0,0.8,3.158,-1.5707,0.0,0.0,0.0,0.441
0.236,0,0.8,3.158,-1.5707,0.0,0.0,0.0,0.441
0.287,0,0.8,3.158,-1.5707,0.0,0.0,0.0,0.441
0.337,0,0.8,3.158,-1.5707,0.0,0.0,0.0,0.441
0.387,0,0.8,3.158,-1.5707,0.0,0.0,0.0,0.441
0.438,0,0.8,3.158,-1.5707,0.0,0.0,0.0,0.441
0.487,0,0.8,3.158,-1.5707,0.0,0.0,0.0,0.441
0.537,0,0.8,3.158,-1.5707,0.0,0.0,0.0,0.441
0.587,0,0.8,3.158,-1.5707,0.0,0.0,0.0,0.441
0.637,0,0.8,3.158,-1.5707,0.0,0.0,0.0,0.441
0.688,0,0.8,3.158,-1.5707,0.0,0.0,0.0,0.441
0.738,0,0.8,3.158,-1.5707,0.0,0.0,0.0,0.441
0.787,0,0.8,3.158,-1.5707,0.0,0.0,0.0,0.441
0.839,0,0.8,3.158,-1.5707,0.0,0.0,0.0,0.441
0.889,0,0.8,3.158,-1.5707,0.0,0.0,0.0,0.441
0.937,0,0.8,3.158,-1.5707,0.0,0.0,0.0,0.441
0.987,0,0.8,3.158,-1.5707,0.0,0.0,0.0,0.441
1.037,0,0.8,3.158,-1.5707,0.0,0.0,0.0,0.441
1.087,0,0.8,3.158,-1.5707,0.0,0.0,0.0,0.441
1.137,0,0.8,3.158,-1.5707,0.0,0.0,0.0,0.441
1.187,0,0.8,3.158,-1.5707,0.0,0.0,0.0,0.441
1.238,0,0.8,3.158,-1.5707,0.0,0.0,0.0,0.441
1.286,0,0.8,3.158,-1.5707,0.0,0.0,0.0,0.441
1.337,0,0.8,3.158,-1.5707,0.0,0.0,0.0,0.441
1.387,0,0.8,3.158,-1.5707,0.0,0.0,0.0,0.441
1.437,0,0.8,3.158,-1.5707,0.0,0.0,0.0,0.441
1.487,0,0.8,3.158,-1.5707,0.0,0.0,0.0,0.441
1.537,0,0.8,3.158,-1.5707,0.0,0.0,0.0,0.441
1.587,0,0.8,3.158,-1.5707,0.0,0.0,0.0,0.441
1.637,0,0.8,3.158,-1.5707,0.0,0.0,0.0,0.441
1.687,0,0.8,3.158,-1.5707,0.0,0.0,0.0,0.441
1.739,0,0.8,3.158,-1.5707,0.0,0.0,0.0,0.441
1.788,0,0.8,3.158,-1.5707,0.0,0.0,0.0,0.441
1.838,0,0.8,3.158,-1.5707,0.0,0.0,0.0,0.441
1.888,0,0.8,3.158,-1.5707,0.0,0.0,0.0,0.441
1.936,0,0.8,3.158,-1.5707,0.0,0.0,0.0,0.441
1.987,0,0.8,3.158,-1.5707,0.0,0.0,0.0,0.441
2.037,0,0.8,3.158,-1.5707,0.0,0.0,0.0,0.441
2.087,0,0.8,3.158,-1.5707,0.0,0.0,0.0,0.441
2.137,0,0.8,3.158,-1.5707,0.0,0.0,0.0,0.441
2.188,0,0.8,3.158,-1.5707,0.0,0.0,0.0,0.441
2.237,0,0.8,3.158,-1.5707,0.0,0.0,0.0,0.441
2.289,0,0.8,3.158,-1.5707,0.0,0.0,0.0,0.441
2.336,0,0.8,3.158,-1.5707,0.0,0.0,0.0,0.441
2.386,0,0.8,3.158,-1.5707,0.0,0.0,0.0,0.441
2.438,0,0.8,3.158,-1.5707,0.0,0.0,0.0,0.441
2.487,0,0.8,3.158,-1.5707,0.0,0.0,0.0,0.441
2.539,0,0.8,3.158,-1.5707,0.0,0.0,0.0,0.441
2.588,0,0.8,3.158,-1.5707,0.0,0.0,0.0,0.441
2.639,0,0.8,3.158,-1.5707,0.0,0.0,0.0,0.441
2.689,0,0.8,3.158,-1.5707,0.0,0.0,0.0,0.441
2.736,0,0.8,3.158,-1.5707,0.0,0.0,0.0,0.441
2.787,0,0.8,3.158,-1.5707,0.0,0.0,0.0,0.441
2.839,0,0.8,3.158,-1.5707,0.0,0.0,0.0,0.441
2.887,0,0.8,3.158,-1.5707,0.0,0.0,0.0,0.441
2.938,0,0.8,3.158,-1.5707,0.0,0.0,0.0,0.441
2.988,0,0.8,3.158,-1.5707,0.0,0.0,0.0,0.441
3.037,0,0.8,3.158,-1.5707,0.0,0.0,0.0,0.441
3.088,0,0.8,3.158,-1.5707,0.0,0.0,0.0,0.441
3.136,0,0.8,3.158,-1.5707,0.0,0.0,0.0,0.441
3.187,0,0.8,3.158,-1.5707,0.0,0.0,0.0,0.441
3.238,0,0.8,3.158,-1.5707,0.0,0.0,0.0,0.441
3.287,0,0.8,3.158,-1.5707,0.0,0.0,0.0,0.441
3.336,0,0.8,3.158,-1.5707,0.0,0.0,0.0,0.441
3.388,0,0.8,3.158,-1.5707,0.0,0.0,0.0,0.441
3.437,0,0.8,3.158,-1.5707,0.0,0.0,0.0,0.441
3.487,0,0.8,3.158,-1.5707,0.0,0.0,0.0,0.441
3.538,0,0.8,3.158,-1.5707,0.0,0.0,0.0,0.441
3.587,0,0.8,3.158,-1.5707,0.0,0.0,0.0,0.441
3.637,0,0.8,3.158,-1.5707,0.0,0.0,0.0,0.441
3.688,0,0.8,3.158,-1.5707,0.0,0.0,0.0,0.441
3.739,0,0.8,3.158,-1.5707,0.0,0.0,0.0,0.441
3.787,0,0.8,3.158,-1.5707,0.0,0.0,0.0,0.441
3.836,0,0.8,3.158,-1.5707,0.0,0.0,0.0,0.441
3.888,0,0.8,3.158,-1.5707,0.0,0.0,0.0,0.441
3.938,0,0.8,3.158,-1.5707,0.0,0.0,0.0,0.441
3.988,0,0.8,3.158,-1.5707,0.0,0.0,0.0,0.441
4.037,0,0.8,3.158,-1.5707,0.0,0.0,0.0,0.441
4.088,0,0.8,3.158,-1.5707,0.0,0.0,0.0,0.441
4.137,0,0.8,3.158,-1.5707,0.0,0.0,0.0,0.441
4.188,0,0.8,3.158,-1.5707,0.0,0.0,0.0,0.441
4.236,0,0.8,3.158,-1.5707,0.0,0.0,0.0,0.441
4.287,0,0.8,3.158,-1.5707,0.0,0.0,0.0,0.441
4.337,0,0.8,3.158,-1.5707,0.0,0.0,0.0,0.441
4.387,0,0.8,3.158,-1.5707,0.0,0.0,0.0,0.441
4.439,0,0.8,3.158,-1.5707,0.0,0.0,0.0,0.441
4.487,0,0.8,3.158,-1.5707,0.0,0.0,0.0,0.441
4.537,0,0.8,3.158,-1.5707,0.0,0.0,0.0,0.441
4.587,0,0.8,3.158,-1.5707,0.0,0.0,0.0,0.441
4.636,0,0.8,3.158,-1.5707,0.0,0.0,0.0,0.441
4.688,0,0.8,3.158,-1.5707,0.0,0.0,0.0,0.441
4.737,0,0.8,3.158,-1.5707,0.0,0.0,0.0,0.441
4.788,0,0.8,3.158,-1.5707,0.0,0.0,0.0,0.441
4.836,0,0.8,3.158,-1.5707,0.0,0.0,0.0,0.441
4.888,0,0.8,3.158,-1.5707,0.0,0.0,0.0,0.441
4.937,0,0.8,3.158,-1.5707,0.0,0.0,0.0,0.441
4.987,0,0.8,3.158,-1.5707,0.0,0.0,0.0,0.441
5.037,0,0.8,3.158,-1.5707,0.0,0.0,0.0,0.441
5.086,0,0.8,3.158,-1.5707,0.0,0.0,0.0,0.441
5.138,0,0.8,3.158,-1.5707,0.0,0.0,0.0,0.441
5.188,0,0.8,3.158,-1.5707,0.0,0.0,0.0,0.441
5.237,0,0.8,3.158,-1.5707,0.0,0.0,0.0,0.441
5.289,0,0.8,3.158,-1.5707,0.0,0.0,0.0,0.441
5.337,0,0.8,3.158,-1.5707,0.0,0.0,0.0,0.441
5.387,0,0.8,3.158,-1.5707,0.0,2.346,-0.0448,0.441
5.438,0,0.801,3.155,-1.571,0.095,2.346,-0.0453,0.441
5.487,1,0.8,3.138,-1.5724,0.35,2.346,-0.046,0.442
5.538,1,0.8,3.112,-1.5751,0.571,2.346,-0.0485,0.442
5.587,1,0.8,3.057,-1.5822,0.923,2.382,-0.041,0.443
5.636,1,0.799,3.0,-1.5893,1.173,2.382,-0.0382,0.443
5.687,1,0.797,2.934,-1.597,1.425,2.417,-0.0352,0.442
5.737,1,0.795,2.853,-1.6053,1.668,2.452,-0.0327,0.441
5.787,1,0.791,2.761,-1.6137,1.908,2.452,-0.0245,0.442
5.836,1,0.787,2.687,-1.6204,2.108,2.52,-0.0125,0.445
5.888,1,0.778,2.538,-1.6317,2.466,2.554,-0.0061,0.465
5.937,1,0.771,2.418,-1.6355,2.559,2.587,0.0,0.477
5.987,1,0.763,2.304,-1.6373,2.607,2.619,0.0043,0.49
6.037,1,0.754,2.162,-1.6373,2.65,2.651,0.0086,0.501
6.087,1,0.745,2.025,-1.635,2.69,2.683,0.0146,0.493
6.138,1,0.737,1.903,-1.6312,2.718,2.745,0.0129,0.487
6.186,1,0.729,1.757,-1.6239,2.76,2.806,0.013,0.482
6.237,1,0.723,1.617,-1.6187,2.812,2.836,0.0086,0.477
6.287,1,0.717,1.492,-1.6158,2.844,2.866,0.0086,0.474
6.337,1,0.71,1.336,-1.6118,2.886,2.895,0.0102,0.468
6.387,1,0.706,1.222,-1.6083,2.921,2.953,0.0043,0.466
6.437,1,0.7,1.042,-1.6031,2.957,3.01,0.005,0.461
6.487,1,0.695,0.877,-1.6002,3.004,3.038,0.0,0.457
6.538,1,0.691,0.741,-1.5985,3.042,3.066,0.0,0.453
6.587,1,0.687,0.596,-1.5985,3.077,3.12,0.0,0.451
6.638,1,0.683,0.431,-1.5985,3.125,3.174,0.0045,0.445
6.687,1,0.678,0.266,-1.5985,3.172,3.227,0.005,0.44
6.737,1,0.673,0.086,-1.5965,3.225,3.253,0.0044,0.439
6.786,1,0.67,-0.054,-1.5945,3.264,3.279,0.0,0.434
6.836,1,0.665,-0.262,-1.5925,3.309,3.33,0.0,0.434
6.887,1,0.662,-0.416,-1.5925,3.356,3.381,-0.0,0.434
6.937,1,0.658,-0.593,-1.5925,3.4,3.43,-0.0,0.434
6.987,1,0.655,-0.757,-1.5925,3.437,3.455,-0.0,0.443
7.038,1,0.651,-0.92,-1.5925,3.477,3.503,-0.0,0.457
7.087,1,0.647,-1.093,-1.5925,3.526,3.551,-0.0,0.498
7.138,1,0.644,-1.267,-1.5925,3.559,3.599,-0.0056,0.504
7.186,1,0.639,-1.447,-1.5945,3.603,3.622,-0.0057,0.509
7.237,1,0.635,-1.621,-1.5977,3.642,3.691,-0.005,0.511
7.286,1,0.63,-1.798,-1.6006,3.688,3.714,-0.0,0.514
7.337,1,0.623,-2.025,-1.6029,3.732,3.693,-0.0,0.517
7.387,1,0.617,-2.208,-1.6029,3.759,3.622,-0.0057,0.521
7.437,1,0.611,-2.392,-1.6049,3.736,3.55,-0.0043,0.525
7.487,1,0.606,-2.532,-1.6066,3.699,3.476,-0.0043,0.527
7.536,1,0.599,-2.714,-1.6092,3.648,3.401,-0.0043,0.54
7.587,1,0.592,-2.886,-1.6113,3.582,3.363,-0.0043,0.558
7.638,1,0.584,-3.073,-1.6139,3.499,3.286,-0.0043,0.585
7.687,1,0.576,-3.249,-1.6162,3.445,3.247,-0.0087,0.603
7.737,1,0.568,-3.415,-1.6192,3.378,3.126,-0.0099,0.621
7.787,1,0.557,-3.63,-1.625,3.297,3.085,-0.0043,0.633
7.837,1,0.548,-3.784,-1.6288,3.205,3.001,-0.0043,0.676
7.887,1,0.539,-3.932,-1.6305,3.144,2.958,-0.0043,0.704
7.937,1,0.53,-4.08,-1.6326,3.063,2.87,-0.0086,0.716
7.987,1,0.519,-4.248,-1.6364,3.005,2.779,-0.0184,0.717
8.038,1,0.511,-4.362,-1.6417,2.931,2.732,-0.0143,0.709
8.087,1,0.501,-4.498,-1.6476,2.87,2.636,-0.0172,0.701
8.138,1,0.489,-4.641,-1.6529,2.802,2.587,-0.026,0.695
8.186,1,0.476,-4.793,-1.6615,2.718,2.539,-0.0307,0.692
8.236,1,0.465,-4.903,-1.6689,2.673,2.447,-0.0431,0.693
8.286,1,0.45,-5.048,-1.6842,2.586,2.402,-0.0431,0.698
8.337,1,0.435,-5.166,-1.6993,2.519,2.359,-0.0527,0.699
8.387,1,0.418,-5.286,-1.7154,2.467,2.316,-0.0563,0.7
8.438,1,0.398,-5.411,-1.7348,2.412,2.274,-0.0689,0.713
8.487,1,0.376,-5.53,-1.7554,2.371,2.194,-0.0857,0.728
8.537,1,0.35,-5.655,-1.78,2.32,2.155,-0.0936,0.745
8.587,1,0.325,-5.761,-1.8127,2.259,2.118,-0.0973,0.765
8.637,1,0.297,-5.861,-1.8423,2.205,2.082,-0.0972,0.787
8.686,1,0.259,-5.987,-1.8791,2.148,2.048,-0.1143,0.813
8.737,1,0.225,-6.083,-1.913,2.11,2.015,-0.1212,0.841
8.786,1,0.195,-6.159,-1.9379,2.099,1.955,-0.1638,0.874
8.838,1,0.154,-6.255,-1.9818,2.053,1.928,-0.1579,0.909
8.887,1,0.1,-6.367,-2.0403,2.005,1.903,-0.1573,0.931
8.937,1,0.052,-6.453,-2.0876,1.969,1.88,-0.1739,0.941
8.987,1,0.005,-6.53,-2.1223,1.954,1.859,-0.2107,0.945
9.037,1,-0.044,-6.604,-2.1684,1.928,1.84,-0.2056,0.947
9.086,1,-0.112,-6.695,-2.226,1.898,1.822,-0.2174,0.949
9.137,1,-0.17,-6.763,-2.2801,1.87,1.807,-0.2293,0.959
9.186,1,-0.229,-6.825,-2.3353,1.859,1.807,-0.2043,0.966
9.237,1,-0.29,-6.883,-2.3945,1.847,1.795,-0.2177,0.959
9.287,1,-0.357,-6.94,-2.4496,1.832,1.779,-0.245,0.95
9.337,1,-0.446,-7.005,-2.5249,1.813,1.777,-0.2402,0.942
9.386,1,-0.502,-7.042,-2.5742,1.811,1.777,-0.2401,0.935
9.437,1,-0.597,-7.095,-2.6451,1.806,1.777,-0.2314,0.929
9.487,1,-0.68,-7.134,-2.715,1.808,1.777,-0.2156,0.92
9.538,1,-0.742,-7.159,-2.763,1.81,1.778,-0.2285,0.892
9.587,1,-0.842,-7.193,-2.836,1.807,1.781,-0.2319,0.864
9.636,1,-0.929,-7.216,-2.8983,1.809,1.788,-0.2336,0.833
9.687,1,-1.01,-7.232,-2.9599,1.814,1.797,-0.2278,0.797
9.736,1,-1.095,-7.244,-3.0182,1.822,1.808,-0.2159,0.762
9.786,1,-1.185,-7.25,-3.0825,1.827,1.82,-0.2218,0.731
9.837,1,-1.295,-7.251,3.1333,1.843,1.833,-0.2162,0.704
9.887,1,-1.381,-7.246,3.0742,1.858,1.847,-0.2164,0.68
9.938,1,-1.457,-7.237,3.0238,1.867,1.861,-0.2044,0.658
9.987,1,-1.542,-7.223,2.9686,1.879,1.877,-0.1801,0.644
10.037,1,-1.661,-7.196,2.9021,1.897,1.894,-0.1804,0.61
10.087,1,-1.748,-7.171,2.8569,1.912,1.913,-0.1937,0.593
10.137,1,-1.833,-7.142,2.8041,1.928,1.934,-0.1859,0.579
10.187,1,-1.923,-7.106,2.7534,1.946,1.954,-0.1811,0.567
10.238,1,-2.005,-7.069,2.7076,1.965,1.975,-0.1752,0.558
10.287,1,-2.112,-7.013,2.641,1.989,1.975,-0.1716,0.553
10.337,1,-2.197,-6.962,2.5905,2.007,1.953,-0.1863,0.546
10.387,1,-2.277,-6.908,2.5496,2.011,1.93,-0.1822,0.538
10.437,1,-2.354,-6.852,2.4939,1.984,1.907,-0.1819,0.532
10.486,1,-2.425,-6.793,2.4446,1.965,1.882,-0.1817,0.529
10.537,1,-2.51,-6.716,2.3878,1.936,1.858,-0.2106,0.53
10.587,1,-2.574,-6.651,2.3418,1.922,1.834,-0.2055,0.531
10.638,1,-2.623,-6.596,2.2963,1.898,1.812,-0.2179,0.523
10.687,1,-2.693,-6.508,2.229,1.871,1.792,-0.2169,0.52
10.737,1,-2.748,-6.432,2.1703,1.838,1.774,-0.2164,0.504
10.787,1,-2.786,-6.37,2.1357,1.828,1.774,-0.2039,0.488
10.838,1,-2.834,-6.283,2.0611,1.81,1.76,-0.2295,0.479
10.886,1,-2.878,-6.192,1.9978,1.788,1.75,-0.2404,0.476
10.937,1,-2.908,-6.113,1.9378,1.777,1.746,-0.2273,0.476
10.987,1,-2.935,-6.029,1.8765,1.775,1.746,-0.2272,0.482
11.037,1,-2.955,-5.95,1.8117,1.772,1.746,-0.2331,0.473
11.087,1,-2.971,-5.869,1.7515,1.773,1.747,-0.215,0.459
11.136,1,-2.982,-5.785,1.6932,1.776,1.752,-0.2029,0.449
11.186,1,-2.99,-5.681,1.6279,1.78,1.759,-0.2158,0.445
11.238,1,-2.991,-5.615,1.5847,1.786,1.77,-0.1787,0.438
11.287,1,-2.987,-5.508,1.5142,1.795,1.784,-0.1797,0.438
11.338,1,-2.98,-5.431,1.4792,1.806,1.802,-0.1838,0.438
11.387,1,-2.967,-5.338,1.4257,1.821,1.823,-0.167,0.43
11.437,1,-2.947,-5.23,1.3724,1.846,1.848,-0.1673,0.426
11.487,1,-2.925,-5.141,1.3311,1.86,1.874,-0.159,0.422
11.538,1,-2.902,-5.058,1.2887,1.88,1.903,-0.1564,0.423
11.587,1,-2.872,-4.966,1.2431,1.911,1.934,-0.146,0.429
11.637,1,-2.838,-4.876,1.2059,1.938,1.966,-0.1448,0.448
11.687,1,-2.802,-4.791,1.1666,1.968,1.966,-0.1195,0.467
11.737,1,-2.766,-4.713,1.1351,1.995,2.032,-0.1121,0.484
11.788,1,-2.717,-4.615,1.0943,2.018,2.067,-0.0953,0.506
11.837,1,-2.667,-4.524,1.0622,2.073,2.102,-0.0793,0.514
11.886,1,-2.615,-4.436,1.0354,2.101,2.136,-0.0709,0.52
11.937,1,-2.556,-4.34,1.0106,2.147,2.172,-0.0634,0.528
11.987,1,-2.486,-4.232,0.9856,2.188,2.21,-0.0466,0.531
12.036,1,-2.427,-4.146,0.9708,2.22,2.248,-0.0384,0.533
12.086,1,-2.368,-4.062,0.9585,2.245,2.285,-0.0265,0.536
12.137,1,-2.298,-3.965,0.9493,2.3,2.322,-0.0174,0.541
12.187,1,-2.235,-3.878,0.9403,2.327,2.358,-0.0053,0.547
12.237,1,-2.168,-3.787,0.936,2.358,2.394,0.0043,0.554
12.288,1,-2.1,-3.695,0.9372,2.41,2.463,0.0257,0.562
12.336,1,-2.014,-3.576,0.9426,2.459,2.498,0.0386,0.57
12.387,1,-1.944,-3.479,0.9522,2.491,2.531,0.0533,0.577
12.437,1,-1.883,-3.391,0.9678,2.537,2.565,0.0603,0.584
12.486,1,-1.806,-3.274,0.9923,2.573,2.62,0.0868,0.589
12.537,1,-1.749,-3.184,1.0127,2.601,2.597,0.0862,0.58
12.587,1,-1.674,-3.057,1.052,2.642,2.566,0.1083,0.534
12.636,1,-1.602,-2.922,1.0909,2.623,2.558,0.1164,0.493
12.687,1,-1.547,-2.807,1.1279,2.605,2.555,0.1078,0.462
12.737,1,-1.498,-2.693,1.1658,2.595,2.555,0.1034,0.456
12.787,1,-1.453,-2.58,1.2103,2.587,2.555,0.1228,0.457
12.837,1,-1.413,-2.462,1.2505,2.584,2.556,0.1034,0.419
12.888,1,-1.375,-2.334,1.2917,2.586,2.559,0.1034,0.378
12.937,1,-1.344,-2.213,1.3326,2.586,2.566,0.1121,0.35
12.987,1,-1.315,-2.074,1.3768,2.59,2.571,0.1121,0.335
13.037,1,-1.299,-1.974,1.4057,2.593,2.577,0.1078,0.325
13.087,1,-1.279,-1.815,1.4614,2.599,2.583,0.0948,0.32
13.136,1,-1.27,-1.69,1.5013,2.608,2.598,0.1034,0.319
13.187,1,-1.265,-1.565,1.5396,2.616,2.607,0.0991,0.318
13.237,1,-1.264,-1.439,1.5767,2.627,2.625,0.1039,0.315
13.286,1,-1.268,-1.315,1.6114,2.637,2.635,0.0995,0.316
13.338,1,-1.277,-1.188,1.6499,2.651,2.645,0.0862,0.331
13.388,1,-1.291,-1.059,1.6868,2.661,2.666,0.0905,0.343
13.437,1,-1.31,-0.924,1.722,2.674,2.676,0.0905,0.35
13.487,1,-1.343,-0.752,1.7662,2.692,2.687,0.0697,0.351
13.536,1,-1.371,-0.626,1.7947,2.71,2.714,0.0698,0.351
13.587,1,-1.402,-0.501,1.8186,2.725,2.732,0.0603,0.377
13.638,1,-1.432,-0.391,1.8395,2.741,2.751,0.0517,0.394
13.688,1,-1.475,-0.248,1.8671,2.764,2.796,0.0487,0.408
13.737,1,-1.513,-0.129,1.8841,2.784,2.821,0.04,0.419
13.787,1,-1.562,0.015,1.9069,2.82,2.849,0.0259,0.427
13.838,1,-1.612,0.151,1.9218,2.853,2.907,0.0143,0.432
13.887,1,-1.665,0.295,1.9306,2.895,2.936,0.0105,0.432
13.937,1,-1.714,0.421,1.9365,2.934,2.993,0.0,0.426
13.986,1,-1.772,0.573,1.9393,2.976,3.021,-0.0,0.42
14.037,1,-1.81,0.671,1.9393,3.004,3.077,-0.0091,0.418
14.087,1,-1.876,0.842,1.9389,3.052,3.104,-0.0086,0.413
14.137,1,-1.93,0.983,1.9347,3.096,3.158,-0.018,0.414
14.187,1,-1.985,1.129,1.9294,3.134,3.139,-0.0226,0.414
14.237,1,-2.041,1.28,1.9205,3.165,3.106,-0.0172,0.416
14.287,1,-2.106,1.462,1.9091,3.146,3.04,-0.0216,0.426
14.337,1,-2.152,1.597,1.9008,3.123,3.007,-0.0216,0.425
14.386,1,-2.204,1.752,1.8896,3.066,2.939,-0.0269,0.425
14.437,1,-2.238,1.859,1.8807,3.031,2.905,-0.0216,0.437
14.487,1,-2.284,2.005,1.8695,2.976,2.835,-0.0261,0.455
14.538,1,-2.328,2.154,1.8568,2.931,2.799,-0.0232,0.471
14.586,1,-2.367,2.291,1.8469,2.883,2.725,-0.0274,0.49
14.637,1,-2.399,2.406,1.8389,2.841,2.687,-0.0259,0.498
14.687,1,-2.447,2.589,1.8245,2.773,2.609,-0.0404,0.514
14.736,1,-2.478,2.713,1.8134,2.713,2.568,-0.0431,0.534
14.787,1,-2.501,2.812,1.8027,2.671,2.526,-0.0431,0.545
14.838,1,-2.534,2.958,1.7816,2.605,2.444,-0.0618,0.559
14.886,1,-2.562,3.098,1.7632,2.549,2.404,-0.0647,0.575
14.937,1,-2.584,3.224,1.7389,2.48,2.365,-0.0646,0.583
14.987,1,-2.601,3.339,1.7164,2.423,2.327,-0.0686,0.587
15.037,1,-2.613,3.431,1.6933,2.378,2.254,-0.0854,0.587
15.087,1,-2.625,3.545,1.6699,2.339,2.22,-0.095,0.591
15.137,1,-2.634,3.665,1.6421,2.294,2.186,-0.1019,0.599
15.186,1,-2.639,3.78,1.6063,2.252,2.155,-0.1102,0.61
15.237,1,-2.64,3.875,1.5802,2.215,2.125,-0.1221,0.614
15.286,1,-2.638,3.995,1.54,2.182,2.097,-0.1218,0.625
15.337,1,-2.629,4.123,1.4885,2.136,2.071,-0.1387,0.629
15.387,1,-2.619,4.207,1.4564,2.105,2.049,-0.15,0.64
15.437,1,-2.599,4.335,1.3966,2.079,2.013,-0.1739,0.66
15.487,1,-2.58,4.425,1.3587,2.062,2.001,-0.188,0.678
15.537,1,-2.555,4.522,1.302,2.027,1.993,-0.1862,0.692
15.586,1,-2.527,4.61,1.2539,2.019,1.989,-0.1854,0.709
15.637,1,-2.486,4.72,1.1899,2.006,1.989,-0.1821,0.733
15.686,1,-2.451,4.799,1.1427,2.006,1.989,-0.1821,0.753
15.737,1,-2.407,4.885,1.0913,2.004,1.99,-0.1985,0.769
15.787,1,-2.351,4.981,1.0275,1.998,1.991,-0.2067,0.78
15.836,1,-2.299,5.059,0.9717,2.003,1.994,-0.1944,0.786
15.888,1,-2.246,5.131,0.9184,2.003,1.996,-0.2086,0.794
15.937,1,-2.171,5.219,0.8482,2.003,2.0,-0.2068,0.808
15.986,1,-2.093,5.3,0.7796,2.007,2.003,-0.2129,0.818
16.036,1,-2.027,5.36,0.7301,2.008,2.003,-0.2228,0.821
16.086,1,-1.942,5.427,0.6595,2.008,1.999,-0.2193,0.822
16.137,1,-1.865,5.481,0.5924,2.008,1.995,-0.2122,0.824
16.188,1,-1.787,5.529,0.5409,2.005,1.992,-0.2125,0.829
16.237,1,-1.704,5.572,0.4717,2.003,1.989,-0.1944,0.838
16.287,1,-1.611,5.614,0.4075,1.998,1.986,-0.2125,0.833
16.337,1,-1.53,5.646,0.3655,2.001,1.984,-0.2068,0.822
16.386,1,-1.421,5.679,0.2845,1.999,1.982,-0.2191,0.812
16.438,1,-1.327,5.702,0.2221,1.991,1.982,-0.2217,0.805
16.487,1,-1.218,5.721,0.1502,1.988,1.982,-0.195,0.801
16.537,1,-1.127,5.731,0.0931,1.994,1.981,-0.1967,0.798
16.586,1,-1.012,5.736,0.0257,1.994,1.983,-0.2075,0.798
16.637,1,-0.917,5.734,-0.0316,1.993,1.988,-0.1942,0.796
16.687,1,-0.827,5.728,-0.0762,1.998,1.988,-0.1863,0.791
16.737,1,-0.717,5.714,-0.1441,2.002,2.006,-0.1998,0.781
16.787,1,-0.626,5.697,-0.1874,2.008,2.018,-0.2087,0.769
16.836,1,-0.517,5.67,-0.2581,2.02,2.021,-0.1959,0.759
16.887,1,-0.43,5.644,-0.3021,2.029,2.007,-0.2,0.752
16.937,1,-0.356,5.617,-0.3471,2.028,1.991,-0.1824,0.739
16.987,1,-0.237,5.567,-0.4262,2.016,1.974,-0.1824,0.727
17.037,1,-0.157,5.526,-0.4678,2.008,1.956,-0.1945,0.718
17.087,1,-0.062,5.472,-0.5248,1.996,1.937,-0.1944,0.711
17.137,1,0.011,5.426,-0.5712,1.975,1.918,-0.21,0.709
17.187,1,0.1,5.362,-0.6418,1.941,1.9,-0.1935,0.708
17.236,1,0.166,5.309,-0.6894,1.937,1.884,-0.2062,0.71
17.286,1,0.246,5.236,-0.7553,1.905,1.869,-0.2218,0.716
17.337,1,0.303,5.178,-0.7961,1.902,1.856,-0.2301,0.682
17.387,1,0.363,5.111,-0.8572,1.882,1.847,-0.219,0.651
17.438,1,0.414,5.047,-0.9117,1.866,1.844,-0.2044,0.628
17.487,1,0.482,4.948,-0.9809,1.861,1.842,-0.2044,0.609
17.536,1,0.526,4.875,-1.0343,1.856,1.842,-0.2043,0.585
17.587,1,0.567,4.798,-1.0924,1.857,1.842,-0.192,0.563
17.638,1,0.603,4.721,-1.1426,1.857,1.846,-0.1858,0.544
17.686,1,0.636,4.643,-1.1888,1.859,1.855,-0.1805,0.529
17.738,1,0.667,4.557,-1.2353,1.863,1.868,-0.1735,0.518
17.787,1,0.701,4.442,-1.295,1.873,1.868,-0.1472,0.506
17.836,1,0.721,4.36,-1.3331,1.887,1.886,-0.1188,0.486
17.887,1,0.742,4.258,-1.3747,1.905,1.909,-0.119,0.465
17.938,1,0.757,4.171,-1.4051,1.926,1.936,-0.1154,0.452
17.987,1,0.77,4.069,-1.4418,1.943,1.967,-0.1069,0.441
18.037,1,0.78,3.979,-1.471,1.978,2.001,-0.0867,0.434
18.086,1,0.788,3.866,-1.5022,2.015,2.038,-0.0807,0.429
18.137,1,0.792,3.77,-1.5256,2.05,2.078,-0.0639,0.428
18.188,1,0.795,3.675,-1.547,2.073,2.119,-0.0499,0.428
18.238,1,0.796,3.582,-1.5646,2.122,2.197,-0.0376,0.431
18.286,1,0.795,3.475,-1.5787,2.148,2.197,-0.0335,0.433
18.337,1,0.793,3.364,-1.593,2.202,2.273,-0.021,0.428
18.387,1,0.79,3.254,-1.6018,2.24,2.273,-0.0169,0.423
18.436,2,0.784,3.111,-1.6107,2.284,2.346,-0.0085,0.421
18.487,2,0.78,3.004,-1.6136,2.319,2.382,-0.0042,0.42
18.538,2,0.775,2.912,-1.615,2.359,2.417,-0.0049,0.42
18.587,2,0.77,2.79,-1.6168,2.4,2.452,-0.0,0.42
18.637,2,0.764,2.669,-1.6179,2.438,2.486,-0.0,0.43
18.686,2,0.758,2.545,-1.6179,2.48,2.554,0.0,0.444
18.737,2,0.752,2.42,-1.6179,2.52,2.587,0.0,0.459
18.787,2,0.746,2.287,-1.6179,2.57,2.651,0.0061,0.473
18.837,2,0.74,2.159,-1.617,2.618,2.683,0.0043,0.488
18.887,2,0.735,2.032,-1.6147,2.657,2.714,0.0063,0.49
18.938,2,0.729,1.893,-1.6124,2.694,2.745,0.006,0.485
18.988,2,0.723,1.754,-1.6106,2.739,2.776,0.0064,0.48
19.038,2,0.718,1.613,-1.6083,2.77,2.836,0.006,0.476
19.087,2,0.713,1.484,-1.606,2.805,2.895,0.0054,0.472
19.137,2,0.708,1.334,-1.6034,2.851,2.924,0.0051,0.468
19.187,2,0.703,1.157,-1.6008,2.903,2.953,0.0,0.465
19.236,2,0.699,1.022,-1.6003,2.945,3.01,0.0,0.461
19.286,2,0.695,0.885,-1.6003,2.982,3.066,0.0044,0.456
19.338,2,0.69,0.743,-1.5997,3.027,3.093,0.0047,0.452
19.388,2,0.686,0.6,-1.598,3.064,3.12,0.0,0.449
19.436,2,0.681,0.392,-1.5963,3.111,3.174,0.0,0.447
19.487,2,0.677,0.248,-1.5963,3.137,3.201,0.0,0.441
19.538,2,0.674,0.102,-1.5963,3.186,3.253,0.0,0.437
19.587,2,0.67,-0.027,-1.5963,3.213,3.305,0.0,0.435
19.637,2,0.665,-0.239,-1.5963,3.272,3.33,0.0,0.432
19.687,2,0.661,-0.388,-1.5962,3.317,3.381,0.0,0.432
19.737,2,0.658,-0.538,-1.5963,3.355,3.43,0.0,0.432
19.788,2,0.654,-0.694,-1.5963,3.392,3.455,0.0,0.438
19.837,2,0.648,-0.923,-1.5963,3.436,3.503,0.0,0.451
19.887,2,0.644,-1.079,-1.5963,3.469,3.551,0.0,0.486
19.937,2,0.64,-1.244,-1.5963,3.513,3.575,0.0,0.499
19.987,2,0.635,-1.407,-1.5963,3.546,3.645,-0.0,0.505
20.036,2,0.631,-1.571,-1.5963,3.586,3.668,-0.0,0.51
20.086,2,0.627,-1.745,-1.5962,3.628,3.714,-0.0,0.513
20.136,2,0.621,-1.972,-1.5962,3.678,3.693,-0.0063,0.521
20.186,2,0.617,-2.143,-1.5983,3.714,3.622,-0.0043,0.523
20.238,2,0.612,-2.31,-1.6011,3.697,3.55,-0.0043,0.526
20.288,2,0.606,-2.486,-1.6032,3.664,3.513,-0.0043,0.529
20.338,2,0.6,-2.674,-1.6058,3.608,3.439,-0.0043,0.545
20.387,2,0.593,-2.852,-1.6081,3.537,3.363,-0.0098,0.562
20.438,2,0.586,-3.022,-1.611,3.475,3.286,-0.0106,0.579
20.486,2,0.579,-3.193,-1.6165,3.397,3.247,-0.0043,0.597
20.537,2,0.568,-3.413,-1.6215,3.321,3.167,-0.0043,0.606
20.587,2,0.56,-3.563,-1.6235,3.264,3.085,-0.0043,0.638
20.637,2,0.552,-3.704,-1.6253,3.198,3.001,-0.0089,0.665
20.688,2,0.545,-3.841,-1.6273,3.118,2.958,-0.0102,0.693
20.737,2,0.536,-3.989,-1.6302,3.058,2.914,-0.0107,0.706
20.787,2,0.524,-4.181,-1.6361,2.997,2.825,-0.0137,0.717
20.837,2,0.515,-4.316,-1.6396,2.933,2.779,-0.0086,0.712
20.886,2,0.505,-4.447,-1.6446,2.861,2.684,-0.0173,0.704
20.937,2,0.495,-4.574,-1.6487,2.801,2.636,-0.0223,0.697
20.987,2,0.48,-4.751,-1.6567,2.725,2.539,-0.0302,0.692
21.038,2,0.471,-4.849,-1.6656,2.653,2.493,-0.0358,0.693
21.087,2,0.458,-4.973,-1.6761,2.592,2.447,-0.0388,0.696
21.137,2,0.444,-5.1,-1.6902,2.53,2.359,-0.0582,0.698
21.186,2,0.422,-5.264,-1.7096,2.449,2.316,-0.0621,0.698
21.236,2,0.406,-5.368,-1.7268,2.398,2.274,-0.0685,0.705
21.287,2,0.384,-5.49,-1.751,2.33,2.233,-0.0724,0.718
21.337,2,0.367,-5.573,-1.773,2.276,2.194,-0.0677,0.734
21.386,2,0.336,-5.712,-1.8033,2.226,2.155,-0.0821,0.743
21.436,2,0.31,-5.81,-1.8281,2.187,2.118,-0.0841,0.774
21.487,2,0.278,-5.92,-1.8589,2.147,2.048,-0.1216,0.797
21.538,2,0.25,-6.008,-1.8845,2.112,2.015,-0.1212,0.823
21.586,2,0.209,-6.123,-1.9241,2.068,1.984,-0.1349,0.838
21.637,2,0.175,-6.207,-1.9575,2.025,1.955,-0.1453,0.884
21.687,2,0.131,-6.304,-1.9997,2.0,1.928,-0.1573,0.92
21.737,2,0.092,-6.383,-2.0343,1.973,1.903,-0.1755,0.934
21.787,2,0.051,-6.458,-2.0804,1.942,1.88,-0.1688,0.943
21.837,2,0.002,-6.538,-2.1248,1.911,1.859,-0.2055,0.948
21.887,2,-0.056,-6.624,-2.1799,1.886,1.84,-0.2224,0.95
21.937,2,-0.11,-6.695,-2.2356,1.862,1.822,-0.2167,0.955
21.986,2,-0.167,-6.762,-2.2914,1.84,1.807,-0.2202,0.963
22.037,2,-0.221,-6.819,-2.3357,1.827,1.795,-0.2323,0.966
22.086,2,-0.308,-6.9,-2.4112,1.811,1.785,-0.2279,0.963
22.138,2,-0.361,-6.943,-2.4588,1.801,1.779,-0.2277,0.949
22.186,2,-0.435,-6.998,-2.5156,1.788,1.779,-0.2281,0.941
22.236,2,-0.529,-7.058,-2.5891,1.78,1.777,-0.254,0.934
22.287,2,-0.6,-7.097,-2.6459,1.777,1.777,-0.2316,0.929
22.337,2,-0.68,-7.135,-2.7136,1.775,1.777,-0.2282,0.922
22.386,2,-0.747,-7.162,-2.7607,1.773,1.778,-0.2271,0.892
22.44,2,-0.817,-7.186,-2.8173,1.776,1.781,-0.2272,0.878
22.486,2,-0.911,-7.213,-2.8668,1.776,1.788,-0.2394,0.834
22.536,2,-1.009,-7.233,-2.9572,1.781,1.797,-0.2273,0.8
22.587,2,-1.097,-7.245,-3.0242,1.788,1.808,-0.2152,0.764
22.636,2,-1.199,-7.252,-3.0923,1.804,1.82,-0.2155,0.734
22.686,2,-1.282,-7.252,-3.1413,1.809,1.833,-0.2326,0.708
22.736,2,-1.381,-7.247,3.0829,1.823,1.847,-0.2332,0.686
22.787,2,-1.465,-7.239,3.0266,1.834,1.861,-0.2161,0.666
22.837,2,-1.548,-7.225,2.9692,1.848,1.877,-0.2044,0.64
22.886,2,-1.633,-7.206,2.9146,1.863,1.894,-0.1799,0.616
22.936,2,-1.742,-7.176,2.8549,1.89,1.913,-0.1937,0.598
22.987,2,-1.83,-7.146,2.8102,1.902,1.913,-0.173,0.583
23.037,2,-1.919,-7.111,2.7555,1.919,1.954,-0.1958,0.572
23.088,2,-1.984,-7.082,2.716,1.933,1.975,-0.1686,0.563
23.137,2,-2.086,-7.03,2.6557,1.965,1.975,-0.1442,0.556
23.187,2,-2.18,-6.975,2.6047,1.981,1.975,-0.1621,0.551
23.236,2,-2.256,-6.926,2.5626,1.985,1.953,-0.1753,0.542
23.287,2,-2.328,-6.875,2.5134,1.968,1.907,-0.1815,0.535
23.337,2,-2.419,-6.802,2.456,1.937,1.907,-0.1732,0.532
23.387,2,-2.485,-6.743,2.411,1.921,1.882,-0.1685,0.532
23.438,2,-2.55,-6.68,2.36,1.898,1.858,-0.1928,0.534
23.486,2,-2.604,-6.622,2.3214,1.879,1.834,-0.2051,0.528
23.536,2,-2.68,-6.532,2.2505,1.847,1.812,-0.2099,0.526
23.587,2,-2.731,-6.463,2.199,1.823,1.792,-0.2038,0.508
23.636,2,-2.767,-6.408,2.1592,1.804,1.774,-0.2181,0.499
23.686,2,-2.826,-6.306,2.0787,1.785,1.76,-0.2458,0.48
23.737,2,-2.862,-6.232,2.0212,1.761,1.75,-0.245,0.477
23.787,2,-2.889,-6.17,1.9764,1.75,1.746,-0.2448,0.478
23.837,2,-2.921,-6.08,1.8926,1.747,1.746,-0.2281,0.482
23.887,2,-2.948,-5.981,1.825,1.745,1.746,-0.2266,0.477
23.937,2,-2.965,-5.899,1.7723,1.752,1.747,-0.2268,0.464
23.987,2,-2.978,-5.813,1.7209,1.752,1.752,-0.2268,0.453
24.036,2,-2.987,-5.731,1.6668,1.75,1.752,-0.2024,0.445
24.086,2,-2.991,-5.634,1.6016,1.756,1.77,-0.2075,0.442
24.137,2,-2.989,-5.551,1.5483,1.767,1.77,-0.1795,0.438
24.188,2,-2.984,-5.47,1.5029,1.778,1.784,-0.1664,0.438
24.237,2,-2.977,-5.397,1.462,1.787,1.802,-0.1665,0.435
24.286,2,-2.963,-5.303,1.4118,1.802,1.823,-0.1695,0.429
24.337,2,-2.946,-5.22,1.3698,1.819,1.848,-0.1697,0.425
24.387,2,-2.925,-5.131,1.3263,1.835,1.874,-0.1428,0.424
24.436,2,-2.896,-5.032,1.2733,1.87,1.903,-0.1309,0.426
24.486,2,-2.87,-4.956,1.2428,1.899,1.934,-0.1438,0.43
24.538,2,-2.825,-4.838,1.1912,1.928,1.966,-0.1315,0.457
24.587,2,-2.788,-4.754,1.152,1.966,1.998,-0.1195,0.475
24.637,2,-2.755,-4.684,1.1207,1.981,2.032,-0.1044,0.493
24.686,2,-2.709,-4.595,1.0887,2.007,2.067,-0.0964,0.508
24.736,2,-2.644,-4.48,1.0513,2.053,2.102,-0.0798,0.511
24.787,2,-2.593,-4.395,1.0255,2.102,2.136,-0.0711,0.521
24.837,2,-2.542,-4.314,1.002,2.14,2.172,-0.0586,0.53
24.887,2,-2.482,-4.224,0.9817,2.152,2.21,-0.0377,0.53
24.938,2,-2.423,-4.138,0.9661,2.191,2.248,-0.0294,0.532
24.987,2,-2.362,-4.053,0.9542,2.241,2.285,-0.0214,0.536
25.037,2,-2.291,-3.953,0.9456,2.264,2.322,-0.0127,0.541
25.086,2,-2.231,-3.872,0.9376,2.294,2.394,0.0058,0.548
25.137,2,-2.151,-3.765,0.9335,2.362,2.429,0.017,0.556
25.188,2,-2.084,-3.674,0.9371,2.408,2.463,0.0304,0.564
25.236,2,-1.997,-3.554,0.9464,2.453,2.498,0.0389,0.572
25.287,2,-1.932,-3.462,0.9597,2.495,2.531,0.0494,0.579
25.337,2,-1.865,-3.364,0.9771,2.529,2.597,0.069,0.585
25.387,2,-1.8,-3.264,0.9978,2.561,2.62,0.0733,0.59
25.437,2,-1.719,-3.134,1.029,2.607,2.597,0.0776,0.572
25.487,2,-1.664,-3.036,1.0553,2.609,2.579,0.0917,0.527
25.537,2,-1.608,-2.933,1.0855,2.606,2.558,0.1093,0.487
25.586,2,-1.535,-2.781,1.1329,2.585,2.555,0.1092,0.469
25.636,2,-1.487,-2.67,1.1701,2.572,2.555,0.108,0.453
25.687,2,-1.444,-2.558,1.2112,2.566,2.555,0.1227,0.454
25.736,2,-1.405,-2.441,1.2544,2.564,2.556,0.1178,0.417
25.786,2,-1.365,-2.304,1.302,2.564,2.559,0.1078,0.374
25.837,2,-1.337,-2.184,1.3418,2.566,2.566,0.1164,0.347
25.887,2,-1.313,-2.066,1.381,2.569,2.571,0.1135,0.334
25.937,2,-1.294,-1.946,1.421,2.574,2.583,0.1078,0.325
25.99,2,-1.282,-1.844,1.4534,2.578,2.59,0.1095,0.322
26.037,2,-1.269,-1.694,1.4909,2.589,2.59,0.0913,0.32
26.087,2,-1.264,-1.552,1.5402,2.597,2.607,0.1007,0.318
26.137,2,-1.264,-1.427,1.5804,2.605,2.625,0.0991,0.316
26.186,2,-1.268,-1.304,1.616,2.62,2.635,0.0967,0.317
26.237,2,-1.278,-1.173,1.6563,2.633,2.645,0.0819,0.332
26.287,2,-1.292,-1.045,1.6937,2.647,2.666,0.0862,0.343
26.337,2,-1.312,-0.916,1.7186,2.654,2.666,0.0819,0.35
26.387,2,-1.338,-0.777,1.7639,2.671,2.7,0.069,0.35
26.437,2,-1.365,-0.651,1.7935,2.687,2.714,0.0603,0.357
26.487,2,-1.398,-0.52,1.8189,2.704,2.732,0.0622,0.377
26.537,2,-1.435,-0.384,1.8455,2.721,2.751,0.0474,0.393
26.586,2,-1.481,-0.232,1.8698,2.75,2.796,0.0431,0.407
26.636,2,-1.524,-0.1,1.8898,2.774,2.821,0.0352,0.417
26.686,2,-1.567,0.022,1.9052,2.812,2.849,0.0267,0.425
26.737,2,-1.613,0.15,1.9191,2.838,2.907,0.019,0.43
26.787,2,-1.661,0.282,1.9284,2.875,2.965,0.0094,0.432
26.836,2,-1.724,0.445,1.9355,2.932,2.993,0.0,0.426
26.886,2,-1.773,0.572,1.9383,2.961,3.021,-0.0,0.42
26.937,2,-1.823,0.704,1.9382,3.009,3.077,-0.006,0.415
26.986,2,-1.876,0.84,1.9381,3.037,3.131,-0.0129,0.413
27.036,2,-1.939,1.006,1.9336,3.092,3.158,-0.0183,0.413
27.087,2,-1.99,1.141,1.9286,3.122,3.171,-0.0172,0.414
27.137,2,-2.043,1.286,1.9199,3.161,3.106,-0.0227,0.415
27.187,2,-2.094,1.429,1.9105,3.156,3.073,-0.0226,0.426
27.237,2,-2.152,1.597,1.8998,3.121,3.007,-0.0216,0.425
27.287,2,-2.199,1.738,1.8898,3.079,2.939,-0.0269,0.424
27.337,2,-2.241,1.87,1.8807,3.024,2.905,-0.026,0.436
27.387,2,-2.284,2.006,1.8679,2.956,2.835,-0.0216,0.453
27.438,2,-2.323,2.138,1.8572,2.915,2.799,-0.0172,0.47
27.488,2,-2.362,2.276,1.8485,2.853,2.725,-0.0259,0.488
27.537,2,-2.402,2.42,1.8399,2.804,2.687,-0.0302,0.504
27.587,2,-2.438,2.553,1.8277,2.756,2.648,-0.0351,0.52
27.638,2,-2.47,2.68,1.8154,2.709,2.568,-0.0446,0.533
27.687,2,-2.506,2.833,1.7975,2.645,2.526,-0.0431,0.544
27.737,2,-2.532,2.952,1.7832,2.603,2.485,-0.0489,0.557
27.787,2,-2.556,3.07,1.7651,2.531,2.404,-0.0652,0.573
27.837,2,-2.578,3.19,1.7448,2.473,2.365,-0.0645,0.582
27.887,2,-2.6,3.334,1.7191,2.413,2.327,-0.0706,0.586
27.936,2,-2.615,3.449,1.693,2.359,2.254,-0.0943,0.587
27.987,2,-2.627,3.557,1.6711,2.32,2.22,-0.0978,0.589
28.037,2,-2.635,3.66,1.6435,2.278,2.186,-0.1017,0.597
28.087,2,-2.64,3.767,1.6106,2.235,2.155,-0.1097,0.608
28.138,2,-2.641,3.868,1.5794,2.196,2.125,-0.1219,0.618
28.188,2,-2.639,3.975,1.5472,2.171,2.097,-0.1217,0.625
28.237,2,-2.633,4.092,1.501,2.126,2.071,-0.1338,0.629
28.286,2,-2.62,4.21,1.4523,2.084,2.049,-0.1519,0.639
28.336,2,-2.609,4.286,1.4149,2.063,2.029,-0.15,0.657
28.386,2,-2.589,4.388,1.3716,2.05,2.013,-0.1454,0.675
28.437,2,-2.562,4.497,1.3159,2.028,1.993,-0.1861,0.689
28.487,2,-2.527,4.614,1.2559,1.999,1.989,-0.1947,0.705
28.536,2,-2.497,4.696,1.2134,1.996,1.989,-0.1695,0.728
28.586,2,-2.459,4.783,1.158,1.992,1.989,-0.2116,0.749
28.637,2,-2.418,4.869,1.1023,1.982,1.99,-0.194,0.767
28.687,2,-2.37,4.953,1.0459,1.987,1.991,-0.2081,0.779
28.737,2,-2.318,5.035,0.9886,1.985,1.994,-0.2112,0.786
28.787,2,-2.26,5.115,0.9303,1.989,1.996,-0.2066,0.793
28.836,2,-2.186,5.205,0.8628,1.99,2.0,-0.2247,0.805
28.887,2,-2.122,5.273,0.8059,1.991,2.003,-0.219,0.817
28.937,2,-2.052,5.338,0.7443,1.996,2.003,-0.2191,0.822
28.987,2,-1.976,5.402,0.683,1.995,1.999,-0.2315,0.822
29.036,2,-1.886,5.467,0.615,1.995,1.995,-0.2316,0.823
29.086,2,-1.804,5.518,0.5525,1.994,1.992,-0.219,0.827
29.137,2,-1.741,5.553,0.5142,1.995,1.989,-0.2319,0.834
29.187,2,-1.625,5.608,0.4208,1.98,1.986,-0.2247,0.839
29.236,2,-1.537,5.642,0.357,1.982,1.984,-0.2064,0.824
29.286,2,-1.447,5.67,0.2947,1.979,1.982,-0.2063,0.812
29.336,2,-1.353,5.693,0.2288,1.981,1.982,-0.194,0.803
29.387,2,-1.264,5.71,0.1727,1.98,1.982,-0.1816,0.798
29.437,2,-1.168,5.723,0.1167,1.984,1.981,-0.1817,0.794
29.487,2,-1.067,5.73,0.0607,1.983,1.982,-0.1976,0.794
29.538,2,-0.973,5.732,0.0087,1.981,1.983,-0.1817,0.795
29.586,2,-0.868,5.728,-0.0466,1.979,1.988,-0.1986,0.789
29.638,2,-0.766,5.718,-0.0924,1.984,1.996,-0.1941,0.783
29.687,2,-0.661,5.7,-0.1734,1.989,2.006,-0.1817,0.769
29.737,2,-0.564,5.678,-0.2341,2.004,2.018,-0.1696,0.758
29.787,2,-0.473,5.653,-0.2853,2.018,2.021,-0.1697,0.75
29.837,2,-0.385,5.623,-0.3337,2.021,2.007,-0.1823,0.747
29.886,2,-0.288,5.585,-0.3725,2.015,1.991,-0.1823,0.728
29.936,2,-0.195,5.542,-0.4418,2.01,1.974,-0.1697,0.718
29.987,2,-0.122,5.505,-0.4765,1.998,1.956,-0.1964,0.712
30.037,2,-0.036,5.454,-0.5393,1.969,1.937,-0.1815,0.707
30.087,2,0.043,5.401,-0.6011,1.943,1.918,-0.1841,0.705
30.137,2,0.108,5.353,-0.6361,1.94,1.9,-0.1983,0.705
30.187,2,0.197,5.278,-0.7116,1.92,1.884,-0.1807,0.71
30.236,2,0.258,5.221,-0.7518,1.905,1.869,-0.219,0.714
30.286,2,0.342,5.13,-0.8426,1.87,1.856,-0.206,0.667
30.337,2,0.4,5.06,-0.8959,1.86,1.847,-0.2068,0.641
30.387,2,0.453,4.987,-0.9518,1.854,1.844,-0.192,0.62
30.437,2,0.499,4.914,-1.0105,1.847,1.842,-0.1919,0.592
30.487,2,0.538,4.847,-1.0424,1.847,1.842,-0.2056,0.57
30.538,2,0.582,4.76,-1.1008,1.847,1.842,-0.1796,0.551
30.587,2,0.622,4.671,-1.1607,1.845,1.846,-0.1796,0.534
30.637,2,0.651,4.596,-1.2092,1.848,1.855,-0.1691,0.521
30.686,2,0.683,4.497,-1.2679,1.854,1.868,-0.143,0.511
30.736,2,0.712,4.389,-1.3166,1.873,1.886,-0.1363,0.505
30.786,2,0.732,4.303,-1.3507,1.892,1.909,-0.1328,0.475
30.837,2,0.749,4.211,-1.3889,1.913,1.936,-0.119,0.458
30.887,2,0.761,4.137,-1.4119,1.92,1.967,-0.1191,0.446
30.936,2,0.775,4.024,-1.4549,1.949,2.001,-0.0997,0.437
30.987,2,0.783,3.921,-1.4889,1.977,2.038,-0.0825,0.43
31.036,2,0.788,3.843,-1.5077,2.003,2.078,-0.0703,0.427
31.087,2,0.792,3.744,-1.5333,2.037,2.119,-0.054,0.426
31.137,2,0.794,3.621,-1.5579,2.088,2.158,-0.0458,0.428
31.188,2,0.794,3.53,-1.5708,2.12,2.197,-0.0376,0.431
31.237,2,0.792,3.405,-1.5878,2.165,2.235,-0.0251,0.429
31.287,2,0.79,3.313,-1.597,2.199,2.273,-0.021,0.424
31.336,2,0.785,3.174,-1.6082,2.24,2.31,-0.0129,0.421
31.386,3,0.782,3.104,-1.6116,2.283,2.346,-0.0042,0.419
31.437,3,0.776,2.962,-1.6145,2.337,2.382,-0.0047,0.418
31.486,3,0.771,2.858,-1.6156,2.358,2.417,-0.0,0.418
31.536,3,0.766,2.741,-1.617,2.398,2.486,0.0,0.418
31.586,3,0.76,2.624,-1.617,2.427,2.52,0.0,0.428
31.637,3,0.754,2.488,-1.617,2.495,2.587,0.0,0.449
31.688,3,0.748,2.359,-1.617,2.535,2.619,0.005,0.464
31.737,3,0.743,2.238,-1.6167,2.586,2.651,0.0043,0.479
31.787,3,0.737,2.108,-1.615,2.619,2.683,0.0043,0.492
31.837,3,0.731,1.968,-1.613,2.656,2.745,0.0043,0.487
31.888,3,0.725,1.836,-1.6112,2.69,2.776,0.0043,0.482
31.936,3,0.72,1.705,-1.6095,2.732,2.806,0.0043,0.478
31.987,3,0.715,1.575,-1.608,2.773,2.866,0.0043,0.475
32.036,3,0.709,1.386,-1.6057,2.836,2.895,0.0043,0.469
32.087,3,0.704,1.248,-1.604,2.882,2.924,0.0043,0.465
32.136,3,0.7,1.109,-1.602,2.917,2.982,0.0063,0.461
32.187,3,0.7,1.109,-1.602,2.917,2.982,0.006,0.461
32.238,3,0.695,0.956,-1.6008,2.928,3.01,0.0057,0.457
32.286,3,0.689,0.73,-1.5994,2.953,3.038,0.0059,0.453
32.337,3,0.686,0.616,-1.5951,2.989,3.12,0.0,0.45
32.404,3,0.684,0.516,-1.5934,3.016,3.12,0.0,0.449
32.44,3,0.681,0.347,-1.5917,3.049,3.147,0.0,0.447
32.486,3,0.676,0.091,-1.5894,3.124,3.253,-0.0,0.445
32.559,3,0.674,-0.032,-1.5894,3.137,3.305,-0.005,0.44
32.586,3,0.671,-0.161,-1.5894,3.183,3.305,-0.005,0.439
32.639,3,0.669,-0.303,-1.5894,3.23,3.355,-0.0064,0.439
32.714,3,0.667,-0.422,-1.5894,3.26,3.405,-0.0043,0.439
32.736,3,0.663,-0.577,-1.5911,3.293,3.43,-0.0059,0.439
32.792,3,0.658,-0.771,-1.5937,3.325,3.479,-0.0,0.449
32.838,3,0.651,-1.038,-1.5986,3.387,3.479,-0.0,0.455
32.893,3,0.647,-1.176,-1.6,3.414,3.551,-0.0,0.504
32.952,3,0.647,-1.176,-1.6,3.414,3.551,-0.0,0.504
32.989,3,0.64,-1.402,-1.6,3.457,3.575,0.0,0.508
33.037,3,0.63,-1.746,-1.6,3.558,3.691,-0.0,0.514
33.089,3,0.627,-1.871,-1.6,3.576,3.728,-0.0,0.517
33.138,3,0.627,-1.871,-1.6,3.576,3.728,-0.0,0.517
33.193,3,0.616,-2.239,-1.6,3.637,3.586,-0.0089,0.523
33.237,3,0.613,-2.353,-1.6,3.693,3.55,-0.0086,0.524
33.295,3,0.604,-2.643,-1.6003,3.729,3.476,-0.0135,0.536
33.341,3,0.6,-2.765,-1.6029,3.699,3.401,-0.0147,0.544
33.391,3,0.595,-2.887,-1.6061,3.652,3.363,-0.0139,0.561
33.442,3,0.582,-3.179,-1.6168,3.519,3.286,-0.0129,0.589
33.49,3,0.577,-3.283,-1.6223,3.476,3.207,-0.0059,0.598
33.546,3,0.57,-3.399,-1.6264,3.431,3.126,-0.0044,0.618
33.588,3,0.558,-3.58,-1.6314,3.4,3.126,-0.0044,0.645
33.637,3,0.546,-3.756,-1.637,3.309,3.001,0.0,0.676
33.687,3,0.526,-4.044,-1.6419,3.169,2.958,0.0047,0.706
33.738,3,0.518,-4.15,-1.644,3.137,2.825,0.0,0.724
33.788,3,0.51,-4.26,-1.644,3.105,2.779,-0.0,0.726
33.863,3,0.503,-4.363,-1.644,3.054,2.732,-0.0092,0.717
33.889,3,0.491,-4.528,-1.6428,3.003,2.636,-0.0216,0.707
33.937,3,0.491,-4.528,-1.6428,3.003,2.636,-0.0216,0.707
33.994,3,0.464,-4.893,-1.6431,2.812,2.539,-0.0393,0.692
34.038,3,0.464,-4.893,-1.6431,2.812,2.447,-0.0665,0.69
34.106,3,0.443,-5.151,-1.6523,2.702,2.402,-0.079,0.692
34.141,3,0.434,-5.247,-1.6603,2.654,2.316,-0.1078,0.692
34.204,3,0.423,-5.343,-1.6761,2.53,2.316,-0.1078,0.692
34.242,3,0.406,-5.461,-1.6957,2.461,2.274,-0.125,0.701
34.288,3,0.387,-5.573,-1.7247,2.393,2.233,-0.1246,0.713
34.338,3,0.367,-5.669,-1.7592,2.349,2.155,-0.1235,0.73
34.389,3,0.318,-5.86,-1.8298,2.27,2.082,-0.1227,0.762
34.443,3,0.294,-5.934,-1.8633,2.236,2.048,-0.1223,0.775
34.504,3,0.265,-6.018,-1.8918,2.197,2.015,-0.137,0.803
34.538,3,0.231,-6.104,-1.9243,2.15,1.984,-0.134,0.836
34.591,3,0.196,-6.186,-1.9583,2.083,1.955,-0.1591,0.871
34.637,3,0.158,-6.268,-1.9906,2.045,1.928,-0.1578,0.89
34.689,3,0.074,-6.423,-2.0702,1.988,1.903,-0.1697,0.945
34.738,3,0.039,-6.481,-2.1045,1.953,1.88,-0.1566,0.948
34.787,3,-0.04,-6.595,-2.1701,1.899,1.859,-0.1953,0.947
34.837,3,-0.04,-6.595,-2.1701,1.899,1.84,-0.2105,0.947
34.888,3,-0.145,-6.725,-2.2503,1.868,1.822,-0.2069,0.952
34.942,3,-0.201,-6.785,-2.2979,1.843,1.822,-0.2069,0.958
34.995,3,-0.249,-6.832,-2.3496,1.824,1.795,-0.2197,0.955
35.048,3,-0.3,-6.877,-2.392,1.819,1.785,-0.2317,0.943
35.106,3,-0.433,-6.979,-2.4893,1.807,1.779,-0.2401,0.929
35.161,3,-0.483,-7.012,-2.5385,1.799,1.777,-0.2295,0.921
35.193,3,-0.552,-7.053,-2.5805,1.776,1.777,-0.2295,0.917
35.241,3,-0.626,-7.091,-2.6359,1.764,1.777,-0.245,0.911
35.287,3,-0.75,-7.143,-2.7447,1.758,1.778,-0.239,0.882
35.337,3,-0.803,-7.161,-2.7921,1.755,1.778,-0.2274,0.851
35.386,3,-0.911,-7.19,-2.8697,1.758,1.788,-0.2411,0.837
35.437,3,-0.971,-7.203,-2.9136,1.761,1.788,-0.2147,0.788
35.486,3,-1.085,-7.219,-2.9934,1.763,1.797,-0.2026,0.77
35.537,3,-1.156,-7.225,-3.0375,1.771,1.808,-0.2148,0.719
35.587,3,-1.225,-7.228,-3.0827,1.777,1.82,-0.2315,0.693
35.645,3,-1.357,-7.224,3.1151,1.787,1.833,-0.2176,0.67
35.687,3,-1.403,-7.221,3.0761,1.792,1.847,-0.191,0.648
35.737,3,-1.519,-7.204,3.0096,1.811,1.861,-0.2091,0.638
35.814,3,-1.605,-7.187,2.9666,1.824,1.877,-0.1913,0.601
35.846,3,-1.681,-7.167,2.9162,1.839,1.894,-0.2061,0.58
35.897,3,-1.759,-7.143,2.8668,1.849,1.894,-0.1673,0.561
35.943,3,-1.821,-7.121,2.8166,1.858,1.934,-0.1675,0.553
36.001,3,-1.956,-7.063,2.7251,1.886,1.954,-0.1844,0.534
36.039,3,-2.013,-7.034,2.696,1.897,1.975,-0.147,0.53
36.087,3,-2.061,-7.009,2.6638,1.908,1.975,-0.1436,0.524
36.136,3,-2.132,-6.967,2.6369,1.921,1.975,-0.1315,0.522
36.186,3,-2.294,-6.859,2.5532,1.957,1.953,-0.1563,0.512
36.238,3,-2.364,-6.806,2.5122,1.973,1.93,-0.1566,0.501
36.301,3,-2.427,-6.754,2.4747,1.973,1.882,-0.187,0.5
36.337,3,-2.478,-6.709,2.4364,1.955,1.858,-0.206,0.501
36.387,3,-2.527,-6.663,2.4047,1.936,1.834,-0.2346,0.505
36.436,3,-2.64,-6.544,2.3304,1.885,1.834,-0.2178,0.502
36.494,3,-2.692,-6.479,2.2818,1.861,1.792,-0.2463,0.501
36.566,3,-2.742,-6.41,2.2232,1.82,1.774,-0.2402,0.503
36.615,3,-2.788,-6.338,2.1636,1.81,1.76,-0.2772,0.495
36.638,3,-2.83,-6.26,2.1038,1.789,1.75,-0.2792,0.49
36.694,3,-2.865,-6.186,2.0384,1.771,1.75,-0.2792,0.488
36.737,3,-2.909,-6.065,1.9178,1.733,1.746,-0.2631,0.489
36.792,3,-2.925,-6.007,1.8698,1.725,1.746,-0.2263,0.466
36.862,3,-2.942,-5.932,1.8195,1.724,1.747,-0.2426,0.446
36.902,3,-2.954,-5.854,1.7559,1.73,1.747,-0.2058,0.432
36.936,3,-2.961,-5.787,1.702,1.736,1.752,-0.19,0.427
36.987,3,-2.966,-5.647,1.603,1.739,1.759,-0.2032,0.418
37.052,3,-2.964,-5.586,1.5626,1.741,1.77,-0.1658,0.411
37.087,3,-2.96,-5.515,1.5255,1.743,1.784,-0.1588,0.411
37.138,3,-2.946,-5.4,1.452,1.752,1.802,-0.1573,0.402
37.187,3,-2.934,-5.334,1.4215,1.768,1.802,-0.1296,0.394
37.242,3,-2.909,-5.215,1.3613,1.798,1.848,-0.1422,0.389
37.29,3,-2.895,-5.161,1.3332,1.805,1.848,-0.1342,0.388
37.355,3,-2.862,-5.046,1.2852,1.836,1.903,-0.1183,0.389
37.388,3,-2.825,-4.941,1.2379,1.855,1.934,-0.1184,0.406
37.437,3,-2.808,-4.894,1.2196,1.87,1.934,-0.1114,0.416
37.487,3,-2.781,-4.829,1.2001,1.891,1.966,-0.1066,0.426
37.537,3,-2.719,-4.689,1.1506,1.933,1.998,-0.0985,0.443
37.587,3,-2.683,-4.617,1.1221,1.963,2.067,-0.0959,0.476
37.642,3,-2.649,-4.554,1.0967,1.976,2.102,-0.0784,0.487
37.689,3,-2.615,-4.492,1.0759,2.0,2.102,-0.0662,0.507
37.737,3,-2.521,-4.335,1.032,2.062,2.136,-0.0622,0.516
37.801,3,-2.482,-4.276,1.0038,2.082,2.172,-0.0555,0.554
37.838,3,-2.436,-4.207,0.9874,2.104,2.21,-0.0341,0.559
37.887,3,-2.337,-4.067,0.9576,2.171,2.285,-0.0084,0.561
37.937,3,-2.289,-4.001,0.9445,2.186,2.322,0.0126,0.568
37.996,3,-2.233,-3.925,0.9394,2.234,2.322,0.0126,0.575
38.04,3,-2.184,-3.859,0.9342,2.262,2.358,0.0211,0.578
38.087,3,-2.119,-3.772,0.9324,2.291,2.394,0.0347,0.586
38.143,3,-2.052,-3.679,0.9365,2.323,2.463,0.0552,0.594
38.188,3,-1.984,-3.585,0.941,2.344,2.463,0.0552,0.602
38.24,3,-1.918,-3.491,0.953,2.389,2.565,0.0897,0.608
38.301,3,-1.799,-3.314,0.9832,2.457,2.597,0.0984,0.6
38.336,3,-1.751,-3.237,0.9998,2.478,2.597,0.1162,0.579
38.39,3,-1.666,-3.091,1.046,2.571,2.597,0.1034,0.536
38.44,3,-1.624,-3.01,1.0725,2.594,2.579,0.1121,0.498
38.5,3,-1.578,-2.916,1.1015,2.612,2.566,0.1121,0.481
38.547,3,-1.528,-2.804,1.1336,2.609,2.558,0.1121,0.454
38.594,3,-1.484,-2.694,1.1713,2.6,2.555,0.125,0.453
38.64,3,-1.444,-2.58,1.211,2.577,2.555,0.125,0.455
38.688,3,-1.408,-2.466,1.2512,2.563,2.556,0.1078,0.414
38.74,3,-1.377,-2.35,1.2915,2.557,2.559,0.0991,0.366
38.787,3,-1.334,-2.132,1.3778,2.557,2.571,0.095,0.323
38.838,3,-1.312,-1.972,1.4382,2.56,2.577,0.0862,0.306
38.888,3,-1.299,-1.839,1.4779,2.569,2.577,0.0647,0.302
38.951,3,-1.294,-1.757,1.4969,2.572,2.59,0.069,0.299
38.987,3,-1.29,-1.664,1.518,2.579,2.59,0.056,0.299
39.06,3,-1.288,-1.47,1.5614,2.59,2.607,0.0647,0.291
39.098,3,-1.29,-1.387,1.58,2.595,2.616,0.0754,0.29
39.136,3,-1.293,-1.288,1.594,2.598,2.635,0.096,0.291
39.188,3,-1.306,-1.082,1.6354,2.615,2.645,0.1044,0.307
39.249,3,-1.316,-0.988,1.6619,2.626,2.655,0.1098,0.328
39.287,3,-1.341,-0.808,1.7112,2.635,2.676,0.1078,0.34
39.336,3,-1.355,-0.73,1.7389,2.642,2.687,0.0992,0.342
39.39,3,-1.379,-0.619,1.7639,2.647,2.714,0.0866,0.347
39.437,3,-1.425,-0.446,1.8327,2.674,2.732,0.0647,0.378
39.49,3,-1.454,-0.347,1.8539,2.691,2.751,0.0487,0.392
39.537,3,-1.512,-0.177,1.8988,2.73,2.796,0.0172,0.401
39.605,3,-1.542,-0.095,1.9143,2.739,2.849,-0.0,0.407
39.639,3,-1.581,0.009,1.9269,2.751,2.849,-0.0,0.408
39.69,3,-1.619,0.108,1.9331,2.784,2.907,-0.0129,0.41
39.739,3,-1.708,0.339,1.938,2.843,2.965,-0.0226,0.405
39.79,3,-1.737,0.415,1.9347,2.875,2.993,-0.0184,0.404
39.837,3,-1.768,0.499,1.9316,2.897,3.021,-0.0129,0.403
39.889,3,-1.858,0.744,1.9192,2.957,3.049,-0.0138,0.405
39.952,3,-1.896,0.851,1.9123,2.99,3.131,-0.0,0.407
39.987,3,-1.937,0.968,1.9081,3.016,3.158,-0.0,0.407
40.042,3,-1.978,1.089,1.9033,3.031,3.158,-0.0,0.408
40.089,3,-2.025,1.227,1.8984,3.056,3.106,-0.0,0.409
40.142,3,-2.072,1.366,1.8984,3.114,3.073,-0.0043,0.423
40.211,3,-2.16,1.624,1.8984,3.169,2.973,-0.0216,0.423
40.248,3,-2.2,1.743,1.8981,3.17,2.939,-0.0316,0.423
40.286,3,-2.268,1.947,1.8902,3.064,2.905,-0.0345,0.43
40.345,3,-2.298,2.041,1.8838,3.018,2.835,-0.0444,0.459
40.387,3,-2.355,2.23,1.8645,2.941,2.799,-0.0388,0.468
40.437,3,-2.384,2.33,1.8542,2.918,2.763,-0.0406,0.498
40.491,3,-2.415,2.448,1.8409,2.871,2.648,-0.0431,0.515
40.538,3,-2.449,2.581,1.8268,2.826,2.609,-0.0438,0.529
40.611,3,-2.479,2.708,1.8105,2.778,2.568,-0.0434,0.54
40.653,3,-2.507,2.837,1.795,2.733,2.568,-0.0434,0.545
40.689,3,-2.548,3.046,1.762,2.622,2.444,-0.0517,0.569
40.745,3,-2.56,3.112,1.7507,2.59,2.404,-0.0517,0.576
40.794,3,-2.575,3.2,1.742,2.574,2.404,-0.0474,0.582
40.838,3,-2.591,3.308,1.7293,2.522,2.327,-0.0704,0.592
40.887,3,-2.615,3.496,1.6969,2.423,2.254,-0.09,0.593
40.951,3,-2.625,3.582,1.6848,2.407,2.22,-0.1087,0.595
40.989,3,-2.632,3.67,1.669,2.373,2.186,-0.1237,0.601
41.037,3,-2.638,3.765,1.6438,2.296,2.155,-0.1419,0.608
41.097,3,-2.641,3.951,1.5871,2.219,2.125,-0.1528,0.622
41.152,3,-2.639,4.031,1.5579,2.19,2.097,-0.1604,0.629
41.189,3,-2.633,4.121,1.5247,2.158,2.049,-0.1844,0.631
41.237,3,-2.625,4.204,1.4863,2.142,2.029,-0.2012,0.643
41.289,3,-2.599,4.362,1.4107,2.089,2.013,-0.1895,0.673
41.362,3,-2.579,4.446,1.3654,2.049,2.013,-0.1888,0.688
41.402,3,-2.551,4.543,1.3146,2.023,1.993,-0.1823,0.7
41.449,3,-2.525,4.619,1.2628,2.014,1.993,-0.1823,0.709
41.5,3,-2.494,4.698,1.2178,2.002,1.989,-0.1944,0.729
41.537,3,-2.452,4.79,1.1711,1.992,1.989,-0.2104,0.749
41.59,3,-2.382,4.919,1.0719,1.983,1.99,-0.1863,0.769
41.637,3,-2.32,5.017,1.0066,1.979,1.991,-0.1972,0.777
41.687,3,-2.278,5.074,0.9662,1.978,1.994,-0.2064,0.781
41.74,3,-2.232,5.133,0.9266,1.981,1.996,-0.2091,0.784
41.79,3,-2.143,5.234,0.8432,1.98,2.0,-0.2191,0.801
41.84,3,-2.099,5.277,0.8019,1.983,2.003,-0.2087,0.806
41.889,3,-2.05,5.322,0.766,1.983,2.003,-0.2236,0.808
41.937,3,-1.929,5.418,0.6677,1.985,1.995,-0.2346,0.808
41.99,3,-1.874,5.456,0.6223,1.987,1.995,-0.2346,0.809
42.041,3,-1.796,5.503,0.5771,1.987,1.992,-0.2224,0.812
42.087,3,-1.718,5.545,0.5158,1.985,1.989,-0.2195,0.819
42.143,3,-1.626,5.585,0.4532,1.979,1.986,-0.2063,0.81
42.186,3,-1.532,5.62,0.383,1.98,1.984,-0.2069,0.795
42.25,3,-1.38,5.661,0.2643,1.977,1.982,-0.195,0.778
42.287,3,-1.308,5.675,0.2153,1.977,1.982,-0.1953,0.774
42.342,3,-1.184,5.691,0.1336,1.976,1.981,-0.1692,0.765
42.387,3,-1.117,5.696,0.0969,1.975,1.982,-0.1852,0.763
42.436,3,-0.983,5.699,0.0203,1.977,1.982,-0.1568,0.762
42.487,3,-0.902,5.696,-0.0149,1.978,1.988,-0.1826,0.756
42.537,3,-0.837,5.691,-0.0593,1.979,1.996,-0.1849,0.753
42.604,3,-0.69,5.672,-0.1232,1.982,1.996,-0.1716,0.742
42.641,3,-0.615,5.658,-0.1647,1.982,2.018,-0.1817,0.731
42.688,3,-0.543,5.641,-0.2075,1.988,2.021,-0.1985,0.727
42.738,3,-0.397,5.598,-0.2886,1.993,2.007,-0.1824,0.718
42.788,3,-0.327,5.572,-0.3329,1.999,2.007,-0.1824,0.705
42.837,3,-0.265,5.546,-0.3766,2.009,1.991,-0.1841,0.699
42.888,3,-0.14,5.485,-0.417,2.014,1.974,-0.1863,0.687
42.944,3,-0.064,5.441,-0.4921,2.006,1.956,-0.2226,0.685
42.994,3,0.005,5.398,-0.5401,2.002,1.918,-0.2086,0.682
43.042,3,0.068,5.354,-0.5851,1.988,1.9,-0.2066,0.682
43.088,3,0.184,5.261,-0.6801,1.945,1.884,-0.1947,0.688
43.141,3,0.236,5.213,-0.7233,1.917,1.884,-0.1947,0.692
43.187,3,0.293,5.156,-0.7667,1.897,1.856,-0.2313,0.691
43.24,3,0.388,5.045,-0.8595,1.88,1.847,-0.2324,0.645
43.297,3,0.427,4.992,-0.9071,1.858,1.844,-0.2293,0.607
43.34,3,0.463,4.939,-0.9532,1.846,1.844,-0.2043,0.59
43.386,3,0.507,4.865,-0.9978,1.841,1.842,-0.204,0.56
43.446,3,0.573,4.735,-1.1077,1.836,1.842,-0.1916,0.525
43.491,3,0.6,4.669,-1.1524,1.837,1.846,-0.155,0.507
43.539,3,0.627,4.593,-1.1958,1.837,1.846,-0.155,0.499
43.587,3,0.648,4.53,-1.2444,1.841,1.868,-0.1465,0.487
43.64,3,0.668,4.456,-1.278,1.843,1.886,-0.1184,0.481
43.696,3,0.703,4.295,-1.3587,1.859,1.886,-0.1075,0.435
43.737,3,0.714,4.229,-1.3913,1.875,1.909,-0.0956,0.425
43.797,3,0.725,4.157,-1.4143,1.89,1.967,-0.0862,0.411
43.85,3,0.735,4.071,-1.4397,1.899,1.967,-0.0862,0.402
43.889,3,0.744,3.971,-1.4637,1.919,2.038,-0.0658,0.396
43.937,3,0.754,3.81,-1.5123,1.973,2.078,-0.0494,0.391
44.0,3,0.756,3.74,-1.5305,1.984,2.078,-0.033,0.39
44.041,3,0.757,3.666,-1.545,2.003,2.158,-0.0207,0.391
44.088,3,0.758,3.561,-1.5596,2.026,2.197,-0.0138,0.393
44.146,3,0.757,3.451,-1.5742,2.083,2.197,-0.0138,0.395
44.19,3,0.755,3.348,-1.5832,2.133,2.273,0.0,0.394
44.238,3,0.751,3.18,-1.5929,2.204,2.346,0.0056,0.39
44.29,4,0.749,3.103,-1.5961,2.219,2.346,0.0092,0.39
44.338,4,0.747,3.023,-1.5969,2.242,2.346,0.0092,0.389
44.393,4,0.745,2.931,-1.5969,2.275,2.417,0.0042,0.389
44.437,4,0.742,2.814,-1.5951,2.332,2.452,0.0046,0.389
44.495,4,0.739,2.673,-1.5923,2.362,2.452,0.0046,0.401
44.541,4,0.737,2.542,-1.5906,2.403,2.52,-0.0,0.418
44.601,4,0.735,2.433,-1.5888,2.429,2.554,-0.0,0.435
44.642,4,0.733,2.304,-1.5874,2.446,2.587,-0.0043,0.453
44.687,4,0.731,2.187,-1.5874,2.513,2.683,-0.0086,0.472
44.739,4,0.729,2.056,-1.5877,2.539,2.683,-0.0086,0.49
44.787,4,0.726,1.933,-1.5897,2.595,2.745,-0.0086,0.49
44.837,4,0.723,1.8,-1.5931,2.634,2.776,-0.009,0.483
44.887,4,0.716,1.573,-1.5997,2.699,2.836,-0.0053,0.476
44.938,4,0.711,1.403,-1.6043,2.75,2.866,-0.0,0.475
44.989,4,0.707,1.288,-1.6066,2.775,2.895,0.0,0.466
45.036,4,0.702,1.157,-1.6081,2.825,2.953,0.0043,0.461
45.095,4,0.697,1.044,-1.6081,2.869,2.982,0.0086,0.455
45.16,4,0.693,0.916,-1.608,2.897,3.038,0.0141,0.453
45.193,4,0.688,0.786,-1.6066,2.943,3.038,0.0141,0.449
45.248,4,0.682,0.597,-1.6049,2.967,3.093,0.0138,0.444
45.286,4,0.678,0.433,-1.5994,3.02,3.12,0.0143,0.444
45.338,4,0.678,0.433,-1.5994,3.02,3.174,0.0096,0.442
45.387,4,0.673,0.12,-1.5854,3.102,3.253,-0.005,0.442
45.438,4,0.672,-0.012,-1.5797,3.127,3.253,-0.005,0.443
45.488,4,0.671,-0.133,-1.576,3.165,3.33,-0.0129,0.444
45.554,4,0.671,-0.372,-1.5746,3.232,3.381,-0.0225,0.443
45.588,4,0.67,-0.491,-1.5777,3.282,3.381,-0.0225,0.443
45.638,4,0.668,-0.621,-1.5823,3.317,3.455,-0.0181,0.443
45.687,4,0.661,-0.903,-1.5974,3.372,3.479,-0.0145,0.456
45.755,4,0.656,-1.019,-1.6058,3.39,3.551,0.0,0.49
45.788,4,0.65,-1.167,-1.6121,3.428,3.551,0.0,0.498
45.837,4,0.65,-1.167,-1.6121,3.428,3.575,0.0089,0.498
45.889,4,0.628,-1.565,-1.6281,3.5,3.668,0.0278,0.508
45.941,4,0.62,-1.707,-1.6281,3.541,3.714,0.028,0.508
45.988,4,0.611,-1.86,-1.6278,3.558,3.714,0.028,0.508
46.039,4,0.604,-2.019,-1.6237,3.584,3.728,0.0259,0.517
46.096,4,0.598,-2.169,-1.6106,3.64,3.622,0.0145,0.534
46.149,4,0.593,-2.473,-1.5842,3.706,3.55,-0.0,0.545
46.193,4,0.593,-2.591,-1.574,3.692,3.513,-0.0149,0.546
46.24,4,0.595,-2.73,-1.5655,3.679,3.401,-0.0393,0.557
46.287,4,0.598,-3.051,-1.5599,3.597,3.325,-0.0474,0.57
46.348,4,0.598,-3.051,-1.5599,3.597,3.286,-0.0605,0.57
46.388,4,0.594,-3.388,-1.5807,3.487,3.207,-0.056,0.59
46.445,4,0.588,-3.522,-1.6062,3.384,3.167,-0.0575,0.59
46.488,4,0.588,-3.522,-1.6062,3.384,3.085,-0.0403,0.608
46.538,4,0.576,-3.705,-1.6259,3.327,3.001,-0.0216,0.637
46.593,4,0.558,-3.883,-1.6565,3.235,3.001,-0.0216,0.669
46.636,4,0.528,-4.113,-1.6861,3.171,2.958,0.0,0.669
46.688,4,0.528,-4.113,-1.6861,3.171,2.825,0.0308,0.706
46.738,4,0.495,-4.332,-1.7112,3.078,2.732,0.0565,0.728
46.787,4,0.474,-4.473,-1.7231,3.002,2.684,0.0647,0.74
46.838,4,0.436,-4.734,-1.7123,2.877,2.587,0.0647,0.74
46.886,4,0.422,-4.849,-1.7007,2.835,2.493,0.0391,0.747
46.968,4,0.409,-4.984,-1.6792,2.738,2.493,0.0391,0.742
46.987,4,0.4,-5.119,-1.6533,2.687,2.359,-0.0517,0.737
47.037,4,0.393,-5.259,-1.6275,2.605,2.359,-0.0517,0.734
47.087,4,0.393,-5.259,-1.6275,2.605,2.316,-0.1034,0.734
47.142,4,0.388,-5.394,-1.6104,2.519,2.233,-0.1777,0.726
47.193,4,0.384,-5.563,-1.5952,2.477,2.194,-0.2342,0.73
47.243,4,0.377,-5.692,-1.614,2.369,2.118,-0.2772,0.73
47.29,4,0.366,-5.816,-1.6346,2.327,2.118,-0.2772,0.73
47.338,4,0.351,-5.916,-1.69,2.211,2.048,-0.3151,0.735
47.387,4,0.308,-6.08,-1.8262,2.081,2.015,-0.2719,0.74
47.574,4,0.308,-6.08,-1.8262,2.081,2.015,-0.247,0.759
47.6,4,0.308,-6.08,-1.8262,2.081,2.015,-0.247,0.759
47.638,4,0.278,-6.158,-1.9024,2.063,1.984,-0.2122,0.786
47.692,4,-0.029,-6.56,-2.3832,1.984,1.88,-0.2715,0.894
47.737,4,-0.097,-6.612,-2.4544,1.983,1.84,0.0508,0.853
47.805,4,-0.168,-6.66,-2.5168,1.987,1.822,0.0706,0.811
47.841,4,-0.243,-6.706,-2.5711,1.963,1.822,0.0706,0.795
47.891,4,-0.304,-6.744,-2.588,1.886,1.795,0.0533,0.788
47.937,4,-0.362,-6.781,-2.5773,1.846,1.795,0.0533,0.794
47.987,4,-0.441,-6.833,-2.5624,1.82,1.779,-0.0543,0.799
48.037,4,-0.569,-6.923,-2.5282,1.795,1.777,-0.118,0.802
48.09,4,-0.625,-6.964,-2.5175,1.794,1.777,-0.2073,0.803
48.142,4,-0.695,-7.013,-2.5212,1.783,1.777,-0.2519,0.805
48.197,4,-0.766,-7.059,-2.5498,1.773,1.777,-0.2519,0.808
48.239,4,-0.827,-7.095,-2.5861,1.77,1.781,-0.3303,0.817
48.286,4,-0.893,-7.13,-2.6282,1.759,1.788,-0.3484,0.827
48.341,4,-0.967,-7.164,-2.6844,1.751,1.797,-0.3603,0.822
48.387,4,-1.043,-7.192,-2.7468,1.751,1.797,-0.3603,0.806
48.442,4,-1.123,-7.215,-2.8239,1.73,1.808,-0.3724,0.777
48.487,4,-1.209,-7.231,-2.909,1.73,1.82,-0.3391,0.745
48.539,4,-1.285,-7.238,-3.0047,1.727,1.833,-0.315,0.729
48.587,4,-1.429,-7.233,3.1039,1.742,1.847,-0.2865,0.665
48.636,4,-1.508,-7.221,3.0355,1.761,1.861,-0.2643,0.628
48.694,4,-1.575,-7.207,2.954,1.789,1.877,-0.1664,0.61
48.737,4,-1.708,-7.165,2.8339,1.836,1.894,-0.1546,0.563
48.8,4,-1.78,-7.137,2.7908,1.859,1.913,-0.1185,0.545
48.844,4,-1.857,-7.103,2.7534,1.882,1.913,-0.1185,0.532
48.889,4,-1.984,-7.041,2.6825,1.903,1.954,-0.1189,0.518
48.937,4,-2.041,-7.01,2.6576,1.916,1.975,-0.1109,0.516
48.988,4,-2.11,-6.97,2.6348,1.924,1.975,-0.1109,0.511
49.038,4,-2.185,-6.924,2.6068,1.95,1.953,-0.1604,0.507
49.109,4,-2.293,-6.852,2.554,1.978,1.93,-0.172,0.499
49.146,4,-2.359,-6.804,2.5332,1.981,1.907,-0.1817,0.497
49.194,4,-2.419,-6.758,2.5012,1.975,1.907,-0.1817,0.497
49.239,4,-2.483,-6.704,2.4648,1.955,1.882,-0.194,0.499
49.289,4,-2.546,-6.646,2.4219,1.928,1.834,-0.2425,0.505
49.34,4,-2.651,-6.536,2.331,1.892,1.812,-0.2544,0.505
49.387,4,-2.72,-6.449,2.2456,1.827,1.792,-0.2459,0.505
49.436,4,-2.749,-6.408,2.202,1.815,1.774,-0.2279,0.5
49.488,4,-2.811,-6.307,2.1268,1.795,1.76,-0.2643,0.488
49.542,4,-2.838,-6.255,2.0767,1.778,1.76,-0.2519,0.485
49.591,4,-2.868,-6.191,2.0318,1.762,1.746,-0.2633,0.486
49.658,4,-2.911,-6.072,1.9223,1.741,1.746,-0.242,0.488
49.695,4,-2.931,-6.003,1.8766,1.736,1.746,-0.2433,0.469
49.737,4,-2.957,-5.873,1.7698,1.732,1.747,-0.2384,0.444
49.796,4,-2.962,-5.832,1.7206,1.734,1.752,-0.2021,0.438
49.838,4,-2.969,-5.768,1.6905,1.735,1.752,-0.2021,0.432
49.887,4,-2.972,-5.706,1.6449,1.739,1.759,-0.1901,0.424
49.937,4,-2.972,-5.63,1.6045,1.743,1.77,-0.178,0.421
49.987,4,-2.963,-5.475,1.5098,1.751,1.784,-0.1781,0.418
50.045,4,-2.955,-5.408,1.4673,1.759,1.802,-0.1807,0.41
50.089,4,-2.944,-5.342,1.4318,1.769,1.802,-0.1567,0.405
50.137,4,-2.913,-5.197,1.3554,1.788,1.848,-0.1543,0.397
50.198,4,-2.896,-5.137,1.3172,1.801,1.848,-0.13,0.395
50.242,4,-2.877,-5.076,1.2877,1.811,1.874,-0.118,0.395
50.287,4,-2.853,-5.006,1.2589,1.84,1.934,-0.1184,0.398
50.337,4,-2.825,-4.929,1.2303,1.854,1.934,-0.1062,0.412
50.39,4,-2.765,-4.787,1.1699,1.906,1.998,-0.0949,0.439
50.437,4,-2.732,-4.717,1.1451,1.933,2.032,-0.0905,0.446
50.487,4,-2.674,-4.603,1.097,1.97,2.067,-0.0702,0.478
50.548,4,-2.642,-4.545,1.082,1.993,2.067,-0.0702,0.488
50.587,4,-2.598,-4.468,1.0634,2.009,2.136,-0.0667,0.507
50.639,4,-2.553,-4.392,1.0403,2.041,2.172,-0.054,0.524
50.693,4,-2.465,-4.254,1.0042,2.087,2.172,-0.0416,0.553
50.746,4,-2.422,-4.19,0.9893,2.132,2.21,-0.0292,0.561
50.787,4,-2.369,-4.112,0.9772,2.168,2.248,-0.0209,0.563
50.837,4,-2.265,-3.964,0.9582,2.215,2.322,-0.0053,0.566
50.889,4,-2.22,-3.902,0.9504,2.228,2.358,0.0045,0.573
50.939,4,-2.13,-3.777,0.9448,2.302,2.394,0.0215,0.58
51.0,4,-2.089,-3.72,0.9436,2.327,2.463,0.0445,0.586
51.039,4,-2.044,-3.659,0.9445,2.354,2.463,0.0472,0.59
51.089,4,-1.93,-3.497,0.9563,2.412,2.531,0.0688,0.6
51.141,4,-1.875,-3.416,0.9683,2.452,2.531,0.0688,0.605
51.188,4,-1.826,-3.341,0.9815,2.471,2.597,0.0865,0.606
51.254,4,-1.731,-3.19,1.0115,2.515,2.597,0.1034,0.576
51.29,4,-1.688,-3.117,1.032,2.552,2.579,0.1164,0.553
51.338,4,-1.601,-2.957,1.0764,2.601,2.566,0.125,0.491
51.396,4,-1.558,-2.867,1.1043,2.614,2.558,0.125,0.457
51.439,4,-1.519,-2.78,1.135,2.608,2.555,0.125,0.45
51.488,4,-1.478,-2.677,1.1701,2.584,2.555,0.125,0.452
51.556,4,-1.412,-2.478,1.2495,2.561,2.555,0.1164,0.427
51.587,4,-1.387,-2.39,1.2895,2.557,2.556,0.1125,0.381
51.637,4,-1.369,-2.313,1.3235,2.556,2.562,0.0905,0.356
51.687,4,-1.347,-2.202,1.3526,2.557,2.566,0.0905,0.325
51.737,4,-1.314,-1.974,1.4297,2.563,2.571,0.0836,0.306
51.796,4,-1.305,-1.887,1.4601,2.569,2.577,0.0734,0.299
51.838,4,-1.298,-1.792,1.4836,2.572,2.583,0.0649,0.298
51.889,4,-1.293,-1.682,1.5089,2.575,2.598,0.0703,0.296
51.938,4,-1.29,-1.465,1.5608,2.586,2.607,0.069,0.289
51.991,4,-1.292,-1.366,1.5803,2.596,2.616,0.0745,0.289
52.038,4,-1.301,-1.183,1.6194,2.612,2.635,0.0862,0.299
52.089,4,-1.306,-1.113,1.6383,2.616,2.655,0.0991,0.315
52.137,4,-1.323,-0.951,1.6729,2.63,2.676,0.1121,0.327
52.189,4,-1.335,-0.859,1.6951,2.637,2.687,0.1034,0.332
52.242,4,-1.367,-0.682,1.7467,2.654,2.7,0.0991,0.34
52.288,4,-1.393,-0.567,1.7779,2.664,2.714,0.0968,0.361
52.341,4,-1.422,-0.458,1.8167,2.678,2.751,0.062,0.379
52.387,4,-1.475,-0.29,1.8754,2.712,2.772,0.0409,0.393
52.438,4,-1.51,-0.193,1.8999,2.72,2.796,0.0224,0.401
52.487,4,-1.586,0.002,1.9453,2.754,2.849,-0.0129,0.403
52.545,4,-1.616,0.077,1.9563,2.773,2.878,-0.0364,0.395
52.588,4,-1.654,0.168,1.9612,2.793,2.907,-0.0452,0.39
52.636,4,-1.736,0.368,1.9586,2.844,2.936,-0.0523,0.383
52.701,4,-1.771,0.46,1.946,2.874,3.021,-0.044,0.385
52.737,4,-1.811,0.567,1.9329,2.899,3.049,-0.0302,0.388
52.787,4,-1.882,0.775,1.8991,2.973,3.077,-0.0129,0.392
52.846,4,-1.915,0.878,1.8837,3.009,3.104,-0.0,0.395
52.887,4,-1.948,0.989,1.8695,3.026,3.158,0.0259,0.398
52.936,4,-1.98,1.098,1.8597,3.05,3.171,0.0395,0.404
53.004,4,-2.05,1.336,1.8557,3.101,3.073,0.0393,0.4
53.036,4,-2.086,1.451,1.8659,3.144,3.04,0.027,0.402
53.09,4,-2.125,1.575,1.8753,3.162,3.007,0.0145,0.404
53.137,4,-2.172,1.715,1.8851,3.168,3.007,0.0145,0.405
53.19,4,-2.219,1.849,1.9023,3.119,2.939,-0.0059,0.416
53.24,4,-2.271,1.99,1.9179,3.088,2.905,-0.0259,0.44
53.289,4,-2.323,2.129,1.9243,3.039,2.799,-0.084,0.466
53.336,4,-2.373,2.264,1.9298,3.011,2.725,-0.1121,0.496
53.388,4,-2.42,2.392,1.9269,2.958,2.687,-0.125,0.501
53.436,4,-2.467,2.538,1.904,2.871,2.609,-0.125,0.504
53.488,4,-2.503,2.665,1.8649,2.795,2.568,-0.125,0.516
53.54,4,-2.533,2.794,1.8205,2.728,2.526,-0.0954,0.525
53.587,4,-2.533,2.794,1.8205,2.728,2.526,-0.0954,0.525
53.638,4,-2.533,2.794,1.8205,2.728,2.526,-0.0954,0.525
53.687,4,-2.533,2.794,1.8205,2.728,2.526,-0.0954,0.525
53.776,4,-2.533,2.794,1.8205,2.728,2.526,-0.0954,0.525
53.789,4,-2.533,2.794,1.8205,2.728,2.526,-0.0954,0.525
53.894,4,-2.533,2.794,1.8205,2.728,2.526,-0.0954,0.525
53.954,4,-2.533,2.794,1.8205,2.728,2.526,-0.0954,0.525
54.092,4,-2.533,2.794,1.8205,2.728,2.526,-0.0954,0.525
54.136,4,-2.587,3.4,1.7132,2.603,2.444,-0.0738,0.542
54.188,4,-2.578,3.591,1.5219,2.468,2.22,0.0776,0.544
54.243,4,-2.571,3.692,1.4969,2.43,2.186,0.0785,0.535
54.288,4,-2.561,3.807,1.4853,2.298,2.155,0.0679,0.535
54.338,4,-2.554,3.915,1.5047,2.216,2.097,-0.014,0.537
54.388,4,-2.548,4.048,1.5296,2.144,2.071,-0.0796,0.537
54.438,4,-2.545,4.12,1.5298,2.117,2.049,-0.1212,0.543
54.487,4,-2.536,4.272,1.5069,2.075,2.029,-0.1645,0.566
54.537,4,-2.526,4.383,1.4693,2.047,2.013,-0.1878,0.595
54.588,4,-2.52,4.431,1.4529,2.03,2.001,-0.2113,0.62
54.637,4,-2.496,4.562,1.3992,2.004,1.993,-0.2345,0.645
54.688,4,-2.475,4.646,1.3202,1.98,1.989,-0.2064,0.676
54.738,4,-2.44,4.756,1.245,1.971,1.989,-0.2241,0.707
54.788,4,-2.41,4.831,1.1986,1.97,1.99,-0.2433,0.732
54.838,4,-2.357,4.942,1.1093,1.96,1.99,-0.2184,0.752
54.886,4,-2.305,5.031,1.025,1.966,1.994,-0.2441,0.766
54.938,4,-2.257,5.102,0.9816,1.964,1.994,-0.2233,0.776
54.986,4,-2.224,5.146,0.9235,1.969,1.996,-0.2105,0.789
55.038,4,-2.134,5.25,0.8427,1.973,2.0,-0.2186,0.804
55.089,4,-2.08,5.304,0.7858,1.973,2.003,-0.231,0.815
55.137,4,-1.992,5.382,0.7085,1.98,1.999,-0.2188,0.816
55.186,4,-1.931,5.429,0.6474,1.981,1.995,-0.2188,0.817
55.238,4,-1.824,5.5,0.5706,1.984,1.992,-0.2188,0.82
55.287,4,-1.749,5.544,0.513,1.98,1.989,-0.2188,0.826
55.338,4,-1.638,5.598,0.4296,1.974,1.986,-0.2223,0.833
55.388,4,-1.578,5.623,0.3955,1.974,1.984,-0.2236,0.827
55.438,4,-1.465,5.662,0.3154,1.966,1.982,-0.2061,0.815
55.487,4,-1.38,5.685,0.255,1.962,1.982,-0.2061,0.806
55.536,4,-1.271,5.707,0.1851,1.968,1.982,-0.1938,0.796
55.588,4,-1.168,5.721,0.1189,1.97,1.981,-0.1966,0.792
55.637,4,-1.103,5.726,0.0847,1.967,1.982,-0.1938,0.792
55.688,4,-0.974,5.73,0.0031,1.97,1.983,-0.1962,0.793
55.739,4,-0.884,5.727,-0.0462,1.97,1.988,-0.1976,0.79
55.787,4,-0.79,5.718,-0.09,1.973,1.996,-0.1999,0.785
55.838,4,-0.686,5.704,-0.1567,1.976,2.006,-0.1816,0.769
55.888,4,-0.593,5.685,-0.2099,1.99,2.018,-0.1956,0.763
55.939,4,-0.507,5.662,-0.2601,1.999,2.021,-0.1819,0.753
55.986,4,-0.389,5.624,-0.336,2.01,2.007,-0.1696,0.739
56.037,4,-0.32,5.597,-0.3681,2.003,1.991,-0.1856,0.732
56.086,4,-0.202,5.544,-0.4471,1.992,1.974,-0.1571,0.72
56.138,4,-0.176,5.53,-0.4598,1.989,1.956,-0.1974,0.716
56.188,4,-0.04,5.454,-0.5337,1.964,1.937,-0.1948,0.705
56.238,4,0.029,5.409,-0.5854,1.939,1.918,-0.1983,0.704
56.287,4,0.11,5.35,-0.6498,1.915,1.9,-0.1865,0.704
56.337,4,0.19,5.283,-0.7122,1.891,1.884,-0.1948,0.709
56.388,4,0.235,5.241,-0.7437,1.879,1.869,-0.218,0.712
56.438,4,0.313,5.161,-0.8054,1.874,1.856,-0.2307,0.686
56.488,4,0.376,5.088,-0.8782,1.853,1.847,-0.1919,0.656
56.538,4,0.439,5.005,-0.9416,1.846,1.844,-0.2082,0.622
56.587,4,0.488,4.931,-0.99,1.84,1.842,-0.2097,0.61
56.637,4,0.533,4.854,-1.0501,1.836,1.842,-0.1917,0.572
56.688,4,0.574,4.777,-1.0952,1.836,1.842,-0.1917,0.562
56.737,4,0.608,4.704,-1.1407,1.837,1.846,-0.1795,0.544
56.788,4,0.647,4.609,-1.1994,1.838,1.855,-0.1802,0.53
56.839,4,0.674,4.531,-1.2414,1.842,1.868,-0.1673,0.518
56.888,4,0.705,4.423,-1.3026,1.851,1.886,-0.1476,0.501
56.938,4,0.722,4.354,-1.3324,1.863,1.886,-0.1185,0.49
56.988,4,0.743,4.251,-1.3773,1.885,1.909,-0.1164,0.468
57.037,4,0.758,4.167,-1.4064,1.899,1.936,-0.1107,0.455
57.088,4,0.773,4.052,-1.4501,1.922,2.001,-0.1027,0.439
57.136,4,0.782,3.96,-1.4786,1.962,2.001,-0.0824,0.436
57.188,4,0.788,3.873,-1.503,1.995,2.038,-0.0762,0.431
57.237,4,0.794,3.75,-1.5336,2.032,2.119,-0.0641,0.428
57.287,4,0.796,3.66,-1.5525,2.067,2.158,-0.0552,0.429
57.338,4,0.796,3.558,-1.5688,2.115,2.158,-0.0417,0.431
57.387,4,0.795,3.464,-1.583,2.151,2.235,-0.03,0.433
57.437,4,0.792,3.333,-1.5978,2.201,2.273,-0.0228,0.426
57.488,4,0.789,3.226,-1.6058,2.236,2.31,-0.0126,0.422
57.537,5,0.785,3.127,-1.6122,2.268,2.346,-0.0091,0.421
57.586,5,0.779,2.999,-1.6162,2.324,2.382,-0.0043,0.419
57.637,5,0.773,2.877,-1.6191,2.359,2.417,-0.0,0.419
57.687,5,0.767,2.763,-1.6191,2.385,2.452,0.0,0.419
57.737,5,0.761,2.632,-1.6191,2.439,2.52,0.0,0.432
57.786,5,0.755,2.514,-1.6191,2.481,2.554,0.0,0.447
57.837,5,0.749,2.386,-1.6188,2.523,2.587,0.0057,0.461
57.887,5,0.743,2.261,-1.6173,2.551,2.619,0.0065,0.475
57.937,5,0.739,2.166,-1.6156,2.577,2.683,0.0043,0.483
57.987,5,0.732,2.006,-1.6135,2.639,2.714,0.0043,0.49
58.037,5,0.726,1.864,-1.6115,2.699,2.776,0.0043,0.483
58.087,5,0.721,1.73,-1.6101,2.737,2.806,0.0043,0.478
58.138,5,0.716,1.609,-1.6086,2.767,2.836,0.0043,0.476
58.188,5,0.711,1.463,-1.6069,2.811,2.866,0.0043,0.471
58.237,5,0.706,1.335,-1.6052,2.844,2.924,0.0043,0.467
58.288,5,0.701,1.154,-1.6029,2.884,2.982,0.0043,0.461
58.337,5,0.698,1.061,-1.6017,2.912,3.01,0.0064,0.459
58.388,5,0.692,0.866,-1.5988,2.975,3.038,0.0056,0.454
58.437,5,0.689,0.761,-1.5974,2.992,3.093,0.0,0.453
58.488,5,0.685,0.579,-1.5942,3.036,3.12,0.0,0.45
58.538,5,0.681,0.441,-1.5942,3.083,3.174,0.0,0.446
58.588,5,0.677,0.244,-1.5942,3.13,3.227,0.0,0.441
58.637,5,0.673,0.102,-1.5942,3.177,3.253,0.0,0.437
58.688,5,0.67,-0.055,-1.5942,3.212,3.305,0.0,0.434
58.738,5,0.666,-0.201,-1.5943,3.24,3.33,0.0,0.433
58.786,5,0.662,-0.365,-1.5942,3.291,3.381,0.0,0.433
58.838,5,0.658,-0.554,-1.5942,3.34,3.43,0.0,0.433
58.887,5,0.654,-0.716,-1.5942,3.373,3.455,0.0,0.441
58.938,5,0.651,-0.863,-1.5942,3.411,3.503,-0.0,0.448
58.987,5,0.646,-1.08,-1.5942,3.46,3.551,-0.0,0.47
59.038,5,0.642,-1.219,-1.5942,3.492,3.575,-0.0,0.499
59.088,5,0.639,-1.36,-1.5942,3.531,3.622,-0.0,0.505
59.138,5,0.633,-1.599,-1.5942,3.581,3.668,-0.0056,0.513
59.186,5,0.629,-1.773,-1.5963,3.618,3.714,-0.0062,0.516
59.238,5,0.625,-1.933,-1.5991,3.649,3.728,-0.0055,0.517
59.287,5,0.618,-2.158,-1.6029,3.698,3.658,-0.0053,0.52
59.337,5,0.612,-2.324,-1.6058,3.698,3.586,-0.0051,0.525
59.386,5,0.604,-2.53,-1.6092,3.648,3.513,-0.0,0.527
59.437,5,0.598,-2.692,-1.6104,3.589,3.439,-0.0,0.547
59.487,5,0.592,-2.851,-1.6104,3.533,3.363,-0.0043,0.556
59.537,5,0.584,-3.042,-1.6113,3.454,3.286,-0.0099,0.583
59.587,5,0.577,-3.206,-1.6133,3.396,3.247,-0.0105,0.6
59.638,5,0.569,-3.372,-1.6186,3.315,3.167,-0.0101,0.618
59.688,5,0.562,-3.522,-1.6232,3.259,3.126,-0.0043,0.627
59.737,5,0.553,-3.686,-1.6264,3.19,3.043,-0.0063,0.654
59.786,5,0.542,-3.87,-1.6294,3.126,2.958,-0.0043,0.682
59.837,5,0.534,-4.008,-1.6314,3.043,2.914,-0.0091,0.716
59.888,5,0.525,-4.143,-1.6334,2.99,2.825,-0.0144,0.718
59.937,5,0.513,-4.324,-1.6387,2.904,2.779,-0.0136,0.716
59.988,5,0.504,-4.451,-1.6446,2.825,2.684,-0.0183,0.704
60.038,5,0.494,-4.584,-1.6499,2.766,2.636,-0.0222,0.698
60.089,5,0.483,-4.717,-1.6567,2.702,2.587,-0.0216,0.692
60.138,5,0.471,-4.842,-1.6629,2.659,2.493,-0.0345,0.692
60.189,5,0.457,-4.981,-1.6758,2.578,2.447,-0.0437,0.696
60.236,5,0.442,-5.109,-1.6881,2.517,2.402,-0.0484,0.697
60.287,5,0.428,-5.218,-1.702,2.472,2.359,-0.0516,0.698
60.336,5,0.407,-5.361,-1.7243,2.395,2.274,-0.0738,0.705
60.387,5,0.39,-5.463,-1.742,2.35,2.233,-0.0768,0.719
60.437,5,0.368,-5.573,-1.7686,2.272,2.194,-0.0809,0.726
60.487,5,0.347,-5.668,-1.7928,2.223,2.155,-0.0844,0.743
60.538,5,0.314,-5.8,-1.8297,2.17,2.082,-0.1061,0.773
60.587,5,0.287,-5.894,-1.8579,2.124,2.082,-0.0928,0.797
60.638,5,0.256,-5.99,-1.8872,2.093,2.048,-0.1043,0.809
60.687,5,0.226,-6.074,-1.9144,2.066,1.984,-0.1206,0.838
60.737,5,0.186,-6.176,-1.9481,2.034,1.984,-0.1204,0.869
60.787,5,0.147,-6.266,-1.9861,1.993,1.928,-0.1628,0.902
60.837,5,0.096,-6.372,-2.0369,1.95,1.903,-0.1745,0.932
60.887,5,0.054,-6.449,-2.0765,1.923,1.88,-0.1845,0.941
60.936,5,0.005,-6.531,-2.1185,1.898,1.859,-0.2052,0.944
60.987,5,-0.042,-6.601,-2.1636,1.877,1.859,-0.1802,0.947
61.037,5,-0.094,-6.672,-2.2139,1.855,1.84,-0.1977,0.95
61.087,5,-0.142,-6.731,-2.262,1.843,1.822,-0.1918,0.956
61.138,5,-0.224,-6.821,-2.3343,1.822,1.795,-0.2414,0.967
61.187,5,-0.267,-6.862,-2.3685,1.801,1.795,-0.2194,0.964
61.237,5,-0.358,-6.94,-2.4601,1.778,1.785,-0.2175,0.948
61.286,5,-0.428,-6.992,-2.5164,1.775,1.779,-0.2149,0.944
61.338,5,-0.506,-7.042,-2.5829,1.772,1.777,-0.2198,0.933
61.388,5,-0.557,-7.071,-2.6154,1.767,1.777,-0.2326,0.93
61.437,5,-0.663,-7.125,-2.7047,1.763,1.777,-0.2287,0.92
61.488,5,-0.728,-7.152,-2.75,1.761,1.778,-0.2269,0.906
61.538,5,-0.804,-7.179,-2.8058,1.764,1.781,-0.2415,0.877
61.588,5,-0.908,-7.209,-2.8866,1.764,1.788,-0.2399,0.834
61.638,5,-0.979,-7.224,-2.9321,1.768,1.797,-0.2417,0.817
61.686,5,-1.048,-7.236,-2.9863,1.777,1.808,-0.2272,0.783
61.736,5,-1.174,-7.248,-3.0737,1.79,1.82,-0.2316,0.75
61.787,5,-1.252,-7.25,-3.1253,1.798,1.833,-0.2276,0.708
61.838,5,-1.339,-7.247,3.1003,1.81,1.833,-0.2051,0.697
61.886,5,-1.445,-7.237,3.0308,1.824,1.861,-0.2159,0.674
61.939,5,-1.524,-7.225,2.9781,1.839,1.861,-0.1976,0.637
61.987,5,-1.613,-7.207,2.927,1.853,1.877,-0.1674,0.625
62.038,5,-1.71,-7.181,2.8666,1.87,1.894,-0.1554,0.595
62.086,5,-1.768,-7.162,2.8406,1.875,1.913,-0.1678,0.588
62.136,5,-1.891,-7.118,2.7738,1.903,1.934,-0.1681,0.575
62.188,5,-1.968,-7.085,2.731,1.923,1.954,-0.1856,0.561
62.238,5,-2.054,-7.043,2.6833,1.94,1.975,-0.1715,0.557
62.287,5,-2.132,-7.0,2.6357,1.963,1.975,-0.1566,0.552
62.338,5,-2.223,-6.945,2.5787,1.974,1.953,-0.1692,0.546
62.386,5,-2.31,-6.885,2.5287,1.958,1.93,-0.1689,0.537
62.437,5,-2.385,-6.827,2.4753,1.937,1.907,-0.1687,0.53
62.488,5,-2.432,-6.788,2.4482,1.931,1.882,-0.1858,0.529
62.537,5,-2.525,-6.703,2.3828,1.901,1.858,-0.2068,0.532
62.587,5,-2.584,-6.641,2.3307,1.864,1.834,-0.2105,0.53
62.639,5,-2.642,-6.575,2.2755,1.84,1.812,-0.2041,0.523
62.687,5,-2.699,-6.501,2.2195,1.832,1.792,-0.2098,0.52
62.738,5,-2.758,-6.414,2.1511,1.803,1.774,-0.2165,0.5
62.787,5,-2.799,-6.346,2.1014,1.784,1.76,-0.2397,0.493
62.837,5,-2.83,-6.288,2.0599,1.77,1.75,-0.2393,0.483
62.888,5,-2.879,-6.182,1.9809,1.75,1.746,-0.2519,0.48
62.937,5,-2.9,-6.127,1.9431,1.745,1.746,-0.2145,0.48
62.988,5,-2.932,-6.027,1.8614,1.739,1.746,-0.2398,0.486
63.038,5,-2.956,-5.932,1.8179,1.737,1.746,-0.2277,0.464
63.088,5,-2.97,-5.854,1.7366,1.737,1.747,-0.2163,0.452
63.138,5,-2.98,-5.773,1.6817,1.739,1.752,-0.2148,0.447
63.187,5,-2.986,-5.685,1.6358,1.744,1.759,-0.2146,0.439
63.238,5,-2.987,-5.608,1.5782,1.749,1.77,-0.1792,0.435
63.287,5,-2.983,-5.515,1.5255,1.764,1.784,-0.1662,0.433
63.338,5,-2.973,-5.411,1.4636,1.779,1.802,-0.1664,0.432
63.387,5,-2.966,-5.36,1.4427,1.784,1.823,-0.1809,0.428
63.438,5,-2.945,-5.236,1.3786,1.81,1.848,-0.1794,0.421
63.488,5,-2.928,-5.164,1.3454,1.821,1.848,-0.159,0.42
63.536,5,-2.901,-5.065,1.2952,1.843,1.874,-0.1306,0.421
63.588,5,-2.875,-4.981,1.2569,1.868,1.903,-0.1352,0.423
63.638,5,-2.847,-4.903,1.221,1.89,1.966,-0.1453,0.438
63.686,5,-2.801,-4.79,1.1702,1.921,1.998,-0.119,0.458
63.737,5,-2.763,-4.708,1.1361,1.973,1.998,-0.1079,0.484
63.787,5,-2.719,-4.619,1.1042,2.0,2.032,-0.0992,0.496
63.838,5,-2.669,-4.527,1.0682,2.031,2.067,-0.0916,0.511
63.887,5,-2.621,-4.443,1.0405,2.065,2.102,-0.0757,0.518
63.937,5,-2.571,-4.361,1.0168,2.094,2.172,-0.0625,0.522
63.988,5,-2.51,-4.267,0.9947,2.135,2.172,-0.0546,0.53
64.038,5,-2.456,-4.186,0.9779,2.17,2.21,-0.0377,0.53
64.088,5,-2.402,-4.108,0.9627,2.195,2.285,-0.0271,0.532
64.138,5,-2.315,-3.987,0.9477,2.255,2.322,-0.0127,0.539
64.188,5,-2.252,-3.9,0.9407,2.292,2.358,-0.0057,0.546
64.237,5,-2.185,-3.808,0.9367,2.333,2.394,0.006,0.553
64.288,5,-2.116,-3.715,0.9358,2.37,2.429,0.0174,0.556
64.338,5,-2.038,-3.608,0.9408,2.42,2.498,0.0399,0.568
64.388,5,-1.97,-3.514,0.9493,2.457,2.531,0.0525,0.576
64.436,5,-1.899,-3.413,0.9631,2.496,2.565,0.0646,0.579
64.486,5,-1.828,-3.308,0.9808,2.527,2.597,0.0708,0.585
64.538,5,-1.77,-3.217,1.0003,2.556,2.62,0.084,0.591
64.586,5,-1.692,-3.089,1.0361,2.598,2.579,0.1042,0.564
64.637,5,-1.637,-2.989,1.0606,2.605,2.566,0.1121,0.519
64.686,5,-1.565,-2.848,1.1175,2.583,2.555,0.1164,0.481
64.738,5,-1.517,-2.741,1.1577,2.566,2.555,0.1121,0.457
64.787,5,-1.473,-2.632,1.1974,2.56,2.555,0.1089,0.457
64.837,5,-1.441,-2.545,1.2271,2.559,2.555,0.1001,0.446
64.888,5,-1.387,-2.375,1.2822,2.559,2.559,0.1121,0.387
64.938,5,-1.357,-2.264,1.3202,2.558,2.562,0.1078,0.366
64.988,5,-1.329,-2.136,1.3603,2.561,2.566,0.0991,0.337
65.037,5,-1.307,-2.018,1.4007,2.566,2.577,0.1095,0.33
65.087,5,-1.289,-1.888,1.439,2.57,2.583,0.0991,0.322
65.138,5,-1.276,-1.755,1.4792,2.578,2.59,0.1005,0.317
65.187,5,-1.269,-1.647,1.5128,2.585,2.598,0.0959,0.318
65.239,5,-1.266,-1.533,1.5505,2.595,2.616,0.0991,0.316
65.289,5,-1.267,-1.372,1.5961,2.604,2.625,0.0948,0.313
65.336,5,-1.276,-1.218,1.6407,2.619,2.645,0.1038,0.316
65.388,5,-1.287,-1.1,1.6754,2.632,2.655,0.0964,0.338
65.438,5,-1.304,-0.977,1.7113,2.645,2.666,0.0819,0.343
65.488,5,-1.324,-0.854,1.7408,2.655,2.687,0.0733,0.349
65.536,5,-1.353,-0.713,1.7771,2.674,2.7,0.0668,0.349
65.588,5,-1.385,-0.574,1.8043,2.689,2.714,0.0616,0.368
65.637,5,-1.414,-0.462,1.8271,2.706,2.732,0.0517,0.378
65.687,5,-1.444,-0.354,1.8454,2.722,2.772,0.0537,0.394
65.736,5,-1.489,-0.207,1.8692,2.742,2.796,0.0388,0.407
65.787,5,-1.54,-0.052,1.8966,2.777,2.849,0.0302,0.422
65.837,5,-1.585,0.075,1.9114,2.814,2.878,0.0216,0.429
65.887,5,-1.618,0.168,1.9184,2.834,2.907,0.0173,0.431
65.938,5,-1.687,0.351,1.9316,2.884,2.965,0.0098,0.43
65.988,5,-1.736,0.479,1.9376,2.915,2.993,0.0,0.423
66.036,5,-1.79,0.619,1.94,2.954,3.049,-0.0,0.418
66.088,5,-1.842,0.753,1.94,2.998,3.077,-0.0043,0.415
66.136,5,-1.89,0.878,1.9392,3.045,3.131,-0.0129,0.412
66.187,5,-1.943,1.015,1.9357,3.077,3.171,-0.0236,0.413
66.237,5,-2.013,1.202,1.9251,3.139,3.139,-0.0235,0.414
66.287,5,-2.055,1.318,1.9171,3.159,3.106,-0.0172,0.415
66.337,5,-2.109,1.472,1.9077,3.14,3.04,-0.0216,0.426
66.387,5,-2.156,1.608,1.8978,3.107,3.007,-0.0172,0.425
66.436,5,-2.19,1.71,1.8913,3.08,2.973,-0.0216,0.424
66.487,5,-2.259,1.924,1.878,3.018,2.87,-0.0316,0.446
66.537,5,-2.299,2.055,1.8679,2.969,2.799,-0.0259,0.455
66.586,5,-2.347,2.219,1.8525,2.87,2.763,-0.0259,0.471
66.638,5,-2.383,2.347,1.8429,2.818,2.725,-0.0259,0.498
66.686,5,-2.408,2.436,1.8376,2.794,2.648,-0.0389,0.506
66.737,5,-2.449,2.592,1.8254,2.736,2.609,-0.0434,0.521
66.788,5,-2.478,2.712,1.8102,2.68,2.568,-0.0388,0.534
66.838,5,-2.516,2.876,1.7886,2.601,2.485,-0.0474,0.55
66.887,5,-2.54,2.989,1.7724,2.546,2.444,-0.0517,0.566
66.937,5,-2.561,3.103,1.7566,2.502,2.404,-0.0517,0.573
66.987,5,-2.586,3.246,1.7358,2.453,2.327,-0.0795,0.583
67.037,5,-2.602,3.353,1.7136,2.392,2.29,-0.0813,0.588
67.089,5,-2.615,3.451,1.6948,2.355,2.254,-0.0895,0.588
67.137,5,-2.627,3.571,1.6684,2.315,2.22,-0.0934,0.59
67.186,5,-2.637,3.707,1.6298,2.258,2.186,-0.0973,0.603
67.238,5,-2.641,3.81,1.6014,2.23,2.155,-0.1157,0.613
67.287,5,-2.641,3.913,1.5692,2.185,2.125,-0.122,0.618
67.337,5,-2.638,4.027,1.5316,2.144,2.097,-0.1215,0.628
67.388,5,-2.63,4.133,1.4923,2.112,2.049,-0.1736,0.633
67.437,5,-2.618,4.24,1.4497,2.076,2.029,-0.1709,0.64
67.488,5,-2.603,4.335,1.402,2.048,2.013,-0.1704,0.659
67.538,5,-2.584,4.424,1.3557,2.03,2.001,-0.1842,0.678
67.587,5,-2.557,4.525,1.3068,2.015,1.993,-0.1858,0.692
67.638,5,-2.522,4.633,1.2421,1.996,1.989,-0.182,0.718
67.688,5,-2.49,4.718,1.195,1.988,1.989,-0.199,0.729
67.738,5,-2.453,4.802,1.1508,1.984,1.989,-0.1941,0.751
67.787,5,-2.397,4.91,1.0749,1.982,1.99,-0.1941,0.769
67.837,5,-2.351,4.987,1.0224,1.984,1.991,-0.2086,0.784
67.887,5,-2.315,5.043,0.9934,1.985,1.994,-0.2065,0.787
67.937,5,-2.235,5.151,0.9059,1.982,1.996,-0.2064,0.8
67.987,5,-2.178,5.217,0.859,1.983,2.0,-0.2218,0.807
68.038,5,-2.116,5.283,0.7991,1.984,2.003,-0.2248,0.819
68.087,5,-2.031,5.36,0.7224,1.986,2.003,-0.2065,0.825
68.137,5,-1.964,5.413,0.6605,1.992,1.999,-0.2067,0.823
68.187,5,-1.863,5.483,0.5821,1.991,1.995,-0.1942,0.825
68.238,5,-1.789,5.527,0.5295,1.988,1.992,-0.2065,0.83
68.286,5,-1.701,5.573,0.4692,1.984,1.989,-0.2064,0.834
68.338,5,-1.604,5.616,0.3988,1.983,1.986,-0.1941,0.831
68.387,5,-1.528,5.644,0.3523,1.979,1.984,-0.21,0.824
68.438,5,-1.434,5.674,0.2958,1.977,1.982,-0.194,0.814
68.486,5,-1.343,5.697,0.2374,1.975,1.982,-0.1939,0.805
68.538,5,-1.228,5.717,0.1598,1.975,1.982,-0.1939,0.798
68.588,5,-1.14,5.727,0.1045,1.976,1.981,-0.1939,0.797
68.636,5,-1.038,5.734,0.0537,1.975,1.982,-0.1939,0.796
68.687,5,-0.926,5.733,-0.0215,1.977,1.988,-0.2074,0.798
68.738,5,-0.852,5.729,-0.0548,1.977,1.988,-0.1954,0.792
68.788,5,-0.746,5.717,-0.1294,1.982,1.996,-0.1693,0.787
68.839,5,-0.65,5.7,-0.1844,1.992,2.006,-0.1694,0.772
68.887,5,-0.576,5.684,-0.2242,1.997,2.018,-0.1695,0.761
68.936,5,-0.441,5.646,-0.2954,2.011,2.007,-0.1992,0.754
68.987,5,-0.356,5.617,-0.3451,2.009,1.991,-0.1946,0.74
69.037,5,-0.271,5.582,-0.396,2.002,1.991,-0.1697,0.734
69.087,5,-0.183,5.541,-0.4504,1.995,1.974,-0.1709,0.723
69.137,5,-0.08,5.485,-0.5114,1.98,1.937,-0.2065,0.714
69.187,5,-0.005,5.439,-0.5591,1.957,1.918,-0.2222,0.711
69.239,5,0.034,5.414,-0.5735,1.948,1.918,-0.2079,0.711
69.288,5,0.118,5.352,-0.6298,1.932,1.9,-0.2092,0.712
69.337,5,0.213,5.271,-0.7212,1.912,1.869,-0.2359,0.715
69.388,5,0.266,5.22,-0.7749,1.887,1.869,-0.2052,0.702
69.438,5,0.315,5.169,-0.8177,1.867,1.856,-0.2044,0.686
69.488,5,0.4,5.064,-0.9028,1.864,1.847,-0.2062,0.645
69.537,5,0.446,5.0,-0.9606,1.848,1.844,-0.1796,0.625
69.587,5,0.505,4.906,-1.0282,1.845,1.842,-0.1919,0.593
69.637,5,0.547,4.831,-1.0713,1.842,1.842,-0.1673,0.569
69.688,5,0.571,4.782,-1.1029,1.841,1.842,-0.1796,0.559
69.738,5,0.627,4.654,-1.1859,1.843,1.846,-0.1684,0.525
69.787,5,0.656,4.572,-1.2331,1.846,1.855,-0.1551,0.518
69.838,5,0.688,4.468,-1.2865,1.856,1.868,-0.1475,0.504
69.887,5,0.703,4.411,-1.3103,1.859,1.886,-0.1185,0.494
69.936,5,0.729,4.297,-1.3579,1.881,1.909,-0.1187,0.464
69.988,5,0.745,4.213,-1.3887,1.905,1.936,-0.119,0.456
70.036,5,0.762,4.097,-1.4325,1.935,1.967,-0.1069,0.444
70.087,5,0.771,4.02,-1.4581,1.951,2.001,-0.0919,0.434
70.137,5,0.779,3.933,-1.4834,1.986,2.038,-0.0806,0.428
70.188,5,0.787,3.805,-1.517,2.019,2.078,-0.0621,0.424
70.238,5,0.79,3.711,-1.5377,2.053,2.119,-0.054,0.424
70.288,5,0.792,3.611,-1.5534,2.086,2.158,-0.0516,0.425
70.338,5,0.793,3.513,-1.5685,2.134,2.197,-0.0394,0.428
70.386,5,0.791,3.378,-1.5875,2.195,2.235,-0.0295,0.43
70.437,5,0.789,3.276,-1.5981,2.229,2.273,-0.0223,0.423
70.488,5,0.785,3.167,-1.6073,2.27,2.31,-0.013,0.42
70.537,6,0.78,3.053,-1.6119,2.301,2.346,-0.0087,0.419
70.588,6,0.776,2.964,-1.6148,2.33,2.417,-0.0,0.418
70.637,6,0.77,2.825,-1.6179,2.355,2.452,-0.0,0.418
70.687,6,0.765,2.715,-1.6179,2.41,2.486,0.0,0.419
70.737,6,0.759,2.59,-1.6179,2.46,2.52,0.0,0.432
70.787,6,0.753,2.463,-1.6179,2.51,2.587,0.0046,0.447
70.838,6,0.746,2.315,-1.6173,2.558,2.619,0.0063,0.468
70.887,6,0.742,2.228,-1.6164,2.578,2.651,0.0043,0.476
70.937,6,0.735,2.066,-1.6135,2.626,2.683,0.0058,0.491
70.988,6,0.729,1.941,-1.6121,2.666,2.745,0.0043,0.488
71.037,6,0.725,1.817,-1.6101,2.698,2.776,0.0064,0.483
71.088,6,0.718,1.647,-1.6075,2.763,2.836,0.0063,0.477
71.137,6,0.714,1.518,-1.6052,2.798,2.866,0.0054,0.473
71.187,6,0.709,1.374,-1.6029,2.833,2.895,0.0,0.471
71.237,6,0.705,1.24,-1.6014,2.869,2.953,0.0,0.468
71.288,6,0.701,1.103,-1.6014,2.906,2.982,0.0,0.463
71.338,6,0.697,0.968,-1.6014,2.948,3.038,0.0054,0.459
71.386,6,0.691,0.778,-1.6006,2.997,3.066,0.0043,0.452
71.437,6,0.687,0.638,-1.5983,3.038,3.12,0.0052,0.449
71.487,6,0.683,0.497,-1.596,3.08,3.147,0.0,0.448
71.538,6,0.679,0.317,-1.594,3.121,3.201,0.0,0.443
71.588,6,0.676,0.172,-1.594,3.154,3.227,0.0,0.439
71.638,6,0.673,0.045,-1.594,3.182,3.279,0.0,0.438
71.687,6,0.668,-0.142,-1.594,3.231,3.305,0.0,0.434
71.738,6,0.665,-0.296,-1.594,3.274,3.355,0.0,0.433
71.788,6,0.66,-0.478,-1.594,3.325,3.405,0.0,0.433
71.838,6,0.657,-0.645,-1.594,3.361,3.455,-0.0,0.436
71.887,6,0.653,-0.791,-1.594,3.387,3.479,-0.0,0.443
71.937,6,0.649,-0.986,-1.594,3.442,3.527,-0.0,0.474
71.987,6,0.645,-1.146,-1.594,3.483,3.575,-0.0,0.497
72.038,6,0.64,-1.353,-1.594,3.529,3.622,-0.0,0.506
72.088,6,0.636,-1.51,-1.594,3.566,3.645,-0.0054,0.512
72.138,6,0.632,-1.686,-1.5954,3.601,3.691,-0.0043,0.513
72.188,6,0.628,-1.857,-1.5983,3.637,3.714,-0.0057,0.515
72.237,6,0.623,-2.029,-1.6014,3.673,3.693,-0.0052,0.517
72.287,6,0.616,-2.217,-1.6046,3.692,3.586,-0.0054,0.521
72.338,6,0.608,-2.438,-1.6084,3.66,3.55,-0.0,0.527
72.388,6,0.602,-2.604,-1.6104,3.615,3.476,-0.0,0.539
72.437,6,0.595,-2.772,-1.6104,3.56,3.401,-0.0055,0.548
72.488,6,0.588,-2.948,-1.6104,3.493,3.325,-0.0043,0.566
72.538,6,0.58,-3.143,-1.6133,3.409,3.247,-0.0099,0.592
72.586,6,0.573,-3.305,-1.6157,3.353,3.207,-0.0102,0.601
72.638,6,0.565,-3.473,-1.6212,3.275,3.126,-0.0089,0.628
72.687,6,0.559,-3.583,-1.6238,3.248,3.085,-0.0043,0.642
72.737,6,0.547,-3.795,-1.6282,3.15,3.001,-0.0043,0.683
72.788,6,0.541,-3.898,-1.6294,3.124,2.914,-0.01,0.697
72.837,6,0.529,-4.087,-1.6323,3.026,2.87,-0.0086,0.716
72.888,6,0.521,-4.217,-1.6358,2.943,2.825,-0.0107,0.718
72.937,6,0.508,-4.401,-1.6411,2.866,2.732,-0.0129,0.71
72.987,6,0.499,-4.531,-1.6455,2.821,2.636,-0.0216,0.698
73.037,6,0.489,-4.66,-1.6517,2.738,2.587,-0.0259,0.693
73.087,6,0.478,-4.783,-1.6597,2.673,2.539,-0.0302,0.691
73.137,6,0.466,-4.911,-1.671,2.599,2.447,-0.0445,0.693
73.188,6,0.449,-5.056,-1.6857,2.54,2.402,-0.0489,0.697
73.237,6,0.442,-5.115,-1.6935,2.502,2.402,-0.0443,0.698
73.288,6,0.419,-5.285,-1.7084,2.445,2.316,-0.0602,0.698
73.337,6,0.401,-5.399,-1.7326,2.39,2.274,-0.0641,0.706
73.388,6,0.377,-5.524,-1.756,2.315,2.233,-0.068,0.72
73.438,6,0.356,-5.627,-1.7797,2.269,2.155,-0.0945,0.736
73.486,6,0.324,-5.763,-1.8138,2.204,2.118,-0.0969,0.754
73.538,6,0.298,-5.857,-1.8406,2.158,2.082,-0.1008,0.786
73.587,6,0.275,-5.937,-1.8619,2.135,2.048,-0.1182,0.799
73.638,6,0.235,-6.058,-1.9064,2.07,2.015,-0.1208,0.839
73.688,6,0.202,-6.144,-1.9389,2.042,1.984,-0.1205,0.854
73.737,6,0.167,-6.23,-1.9675,2.024,1.955,-0.1494,0.886
73.787,6,0.117,-6.337,-2.0214,1.964,1.928,-0.1444,0.931
73.838,6,0.078,-6.411,-2.0569,1.94,1.903,-0.1564,0.937
73.888,6,0.034,-6.488,-2.0975,1.916,1.88,-0.1727,0.945
73.937,6,-0.031,-6.589,-2.1619,1.885,1.859,-0.1955,0.948
73.986,6,-0.075,-6.65,-2.1991,1.868,1.84,-0.2069,0.95
74.038,6,-0.119,-6.706,-2.2428,1.854,1.822,-0.2042,0.955
74.087,6,-0.192,-6.788,-2.3126,1.832,1.807,-0.2039,0.962
74.138,6,-0.266,-6.862,-2.3792,1.807,1.795,-0.2157,0.962
74.189,6,-0.312,-6.903,-2.411,1.803,1.785,-0.2311,0.958
74.236,6,-0.398,-6.972,-2.4826,1.783,1.779,-0.2275,0.949
74.286,6,-0.476,-7.026,-2.5509,1.775,1.777,-0.2273,0.941
74.338,6,-0.547,-7.069,-2.6086,1.767,1.777,-0.2392,0.932
74.387,6,-0.612,-7.104,-2.6551,1.767,1.777,-0.2392,0.929
74.437,6,-0.7,-7.144,-2.7295,1.765,1.778,-0.2392,0.921
74.488,6,-0.747,-7.163,-2.7599,1.765,1.778,-0.2325,0.892
74.538,6,-0.832,-7.192,-2.8105,1.766,1.781,-0.2425,0.864
74.588,6,-0.925,-7.217,-2.8832,1.769,1.788,-0.2271,0.834
74.638,6,-1.003,-7.232,-2.9421,1.767,1.797,-0.227,0.798
74.688,6,-1.111,-7.246,-3.027,1.778,1.808,-0.2151,0.765
74.739,6,-1.175,-7.251,-3.0711,1.785,1.82,-0.2288,0.734
74.787,6,-1.306,-7.252,3.1289,1.801,1.833,-0.2277,0.708
74.839,6,-1.379,-7.247,3.0751,1.81,1.847,-0.2035,0.684
74.888,6,-1.476,-7.235,3.0112,1.822,1.861,-0.2169,0.661
74.94,6,-1.532,-7.226,2.9695,1.838,1.877,-0.1795,0.635
74.987,6,-1.636,-7.202,2.9029,1.85,1.894,-0.1674,0.611
75.037,6,-1.753,-7.168,2.8472,1.875,1.913,-0.18,0.592
75.086,6,-1.826,-7.143,2.8019,1.892,1.934,-0.1808,0.578
75.137,6,-1.901,-7.112,2.7671,1.905,1.954,-0.1805,0.566
75.186,6,-1.98,-7.077,2.7194,1.923,1.975,-0.1685,0.556
75.237,6,-2.066,-7.034,2.6744,1.934,1.975,-0.1565,0.55
75.287,6,-2.188,-6.962,2.592,1.975,1.953,-0.1814,0.544
75.336,6,-2.236,-6.931,2.5654,1.979,1.93,-0.1857,0.534
75.387,6,-2.342,-6.854,2.5034,1.959,1.93,-0.1567,0.527
75.436,6,-2.413,-6.797,2.4535,1.941,1.882,-0.1819,0.524
75.487,6,-2.503,-6.715,2.3936,1.92,1.858,-0.2112,0.523
75.536,6,-2.568,-6.65,2.3409,1.872,1.834,-0.2179,0.526
75.588,6,-2.627,-6.584,2.2867,1.848,1.812,-0.2179,0.517
75.636,6,-2.664,-6.537,2.253,1.838,1.792,-0.2214,0.515
75.687,6,-2.732,-6.443,2.1764,1.807,1.792,-0.1791,0.513
75.737,6,-2.781,-6.364,2.1151,1.795,1.774,-0.1914,0.505
75.786,6,-2.812,-6.309,2.0834,1.791,1.76,-0.2154,0.491
75.836,6,-2.855,-6.223,2.0288,1.765,1.75,-0.227,0.483
75.886,6,-2.899,-6.119,1.9459,1.748,1.746,-0.2268,0.479
75.937,6,-2.914,-6.077,1.9143,1.738,1.746,-0.2397,0.481
75.987,6,-2.936,-6.007,1.8779,1.74,1.746,-0.2557,0.483
76.037,6,-2.965,-5.88,1.7783,1.737,1.747,-0.2386,0.463
76.086,6,-2.977,-5.8,1.7227,1.735,1.752,-0.2436,0.451
76.136,6,-2.981,-5.767,1.6899,1.738,1.752,-0.2022,0.446
76.188,6,-2.987,-5.644,1.6204,1.741,1.77,-0.2047,0.436
76.237,6,-2.986,-5.568,1.5615,1.751,1.784,-0.1955,0.434
76.286,6,-2.981,-5.492,1.5056,1.763,1.784,-0.154,0.433
76.337,6,-2.97,-5.401,1.4545,1.774,1.802,-0.1542,0.426
76.388,6,-2.955,-5.306,1.4086,1.79,1.823,-0.16,0.42
76.437,6,-2.934,-5.209,1.368,1.799,1.848,-0.1707,0.415
76.487,6,-2.909,-5.112,1.3126,1.826,1.874,-0.1425,0.414
76.538,6,-2.886,-5.038,1.27,1.849,1.903,-0.1184,0.416
76.587,6,-2.849,-4.932,1.2227,1.893,1.934,-0.1189,0.424
76.637,6,-2.811,-4.837,1.187,1.911,1.966,-0.1191,0.444
76.69,6,-2.792,-4.794,1.1736,1.925,1.998,-0.111,0.453
76.736,6,-2.746,-4.694,1.1358,1.961,2.032,-0.1031,0.479
76.786,6,-2.687,-4.58,1.0887,1.992,2.067,-0.0882,0.502
76.836,6,-2.632,-4.481,1.0562,2.032,2.102,-0.0759,0.522
76.888,6,-2.582,-4.397,1.0299,2.07,2.136,-0.0644,0.529
76.936,6,-2.524,-4.305,1.0072,2.117,2.172,-0.0561,0.536
76.987,6,-2.467,-4.219,0.9876,2.144,2.21,-0.0388,0.539
77.036,6,-2.394,-4.112,0.9677,2.203,2.248,-0.0299,0.542
77.087,6,-2.34,-4.034,0.958,2.228,2.285,-0.0168,0.544
77.137,6,-2.276,-3.946,0.9502,2.269,2.322,-0.0085,0.548
77.188,6,-2.213,-3.858,0.9445,2.293,2.358,-0.0,0.554
77.237,6,-2.152,-3.773,0.9416,2.339,2.429,0.0128,0.561
77.287,6,-2.06,-3.647,0.9423,2.381,2.463,0.0299,0.567
77.337,6,-1.986,-3.545,0.9502,2.439,2.498,0.0406,0.578
77.387,6,-1.919,-3.45,0.9613,2.473,2.565,0.0693,0.585
77.436,6,-1.854,-3.354,0.9783,2.519,2.597,0.069,0.587
77.487,6,-1.782,-3.243,0.9987,2.554,2.62,0.0819,0.593
77.537,6,-1.71,-3.124,1.0335,2.596,2.597,0.0838,0.555
77.586,6,-1.665,-3.045,1.0532,2.6,2.566,0.1078,0.533
77.637,6,-1.582,-2.886,1.1064,2.586,2.558,0.1078,0.492
77.686,6,-1.53,-2.774,1.1455,2.575,2.555,0.1036,0.456
77.736,6,-1.488,-2.675,1.1786,2.566,2.555,0.0948,0.456
77.786,6,-1.446,-2.562,1.2171,2.563,2.555,0.1135,0.457
77.837,6,-1.408,-2.451,1.2531,2.561,2.556,0.1034,0.424
77.887,6,-1.362,-2.291,1.3118,2.56,2.562,0.1164,0.382
77.936,6,-1.335,-2.174,1.3523,2.562,2.566,0.1132,0.35
77.987,6,-1.314,-2.066,1.3807,2.564,2.571,0.1165,0.335
78.036,6,-1.294,-1.936,1.4247,2.57,2.583,0.1034,0.324
78.086,6,-1.278,-1.783,1.4819,2.577,2.59,0.0948,0.317
78.136,6,-1.272,-1.685,1.51,2.586,2.598,0.0862,0.317
78.186,6,-1.267,-1.529,1.5539,2.6,2.607,0.0862,0.313
78.236,6,-1.268,-1.407,1.5887,2.609,2.625,0.0991,0.311
78.287,6,-1.274,-1.279,1.6223,2.617,2.635,0.1002,0.317
78.338,6,-1.284,-1.151,1.6587,2.629,2.645,0.0905,0.325
78.388,6,-1.298,-1.025,1.6885,2.638,2.655,0.0819,0.337
78.436,6,-1.317,-0.897,1.7217,2.65,2.676,0.0819,0.346
78.486,6,-1.341,-0.763,1.7592,2.665,2.687,0.069,0.349
78.537,6,-1.37,-0.63,1.7908,2.685,2.714,0.069,0.353
78.586,6,-1.394,-0.53,1.8111,2.696,2.732,0.0603,0.373
78.636,6,-1.434,-0.381,1.8392,2.714,2.772,0.0605,0.391
78.687,6,-1.476,-0.242,1.8685,2.742,2.796,0.0388,0.406
78.736,6,-1.516,-0.118,1.8871,2.767,2.821,0.0302,0.417
78.787,6,-1.57,0.04,1.9056,2.803,2.878,0.0317,0.429
78.837,6,-1.615,0.166,1.9176,2.841,2.907,0.0216,0.434
78.887,6,-1.666,0.303,1.9291,2.875,2.936,0.0146,0.436
78.938,6,-1.712,0.422,1.9373,2.908,2.993,0.0,0.429
78.986,6,-1.765,0.559,1.9411,2.945,3.049,-0.0,0.423
79.036,6,-1.818,0.696,1.9418,2.992,3.077,-0.0043,0.417
79.087,6,-1.885,0.868,1.9396,3.048,3.131,-0.0129,0.413
79.137,6,-1.938,1.006,1.9357,3.075,3.158,-0.0172,0.414
79.188,6,-1.989,1.14,1.9297,3.12,3.171,-0.0172,0.415
79.236,6,-2.044,1.29,1.9227,3.147,3.106,-0.0216,0.42
79.287,6,-2.1,1.445,1.9129,3.158,3.04,-0.028,0.426
79.336,6,-2.135,1.546,1.9063,3.129,3.007,-0.0265,0.425
79.386,6,-2.198,1.732,1.8906,3.068,2.939,-0.0278,0.425
79.436,6,-2.243,1.874,1.879,3.022,2.905,-0.0216,0.432
79.487,6,-2.284,2.007,1.8679,2.96,2.835,-0.0216,0.449
79.538,6,-2.323,2.136,1.8592,2.916,2.799,-0.0231,0.465
79.587,6,-2.373,2.312,1.8469,2.837,2.725,-0.0259,0.492
79.637,6,-2.404,2.423,1.8386,2.801,2.687,-0.0312,0.501
79.687,6,-2.436,2.545,1.8278,2.743,2.648,-0.0302,0.516
79.737,6,-2.469,2.676,1.8151,2.695,2.568,-0.0443,0.53
79.787,6,-2.503,2.821,1.7998,2.638,2.526,-0.0431,0.541
79.837,6,-2.528,2.934,1.7835,2.58,2.485,-0.0431,0.552
79.886,6,-2.557,3.079,1.7661,2.525,2.404,-0.0603,0.576
79.937,6,-2.579,3.201,1.7448,2.484,2.365,-0.069,0.584
79.987,6,-2.597,3.314,1.7225,2.426,2.327,-0.0748,0.586
80.038,6,-2.611,3.416,1.7036,2.391,2.29,-0.077,0.588
80.086,6,-2.626,3.553,1.6731,2.326,2.22,-0.0978,0.588
80.136,6,-2.634,3.65,1.6471,2.286,2.186,-0.1017,0.595
80.186,6,-2.639,3.735,1.6228,2.246,2.155,-0.1224,0.604
80.236,6,-2.642,3.869,1.5828,2.188,2.125,-0.1218,0.616
80.286,6,-2.64,3.983,1.5352,2.142,2.097,-0.1214,0.625
80.337,6,-2.633,4.091,1.4969,2.116,2.071,-0.1378,0.629
80.387,6,-2.621,4.203,1.4534,2.083,2.049,-0.1464,0.641
80.437,6,-2.603,4.313,1.4013,2.062,2.029,-0.148,0.66
80.486,6,-2.586,4.397,1.3675,2.047,2.013,-0.1589,0.669
80.537,6,-2.564,4.489,1.324,2.025,1.993,-0.1824,0.684
80.586,6,-2.533,4.593,1.2665,2.002,1.989,-0.182,0.699
80.636,6,-2.5,4.685,1.221,1.993,1.989,-0.1943,0.719
80.687,6,-2.458,4.783,1.1604,1.985,1.989,-0.1694,0.752
80.736,6,-2.41,4.879,1.0941,1.988,1.99,-0.1942,0.768
80.787,6,-2.364,4.962,1.0462,1.984,1.991,-0.2066,0.779
80.837,6,-2.316,5.037,0.9909,1.982,1.994,-0.2241,0.783
80.887,6,-2.252,5.124,0.93,1.98,1.996,-0.2211,0.795
80.937,6,-2.195,5.193,0.872,1.986,2.0,-0.2229,0.8
80.988,6,-2.132,5.261,0.8168,1.991,2.003,-0.219,0.813
81.037,6,-2.072,5.319,0.7598,1.989,2.003,-0.2249,0.821
81.088,6,-1.984,5.395,0.6864,1.992,1.999,-0.22,0.821
81.137,6,-1.902,5.455,0.6318,1.994,1.995,-0.2342,0.822
81.186,6,-1.819,5.508,0.5555,1.988,1.992,-0.2065,0.825
81.237,6,-1.739,5.552,0.5014,1.988,1.989,-0.2065,0.831
81.287,6,-1.63,5.604,0.4235,1.986,1.986,-0.2208,0.834
81.336,6,-1.554,5.635,0.378,1.982,1.984,-0.2228,0.828
81.387,6,-1.451,5.669,0.3004,1.976,1.982,-0.2063,0.812
81.436,6,-1.354,5.694,0.2391,1.975,1.982,-0.2062,0.807
81.488,6,-1.265,5.711,0.1789,1.974,1.982,-0.1939,0.801
81.537,6,-1.175,5.723,0.1243,1.978,1.981,-0.1965,0.796
81.587,6,-1.057,5.731,0.0513,1.979,1.982,-0.1946,0.794
81.637,6,-0.969,5.732,-0.0003,1.979,1.983,-0.195,0.795
81.687,6,-0.9,5.73,-0.0357,1.98,1.988,-0.1816,0.791
81.737,6,-0.774,5.718,-0.1084,1.983,1.996,-0.1816,0.786
81.787,6,-0.67,5.702,-0.1712,1.992,2.006,-0.1867,0.767
81.837,6,-0.573,5.681,-0.2232,1.996,2.018,-0.1819,0.757
81.887,6,-0.475,5.654,-0.2791,2.008,2.021,-0.1853,0.75
81.936,6,-0.385,5.624,-0.3272,2.016,2.007,-0.1698,0.747
81.987,6,-0.288,5.587,-0.3817,2.013,1.991,-0.1697,0.729
82.038,6,-0.197,5.545,-0.4346,2.0,1.974,-0.1823,0.72
82.086,6,-0.107,5.499,-0.4882,1.981,1.956,-0.1942,0.714
82.137,6,-0.051,5.467,-0.5244,1.964,1.937,-0.1938,0.711
82.187,6,0.051,5.399,-0.6,1.943,1.918,-0.1945,0.709
82.236,6,0.12,5.347,-0.6511,1.925,1.9,-0.1964,0.709
82.287,6,0.191,5.287,-0.7069,1.918,1.884,-0.1807,0.712
82.336,6,0.278,5.205,-0.7809,1.892,1.869,-0.2049,0.693
82.387,6,0.339,5.139,-0.8329,1.875,1.856,-0.2191,0.675
82.437,6,0.397,5.07,-0.8922,1.854,1.847,-0.2043,0.634
82.486,6,0.45,4.997,-0.95,1.854,1.844,-0.2085,0.614
82.538,6,0.498,4.924,-1.0023,1.847,1.842,-0.2086,0.606
82.587,6,0.542,4.848,-1.0498,1.844,1.842,-0.1968,0.583
82.637,6,0.589,4.757,-1.1085,1.842,1.842,-0.1918,0.552
82.687,6,0.627,4.669,-1.172,1.844,1.846,-0.1801,0.536
82.736,6,0.657,4.588,-1.2213,1.848,1.855,-0.1673,0.523
82.787,6,0.686,4.499,-1.2656,1.853,1.868,-0.1685,0.518
82.837,6,0.712,4.406,-1.3164,1.864,1.886,-0.1308,0.495
82.886,6,0.731,4.32,-1.3587,1.881,1.909,-0.1186,0.472
82.936,6,0.743,4.255,-1.3791,1.892,1.936,-0.1189,0.463
82.987,6,0.762,4.134,-1.4233,1.919,1.967,-0.1153,0.45
83.037,6,0.774,4.042,-1.4546,1.944,2.001,-0.0946,0.44
83.088,6,0.782,3.954,-1.4829,1.97,2.038,-0.0868,0.433
83.137,6,0.786,3.882,-1.5028,1.991,2.078,-0.0705,0.428
83.186,6,0.793,3.726,-1.5422,2.053,2.119,-0.054,0.427
83.237,6,0.794,3.636,-1.5579,2.083,2.158,-0.0471,0.427
83.287,6,0.794,3.537,-1.5725,2.12,2.197,-0.0334,0.43
83.344,6,0.793,3.47,-1.583,2.152,2.197,-0.0306,0.431
83.386,6,0.79,3.321,-1.5898,2.177,2.235,-0.026,0.426
83.436,6,0.785,3.187,-1.6076,2.24,2.31,-0.0084,0.419
83.487,7,0.781,3.096,-1.6104,2.282,2.346,-0.009,0.419
83.537,7,0.776,2.968,-1.6145,2.331,2.382,-0.0049,0.418
83.587,7,0.771,2.857,-1.6171,2.369,2.417,-0.0,0.418
83.636,7,0.766,2.749,-1.6182,2.401,2.486,0.0,0.417
83.686,7,0.759,2.606,-1.6182,2.452,2.52,0.0,0.428
83.737,7,0.753,2.491,-1.6182,2.492,2.554,0.0045,0.442
83.786,7,0.748,2.375,-1.6173,2.537,2.619,0.0061,0.457
83.837,7,0.741,2.231,-1.6153,2.572,2.651,0.0064,0.471
83.887,7,0.736,2.108,-1.613,2.616,2.683,0.0056,0.487
83.936,7,0.731,1.989,-1.6106,2.66,2.745,0.005,0.49
83.987,7,0.725,1.819,-1.6078,2.711,2.776,0.0043,0.483
84.037,7,0.722,1.726,-1.6069,2.733,2.806,0.0,0.481
84.087,7,0.716,1.558,-1.6063,2.771,2.836,0.0,0.476
84.137,7,0.711,1.429,-1.6063,2.807,2.895,0.0059,0.472
84.186,7,0.706,1.287,-1.6054,2.846,2.953,0.0043,0.467
84.237,7,0.7,1.114,-1.6029,2.913,2.982,0.0043,0.461
84.288,7,0.696,0.978,-1.6008,2.952,3.01,0.0057,0.457
84.336,7,0.692,0.832,-1.5988,2.98,3.066,0.005,0.456
84.387,7,0.688,0.697,-1.5965,3.017,3.093,0.0,0.452
84.437,7,0.685,0.55,-1.5954,3.06,3.12,0.0,0.449
84.487,7,0.681,0.377,-1.5954,3.101,3.174,0.0,0.446
84.536,7,0.677,0.233,-1.5954,3.142,3.227,0.0,0.442
84.587,7,0.673,0.055,-1.5954,3.18,3.253,0.0,0.438
84.636,7,0.668,-0.112,-1.5954,3.226,3.305,0.0,0.432
84.686,7,0.666,-0.219,-1.5954,3.242,3.355,0.0,0.432
84.736,7,0.661,-0.423,-1.5954,3.299,3.381,0.0,0.432
84.787,7,0.657,-0.573,-1.5954,3.347,3.43,0.0,0.432
84.836,7,0.652,-0.789,-1.5954,3.397,3.479,0.0,0.445
84.887,7,0.648,-0.947,-1.5954,3.431,3.503,0.0,0.462
84.936,7,0.644,-1.113,-1.5954,3.466,3.551,0.0,0.497
84.986,7,0.639,-1.291,-1.5954,3.509,3.599,-0.0,0.502
85.037,7,0.636,-1.415,-1.5954,3.535,3.645,-0.0,0.505
85.087,7,0.631,-1.64,-1.5954,3.586,3.668,-0.0,0.511
85.136,7,0.627,-1.803,-1.5954,3.629,3.714,-0.0054,0.516
85.186,7,0.622,-1.987,-1.5974,3.675,3.693,-0.0043,0.519
85.237,7,0.616,-2.209,-1.6006,3.702,3.622,-0.0043,0.523
85.286,7,0.611,-2.356,-1.6023,3.693,3.586,-0.0043,0.525
85.336,7,0.604,-2.583,-1.6055,3.631,3.476,-0.0043,0.528
85.387,7,0.598,-2.744,-1.6075,3.583,3.401,-0.009,0.551
85.437,7,0.591,-2.907,-1.6099,3.52,3.325,-0.0097,0.56
85.487,7,0.583,-3.1,-1.6154,3.418,3.286,-0.0089,0.586
85.538,7,0.577,-3.232,-1.618,3.383,3.207,-0.0043,0.595
85.587,7,0.568,-3.407,-1.6215,3.312,3.167,-0.0043,0.614
85.636,7,0.56,-3.554,-1.6238,3.258,3.085,-0.0043,0.635
85.687,7,0.55,-3.737,-1.6261,3.203,3.043,-0.0043,0.663
85.737,7,0.542,-3.878,-1.6285,3.127,2.958,-0.0092,0.691
85.787,7,0.532,-4.043,-1.6305,3.057,2.914,-0.0086,0.715
85.836,7,0.524,-4.181,-1.634,2.989,2.825,-0.0129,0.717
85.887,7,0.512,-4.361,-1.6408,2.879,2.732,-0.0129,0.708
85.936,7,0.505,-4.452,-1.6437,2.845,2.684,-0.0185,0.704
85.986,7,0.49,-4.638,-1.652,2.753,2.587,-0.0259,0.694
86.037,7,0.483,-4.729,-1.6561,2.713,2.539,-0.0302,0.692
86.087,7,0.466,-4.902,-1.6713,2.607,2.493,-0.0354,0.695
86.137,7,0.455,-5.005,-1.6803,2.571,2.447,-0.0407,0.696
86.186,7,0.436,-5.159,-1.6987,2.482,2.359,-0.0566,0.699
86.237,7,0.421,-5.27,-1.713,2.429,2.316,-0.0615,0.699
86.286,7,0.409,-5.348,-1.724,2.396,2.274,-0.0701,0.704
86.337,7,0.381,-5.505,-1.7554,2.32,2.233,-0.0681,0.724
86.386,7,0.367,-5.577,-1.7686,2.298,2.194,-0.0721,0.732
86.437,7,0.335,-5.72,-1.7972,2.248,2.155,-0.0888,0.75
86.486,7,0.309,-5.82,-1.8238,2.19,2.082,-0.1051,0.77
86.537,7,0.275,-5.938,-1.8646,2.124,2.048,-0.1215,0.805
86.587,7,0.244,-6.033,-1.8937,2.087,2.015,-0.121,0.819
86.637,7,0.211,-6.122,-1.9281,2.05,1.984,-0.1332,0.847
86.686,7,0.177,-6.205,-1.9636,2.005,1.955,-0.145,0.879
86.736,7,0.133,-6.303,-2.0109,1.969,1.928,-0.15,0.913
86.786,7,0.1,-6.369,-2.04,1.962,1.903,-0.1567,0.933
86.838,7,0.045,-6.467,-2.0867,1.934,1.88,-0.1729,0.942
86.887,7,-0.008,-6.553,-2.135,1.907,1.859,-0.2078,0.947
86.937,7,-0.059,-6.627,-2.1795,1.881,1.84,-0.205,0.949
86.986,7,-0.109,-6.692,-2.2306,1.858,1.822,-0.2179,0.953
87.037,7,-0.166,-6.759,-2.2842,1.841,1.807,-0.2163,0.96
87.086,7,-0.243,-6.84,-2.349,1.819,1.795,-0.2281,0.967
87.136,7,-0.322,-6.911,-2.4261,1.794,1.785,-0.2278,0.96
87.186,7,-0.387,-6.963,-2.4816,1.785,1.779,-0.2397,0.946
87.236,7,-0.455,-7.011,-2.5366,1.777,1.777,-0.2395,0.938
87.287,7,-0.53,-7.058,-2.5954,1.769,1.777,-0.2516,0.931
87.337,7,-0.599,-7.095,-2.652,1.768,1.777,-0.2149,0.928
87.386,7,-0.674,-7.13,-2.7126,1.768,1.778,-0.2392,0.921
87.436,7,-0.775,-7.17,-2.7919,1.767,1.781,-0.252,0.879
87.487,7,-0.856,-7.195,-2.8515,1.767,1.781,-0.2148,0.85
87.536,7,-0.942,-7.216,-2.9108,1.774,1.788,-0.2271,0.834
87.586,7,-1.023,-7.231,-2.9667,1.776,1.797,-0.215,0.8
87.637,7,-1.123,-7.243,-3.0394,1.788,1.808,-0.2201,0.766
87.687,7,-1.198,-7.247,-3.0857,1.797,1.82,-0.2154,0.735
87.736,7,-1.284,-7.248,3.1405,1.806,1.833,-0.2155,0.708
87.787,7,-1.371,-7.243,3.0825,1.819,1.847,-0.2158,0.683
87.837,7,-1.465,-7.233,3.0226,1.829,1.861,-0.2038,0.662
87.886,7,-1.57,-7.214,2.9473,1.847,1.877,-0.1795,0.624
87.937,7,-1.647,-7.196,2.9069,1.859,1.894,-0.1853,0.613
87.987,7,-1.732,-7.172,2.8616,1.876,1.894,-0.1555,0.595
88.037,7,-1.834,-7.138,2.8069,1.894,1.934,-0.1803,0.58
88.086,7,-1.931,-7.099,2.7524,1.916,1.954,-0.1806,0.569
88.138,7,-2.0,-7.069,2.7249,1.928,1.954,-0.1685,0.56
88.188,7,-2.071,-7.033,2.673,1.944,1.975,-0.1813,0.554
88.237,7,-2.176,-6.974,2.6115,1.966,1.975,-0.1591,0.55
88.286,7,-2.252,-6.925,2.5689,1.974,1.93,-0.1949,0.542
88.337,7,-2.346,-6.858,2.5015,1.947,1.907,-0.1964,0.532
88.387,7,-2.421,-6.798,2.4477,1.929,1.882,-0.181,0.529
88.437,7,-2.468,-6.756,2.4177,1.919,1.882,-0.1695,0.529
88.487,7,-2.552,-6.674,2.3542,1.889,1.858,-0.1803,0.531
88.537,7,-2.61,-6.611,2.3091,1.875,1.834,-0.1925,0.525
88.588,7,-2.667,-6.543,2.258,1.842,1.812,-0.2059,0.521
88.637,7,-2.715,-6.479,2.2025,1.82,1.792,-0.1914,0.518
88.686,7,-2.773,-6.39,2.1362,1.799,1.774,-0.1911,0.499
88.738,7,-2.816,-6.316,2.0909,1.782,1.76,-0.2274,0.486
88.787,7,-2.859,-6.232,2.0391,1.774,1.75,-0.254,0.476
88.837,7,-2.881,-6.184,1.9901,1.747,1.746,-0.2387,0.474
88.886,7,-2.927,-6.056,1.8878,1.739,1.746,-0.2404,0.477
88.937,7,-2.944,-5.998,1.8491,1.739,1.746,-0.2394,0.48
88.986,7,-2.965,-5.905,1.7827,1.739,1.747,-0.2422,0.468
89.036,7,-2.979,-5.813,1.7077,1.739,1.752,-0.2144,0.45
89.086,7,-2.985,-5.752,1.6731,1.744,1.759,-0.2277,0.446
89.137,7,-2.99,-5.652,1.6065,1.749,1.77,-0.1954,0.44
89.186,7,-2.987,-5.543,1.5316,1.763,1.784,-0.1782,0.436
89.236,7,-2.981,-5.462,1.4855,1.777,1.784,-0.1664,0.437
89.287,7,-2.97,-5.374,1.4424,1.788,1.802,-0.1673,0.433
89.336,7,-2.957,-5.293,1.4018,1.797,1.823,-0.1544,0.426
89.386,7,-2.939,-5.207,1.3587,1.819,1.848,-0.1547,0.421
89.436,7,-2.919,-5.126,1.3176,1.839,1.874,-0.1306,0.419
89.487,7,-2.889,-5.026,1.2748,1.869,1.903,-0.1458,0.421
89.538,7,-2.86,-4.944,1.2335,1.883,1.934,-0.1311,0.428
89.586,7,-2.831,-4.868,1.195,1.921,1.966,-0.1192,0.447
89.636,7,-2.777,-4.745,1.1463,1.955,1.998,-0.107,0.473
89.687,7,-2.738,-4.663,1.1143,1.98,2.032,-0.105,0.493
89.737,7,-2.707,-4.603,1.0972,1.998,2.067,-0.0951,0.504
89.786,7,-2.643,-4.487,1.058,2.041,2.102,-0.0803,0.518
89.836,7,-2.583,-4.387,1.0248,2.096,2.136,-0.0671,0.521
89.887,7,-2.531,-4.304,1.0038,2.135,2.172,-0.0605,0.534
89.936,7,-2.492,-4.245,0.9924,2.144,2.21,-0.0469,0.533
89.986,7,-2.418,-4.136,0.9688,2.181,2.248,-0.0294,0.534
90.036,7,-2.35,-4.039,0.9553,2.234,2.285,-0.022,0.537
90.086,7,-2.277,-3.938,0.9464,2.282,2.358,-0.0087,0.545
90.137,7,-2.217,-3.856,0.9423,2.318,2.358,-0.0049,0.548
90.187,7,-2.141,-3.751,0.9396,2.361,2.429,0.0137,0.558
90.236,7,-2.075,-3.66,0.9401,2.397,2.463,0.0256,0.566
90.287,7,-2.026,-3.594,0.943,2.421,2.498,0.0388,0.569
90.337,7,-1.928,-3.456,0.955,2.468,2.531,0.0515,0.58
90.387,7,-1.869,-3.371,0.9701,2.512,2.565,0.0603,0.583
90.437,7,-1.804,-3.271,0.991,2.547,2.62,0.0819,0.589
90.487,7,-1.746,-3.18,1.0131,2.576,2.597,0.0862,0.584
90.536,7,-1.687,-3.082,1.0303,2.599,2.579,0.1087,0.537
90.587,7,-1.588,-2.899,1.0963,2.596,2.558,0.1129,0.495
90.637,7,-1.536,-2.79,1.1343,2.578,2.555,0.1142,0.453
90.686,7,-1.488,-2.679,1.1723,2.566,2.555,0.125,0.45
90.737,7,-1.456,-2.598,1.1974,2.56,2.555,0.125,0.452
90.787,7,-1.402,-2.441,1.2574,2.558,2.556,0.1122,0.43
90.837,7,-1.371,-2.33,1.3028,2.559,2.562,0.1121,0.386
90.887,7,-1.335,-2.178,1.3564,2.563,2.566,0.1096,0.342
90.937,7,-1.317,-2.08,1.3799,2.566,2.571,0.1078,0.335
90.986,7,-1.297,-1.956,1.4231,2.571,2.577,0.095,0.324
91.037,7,-1.282,-1.82,1.4612,2.576,2.583,0.0917,0.318
91.086,7,-1.271,-1.679,1.5084,2.587,2.598,0.0959,0.318
91.136,7,-1.268,-1.591,1.5288,2.591,2.607,0.0948,0.318
91.186,7,-1.266,-1.424,1.5761,2.603,2.616,0.0914,0.313
91.237,7,-1.271,-1.299,1.611,2.614,2.635,0.1039,0.313
91.287,7,-1.278,-1.187,1.6398,2.623,2.645,0.0948,0.325
91.337,7,-1.294,-1.032,1.6835,2.635,2.655,0.0905,0.339
91.386,7,-1.31,-0.925,1.718,2.648,2.666,0.0862,0.348
91.436,7,-1.329,-0.82,1.7498,2.658,2.687,0.069,0.351
91.486,7,-1.371,-0.63,1.8008,2.684,2.714,0.0738,0.352
91.537,7,-1.396,-0.53,1.8212,2.697,2.732,0.0522,0.37
91.587,7,-1.444,-0.363,1.8595,2.724,2.751,0.0345,0.387
91.637,7,-1.483,-0.238,1.8759,2.74,2.796,0.0302,0.405
91.686,7,-1.524,-0.112,1.8894,2.766,2.821,0.0305,0.414
91.737,7,-1.567,0.015,1.9011,2.796,2.849,0.0264,0.422
91.786,7,-1.615,0.15,1.9124,2.823,2.907,0.0223,0.428
91.838,7,-1.66,0.274,1.9228,2.857,2.936,0.0149,0.43
91.887,7,-1.708,0.402,1.9305,2.91,2.965,0.0043,0.428
91.936,7,-1.763,0.544,1.9361,2.946,3.021,-0.0,0.422
91.987,7,-1.817,0.686,1.9378,2.976,3.077,-0.0064,0.417
92.037,7,-1.879,0.847,1.9371,3.038,3.104,-0.0086,0.412
92.087,7,-1.922,0.958,1.9354,3.066,3.158,-0.019,0.412
92.137,7,-1.987,1.132,1.9286,3.121,3.171,-0.0172,0.413
92.187,7,-2.041,1.277,1.9202,3.153,3.106,-0.0228,0.416
92.236,7,-2.085,1.402,1.9143,3.156,3.073,-0.0216,0.428
92.286,7,-2.143,1.568,1.9025,3.127,3.007,-0.026,0.425
92.336,7,-2.198,1.732,1.8902,3.068,2.939,-0.0259,0.425
92.387,7,-2.244,1.875,1.8777,3.004,2.905,-0.0216,0.43
92.436,7,-2.286,2.011,1.8672,2.943,2.835,-0.0216,0.456
92.487,7,-2.325,2.142,1.8565,2.901,2.799,-0.0232,0.472
92.537,7,-2.353,2.239,1.8512,2.876,2.763,-0.0216,0.481
92.586,7,-2.401,2.413,1.8389,2.82,2.687,-0.0309,0.506
92.636,7,-2.438,2.553,1.8284,2.768,2.648,-0.0362,0.522
92.686,7,-2.47,2.679,1.8147,2.698,2.568,-0.0431,0.535
92.737,7,-2.494,2.78,1.803,2.657,2.526,-0.0431,0.54
92.787,7,-2.526,2.923,1.787,2.602,2.444,-0.0618,0.551
92.837,7,-2.55,3.038,1.7717,2.56,2.404,-0.0654,0.567
92.887,7,-2.571,3.154,1.7507,2.484,2.365,-0.0705,0.58
92.936,7,-2.59,3.269,1.7278,2.434,2.327,-0.0706,0.586
92.986,7,-2.611,3.419,1.7008,2.387,2.29,-0.0782,0.588
93.037,7,-2.623,3.529,1.6764,2.353,2.254,-0.081,0.588
93.088,7,-2.633,3.652,1.6438,2.284,2.186,-0.1061,0.599
93.136,7,-2.637,3.729,1.6266,2.258,2.155,-0.1226,0.605
93.186,7,-2.64,3.875,1.5837,2.204,2.125,-0.1221,0.618
93.236,7,-2.638,3.978,1.5456,2.157,2.097,-0.1217,0.622
93.286,7,-2.631,4.09,1.5005,2.114,2.071,-0.1484,0.628
93.338,7,-2.625,4.157,1.4736,2.093,2.049,-0.1459,0.632
93.387,7,-2.606,4.29,1.4189,2.061,2.029,-0.1582,0.647
93.436,7,-2.587,4.386,1.3703,2.052,2.013,-0.1582,0.666
93.487,7,-2.565,4.476,1.3268,2.024,2.001,-0.1576,0.681
93.537,7,-2.546,4.544,1.292,2.011,1.993,-0.1729,0.695
93.587,7,-2.499,4.68,1.2205,1.993,1.989,-0.174,0.714
93.637,7,-2.464,4.764,1.1706,1.988,1.989,-0.1694,0.738
93.686,7,-2.431,4.834,1.1273,1.986,1.989,-0.1848,0.757
93.739,7,-2.373,4.942,1.0626,1.986,1.991,-0.2065,0.771
93.787,7,-2.311,5.043,0.9918,1.982,1.994,-0.2189,0.781
93.837,7,-2.258,5.116,0.9338,1.981,1.996,-0.2188,0.793
93.887,7,-2.198,5.19,0.8738,1.983,2.0,-0.2312,0.806
93.936,7,-2.147,5.245,0.837,1.987,2.0,-0.2117,0.812
93.988,7,-2.067,5.324,0.7513,1.99,2.003,-0.2196,0.821
94.036,7,-1.982,5.395,0.6858,1.991,1.999,-0.2243,0.82
94.086,7,-1.901,5.454,0.6228,1.997,1.995,-0.2191,0.822
94.138,7,-1.843,5.492,0.5811,1.993,1.992,-0.219,0.823
94.187,7,-1.734,5.554,0.4972,1.987,1.989,-0.2222,0.833
94.236,7,-1.652,5.594,0.4388,1.985,1.986,-0.2222,0.837
94.287,7,-1.553,5.634,0.3672,1.985,1.984,-0.2065,0.821
94.336,7,-1.459,5.665,0.3122,1.981,1.982,-0.2214,0.816
94.386,7,-1.357,5.692,0.2401,1.974,1.982,-0.2093,0.803
94.437,7,-1.28,5.707,0.1936,1.974,1.982,-0.2115,0.8
94.486,7,-1.196,5.72,0.136,1.973,1.981,-0.1939,0.796
94.536,7,-1.07,5.73,0.0651,1.979,1.982,-0.1981,0.794
94.587,7,-0.962,5.731,-0.0074,1.978,1.983,-0.1816,0.795
94.636,7,-0.889,5.728,-0.0504,1.979,1.988,-0.1826,0.79
94.687,7,-0.769,5.716,-0.1172,1.984,1.996,-0.1817,0.78
94.737,7,-0.691,5.704,-0.1541,1.989,2.006,-0.1818,0.773
94.786,7,-0.584,5.682,-0.2202,2.001,2.018,-0.1853,0.762
94.836,7,-0.497,5.659,-0.2664,2.009,2.021,-0.1697,0.752
94.887,7,-0.392,5.625,-0.3278,2.018,2.007,-0.1697,0.745
94.936,7,-0.296,5.588,-0.3845,2.017,1.991,-0.1698,0.727
94.986,7,-0.234,5.56,-0.4133,2.012,1.974,-0.1697,0.722
95.036,7,-0.111,5.498,-0.4892,1.988,1.956,-0.1969,0.712
95.086,7,-0.031,5.452,-0.5375,1.966,1.937,-0.1941,0.708
95.137,7,0.026,5.415,-0.5741,1.948,1.918,-0.1935,0.707
95.187,7,0.111,5.354,-0.6327,1.94,1.9,-0.1934,0.707
95.237,7,0.176,5.301,-0.6763,1.924,1.884,-0.2054,0.711
95.286,7,0.278,5.208,-0.7706,1.89,1.869,-0.2174,0.71
95.337,7,0.33,5.152,-0.8192,1.868,1.856,-0.2167,0.675
95.387,7,0.385,5.088,-0.8772,1.854,1.847,-0.2182,0.647
95.436,7,0.447,5.003,-0.9413,1.846,1.844,-0.2041,0.617
95.487,7,0.49,4.937,-1.0035,1.844,1.842,-0.1925,0.607
95.536,7,0.546,4.838,-1.0707,1.844,1.842,-0.192,0.568
95.587,7,0.586,4.758,-1.1219,1.844,1.842,-0.1796,0.549
95.637,7,0.62,4.68,-1.1693,1.845,1.846,-0.1801,0.533
95.687,7,0.653,4.592,-1.214,1.846,1.855,-0.1674,0.527
95.737,7,0.685,4.494,-1.2705,1.854,1.868,-0.1576,0.516
95.787,7,0.708,4.412,-1.3081,1.861,1.886,-0.1308,0.495
95.836,7,0.728,4.324,-1.3494,1.88,1.909,-0.133,0.474
95.887,7,0.741,4.261,-1.3713,1.89,1.936,-0.1189,0.465
95.936,7,0.761,4.138,-1.4185,1.925,1.967,-0.1165,0.451
95.988,7,0.773,4.04,-1.4554,1.944,2.001,-0.0947,0.436
96.036,7,0.779,3.972,-1.474,1.962,2.038,-0.0885,0.432
96.087,7,0.788,3.848,-1.5101,2.011,2.078,-0.0662,0.428
96.136,7,0.792,3.754,-1.5325,2.044,2.119,-0.0581,0.426
96.187,7,0.794,3.659,-1.5497,2.079,2.158,-0.0505,0.426
96.236,7,0.794,3.523,-1.5722,2.137,2.197,-0.0388,0.43
96.288,7,0.793,3.424,-1.5858,2.168,2.235,-0.0309,0.43
96.336,7,0.791,3.319,-1.5961,2.204,2.273,-0.021,0.427
96.387,7,0.787,3.202,-1.6053,2.24,2.31,-0.0127,0.421
96.436,8,0.783,3.102,-1.6102,2.285,2.346,-0.0095,0.42
96.487,8,0.777,2.975,-1.6151,2.315,2.382,-0.0057,0.419
96.536,8,0.771,2.848,-1.6188,2.367,2.452,0.0,0.418
96.586,8,0.766,2.732,-1.6191,2.419,2.486,0.0,0.421
96.636,8,0.76,2.612,-1.6191,2.456,2.52,0.0,0.435
96.687,8,0.754,2.486,-1.6191,2.494,2.554,0.0047,0.45
96.736,8,0.748,2.37,-1.6188,2.525,2.619,0.0043,0.457
96.787,8,0.742,2.237,-1.6167,2.577,2.651,0.0043,0.471
96.836,8,0.737,2.119,-1.6153,2.613,2.683,0.0043,0.486
96.888,8,0.731,1.998,-1.6138,2.647,2.714,0.0043,0.489
96.936,8,0.725,1.851,-1.6121,2.688,2.745,0.0043,0.484
96.986,8,0.72,1.723,-1.6104,2.726,2.806,0.0043,0.479
97.037,8,0.717,1.632,-1.6092,2.747,2.836,0.0043,0.474
97.086,8,0.709,1.425,-1.6066,2.808,2.895,0.0043,0.47
97.137,8,0.704,1.289,-1.6049,2.853,2.924,0.0043,0.466
97.187,8,0.7,1.138,-1.6029,2.906,2.982,0.0043,0.462
97.236,8,0.696,1.018,-1.6014,2.933,3.01,0.0043,0.458
97.286,8,0.691,0.843,-1.5991,2.977,3.066,0.0063,0.454
97.337,8,0.686,0.677,-1.5962,3.03,3.093,0.0045,0.45
97.387,8,0.683,0.552,-1.5945,3.069,3.12,0.0,0.448
97.436,8,0.68,0.406,-1.5934,3.1,3.174,0.0,0.445
97.486,8,0.676,0.24,-1.5934,3.146,3.227,0.0,0.442
97.537,8,0.672,0.056,-1.5934,3.194,3.279,0.0,0.436
97.586,8,0.67,-0.054,-1.5934,3.211,3.305,0.0,0.434
97.637,8,0.665,-0.256,-1.5934,3.268,3.33,0.0,0.433
97.687,8,0.661,-0.414,-1.5934,3.307,3.381,0.0,0.433
97.736,8,0.658,-0.561,-1.5934,3.343,3.43,0.0,0.433
97.786,8,0.653,-0.777,-1.5934,3.391,3.479,-0.0,0.445
97.836,8,0.65,-0.935,-1.5934,3.433,3.503,-0.0,0.461
97.886,8,0.646,-1.104,-1.5934,3.467,3.551,-0.0,0.498
97.937,8,0.642,-1.282,-1.5934,3.507,3.599,-0.0,0.504
97.987,8,0.638,-1.445,-1.5934,3.545,3.645,-0.0056,0.507
98.037,8,0.634,-1.613,-1.5934,3.576,3.691,-0.0043,0.512
98.087,8,0.629,-1.827,-1.5971,3.632,3.714,-0.0043,0.515
98.136,8,0.625,-1.969,-1.5988,3.662,3.693,-0.0043,0.516
98.186,8,0.619,-2.162,-1.6011,3.7,3.622,-0.0043,0.519
98.237,8,0.612,-2.375,-1.6043,3.675,3.55,-0.0043,0.524
98.287,8,0.607,-2.525,-1.6058,3.651,3.476,-0.0043,0.526
98.336,8,0.599,-2.747,-1.609,3.565,3.401,-0.0087,0.54
98.386,8,0.592,-2.923,-1.6113,3.506,3.363,-0.0093,0.566
98.436,8,0.584,-3.095,-1.6148,3.434,3.286,-0.0096,0.584
98.486,8,0.577,-3.251,-1.6194,3.365,3.207,-0.0043,0.602
98.537,8,0.571,-3.371,-1.6221,3.335,3.167,-0.0043,0.611
98.586,8,0.559,-3.592,-1.6256,3.237,3.085,-0.0064,0.633
98.636,8,0.55,-3.748,-1.6282,3.165,3.001,-0.0043,0.674
98.687,8,0.541,-3.894,-1.6308,3.102,2.958,-0.0043,0.702
98.736,8,0.534,-4.016,-1.6323,3.053,2.914,-0.0087,0.715
98.787,8,0.522,-4.201,-1.6367,2.961,2.825,-0.0102,0.719
98.836,8,0.515,-4.301,-1.639,2.93,2.732,-0.0129,0.714
98.887,8,0.503,-4.472,-1.644,2.835,2.684,-0.0183,0.705
98.937,8,0.493,-4.597,-1.649,2.776,2.587,-0.0278,0.698
98.987,8,0.48,-4.748,-1.657,2.697,2.587,-0.0216,0.693
99.038,8,0.469,-4.866,-1.6671,2.634,2.493,-0.0357,0.693
99.087,8,0.453,-5.023,-1.6812,2.562,2.402,-0.0474,0.697
99.137,8,0.443,-5.103,-1.6899,2.517,2.359,-0.056,0.698
99.186,8,0.422,-5.258,-1.7115,2.429,2.316,-0.0558,0.698
99.237,8,0.405,-5.364,-1.7295,2.384,2.274,-0.0641,0.703
99.287,8,0.384,-5.486,-1.7503,2.324,2.233,-0.0681,0.716
99.336,8,0.362,-5.591,-1.7736,2.278,2.194,-0.0736,0.732
99.387,8,0.339,-5.696,-1.7973,2.228,2.118,-0.097,0.749
99.437,8,0.304,-5.829,-1.8353,2.162,2.082,-0.1008,0.77
99.487,8,0.276,-5.925,-1.8635,2.13,2.048,-0.1214,0.805
99.537,8,0.255,-5.992,-1.8821,2.106,2.015,-0.121,0.818
99.588,8,0.216,-6.1,-1.921,2.063,1.984,-0.1206,0.846
99.637,8,0.178,-6.196,-1.9596,2.026,1.955,-0.1452,0.878
99.687,8,0.143,-6.275,-1.9927,1.997,1.928,-0.1588,0.913
99.736,8,0.094,-6.375,-2.0354,1.963,1.903,-0.1567,0.929
99.787,8,0.043,-6.467,-2.082,1.932,1.88,-0.1687,0.939
99.838,8,-0.003,-6.543,-2.1267,1.895,1.859,-0.2094,0.945
99.887,8,-0.047,-6.609,-2.1705,1.883,1.84,-0.2048,0.947
99.937,8,-0.114,-6.697,-2.2265,1.857,1.822,-0.2346,0.952
99.988,8,-0.171,-6.764,-2.2838,1.837,1.807,-0.2314,0.959
100.037,8,-0.223,-6.82,-2.3363,1.821,1.795,-0.2314,0.966
100.087,8,-0.306,-6.896,-2.4089,1.798,1.785,-0.2277,0.96
100.136,8,-0.369,-6.948,-2.4638,1.789,1.785,-0.2031,0.95
100.186,8,-0.436,-6.997,-2.5188,1.782,1.777,-0.2436,0.942
100.236,8,-0.532,-7.058,-2.5983,1.768,1.777,-0.2393,0.935
100.286,8,-0.582,-7.086,-2.6357,1.767,1.777,-0.2149,0.928
100.337,8,-0.676,-7.131,-2.7128,1.772,1.777,-0.2149,0.924
100.386,8,-0.754,-7.162,-2.7658,1.765,1.778,-0.2272,0.897
100.437,8,-0.854,-7.195,-2.8454,1.77,1.781,-0.2304,0.856
100.486,8,-0.931,-7.215,-2.9005,1.77,1.788,-0.2271,0.825
100.537,8,-1.007,-7.23,-2.9518,1.776,1.797,-0.2271,0.807
100.587,8,-1.095,-7.242,-3.011,1.78,1.808,-0.2298,0.773
100.637,8,-1.182,-7.249,-3.0789,1.793,1.82,-0.2153,0.741
100.686,8,-1.28,-7.25,-3.1411,1.81,1.833,-0.2156,0.713
100.736,8,-1.367,-7.246,3.0869,1.82,1.847,-0.2158,0.689
100.791,8,-1.449,-7.238,3.0336,1.83,1.861,-0.216,0.668
100.837,8,-1.546,-7.222,2.9729,1.839,1.877,-0.1917,0.644
100.886,8,-1.629,-7.204,2.919,1.855,1.894,-0.1797,0.619
100.937,8,-1.733,-7.175,2.8581,1.88,1.913,-0.18,0.6
100.988,8,-1.826,-7.143,2.8022,1.897,1.934,-0.1803,0.577
101.037,8,-1.909,-7.11,2.7526,1.915,1.934,-0.1684,0.57
101.088,8,-1.999,-7.07,2.7014,1.932,1.954,-0.1562,0.556
101.136,8,-2.069,-7.034,2.6648,1.947,1.975,-0.1744,0.553
101.186,8,-2.171,-6.975,2.6102,1.964,1.975,-0.1443,0.545
101.237,8,-2.249,-6.925,2.5628,1.977,1.953,-0.1568,0.54
101.287,8,-2.332,-6.866,2.5117,1.963,1.93,-0.1719,0.53
101.337,8,-2.405,-6.809,2.4648,1.944,1.907,-0.1715,0.529
101.388,8,-2.459,-6.762,2.4268,1.922,1.882,-0.1742,0.528
101.437,8,-2.543,-6.683,2.3749,1.897,1.858,-0.2053,0.53
101.486,8,-2.615,-6.606,2.3138,1.869,1.834,-0.2074,0.527
101.537,8,-2.669,-6.541,2.2593,1.845,1.812,-0.2078,0.522
101.587,8,-2.719,-6.475,2.2053,1.818,1.792,-0.2037,0.518
101.637,8,-2.768,-6.401,2.1488,1.798,1.774,-0.2034,0.5
101.686,8,-2.815,-6.32,2.0918,1.79,1.76,-0.2455,0.486
101.736,8,-2.853,-6.245,2.0341,1.758,1.75,-0.2402,0.479
101.786,8,-2.892,-6.155,1.9591,1.747,1.746,-0.2266,0.48
101.837,8,-2.918,-6.08,1.9026,1.742,1.746,-0.2393,0.481
101.887,8,-2.941,-6.0,1.8468,1.745,1.746,-0.2402,0.483
101.937,8,-2.961,-5.915,1.7914,1.743,1.747,-0.2266,0.468
101.987,8,-2.973,-5.846,1.7344,1.739,1.752,-0.232,0.456
102.037,8,-2.985,-5.734,1.6632,1.744,1.752,-0.2047,0.443
102.087,8,-2.989,-5.652,1.6094,1.751,1.759,-0.1903,0.44
102.137,8,-2.989,-5.572,1.5615,1.756,1.77,-0.1661,0.437
102.187,8,-2.985,-5.496,1.5164,1.77,1.784,-0.1663,0.437
102.237,8,-2.975,-5.39,1.4692,1.782,1.802,-0.1786,0.439
102.287,8,-2.965,-5.319,1.4302,1.789,1.823,-0.1814,0.431
102.337,8,-2.942,-5.199,1.3618,1.815,1.848,-0.1668,0.425
102.387,8,-2.921,-5.116,1.3202,1.831,1.874,-0.1574,0.425
102.437,8,-2.904,-5.056,1.293,1.846,1.903,-0.1429,0.425
102.487,8,-2.869,-4.949,1.2453,1.876,1.934,-0.1474,0.432
102.537,8,-2.83,-4.847,1.1914,1.915,1.966,-0.1312,0.461
102.587,8,-2.794,-4.765,1.1542,1.945,1.998,-0.1193,0.47
102.638,8,-2.753,-4.678,1.1252,1.966,2.032,-0.1131,0.486
102.686,8,-2.709,-4.593,1.0883,2.003,2.067,-0.0993,0.505
102.736,8,-2.661,-4.508,1.0578,2.035,2.102,-0.0844,0.511
102.787,8,-2.611,-4.423,1.0306,2.069,2.136,-0.0666,0.518
102.837,8,-2.563,-4.346,1.0077,2.099,2.172,-0.0591,0.526
102.886,8,-2.487,-4.23,0.9828,2.147,2.21,-0.0418,0.529
102.936,8,-2.431,-4.149,0.9659,2.181,2.248,-0.0294,0.53
102.986,8,-2.353,-4.039,0.9511,2.244,2.285,-0.0223,0.534
103.037,8,-2.297,-3.962,0.9437,2.26,2.322,-0.0129,0.539
103.087,8,-2.232,-3.873,0.9383,2.308,2.358,-0.0,0.545
103.136,8,-2.169,-3.788,0.9353,2.343,2.394,0.0043,0.552
103.186,8,-2.078,-3.664,0.9365,2.391,2.463,0.0302,0.564
103.237,8,-2.02,-3.586,0.9401,2.42,2.498,0.0385,0.568
103.287,8,-1.941,-3.475,0.9548,2.48,2.531,0.0525,0.579
103.337,8,-1.874,-3.378,0.9708,2.518,2.565,0.0603,0.582
103.386,8,-1.806,-3.274,0.9932,2.553,2.62,0.0776,0.588
103.436,8,-1.737,-3.165,1.0131,2.58,2.597,0.0905,0.592
103.488,8,-1.67,-3.05,1.0442,2.614,2.579,0.1001,0.545
103.536,8,-1.611,-2.943,1.0802,2.603,2.566,0.1011,0.502
103.587,8,-1.548,-2.813,1.1213,2.582,2.555,0.1176,0.457
103.637,8,-1.496,-2.695,1.1711,2.569,2.555,0.1089,0.454
103.687,8,-1.463,-2.612,1.1957,2.564,2.555,0.125,0.454
103.736,8,-1.422,-2.496,1.2386,2.561,2.556,0.1164,0.434
103.786,8,-1.373,-2.334,1.2932,2.559,2.559,0.1081,0.371
103.837,8,-1.342,-2.205,1.3439,2.56,2.566,0.1164,0.345
103.887,8,-1.318,-2.085,1.3877,2.565,2.571,0.1078,0.33
103.936,8,-1.299,-1.96,1.4249,2.57,2.577,0.1011,0.325
103.986,8,-1.284,-1.827,1.4639,2.577,2.583,0.0819,0.316
104.037,8,-1.275,-1.696,1.5095,2.586,2.598,0.0905,0.315
104.087,8,-1.271,-1.585,1.5363,2.593,2.607,0.0862,0.314
104.138,8,-1.27,-1.509,1.5595,2.599,2.616,0.0958,0.311
104.189,8,-1.274,-1.33,1.6041,2.611,2.625,0.0997,0.309
104.236,8,-1.28,-1.217,1.6378,2.62,2.645,0.0905,0.319
104.286,8,-1.299,-1.034,1.6901,2.636,2.655,0.0838,0.338
104.337,8,-1.316,-0.916,1.7226,2.649,2.676,0.0906,0.345
104.387,8,-1.332,-0.827,1.7423,2.661,2.687,0.0753,0.347
104.437,8,-1.365,-0.668,1.781,2.679,2.7,0.069,0.347
104.486,8,-1.4,-0.521,1.8166,2.693,2.732,0.056,0.375
104.538,8,-1.43,-0.409,1.8356,2.71,2.751,0.0517,0.384
104.586,8,-1.469,-0.275,1.8581,2.739,2.796,0.0431,0.399
104.636,8,-1.508,-0.151,1.8786,2.762,2.821,0.0345,0.411
104.687,8,-1.562,0.011,1.8994,2.802,2.849,0.032,0.424
104.736,8,-1.597,0.109,1.908,2.819,2.907,0.026,0.428
104.787,8,-1.657,0.275,1.9257,2.866,2.936,0.0129,0.434
104.837,8,-1.691,0.364,1.9313,2.889,2.993,0.0043,0.431
104.886,8,-1.74,0.493,1.9376,2.927,3.021,0.0,0.424
104.937,8,-1.807,0.664,1.9401,2.978,3.049,-0.0,0.418
104.987,8,-1.867,0.819,1.94,3.021,3.104,-0.0086,0.413
105.037,8,-1.92,0.956,1.9388,3.061,3.131,-0.0176,0.413
105.087,8,-1.977,1.106,1.9325,3.098,3.171,-0.0231,0.414
105.137,8,-2.014,1.205,1.928,3.123,3.106,-0.0266,0.414
105.187,8,-2.08,1.386,1.9147,3.159,3.073,-0.0216,0.427
105.237,8,-2.113,1.481,1.908,3.138,3.04,-0.0234,0.426
105.286,8,-2.183,1.689,1.8926,3.079,2.973,-0.0216,0.425
105.337,8,-2.236,1.851,1.8794,3.022,2.905,-0.0216,0.436
105.387,8,-2.266,1.948,1.874,2.99,2.87,-0.0217,0.445
105.439,8,-2.317,2.117,1.8612,2.927,2.799,-0.0216,0.461
105.487,8,-2.357,2.253,1.8522,2.873,2.763,-0.0273,0.479
105.537,8,-2.397,2.394,1.8435,2.821,2.725,-0.0259,0.497
105.587,8,-2.43,2.518,1.8311,2.769,2.648,-0.0345,0.513
105.637,8,-2.453,2.605,1.8235,2.737,2.609,-0.0394,0.528
105.687,8,-2.499,2.8,1.7998,2.646,2.526,-0.0482,0.545
105.737,8,-2.527,2.927,1.7816,2.59,2.485,-0.0431,0.557
105.787,8,-2.549,3.032,1.767,2.534,2.444,-0.0521,0.565
105.838,8,-2.57,3.147,1.7504,2.488,2.404,-0.0517,0.579
105.887,8,-2.592,3.28,1.7308,2.44,2.327,-0.073,0.586
105.938,8,-2.606,3.378,1.71,2.404,2.29,-0.0727,0.588
105.987,8,-2.619,3.487,1.6845,2.34,2.254,-0.0855,0.587
106.037,8,-2.633,3.645,1.6456,2.28,2.186,-0.1073,0.597
106.087,8,-2.639,3.749,1.6175,2.243,2.155,-0.1227,0.608
106.136,8,-2.641,3.861,1.5865,2.198,2.125,-0.1221,0.612
106.186,8,-2.639,3.976,1.5472,2.165,2.097,-0.1345,0.625
106.238,8,-2.634,4.072,1.5087,2.128,2.071,-0.1465,0.627
106.287,8,-2.624,4.179,1.4725,2.102,2.049,-0.1606,0.631
106.337,8,-2.611,4.273,1.435,2.077,2.029,-0.1767,0.646
106.387,8,-2.591,4.38,1.3758,2.053,2.013,-0.1579,0.666
106.436,8,-2.567,4.482,1.3309,2.026,2.001,-0.1701,0.683
106.487,8,-2.541,4.573,1.2805,2.006,1.993,-0.1697,0.696
106.537,8,-2.509,4.665,1.2305,1.994,1.989,-0.1828,0.715
106.586,8,-2.467,4.768,1.1649,1.987,1.989,-0.1833,0.749
106.637,8,-2.427,4.851,1.114,1.985,1.989,-0.1817,0.766
106.687,8,-2.383,4.931,1.0614,1.985,1.991,-0.2065,0.773
106.737,8,-2.336,5.009,1.016,1.984,1.994,-0.2189,0.783
106.787,8,-2.267,5.107,0.9334,1.981,1.996,-0.2188,0.793
106.837,8,-2.226,5.158,0.8972,1.985,1.996,-0.1994,0.798
106.888,8,-2.148,5.245,0.8187,1.989,2.003,-0.2207,0.811
106.936,8,-2.064,5.326,0.7447,1.991,2.003,-0.2189,0.82
106.987,8,-2.002,5.379,0.6992,1.993,1.999,-0.2244,0.82
107.036,8,-1.907,5.45,0.6182,1.992,1.995,-0.219,0.82
107.087,8,-1.829,5.5,0.5596,1.989,1.992,-0.219,0.825
107.137,8,-1.748,5.546,0.5003,1.986,1.989,-0.2189,0.827
107.188,8,-1.662,5.588,0.443,1.984,1.986,-0.2189,0.835
107.238,8,-1.593,5.617,0.3932,1.983,1.984,-0.219,0.827
107.287,8,-1.463,5.662,0.3045,1.979,1.982,-0.2064,0.81
107.337,8,-1.381,5.684,0.26,1.979,1.982,-0.2064,0.806
107.387,8,-1.277,5.706,0.1896,1.979,1.982,-0.2072,0.796
107.438,8,-1.211,5.716,0.1528,1.978,1.981,-0.2099,0.794
107.487,8,-1.092,5.727,0.0767,1.976,1.982,-0.1939,0.792
107.537,8,-1.019,5.73,0.0291,1.977,1.983,-0.1969,0.793
107.587,8,-0.902,5.728,-0.0247,1.98,1.988,-0.1998,0.79
107.637,8,-0.784,5.718,-0.1034,1.983,1.996,-0.1946,0.783
107.687,8,-0.689,5.704,-0.1563,1.986,2.006,-0.1955,0.769
107.737,8,-0.593,5.684,-0.2108,1.994,2.018,-0.1818,0.758
107.787,8,-0.51,5.663,-0.2456,2.0,2.021,-0.1943,0.754
107.837,8,-0.399,5.628,-0.3159,2.013,2.007,-0.1821,0.747
107.887,8,-0.321,5.598,-0.3732,2.009,1.991,-0.1736,0.734
107.937,8,-0.211,5.549,-0.4356,2.001,1.974,-0.1696,0.718
107.987,8,-0.139,5.513,-0.4711,1.997,1.956,-0.2002,0.714
108.037,8,-0.06,5.468,-0.5207,1.967,1.937,-0.1996,0.709
108.087,8,0.028,5.412,-0.5891,1.941,1.918,-0.1974,0.706
108.136,8,0.121,5.343,-0.6576,1.917,1.9,-0.1955,0.706
108.187,8,0.189,5.286,-0.712,1.903,1.884,-0.1955,0.71
108.237,8,0.253,5.226,-0.7621,1.897,1.869,-0.2184,0.713
108.287,8,0.319,5.157,-0.8067,1.889,1.856,-0.2172,0.685
108.337,8,0.376,5.092,-0.8599,1.874,1.847,-0.2169,0.652
108.387,8,0.433,5.018,-0.9227,1.844,1.844,-0.204,0.628
108.437,8,0.485,4.941,-0.9893,1.845,1.842,-0.2075,0.611
108.487,8,0.537,4.854,-1.0443,1.845,1.842,-0.1919,0.586
108.537,8,0.58,4.771,-1.105,1.843,1.842,-0.197,0.555
108.587,8,0.615,4.694,-1.1538,1.842,1.846,-0.1919,0.546
108.637,8,0.647,4.614,-1.197,1.845,1.855,-0.1796,0.531
108.687,8,0.678,4.523,-1.252,1.85,1.868,-0.1706,0.519
108.737,8,0.702,4.441,-1.2915,1.86,1.886,-0.1443,0.51
108.786,8,0.728,4.33,-1.3474,1.88,1.909,-0.136,0.478
108.837,8,0.745,4.247,-1.3837,1.902,1.936,-0.1189,0.46
108.887,8,0.759,4.156,-1.4153,1.92,1.936,-0.111,0.453
108.937,8,0.773,4.052,-1.4533,1.943,2.001,-0.0967,0.438
108.986,8,0.782,3.956,-1.4802,1.975,2.001,-0.084,0.431
109.038,8,0.788,3.866,-1.5055,2.005,2.038,-0.0703,0.429
109.087,8,0.792,3.773,-1.5278,2.033,2.119,-0.0581,0.427
109.137,8,0.795,3.643,-1.5551,2.093,2.158,-0.0519,0.428
109.186,8,0.795,3.56,-1.5677,2.119,2.158,-0.0419,0.43
109.237,8,0.794,3.446,-1.5816,2.152,2.197,-0.0293,0.432
109.287,8,0.792,3.348,-1.5938,2.189,2.273,-0.021,0.428
109.337,8,0.788,3.224,-1.6036,2.225,2.31,-0.0126,0.423
109.386,9,0.784,3.112,-1.6104,2.273,2.346,-0.0102,0.421
109.437,9,0.778,2.99,-1.6148,2.327,2.382,-0.0058,0.419
109.487,9,0.773,2.872,-1.6176,2.356,2.417,-0.0,0.419
109.537,9,0.767,2.751,-1.6194,2.399,2.486,0.0,0.42
109.586,9,0.763,2.668,-1.6194,2.427,2.52,0.0,0.426
109.637,9,0.755,2.502,-1.6193,2.492,2.554,0.0046,0.448
109.686,9,0.75,2.414,-1.6193,2.514,2.587,0.006,0.455
109.737,9,0.743,2.259,-1.6173,2.56,2.619,0.0043,0.469
109.787,9,0.737,2.122,-1.6156,2.606,2.683,0.0043,0.492
109.837,9,0.731,1.995,-1.6138,2.645,2.714,0.0043,0.49
109.887,9,0.726,1.869,-1.6124,2.693,2.745,0.0043,0.485
109.937,9,0.721,1.744,-1.6106,2.727,2.806,0.0043,0.48
109.987,9,0.715,1.57,-1.6083,2.774,2.836,0.0043,0.475
110.037,9,0.71,1.438,-1.6066,2.816,2.895,0.0043,0.469
110.088,9,0.706,1.344,-1.6057,2.845,2.924,0.0043,0.466
110.137,9,0.7,1.145,-1.6029,2.903,2.982,0.0043,0.46
110.187,9,0.696,1.01,-1.6011,2.934,3.01,0.0043,0.457
110.236,9,0.691,0.862,-1.5994,2.975,3.038,0.0043,0.453
110.287,9,0.688,0.724,-1.5977,3.005,3.093,0.0053,0.451
110.338,9,0.684,0.581,-1.5957,3.041,3.12,0.0,0.448
110.387,9,0.68,0.418,-1.5934,3.095,3.174,0.0,0.446
110.436,9,0.676,0.23,-1.5928,3.15,3.227,0.0,0.443
110.487,9,0.673,0.106,-1.5928,3.177,3.253,0.0,0.439
110.537,9,0.671,0.0,-1.5928,3.204,3.279,0.0,0.436
110.587,9,0.666,-0.217,-1.5928,3.25,3.33,0.0,0.434
110.637,9,0.664,-0.335,-1.5928,3.276,3.381,0.0,0.434
110.686,9,0.66,-0.507,-1.5928,3.322,3.43,-0.0,0.434
110.737,9,0.655,-0.722,-1.5928,3.365,3.455,-0.0,0.437
110.792,9,0.653,-0.825,-1.5928,3.404,3.479,-0.0,0.45
110.837,9,0.648,-1.034,-1.5928,3.42,3.551,-0.0,0.476
110.886,9,0.644,-1.245,-1.5928,3.484,3.575,-0.0046,0.501
110.937,9,0.639,-1.443,-1.5945,3.553,3.645,-0.0059,0.51
110.987,9,0.635,-1.608,-1.5974,3.598,3.668,-0.0052,0.512
111.038,9,0.63,-1.782,-1.6003,3.631,3.714,-0.0043,0.513
111.086,9,0.623,-1.991,-1.6034,3.67,3.693,-0.0,0.516
111.137,9,0.618,-2.161,-1.604,3.693,3.622,-0.0044,0.521
111.186,9,0.614,-2.279,-1.604,3.695,3.586,-0.0059,0.523
111.237,9,0.605,-2.52,-1.6069,3.638,3.513,-0.0057,0.53
111.287,9,0.599,-2.7,-1.609,3.59,3.439,-0.0043,0.548
111.337,9,0.592,-2.86,-1.6113,3.552,3.401,-0.0043,0.557
111.387,9,0.584,-3.041,-1.6142,3.48,3.325,-0.0043,0.575
111.437,9,0.578,-3.195,-1.6162,3.415,3.247,-0.0043,0.593
111.487,9,0.567,-3.408,-1.6192,3.306,3.167,-0.0043,0.611
111.537,9,0.56,-3.558,-1.6212,3.238,3.085,-0.0095,0.644
111.587,9,0.554,-3.679,-1.6224,3.195,3.043,-0.0101,0.657
111.637,9,0.544,-3.855,-1.6261,3.133,3.001,-0.0101,0.684
111.687,9,0.534,-4.018,-1.6311,3.057,2.914,-0.0086,0.711
111.737,9,0.526,-4.156,-1.6346,3.02,2.825,-0.0129,0.716
111.787,9,0.516,-4.303,-1.6402,2.932,2.779,-0.0086,0.715
111.837,9,0.504,-4.458,-1.6455,2.857,2.732,-0.0086,0.707
111.887,9,0.493,-4.594,-1.6511,2.783,2.636,-0.0172,0.7
111.937,9,0.485,-4.696,-1.6537,2.752,2.539,-0.0302,0.693
111.987,9,0.469,-4.876,-1.6641,2.641,2.493,-0.0388,0.693
112.037,9,0.455,-5.007,-1.6782,2.558,2.447,-0.0443,0.696
112.087,9,0.441,-5.124,-1.6932,2.489,2.359,-0.0612,0.698
112.136,9,0.425,-5.242,-1.709,2.434,2.316,-0.0601,0.698
112.187,9,0.407,-5.36,-1.7305,2.373,2.274,-0.0693,0.707
112.237,9,0.393,-5.439,-1.7426,2.346,2.233,-0.0732,0.714
112.287,9,0.363,-5.59,-1.7781,2.265,2.194,-0.073,0.737
112.337,9,0.346,-5.668,-1.7946,2.249,2.155,-0.0823,0.746
112.387,9,0.314,-5.797,-1.8235,2.19,2.118,-0.0891,0.766
112.438,9,0.287,-5.891,-1.8488,2.157,2.082,-0.0923,0.789
112.487,9,0.265,-5.964,-1.8686,2.122,2.048,-0.1143,0.814
112.537,9,0.218,-6.102,-1.9082,2.088,2.015,-0.1209,0.842
112.587,9,0.182,-6.193,-1.9464,2.037,1.955,-0.1578,0.872
112.637,9,0.145,-6.28,-1.9817,2.008,1.928,-0.174,0.906
112.687,9,0.099,-6.375,-2.0331,1.956,1.903,-0.1691,0.932
112.736,9,0.053,-6.46,-2.0722,1.934,1.88,-0.1811,0.943
112.787,9,0.015,-6.522,-2.1146,1.91,1.859,-0.2053,0.949
112.837,9,-0.048,-6.617,-2.1684,1.88,1.84,-0.2318,0.951
112.887,9,-0.101,-6.686,-2.2266,1.855,1.822,-0.2165,0.955
112.937,9,-0.162,-6.759,-2.2858,1.838,1.807,-0.2162,0.961
112.987,9,-0.198,-6.797,-2.3225,1.822,1.807,-0.2037,0.965
113.037,9,-0.299,-6.892,-2.4126,1.806,1.785,-0.2279,0.961
113.087,9,-0.349,-6.934,-2.449,1.803,1.779,-0.2428,0.951
113.139,9,-0.409,-6.979,-2.4901,1.787,1.779,-0.228,0.943
113.187,9,-0.479,-7.026,-2.547,1.77,1.777,-0.2271,0.935
113.237,9,-0.551,-7.069,-2.6071,1.77,1.777,-0.2271,0.928
113.289,9,-0.631,-7.109,-2.6722,1.769,1.777,-0.2554,0.923
113.337,9,-0.715,-7.146,-2.7237,1.767,1.778,-0.2392,0.897
113.387,9,-0.816,-7.181,-2.8107,1.766,1.781,-0.2512,0.867
113.437,9,-0.869,-7.196,-2.8417,1.77,1.788,-0.2393,0.853
113.488,9,-0.987,-7.222,-2.9472,1.77,1.797,-0.2149,0.803
113.539,9,-1.053,-7.232,-2.9827,1.773,1.808,-0.2271,0.768
113.587,9,-1.165,-7.242,-3.0457,1.789,1.82,-0.2404,0.738
113.646,9,-1.245,-7.245,-3.1099,1.796,1.82,-0.2192,0.724
113.687,9,-1.315,-7.243,-3.1381,1.798,1.833,-0.2154,0.697
113.737,9,-1.421,-7.235,3.0558,1.813,1.861,-0.2157,0.661
113.786,9,-1.536,-7.216,2.9725,1.832,1.861,-0.1935,0.636
113.837,9,-1.618,-7.198,2.9194,1.849,1.877,-0.1727,0.609
113.887,9,-1.704,-7.174,2.8668,1.871,1.913,-0.1677,0.588
113.936,9,-1.808,-7.139,2.8088,1.89,1.913,-0.1556,0.572
113.988,9,-1.886,-7.108,2.7683,1.911,1.934,-0.1559,0.559
114.036,9,-1.986,-7.064,2.7163,1.926,1.954,-0.1561,0.546
114.087,9,-2.069,-7.022,2.6662,1.948,1.975,-0.1495,0.543
114.137,9,-2.149,-6.976,2.6226,1.967,1.975,-0.1443,0.539
114.187,9,-2.201,-6.945,2.5917,1.974,1.953,-0.171,0.532
114.238,9,-2.298,-6.88,2.5384,1.98,1.93,-0.1711,0.525
114.287,9,-2.354,-6.838,2.508,1.963,1.907,-0.1838,0.523
114.337,9,-2.469,-6.744,2.4331,1.93,1.882,-0.1936,0.52
114.387,9,-2.535,-6.681,2.3775,1.897,1.858,-0.1928,0.522
114.437,9,-2.598,-6.615,2.324,1.87,1.834,-0.1923,0.52
114.487,9,-2.663,-6.538,2.259,1.841,1.812,-0.2061,0.514
114.537,9,-2.702,-6.487,2.2263,1.836,1.792,-0.2039,0.514
114.587,9,-2.752,-6.416,2.167,1.804,1.774,-0.2158,0.502
114.638,9,-2.792,-6.351,2.1522,1.799,1.76,-0.2643,0.487
114.687,9,-2.842,-6.259,2.0537,1.774,1.75,-0.2394,0.478
114.737,9,-2.884,-6.169,1.9908,1.753,1.746,-0.2522,0.475
114.788,9,-2.915,-6.088,1.9283,1.742,1.746,-0.2519,0.476
114.836,9,-2.944,-5.992,1.8571,1.738,1.746,-0.2507,0.477
114.887,9,-2.963,-5.908,1.785,1.738,1.747,-0.2387,0.464
114.937,9,-2.974,-5.848,1.7456,1.738,1.752,-0.2414,0.458
114.987,9,-2.984,-5.766,1.6823,1.742,1.752,-0.2076,0.448
115.037,9,-2.99,-5.648,1.5984,1.75,1.759,-0.1902,0.439
115.087,9,-2.99,-5.585,1.566,1.755,1.77,-0.1661,0.438
115.136,9,-2.983,-5.466,1.4936,1.773,1.784,-0.1721,0.437
115.187,9,-2.974,-5.383,1.4518,1.78,1.802,-0.1664,0.433
115.237,9,-2.961,-5.3,1.4099,1.799,1.823,-0.1666,0.43
115.287,9,-2.944,-5.217,1.369,1.81,1.848,-0.1685,0.425
115.337,9,-2.919,-5.112,1.3157,1.843,1.874,-0.1427,0.423
115.387,9,-2.894,-5.029,1.2762,1.861,1.903,-0.143,0.425
115.438,9,-2.865,-4.941,1.2379,1.883,1.934,-0.1485,0.438
115.488,9,-2.832,-4.856,1.1991,1.909,1.966,-0.1446,0.449
115.537,9,-2.797,-4.774,1.164,1.936,1.998,-0.1193,0.468
115.587,9,-2.755,-4.684,1.1247,1.973,2.032,-0.108,0.484
115.637,9,-2.707,-4.591,1.0974,2.001,2.067,-0.1075,0.504
115.687,9,-2.662,-4.509,1.0648,2.035,2.102,-0.0888,0.508
115.737,9,-2.61,-4.42,1.0365,2.063,2.136,-0.0748,0.515
115.787,9,-2.548,-4.321,1.0079,2.11,2.172,-0.0626,0.528
115.837,9,-2.497,-4.244,0.9862,2.144,2.21,-0.0419,0.528
115.887,9,-2.428,-4.143,0.9677,2.199,2.248,-0.0336,0.529
115.937,9,-2.367,-4.055,0.9567,2.235,2.285,-0.0264,0.532
115.988,9,-2.304,-3.969,0.9475,2.275,2.322,-0.0176,0.537
116.037,9,-2.23,-3.866,0.9403,2.31,2.358,-0.0042,0.543
116.087,9,-2.161,-3.773,0.9369,2.353,2.394,0.0,0.55
116.137,9,-2.095,-3.683,0.9353,2.384,2.463,0.0277,0.557
116.187,9,-2.038,-3.606,0.9376,2.415,2.498,0.0385,0.565
116.237,9,-1.949,-3.482,0.9478,2.462,2.531,0.0558,0.573
116.287,9,-1.881,-3.386,0.9624,2.497,2.565,0.0646,0.58
116.337,9,-1.833,-3.315,0.9737,2.516,2.597,0.0733,0.587
116.387,9,-1.766,-3.213,0.9942,2.554,2.597,0.0991,0.591
116.437,9,-1.697,-3.1,1.0221,2.59,2.579,0.1121,0.543
116.487,9,-1.633,-2.987,1.0562,2.6,2.566,0.1121,0.501
116.536,9,-1.548,-2.818,1.1145,2.592,2.555,0.125,0.464
116.587,9,-1.509,-2.731,1.1522,2.573,2.555,0.1136,0.452
116.637,9,-1.45,-2.581,1.2069,2.561,2.555,0.1078,0.455
116.687,9,-1.415,-2.477,1.249,2.558,2.556,0.1092,0.432
116.738,9,-1.388,-2.384,1.283,2.559,2.559,0.1034,0.391
116.787,9,-1.348,-2.228,1.3377,2.56,2.562,0.1034,0.351
116.837,9,-1.332,-2.15,1.3641,2.563,2.566,0.0911,0.333
116.887,9,-1.303,-1.973,1.4173,2.57,2.577,0.1034,0.323
116.937,9,-1.286,-1.835,1.4544,2.573,2.583,0.0905,0.316
116.987,9,-1.276,-1.701,1.4996,2.584,2.598,0.0991,0.314
117.038,9,-1.271,-1.611,1.5232,2.588,2.607,0.0948,0.315
117.086,9,-1.269,-1.486,1.564,2.599,2.616,0.0862,0.31
117.137,9,-1.274,-1.319,1.6084,2.614,2.635,0.1006,0.309
117.187,9,-1.284,-1.173,1.6513,2.628,2.645,0.0917,0.326
117.237,9,-1.296,-1.052,1.684,2.64,2.655,0.0883,0.338
117.287,9,-1.309,-0.96,1.7027,2.647,2.676,0.0969,0.342
117.337,9,-1.339,-0.779,1.7551,2.667,2.687,0.0733,0.348
117.387,9,-1.366,-0.654,1.787,2.682,2.7,0.0651,0.356
117.437,9,-1.395,-0.531,1.8124,2.694,2.732,0.0647,0.367
117.487,9,-1.424,-0.423,1.832,2.708,2.751,0.0567,0.385
117.536,9,-1.474,-0.251,1.8648,2.742,2.796,0.0474,0.401
117.587,9,-1.514,-0.127,1.886,2.774,2.821,0.0404,0.418
117.637,9,-1.551,-0.018,1.8963,2.788,2.849,0.0354,0.423
117.687,9,-1.588,0.088,1.9121,2.813,2.907,0.0226,0.429
117.737,9,-1.651,0.259,1.9267,2.866,2.936,0.0141,0.434
117.787,9,-1.7,0.387,1.9326,2.91,2.993,0.0064,0.431
117.837,9,-1.762,0.549,1.9383,2.962,3.021,0.0,0.422
117.886,9,-1.817,0.691,1.9403,2.99,3.077,-0.0058,0.416
117.937,9,-1.844,0.761,1.9403,3.014,3.077,-0.0096,0.413
117.987,9,-1.921,0.961,1.9364,3.065,3.131,-0.0129,0.414
118.037,9,-1.972,1.097,1.9307,3.096,3.171,-0.0172,0.415
118.087,9,-2.031,1.255,1.9245,3.13,3.139,-0.0172,0.415
118.136,9,-2.09,1.418,1.9136,3.151,3.073,-0.0233,0.427
118.187,9,-2.137,1.554,1.9029,3.111,3.007,-0.0261,0.424
118.237,9,-2.184,1.694,1.8927,3.07,2.973,-0.0216,0.424
118.287,9,-2.228,1.83,1.8827,3.031,2.905,-0.0276,0.426
118.337,9,-2.263,1.938,1.8743,2.99,2.87,-0.0172,0.444
118.387,9,-2.316,2.115,1.8608,2.92,2.799,-0.0216,0.461
118.437,9,-2.355,2.249,1.8532,2.883,2.763,-0.0276,0.478
118.486,9,-2.378,2.331,1.8465,2.835,2.725,-0.0259,0.496
118.537,9,-2.432,2.527,1.8304,2.767,2.648,-0.0366,0.512
118.587,9,-2.468,2.671,1.8137,2.694,2.568,-0.0449,0.533
118.637,9,-2.494,2.78,1.8018,2.651,2.526,-0.0431,0.539
118.687,9,-2.52,2.897,1.787,2.602,2.485,-0.0478,0.549
118.737,9,-2.552,3.054,1.7642,2.524,2.404,-0.0603,0.564
118.787,9,-2.573,3.171,1.7441,2.464,2.365,-0.0693,0.585
118.837,9,-2.591,3.284,1.7238,2.418,2.327,-0.0686,0.589
118.887,9,-2.607,3.402,1.7021,2.381,2.29,-0.0741,0.59
118.937,9,-2.622,3.53,1.6717,2.321,2.254,-0.0765,0.591
118.987,9,-2.63,3.637,1.6462,2.279,2.22,-0.0856,0.599
119.038,9,-2.635,3.729,1.6245,2.249,2.186,-0.0888,0.604
119.087,9,-2.639,3.842,1.5945,2.211,2.125,-0.1221,0.61
119.136,9,-2.638,3.954,1.5579,2.173,2.097,-0.1217,0.619
119.187,9,-2.633,4.075,1.5128,2.128,2.071,-0.1465,0.627
119.237,9,-2.627,4.144,1.4915,2.113,2.049,-0.1587,0.63
119.287,9,-2.613,4.266,1.4356,2.074,2.029,-0.1581,0.645
119.337,9,-2.591,4.387,1.3771,2.039,2.013,-0.1718,0.675
119.387,9,-2.576,4.452,1.3492,2.032,2.001,-0.17,0.683
119.437,9,-2.539,4.583,1.2757,2.008,1.993,-0.1698,0.705
119.487,9,-2.508,4.672,1.2332,2.002,1.989,-0.182,0.728
119.537,9,-2.484,4.735,1.1979,1.991,1.989,-0.2117,0.728
119.586,9,-2.435,4.843,1.1346,1.982,1.989,-0.225,0.76
119.637,9,-2.39,4.927,1.0824,1.982,1.99,-0.2064,0.776
119.687,9,-2.349,4.996,1.0234,1.978,1.991,-0.194,0.787
119.737,9,-2.302,5.064,0.9793,1.982,1.994,-0.2064,0.792
119.787,9,-2.213,5.178,0.882,1.984,1.996,-0.194,0.807
119.837,9,-2.139,5.26,0.8093,1.99,2.003,-0.2189,0.814
119.887,9,-2.071,5.324,0.7524,1.989,2.003,-0.2353,0.825
119.937,9,-2.001,5.384,0.6921,1.988,2.003,-0.1942,0.823
119.987,9,-1.911,5.45,0.6165,1.997,1.995,-0.2189,0.823
120.038,9,-1.846,5.492,0.5792,1.991,1.995,-0.2079,0.825
120.087,9,-1.766,5.538,0.5127,1.99,1.992,-0.1942,0.829
120.136,9,-1.654,5.593,0.431,1.988,1.986,-0.2215,0.837
120.186,9,-1.564,5.629,0.37,1.979,1.984,-0.2221,0.829
120.236,9,-1.484,5.657,0.3209,1.978,1.982,-0.2064,0.816
120.287,9,-1.393,5.682,0.262,1.98,1.982,-0.2064,0.806
120.336,9,-1.285,5.704,0.1954,1.978,1.982,-0.2119,0.799
120.387,9,-1.201,5.717,0.1376,1.975,1.981,-0.1996,0.794
120.437,9,-1.085,5.727,0.0673,1.981,1.982,-0.194,0.791
120.487,9,-1.003,5.729,0.0277,1.981,1.983,-0.1941,0.792
120.537,9,-0.912,5.728,-0.0247,1.981,1.988,-0.1979,0.79
120.587,9,-0.788,5.718,-0.099,1.981,1.996,-0.1983,0.784
120.637,9,-0.698,5.706,-0.1493,1.986,2.006,-0.1989,0.771
120.687,9,-0.608,5.689,-0.2005,1.992,2.018,-0.1818,0.765
120.737,9,-0.513,5.665,-0.2557,2.007,2.021,-0.1882,0.755
120.788,9,-0.414,5.634,-0.3048,2.014,2.007,-0.2001,0.748
120.837,9,-0.331,5.604,-0.3595,2.022,1.991,-0.184,0.737
120.887,9,-0.231,5.561,-0.4129,2.011,1.974,-0.1836,0.725
120.937,9,-0.144,5.517,-0.4683,1.996,1.956,-0.1995,0.716
120.987,9,-0.05,5.464,-0.5256,1.976,1.937,-0.1941,0.711
121.037,9,0.042,5.405,-0.5952,1.943,1.918,-0.1982,0.708
121.087,9,0.113,5.352,-0.6479,1.922,1.9,-0.1931,0.708
121.137,9,0.182,5.295,-0.6983,1.915,1.884,-0.1931,0.71
121.187,9,0.255,5.229,-0.7469,1.902,1.869,-0.2299,0.7
121.237,9,0.326,5.155,-0.8166,1.868,1.856,-0.2224,0.666
121.287,9,0.38,5.092,-0.8749,1.854,1.847,-0.2216,0.64
121.337,9,0.418,5.042,-0.9104,1.855,1.844,-0.2195,0.629
121.386,9,0.49,4.938,-0.9925,1.844,1.842,-0.2041,0.601
121.437,9,0.538,4.855,-1.0304,1.844,1.842,-0.1796,0.576
121.489,9,0.568,4.798,-1.0865,1.843,1.842,-0.1976,0.565
121.537,9,0.61,4.708,-1.1428,1.841,1.842,-0.1674,0.547
121.587,9,0.633,4.65,-1.1802,1.845,1.855,-0.1796,0.532
121.637,9,0.676,4.531,-1.2397,1.848,1.855,-0.1552,0.52
121.687,9,0.704,4.435,-1.2965,1.858,1.886,-0.143,0.502
121.737,9,0.725,4.348,-1.3405,1.875,1.909,-0.1309,0.492
121.787,9,0.741,4.268,-1.3705,1.891,1.936,-0.1189,0.47
121.837,9,0.759,4.165,-1.4051,1.911,1.936,-0.1167,0.456
121.888,9,0.771,4.075,-1.4397,1.94,1.967,-0.1029,0.444
121.937,9,0.781,3.975,-1.4742,1.963,2.038,-0.0866,0.436
121.986,9,0.789,3.868,-1.5047,2.004,2.038,-0.0752,0.431
122.037,9,0.793,3.774,-1.5278,2.04,2.078,-0.0581,0.428
122.087,9,0.796,3.677,-1.5467,2.073,2.119,-0.0499,0.428
122.137,9,0.796,3.596,-1.5618,2.091,2.158,-0.0417,0.431
122.187,9,0.795,3.446,-1.5838,2.154,2.235,-0.0293,0.433
122.237,9,0.793,3.353,-1.5933,2.184,2.235,-0.0252,0.43
122.287,9,0.79,3.244,-1.6038,2.226,2.31,-0.0126,0.424
122.337,10,0.784,3.108,-1.6125,2.282,2.346,-0.0092,0.421
122.387,10,0.78,3.016,-1.6142,2.305,2.382,-0.0061,0.42
122.437,10,0.774,2.89,-1.6168,2.342,2.417,-0.0,0.42
122.487,10,0.769,2.777,-1.6188,2.402,2.452,-0.0,0.42
122.538,10,0.763,2.661,-1.6194,2.438,2.486,0.0,0.426
122.587,10,0.756,2.517,-1.6191,2.479,2.554,0.0,0.447
122.637,10,0.751,2.397,-1.6191,2.51,2.587,0.0047,0.454
122.687,10,0.745,2.28,-1.6182,2.567,2.619,0.006,0.469
122.737,10,0.739,2.158,-1.6161,2.603,2.651,0.0062,0.484
122.787,10,0.733,2.013,-1.6141,2.637,2.714,0.0043,0.491
122.837,10,0.728,1.885,-1.6121,2.67,2.745,0.0043,0.486
122.887,10,0.722,1.747,-1.6106,2.723,2.806,0.0043,0.481
122.937,10,0.716,1.589,-1.608,2.777,2.836,0.0043,0.474
122.987,10,0.713,1.494,-1.6066,2.797,2.866,0.0062,0.472
123.037,10,0.707,1.324,-1.6043,2.843,2.924,0.0062,0.468
123.089,10,0.703,1.198,-1.602,2.88,2.953,0.0049,0.465
123.137,10,0.697,1.005,-1.5985,2.936,3.01,0.0,0.46
123.186,10,0.695,0.91,-1.5977,2.961,3.038,0.0,0.458
123.236,10,0.691,0.773,-1.5971,2.998,3.093,0.0,0.454
123.286,10,0.687,0.615,-1.5971,3.037,3.12,0.0,0.45
123.337,10,0.682,0.436,-1.5971,3.087,3.174,0.0,0.446
123.387,10,0.678,0.261,-1.5971,3.133,3.201,0.0,0.44
123.437,10,0.673,0.097,-1.5971,3.178,3.253,0.0046,0.436
123.487,10,0.671,-0.003,-1.5971,3.201,3.279,0.005,0.434
123.537,10,0.665,-0.226,-1.5948,3.256,3.33,0.0,0.432
123.587,10,0.662,-0.381,-1.5928,3.292,3.381,0.0,0.432
123.637,10,0.657,-0.57,-1.5928,3.345,3.43,0.0,0.433
123.687,10,0.655,-0.682,-1.5928,3.372,3.455,-0.0,0.435
123.737,10,0.65,-0.903,-1.5928,3.426,3.503,-0.0,0.448
123.787,10,0.647,-1.062,-1.5928,3.457,3.551,-0.0,0.495
123.837,10,0.643,-1.233,-1.5928,3.501,3.575,-0.0,0.5
123.887,10,0.639,-1.396,-1.5928,3.533,3.622,-0.0053,0.506
123.937,10,0.635,-1.567,-1.594,3.569,3.668,-0.0043,0.511
123.986,10,0.63,-1.794,-1.5971,3.627,3.714,-0.0043,0.514
124.037,10,0.625,-1.959,-1.5991,3.669,3.693,-0.0043,0.517
124.087,10,0.621,-2.106,-1.6011,3.692,3.622,-0.0043,0.518
124.137,10,0.613,-2.335,-1.6046,3.672,3.586,-0.0043,0.524
124.187,10,0.609,-2.455,-1.6061,3.654,3.513,-0.0064,0.525
124.237,10,0.6,-2.694,-1.6095,3.593,3.439,-0.0043,0.545
124.287,10,0.593,-2.868,-1.6122,3.537,3.363,-0.0043,0.554
124.337,10,0.585,-3.045,-1.6148,3.457,3.286,-0.0043,0.581
124.387,10,0.58,-3.164,-1.6159,3.421,3.247,-0.0043,0.59
124.437,10,0.57,-3.369,-1.6189,3.328,3.167,-0.0093,0.608
124.487,10,0.563,-3.513,-1.6206,3.27,3.126,-0.0088,0.627
124.537,10,0.553,-3.711,-1.6253,3.183,3.043,-0.0092,0.668
124.586,10,0.547,-3.815,-1.6279,3.147,2.958,-0.0098,0.681
124.637,10,0.534,-4.018,-1.6338,3.042,2.914,-0.0087,0.715
124.687,10,0.528,-4.117,-1.6361,3.007,2.825,-0.0086,0.716
124.737,10,0.516,-4.291,-1.6411,2.937,2.779,-0.0105,0.717
124.789,10,0.505,-4.433,-1.6443,2.85,2.684,-0.0129,0.708
124.838,10,0.502,-4.484,-1.6458,2.828,2.684,-0.0129,0.704
124.887,10,0.481,-4.737,-1.6558,2.719,2.539,-0.0302,0.691
124.938,10,0.47,-4.856,-1.6641,2.643,2.493,-0.0391,0.693
124.987,10,0.461,-4.947,-1.671,2.595,2.447,-0.0431,0.695
125.037,10,0.444,-5.1,-1.6887,2.518,2.402,-0.0431,0.697
125.087,10,0.429,-5.215,-1.7042,2.452,2.359,-0.0525,0.698
125.136,10,0.406,-5.365,-1.7286,2.386,2.274,-0.0684,0.706
125.187,10,0.388,-5.466,-1.7485,2.331,2.233,-0.0724,0.72
125.236,10,0.367,-5.577,-1.7692,2.284,2.194,-0.0764,0.727
125.287,10,0.341,-5.692,-1.7989,2.222,2.155,-0.0801,0.754
125.337,10,0.323,-5.765,-1.8147,2.195,2.118,-0.0883,0.764
125.387,10,0.284,-5.904,-1.8562,2.14,2.048,-0.1215,0.798
125.436,10,0.263,-5.973,-1.873,2.117,2.015,-0.1211,0.811
125.486,10,0.228,-6.074,-1.9117,2.064,1.984,-0.1353,0.838
125.537,10,0.184,-6.185,-1.9571,2.016,1.955,-0.1452,0.869
125.587,10,0.148,-6.268,-1.9901,1.994,1.928,-0.1629,0.903
125.637,10,0.12,-6.326,-2.0187,1.968,1.928,-0.1461,0.928
125.687,10,0.048,-6.459,-2.086,1.933,1.88,-0.1687,0.942
125.737,10,0.005,-6.529,-2.1239,1.91,1.859,-0.2078,0.944
125.787,10,-0.035,-6.59,-2.1593,1.89,1.84,-0.2184,0.946
125.837,10,-0.11,-6.691,-2.2369,1.843,1.822,-0.2166,0.952
125.887,10,-0.169,-6.759,-2.2938,1.835,1.807,-0.2213,0.959
125.937,10,-0.212,-6.805,-2.3246,1.827,1.795,-0.2282,0.963
125.987,10,-0.286,-6.876,-2.3965,1.8,1.785,-0.2315,0.959
126.037,10,-0.365,-6.942,-2.4662,1.783,1.785,-0.2031,0.944
126.087,10,-0.424,-6.985,-2.5105,1.781,1.779,-0.2174,0.94
126.137,10,-0.486,-7.026,-2.5626,1.776,1.777,-0.2151,0.933
126.186,10,-0.576,-7.079,-2.6319,1.772,1.777,-0.215,0.927
126.237,10,-0.667,-7.124,-2.6988,1.771,1.777,-0.227,0.922
126.287,10,-0.745,-7.157,-2.7561,1.769,1.778,-0.2422,0.892
126.337,10,-0.829,-7.187,-2.8083,1.768,1.781,-0.2393,0.879
126.387,10,-0.907,-7.209,-2.8704,1.766,1.788,-0.2391,0.851
126.437,10,-0.995,-7.228,-2.9408,1.773,1.797,-0.2392,0.818
126.486,10,-1.084,-7.242,-3.0006,1.779,1.808,-0.2451,0.782
126.537,10,-1.17,-7.249,-3.0709,1.792,1.82,-0.2273,0.75
126.587,10,-1.246,-7.252,-3.1161,1.798,1.833,-0.2335,0.721
126.637,10,-1.359,-7.248,3.0865,1.815,1.847,-0.2297,0.696
126.687,10,-1.442,-7.24,3.0306,1.827,1.861,-0.2159,0.662
126.737,10,-1.527,-7.226,2.9736,1.842,1.877,-0.1795,0.649
126.787,10,-1.613,-7.208,2.9256,1.855,1.894,-0.1797,0.623
126.837,10,-1.72,-7.179,2.8584,1.882,1.894,-0.168,0.594
126.887,10,-1.802,-7.152,2.8126,1.894,1.913,-0.1695,0.579
126.937,10,-1.889,-7.118,2.769,1.904,1.934,-0.1681,0.572
126.987,10,-1.987,-7.075,2.7095,1.929,1.954,-0.1561,0.557
127.038,10,-2.066,-7.035,2.6611,1.952,1.975,-0.1581,0.551
127.087,10,-2.145,-6.99,2.622,1.97,1.975,-0.1444,0.549
127.137,10,-2.24,-6.93,2.5647,1.98,1.953,-0.1708,0.536
127.187,10,-2.314,-6.878,2.5238,1.968,1.93,-0.1693,0.53
127.237,10,-2.389,-6.82,2.4758,1.943,1.907,-0.1688,0.528
127.287,10,-2.457,-6.763,2.429,1.918,1.882,-0.1685,0.527
127.337,10,-2.531,-6.693,2.372,1.894,1.858,-0.1927,0.528
127.387,10,-2.597,-6.624,2.319,1.865,1.834,-0.2045,0.523
127.437,10,-2.652,-6.56,2.2668,1.841,1.812,-0.2041,0.521
127.487,10,-2.704,-6.491,2.2187,1.818,1.792,-0.2036,0.518
127.537,10,-2.764,-6.402,2.1475,1.805,1.774,-0.2035,0.497
127.587,10,-2.809,-6.326,2.0949,1.789,1.76,-0.2441,0.483
127.637,10,-2.848,-6.254,2.0478,1.77,1.75,-0.257,0.478
127.687,10,-2.882,-6.179,1.9982,1.756,1.746,-0.2511,0.475
127.736,10,-2.919,-6.082,1.916,1.741,1.746,-0.2508,0.476
127.787,10,-2.942,-6.006,1.8574,1.736,1.746,-0.2554,0.476
127.837,10,-2.961,-5.927,1.7965,1.736,1.746,-0.2143,0.475
127.887,10,-2.977,-5.837,1.7347,1.743,1.747,-0.2144,0.461
127.937,10,-2.987,-5.749,1.6745,1.745,1.752,-0.2166,0.448
127.987,10,-2.992,-5.666,1.6204,1.747,1.759,-0.217,0.442
128.037,10,-2.993,-5.582,1.5632,1.753,1.77,-0.1781,0.441
128.088,10,-2.989,-5.502,1.5136,1.769,1.784,-0.1663,0.44
128.137,10,-2.98,-5.41,1.4717,1.779,1.802,-0.1785,0.442
128.187,10,-2.966,-5.313,1.4141,1.79,1.823,-0.1666,0.43
128.237,10,-2.955,-5.256,1.3872,1.801,1.848,-0.1668,0.428
128.288,10,-2.93,-5.147,1.3354,1.823,1.874,-0.1674,0.425
128.336,10,-2.902,-5.051,1.277,1.854,1.903,-0.1473,0.426
128.387,10,-2.881,-4.986,1.247,1.875,1.934,-0.131,0.429
128.437,10,-2.839,-4.875,1.2013,1.915,1.966,-0.1313,0.444
128.487,10,-2.804,-4.792,1.1673,1.936,1.966,-0.1193,0.464
128.537,10,-2.756,-4.69,1.1297,1.968,1.998,-0.1042,0.48
128.586,10,-2.719,-4.618,1.0944,1.989,2.067,-0.0951,0.501
128.637,10,-2.66,-4.51,1.0573,2.042,2.102,-0.0808,0.514
128.687,10,-2.627,-4.453,1.042,2.063,2.136,-0.0751,0.517
128.737,10,-2.575,-4.369,1.0173,2.102,2.172,-0.0626,0.525
128.786,10,-2.495,-4.245,0.9876,2.153,2.21,-0.046,0.531
128.837,10,-2.449,-4.177,0.9766,2.171,2.248,-0.0393,0.531
128.887,10,-2.374,-4.07,0.9555,2.214,2.285,-0.021,0.536
128.937,10,-2.318,-3.992,0.9481,2.242,2.322,-0.0127,0.538
128.986,10,-2.241,-3.887,0.9378,2.284,2.358,-0.0,0.544
129.038,10,-2.205,-3.839,0.9351,2.291,2.394,0.0091,0.552
129.087,10,-2.132,-3.741,0.9331,2.353,2.429,0.0216,0.56
129.136,10,-2.066,-3.651,0.9331,2.372,2.463,0.0341,0.568
129.187,10,-1.984,-3.539,0.9419,2.433,2.531,0.0557,0.576
129.237,10,-1.894,-3.413,0.9565,2.472,2.565,0.073,0.583
129.287,10,-1.837,-3.33,0.9724,2.515,2.597,0.0776,0.59
129.338,10,-1.773,-3.232,0.991,2.547,2.597,0.1034,0.596
129.387,10,-1.71,-3.128,1.0214,2.584,2.579,0.1121,0.552
129.438,10,-1.645,-3.015,1.0514,2.607,2.566,0.1164,0.509
129.487,10,-1.589,-2.907,1.0922,2.596,2.558,0.1122,0.474
129.536,10,-1.506,-2.727,1.1618,2.575,2.555,0.1133,0.455
129.586,10,-1.46,-2.607,1.2093,2.564,2.555,0.1045,0.455
129.638,10,-1.425,-2.508,1.233,2.563,2.555,0.1083,0.443
129.687,10,-1.397,-2.42,1.2658,2.56,2.559,0.1164,0.404
129.739,10,-1.364,-2.297,1.3086,2.561,2.562,0.1078,0.361
129.787,10,-1.325,-2.124,1.3652,2.563,2.566,0.1034,0.34
129.838,10,-1.309,-2.029,1.3986,2.565,2.577,0.1078,0.328
129.888,10,-1.294,-1.927,1.4318,2.571,2.583,0.1007,0.32
129.937,10,-1.276,-1.742,1.4833,2.579,2.59,0.0991,0.316
129.988,10,-1.27,-1.644,1.5163,2.588,2.607,0.1036,0.317
130.037,10,-1.267,-1.484,1.5592,2.597,2.616,0.1034,0.313
130.097,10,-1.268,-1.403,1.589,2.608,2.625,0.0905,0.311
130.138,10,-1.27,-1.358,1.5992,2.61,2.625,0.0905,0.311
130.188,10,-1.284,-1.163,1.6443,2.62,2.655,0.1084,0.324
130.236,10,-1.304,-0.995,1.7058,2.636,2.666,0.078,0.341
130.287,10,-1.335,-0.815,1.7586,2.661,2.687,0.069,0.345
130.337,10,-1.358,-0.705,1.7832,2.675,2.7,0.0609,0.346
130.388,10,-1.387,-0.582,1.8043,2.691,2.714,0.0517,0.357
130.437,10,-1.423,-0.444,1.827,2.708,2.732,0.0522,0.376
130.487,10,-1.464,-0.299,1.8484,2.728,2.772,0.0517,0.392
130.537,10,-1.507,-0.16,1.8769,2.752,2.821,0.0435,0.411
130.586,10,-1.548,-0.036,1.8949,2.774,2.849,0.0302,0.421
130.637,10,-1.581,0.056,1.9052,2.804,2.878,0.0216,0.424
130.687,10,-1.642,0.227,1.9207,2.85,2.936,0.0129,0.43
130.737,10,-1.695,0.368,1.9298,2.895,2.965,0.0097,0.428
130.787,10,-1.745,0.499,1.9354,2.934,3.021,0.0,0.422
130.837,10,-1.78,0.59,1.9372,2.96,3.049,-0.0,0.42
130.887,10,-1.849,0.77,1.9376,3.014,3.077,-0.0043,0.414
130.937,10,-1.907,0.92,1.9365,3.052,3.131,-0.0129,0.413
130.987,10,-1.965,1.073,1.9329,3.092,3.171,-0.0221,0.414
131.037,10,-2.011,1.197,1.9258,3.134,3.139,-0.0219,0.414
131.087,10,-2.06,1.333,1.9157,3.147,3.073,-0.0227,0.419
131.136,10,-2.113,1.484,1.9053,3.134,3.007,-0.0216,0.425
131.187,10,-2.174,1.663,1.8943,3.093,2.973,-0.0216,0.424
131.237,10,-2.206,1.762,1.8882,3.058,2.939,-0.0216,0.424
131.287,10,-2.249,1.897,1.878,3.011,2.87,-0.0259,0.439
131.337,10,-2.304,2.076,1.8676,2.956,2.835,-0.0216,0.456
131.388,10,-2.342,2.204,1.8569,2.904,2.763,-0.0259,0.473
131.438,10,-2.38,2.336,1.8479,2.855,2.725,-0.0311,0.492
131.487,10,-2.425,2.501,1.836,2.783,2.687,-0.0302,0.509
131.537,10,-2.462,2.641,1.8192,2.725,2.609,-0.0345,0.53
131.587,10,-2.49,2.758,1.8056,2.657,2.526,-0.0474,0.542
131.637,10,-2.51,2.845,1.7963,2.625,2.485,-0.0531,0.548
131.686,10,-2.547,3.023,1.7692,2.543,2.444,-0.0517,0.569
131.737,10,-2.569,3.141,1.7507,2.491,2.404,-0.0577,0.581
131.787,10,-2.588,3.255,1.7308,2.438,2.327,-0.073,0.586
131.836,10,-2.606,3.376,1.7081,2.39,2.29,-0.077,0.588
131.887,10,-2.619,3.493,1.6909,2.357,2.254,-0.0896,0.588
131.937,10,-2.627,3.573,1.666,2.32,2.22,-0.0937,0.592
131.987,10,-2.637,3.719,1.628,2.268,2.186,-0.0931,0.606
132.037,10,-2.64,3.839,1.5896,2.211,2.125,-0.1222,0.614
132.087,10,-2.639,3.941,1.5545,2.164,2.097,-0.1385,0.622
132.137,10,-2.637,4.011,1.5328,2.144,2.071,-0.1465,0.625
132.187,10,-2.627,4.136,1.4869,2.11,2.071,-0.1337,0.628
132.237,10,-2.619,4.204,1.458,2.088,2.029,-0.1726,0.64
132.287,10,-2.593,4.363,1.3848,2.058,2.013,-0.1731,0.669
132.337,10,-2.573,4.454,1.339,2.029,2.001,-0.1702,0.684
132.386,10,-2.546,4.551,1.2925,2.013,1.993,-0.1854,0.699
132.437,10,-2.512,4.653,1.2313,1.993,1.989,-0.1821,0.719
132.487,10,-2.487,4.718,1.1984,1.986,1.989,-0.1817,0.731
132.537,10,-2.45,4.801,1.141,1.987,1.989,-0.1818,0.752
132.587,10,-2.393,4.912,1.0808,1.988,1.99,-0.199,0.768
132.637,10,-2.339,5.002,1.0185,1.983,1.991,-0.1941,0.783
132.687,10,-2.288,5.077,0.9628,1.985,1.994,-0.2113,0.786
132.737,10,-2.216,5.171,0.8941,1.982,1.996,-0.2114,0.794
132.787,10,-2.166,5.227,0.8542,1.982,2.0,-0.2218,0.808
132.837,10,-2.112,5.282,0.7902,1.987,2.003,-0.2092,0.819
132.886,10,-2.007,5.376,0.6979,1.994,2.003,-0.1942,0.821
132.937,10,-1.94,5.428,0.6502,1.995,1.999,-0.1942,0.821
132.987,10,-1.864,5.479,0.5939,1.994,1.995,-0.2097,0.822
133.037,10,-1.766,5.538,0.5221,1.989,1.992,-0.1942,0.827
133.088,10,-1.685,5.579,0.4606,1.987,1.989,-0.2066,0.835
133.139,10,-1.636,5.601,0.427,1.987,1.986,-0.211,0.834
133.187,10,-1.54,5.639,0.3806,1.984,1.984,-0.2224,0.822
133.237,10,-1.445,5.671,0.317,1.981,1.982,-0.2193,0.812
133.287,10,-1.323,5.701,0.2282,1.971,1.982,-0.2113,0.804
133.337,10,-1.255,5.713,0.1763,1.974,1.982,-0.1977,0.798
133.387,10,-1.144,5.726,0.0987,1.976,1.982,-0.1939,0.795
133.436,10,-1.014,5.731,0.0339,1.979,1.982,-0.1816,0.794
133.487,10,-0.923,5.73,-0.02,1.98,1.983,-0.1816,0.792
133.538,10,-0.829,5.723,-0.0788,1.98,1.988,-0.1749,0.786
133.587,10,-0.735,5.711,-0.1331,1.984,1.996,-0.1751,0.778
133.638,10,-0.627,5.691,-0.19,1.991,2.006,-0.1694,0.765
133.686,10,-0.536,5.669,-0.2421,1.999,2.021,-0.1819,0.755
133.737,10,-0.446,5.643,-0.291,2.01,2.007,-0.1821,0.747
133.786,10,-0.331,5.601,-0.3504,2.019,1.991,-0.1946,0.737
133.837,10,-0.277,5.579,-0.3951,2.016,1.974,-0.1875,0.725
133.888,10,-0.155,5.521,-0.4625,1.994,1.956,-0.1944,0.716
133.937,10,-0.1,5.49,-0.5035,1.979,1.937,-0.194,0.709
133.987,10,-0.001,5.43,-0.5609,1.961,1.937,-0.1814,0.705
134.037,10,0.058,5.389,-0.6039,1.946,1.9,-0.2114,0.704
134.087,10,0.146,5.321,-0.6699,1.928,1.884,-0.2069,0.706
134.138,10,0.207,5.269,-0.7092,1.911,1.869,-0.2298,0.71
134.187,10,0.273,5.205,-0.7671,1.889,1.856,-0.2294,0.694
134.238,10,0.34,5.134,-0.82,1.882,1.847,-0.2293,0.662
134.287,10,0.398,5.062,-0.8857,1.857,1.844,-0.2304,0.638
134.337,10,0.452,4.987,-0.9446,1.852,1.844,-0.1919,0.615
134.387,10,0.515,4.884,-1.036,1.837,1.842,-0.1949,0.582
134.437,10,0.561,4.797,-1.0924,1.843,1.842,-0.1674,0.558
134.487,10,0.596,4.72,-1.1397,1.845,1.842,-0.1674,0.539
134.537,10,0.624,4.652,-1.1837,1.846,1.846,-0.157,0.524
134.587,10,0.664,4.539,-1.2451,1.85,1.855,-0.1476,0.512
134.637,10,0.69,4.454,-1.286,1.858,1.868,-0.1308,0.504
134.687,10,0.712,4.367,-1.3245,1.871,1.886,-0.1186,0.487
134.737,10,0.731,4.277,-1.3607,1.885,1.909,-0.1188,0.466
134.787,10,0.749,4.176,-1.3991,1.912,1.936,-0.1108,0.452
134.837,10,0.762,4.086,-1.4301,1.932,1.967,-0.1078,0.44
134.887,10,0.774,3.979,-1.4696,1.968,2.001,-0.0825,0.428
134.937,10,0.78,3.91,-1.4872,1.987,2.038,-0.0744,0.426
134.987,10,0.787,3.785,-1.5167,2.028,2.078,-0.0662,0.423
135.038,10,0.79,3.692,-1.5405,2.066,2.119,-0.0499,0.423
135.087,10,0.792,3.572,-1.5598,2.112,2.158,-0.0461,0.426
135.137,10,0.791,3.472,-1.5773,2.147,2.197,-0.0293,0.429
135.187,10,0.791,3.422,-1.5821,2.158,2.235,-0.0313,0.429
135.237,10,0.787,3.281,-1.5904,2.192,2.31,-0.021,0.423
135.286,11,0.782,3.124,-1.609,2.256,2.346,-0.0084,0.419
135.337,11,0.777,3.012,-1.6136,2.308,2.382,-0.0052,0.417
135.387,11,0.773,2.913,-1.6159,2.342,2.417,-0.0,0.417
135.437,11,0.769,2.84,-1.6173,2.374,2.452,0.0,0.417
135.487,11,0.761,2.668,-1.6173,2.437,2.52,0.0,0.422
135.538,11,0.756,2.548,-1.6173,2.469,2.52,0.0,0.436
135.587,11,0.75,2.427,-1.6173,2.517,2.587,0.0051,0.45
135.637,11,0.747,2.354,-1.6173,2.527,2.619,0.0065,0.458
135.687,11,0.739,2.187,-1.6153,2.582,2.683,0.0043,0.48
135.737,11,0.732,2.027,-1.6132,2.629,2.714,0.0043,0.491
135.787,11,0.728,1.931,-1.6118,2.669,2.745,0.0043,0.486
135.837,11,0.724,1.815,-1.6104,2.701,2.776,0.0043,0.481
135.887,11,0.717,1.645,-1.608,2.759,2.836,0.0043,0.477
135.937,11,0.711,1.48,-1.6063,2.792,2.866,0.0043,0.472
135.987,11,0.708,1.373,-1.6046,2.827,2.924,0.0043,0.468
136.036,11,0.701,1.175,-1.602,2.893,2.953,0.006,0.462
136.087,11,0.697,1.038,-1.5994,2.926,3.01,0.005,0.459
136.139,11,0.696,0.994,-1.5988,2.935,3.01,0.0,0.459
136.189,11,0.692,0.821,-1.5971,2.973,3.066,0.0,0.455
136.237,11,0.687,0.613,-1.5942,3.027,3.12,0.0,0.452
136.287,11,0.682,0.434,-1.5942,3.086,3.174,0.0,0.446
136.337,11,0.68,0.329,-1.5942,3.112,3.201,0.0,0.445
136.387,11,0.675,0.133,-1.5942,3.166,3.253,0.0,0.441
136.438,11,0.673,0.021,-1.5942,3.193,3.279,0.0,0.437
136.487,11,0.668,-0.196,-1.5942,3.254,3.33,0.0,0.434
136.538,11,0.664,-0.346,-1.5942,3.28,3.355,0.0,0.434
136.587,11,0.66,-0.512,-1.5942,3.327,3.43,0.0,0.434
136.637,11,0.656,-0.704,-1.5942,3.377,3.455,-0.0,0.441
136.687,11,0.652,-0.854,-1.5942,3.415,3.503,-0.0,0.447
136.737,11,0.648,-1.047,-1.5942,3.464,3.551,-0.0,0.489
136.787,11,0.645,-1.159,-1.5942,3.483,3.575,-0.0,0.5
136.837,11,0.64,-1.377,-1.5942,3.533,3.622,-0.0045,0.505
136.887,11,0.636,-1.548,-1.5942,3.572,3.645,-0.0057,0.511
136.937,11,0.632,-1.732,-1.5968,3.613,3.691,-0.0063,0.513
136.987,11,0.626,-1.937,-1.5997,3.662,3.728,-0.0059,0.515
137.037,11,0.621,-2.091,-1.602,3.684,3.658,-0.0043,0.518
137.087,11,0.615,-2.273,-1.6058,3.699,3.586,-0.0057,0.521
137.137,11,0.608,-2.457,-1.6087,3.673,3.55,-0.0043,0.525
137.187,11,0.601,-2.641,-1.6116,3.61,3.476,-0.0,0.535
137.237,11,0.593,-2.823,-1.613,3.557,3.401,-0.0,0.553
137.287,11,0.586,-2.997,-1.613,3.489,3.325,-0.0058,0.572
137.338,11,0.579,-3.158,-1.6142,3.424,3.247,-0.0043,0.59
137.387,11,0.57,-3.34,-1.6168,3.357,3.207,-0.0043,0.607
137.437,11,0.561,-3.534,-1.6209,3.262,3.085,-0.0096,0.638
137.487,11,0.554,-3.666,-1.6241,3.214,3.043,-0.0087,0.652
137.538,11,0.545,-3.817,-1.6273,3.14,3.001,-0.0043,0.679
137.587,11,0.536,-3.983,-1.6299,3.064,2.914,-0.0102,0.706
137.638,11,0.528,-4.115,-1.6329,3.011,2.87,-0.0086,0.717
137.687,11,0.517,-4.271,-1.6367,2.932,2.779,-0.014,0.717
137.737,11,0.506,-4.438,-1.6417,2.858,2.684,-0.0172,0.703
137.786,11,0.496,-4.574,-1.6467,2.778,2.636,-0.0216,0.699
137.838,11,0.485,-4.704,-1.6543,2.708,2.587,-0.028,0.691
137.887,11,0.474,-4.832,-1.6627,2.655,2.493,-0.0402,0.69
137.937,11,0.462,-4.949,-1.6728,2.598,2.447,-0.0431,0.694
137.987,11,0.449,-5.067,-1.6857,2.534,2.402,-0.0431,0.697
138.037,11,0.428,-5.222,-1.7069,2.439,2.316,-0.065,0.697
138.087,11,0.411,-5.335,-1.7262,2.387,2.274,-0.0703,0.703
138.136,11,0.392,-5.447,-1.7448,2.338,2.233,-0.0724,0.71
138.187,11,0.376,-5.53,-1.7601,2.306,2.194,-0.0764,0.725
138.237,11,0.345,-5.673,-1.7905,2.238,2.155,-0.095,0.751
138.287,11,0.326,-5.751,-1.8098,2.211,2.118,-0.0945,0.761
138.337,11,0.295,-5.866,-1.8403,2.175,2.082,-0.1025,0.783
138.387,11,0.262,-5.973,-1.8737,2.111,2.015,-0.1211,0.807
138.437,11,0.228,-6.072,-1.9075,2.075,1.984,-0.1382,0.834
138.486,11,0.183,-6.186,-1.9589,2.012,1.955,-0.158,0.865
138.536,11,0.145,-6.272,-1.9972,1.976,1.928,-0.1571,0.916
138.587,11,0.109,-6.346,-2.0252,1.962,1.928,-0.1444,0.926
138.637,11,0.071,-6.416,-2.0675,1.943,1.88,-0.1688,0.936
138.687,11,0.035,-6.479,-2.0943,1.934,1.88,-0.1563,0.94
138.737,11,-0.038,-6.59,-2.1649,1.89,1.859,-0.1805,0.944
138.787,11,-0.085,-6.653,-2.207,1.883,1.84,-0.1927,0.946
138.837,11,-0.163,-6.75,-2.2771,1.838,1.807,-0.2289,0.956
138.887,11,-0.209,-6.8,-2.3191,1.82,1.807,-0.2059,0.96
138.937,11,-0.289,-6.878,-2.3955,1.806,1.795,-0.2034,0.955
138.987,11,-0.349,-6.929,-2.4459,1.798,1.785,-0.2033,0.95
139.037,11,-0.43,-6.99,-2.5109,1.778,1.779,-0.2152,0.938
139.087,11,-0.5,-7.037,-2.5644,1.775,1.777,-0.2271,0.935
139.137,11,-0.564,-7.074,-2.618,1.77,1.777,-0.2316,0.929
139.187,11,-0.655,-7.121,-2.6912,1.768,1.777,-0.2409,0.923
139.237,11,-0.733,-7.154,-2.7465,1.767,1.778,-0.2425,0.897
139.287,11,-0.812,-7.183,-2.8043,1.766,1.781,-0.2391,0.882
139.338,11,-0.903,-7.209,-2.8797,1.77,1.788,-0.2408,0.838
139.386,11,-0.989,-7.228,-2.9379,1.773,1.797,-0.2428,0.821
139.437,11,-1.062,-7.239,-2.9915,1.781,1.808,-0.2438,0.786
139.487,11,-1.156,-7.249,-3.0597,1.787,1.82,-0.2328,0.754
139.537,11,-1.254,-7.252,-3.1289,1.805,1.833,-0.2276,0.71
139.587,11,-1.315,-7.25,3.1217,1.812,1.833,-0.2035,0.698
139.638,11,-1.408,-7.244,3.0562,1.827,1.847,-0.1915,0.676
139.686,11,-1.512,-7.229,2.9869,1.839,1.861,-0.1927,0.654
139.736,11,-1.623,-7.207,2.9208,1.856,1.877,-0.1725,0.618
139.786,11,-1.711,-7.183,2.8723,1.875,1.894,-0.1738,0.609
139.837,11,-1.794,-7.157,2.8264,1.891,1.913,-0.1813,0.585
139.889,11,-1.875,-7.127,2.7767,1.908,1.934,-0.1717,0.578
139.937,11,-1.968,-7.087,2.7277,1.923,1.954,-0.1684,0.562
139.987,11,-2.052,-7.046,2.6797,1.945,1.975,-0.1563,0.559
140.038,11,-2.141,-6.997,2.6256,1.967,1.975,-0.1566,0.552
140.087,11,-2.223,-6.947,2.5818,1.977,1.953,-0.1873,0.547
140.137,11,-2.298,-6.896,2.5381,1.962,1.93,-0.1853,0.539
140.187,11,-2.384,-6.83,2.4769,1.937,1.907,-0.1687,0.531
140.237,11,-2.445,-6.778,2.4262,1.924,1.882,-0.1718,0.53
140.286,11,-2.531,-6.696,2.3626,1.892,1.858,-0.1804,0.531
140.337,11,-2.585,-6.639,2.3229,1.869,1.834,-0.1923,0.528
140.388,11,-2.64,-6.575,2.2728,1.841,1.812,-0.2081,0.521
140.437,11,-2.687,-6.514,2.2204,1.821,1.792,-0.2053,0.518
140.487,11,-2.751,-6.42,2.155,1.809,1.774,-0.2036,0.513
140.537,11,-2.785,-6.364,2.1123,1.797,1.76,-0.2277,0.497
140.586,11,-2.839,-6.264,2.0495,1.773,1.75,-0.2395,0.486
140.637,11,-2.878,-6.177,1.978,1.749,1.746,-0.2449,0.482
140.686,11,-2.909,-6.096,1.9164,1.741,1.746,-0.2447,0.482
140.737,11,-2.932,-6.02,1.8581,1.738,1.746,-0.2144,0.478
140.787,11,-2.946,-5.964,1.8198,1.74,1.746,-0.2185,0.469
140.837,11,-2.969,-5.847,1.7394,1.743,1.747,-0.2175,0.451
140.887,11,-2.977,-5.788,1.7053,1.743,1.752,-0.2174,0.446
140.937,11,-2.985,-5.671,1.6198,1.747,1.759,-0.2024,0.438
140.986,11,-2.986,-5.582,1.5607,1.758,1.77,-0.1661,0.434
141.037,11,-2.982,-5.501,1.5161,1.773,1.784,-0.1799,0.433
141.086,11,-2.974,-5.412,1.4749,1.777,1.802,-0.1786,0.434
141.137,11,-2.962,-5.326,1.4244,1.794,1.823,-0.1811,0.426
141.187,11,-2.946,-5.239,1.3815,1.807,1.848,-0.1811,0.421
141.237,11,-2.928,-5.158,1.3426,1.823,1.848,-0.1581,0.42
141.287,11,-2.901,-5.062,1.2927,1.85,1.874,-0.1307,0.421
141.337,11,-2.871,-4.971,1.2477,1.874,1.934,-0.1431,0.424
141.387,11,-2.843,-4.893,1.2203,1.893,1.934,-0.131,0.438
141.437,11,-2.802,-4.796,1.169,1.934,1.966,-0.1192,0.468
141.486,11,-2.76,-4.705,1.1285,1.967,1.998,-0.1042,0.484
141.537,11,-2.728,-4.641,1.1073,1.986,2.032,-0.0909,0.495
141.587,11,-2.689,-4.567,1.0824,2.007,2.067,-0.0869,0.513
141.637,11,-2.61,-4.43,1.0322,2.073,2.136,-0.0725,0.52
141.687,11,-2.572,-4.37,1.0173,2.097,2.172,-0.0584,0.528
141.737,11,-2.507,-4.269,0.9951,2.135,2.172,-0.0502,0.534
141.787,11,-2.448,-4.181,0.974,2.17,2.248,-0.0379,0.534
141.837,11,-2.386,-4.093,0.9607,2.2,2.285,-0.021,0.537
141.887,11,-2.322,-4.004,0.9502,2.246,2.322,-0.0145,0.541
141.937,11,-2.249,-3.902,0.9414,2.293,2.358,-0.0,0.547
141.987,11,-2.184,-3.814,0.9385,2.321,2.394,0.0086,0.554
142.036,11,-2.099,-3.698,0.9398,2.391,2.463,0.0302,0.565
142.087,11,-2.032,-3.606,0.9469,2.435,2.498,0.0388,0.573
142.139,11,-1.983,-3.537,0.9529,2.458,2.498,0.0359,0.576
142.187,11,-1.912,-3.435,0.9653,2.492,2.565,0.0645,0.582
142.238,11,-1.827,-3.308,0.9848,2.522,2.597,0.069,0.587
142.287,11,-1.762,-3.206,1.0083,2.571,2.597,0.0911,0.592
142.337,11,-1.69,-3.086,1.0407,2.606,2.579,0.1011,0.561
142.388,11,-1.632,-2.981,1.0706,2.607,2.566,0.0991,0.517
142.437,11,-1.568,-2.854,1.1145,2.585,2.555,0.1177,0.478
142.487,11,-1.513,-2.735,1.1505,2.57,2.555,0.125,0.454
142.536,11,-1.462,-2.607,1.2047,2.559,2.555,0.1053,0.457
142.587,11,-1.43,-2.515,1.2306,2.559,2.555,0.1093,0.444
142.637,11,-1.397,-2.412,1.2747,2.56,2.559,0.1096,0.404
142.687,11,-1.357,-2.262,1.3242,2.562,2.562,0.0948,0.362
142.737,11,-1.325,-2.114,1.3721,2.567,2.566,0.0957,0.334
142.787,11,-1.305,-1.997,1.4086,2.571,2.577,0.1078,0.323
142.836,11,-1.288,-1.87,1.444,2.574,2.583,0.0991,0.32
142.887,11,-1.278,-1.772,1.4741,2.58,2.59,0.0905,0.316
142.937,11,-1.268,-1.615,1.5213,2.59,2.607,0.1034,0.318
142.987,11,-1.266,-1.53,1.5416,2.594,2.616,0.1093,0.315
143.037,11,-1.268,-1.342,1.6004,2.612,2.625,0.1001,0.314
143.087,11,-1.274,-1.24,1.6302,2.619,2.645,0.0991,0.318
143.137,11,-1.288,-1.088,1.676,2.637,2.655,0.0948,0.34
143.187,11,-1.299,-0.997,1.6988,2.645,2.666,0.0862,0.345
143.237,11,-1.328,-0.821,1.7514,2.663,2.687,0.0776,0.351
143.287,11,-1.355,-0.695,1.7845,2.68,2.7,0.0647,0.353
143.337,11,-1.375,-0.609,1.8012,2.689,2.714,0.056,0.362
143.386,11,-1.419,-0.439,1.8326,2.706,2.751,0.056,0.381
143.437,11,-1.459,-0.3,1.8584,2.732,2.772,0.0474,0.403
143.487,11,-1.498,-0.177,1.8779,2.755,2.796,0.0405,0.415
143.536,11,-1.542,-0.045,1.8952,2.776,2.849,0.0345,0.42
143.587,11,-1.582,0.071,1.9104,2.81,2.878,0.0234,0.427
143.637,11,-1.64,0.229,1.925,2.868,2.936,0.0129,0.435
143.687,11,-1.686,0.351,1.9312,2.904,2.965,0.0104,0.433
143.737,11,-1.741,0.496,1.9368,2.938,3.021,0.0,0.424
143.786,11,-1.794,0.632,1.9389,2.982,3.049,-0.0,0.421
143.837,11,-1.846,0.767,1.9389,3.014,3.077,-0.0043,0.416
143.887,11,-1.899,0.904,1.9375,3.055,3.131,-0.0143,0.414
143.936,11,-1.956,1.054,1.9343,3.087,3.158,-0.0177,0.415
143.987,11,-2.01,1.201,1.9259,3.136,3.139,-0.0172,0.415
144.037,11,-2.06,1.337,1.9171,3.148,3.106,-0.0172,0.419
144.088,11,-2.117,1.499,1.9057,3.128,3.04,-0.0172,0.425
144.137,11,-2.154,1.605,1.8991,3.1,2.973,-0.0216,0.423
144.187,11,-2.219,1.802,1.8868,3.039,2.939,-0.0216,0.429
144.236,11,-2.265,1.946,1.8769,2.993,2.87,-0.0259,0.438
144.287,11,-2.308,2.087,1.8655,2.935,2.835,-0.0216,0.464
144.337,11,-2.346,2.215,1.8562,2.894,2.763,-0.0306,0.473
144.386,11,-2.374,2.314,1.8488,2.853,2.725,-0.0307,0.492
144.437,11,-2.421,2.484,1.834,2.788,2.648,-0.0345,0.508
144.487,11,-2.452,2.603,1.8225,2.735,2.609,-0.0396,0.523
144.537,11,-2.489,2.755,1.8066,2.673,2.568,-0.0388,0.536
144.587,11,-2.52,2.89,1.7873,2.607,2.485,-0.0488,0.552
144.637,11,-2.541,2.991,1.7756,2.57,2.444,-0.0568,0.561
144.687,11,-2.567,3.129,1.7519,2.484,2.404,-0.0517,0.581
144.736,11,-2.587,3.247,1.7324,2.44,2.365,-0.0601,0.584
144.787,11,-2.603,3.359,1.7121,2.399,2.29,-0.077,0.588
144.837,11,-2.62,3.493,1.6833,2.344,2.254,-0.0852,0.588
144.887,11,-2.63,3.596,1.6609,2.305,2.22,-0.0935,0.591
144.936,11,-2.638,3.719,1.6321,2.261,2.186,-0.0973,0.599
144.986,11,-2.642,3.827,1.5959,2.211,2.155,-0.1145,0.615
145.037,11,-2.642,3.93,1.5627,2.176,2.125,-0.1218,0.62
145.086,11,-2.637,4.054,1.5173,2.139,2.071,-0.1607,0.627
145.137,11,-2.629,4.149,1.482,2.105,2.049,-0.1588,0.635
145.187,11,-2.621,4.219,1.4537,2.083,2.029,-0.174,0.642
145.236,11,-2.597,4.363,1.3794,2.041,2.013,-0.1578,0.662
145.287,11,-2.579,4.442,1.3446,2.033,2.001,-0.1701,0.68
145.338,11,-2.55,4.547,1.2907,2.012,1.993,-0.1699,0.7
145.387,11,-2.52,4.64,1.2483,2.001,1.989,-0.1821,0.709
145.437,11,-2.488,4.723,1.1969,1.987,1.989,-0.1982,0.733
145.487,11,-2.447,4.815,1.1391,1.98,1.989,-0.1943,0.754
145.537,11,-2.392,4.918,1.0626,1.985,1.99,-0.1954,0.777
145.586,11,-2.342,5.0,1.0096,1.987,1.991,-0.1964,0.785
145.636,11,-2.284,5.083,0.9502,1.984,1.994,-0.1987,0.787
145.687,11,-2.242,5.138,0.9121,1.985,1.996,-0.1941,0.795
145.737,11,-2.182,5.209,0.8546,1.99,2.0,-0.209,0.806
145.787,11,-2.1,5.293,0.7972,1.987,2.003,-0.219,0.818
145.837,11,-2.025,5.361,0.725,1.994,2.003,-0.2066,0.821
145.887,11,-1.956,5.416,0.6656,1.992,1.999,-0.2066,0.821
145.936,11,-1.851,5.488,0.579,1.993,1.995,-0.2094,0.825
145.987,11,-1.795,5.522,0.5428,1.988,1.992,-0.2102,0.827
146.037,11,-1.679,5.582,0.4553,1.986,1.989,-0.1941,0.838
146.087,11,-1.596,5.618,0.3953,1.985,1.986,-0.2066,0.828
146.137,11,-1.52,5.646,0.3497,1.978,1.984,-0.194,0.822
146.187,11,-1.409,5.68,0.28,1.981,1.982,-0.194,0.807
146.237,11,-1.321,5.701,0.2244,1.98,1.982,-0.1941,0.804
146.287,11,-1.232,5.717,0.1683,1.977,1.982,-0.194,0.799
146.337,11,-1.116,5.73,0.0997,1.979,1.981,-0.1956,0.796
146.387,11,-1.01,5.735,0.0315,1.978,1.983,-0.2125,0.798
146.437,11,-0.933,5.735,-0.0007,1.979,1.983,-0.1996,0.799
146.487,11,-0.821,5.728,-0.0718,1.979,1.988,-0.1816,0.793
146.537,11,-0.721,5.716,-0.1377,1.982,2.006,-0.2091,0.781
146.587,11,-0.639,5.701,-0.183,1.987,2.006,-0.1817,0.774
146.636,11,-0.577,5.687,-0.2228,1.997,2.018,-0.1695,0.762
146.687,11,-0.452,5.652,-0.29,2.012,2.007,-0.1975,0.754
146.737,11,-0.372,5.624,-0.3303,2.018,1.991,-0.1947,0.744
146.787,11,-0.252,5.574,-0.4076,2.009,1.991,-0.1697,0.73
146.837,11,-0.175,5.536,-0.4553,1.999,1.974,-0.1743,0.72
146.887,11,-0.111,5.501,-0.4977,1.994,1.937,-0.2097,0.712
146.937,11,-0.025,5.449,-0.5459,1.978,1.918,-0.2064,0.708
146.987,11,0.069,5.383,-0.6201,1.942,1.9,-0.1934,0.706
147.037,11,0.167,5.304,-0.7022,1.913,1.884,-0.1982,0.707
147.086,11,0.23,5.246,-0.7361,1.905,1.884,-0.1829,0.708
147.136,11,0.3,5.175,-0.8048,1.889,1.856,-0.2219,0.7
147.187,11,0.352,5.117,-0.8366,1.886,1.856,-0.2081,0.666
147.237,11,0.392,5.068,-0.8882,1.862,1.847,-0.1921,0.64
147.286,11,0.446,4.995,-0.9329,1.855,1.844,-0.2072,0.619
147.337,11,0.521,4.875,-1.0337,1.841,1.842,-0.2041,0.579
147.387,11,0.562,4.8,-1.0903,1.841,1.842,-0.2043,0.556
147.437,11,0.59,4.742,-1.1205,1.843,1.842,-0.1673,0.547
147.487,11,0.636,4.631,-1.1883,1.847,1.846,-0.1551,0.53
147.537,11,0.667,4.543,-1.2404,1.851,1.855,-0.1588,0.514
147.587,11,0.687,4.481,-1.2653,1.852,1.868,-0.1566,0.51
147.637,11,0.716,4.374,-1.3146,1.86,1.886,-0.1308,0.496
147.687,11,0.735,4.287,-1.3579,1.882,1.909,-0.1187,0.474
147.737,11,0.752,4.19,-1.3975,1.906,1.936,-0.1108,0.456
147.787,11,0.766,4.091,-1.4301,1.933,1.967,-0.1126,0.444
147.837,11,0.776,4.002,-1.461,1.948,2.001,-0.0947,0.435
147.887,11,0.784,3.892,-1.5,1.98,2.038,-0.0743,0.427
147.937,11,0.789,3.789,-1.5292,2.023,2.078,-0.0538,0.425
147.987,11,0.791,3.708,-1.5428,2.042,2.119,-0.0457,0.425
148.039,11,0.792,3.594,-1.5635,2.08,2.158,-0.0392,0.426
148.087,11,0.792,3.471,-1.579,2.147,2.197,-0.0293,0.43
148.136,11,0.79,3.4,-1.589,2.18,2.235,-0.0228,0.427
148.187,11,0.786,3.249,-1.6033,2.232,2.31,-0.0126,0.42
148.237,11,0.782,3.159,-1.6076,2.257,2.31,-0.0084,0.418
